name,price,speed,modules,price_per_gb,color,first_word_latency,cas_latency
Corsair Vengeance RGB 32 GB,1899.8,"5,6000","2,16",2.968,Black,12.0,36.0
G.Skill Flare X5 32 GB,1799.8,"5,6000","2,16",2.812,Black,12.0,36.0
Corsair Vengeance LPX 16 GB,919.8,"4,3200","2,8",2.874,Black / Yellow,10.0,16.0
Corsair Vengeance 32 GB,2599.8,"5,6000","2,16",4.062,Black / Gray,10.0,30.0
TEAMGROUP T-Create Expert 32 GB,1979.8,"5,6000","2,16",3.093,Black,10.0,30.0
Corsair Vengeance LPX 32 GB,1559.6,"4,3600","2,16",2.437,Black / Yellow,10.0,18.0
Crucial Pro Overclocking 32 GB,1699.8,"5,6000","2,16",2.656,Black,12.0,36.0
G.Skill Trident Z5 RGB 64 GB,4699.8,"5,6400","2,32",3.672,Black / Silver,10.0,32.0
Corsair Vengeance RGB 64 GB,4599.8,"5,6000","2,32",3.594,Black,10.0,30.0
TEAMGROUP T-Force Delta RGB 32 GB,2119.79,"5,6000","2,16",3.312,White,10.0,30.0
G.Skill Trident Z5 Neo RGB 32 GB,2399.79,"5,6000","2,16",3.75,Black,10.0,30.0
Patriot Viper Venom 32 GB,1719.8,"5,6000","2,16",2.687,Black / White,10.0,30.0
Corsair Vengeance RGB Pro 32 GB,2300.0,"4,3600","2,16",3.594,Black,10.0,18.0
TEAMGROUP T-Force Delta RGB 32 GB,2119.79,"5,6000","2,16",3.312,Black,10.0,30.0
Corsair Vengeance RGB 32 GB,1919.8,"5,6000","2,16",3.0,White / Silver,12.0,36.0
Silicon Power GAMING 16 GB,659.4,"4,3200","2,8",2.061,Black / Gray,10.0,16.0
TEAMGROUP T-Force Vulcan Z 16 GB,779.8,"4,3200","2,8",2.437,Black,10.0,16.0
Corsair Vengeance LPX 32 GB,1439.6,"4,3200","2,16",2.249,Black / Yellow,10.0,16.0
Kingston FURY Beast 32 GB,2459.79,"5,6000","2,16",3.843,Black,10.0,30.0
G.Skill Trident Z5 Neo RGB 64 GB,4159.8,"5,6000","2,32",3.25,Black / Silver,10.0,30.0
G.Skill Ripjaws V 32 GB,1439.6,"4,3200","2,16",2.249,Black,10.0,16.0
TEAMGROUP T-Create Expert 32 GB,1979.8,"5,6000","2,16",3.093,White,10.0,30.0
G.Skill Flare X5 32 GB,2199.79,"5,6000","2,16",3.437,Black,10.0,30.0
Kingston FURY Beast 16 GB,1258.59,"5,5200","2,8",3.933,Black,15.385,40.0
Corsair Vengeance RGB Pro 16 GB,1099.8,"4,3200","2,8",3.437,Black,10.0,16.0
Silicon Power Value Gaming 32 GB,1819.4,"5,6000","2,16",2.843,Black,10.0,30.0
Corsair Vengeance 64 GB,3125.6,"5,5200","2,32",2.442,Black,15.385,40.0
G.Skill Flare X5 64 GB,3879.6,"5,6000","2,32",3.031,Black,10.0,30.0
TEAMGROUP T-Force Vulcan 32 GB,1939.8,"5,6000","2,16",3.031,Black,10.0,30.0
Silicon Power GAMING 32 GB,1219.8,"4,3200","2,16",1.906,Black,10.0,16.0
Corsair Vengeance RGB 32 GB,2499.79,"5,6000","2,16",3.906,Gray,10.0,30.0
Patriot Viper Venom 32 GB,1539.8,"5,6000","2,16",2.406,Black / White,12.0,36.0
Corsair Dominator Titanium 64 GB,5728.8,"5,6600","2,32",4.476,White,9.697,32.0
G.Skill Ripjaws V 64 GB,27038.0,"4,3200","4,16",21.123,Black,8.75,14.0
Crucial Pro Overclocking 32 GB,1799.8,"5,6000","2,16",2.812,White,12.0,36.0
G.Skill Trident Z5 Royal Neo RGB 32 GB,2999.8,"5,6000","2,16",4.687,Silver,9.333,28.0
Corsair Vengeance 64 GB,3999.8,"5,6000","2,32",3.125,Black / Gray,10.0,30.0
G.Skill Trident Z RGB 32 GB,1659.8,"4,3600","2,16",2.593,Black,10.0,18.0
Kingston FURY Beast 16 GB,1572.2,"4,3200","2,8",4.913,Black,10.0,16.0
G.Skill Ripjaws V 16 GB,919.8,"4,3200","2,8",2.874,Black,10.0,16.0
Crucial Classic 16 GB,879.8,"5,5600","2,8",2.749,Black,16.429,46.0
Silicon Power XPOWER Zenith Gaming 32 GB,1739.8,"5,6000","2,16",2.718,White,10.0,30.0
Corsair Vengeance RGB 32 GB,1899.8,"5,6400","2,16",2.968,Black,11.25,36.0
G.Skill Ripjaws S5 32 GB,2199.79,"5,6000","2,16",3.437,Black,10.0,30.0
Corsair Vengeance LPX 64 GB,3099.8,"4,3200","2,32",2.422,Black / Yellow,10.0,16.0
Crucial Pro 32 GB,1659.8,"5,5600","2,16",2.593,Black,16.429,46.0
Kingston FURY Beast RGB 32 GB,2699.8,"5,6000","2,16",4.218,Black,10.0,30.0
Corsair Dominator Titanium 64 GB,6124.6,"5,6600","2,32",4.785,Black,9.697,32.0
Crucial Pro 32 GB,1579.6,"4,3200","2,16",2.468,Black,13.75,22.0
Patriot Venom 64 GB,3159.8,"5,6000","2,32",2.469,Black,10.0,30.0
Crucial Pro 64 GB,2799.8,"5,5600","2,32",2.187,Black,16.429,46.0
Corsair Vengeance 32 GB,2199.79,"5,6000","2,16",3.437,Black,12.0,36.0
Corsair Vengeance RGB 192 GB,12299.8,"5,5200","4,48",3.203,Black,14.615,38.0
G.Skill Ripjaws V 16 GB,999.8,"4,3600","2,8",3.124,Black,8.889,16.0
Silicon Power XPOWER Zenith Gaming 32 GB,1739.8,"5,6000","2,16",2.718,Black,10.0,30.0
TEAMGROUP T-Force Delta RGB 16 GB,1019.8,"4,3600","2,8",3.187,White,10.0,18.0
Kingston FURY Beast 32 GB,2316.19,"4,3200","2,16",3.619,Black,10.0,16.0
Kingston FURY Beast 64 GB,4679.8,"5,6000","2,32",3.656,Black,10.0,30.0
G.Skill Trident Z5 RGB 48 GB,5199.8,"5,8400","2,24",5.416,Black,9.524,40.0
Patriot Viper Venom 64 GB,3799.8,"5,6400","2,32",2.969,Black / White,10.0,32.0
G.Skill Trident Z5 RGB 32 GB,2339.79,"5,6400","2,16",3.656,Black,10.0,32.0
Corsair Vengeance 32 GB,2299.79,"5,6000","2,16",3.593,Black / Silver,10.0,30.0
Timetec PINNACLE Konduit 16 GB,639.79,"4,3200","2,8",1.999,Black,10.0,16.0
Corsair Dominator Titanium 32 GB,3619.8,"5,6000","2,16",5.656,White,10.0,30.0
Patriot Viper Steel 32 GB,1199.8,"4,3200","2,16",1.875,Silver / Black,10.0,16.0
G.Skill Flare X5 64 GB,4699.8,"5,6000","2,32",3.672,Black,9.333,28.0
Corsair Vengeance 16 GB,1299.6,"5,5200","2,8",4.061,Black,15.385,40.0
G.Skill Ripjaws S5 64 GB,3099.8,"5,6000","2,32",2.422,Black,12.0,36.0
Crucial CP2K64G56C46U5 128 GB,5999.8,"5,5600","2,64",2.344,Black,16.429,46.0
Timetec PINNACLE Konduit 32 GB,,"4,3600","2,16",,White,10.0,18.0
TEAMGROUP T-Create Expert 32 GB,1759.8,"5,6000","2,16",2.75,Black,12.667,38.0
Patriot Viper Venom 32 GB,1759.8,"5,6400","2,16",2.75,Black / White,10.0,32.0
G.Skill Flare X5 32 GB,2559.79,"5,6000","2,16",4.0,Black,9.333,28.0
Crucial Pro 32 GB,1639.8,"5,6400","2,16",2.562,Black,11.875,38.0
Corsair Vengeance RGB 128 GB,11039.8,"5,5600","4,32",4.312,Black,14.286,40.0
Corsair Vengeance RGB Pro SL 32 GB,2199.79,"4,3600","2,16",3.437,White / Black,10.0,18.0
Corsair Dominator Titanium 96 GB,8499.79,"5,6600","2,48",4.427,Black,9.697,32.0
Corsair Vengeance 64 GB,4599.8,"5,6400","2,32",3.594,Black / Gray,10.0,32.0
Kingston FURY Beast 16 GB,1359.6,"5,6000","2,8",4.249,Black,10.0,30.0
TEAMGROUP T-Create Classic 32 GB,1499.8,"5,5600","2,16",2.343,Black,16.429,46.0
Corsair Vengeance 32 GB,1739.8,"5,6000","2,16",2.718,Black,12.0,36.0
Patriot Viper Elite 5 RGB 32 GB,2059.79,"5,6000","2,16",3.218,White,10.0,30.0
TEAMGROUP T-Force Delta RGB 64 GB,3699.8,"5,6000","2,32",2.89,White,12.667,38.0
Corsair Vengeance RGB 64 GB,5199.8,"5,6000","2,32",4.062,White / Silver,10.0,30.0
G.Skill Trident Z5 Royal 32 GB,3099.8,"5,6400","2,16",4.843,White,9.375,30.0
Kingston FURY Beast 32 GB,2132.6,"5,5600","2,16",3.332,Black,12.857,36.0
Corsair Vengeance RGB 32 GB,1939.8,"5,5200","2,16",3.031,White,15.385,40.0
TEAMGROUP T-Force Vulcan Z 32 GB,1320.6,"4,3200","2,16",2.063,Gray,10.0,16.0
G.Skill Ripjaws V 32 GB,1799.8,"4,3600","2,16",2.812,Black,8.889,16.0
Lexar THOR 16 GB,,"4,3200","2,8",,Black,10.0,16.0
TEAMGROUP T-Force Delta RGB 16 GB,1019.8,"4,3600","2,8",3.187,Black,10.0,18.0
G.Skill Trident Z RGB 16 GB,1099.8,"4,3600","2,8",3.437,Black,10.0,18.0
Kingston FURY Beast RGB 32 GB,2823.8,"5,6000","2,16",4.412,White,10.0,30.0
Corsair Vengeance 128 GB,7459.8,"5,6400","2,64",2.914,Black,13.125,42.0
Corsair Vengeance RGB 16 GB,1359.6,"5,5200","2,8",4.249,Black / Gray,15.385,40.0
Crucial CT2K8G48C40U5 16 GB,839.8,"5,4800","2,8",2.624,Black,16.667,40.0
G.Skill Trident Z5 Neo 64 GB,4099.8,"5,6000","2,32",3.203,Black / Silver,10.0,30.0
Silicon Power XPOWER Pulse Gaming 32 GB,1599.4,"5,6000","2,16",2.499,Black,12.0,36.0
Corsair Vengeance RGB 32 GB,2959.8,"5,6000","2,16",4.625,Black,9.333,28.0
Silicon Power SP016GLLTU160N22 16 GB,339.0,"3,1600","2,8",1.059,Green,13.75,11.0
PNY XLR8 Gaming RGB 32 GB,1899.8,"5,6000","2,16",2.968,Black,12.0,36.0
G.Skill Trident Z5 RGB 32 GB,2799.8,"5,7200","2,16",4.375,Black,9.444,34.0
Kingston FURY Beast 8 GB,597.79,"4,3200","1,8",3.736,Black,10.0,16.0
G.Skill Trident Z5 Neo RGB 64 GB,,"5,6000","2,32",,Black,8.667,26.0
Corsair Vengeance 32 GB,1939.8,"5,5200","2,16",3.031,Black,15.385,40.0
TEAMGROUP T-Create Expert 32 GB,1259.8,"4,3200","2,16",1.968,Gray,10.0,16.0
Silicon Power XPOWER Pulse Gaming 32 GB,1699.8,"5,6400","2,16",2.656,Black,10.0,32.0
Corsair Dominator Titanium 96 GB,8559.79,"5,7000","2,48",4.458,Black,11.429,40.0
Corsair Vengeance LPX 16 GB,1839.8,"4,3600","2,8",5.749,Black,10.0,18.0
Lexar THOR 32 GB,,"4,3200","2,16",,Black,10.0,16.0
Corsair Vengeance RGB Pro 16 GB,1958.19,"4,3200","2,8",6.119,White,10.0,16.0
Patriot Viper Venom 16 GB,1059.8,"5,5200","2,8",3.312,Black / White,13.846,36.0
G.Skill Trident Z5 Royal 64 GB,5199.8,"5,6400","2,32",4.062,Silver,10.0,32.0
Crucial Pro 64 GB,2519.79,"4,3200","2,32",1.969,Black / Green,13.75,22.0
Corsair Dominator Titanium 96 GB,8399.79,"5,6600","2,48",4.375,White,9.697,32.0
ADATA XPG Lancer Blade RGB 32 GB,2699.8,"5,6000","2,16",4.218,Black,10.0,30.0
Corsair Vengeance RGB 128 GB,7799.8,"5,6400","2,64",,Black,13.125,42.0
Corsair Vengeance RGB 32 GB,2899.8,"5,6000","2,16",4.531,White / Silver,10.0,30.0
Patriot Signature Line 32 GB,1439.6,"5,4800","2,16",2.249,Black,16.667,40.0
Crucial CT2K16G48C40U5 32 GB,1479.6,"5,4800","2,16",2.312,Black,16.667,40.0
G.Skill Trident Z5 Neo RGB 96 GB,8299.79,"5,6000","2,48",4.323,Black,9.333,28.0
TEAMGROUP T-Force Delta RGB 32 GB,1799.8,"5,6000","2,16",2.812,White,12.667,38.0
Crucial Pro Overclocking 64 GB,3999.8,"5,6400","2,32",3.125,Black,12.5,40.0
G.Skill Trident Z5 Neo RGB 64 GB,5099.8,"5,6000","2,32",3.984,Black,9.333,28.0
Corsair Vengeance RGB Pro 32 GB,1659.8,"4,3200","2,16",2.593,Black,10.0,16.0
G.Skill Flare X5 16 GB,,"5,6000","1,16",,Black,12.0,36.0
Corsair Vengeance 96 GB,6499.8,"5,6000","2,48",3.385,Black / Silver,10.0,30.0
Corsair Vengeance LPX 8 GB,739.8,"4,2400","1,8",4.624,Black / Yellow,13.333,16.0
Silicon Power XPOWER Zenith Gaming 64 GB,3299.8,"5,6000","2,32",2.578,Black,10.0,30.0
Lexar Ares RGB 32 GB,2299.79,"5,6000","2,16",3.593,Black,10.0,30.0
Crucial CT2K8G4DFRA32A 16 GB,1130.8,"4,3200","2,8",3.534,Green,13.75,22.0
Corsair Dominator Titanium 32 GB,3599.8,"5,6000","2,16",5.625,Black,10.0,30.0
Crucial CT8G4DFS824A 8 GB,399.6,"4,2400","1,8",2.498,Green,14.167,17.0
Kingston HyperX Fury 16 GB,,"4,3200","2,8",,Black / Silver,10.0,16.0
Timetec PINNACLE Konduit 32 GB,1199.8,"4,3200","2,16",1.875,White,10.0,16.0
Timetec PINNACLE Konduit 32 GB,,"4,3600","2,16",,Black,10.0,18.0
Kingston FURY Beast RGB 64 GB,4899.8,"5,6000","2,32",3.828,Black,10.0,30.0
Corsair Vengeance RGB 64 GB,4359.8,"5,6000","2,32",3.406,Black,10.0,30.0
Corsair Vengeance 192 GB,12299.8,"5,5200","4,48",3.203,Black,14.615,38.0
G.Skill Trident Z5 RGB 64 GB,5099.8,"5,6800","2,32",3.984,Black,10.0,34.0
TEAMGROUP T-Force Vulcan 32 GB,1659.8,"5,6000","2,16",2.593,Black,12.667,38.0
G.Skill Trident Z5 Neo 32 GB,2339.79,"5,6000","2,16",3.656,Black,10.0,30.0
G.Skill Aegis 16 GB,899.8,"4,3200","2,8",2.812,Red / Black,10.0,16.0
PNY XLR8 32 GB,1199.8,"4,3600","2,16",1.875,Black,10.0,18.0
TEAMGROUP Elite 16 GB,579.79,"4,2666","2,8",1.812,Black,14.254,19.0
Silicon Power XPOWER Zenith RGB Gaming 32 GB,1999.8,"5,6000","2,16",3.125,Black,10.0,30.0
G.Skill Ripjaws S5 32 GB,1799.8,"5,6000","2,16",2.812,Black,12.0,36.0
OLOy ND4U1632161DJ0DA 32 GB,1399.8,"4,3200","2,16",2.187,Black,10.0,16.0
Corsair Vengeance RGB Pro 32 GB,2859.8,"4,3200","2,16",4.468,White,10.0,16.0
ADATA XPG Lancer Blade 32 GB,3044.2,"5,6000","2,16",4.757,Black,10.0,30.0
G.Skill Ripjaws V 32 GB,1479.6,"4,3600","2,16",2.312,Black,10.0,18.0
Crucial Pro 64 GB,3426.8,"5,6000","2,32",2.677,Black,13.333,40.0
Silicon Power XPOWER Turbine 16 GB,679.4,"4,3200","2,8",2.123,Blue,10.0,16.0
G.Skill Trident Z5 Royal Neo RGB 64 GB,5199.8,"5,6000","2,32",4.062,Silver,10.0,30.0
Crucial CT16G48C40U5 16 GB,777.2,"5,4800","1,16",2.429,Black,16.667,40.0
Patriot Viper Steel 64 GB,3299.8,"4,3600","2,32",2.578,Silver / Black,10.0,18.0
G.Skill Trident Z5 Neo RGB 32 GB,2699.8,"5,6400","2,16",4.218,Black,9.375,30.0
Klevv FIT V 32 GB,1699.8,"5,6000","2,16",2.656,White,10.667,32.0
TEAMGROUP T-Create Expert 32 GB,1459.8,"5,6000","2,16",2.281,White,12.667,38.0
G.Skill Trident Z5 Neo RGB 32 GB,,"5,6000","2,16",,Black,8.667,26.0
Kingston FURY Beast RGB 16 GB,1519.6,"5,6000","2,8",4.749,Black,12.0,36.0
Corsair Vengeance 32 GB,2299.79,"5,6400","2,16",3.593,Black,10.0,32.0
Corsair Vengeance RGB 96 GB,6999.8,"5,6000","2,48",3.646,Black / Silver,10.0,30.0
Corsair Vengeance RGB 32 GB,3899.8,"5,8000","2,16",6.093,Black / Gray,9.0,36.0
Corsair Vengeance LPX 32 GB,3219.8,"4,3600","2,16",5.031,Black / Yellow,10.0,18.0
Patriot Viper Xtreme 5 32 GB,2699.8,"5,8200","2,16",4.218,Black,9.268,38.0
TEAMGROUP T-Force Delta RGB 32 GB,2733.8,"4,3600","2,16",4.272,Black,10.0,18.0
G.Skill Ripjaws V 16 GB,919.8,"4,3600","2,8",2.874,Black,10.0,18.0
G.Skill Trident Z Neo 32 GB,1999.8,"4,3600","2,16",3.125,Black / Silver,8.889,16.0
Timetec PINNACLE Konduit 32 GB,1199.8,"4,3200","2,16",1.875,Black,10.0,16.0
Patriot Viper Venom RGB 32 GB,1819.8,"5,6000","2,16",2.843,Black / Silver,10.0,30.0
Kingston FURY Beast 128 GB,8059.8,"5,5600","4,32",3.148,White,14.286,40.0
Corsair Vengeance 48 GB,3599.8,"5,6000","2,24",3.75,Black / Gray,10.0,30.0
Kingston FURY Beast 16 GB,1299.8,"5,5600","2,8",4.062,Black / Silver,12.857,36.0
G.Skill Trident Z5 Royal Neo RGB 96 GB,8999.79,"5,6000","2,48",4.687,Silver,9.333,28.0
TEAMGROUP T-Force Delta RGB 32 GB,2159.79,"5,6400","2,16",3.375,Black,10.0,32.0
G.Skill Ripjaws S5 96 GB,5699.8,"5,6400","2,48",2.969,Black,10.0,32.0
TEAMGROUP T-Force Delta RGB 32 GB,1498.8,"4,3200","2,16",2.342,Black,10.0,16.0
G.Skill Trident Z5 RGB 32 GB,1919.6,"5,6000","2,16",2.999,Black,12.0,36.0
Silicon Power SP016GBLFU320B22 16 GB,799.4,"4,3200","2,8",2.498,,13.75,22.0
G.Skill Trident Z5 Neo RGB 32 GB,2699.8,"5,6400","2,16",4.218,White,9.375,30.0
G.Skill Ripjaws S5 32 GB,1999.8,"5,5600","2,16",3.125,Black,10.0,28.0
Corsair Vengeance LPX 64 GB,2579.8,"4,3600","2,32",2.015,Black,10.0,18.0
Patriot Viper Venom 32 GB,2299.79,"5,7000","2,16",3.593,Black / White,9.143,32.0
TEAMGROUP T-Force Delta RGB 32 GB,2159.79,"5,6400","2,16",3.375,White,10.0,32.0
G.Skill Aegis 32 GB,1399.6,"4,3200","2,16",2.187,Red / Black,10.0,16.0
TEAMGROUP T-Create Expert 32 GB,1799.8,"5,6400","2,16",2.812,Black,10.0,32.0
Kingston FURY Beast RGB 64 GB,4799.8,"5,6000","2,32",3.75,White,10.0,30.0
G.Skill Trident Z5 Neo RGB 96 GB,,"5,6000","2,48",,Black,8.667,26.0
Lexar THOR OC 32 GB,2099.79,"5,6000","2,16",3.281,Black / Gold,10.667,32.0
Silicon Power XPOWER Zenith RGB Gaming 64 GB,3399.8,"5,6000","2,32",2.656,White,10.0,30.0
Corsair Vengeance 64 GB,4399.8,"5,6000","2,32",3.437,Black / Gray,10.0,30.0
TEAMGROUP T-Create Expert 64 GB,3539.8,"5,6000","2,32",2.765,Black,11.333,34.0
Corsair Vengeance RGB 32 GB,2899.8,"5,6000","2,16",4.531,Black / Gray,10.0,30.0
Kingston FURY Beast 128 GB,6799.8,"5,5600","2,64",2.656,Black,12.857,36.0
Patriot Viper Venom 16 GB,999.8,"5,6400","2,8",3.124,Black / Red,10.0,32.0
Timetec PINNACLE Konduit 16 GB,639.79,"4,3200","2,8",1.999,White,10.0,16.0
G.Skill Trident Z5 RGB 64 GB,3199.8,"5,6000","2,32",2.5,Black,12.0,36.0
Corsair Dominator Titanium 64 GB,5999.8,"5,6000","2,32",4.687,White,10.0,30.0
Patriot Viper Venom 16 GB,979.8,"5,6000","1,16",3.062,Black / White,10.0,30.0
Silicon Power XPOWER Zenith RGB Gaming 32 GB,1999.8,"5,6000","2,16",3.125,White,10.0,30.0
Corsair Vengeance RGB 64 GB,4899.8,"5,6400","2,32",3.828,Black / Gray,10.0,32.0
Kingston KHX8500D2K2/4GR 4 GB,,"2,1066","2,2",,Blue,9.381,5.0
Corsair Vengeance 64 GB,2999.8,"5,5600","2,32",2.344,Black,14.286,40.0
TEAMGROUP T-Force Vulcan Z 32 GB,,"4,3600","2,16",,Black,10.0,18.0
G.Skill Trident Z RGB 32 GB,2110.6,"4,3200","2,16",3.298,Black,10.0,16.0
Kingston KCP424NS6/4 4 GB,199.8,"4,2400","1,4",2.498,Green / Black,14.167,17.0
G.Skill Trident Z5 Royal 48 GB,5599.8,"5,8400","2,24",5.833,Silver,9.524,40.0
Corsair Vengeance LPX 32 GB,1717.6,"4,3600","2,16",2.684,Black / Yellow,8.889,16.0
G.Skill Trident Z5 RGB 48 GB,4299.8,"5,8000","2,24",4.479,Black,10.0,40.0
Corsair Vengeance 128 GB,10819.8,"5,5600","4,32",4.226,Black,14.286,40.0
Kingston HyperX Fury 8 GB,,"4,2666","1,8",,Black,12.003,16.0
Kingston FURY Beast RGB 128 GB,7999.8,"5,5200","4,32",3.125,Black,15.385,40.0
G.Skill Flare X5 32 GB,2099.79,"5,6000","2,16",3.281,Black,10.667,32.0
TEAMGROUP Elite 32 GB,1579.6,"4,3200","2,16",2.468,Black,13.75,22.0
TEAMGROUP T-Force Delta RGB 32 GB,1799.8,"5,6000","2,16",2.812,Black,12.667,38.0
ADATA XPG SPECTRIX D35G RGB 16 GB,1099.8,"4,3200","2,8",3.437,Black,10.0,16.0
Crucial Pro 32 GB,1899.8,"5,6400","2,16",2.968,White,11.875,38.0
G.Skill Trident Z RGB 64 GB,2999.8,"4,3600","2,32",2.344,Black,10.0,18.0
TEAMGROUP T-Force Vulcan Z 16 GB,779.8,"4,3200","2,8",2.437,Gray,10.0,16.0
Patriot Viper Venom 64 GB,3199.8,"5,6000","2,32",2.5,Black / White,12.0,36.0
Corsair Vengeance RGB 32 GB,2439.79,"5,6000","2,16",3.812,White,13.333,40.0
Crucial CT51264BA160B 4 GB,205.8,"3,1600","1,4",2.572,Green,13.75,11.0
Corsair Vengeance LPX 16 GB,1719.8,"4,3000","2,8",5.374,Black / Yellow,10.0,15.0
Silicon Power XPOWER Turbine 32 GB,1219.8,"4,3200","2,16",1.906,Blue,10.0,16.0
TEAMGROUP T-Force Delta RGB 16 GB,1559.8,"5,6000","2,8",4.874,White,12.667,38.0
Corsair Dominator Titanium 64 GB,6399.8,"5,6000","2,32",5.0,Black,10.0,30.0
G.Skill Ripjaws S5 32 GB,2199.79,"5,6400","2,16",3.437,Black,10.0,32.0
G.Skill Flare X5 96 GB,3699.8,"5,5200","2,48",1.927,Black,15.385,40.0
Klevv BOLT V 32 GB,1879.8,"5,6000","2,16",2.937,Black,10.0,30.0
G.Skill Ripjaws M5 Neo RGB 32 GB,1899.8,"5,6000","2,16",2.968,Black,12.0,36.0
Corsair Vengeance RGB 32 GB,2359.79,"5,6400","2,16",3.687,Black / Gray,10.0,32.0
Corsair Vengeance 32 GB,2719.8,"5,6000","2,16",4.25,Black,9.333,28.0
TEAMGROUP Vulcan Z 16 GB,859.8,"4,3600","2,8",2.687,Black,10.0,18.0
Silicon Power GAMING 16 GB,759.4,"4,3600","2,8",2.373,Gray / Silver,10.0,18.0
TEAMGROUP T-Create Expert 96 GB,5839.8,"5,6400","2,48",3.042,Black / Gold,10.0,32.0
Corsair Vengeance RGB Pro 32 GB,,"4,4266","4,8",,Black,8.908,19.0
G.Skill Ripjaws S5 32 GB,1699.8,"5,5200","2,16",2.656,Black,15.385,40.0
Corsair Vengeance RGB 64 GB,3699.8,"5,6000","2,32",2.89,Black,13.333,40.0
TEAMGROUP T-Create Expert 32 GB,2219.79,"5,7200","2,16",3.468,Black,9.444,34.0
Corsair Vengeance 96 GB,6599.8,"5,6400","2,48",3.437,Black,10.0,32.0
Patriot Signature Line 16 GB,699.8,"5,4800","1,16",2.187,Black,16.667,40.0
Corsair Vengeance RGB 64 GB,5559.8,"5,6400","2,32",4.344,White,10.0,32.0
Crucial CT2K64G56C46U5 128 GB,5599.8,"5,5600","2,64",2.187,Black,16.429,46.0
G.Skill Trident Z RGB 16 GB,1099.8,"4,3200","2,8",3.437,Black,10.0,16.0
TEAMGROUP T-Force Delta RGB 32 GB,1799.8,"5,6400","2,16",2.812,Black,12.5,40.0
Silicon Power XPOWER Zenith Gaming 64 GB,3299.8,"5,6000","2,32",2.578,White,10.0,30.0
Kingston FURY Beast RGB 128 GB,6999.8,"5,5600","2,64",2.734,Black,12.857,36.0
Supermicro MEM-DR412L-SL02-LR26 128 GB,,"4,2666","1,128",,Green / Black,16.504,22.0
Patriot Viper Venom 16 GB,979.8,"5,6000","2,8",3.062,Black / Silver,12.0,36.0
Corsair Vengeance RGB Pro 32 GB,2579.8,"4,3200","4,8",4.031,Black,10.0,16.0
G.Skill Trident Z5 Neo RGB 48 GB,,"5,6000","2,24",,Black,8.667,26.0
G.Skill Ripjaws M5 RGB 32 GB,2299.79,"5,6000","2,16",3.593,White,10.0,30.0
Kingston FURY Beast 16 GB,1490.8,"4,3200","1,16",4.659,Black,10.0,16.0
G.Skill Flare X5 96 GB,6599.8,"5,6000","2,48",3.437,Black,10.0,30.0
Kingston FURY Beast 32 GB,1879.8,"5,5200","2,16",2.937,Black / Silver,15.385,40.0
Patriot Viper Venom 32 GB,1679.8,"5,5600","2,16",2.625,Black / White,12.857,36.0
Silicon Power XPOWER Storm RGB 32 GB,1899.4,"5,6400","2,16",2.968,Black,10.0,32.0
Corsair Vengeance LPX 16 GB,979.8,"4,3600","2,8",3.062,Black / Yellow,8.889,16.0
Corsair Dominator Platinum RGB 64 GB,7559.8,"5,6600","4,16",5.906,Black,9.697,32.0
Silicon Power XPOWER Storm RGB 32 GB,1719.8,"5,6000","2,16",2.687,White,12.0,36.0
TEAMGROUP Elite 16 GB,979.8,"4,3200","2,8",3.062,Black,13.75,22.0
Klevv BOLT X 32 GB,1619.6,"4,3600","2,16",2.531,Black,10.0,18.0
Crucial Classic 64 GB,2619.8,"5,5600","2,32",2.047,Black,16.429,46.0
Corsair Vengeance RGB 32 GB,1899.8,"5,6000","2,16",2.968,Black / Gray,12.0,36.0
TEAMGROUP T-Create Expert 16 GB,919.8,"4,3200","2,8",2.874,Gray,10.0,16.0
Klevv BOLT X 16 GB,959.8,"4,3600","2,8",2.999,Black,10.0,18.0
TEAMGROUP T-Force Delta RGB 32 GB,,"4,3200","2,16",,White,10.0,16.0
Corsair Vengeance 32 GB,1899.8,"5,4800","2,16",2.968,Black,16.667,40.0
G.Skill Aegis 16 GB,739.8,"4,3000","2,8",2.312,Black / Red,10.667,16.0
TEAMGROUP Elite 32 GB,1519.6,"5,5600","2,16",2.374,Black,16.429,46.0
Corsair Vengeance 32 GB,1799.8,"5,5600","2,16",2.812,Black / Gray,14.286,40.0
Patriot Viper Venom RGB 32 GB,1699.8,"5,6000","2,16",2.656,Black / White,12.0,36.0
Timetec PINNACLE Konduit 16 GB,679.8,"4,3600","2,8",2.124,White,10.0,18.0
Patriot Viper 4 Blackout 64 GB,24077.19,"4,3000","2,32",18.81,Black,10.667,16.0
Crucial CT64G4YFQ426S 64 GB,12999.0,"4,2666","1,64",10.155,Green / Black,14.254,19.0
G.Skill Ripjaws S5 64 GB,3859.8,"5,6000","2,32",3.015,Black,10.0,30.0
Corsair Vengeance RGB 32 GB,2439.79,"5,5600","2,16",3.812,Black / Gray,14.286,40.0
Crucial Ballistix 16 GB,,"4,3200","2,8",,Black,10.0,16.0
TEAMGROUP T-Force Delta RGB 32 GB,1799.8,"5,6400","2,16",2.812,White,12.5,40.0
Crucial CT64G56C46U5 64 GB,3139.8,"5,5600","1,64",2.453,Black,16.429,46.0
TEAMGROUP T-Force DELTAα RGB 16 GB,1399.8,"5,6000","2,8",4.374,White,12.667,38.0
G.Skill Ripjaws V 32 GB,1999.8,"4,4000","2,16",3.125,Black,9.0,18.0
TEAMGROUP T-Force Delta RGB 64 GB,3699.8,"5,6000","2,32",2.89,Black,12.667,38.0
Klevv KD5AGU880-56K300F 32 GB,1619.6,"5,5600","2,16",2.531,White,10.714,30.0
Crucial CT8G48C40U5 8 GB,499.6,"5,4800","1,8",3.123,Black,16.667,40.0
Acer Predator Vesta II RGB 32 GB,2876.0,"5,6000","2,16",4.494,Black,10.0,30.0
Silicon Power XPOWER Zenith RGB Gaming 32 GB,1359.8,"4,3600","2,16",2.125,Black,10.0,18.0
Kingston FURY Beast RGB 32 GB,3201.0,"4,3600","2,16",5.002,Black,10.0,18.0
TEAMGROUP T-Force Delta RGB 32 GB,2499.79,"5,6000","2,16",3.906,Black,9.333,28.0
Corsair Vengeance 96 GB,7099.8,"5,6000","2,48",3.698,Black,10.0,30.0
Lexar Ares RGB 32 GB,2359.79,"5,6400","2,16",3.687,Black / Silver,10.0,32.0
G.Skill Flare X5 128 GB,7999.8,"5,6000","2,64",3.125,Black,11.333,34.0
Crucial Pro 96 GB,4199.8,"5,5600","2,48",2.187,Black,16.429,46.0
Corsair Vengeance RGB Pro 16 GB,2079.79,"4,3600","2,8",6.499,Black,10.0,18.0
G.Skill Trident Z5 RGB 96 GB,6799.8,"5,6800","2,48",3.542,Black,10.0,34.0
PNY XLR8 16 GB,639.79,"4,3200","2,8",1.999,Black / Red,10.0,16.0
Corsair Vengeance 64 GB,,"5,6800","2,32",,Black / Gray,9.412,32.0
Patriot Viper Steel 16 GB,1039.8,"4,3600","2,8",3.249,Silver / Black,9.444,17.0
Crucial CT2K8G4DFS824A 16 GB,627.0,"4,2400","2,8",1.959,Green / Black,14.167,17.0
Kingston FURY Beast RGB 64 GB,9920.2,"5,6400","2,32",7.75,Black,10.0,32.0
TEAMGROUP T-Force Delta RGB 16 GB,999.8,"4,3200","2,8",3.124,White,10.0,16.0
TEAMGROUP T-Create Expert 48 GB,2919.8,"5,6400","2,24",3.041,Black / Gold,10.0,32.0
Crucial Classic 8 GB,439.79,"5,5600","1,8",2.749,Black,16.429,46.0
Corsair Vengeance LPX 256 GB,14075.0,"4,3200","8,32",2.749,Black / Yellow,10.0,16.0
Crucial CT8G4DFRA32A 8 GB,514.4,"4,3200","1,8",3.215,Green,13.75,22.0
G.Skill Trident Z5 Neo RGB 64 GB,6999.8,"5,6000","2,32",5.469,White / Black,8.667,26.0
Klevv CRAS V RGB 32 GB,,"5,6000","2,16",,Black,10.0,30.0
G.Skill Trident Z RGB 32 GB,1580.0,"4,3200","4,8",2.469,Black,10.0,16.0
GOODRAM IRDM 32 GB,,"5,6000","2,16",,Black,10.0,30.0
Patriot Viper 3 16 GB,519.79,"3,1866","2,8",1.624,Black / Silver,10.718,10.0
Patriot Viper Venom 32 GB,1899.8,"5,6000","1,32",2.968,Black / White,10.0,30.0
Corsair Dominator Titanium 64 GB,7559.8,"5,6400","4,16",5.906,White,10.0,32.0
Corsair Dominator Platinum RGB 32 GB,3459.8,"5,6200","2,16",5.406,Black,11.613,36.0
TEAMGROUP T-Create Expert 64 GB,3619.8,"5,6400","2,32",2.828,Black,10.625,34.0
G.Skill Trident Z5 Royal Neo RGB 64 GB,,"5,6000","2,32",,Silver,8.667,26.0
TEAMGROUP Elite 16 GB,979.8,"4,3200","1,16",3.062,Black,13.75,22.0
TEAMGROUP T-Force Delta RGB 32 GB,1859.8,"5,6000","2,16",2.906,White,12.667,38.0
Corsair Vengeance LPX 32 GB,1619.0,"4,3200","2,16",2.53,Black / Yellow,10.0,16.0
Crucial Ballistix MAX 16 GB,19900.0,"4,5100","2,8",62.188,Black,7.451,19.0
G.Skill Ripjaws S5 64 GB,3799.8,"5,5600","2,32",2.969,Black,10.0,28.0
G.Skill Trident Z5 Royal Neo RGB 96 GB,8999.79,"5,6000","2,48",4.687,Gold,9.333,28.0
Crucial CT2K16G56C46U5 32 GB,1559.6,"5,5600","2,16",2.437,Black,16.429,46.0
TEAMGROUP T-Create Expert 32 GB,1319.6,"4,3600","2,16",2.062,Gray,10.0,18.0
Corsair Vengeance LPX 128 GB,6318.0,"4,3200","4,32",2.468,Black / Yellow,10.0,16.0
G.Skill Trident Z5 RGB 32 GB,2859.8,"5,7600","2,16",4.468,Black,9.474,36.0
Klevv FIT V 32 GB,,"5,6000","2,16",,Black,10.0,30.0
Corsair Vengeance LPX 32 GB,2399.79,"4,2133","2,16",3.75,Black / Yellow,12.189,13.0
Samsung M378A2K43CB1-CTD 16 GB,580.0,"4,2666","1,16",1.812,Green / Black,14.254,19.0
Kingston FURY Beast 32 GB,2591.6,"5,6000","2,16",4.049,White,10.0,30.0
G.Skill Trident Z5 RGB 48 GB,5199.8,"5,8400","2,24",5.416,White,9.524,40.0
Corsair Vengeance RGB 32 GB,2059.79,"5,5200","2,16",3.218,Black,15.385,40.0
G.Skill Ripjaws S5 64 GB,4859.8,"5,6800","2,32",3.797,Black,10.0,34.0
Patriot Viper Venom 16 GB,1079.8,"5,5600","2,8",3.374,Black / White,14.286,40.0
ADATA XPG SPECTRIX D35G RGB 32 GB,1999.8,"4,3200","2,16",3.125,Black,10.0,16.0
Kingston HyperX Fury 32 GB,,"4,3200","2,16",,Black,10.0,16.0
G.Skill Trident Z5 Royal Neo RGB 32 GB,2999.8,"5,6400","2,16",4.687,Silver,9.375,30.0
G.Skill Trident Z5 RGB 32 GB,3299.8,"5,8000","2,16",5.156,Black,9.5,38.0
G.Skill Ripjaws M5 Neo RGB 32 GB,1899.8,"5,6000","2,16",2.968,White,12.0,36.0
Corsair Dominator Titanium 64 GB,6399.8,"5,6000","2,32",5.0,Black,10.0,30.0
G.Skill Trident Z5 RGB 64 GB,4399.8,"5,6000","2,32",3.437,Black,10.0,30.0
Samsung M378A1K43CB2-CRC 8 GB,461.6,"4,2400","1,8",2.885,Green,14.167,17.0
Kingston Server Premier 64 GB,4599.8,"4,3200","1,64",3.594,,13.75,22.0
G.Skill Flare X5 32 GB,2559.79,"5,6000","2,16",4.0,White,9.333,28.0
Corsair Vengeance 64 GB,4379.8,"5,5600","4,16",3.422,Black,12.857,36.0
Kingston FURY Beast 16 GB,1467.2,"5,6000","2,8",4.585,Black / Silver,12.0,36.0
G.Skill Trident Z5 Neo RGB 32 GB,2799.8,"5,6000","2,16",4.375,Silver / Black,10.0,30.0
Corsair Vengeance 32 GB,2099.79,"5,6400","2,16",3.281,Black,11.25,36.0
G.Skill Trident Z5 Neo RGB 64 GB,5099.8,"5,6000","2,32",3.984,White / Black,9.333,28.0
Kingston FURY Beast RGB 64 GB,10476.4,"5,6400","2,32",8.185,White,10.0,32.0
TEAMGROUP T-Force Delta RGB 32 GB,2499.79,"5,6000","2,16",3.906,White,9.333,28.0
G.Skill Ripjaws M5 RGB 48 GB,2199.79,"5,5200","2,24",2.291,White,15.385,40.0
Corsair Vengeance 64 GB,5700.0,"5,6600","2,32",4.453,Black / Gray,9.697,32.0
Corsair Vengeance LPX 16 GB,919.8,"4,3200","2,8",2.874,Black,10.0,16.0
TEAMGROUP T-Force Delta RGB 32 GB,,"4,3600","2,16",,White,10.0,18.0
G.Skill Ripjaws S5 32 GB,2199.79,"5,6000","2,16",3.437,White,10.0,30.0
TEAMGROUP T-Create Expert 64 GB,3619.8,"5,6400","2,32",2.828,White,10.625,34.0
Corsair Vengeance LPX 16 GB,959.8,"4,2666","2,8",2.999,Black / Yellow,12.003,16.0
Corsair Dominator Titanium 64 GB,7559.8,"5,6400","4,16",5.906,Black,10.0,32.0
G.Skill Flare X5 64 GB,4699.8,"5,6000","2,32",3.672,White,9.333,28.0
Patriot Viper Steel 64 GB,2537.19,"4,3200","2,32",1.982,Gray,10.0,16.0
G.Skill Ripjaws M5 RGB 96 GB,3599.8,"5,5200","2,48",1.875,Black,15.385,40.0
Corsair Vengeance 16 GB,1179.59,"5,5200","1,16",3.686,Black,15.385,40.0
G.Skill Trident Z5 RGB 32 GB,2399.79,"5,6000","2,16",3.75,Black,10.0,30.0
Kingston FURY Beast RGB 16 GB,1120.0,"4,3600","2,8",3.5,Black,9.444,17.0
G.Skill Ripjaws M5 Neo RGB 32 GB,1779.6,"5,6000","2,16",2.781,Black,12.0,36.0
Corsair Vengeance 16 GB,1519.6,"3,1600","2,8",4.749,Black / Yellow,11.25,9.0
Corsair Vengeance RGB 32 GB,2399.79,"5,6400","2,16",3.75,White / Black,11.25,36.0
G.Skill Trident Z RGB 128 GB,6599.8,"4,3600","4,32",2.578,Black,10.0,18.0
Kingston FURY Beast 32 GB,2980.0,"4,3600","2,16",4.656,Black,10.0,18.0
G.Skill Trident Z RGB 32 GB,1799.8,"4,4000","2,16",2.812,Black,9.0,18.0
TEAMGROUP T-Create Classic 32 GB,1099.8,"4,3200","2,16",1.718,Silver,13.75,22.0
Kingston FURY 128 GB,8559.79,"5,5600","4,32",3.344,White,14.286,40.0
TEAMGROUP T-Force Delta RGB 32 GB,2399.79,"5,7200","2,16",3.75,Black / White,9.444,34.0
PNY XLR8 Gaming RGB 32 GB,1799.8,"5,6400","2,16",2.812,Black,11.25,36.0
TEAMGROUP T-Create Expert 32 GB,1459.8,"5,5600","2,16",2.281,Black / Gold,13.571,38.0
Kingston FURY Beast 32 GB,2039.8,"5,5600","2,16",3.187,Black,14.286,40.0
G.Skill Ripjaws V 8 GB,1399.6,"4,2400","1,8",8.748,Red,12.5,15.0
G.Skill Trident Z RGB 96 GB,6999.8,"5,6400","2,48",3.646,Black,10.0,32.0
Corsair Vengeance LPX 16 GB,1799.8,"4,3200","2,8",5.624,White,10.0,16.0
Crucial CT16G56C46U5 16 GB,819.8,"5,5600","1,16",2.562,Black,16.429,46.0
TEAMGROUP T-Force Vulcan 32 GB,1599.8,"5,5200","2,16",2.5,Black,15.385,40.0
G.Skill Trident Z5 Neo 128 GB,8399.79,"5,6000","2,64",3.281,Black,11.333,34.0
Patriot Viper Xtreme 5 48 GB,3339.8,"5,8200","2,24",3.479,Black,9.268,38.0
Crucial CT16G4DFRA32A 16 GB,1034.59,"4,3200","1,16",3.233,Green,13.75,22.0
Corsair Vengeance RGB Pro 64 GB,19707.4,"4,3200","4,16",15.396,Black,10.0,16.0
Patriot Signature 8 GB,379.6,"3,1600","1,8",2.373,Black / Green,13.75,11.0
G.Skill Ripjaws S5 64 GB,4599.8,"5,6400","2,32",3.594,Black,10.0,32.0
Patriot Viper Steel 32 GB,1299.8,"4,3600","2,16",2.031,Silver / Black,10.0,18.0
Kingston FURY Beast 16 GB,1115.8,"5,5200","2,8",3.487,Black / Silver,13.846,36.0
Crucial CT2K32G48C40U5 64 GB,3379.8,"5,4800","2,32",2.64,Black,16.667,40.0
Corsair Vengeance RGB 32 GB,2299.79,"5,5600","2,16",3.593,Black / Gray,14.286,40.0
G.Skill Trident Z RGB 256 GB,13861.0,"4,3600","8,32",2.707,,8.889,16.0
TEAMGROUP T-Create Expert 32 GB,1639.8,"5,5600","2,16",2.562,White,13.571,38.0
G.Skill Trident Z RGB 128 GB,9288.6,"4,4000","4,32",3.628,Black,9.0,18.0
Patriot Viper Venom 64 GB,2999.8,"5,5600","2,32",2.344,Black / White,12.857,36.0
PNY XLR8 16 GB,659.8,"4,3600","2,8",2.062,Black,10.0,18.0
Corsair Vengeance RGB Pro 64 GB,10220.0,"4,3200","2,32",7.984,Black,10.0,16.0
Corsair Dominator Platinum RGB 32 GB,3459.8,"5,6200","2,16",5.406,White,11.613,36.0
TEAMGROUP T-Force DELTAα RGB 16 GB,1559.8,"5,6000","2,8",4.874,Black,12.667,38.0
G.Skill Trident Z5 Royal 48 GB,5959.8,"5,8400","2,24",6.208,Gold,9.524,40.0
ADATA XPG Lancer Blade RGB 32 GB,,"5,6000","2,16",,White,10.0,30.0
G.Skill Trident Z5 Neo RGB 32 GB,1999.8,"5,6000","2,16",3.125,Black,12.0,36.0
OLOy MD4U083016BJDA 16 GB,699.8,"4,3000","2,8",2.187,Black,10.667,16.0
Kingston FURY Beast RGB 32 GB,2754.6,"5,5600","2,16",4.304,Black,12.857,36.0
G.Skill Trident Z Neo 16 GB,1299.6,"4,3600","2,8",4.061,Black / Silver,8.889,16.0
Corsair Vengeance 32 GB,,"5,5600","2,16",,Black,12.857,36.0
Kingston FURY Beast RGB 16 GB,1453.8,"5,5600","2,8",4.543,Black,14.286,40.0
G.Skill Trident Z5 Neo RGB 32 GB,2739.8,"5,6400","2,16",4.281,Black,9.375,30.0
TEAMGROUP T-Force Delta RGB 16 GB,939.8,"4,3200","2,8",2.937,Black,10.0,16.0
G.Skill Trident Z5 Neo RGB 32 GB,2799.8,"5,6000","2,16",4.375,Silver / Black,9.333,28.0
Silicon Power XPOWER Storm RGB 32 GB,1679.8,"5,6000","2,16",2.625,Gray,12.0,36.0
Corsair Vengeance RGB 32 GB,,"5,6000","2,16",,White,12.0,36.0
TEAMGROUP T-Create Expert 16 GB,819.8,"4,3600","2,8",2.562,Gray,10.0,18.0
TEAMGROUP T-Force Vulcan 16 GB,,"5,6000","2,8",,Black,12.667,38.0
Kingston FURY Beast RGB 16 GB,1579.6,"5,6000","2,8",4.936,Black,10.0,30.0
G.Skill Ripjaws S5 32 GB,2099.79,"5,6000","2,16",3.281,Black,10.0,30.0
TEAMGROUP T-Create Expert 32 GB,1799.8,"5,6400","2,16",2.812,White,10.0,32.0
Corsair Dominator Titanium 48 GB,5179.8,"5,7600","2,24",5.396,Black,9.474,36.0
Patriot Viper Venom 32 GB,1799.8,"5,6200","2,16",2.812,Black / White,12.903,40.0
PNY XLR8 Gaming EPIC-X RGB 16 GB,879.8,"4,3200","2,8",2.749,Black,10.0,16.0
Corsair Vengeance RGB Pro SL 32 GB,2199.79,"4,3600","2,16",3.437,Black,10.0,18.0
Silicon Power XPOWER Zenith RGB Gaming 64 GB,3399.8,"5,6000","2,32",2.656,Black,10.0,30.0
Corsair Vengeance 32 GB,1939.8,"5,5200","2,16",3.031,White,15.385,40.0
G.Skill Trident Z RGB 256 GB,17980.0,"4,2666","8,32",3.512,Black,13.503,18.0
Kingston FURY Beast 16 GB,980.0,"4,3600","2,8",3.062,Black,9.444,17.0
Corsair Vengeance RGB RT 256 GB,,"4,3600","8,32",,Black,10.0,18.0
Corsair Vengeance 32 GB,1659.8,"5,5200","1,32",2.593,Black,15.385,40.0
TEAMGROUP T-Force Delta RGB 32 GB,1859.8,"5,6000","2,16",2.906,Black,12.667,38.0
Silicon Power XPOWER Zenith RGB Gaming 16 GB,799.4,"4,3600","2,8",2.498,Black,10.0,18.0
ADATA XPG SPECTRIX D50 16 GB,1399.6,"4,3200","2,8",4.374,White,10.0,16.0
Crucial CT32G56C46U5 32 GB,1405.8,"5,5600","1,32",2.197,Black,16.429,46.0
G.Skill Ripjaws X 16 GB,739.8,"3,1600","2,8",2.312,Black / Red,12.5,10.0
G.Skill Trident Z5 Neo RGB 48 GB,3599.8,"5,6400","2,24",3.75,Black,10.0,32.0
G.Skill Ripjaws M5 RGB 64 GB,4299.8,"5,6000","2,32",3.359,White,10.0,30.0
Kingston FURY Beast 64 GB,4060.0,"5,5600","2,32",3.172,Black,12.857,36.0
Kingston FURY Beast 16 GB,999.8,"5,5200","1,16",3.124,Black / Silver,15.385,40.0
Corsair Vengeance LPX 32 GB,2199.79,"4,3600","4,8",3.437,Black / Yellow,10.0,18.0
Crucial Pro 48 GB,2479.79,"5,6000","2,24",2.583,Black,16.0,48.0
TEAMGROUP T-Force Vulcan 32 GB,1889.8,"5,6400","2,16",2.953,Black / Silver,10.0,32.0
TEAMGROUP Elite 32 GB,,"4,2666","2,16",,Black,14.254,19.0
G.Skill Ripjaws V 64 GB,3159.8,"4,3600","2,32",2.469,Black,10.0,18.0
Netac Shadow II 32 GB,,"4,3200","2,16",,Black,10.0,16.0
Crucial CT2K16G4DFRA32A 32 GB,1999.8,"4,3200","2,16",3.125,Green / Black,13.75,22.0
Kingston FURY Beast 32 GB,2623.8,"5,6000","2,16",4.1,Black,10.0,30.0
TEAMGROUP T-Force Vulcan Z 16 GB,1180.0,"4,3200","2,8",3.688,Red,10.0,16.0
Patriot Viper Steel 16 GB,879.59,"4,3200","2,8",,Silver / Black,10.0,16.0
G.Skill Trident Z Royal 32 GB,1999.8,"4,3600","2,16",3.125,Silver,10.556,19.0
G.Skill Ripjaws S5 96 GB,6199.8,"5,6800","2,48",3.229,Black,10.0,34.0
G.Skill Trident Z5 Royal 96 GB,6399.8,"5,6400","2,48",3.333,Silver,10.0,32.0
G.Skill Trident Z5 Neo RGB 64 GB,3399.8,"5,6000","2,32",2.656,Black,12.0,36.0
G.Skill Flare X5 32 GB,1699.8,"5,5600","2,16",2.656,Black,12.857,36.0
Corsair Vengeance LPX 16 GB,1408.0,"4,2133","2,8",4.4,Black / Yellow,12.189,13.0
Corsair Vengeance RGB 32 GB,2819.8,"5,6200","2,16",4.406,White,11.613,36.0
Corsair Vengeance RGB 32 GB,2534.19,"5,7200","2,16",3.96,Black,9.444,34.0
Corsair Vengeance RGB Pro 64 GB,,"4,3600","2,32",,Black,10.0,18.0
TEAMGROUP Elite Plus 16 GB,839.8,"5,6000","1,16",2.624,Black,13.333,40.0
Corsair Dominator Titanium 96 GB,9419.79,"5,6400","4,24",4.906,Black,10.0,32.0
TEAMGROUP T-Create Expert 48 GB,2799.8,"5,6400","2,24",2.916,White,10.0,32.0
Timetec PINNACLE Konduit 16 GB,,"4,3600","1,16",,Black,10.0,18.0
G.Skill Ripjaws V 16 GB,859.8,"4,3200","1,16",2.687,Black,10.0,16.0
G.Skill Trident Z5 Neo RGB 32 GB,3299.8,"5,8000","2,16",5.156,Black,9.5,38.0
Patriot Viper Elite 5 RGB 16 GB,959.8,"5,6000","1,16",2.999,White,14.0,42.0
V-Color TRA564G60D436O 512 GB,74749.79,"5,6000","8,64",7.3,Black,12.0,36.0
G.Skill Trident Z5 Neo RGB 64 GB,4999.8,"5,6000","2,32",3.906,Silver / Black,10.0,30.0
Corsair Dominator Platinum RGB 64 GB,6399.8,"5,6800","2,32",5.0,Black,11.765,40.0
Corsair Dominator Titanium 48 GB,5039.8,"5,7200","2,24",5.25,White,10.0,36.0
G.Skill Ripjaws V 64 GB,3199.8,"4,3200","4,16",2.5,Black,10.0,16.0
G.Skill Ripjaws M5 RGB 64 GB,4599.8,"5,6400","2,32",3.594,White,10.0,32.0
OLOy MD4U083216BJDA 16 GB,899.8,"4,3200","2,8",,Black,10.0,16.0
Kingston FURY Beast 64 GB,4912.6,"5,6000","2,32",3.838,White,10.0,30.0
Corsair Vengeance RGB Pro 32 GB,2079.79,"4,3600","2,16",3.25,Black,10.0,18.0
Corsair Vengeance RGB 48 GB,3799.8,"5,6000","2,24",3.958,Black / Gray,10.0,30.0
TEAMGROUP T-Create Expert 48 GB,3379.8,"5,7200","2,24",3.521,Black,9.444,34.0
Kingston FURY Beast 32 GB,2279.79,"5,5200","2,16",3.562,Black,13.846,36.0
G.Skill Ripjaws M5 Neo RGB 96 GB,6199.8,"5,6000","2,48",3.229,White,10.0,30.0
Corsair Vengeance RGB 96 GB,7179.8,"5,6600","2,48",3.739,Black / Silver,9.697,32.0
Silicon Power XPOWER Turbine 32 GB,,"4,3200","2,16",,Blue,10.0,16.0
G.Skill Trident Z5 RGB 64 GB,4799.8,"5,6400","2,32",3.75,White / Black,10.0,32.0
Lexar THOR 32 GB,,"4,3600","2,16",,White,10.0,18.0
Corsair Vengeance LPX 16 GB,1479.6,"4,2400","2,8",4.624,Black / Yellow,13.333,16.0
G.Skill Ripjaws 4 8 GB,,"4,2400","1,8",,Black / Green,12.5,15.0
Crucial CT32G48C40U5 32 GB,1399.6,"5,4800","1,32",2.187,Black,16.667,40.0
TEAMGROUP T-Force Vulcan Eco 32 GB,1939.8,"5,6000","2,16",3.031,Silver,10.0,30.0
G.Skill Aegis 16 GB,679.8,"4,3200","1,16",2.124,Red / Black,10.0,16.0
Corsair Vengeance 64 GB,3259.8,"5,5200","2,32",2.547,White,15.385,40.0
TEAMGROUP T-Force Delta RGB 32 GB,2599.8,"5,7200","2,16",4.062,White / Gray,9.444,34.0
Corsair Dominator Titanium 32 GB,4319.8,"5,7200","2,16",6.75,Black,9.444,34.0
Kingston Server Premier 32 GB,3174.4,"4,3200","1,32",4.96,,13.75,22.0
Klevv CRAS V RGB 32 GB,,"5,6000","2,16",,White,10.0,30.0
ADATA XPG LANCER RGB 32 GB,2999.8,"5,6400","2,16",4.687,White,10.0,32.0
G.Skill Aegis 8 GB,552.79,"4,3200","1,8",3.455,Red / Black,10.0,16.0
Corsair Vengeance 64 GB,3819.8,"5,6000","2,32",2.984,Black,12.667,38.0
G.Skill Trident Z5 Royal Neo RGB 32 GB,3599.8,"5,8000","2,16",5.625,Silver,9.5,38.0
TEAMGROUP T-Force Vulcan Z 16 GB,779.8,"4,3600","2,8",2.437,Red,10.0,18.0
Corsair Vengeance 32 GB,2219.79,"5,6000","2,16",3.468,White,12.0,36.0
G.Skill Ripjaws M5 RGB 64 GB,4299.8,"5,6000","2,32",3.359,Black,10.0,30.0
Corsair Dominator Titanium 32 GB,3599.8,"5,7200","2,16",5.625,White,9.444,34.0
Timetec PINNACLE Konduit RGB 32 GB,,"4,3200","2,16",,White,10.0,16.0
Kingston FURY Beast 16 GB,1793.0,"5,6000","1,16",5.603,Black,10.0,30.0
Kingston HyperX Fury 16 GB,,"3,1866","2,8",,Black / Silver,10.718,10.0
Corsair Vengeance LPX 64 GB,3599.8,"4,3200","4,16",2.812,Black / Yellow,10.0,16.0
Corsair Vengeance RGB 64 GB,6359.8,"5,6600","4,16",4.969,Black / Gray,9.697,32.0
G.Skill F5-6000J3636F32GX2-FX5 64 GB,3099.8,"5,6000","2,32",2.422,Black,12.0,36.0
Kingston HyperX Fury 16 GB,,"4,2666","2,8",,Black,12.003,16.0
Crucial Ballistix 1 GB,,"2,1066","1,1",,Green,9.381,5.0
G.Skill Trident Z5 Neo RGB 32 GB,2699.8,"5,6400","2,16",4.218,White,9.375,30.0
G.Skill Trident Z5 RGB 32 GB,2199.79,"5,5600","2,16",3.437,Black,10.0,28.0
Kingston FURY Beast 64 GB,5199.8,"5,6400","2,32",4.062,Black,10.0,32.0
Patriot Viper Elite II 32 GB,1899.8,"4,4000","2,16",2.968,Red / Black,10.0,20.0
G.Skill Trident Z Neo 64 GB,4299.8,"4,3600","4,16",3.359,Black / Silver,8.889,16.0
Kingston HyperX Fury 8 GB,,"4,3200","1,8",,Black / Silver,11.25,18.0
Corsair Vengeance RGB 64 GB,5199.8,"5,6000","2,32",4.062,White / Gray,10.0,30.0
TEAMGROUP T-Force Vulcan 16 GB,1059.8,"5,5200","2,8",3.312,Black,15.385,40.0
Corsair Vengeance 96 GB,4919.8,"5,5600","2,48",2.562,Black,14.286,40.0
Lexar Ares RGB 2nd Gen 32 GB,,"5,6000","2,16",,Black,8.667,26.0
Corsair Vengeance 32 GB,2299.79,"5,6400","2,16",3.593,Black / Gray,10.0,32.0
Corsair Vengeance RGB 64 GB,5399.8,"5,6600","2,32",4.219,Black / Gray,9.697,32.0
Corsair Dominator Titanium 32 GB,3799.8,"5,6600","2,16",5.937,Black,9.697,32.0
G.Skill Trident Z RGB 32 GB,1959.8,"4,3600","2,16",3.062,Black,8.889,16.0
G.Skill Trident Z RGB 64 GB,3399.8,"4,4000","2,32",2.656,Black,9.0,18.0
Silicon Power XPOWER Zenith RGB Gaming 32 GB,1459.6,"4,3600","2,16",2.281,Black,10.0,18.0
G.Skill Trident Z5 Royal Neo RGB 32 GB,3599.8,"5,6000","2,16",5.625,Gold,9.333,28.0
Crucial CT4K32G4LFQ4213 128 GB,,"4,2133","4,32",,Black / Green,14.065,15.0
Corsair Vengeance 64 GB,5999.8,"5,6600","4,16",4.687,Black / Gray,9.697,32.0
G.Skill Trident Z5 RGB 64 GB,3399.8,"5,6000","2,32",2.656,White / Black,12.0,36.0
Silicon Power XPOWER Storm RGB 32 GB,1999.4,"5,7200","2,16",3.124,Black,9.444,34.0
G.Skill Ripjaws X 8 GB,650.4,"3,1600","2,4",4.065,Black / Red,11.25,9.0
Corsair Vengeance RGB RS 16 GB,1659.8,"4,3200","2,8",5.187,Black / Gray,10.0,16.0
Patriot Viper Venom 64 GB,2899.8,"5,5200","2,32",2.265,Black / White,15.385,40.0
Corsair Vengeance LPX 32 GB,2007.2,"4,3200","4,8",3.136,Black / Yellow,10.0,16.0
Timetec PINNACLE Konduit 8 GB,359.79,"4,3600","1,8",2.249,White,10.0,18.0
G.Skill Flare X5 256 GB,15599.8,"5,6000","4,64",3.047,Black,12.0,36.0
Corsair Vengeance 32 GB,1939.8,"5,5200","2,16",3.031,Gray,15.385,40.0
Crucial Ballistix 16 GB,,"4,3600","2,8",,Black,8.889,16.0
Corsair Dominator Platinum RGB 32 GB,3439.8,"5,6000","2,16",5.375,Black,10.0,30.0
ADATA XPG GAMMIX D30 16 GB,,"4,3200","2,8",,Silver / Black,10.0,16.0
Crucial Pro 48 GB,2101.6,"5,5600","2,24",2.189,Black,16.429,46.0
TEAMGROUP T-Create Expert 96 GB,5839.8,"5,6400","2,48",3.042,White,10.0,32.0
Corsair Vengeance 96 GB,5719.8,"5,5600","4,24",2.979,Black / Silver,14.286,40.0
Corsair Vengeance 32 GB,2299.79,"5,6000","2,16",3.593,Gray,12.0,36.0
ADATA XPG GAMMIX D10 16 GB,,"4,3000","2,8",,Black / White,10.667,16.0
Silicon Power SP032GBLVU480F22 32 GB,,"5,4800","2,16",,,16.667,40.0
Patriot Viper Xtreme 5 RGB 48 GB,3379.6,"5,8000","2,24",3.52,Black,9.5,38.0
Kingston FURY Beast 64 GB,2999.8,"4,3200","2,32",2.344,Black / Silver,10.0,16.0
Patriot Signature Line 8 GB,559.6,"5,4800","1,8",3.498,Black,16.667,40.0
G.Skill Ripjaws M5 RGB 48 GB,2199.79,"5,5200","2,24",2.291,Black,15.385,40.0
TEAMGROUP T-Force Delta RGB 16 GB,1559.8,"5,6000","2,8",4.874,Black,12.667,38.0
Patriot Viper Venom 32 GB,,"5,6800","2,16",,Black / White,10.0,34.0
KingBank SharpBlade 32 GB,,"5,6000","2,16",,Black,12.0,36.0
G.Skill Trident Z5 RGB 32 GB,3099.8,"5,7800","2,16",4.843,Black,9.231,36.0
G.Skill Aegis 8 GB,547.6,"4,3000","1,8",3.422,Black / Red,10.667,16.0
Corsair VS2GB1333D3 G 2 GB,,"3,1333","1,2",,Black / White,13.503,9.0
TEAMGROUP T-Create Expert 32 GB,1619.8,"5,5600","2,16",2.531,Black / Gold,13.571,38.0
Patriot Viper Elite II 16 GB,999.8,"4,4000","2,8",3.124,Red / Black,10.0,20.0
Timetec 75TT133U2R8-8G 8 GB,239.8,"3,1333","1,8",1.499,Green / Black,13.503,9.0
KingBank SharpBlade RGB 32 GB,,"5,6400","2,16",,White,10.0,32.0
TEAMGROUP T-Force Vulcan 32 GB,1599.8,"5,6000","2,16",2.5,Black,12.667,38.0
Corsair Dominator Platinum RGB 64 GB,5799.8,"5,6000","2,32",4.531,Black,10.0,30.0
Corsair Vengeance RGB Pro 32 GB,2180.0,"4,3200","2,16",3.406,Black,10.0,16.0
Corsair Vengeance 64 GB,3919.8,"5,6000","2,32",3.062,Gray,13.333,40.0
G.Skill Ripjaws M5 RGB 32 GB,2299.79,"5,6000","2,16",,Black,10.0,30.0
Crucial CT2K16G56C46S5 32 GB,1559.8,"5,5600","2,16",2.437,Black,16.429,46.0
Corsair Vengeance RGB 64 GB,5519.8,"5,6000","4,16",4.312,Black,12.0,36.0
Kingston FURY Beast RGB 32 GB,2595.0,"5,6000","2,16",4.055,Black,12.0,36.0
TEAMGROUP T-Force Delta RGB 32 GB,1819.8,"5,5600","2,16",2.843,White,12.857,36.0
Kingston FURY Beast RGB 16 GB,1279.8,"5,5200","2,8",3.999,Black,15.385,40.0
G.Skill Trident Z5 RGB 96 GB,6999.8,"5,6400","2,48",3.646,White / Black,10.0,32.0
G.Skill Trident Z5 Royal 32 GB,3139.8,"5,7200","2,16",4.906,Silver,9.444,34.0
Patriot Viper Steel 16 GB,959.8,"4,3600","2,8",2.999,Gray,10.0,18.0
G.Skill Ripjaws V 16 GB,799.8,"4,3200","2,8",2.499,Red,10.0,16.0
Corsair Vengeance RGB Pro SL 16 GB,2059.79,"4,3600","2,8",6.437,Black,10.0,18.0
TEAMGROUP Elite 16 GB,999.8,"5,4800","2,8",3.124,Black,16.667,40.0
TEAMGROUP T-Force Delta RGB 32 GB,1819.8,"5,5600","2,16",2.843,Black,12.857,36.0
Patriot Viper Venom 32 GB,2299.79,"5,7200","2,16",3.593,Black / White,9.444,34.0
Corsair Vengeance 64 GB,3099.8,"5,4800","2,32",2.422,Black,16.667,40.0
Corsair Vengeance 96 GB,6999.8,"5,6600","2,48",3.646,Black / Silver,9.697,32.0
Silicon Power XPOWER Pulse Gaming 64 GB,3399.8,"5,6000","2,32",2.656,Black / White,10.0,30.0
Corsair Vengeance RGB 48 GB,2899.8,"5,6000","2,24",3.021,Black / Silver,12.0,36.0
Corsair Dominator Titanium 32 GB,4199.8,"5,7000","2,16",6.562,White,9.714,34.0
Patriot Signature Premium 16 GB,839.8,"4,2666","1,16",2.624,Black,14.254,19.0
Patriot Viper Xtreme 5 48 GB,3199.8,"5,7600","2,24",3.333,Black,9.474,36.0
TEAMGROUP T-Force Vulcan 32 GB,1659.8,"5,6000","2,16",2.593,Red,12.667,38.0
Patriot Signature 8 GB,299.8,"3,1600","1,8",1.874,Blue / Silver,13.75,11.0
Mushkin Redline ST 64 GB,4199.8,"5,6400","2,32",3.281,Black,9.375,30.0
ADATA XPG SPECTRIX D60G 16 GB,799.8,"4,3200","2,8",2.499,,10.0,16.0
Crucial Ballistix 32 GB,,"4,3200","2,16",,Black,10.0,16.0
Patriot Viper Xtreme 5 32 GB,2199.79,"5,7600","2,16",3.437,Black,9.474,36.0
Corsair Vengeance 96 GB,4599.8,"5,5200","2,48",2.396,Black,14.615,38.0
G.Skill Ripjaws S5 32 GB,1999.8,"5,6000","2,16",3.125,Black,10.667,32.0
G.Skill Ripjaws S5 48 GB,2599.8,"5,6400","2,24",2.708,Black,11.25,36.0
Patriot Viper Venom 16 GB,,"5,5200","1,16",,Black / White,13.846,36.0
G.Skill Aegis 32 GB,1379.6,"4,3000","2,16",2.156,Red / Black,10.667,16.0
Patriot Viper Steel 16 GB,839.8,"4,3200","1,16",2.624,Silver / Black,10.0,16.0
Patriot Viper Steel RGB 32 GB,1919.8,"4,3600","2,16",3.0,Black,11.111,20.0
Corsair Vengeance LPX 16 GB,1299.6,"4,3000","1,16",4.061,Black,10.667,16.0
G.Skill Trident Z Neo 64 GB,3599.8,"4,3600","2,32",2.812,Black / Silver,8.889,16.0
Patriot Viper Elite 5 RGB TUF GAMING ALLIANCE 48 GB,2599.8,"5,6000","2,24",2.708,White,12.0,36.0
Corsair Vengeance RGB RT 32 GB,2399.79,"4,3600","2,16",3.75,Black,8.889,16.0
Silicon Power XPOWER Pulse Gaming 64 GB,2959.8,"5,6000","2,32",2.312,Black,12.667,38.0
Patriot Viper Elite 5 RGB 32 GB,1639.8,"5,5600","1,32",2.562,White,13.571,38.0
Patriot Viper Elite 5 RGB TUF GAMING ALLIANCE 32 GB,1959.8,"5,6000","2,16",3.062,White,12.0,36.0
Kingston FURY Renegade 96 GB,5799.0,"5,6000","2,48",3.02,Silver / Black,10.667,32.0
Kingston Fury Renegade RGB 32 GB,3380.0,"5,6400","2,16",5.281,Silver / Black,10.0,32.0
SK Hynix HMA81GU6MFR8N-UH 8 GB,,"4,2400","1,8",,Green / Black,14.167,17.0
TEAMGROUP T-Create Expert 64 GB,3539.8,"5,6000","2,32",2.765,White,11.333,34.0
TEAMGROUP Xtreem 48 GB,4759.8,"5,8200","2,24",4.958,Black,9.268,38.0
Patriot Viper Elite 5 RGB TUF GAMING ALLIANCE 32 GB,2099.79,"5,6600","2,16",3.281,White,10.303,34.0
Corsair Vengeance 32 GB,3299.8,"5,7200","2,16",5.156,Gray,9.444,34.0
Corsair Vengeance LPX 16 GB,744.2,"4,3000","2,8",,White,10.667,16.0
Corsair Vengeance RGB 64 GB,4739.8,"5,5600","4,16",3.703,Black / Gray,12.857,36.0
TEAMGROUP T-Create Expert 32 GB,1759.8,"5,6000","2,16",2.75,White,12.667,38.0
Corsair Dominator Titanium 96 GB,8399.79,"5,6400","2,48",4.375,Black,10.0,32.0
Corsair Dominator Titanium 96 GB,9319.79,"5,6000","4,24",4.854,Black,10.0,30.0
TEAMGROUP Elite 16 GB,339.6,"3,1600","2,8",1.061,Black,13.75,11.0
G.Skill Trident Z5 Neo RGB 96 GB,8499.79,"5,6000","2,48",4.427,Silver / Black,9.333,28.0
Corsair Dominator Platinum RGB 32 GB,2759.2,"4,3200","2,16",4.311,Black,10.0,16.0
G.Skill Trident Z5 Royal Neo RGB 32 GB,,"5,6000","2,16",,Silver,8.667,26.0
G.Skill Trident Z5 RGB 32 GB,2399.79,"5,6400","2,16",3.75,White / Black,10.0,32.0
G.Skill Ripjaws M5 RGB 96 GB,3759.8,"5,5200","2,48",1.958,White,15.385,40.0
Corsair Dominator Platinum RGB 64 GB,4599.8,"5,5600","2,32",3.594,White,14.286,40.0
Klevv CRAS X RGB 16 GB,999.8,"4,3200","2,8",3.124,Black,10.0,16.0
ADATA XPG Lancer Blade RGB 32 GB,3799.6,"5,6400","2,16",5.937,Black,10.0,32.0
Kingston FURY Beast 32 GB,2008.6,"5,5600","1,32",3.138,Black,14.286,40.0
Kingston FURY Beast 8 GB,906.59,"5,6000","1,8",5.666,Black,10.0,30.0
G.Skill Trident Z5 Royal Neo RGB 64 GB,,"5,6000","2,32",,Gold,8.667,26.0
Silicon Power XPOWER Zenith RGB Gaming 32 GB,1959.8,"5,6000","2,16",3.062,Black,10.0,30.0
Kingston HyperX Fury RGB 16 GB,,"4,3200","2,8",,Black,10.0,16.0
Gigabyte AORUS RGB 32 GB,,"5,6000","2,16",,Black,13.333,40.0
Kingston FURY Beast 64 GB,3779.8,"5,5600","2,32",2.953,Black,14.286,40.0
Corsair Dominator Titanium 32 GB,3799.8,"5,6600","2,16",5.937,White,9.697,32.0
Kingston FURY Renegade 16 GB,,"4,5333","2,8",,Black,7.5,20.0
G.Skill Trident Z5 Royal Neo RGB 48 GB,4799.8,"5,8000","2,24",5.0,Silver,10.0,40.0
TEAMGROUP Elite 8 GB,491.0,"4,3200","1,8",3.069,Black,13.75,22.0
Crucial CT25664AA667 2 GB,220.0,"2,667","1,2",5.5,Green,14.993,5.0
Crucial CT2K32G4DFD832A 64 GB,3799.8,"4,3200","2,32",2.969,Green / Black,13.75,22.0
Corsair Vengeance RGB Pro 16 GB,1359.6,"4,3600","2,8",4.249,White,10.0,18.0
Corsair Vengeance RGB Pro 32 GB,2399.79,"4,3200","4,8",3.75,White,10.0,16.0
G.Skill Ripjaws M5 RGB 96 GB,6399.8,"5,6400","2,48",3.333,White,10.0,32.0
Lexar Ares RGB 16 GB,899.8,"4,3600","2,8",2.812,Black,10.0,18.0
PNY XLR8 Gaming Low Profile 32 GB,1399.6,"4,3200","2,16",2.187,Black / Red,10.0,16.0
Corsair Vengeance LPX 8 GB,699.8,"4,2400","2,4",4.374,Black / Yellow,13.333,16.0
Crucial CT4G4DFS824A 4 GB,279.8,"4,2400","1,4",3.498,Black / Green,14.167,17.0
G.Skill Flare X5 64 GB,3199.8,"5,5600","2,32",2.5,Black / White,12.857,36.0
G.Skill Trident Z5 32 GB,2299.79,"5,6400","2,16",3.593,Black,10.0,32.0
Corsair Vengeance LPX 8 GB,919.8,"4,3200","1,8",5.749,Black,10.0,16.0
G.Skill Trident Z RGB 32 GB,1659.8,"4,3200","2,16",2.593,Black,10.0,16.0
Corsair Vengeance LPX 16 GB,1839.8,"4,3200","2,8",5.749,Black,10.0,16.0
Corsair Vengeance RGB RS 32 GB,1899.8,"4,3600","2,16",2.968,Black / Gray,10.0,18.0
Corsair Vengeance LPX 32 GB,2499.79,"4,2666","2,16",3.906,Black / Yellow,12.003,16.0
G.Skill Trident Z5 RGB 48 GB,3299.8,"5,6400","2,24",3.437,Black,10.0,32.0
PNY XLR8 Gaming MAKO 32 GB,2199.79,"5,6000","2,16",3.437,Black,13.333,40.0
TEAMGROUP T-Force Delta RGB 32 GB,3199.8,"5,8000","2,16",5.0,White,9.5,38.0
G.Skill Trident Z5 RGB 32 GB,1999.8,"5,6000","2,16",3.125,White / Black,12.0,36.0
Kingston FURY Beast 32 GB,2799.8,"5,6400","2,16",4.375,Black,10.0,32.0
G.Skill Ripjaws V 128 GB,5379.8,"4,3200","4,32",2.101,Black,10.0,16.0
TEAMGROUP T-Force Delta RGB 16 GB,,"5,5600","2,8",,Black,14.286,40.0
G.Skill Trident Z5 RGB 48 GB,4599.8,"5,8200","2,24",4.791,Black,9.756,40.0
Patriot Viper Venom RGB 32 GB,1799.8,"5,5600","1,32",2.812,Black / White,12.857,36.0
Kingston FURY Beast 16 GB,1116.0,"5,5600","1,16",3.487,Black,14.286,40.0
Kingston FURY Beast 16 GB,1319.6,"5,5600","2,8",4.124,Black,14.286,40.0
G.Skill Ripjaws V 64 GB,3199.8,"4,4000","2,32",2.5,Black,9.0,18.0
Kingston FURY Beast 32 GB,2740.0,"4,3200","1,32",4.281,Black,10.0,16.0
Patriot Viper Venom 16 GB,959.8,"5,5600","1,16",2.999,Black / White,12.857,36.0
Corsair Vengeance RGB Pro 128 GB,,"4,4000","4,32",,Black,9.0,18.0
G.Skill Trident Z5 Royal 32 GB,2799.8,"5,6400","2,16",4.375,Silver,10.0,32.0
Lexar Ares RGB 32 GB,5399.0,"5,6400","2,16",8.436,White,10.0,32.0
Kingston FURY Beast RGB 16 GB,1487.6,"5,5600","2,8",4.649,Black,12.857,36.0
Kingston KVR1333D3N9HK4/32G 32 GB,,"3,1333","4,8",,Green,13.503,9.0
Kingston FURY Beast RGB 16 GB,2685.4,"4,3200","2,8",8.392,Black,10.0,16.0
G.Skill Aegis 32 GB,1463.19,"4,3200","4,8",2.286,Red / Black,10.0,16.0
Kingston Fury Renegade RGB 48 GB,4283.6,"5,6400","1,48",4.462,Silver / Black,10.0,32.0
Corsair Vengeance RGB 32 GB,3119.8,"5,6400","2,16",4.875,White / Silver,10.0,32.0
Corsair Vengeance RGB 96 GB,5099.8,"5,5600","2,48",2.656,Black,14.286,40.0
Corsair Dominator Titanium 96 GB,8399.79,"5,6400","2,48",4.375,White,10.0,32.0
Timetec PINNACLE Konduit 16 GB,619.79,"4,3200","1,16",1.937,Black,10.0,16.0
G.Skill Trident Z5 Neo 128 GB,,"5,6000","2,64",,Black,10.667,32.0
Kingston FURY Beast RGB 32 GB,2236.6,"5,5200","2,16",3.495,Black,15.385,40.0
Timetec PINNACLE Konduit 8 GB,359.79,"4,3200","1,8",2.249,Black,10.0,16.0
Corsair Vengeance LPX 256 GB,13406.2,"4,3600","8,32",2.618,Black / Yellow,10.0,18.0
G.Skill Trident Z5 RGB 64 GB,4399.8,"5,6000","2,32",3.437,White / Black,10.0,30.0
Crucial CT64G4LFQ424A 64 GB,3199.8,"4,2400","1,64",2.5,Black / Green,14.167,17.0
Corsair Vengeance RGB 64 GB,4059.8,"5,6000","2,32",3.172,Black,12.667,38.0
G.Skill Flare X5 32 GB,2259.79,"5,6400","2,16",3.531,Black,10.0,32.0
Samsung M378B5173DB0-CK0 4 GB,377.8,"3,1600","1,4",4.723,Green,13.75,11.0
Patriot Viper Steel 8 GB,479.6,"4,3200","1,8",,Silver / Black,10.0,16.0
G.Skill Ripjaws M5 RGB 32 GB,1959.8,"5,6400","2,16",3.062,White,11.25,36.0
Kingston FURY Beast 128 GB,6613.0,"5,5600","2,64",2.583,Black,14.286,40.0
Corsair Dominator Titanium 64 GB,6599.8,"5,6000","4,16",5.156,White,12.0,36.0
TEAMGROUP T-Create Expert 32 GB,2339.79,"5,7200","2,16",3.656,White,9.444,34.0
Corsair Vengeance RGB 48 GB,3139.8,"5,6000","2,24",3.271,Black / Silver,12.0,36.0
TEAMGROUP T-Force Delta RGB 48 GB,3139.8,"5,6400","2,24",3.271,Black,10.0,32.0
Patriot Viper Elite II 32 GB,1699.8,"4,3600","2,16",2.656,Red / Black,11.111,20.0
G.Skill Ripjaws V 16 GB,799.8,"4,2400","2,8",,Black / Red,12.5,15.0
Kingston Fury Renegade RGB 256 GB,,"4,3200","8,32",,Black / Silver,10.0,16.0
Corsair Vengeance LPX 16 GB,1839.8,"4,3600","2,8",5.749,Black / Yellow,10.0,18.0
Kingston Kingston Fury Red 16GB (2x8GB) DDR4 PC4-21300C16 2666MHz Dual Channel Kit (HX426C16FR2K2/16) 16 GB,,"4,2666","2,8",,Red,12.003,16.0
ADATA XPG Lancer Blade 32 GB,2985.6,"5,6400","2,16",4.665,Black,10.0,32.0
Kingston HyperX Fury 16 GB,,"3,1600","2,8",,Blue / Silver,12.5,10.0
ADATA XPG SPECTRIX D50 32 GB,2199.79,"4,3200","2,16",3.437,White,10.0,16.0
TEAMGROUP T-Force Vulcan 32 GB,1939.8,"5,6000","2,16",3.031,Red,10.0,30.0
Corsair Dominator Titanium 48 GB,4199.8,"5,6000","2,24",4.375,White,10.0,30.0
ADATA XPG Lancer Blade RGB 16 GB,,"5,6000","1,16",,Black,10.0,30.0
Corsair Vengeance 64 GB,5299.8,"5,6000","4,16",4.14,Black,12.0,36.0
ADATA XPG Lancer Blade 16 GB,1388.19,"5,5600","1,16",4.338,Black,16.429,46.0
G.Skill Ripjaws S5 32 GB,1699.8,"5,5200","2,16",2.656,White,15.385,40.0
Patriot Viper Venom RGB 32 GB,1959.8,"5,6000","1,32",3.062,Black / White,10.0,30.0
Patriot Viper Venom 32 GB,2399.79,"5,7400","2,16",3.75,Black / White,9.73,36.0
Kingston FURY Beast RGB 16 GB,1442.2,"5,5200","2,8",4.507,Black,13.846,36.0
G.Skill TridentZ RGB 32 GB,8360.0,"4,4800","2,16",13.062,Black,8.333,20.0
Lexar THOR 16 GB,,"4,3600","2,8",,White,10.0,18.0
Corsair Vengeance LED 64 GB,,"4,3000","4,16",,Black / White,10.0,15.0
G.Skill Ripjaws S5 64 GB,9856.79,"5,6000","2,32",7.701,White,10.0,30.0
Kingston FURY Beast 16 GB,1579.0,"5,6000","2,8",4.934,Black,10.0,30.0
Kingston ValueRAM 8 GB,519.79,"4,2666","1,8",3.249,Green / Black,14.254,19.0
ADATA XPG SPECTRIX D35G RGB 8 GB,,"4,3200","1,8",,Black,10.0,16.0
G.Skill Ripjaws V 32 GB,1599.6,"4,3600","2,16",2.499,Red / Black,10.556,19.0
PNY XLR8 Gaming EPIC-X RGB 32 GB,1399.6,"4,3200","2,16",2.187,Black,10.0,16.0
Corsair Dominator Titanium 32 GB,3599.8,"5,6000","2,16",5.625,Gray,10.0,30.0
Corsair Vengeance LPX 32 GB,2599.8,"4,4000","2,16",4.062,Black / Yellow,9.0,18.0
TEAMGROUP T-Force Vulcan Z 32 GB,,"4,3200","2,16",,Red,10.0,16.0
Corsair Vengeance RGB Pro SL 64 GB,4399.8,"4,3600","4,16",3.437,White,10.0,18.0
Corsair Vengeance RGB Pro 64 GB,4399.8,"4,3600","4,16",3.437,Black,10.0,18.0
Corsair Dominator Titanium 48 GB,4679.8,"5,6000","2,24",4.875,Black,10.0,30.0
Patriot Viper Xtreme 5 RGB 32 GB,2939.8,"5,8000","2,16",4.593,Black,9.5,38.0
Kingston FURY Beast 32 GB,,"5,6000","2,16",,Black,12.0,36.0
G.Skill Trident Z5 Neo RGB 32 GB,2239.6,"5,5600","2,16",3.499,Black,10.0,28.0
Kingston Server Premier 16 GB,2063.0,"4,3200","1,16",6.447,,13.75,22.0
GOODRAM IRDM PRO 32 GB,2934.4,"4,3600","2,16",4.585,Black,10.0,18.0
TEAMGROUP T-Force Xtreem 32 GB,2439.79,"5,7200","2,16",,Pink,9.444,34.0
GeIL Dragon RAM 16 GB,,"4,3200","2,8",,White / Gold,9.375,15.0
Corsair Vengeance RGB Pro SL 32 GB,2819.8,"4,3200","2,16",4.406,White / Black,10.0,16.0
ADATA XPG LANCER RGB 32 GB,3899.8,"5,6000","2,16",6.093,Black,10.0,30.0
G.Skill Trident Z5 RGB 48 GB,3799.8,"5,7200","2,24",3.958,Black,10.0,36.0
Crucial Pro Overclocking 16 GB,1613.6,"5,6000","1,16",5.043,Black,12.0,36.0
Kingston FURY Beast 32 GB,5330.8,"5,4800","2,16",8.329,Black / Silver,15.833,38.0
G.Skill Trident Z Neo 64 GB,3399.8,"4,3600","2,32",2.656,Silver / Black,10.0,18.0
Corsair Vengeance LPX 32 GB,1657.8,"4,2400","2,16",2.59,Black / Yellow,13.333,16.0
G.Skill Ripjaws S5 32 GB,2399.79,"5,6800","2,16",3.75,Black,10.0,34.0
Kingston FURY Beast 64 GB,4419.8,"5,6000","2,32",3.453,Black / Silver,12.0,36.0
Corsair Dominator Titanium 64 GB,6599.8,"5,6400","2,32",5.156,Black,10.0,32.0
Patriot Signature Line 16 GB,899.8,"4,3200","2,8",2.812,,11.875,19.0
Corsair Vengeance RGB 96 GB,6997.0,"5,6400","2,48",3.644,Black / Silver,10.0,32.0
Patriot Viper Venom 32 GB,3085.6,"5,6600","2,16",4.821,Black / White,10.303,34.0
Corsair Vengeance LPX 16 GB,1619.6,"4,3600","1,16",5.061,Black,10.0,18.0
TEAMGROUP T-Create Expert 96 GB,6919.8,"5,6800","2,48",3.604,Black,10.588,36.0
G.Skill Trident Z5 Neo RGB 48 GB,3399.8,"5,6400","2,24",3.541,White / Black,10.0,32.0
Corsair Vengeance RGB 48 GB,4279.8,"5,7600","2,24",4.458,Black,9.474,36.0
Corsair Vengeance LPX 32 GB,2579.8,"4,3000","2,16",4.031,Black,10.667,16.0
Samsung Green 8 GB,479.79,"4,2133","1,8",2.999,Green / Black,14.065,15.0
ADATA XPG SPECTRIX D35G RGB 16 GB,1765.2,"4,3600","2,8",5.516,Black,10.0,18.0
Kingston FURY Beast RGB 128 GB,,"5,5600","2,64",,Black,14.286,40.0
TEAMGROUP Elite 16 GB,759.8,"5,5600","1,16",2.374,Black,16.429,46.0
G.Skill Trident Z5 Neo RGB 64 GB,4399.8,"5,6000","2,32",3.437,Black / Silver,10.667,32.0
Patriot Viper Elite 5 RGB 64 GB,3599.8,"5,6200","2,32",2.812,White,13.548,42.0
G.Skill Ripjaws M5 Neo RGB 32 GB,,"5,6000","2,16",,White,9.333,28.0
G.Skill Ripjaws M5 Neo RGB 64 GB,,"5,6000","2,32",,White,9.333,28.0
Patriot Viper Venom RGB 16 GB,1059.8,"5,6000","1,16",3.312,Black / White,10.0,30.0
G.Skill Trident Z5 RGB 48 GB,2799.8,"5,6400","2,24",2.916,Black,11.25,36.0
Corsair Dominator Titanium 32 GB,4199.8,"5,7000","2,16",6.562,Black,9.714,34.0
Klevv CRAS V RGB 32 GB,,"5,7200","2,16",,Black,9.444,34.0
G.Skill Flare X5 32 GB,2299.79,"5,6000","2,16",3.593,Black,10.0,30.0
G.Skill Ripjaws M5 RGB 32 GB,1959.8,"5,6400","2,16",3.062,Black,11.25,36.0
Corsair Vengeance RGB RS 32 GB,2759.8,"4,3200","2,16",4.312,Black / Gray,10.0,16.0
TEAMGROUP Elite 32 GB,1579.6,"5,4800","2,16",2.468,Black,16.667,40.0
Corsair Vengeance RGB Pro SL 16 GB,1199.8,"4,3600","2,8",3.749,White / Black,10.0,18.0
G.Skill Ripjaws M5 Neo RGB 32 GB,,"5,6000","2,16",,Black,9.333,28.0
Corsair Vengeance LPX 16 GB,1479.6,"4,3000","2,8",4.624,Black,10.667,16.0
Crucial CT8G4DFRA266 8 GB,379.6,"4,2666","1,8",2.373,Green,14.254,19.0
Patriot Viper Elite 5 RGB TUF GAMING ALLIANCE 48 GB,,"5,6600","2,24",,White,10.303,34.0
Corsair Dominator Titanium 48 GB,4999.8,"5,7200","2,24",5.208,Black,10.0,36.0
Patriot Signature Premium 16 GB,859.8,"4,2666","2,8",2.687,Black,14.254,19.0
Thermaltake TOUGHRAM XG RGB D5 32 GB,3099.6,"5,6000","2,16",4.843,Black / Silver,12.0,36.0
G.Skill Ripjaws M5 Neo RGB 64 GB,,"5,6000","2,32",,Black,12.0,36.0
TEAMGROUP T-Create Classic 16 GB,799.8,"4,3200","2,8",2.499,Silver,13.75,22.0
Kingston FURY Beast 32 GB,2865.4,"4,3600","1,32",4.477,Black,9.444,17.0
G.Skill Trident Z5 Neo RGB 32 GB,2699.8,"5,7200","2,16",4.218,Silver / Black,9.444,34.0
G.Skill Trident Z Neo 32 GB,1899.8,"4,3600","2,16",2.968,Black / Silver,10.0,18.0
G.Skill Trident Z Royal 32 GB,2399.79,"4,4000","2,16",3.75,Silver,9.0,18.0
G.Skill Ripjaws V 16 GB,1059.8,"4,4000","2,8",3.312,Black,9.0,18.0
G.Skill Flare X5 64 GB,2859.8,"5,5200","2,32",2.234,Black / White,13.846,36.0
Corsair Dominator Platinum RGB 64 GB,5739.8,"5,5600","4,16",4.484,Black,12.857,36.0
Kingston FURY Renegade 32 GB,3094.4,"4,3600","2,16",4.835,Silver / Black,8.889,16.0
Crucial CT32G4DFD832A 32 GB,1959.6,"4,3200","1,32",3.062,Green / Black,13.75,22.0
Patriot Viper Venom 32 GB,1479.6,"5,5600","1,32",2.312,Black / White,12.857,36.0
Corsair XMS2 4 GB,,"2,1066","2,2",,Black / Purple,13.133,7.0
G.Skill Ripjaws V 32 GB,1399.6,"4,2400","2,16",2.187,Red,12.5,15.0
Kingston FURY Beast RGB 64 GB,5629.8,"5,6400","2,32",4.398,White,10.0,32.0
Kingston FURY Beast 8 GB,679.8,"5,5600","1,8",4.249,Black,14.286,40.0
TEAMGROUP T-Force Vulcan Z 64 GB,,"4,3200","2,32",,Gray,10.0,16.0
Corsair Vengeance LPX 8 GB,739.8,"4,3000","1,8",4.624,Black,10.667,16.0
Corsair Dominator Platinum RGB 64 GB,5999.8,"5,6600","2,32",4.687,Black,9.697,32.0
Corsair Vengeance LPX 8 GB,919.59,"4,3200","1,8",5.747,Black / Yellow,10.0,16.0
ADATA XPG Lancer Blade 32 GB,,"5,5600","2,16",,Black,16.429,46.0
G.Skill Trident Z5 Neo RGB 48 GB,4399.8,"5,8000","2,24",4.583,Black,10.0,40.0
Crucial CT2KIT51264BD160B 8 GB,417.8,"3,1600","2,4",2.611,Green,13.75,11.0
Corsair Vengeance RGB 32 GB,2699.8,"5,7000","2,16",4.218,Black / Gray,10.286,36.0
G.Skill Trident Z5 Neo RGB 32 GB,2499.79,"5,6000","2,16",3.906,Black,10.667,32.0
G.Skill Ripjaws V 64 GB,3099.8,"4,3200","2,32",2.422,Black,10.0,16.0
G.Skill Trident Z Royal 16 GB,1599.6,"4,3200","2,8",4.999,Silver,10.0,16.0
Corsair Vengeance 32 GB,2859.8,"5,7000","2,16",4.468,Black / Silver,11.429,40.0
SK Hynix HMAA2GU6CJR8N-XN 16 GB,,"4,3200","1,16",,Green,13.75,22.0
TEAMGROUP T-Force Delta RGB 48 GB,3139.8,"5,6400","2,24",3.271,White,10.0,32.0
G.Skill Trident Z5 RGB 48 GB,4499.8,"5,8000","2,24",4.687,Black,9.5,38.0
Corsair Dominator Titanium 32 GB,3779.8,"5,6400","2,16",5.906,White,10.0,32.0
G.Skill Aegis 32 GB,1499.8,"4,2666","2,16",2.343,Black / Red,14.254,19.0
Klevv BOLT X 32 GB,,"4,3200","2,16",,Black,10.0,16.0
TEAMGROUP T-Force Vulcan 64 GB,3399.8,"5,6000","2,32",2.656,Black,12.667,38.0
Patriot Viper Elite II 32 GB,1699.8,"4,3200","2,16",2.656,Red / Black,11.25,18.0
ADATA XPG GAMMIX D20 16 GB,759.8,"4,3200","2,8",2.374,Black / Silver,10.0,16.0
Corsair Vengeance RGB 32 GB,3179.8,"5,6600","2,16",4.968,Black,9.697,32.0
G.Skill Ripjaws S5 32 GB,1759.8,"5,5600","2,16",2.75,Black,12.857,36.0
Kingston FURY Beast RGB 8 GB,779.8,"5,5200","1,8",4.874,Black,15.385,40.0
Corsair Vengeance RGB 48 GB,,"5,6000","2,24",,Black,12.0,36.0
Patriot Venom RGB 64 GB,3799.8,"5,6000","2,32",2.969,Black,10.0,30.0
Corsair Dominator Platinum RGB 64 GB,5799.8,"5,6000","2,32",4.531,Black,10.0,30.0
G.Skill Ripjaws Z 32 GB,,"3,1600","4,8",,Black / Red,12.5,10.0
Patriot Viper 3 16 GB,519.79,"3,1600","2,8",1.624,Black / Silver,11.25,9.0
Kingston KVR21R15D4K4/64 64 GB,2171.39,"4,2133","4,16",1.696,Black / Green,14.065,15.0
Corsair Vengeance 96 GB,7598.0,"5,6000","4,24",3.957,Black,10.0,30.0
Kingston FURY Beast RGB 32 GB,2919.8,"5,6400","2,16",4.562,Black,10.0,32.0
TEAMGROUP T-Force Vulcan Z 8 GB,910.0,"4,3200","1,8",5.688,Black,10.0,16.0
Kingston HyperX Fury 16 GB,,"4,2666","1,16",,Black,12.003,16.0
OLOy WarHawk RGB 16 GB,879.8,"4,3200","2,8",2.749,Black / Gold,10.0,16.0
Corsair Dominator Titanium 64 GB,6599.8,"5,6400","2,32",5.156,White,10.0,32.0
TEAMGROUP T-Create Expert 64 GB,5162.0,"4,3200","2,32",4.033,Gray,10.0,16.0
Kingston FURY Beast RGB 32 GB,2278.19,"5,5600","2,16",3.56,White,12.857,36.0
G.Skill Value 8 GB,516.79,"4,2400","2,4",3.23,Black,14.167,17.0
ADATA XPG Z1 16 GB,,"4,3000","2,8",,Silver / Black,10.667,16.0
Corsair Vengeance RGB RT 16 GB,,"4,3200","2,8",,White / Black,10.0,16.0
G.Skill Ripjaws S5 64 GB,2999.8,"5,5600","2,32",2.344,White,12.857,36.0
Corsair Vengeance 96 GB,6799.8,"5,6800","2,48",3.542,Black,11.765,40.0
Klevv CRAS V RGB 64 GB,,"5,6000","2,32",,White,10.0,30.0
Corsair Vengeance RGB 96 GB,7579.8,"5,6800","2,48",3.948,Black / Silver,11.765,40.0
Patriot Viper Venom RGB 16 GB,959.8,"5,5600","1,16",2.999,Black / White,12.857,36.0
Lexar Ares RGB 2nd Gen 32 GB,,"5,6000","2,16",,Black,9.333,28.0
Corsair Vengeance 32 GB,2199.79,"5,6000","2,16",3.437,White / Gray,12.0,36.0
Patriot Viper Venom RGB 32 GB,1699.8,"5,5600","2,16",2.656,Black / White,12.857,36.0
Kingston HyperX Fury 16 GB,,"4,2400","2,8",,Black / White,12.5,15.0
TEAMGROUP Xtreem ARGB 32 GB,,"5,6000","2,16",,Black,10.0,30.0
Corsair Vengeance RGB 64 GB,3399.8,"5,5200","2,32",2.656,White / Gray,15.385,40.0
G.Skill Ripjaws M5 RGB 32 GB,2299.79,"5,6400","2,16",3.593,Black,10.0,32.0
Patriot Viper Venom RGB 32 GB,,"5,5200","1,32",,Black / White,13.846,36.0
Kingston Fury Renegade RGB 64 GB,5559.6,"5,6400","2,32",4.343,Silver / Black,10.0,32.0
ADATA XPG GAMMIX D10 8 GB,983.0,"4,3200","1,8",6.144,Black,10.0,16.0
G.Skill Trident Z5 Neo 32 GB,2199.79,"5,5600","2,16",3.437,Black,10.0,28.0
G.Skill Ripjaws V 128 GB,6199.8,"4,3600","4,32",2.422,Black,10.0,18.0
OLOy MD4U1636181CHKDA 32 GB,1519.8,"4,3600","2,16",,Black,10.0,18.0
Corsair Vengeance LPX 16 GB,1439.6,"4,3200","2,8",4.499,White,10.0,16.0
TEAMGROUP T-Force Delta RGB 32 GB,1639.8,"5,5600","2,16",2.562,White,13.571,38.0
TEAMGROUP T-Force Vulcan TUF Gaming Alliance 16 GB,,"4,3200","2,8",,Gold / Black,10.0,16.0
Timetec FBA_75TT160UL1R8-4G 16 GB,339.6,"3,1600","2,8",1.061,Black,13.75,11.0
Klevv CRAS V RGB 64 GB,,"5,6000","2,32",,Black,10.0,30.0
TEAMGROUP T-Force Delta RGB 64 GB,3599.8,"5,6000","2,32",2.812,White,12.667,38.0
Kingston FURY 128 GB,7860.0,"5,5200","4,32",3.07,White,15.385,40.0
Kingston FURY Beast 32 GB,2643.8,"4,3200","2,16",4.131,Black,10.0,16.0
Corsair Vengeance 48 GB,3599.8,"5,6000","2,24",3.75,White / Gray,10.0,30.0
G.Skill Trident Z5 Neo RGB 48 GB,5299.8,"5,6000","2,24",5.521,White / Black,8.667,26.0
G.Skill Ripjaws M5 RGB 32 GB,2299.79,"5,6400","2,16",3.593,White,10.0,32.0
TEAMGROUP T-Create Expert 96 GB,6919.8,"5,6800","2,48",3.604,White,10.588,36.0
Corsair Vengeance RGB 32 GB,1999.8,"5,6400","2,16",3.125,Black / Gray,11.25,36.0
G.Skill Trident Z5 Royal 48 GB,,"5,7200","2,24",,Silver,10.0,36.0
ADATA XPG Lancer Blade RGB 32 GB,,"5,6000","2,16",,White,12.0,36.0
Crucial CT16G4DFD824A 16 GB,700.0,"4,2400","1,16",2.188,Green / Black,14.167,17.0
G.Skill Ripjaws S5 64 GB,3199.8,"5,5200","2,32",2.5,Black,15.385,40.0
Kingston FURY 64 GB,4859.8,"5,5600","4,16",3.797,White,14.286,40.0
Acer Predator Pallas II 32 GB,,"5,6000","2,16",,Black,10.0,30.0
TEAMGROUP Xtreem 32 GB,2119.79,"5,6000","2,16",3.312,Black,10.0,30.0
G.Skill Ripjaws S5 48 GB,2099.79,"5,5200","2,24",2.187,Black,15.385,40.0
TEAMGROUP T-Force Vulcan Z 32 GB,,"4,3200","2,16",,Black,10.0,16.0
Kingston FURY Beast RGB 32 GB,,"4,3200","2,16",,Black,10.0,16.0
G.Skill Trident Z5 32 GB,2299.79,"5,6000","2,16",3.593,Black,10.0,30.0
TEAMGROUP T-Force Delta RGB Eco 32 GB,1699.8,"5,6000","2,16",2.656,Silver,12.667,38.0
TEAMGROUP T-Force Delta RGB 32 GB,1759.8,"5,5200","2,16",2.75,White,15.385,40.0
G.Skill Trident Z Neo 32 GB,1919.8,"4,4000","2,16",3.0,Black / Silver,9.0,18.0
Kingston FURY Beast RGB 64 GB,5399.8,"5,6400","2,32",4.219,Black,10.0,32.0
TEAMGROUP Elite Plus 16 GB,819.8,"5,5600","1,16",2.562,Black,14.286,40.0
G.Skill Trident Z Royal 128 GB,9291.79,"4,4000","4,32",3.63,Silver,9.0,18.0
Corsair Vengeance 32 GB,2781.8,"5,6400","2,16",4.347,White / Gray,10.0,32.0
ADATA XPG Lancer Blade 32 GB,3258.6,"5,6000","2,16",5.092,White,10.0,30.0
Acer Predator Vesta II RGB 32 GB,,"5,6000","2,16",,Silver,10.667,32.0
Kingston FURY Beast RGB 64 GB,4445.0,"5,6000","2,32",3.473,Black,12.0,36.0
Patriot Viper Venom RGB 32 GB,,"5,6200","2,16",,Black / White,12.903,40.0
Corsair Vengeance LPX 64 GB,2899.8,"4,2666","4,16",2.265,Black / Yellow,12.003,16.0
PNY Performance 16 GB,639.79,"4,3200","1,16",1.999,Black,13.75,22.0
G.Skill Flare X5 128 GB,,"5,6000","2,64",,Black,10.667,32.0
Silicon Power XPOWER Zenith Gaming 16 GB,,"4,3200","2,8",,Black / Silver,10.0,16.0
Corsair Vengeance 64 GB,5519.8,"5,6200","4,16",4.312,Black / Gray,10.323,32.0
ADATA XPG LANCER RGB 32 GB,,"5,6000","2,16",,White,10.0,30.0
Samsung M386A4G40DM0-CPB 32 GB,999.8,"4,2133","1,32",1.562,Black / Green,14.065,15.0
Corsair Vengeance RGB Pro 8 GB,1059.59,"4,3200","1,8",6.622,Black,10.0,16.0
Kingston KVR1333D3N9HK2/8G 8 GB,999.8,"3,1333","2,4",6.249,Green,13.503,9.0
Kingston HyperX Fury 16 GB,,"4,2133","2,8",,Black / White,13.127,14.0
Corsair Vengeance 32 GB,2489.79,"5,6000","2,16",3.89,Black,12.0,36.0
Corsair Vengeance RGB 32 GB,2399.79,"5,6000","2,16",3.75,White / Silver,12.0,36.0
Corsair Vengeance RGB Pro 256 GB,13205.8,"4,3200","8,32",,Black,10.0,16.0
Patriot Viper Xtreme 5 RGB 48 GB,3159.8,"5,7600","2,24",3.291,Black,9.474,36.0
Patriot Viper Xtreme 5 RGB 32 GB,2559.79,"5,7600","2,16",4.0,Black,9.474,36.0
Corsair Dominator Platinum RGB 64 GB,6399.8,"5,6400","2,32",5.0,Black,10.0,32.0
Corsair Vengeance 32 GB,2179.79,"5,6200","2,16",3.406,Black,11.613,36.0
GOODRAM IRDM 32 GB,,"5,6400","2,16",,Black,10.0,32.0
Corsair Vengeance 8 GB,1219.59,"3,1600","2,4",7.622,Black / Silver,11.25,9.0
Crucial Ballistix 16 GB,,"4,3200","2,8",,White,10.0,16.0
G.Skill TridentZ RGB 16 GB,3780.0,"4,4000","2,8",11.812,Black,8.5,17.0
G.Skill Trident Z5 48 GB,,"5,8000","2,24",,Black,10.0,40.0
Crucial Ballistix Sport LT 16 GB,,"4,3200","2,8",,Silver / Black,10.0,16.0
Acer Predator Vesta II RGB 64 GB,,"5,6000","2,32",,Black,10.0,30.0
G.Skill Trident Z RGB 32 GB,,"4,4400","2,16",,Black,8.636,19.0
TEAMGROUP T-Force Xtreem 32 GB,3099.8,"5,7600","2,16",4.843,Pink,9.474,36.0
PNY XLR8 Gaming EPIC-X RGB 16 GB,799.8,"4,3600","2,8",2.499,Black,10.0,18.0
TEAMGROUP T-Force Vulcanα 32 GB,1649.8,"5,5600","2,16",2.578,Black / Silver,14.286,40.0
Kingston ValueRAM 16 GB,1164.0,"4,3200","1,16",3.638,,13.75,22.0
Corsair Vengeance RGB 32 GB,2359.79,"5,6200","2,16",3.687,Black,11.613,36.0
Kingston Fury Renegade RGB 96 GB,7399.8,"5,6400","2,48",3.854,Silver / Black,10.0,32.0
Kingston KCP424SS6/4 4 GB,100.0,"4,2400","1,4",1.25,Green / Black,14.167,17.0
Corsair Vengeance RGB 64 GB,3380.0,"5,5200","2,32",2.641,Black / Gray,15.385,40.0
Corsair Dominator Platinum RGB 64 GB,,"5,5600","2,32",,Black,14.286,40.0
ADATA XPG LANCER RGB 64 GB,5925.4,"5,6400","2,32",4.629,Black,10.0,32.0
Corsair Vengeance LPX 16 GB,755.8,"4,2400","1,16",2.362,Black,11.667,14.0
Kingston HyperX Fury 8 GB,,"4,2133","2,4",,Black / White,13.127,14.0
Corsair Vengeance LPX 16 GB,1459.6,"4,3200","1,16",4.561,Black / Yellow,10.0,16.0
G.Skill Trident Z5 32 GB,1959.8,"5,6000","2,16",3.062,Black,12.0,36.0
V-Color Prism Pro 32 GB,,"4,3600","2,16",,Black,10.0,18.0
Mushkin Redline 32 GB,,"5,4800","2,16",,Black,16.667,40.0
G.Skill Ripjaws M5 RGB 32 GB,1799.8,"5,5200","2,16",2.812,Black,15.385,40.0
Corsair Vengeance RGB 96 GB,5899.8,"5,6000","4,24",3.073,Black,13.333,40.0
Kingston FURY Beast 16 GB,1300.0,"5,4800","2,8",4.062,Black,15.833,38.0
Patriot Signature Premium 8 GB,399.6,"4,2400","1,8",2.498,Black,14.167,17.0
G.Skill Ripjaws V 32 GB,,"4,3200","4,8",,Black,10.0,16.0
TEAMGROUP T-Force DELTAα RGB 32 GB,1849.8,"5,6000","2,16",2.89,Black,12.667,38.0
G.Skill Trident Z Neo 32 GB,2339.79,"4,3600","4,8",3.656,Silver / Black,10.0,18.0
Timetec PINNACLE Konduit 16 GB,619.79,"4,3600","1,16",1.937,White,10.0,18.0
G.Skill Trident Z Royal 128 GB,15980.0,"4,3600","4,32",6.242,Gold,8.889,16.0
Biwin Black Opal DW100 RGB 32 GB,,"5,6000","2,16",,Black,10.0,30.0
Kingston FURY Beast 32 GB,2786.8,"5,6000","2,16",4.354,White,10.0,30.0
G.Skill Ripjaws M5 RGB 64 GB,3099.8,"5,5200","2,32",2.422,White,15.385,40.0
ADATA XPG SPECTRIX D41 16 GB,,"4,3200","2,8",,Black,10.0,16.0
TEAMGROUP T-Force Delta RGB 64 GB,3599.8,"5,6000","2,32",2.812,Black,12.667,38.0
Corsair Vengeance LPX 64 GB,,"4,3600","4,16",,Black,10.0,18.0
TEAMGROUP T-Force Delta RGB 32 GB,3199.8,"5,8000","2,16",5.0,Black / Silver,9.5,38.0
G.Skill Trident Z RGB 16 GB,1139.8,"4,3000","2,8",3.562,Black,10.667,16.0
SK Hynix HMT41GU6MFR8C-PB 8 GB,,"3,1600","1,8",,Blue,13.75,11.0
G.Skill TridentZ RGB 64 GB,,"4,4600","2,32",,Black,8.696,20.0
Silicon Power XPOWER Storm RGB 64 GB,,"5,8000","2,32",,Black,9.5,38.0
Kingston Server Premier 32 GB,3659.8,"5,5600","1,32",5.718,Green / Black,16.429,46.0
Kingston FURY Beast RGB 32 GB,2995.4,"5,6000","2,16",4.68,Black,10.0,30.0
G.Skill Trident Z5 RGB 48 GB,4580.6,"5,6000","2,24",4.771,Black,13.333,40.0
G.Skill Ripjaws M5 RGB 32 GB,1999.8,"5,6000","2,16",3.125,White,12.0,36.0
Corsair Vengeance RGB 64 GB,3799.8,"5,5600","2,32",2.969,Black / Gray,14.286,40.0
Corsair Vengeance 64 GB,2999.8,"5,5200","2,32",2.344,Gray,15.385,40.0
ADATA XPG GAMMIX D10 32 GB,,"4,3200","2,16",,Black / Silver,10.0,16.0
Corsair Vengeance LPX 32 GB,,"4,3200","2,16",,White,10.0,16.0
ADATA AD4U266638G19-S 8 GB,,"4,2666","1,8",,Green / Black,14.254,19.0
Corsair Vengeance LPX 32 GB,2499.79,"4,2400","2,16",3.906,Black / Yellow,11.667,14.0
Kingston FURY Renegade 32 GB,,"4,3600","2,16",,Black,8.889,16.0
Timetec PINNACLE Konduit RGB 16 GB,799.8,"4,3600","2,8",2.499,White,10.0,18.0
Samsung M393A8G40MB2-CVF 64 GB,2999.8,"4,2933","1,64",2.344,Green / Black,14.32,21.0
Lexar THOR 8 GB,,"4,3200","1,8",,Black,10.0,16.0
G.Skill Trident Z5 Neo RGB 48 GB,5689.0,"5,6000","2,24",5.926,Black,13.333,40.0
G.Skill Trident Z RGB 16 GB,1179.8,"4,4000","2,8",3.687,Black,9.0,18.0
Thermaltake TOUGHRAM XG RGB D5 32 GB,3099.6,"5,6000","2,16",4.843,White / Silver,12.0,36.0
Corsair Vengeance RGB 96 GB,7959.8,"5,6400","4,24",4.146,Black / Gray,10.0,32.0
PNY Performance 8 GB,326.39,"4,3200","1,8",2.04,Black,13.75,22.0
G.Skill Trident Z5 RGB 32 GB,1859.8,"5,5600","2,16",2.906,Black,12.857,36.0
G.Skill Ripjaws S5 48 GB,,"5,6400","2,24",,Black,10.0,32.0
TEAMGROUP T-Force Delta RGB 32 GB,2759.8,"5,7600","2,16",4.312,Black / Silver,9.474,36.0
G.Skill Flare X5 16 GB,,"5,5600","1,16",,Black,12.857,36.0
G.Skill Trident Z5 Royal 32 GB,3199.8,"5,7600","2,16",5.0,Silver,9.474,36.0
G.Skill Value 4 GB,294.4,"3,1600","1,4",3.68,Green,13.75,11.0
G.Skill Trident Z5 Neo RGB 32 GB,2779.8,"5,6400","2,16",4.343,,10.0,32.0
TEAMGROUP Xtreem 32 GB,2439.79,"5,7200","2,16",3.812,Black,9.444,34.0
G.Skill Ripjaws V 32 GB,1399.6,"4,3200","1,32",2.187,Black,10.0,16.0
Klevv CRAS X RGB 16 GB,1039.8,"4,3600","2,8",3.249,Black,10.0,18.0
TEAMGROUP T-Force Delta RGB 16 GB,879.8,"4,3200","2,8",2.749,Black,10.0,16.0
Patriot Viper Elite 5 RGB 48 GB,2799.8,"5,6000","2,24",2.916,White,14.0,42.0
Corsair Dominator Platinum RGB 32 GB,3728.39,"4,3600","4,8",5.826,White,10.0,18.0
TEAMGROUP T-Force Vulcan 16 GB,1711.8,"5,5200","1,16",5.349,Red,15.385,40.0
Silicon Power XPOWER Zenith RGB Gaming 64 GB,,"5,6000","2,32",,Black,10.0,30.0
Silicon Power XPOWER Storm RGB 32 GB,,"5,6400","2,16",,Black,10.0,32.0
Samsung M393A4K40CB1-CRC 32 GB,1199.59,"4,2400","1,32",1.874,Green / Black,14.167,17.0
G.Skill Trident Z5 Royal 32 GB,3699.8,"5,7200","2,16",5.781,Gold,9.444,34.0
G.Skill Flare X5 48 GB,2659.8,"5,6000","2,24",2.771,Black,13.333,40.0
Kingston FURY Beast 32 GB,2477.4,"5,6000","1,32",3.871,Black,10.0,30.0
Silicon Power XPOWER Storm RGB 64 GB,3199.8,"5,6000","2,32",2.5,Gray,12.667,38.0
Crucial Ballistix Elite 16 GB,3199.2,"4,2666","2,8",9.998,Black,12.003,16.0
Corsair Dominator Titanium 32 GB,3779.8,"5,6400","2,16",5.906,Black,10.0,32.0
Kingston FURY Beast 64 GB,3499.8,"5,5200","2,32",2.734,Black,15.385,40.0
Corsair Dominator Platinum RGB 32 GB,4219.8,"5,7600","2,16",6.593,Black,9.474,36.0
Kingston FURY Beast 8 GB,698.0,"5,5200","1,8",4.362,Black,15.385,40.0
G.Skill Trident Z5 RGB 64 GB,4399.8,"5,6000","2,32",3.437,White / Black,10.0,30.0
Crucial Ballistix 16 GB,,"4,3000","2,8",,Red,10.0,15.0
G.Skill Ripjaws S5 32 GB,2199.79,"5,6000","2,16",3.437,White,10.0,30.0
Kingston FURY Beast 64 GB,4818.6,"5,6000","2,32",3.765,Black,10.0,30.0
Corsair Vengeance RGB Pro 32 GB,2699.8,"4,3600","4,8",4.218,Black,10.0,18.0
TEAMGROUP T-Force Delta RGB 48 GB,4999.8,"5,8200","2,24",5.208,Black,9.268,38.0
Corsair Vengeance 32 GB,1979.8,"5,5600","1,32",3.093,Black / Gray,14.286,40.0
Kingston FURY Renegade 96 GB,7969.8,"5,6400","2,48",4.151,Silver / Black,10.0,32.0
Crucial CT8G4DFS8213 8 GB,380.0,"4,2133","1,8",2.375,Black / Green,14.065,15.0
Corsair Dominator Platinum 64 GB,,"4,3466","4,16",,Black / Silver,9.233,16.0
Kingston FURY Beast RGB 32 GB,2791.2,"5,6000","2,16",4.361,White,12.0,36.0
Patriot Viper Steel RGB 64 GB,3459.8,"4,3600","2,32",2.703,Black,11.111,20.0
G.Skill Trident Z5 Neo RGB 64 GB,,"5,6000","2,32",,Black / Silver,8.667,26.0
TEAMGROUP T-Force Delta RGB 48 GB,3599.8,"5,7200","2,24",3.75,Black,9.444,34.0
Kingston FURY Beast 64 GB,5600.0,"4,3600","2,32",4.375,Black / Silver,10.0,18.0
Kingston FURY Beast 16 GB,1116.0,"5,5600","1,16",3.487,Black,12.857,36.0
G.Skill Trident Z5 Neo RGB 32 GB,,"5,6000","2,16",,Black / Silver,8.667,26.0
Samsung M471B5273DH0-CK0 4 GB,205.0,"3,1600","1,4",2.562,Green,13.75,11.0
Corsair Vengeance RGB 48 GB,4039.8,"5,6000","2,24",4.208,Black / Silver,10.0,30.0
Crucial CT2K16G4RFD4213 32 GB,1125.0,"4,2133","2,16",1.758,Green,14.065,15.0
Corsair Vengeance LPX 8 GB,698.6,"4,2666","2,4",4.366,Black / Yellow,12.003,16.0
Kingston FURY 128 GB,5499.8,"5,5200","4,32",2.148,White,15.385,40.0
TEAMGROUP T-Force Delta RGB 48 GB,4299.8,"5,8000","2,24",4.479,White,9.5,38.0
TEAMGROUP T-Force Vulcan 32 GB,1759.8,"5,5600","2,16",2.75,Black,12.857,36.0
Silicon Power XPOWER Turbine RGB 32 GB,,"4,3200","2,16",,Silver / Black,10.0,16.0
Corsair Dominator Titanium 48 GB,4799.8,"5,7000","2,24",5.0,White,10.286,36.0
Corsair Vengeance 32 GB,2214.6,"5,6000","2,16",3.46,Black,13.333,40.0
Patriot Viper Elite 5 RGB 32 GB,2159.79,"5,7000","2,16",3.375,White,10.857,38.0
G.Skill Ripjaws M5 RGB 32 GB,1799.8,"5,5200","2,16",2.812,White,15.385,40.0
Kingston FURY Beast RGB 64 GB,3599.8,"5,5600","2,32",2.812,Black,12.857,36.0
ADATA Premier 16 GB,1149.0,"5,4800","1,16",3.591,Black,16.667,40.0
ADATA XPG SPECTRIX D35G RGB 16 GB,1940.2,"4,3200","1,16",6.063,Black,10.0,16.0
Kingston Server Premier 32 GB,5980.0,"4,2933","1,32",9.344,,14.32,21.0
Gigabyte AORUS RGB 16 GB,,"4,3600","2,8",,Black,10.0,18.0
Timetec PINNACLE Konduit RGB 16 GB,739.8,"4,3200","2,8",2.312,White,10.0,16.0
Timetec 75TT24NU2R8-8G 16 GB,,"4,2400","1,16",,Black,14.167,17.0
Crucial CT2K32G56C46S5 64 GB,4926.6,"5,5600","2,32",3.849,Black,16.429,46.0
G.Skill Ripjaws S5 32 GB,2099.79,"5,6000","2,16",3.281,Black,10.667,32.0
Corsair Dominator Platinum RGB 32 GB,2819.8,"5,5200","2,16",4.406,Black / Silver,15.385,40.0
G.Skill Aegis 16 GB,694.4,"4,2400","2,8",2.17,Black / Red,14.167,17.0
G.Skill Flare X5 32 GB,2676.0,"5,5600","2,16",4.181,Black,10.714,30.0
TEAMGROUP T-Force Vulcan 64 GB,3319.8,"5,6000","2,32",2.594,Red,12.667,38.0
Corsair Vengeance 48 GB,2679.8,"5,5200","2,24",2.791,Black,14.615,38.0
Corsair Vengeance RGB 48 GB,3899.8,"5,7200","2,24",4.062,Black,10.0,36.0
Corsair Vengeance RGB 96 GB,8013.8,"5,6000","4,24",4.174,Black,10.0,30.0
Crucial CT102464BD160B 8 GB,339.6,"3,1600","1,8",2.123,Black / Green,13.75,11.0
Crucial CT8G4DFD8213 8 GB,499.79,"4,2133","1,8",3.124,Black / Green,14.065,15.0
ADATA XPG LANCER 16 GB,,"5,5200","2,8",,Black,14.615,38.0
Crucial CT2K48G56C46S5 96 GB,3897.8,"5,5600","2,48",,Black,16.429,46.0
TEAMGROUP Xtreem 48 GB,4359.8,"5,8000","2,24",4.541,Black,9.5,38.0
Kingston FURY Beast RGB 16 GB,1720.8,"5,6000","2,8",5.378,Black,10.0,30.0
ADATA XPG SPECTRIX D35G RGB 32 GB,2631.6,"4,3600","2,16",4.112,Black,10.0,18.0
Corsair Vengeance 32 GB,2859.8,"5,6600","2,16",4.468,Black,9.697,32.0
ADATA XPG Lancer Blade RGB 64 GB,6549.4,"5,6000","2,32",5.117,Black,10.0,30.0
GOODRAM IRDM PRO 16 GB,,"4,3600","2,8",,Black,10.0,18.0
G.Skill Trident Z5 Royal Neo RGB 32 GB,3999.8,"5,8000","2,16",6.25,Gold,9.5,38.0
Klevv CRAS X RGB 32 GB,1759.8,"4,3600","2,16",2.75,Black,10.0,18.0
Corsair Vengeance 64 GB,3959.8,"5,5600","2,32",3.094,Black / Gray,14.286,40.0
Patriot Viper Steel 16 GB,719.8,"4,3600","1,16",2.249,Gray,10.0,18.0
ADATA XPG Lancer Blade 64 GB,6795.0,"5,6000","2,32",5.309,Black,10.0,30.0
Corsair Vengeance 64 GB,3219.8,"5,4400","2,32",2.515,Black / Gray,16.364,36.0
Patriot Viper Venom 32 GB,1459.6,"5,5200","1,32",2.281,Black / White,13.846,36.0
Corsair Dominator Platinum RGB 64 GB,3999.8,"5,5200","2,32",3.125,Black,15.385,40.0
Corsair Vengeance RGB 64 GB,5440.0,"5,6200","4,16",4.25,Black / Gray,10.323,32.0
Kingston HyperX Predator 16 GB,,"4,3200","2,8",,Black / Silver,10.0,16.0
G.Skill Trident Z5 RGB 32 GB,2739.8,"5,6800","2,16",4.281,Black / Silver,10.0,34.0
TEAMGROUP Elite 16 GB,819.8,"5,4800","1,16",2.562,Black,16.667,40.0
Lexar Ares RGB 32 GB,,"4,3600","2,16",,Black,10.0,18.0
ADATA XPG SPECTRIX D50 16 GB,,"4,3600","2,8",,Black,10.0,18.0
G.Skill Trident Z5 64 GB,4099.8,"5,6000","2,32",3.203,Black,10.667,32.0
TEAMGROUP T-Create Classic 32 GB,1759.8,"5,6000","2,16",2.75,Black,16.0,48.0
Kingston FURY Beast RGB 32 GB,2379.79,"5,5600","2,16",3.718,Black,14.286,40.0
Patriot Viper Venom RGB 16 GB,,"5,5200","1,16",,Black / White,13.846,36.0
G.Skill Trident Z5 48 GB,,"5,7200","2,24",,Black,10.0,36.0
G.Skill Value 8 GB,,"4,2666","1,8",,Black,14.254,19.0
G.Skill Ripjaws S5 64 GB,3599.8,"5,5600","2,32",2.812,Black,10.714,30.0
Silicon Power XPOWER Storm RGB 32 GB,,"5,6400","2,16",,Black,10.0,32.0
G.Skill Trident Z5 Neo RGB 32 GB,2500.0,"5,6400","2,16",3.906,,10.0,32.0
G.Skill Trident Z5 RGB 48 GB,2199.79,"5,5600","2,24",2.291,Black,14.286,40.0
Corsair Vengeance RGB Pro 16 GB,1759.8,"4,3600","1,16",5.499,Black,10.0,18.0
Corsair Vengeance 32 GB,,"3,2133","4,8",,Black / Silver,9.376,10.0
TEAMGROUP T-Create Classic 64 GB,3199.8,"5,6000","2,32",2.5,Black,16.0,48.0
Klevv BOLT V 32 GB,2059.79,"5,6800","2,16",3.218,Black,10.0,34.0
Corsair Vengeance LPX 32 GB,1651.2,"4,3000","1,32",2.58,Black / Yellow,10.667,16.0
G.Skill Trident Z RGB 64 GB,,"4,4400","2,32",,,8.636,19.0
Patriot Signature Line 8 GB,479.79,"4,3200","1,8",2.999,,13.75,22.0
Kingston FURY Renegade 48 GB,3479.8,"5,6000","1,48",3.625,Silver / Black,10.667,32.0
TEAMGROUP T-Force Delta RGB 48 GB,4999.8,"5,8200","2,24",5.208,White,9.268,38.0
Patriot Viper Steel RGB 16 GB,1059.8,"4,3600","2,8",3.312,Black,11.111,20.0
Corsair Vengeance 16 GB,2981.2,"3,1600","4,4",9.316,Black / Yellow,11.25,9.0
V-Color TRA564G60D434Q 256 GB,36799.8,"5,6000","4,64",7.187,White,11.333,34.0
Corsair Vengeance RGB Pro SL 16 GB,1199.8,"4,3200","2,8",3.749,Black,10.0,16.0
Corsair Vengeance RGB 32 GB,2699.8,"5,6800","2,16",4.218,Black,11.765,40.0
Kingston FURY Renegade 32 GB,2899.8,"5,6400","2,16",4.531,Silver / Black,10.0,32.0
Kingston FURY Beast RGB 64 GB,3999.8,"5,5600","2,32",3.125,Black,14.286,40.0
Kingston FURY Renegade 32 GB,3492.8,"5,6400","2,16",5.457,White / Silver,10.0,32.0
Crucial Pro Overclocking 16 GB,1139.8,"5,6000","1,16",3.562,White,12.0,36.0
TEAMGROUP Elite 8 GB,359.6,"4,2666","1,8",2.248,Black,14.254,19.0
G.Skill Trident Z Neo 256 GB,12599.8,"4,3600","8,32",2.461,Silver / Black,10.0,18.0
Gigabyte AORUS 32 GB,,"5,5200","2,16",,Black,15.385,40.0
Crucial Ballistix 16 GB,,"4,3600","2,8",,Black,8.889,16.0
G.Skill Ripjaws M5 Neo RGB 32 GB,1839.8,"5,6000","2,16",2.875,White,12.0,36.0
OLOy WarHawk RGB 32 GB,,"4,3000","2,16",,Black / White,10.667,16.0
G.Skill Flare X5 96 GB,4799.8,"5,5600","2,48",2.5,Black,14.286,40.0
Corsair Dominator Titanium First Edition 64 GB,6579.8,"5,6600","2,32",5.14,White,9.697,32.0
Corsair CORSAIR Vengeance LPX 16GB (2 x 8GB) 288-Pin DDR4 SDRAM DDR4 3000 (PC4 24000) Desktop Memory Model CMK16GX4M2C3000C16W 16 GB,,"4,3000","2,8",,White / Black,10.667,16.0
Crucial Ballistix 8 GB,,"4,3600","1,8",,Black,8.889,16.0
G.Skill Trident Z5 RGB 64 GB,4799.8,"5,6400","2,32",3.75,Silver / Black,10.0,32.0
Corsair Vengeance RGB 32 GB,2759.8,"5,6000","2,16",4.312,Black / Silver,12.0,36.0
Klevv CRAS X RGB 32 GB,,"4,3200","2,16",,Black,10.0,16.0
Corsair Vengeance RGB Pro 128 GB,7636.2,"4,3200","4,32",2.983,Black,10.0,16.0
G.Skill Ripjaws M5 Neo RGB 64 GB,,"5,6000","2,32",,White,12.0,36.0
Corsair Dominator Platinum RGB 32 GB,3999.8,"5,7200","2,16",6.25,Black,9.444,34.0
G.Skill Flare X5 48 GB,2099.79,"5,5200","2,24",2.187,Black,15.385,40.0
Kingston Fury Renegade RGB 48 GB,,"5,8000","2,24",,Black / Red,9.0,36.0
Kingston ValueRAM 8 GB,482.6,"4,3200","1,8",3.016,,13.75,22.0
G.Skill Ripjaws S5 64 GB,2859.8,"5,5200","2,32",2.234,Black,13.846,36.0
G.Skill Trident Z5 64 GB,5219.6,"5,6000","2,32",4.078,Black,10.0,30.0
Timetec PINNACLE Konduit 64 GB,,"4,3200","2,32",,Black,10.0,16.0
G.Skill Trident Z5 RGB 32 GB,1959.8,"5,6000","2,16",3.062,Silver / Black,12.0,36.0
Kingston FURY Beast RGB 64 GB,3559.6,"4,3600","2,32",2.781,Black,10.0,18.0
TEAMGROUP T-Force Vulcan Z 16 GB,,"4,3200","2,8",,Red,10.0,16.0
G.Skill Ripjaws M5 RGB 64 GB,4599.8,"5,6400","2,32",3.594,Black,10.0,32.0
G.Skill Ripjaws M5 Neo RGB 64 GB,,"5,6000","2,32",,Black,9.333,28.0
Corsair Vengeance 32 GB,2199.79,"5,5600","2,16",3.437,Gray,12.857,36.0
Patriot Viper Elite II 16 GB,879.8,"4,3200","2,8",2.749,Red / Black,11.25,18.0
Klevv CRAS V RGB 32 GB,,"5,6400","2,16",,Black,10.0,32.0
G.Skill Trident Z5 RGB 32 GB,4203.0,"5,6000","2,16",6.567,White / Black,10.0,30.0
G.Skill Trident Z5 Royal Neo RGB 32 GB,3599.8,"5,6400","2,16",5.625,Gold,9.375,30.0
Lexar Ares RGB 16 GB,,"4,3866","2,8",,White,9.312,18.0
Corsair Vengeance RGB Pro 32 GB,4560.0,"4,3200","2,16",7.125,White,10.0,16.0
Kingston FURY Beast 32 GB,1958.8,"5,5200","1,32",3.061,Black,15.385,40.0
Patriot Viper Steel 8 GB,619.6,"4,3200","2,4",,Silver / Black,10.0,16.0
Kingston HyperX Fury 4 GB,,"4,2666","1,4",,Black / Silver,12.003,16.0
TEAMGROUP Elite Plus 16 GB,,"4,3200","2,8",,Black / Gold,13.75,22.0
Corsair Vengeance RGB 32 GB,2439.79,"5,6000","2,16",3.812,Black,13.333,40.0
Corsair Vengeance RGB 32 GB,2210.2,"5,5600","2,16",3.453,White / Gray,14.286,40.0
Kingston FURY Beast RGB 16 GB,,"5,6000","1,16",,Black,10.0,30.0
Kingston HyperX Fury 8 GB,,"3,1600","2,4",,Black / Silver,12.5,10.0
Crucial Ballistix 32 GB,,"4,3600","2,16",,Black,8.889,16.0
G.Skill Trident Z RGB 8 GB,,"4,3200","1,8",,Black,10.0,16.0
G.Skill Trident Z5 RGB 32 GB,2419.6,"5,6400","2,16",3.781,Silver / Black,10.0,32.0
G.Skill Trident Z 32 GB,3465.0,"4,3200","2,16",5.414,Black / White,10.0,16.0
Corsair Vengeance 48 GB,2819.8,"5,5600","2,24",2.937,Black,14.286,40.0
G.Skill Flare X5 32 GB,1699.8,"5,5200","2,16",2.656,Black / White,13.846,36.0
Kingston FURY Renegade 32 GB,4726.6,"5,8000","2,16",7.385,Silver / Black,9.5,38.0
Kingston FURY Beast 16 GB,1490.6,"4,3200","1,16",4.658,Black,10.0,16.0
Corsair Vengeance RGB RS 64 GB,,"4,3600","2,32",,Black,10.0,18.0
Corsair Vengeance RGB Pro SL 32 GB,2819.8,"4,3600","4,8",4.406,White,10.0,18.0
TEAMGROUP T-Force Vulcanα 32 GB,3148.6,"5,6000","2,16",4.92,Black / Silver,12.667,38.0
Corsair Vengeance 64 GB,3919.8,"5,6000","2,32",3.062,Gray,13.333,40.0
G.Skill Trident Z Royal 64 GB,3999.8,"4,3600","2,32",3.125,Silver,10.0,18.0
Corsair Vengeance RGB 32 GB,2759.8,"5,6000","2,16",4.312,White / Silver,12.0,36.0
Patriot Viper Elite 5 RGB 32 GB,,"5,6200","2,16",,White,13.548,42.0
Patriot Viper Elite 5 RGB 96 GB,5499.8,"5,6000","2,48",2.864,White,14.0,42.0
Silicon Power XPOWER Zenith RGB Gaming 32 GB,,"4,3200","2,16",,Black,10.0,16.0
G.Skill Ripjaws M5 RGB 64 GB,3099.8,"5,5200","2,32",2.422,Black,15.385,40.0
Kingston FURY Impact 32 GB,1839.8,"5,5600","2,16",2.875,Black,14.286,40.0
Kingston FURY Beast 64 GB,4140.0,"5,6000","2,32",3.234,White,12.0,36.0
G.Skill Ripjaws V 128 GB,5199.8,"4,2666","4,32",2.031,Black,13.503,18.0
TEAMGROUP T-Force Delta RGB 64 GB,,"4,3600","2,32",,White,10.0,18.0
Corsair Vengeance 32 GB,3198.0,"5,7000","2,16",4.997,Gray,9.714,34.0
G.Skill Trident Z5 RGB 32 GB,2799.8,"5,7200","2,16",4.375,Silver / Black,9.444,34.0
Crucial CT8G4DFD824A 8 GB,400.79,"4,2400","1,8",2.505,Green,14.167,17.0
Kingston FURY Beast 32 GB,3014.8,"4,3200","4,8",4.711,Black,10.0,16.0
Acer Predator Pallas II 32 GB,,"5,6000","2,16",,Silver,10.0,30.0
Kingston FURY Impact 64 GB,3399.8,"5,5600","2,32",2.656,Black,14.286,40.0
Crucial CT2K16G48C40S5 32 GB,1421.2,"5,4800","2,16",2.221,Black,16.667,40.0
Kingston Fury Renegade RGB 96 GB,6399.8,"5,6000","2,48",3.333,Silver / Black,10.667,32.0
Corsair Vengeance RGB Pro 32 GB,2033.4,"4,3000","2,16",3.177,Black,10.667,16.0
Patriot Viper Elite II 16 GB,959.8,"4,4000","1,16",2.999,Red / Black,10.0,20.0
Kingston Server Premier 64 GB,4180.0,"4,3200","1,64",3.266,,13.75,22.0
Kingston FURY Beast 8 GB,898.8,"4,3600","1,8",5.617,Black,9.444,17.0
Corsair Dominator Platinum RGB 16 GB,1919.8,"4,3600","2,8",5.999,Black,10.0,18.0
Klevv BOLT V 32 GB,,"5,6400","2,16",,Black,10.0,32.0
Corsair Vengeance 48 GB,3599.8,"5,7000","2,24",3.75,Black,11.429,40.0
G.Skill Trident Z5 RGB 96 GB,4799.8,"5,5600","2,48",2.5,Black,14.286,40.0
Corsair Vengeance LPX 16 GB,1039.8,"4,2933","2,8",3.249,Black / Yellow,10.91,16.0
G.Skill Ripjaws S5 32 GB,1759.8,"5,5600","2,16",2.75,White,12.857,36.0
Kingston FURY Renegade 32 GB,3999.8,"5,7200","2,16",6.25,White / Silver,10.556,38.0
Kingston KVR16N11/8 8 GB,487.2,"3,1600","1,8",3.045,Green,13.75,11.0
Silicon Power SP032GBSVU560F22 32 GB,1499.8,"5,5600","2,16",2.343,Black,16.429,46.0
Corsair Vengeance LPX 64 GB,,"4,2666","2,32",,Black / Yellow,12.003,16.0
TEAMGROUP Xtreem 32 GB,3799.8,"5,8000","2,16",5.937,Black,9.5,38.0
G.Skill Ripjaws S5 96 GB,4799.8,"5,5600","2,48",2.5,Black,14.286,40.0
Corsair Vengeance RGB Pro SL 32 GB,2819.8,"4,3200","2,16",4.406,Black,10.0,16.0
Corsair Vengeance RGB 32 GB,3019.8,"5,7000","2,16",4.718,Black / Silver,11.429,40.0
TEAMGROUP T-Force Xtreem ARGB 16 GB,1059.8,"4,3600","2,8",3.312,White,10.0,18.0
G.Skill Trident Z RGB 32 GB,,"4,3200","2,16",,Black,8.75,14.0
Apacer Panther-Golden 8 GB,,"4,2666","1,8",,Black / Gold,12.003,16.0
Klevv CRAS V RGB 64 GB,,"5,6400","2,32",,Black,10.0,32.0
Klevv CRAS V RGB 48 GB,,"5,6000","2,24",,White,10.0,30.0
G.Skill Ripjaws V 32 GB,1399.6,"4,2666","2,16",2.187,Red,11.253,15.0
TEAMGROUP T-Create Expert 48 GB,3379.8,"5,7200","2,24",3.521,White,9.444,34.0
G.Skill Zeta R5 Neo 192 GB,25599.8,"5,6400","4,48",6.667,Black,10.0,32.0
Corsair Vengeance 64 GB,3919.8,"5,6000","2,32",3.062,White / Gray,13.333,40.0
Biwin Black Opal DW100 RGB 32 GB,,"5,8200","2,16",,Black,8.78,36.0
G.Skill Flare X 16 GB,,"4,3200","2,8",,Black,8.75,14.0
Kingston FURY Beast 32 GB,4781.6,"5,6400","2,16",7.471,White,10.0,32.0
G.Skill Flare X5 48 GB,9141.4,"5,6000","2,24",9.522,Black,10.0,30.0
TEAMGROUP T-Force Vulcan 64 GB,3379.8,"5,6000","2,32",2.64,Red,12.667,38.0
Kingston FURY Beast RGB 32 GB,2399.79,"5,5200","2,16",3.75,Black,13.846,36.0
ADATA XPG LANCER NEON RGB 32 GB,,"5,6000","2,16",,Black,10.0,30.0
Patriot Viper Elite II 8 GB,439.79,"4,3600","1,8",2.749,Red / Black,11.111,20.0
Corsair Vengeance RGB Pro 128 GB,7130.8,"4,3600","4,32",2.785,Black,10.0,18.0
Corsair Vengeance LPX 128 GB,,"4,3600","4,32",,Black / Yellow,10.0,18.0
TEAMGROUP T-Force Vulcan 32 GB,1799.8,"5,6400","2,16",2.812,Black,12.5,40.0
G.Skill Trident Z RGB 256 GB,11599.8,"4,3200","8,32",2.266,Black,10.0,16.0
ADATA XPG GAMMIX D10 16 GB,1903.4,"4,3200","2,8",5.948,Black,10.0,16.0
G.Skill Aegis 16 GB,,"4,2666","2,8",,Red / Black,14.254,19.0
Lexar Hades OC 32 GB,,"4,3600","2,16",,Gray / Black,10.0,18.0
G.Skill Trident Z Royal 32 GB,1999.8,"4,3200","2,16",3.125,Silver,10.0,16.0
G.Skill Ripjaws M5 Neo RGB 96 GB,,"5,6000","2,48",,Black,10.0,30.0
Corsair Dominator Platinum RGB 32 GB,3598.0,"5,6400","2,16",5.622,Black,10.0,32.0
Corsair Vengeance RGB 32 GB,,"5,6000","2,16",,Black,12.0,36.0
PNY XLR8 Gaming EPIC-X RGB 32 GB,1599.6,"4,3600","2,16",2.499,Black,10.0,18.0
TEAMGROUP T-Force Delta RGB 48 GB,3599.8,"5,7200","2,24",3.75,White,9.444,34.0
Kingston FURY Beast RGB 64 GB,6890.6,"5,6000","2,32",5.383,White,10.0,30.0
Patriot Viper Xtreme 5 RGB 32 GB,2599.8,"5,7800","2,16",4.062,Black,9.744,38.0
Timetec PINNACLE Konduit RGB 32 GB,1119.8,"4,3200","1,32",1.75,White,10.0,16.0
G.Skill Ripjaws V 32 GB,,"4,3600","2,16",,White / Black,10.0,18.0
ADATA XPG LANCER RGB ROG CERTIFIED 32 GB,,"5,6600","2,16",,Black,9.697,32.0
Silicon Power XPOWER Storm RGB 32 GB,1999.4,"5,7200","2,16",3.124,Black,9.444,34.0
G.Skill Ripjaws V 32 GB,,"4,4400","2,16",,Black,8.636,19.0
G.Skill Trident Z5 Neo 48 GB,4399.8,"5,8000","2,24",4.583,Black,10.0,40.0
Corsair Vengeance RGB 64 GB,3559.8,"5,5200","2,32",2.781,Gray,15.385,40.0
Corsair Vengeance RGB Pro 16 GB,1719.8,"4,3000","2,8",5.374,Black,10.667,16.0
Kingston ValueRAM 8 GB,486.6,"4,3200","1,8",3.041,,13.75,22.0
Kingston HyperX Fury 8 GB,,"3,1600","1,8",,Blue / Silver,12.5,10.0
V-Color Prism Pro 32 GB,,"4,3200","2,16",,Black,10.0,16.0
Samsung M393A2G40EB1-CRC 16 GB,456.0,"4,2400","1,16",1.425,Black / Green,14.167,17.0
Silicon Power SP016GBLFU320X22 16 GB,,"4,3200","2,8",,,13.75,22.0
G.Skill TridentZ RGB 32 GB,13550.4,"4,4000","2,16",21.172,Black,8.0,16.0
Corsair Dominator Platinum RGB 64 GB,5019.8,"5,6000","2,32",3.922,Black,13.333,40.0
G.Skill Ripjaws V 8 GB,,"4,2400","2,4",,Black / Red,12.5,15.0
Patriot Viper 4 Blackout 8 GB,,"4,3200","2,4",,Black,11.875,19.0
G.Skill Ripjaws X 16 GB,992.2,"3,1600","2,8",3.101,Black / Blue,11.25,9.0
Corsair Vengeance LPX 32 GB,2199.79,"4,3600","4,8",3.437,Black / Yellow,8.889,16.0
TEAMGROUP T-Force DELTAα RGB 32 GB,1849.8,"5,6000","2,16",2.89,White,12.667,38.0
Corsair Dominator Platinum RGB 32 GB,3760.8,"4,3600","4,8",5.876,Black,10.0,18.0
TEAMGROUP T-Force Delta RGB 96 GB,6919.8,"5,6800","2,48",3.604,Black,10.588,36.0
Corsair Vengeance RGB Pro SL 64 GB,4199.8,"4,3600","4,16",3.281,Black,10.0,18.0
G.Skill Ripjaws S5 96 GB,3699.8,"5,5200","2,48",1.927,White,15.385,40.0
G.Skill Trident Z Neo 128 GB,9344.19,"4,3600","4,32",3.65,Black / Silver,8.889,16.0
Corsair Dominator Platinum RGB 32 GB,3894.4,"5,5600","2,16",6.085,Black,12.857,36.0
Corsair CMV4GX4M1A2133C15 4 GB,375.6,"4,2133","1,4",4.695,Black,14.065,15.0
ADATA XPG Z1 16 GB,,"4,3000","2,8",,Red / Black,10.667,16.0
G.Skill Trident Z RGB 32 GB,,"4,4000","2,16",,Black,7.0,14.0
G.Skill Value 4 GB,,"4,2400","1,4",,Black,14.167,17.0
Corsair Vengeance RGB 32 GB,,"5,6000","2,16",,Black,12.0,36.0
G.Skill F5-5600J2834F32GX2-TZ5RK 64 GB,3999.8,"5,5600","2,32",3.125,Black,10.0,28.0
Crucial CT4G4DFS8213 4 GB,351.0,"4,2133","1,4",4.388,Black / Green,14.065,15.0
TEAMGROUP T-Force Delta RGB 16 GB,959.8,"5,5200","2,8",2.999,Black,15.385,40.0
Kingston HyperX Fury RGB 32 GB,,"4,3200","2,16",,Black,10.0,16.0
TEAMGROUP Xtreem ARGB 48 GB,3739.8,"5,7200","2,24",3.896,Black,9.444,34.0
Patriot Viper Steel 16 GB,1615.0,"4,3733","2,8",5.047,Silver / Black,9.108,17.0
ADATA XPG Lancer Blade 16 GB,1465.2,"5,6000","1,16",4.579,Black,10.0,30.0
Corsair ValueSelect 8 GB,919.59,"4,2666","1,8",5.747,Black / Yellow,13.503,18.0
Crucial CT16G56C46S5 16 GB,819.8,"5,5600","1,16",2.562,Black,16.429,46.0
Klevv Urbane V RGB 32 GB,,"5,6400","2,16",,White,9.375,30.0
Corsair Vengeance 32 GB,2498.0,"5,6800","2,16",3.903,Black,11.765,40.0
G.Skill Ripjaws V 16 GB,799.8,"4,2666","2,8",2.499,Black / Red,11.253,15.0
Kingston FURY Beast 16 GB,1379.6,"5,6000","1,16",4.311,Black,10.0,30.0
Corsair Vengeance LPX 16 GB,1259.8,"4,2666","1,16",3.937,Black / Yellow,12.003,16.0
OLOy MD4U082417BBSA 8 GB,399.6,"4,2400","1,8",2.498,Red / Black,14.167,17.0
G.Skill Trident Z5 RGB 64 GB,4099.8,"5,6000","2,32",3.203,Black,10.667,32.0
TEAMGROUP T-Force Vulcan 32 GB,1659.8,"5,6000","2,16",2.593,Red,12.667,38.0
Corsair Dominator Platinum RGB 64 GB,4219.8,"5,5200","2,32",3.297,White,15.385,40.0
Kingston FURY Beast RGB 8 GB,899.8,"5,6000","1,8",5.624,Black,10.0,30.0
G.Skill Trident Z5 Neo RGB 256 GB,16199.8,"5,6000","4,64",3.164,Black,12.0,36.0
Corsair Vengeance RGB 32 GB,2739.8,"5,6600","2,16",4.281,Black,11.515,38.0
TEAMGROUP T-Force Delta RGB 32 GB,1759.8,"5,5200","2,16",2.75,Black,15.385,40.0
Timetec PINNACLE Konduit 32 GB,,"4,3600","1,32",,Black,10.0,18.0
Crucial Ballistix RGB 16 GB,,"4,3600","2,8",,White,8.889,16.0
G.Skill Ripjaws V 16 GB,,"4,3200","2,8",,Black,10.0,16.0
G.Skill Trident Z RGB 64 GB,3199.8,"4,3200","2,32",2.5,Black,10.0,16.0
G.Skill Trident Z5 Neo 32 GB,1999.8,"5,6000","2,16",3.125,Black,12.0,36.0
ADATA XPG SPECTRIX D50 16 GB,2320.6,"4,3200","2,8",7.252,Black,10.0,16.0
Kingston Fury Beast RGB Special Edition 32 GB,,"4,3600","2,16",,White,10.0,18.0
G.Skill NS 2 GB,254.0,"3,1333","1,2",6.35,Green,13.503,9.0
Corsair Vengeance LPX 16 GB,,"4,3200","2,8",,Red,10.0,16.0
ADATA XPG GAMMIX D30 16 GB,,"4,3000","2,8",,Silver / Red,10.667,16.0
OLOy Blade RGB 32 GB,,"5,6400","2,16",,Black,11.25,36.0
G.Skill Trident Z5 RGB 32 GB,2399.79,"5,6000","2,16",3.75,Black,10.0,30.0
TEAMGROUP T-Force Vulcan 64 GB,2999.8,"5,5200","2,32",2.344,Black,15.385,40.0
G.Skill Ripjaws S5 96 GB,3699.8,"5,5200","2,48",1.927,Black,15.385,40.0
Kingston Server Premier 32 GB,2577.6,"4,3200","1,32",4.027,,13.75,22.0
Timetec PINNACLE Konduit RGB 8 GB,399.79,"4,3200","1,8",2.499,White,10.0,16.0
Corsair ValueSelect 4 GB,724.0,"3,1600","1,4",9.05,Black / Green,13.75,11.0
Mushkin Silverline 8 GB,2462.8,"2,800","2,4",15.393,Gray / Silver,15.0,6.0
Micron MT8JTF25664AZ-1G4D1 2 GB,442.0,"3,1333","1,2",11.05,,13.503,9.0
G.Skill Ripjaws V 64 GB,2799.8,"4,2666","2,32",2.187,Black,13.503,18.0
Crucial CT16G4WFD8213 16 GB,1081.8,"4,2133","1,16",3.381,Green,14.065,15.0
Corsair Vengeance RGB 32 GB,2059.79,"5,5200","2,16",3.218,Black,15.385,40.0
Corsair Vengeance RGB 32 GB,2379.79,"5,5600","2,16",3.718,Black,12.857,36.0
PNY XLR8 Gaming MAKO EPIC-X RGB 32 GB,3245.6,"5,6000","2,16",5.071,Black,13.333,40.0
Corsair CORSAIR Vengeance LED 16GB (2 x 8GB) 288-Pin DDR4 SDRAM DDR4 3000 (PC4 24000) Desktop Memory Model CMU16GX4M2C3000C16R 16 GB,,"4,3000","2,8",,Black,10.667,16.0
Patriot Viper 4 Blackout 16 GB,819.8,"4,3600","2,8",2.562,Black,10.0,18.0
Kingston Server Premier 32 GB,3340.0,"5,5200","1,32",5.219,Green / Black,16.154,42.0
TEAMGROUP T-Force Vulcan Z 32 GB,,"4,3600","2,16",,Red / Black,10.0,18.0
G.Skill Ripjaws M5 RGB 96 GB,6399.8,"5,6400","2,48",3.333,Black,10.0,32.0
Patriot Viper Venom RGB 64 GB,3299.8,"5,5600","2,32",2.578,Black / White,14.286,40.0
Silicon Power XPOWER Turbine RGB 16 GB,899.8,"4,3200","2,8",2.812,Silver / Black,10.0,16.0
Corsair Vengeance LPX 64 GB,3292.8,"4,3000","4,16",2.572,Black,10.667,16.0
Corsair Vengeance LPX 8 GB,739.8,"4,2400","1,8",4.624,Black / Yellow,11.667,14.0
G.Skill Trident Z5 RGB 48 GB,3799.8,"5,7600","2,24",3.958,Black,10.0,38.0
Kingston FURY Beast RGB 8 GB,,"4,3200","1,8",,Black / Silver,10.0,16.0
ADATA Premier 8 GB,,"4,2400","1,8",,Green,14.167,17.0
TEAMGROUP T-Force Dark Za 16 GB,,"4,3600","2,8",,Black / Silver,10.0,18.0
Crucial CT2K64G56C46S5 128 GB,5599.8,"5,5600","2,64",2.187,Black,16.429,46.0
TEAMGROUP T-Force Delta RGB 32 GB,2259.79,"5,6800","2,16",3.531,Black / Silver,10.0,34.0
Corsair Dominator Platinum RGB 32 GB,3159.8,"4,4000","2,16",4.937,Black,9.0,18.0
Kingston FURY Beast 64 GB,3799.8,"4,3200","4,16",2.969,Black,10.0,16.0
Kingston Server Premier 16 GB,2199.79,"5,5200","1,16",6.874,Green / Black,16.154,42.0
Kingston ValueRAM 4 GB,295.2,"4,3200","1,4",3.69,Green,13.75,22.0
Kingston Fury Renegade RGB 32 GB,3139.8,"5,6000","2,16",4.906,Silver / Black,10.667,32.0
Kingston FURY Renegade 48 GB,4332.2,"5,6400","1,48",4.513,Silver / Black,10.0,32.0
G.Skill Ripjaws V 16 GB,,"4,2133","2,8",,Black / Red,14.065,15.0
Patriot Viper Steel 16 GB,,"4,4400","2,8",,Silver / Black,8.636,19.0
Lexar THOR OC 32 GB,,"5,5600","2,16",,Black / Gold,12.857,36.0
G.Skill Flare X5 128 GB,7799.8,"5,6000","2,64",3.047,Black,12.0,36.0
Patriot Viper Venom RGB 64 GB,3699.8,"5,6000","2,32",2.89,Black / White,12.0,36.0
ADATA XPG LANCER RGB 64 GB,6632.79,"5,6400","2,32",5.182,White,10.0,32.0
TEAMGROUP T-Force Xtreem 48 GB,3639.8,"5,7200","2,24",3.791,Pink,9.444,34.0
Corsair Vengeance RGB 64 GB,6399.8,"5,6400","4,16",5.0,Black / Gray,10.0,32.0
Kingston FURY Beast 32 GB,4976.0,"5,6400","1,32",7.775,Black,10.0,32.0
Corsair Dominator Platinum RGB 32 GB,3699.8,"5,6600","2,16",5.781,Black,9.697,32.0
Patriot Viper Steel RGB 16 GB,1039.8,"4,3200","2,8",3.249,Black,11.25,18.0
Kingston FURY Beast RGB 16 GB,1091.2,"5,5200","1,16",3.41,Black,13.846,36.0
Kingston KVR1333D3N9/4G 4 GB,424.4,"3,1333","1,4",5.305,Green,13.503,9.0
G.Skill TridentZ RGB 32 GB,,"4,3600","2,16",,Black,7.778,14.0
ADATA XPG Lancer Blade RGB 16 GB,,"5,6000","1,16",,White,10.0,30.0
Klevv CRAS V RGB 48 GB,,"5,6000","2,24",,Black,10.0,30.0
TEAMGROUP Xtreem ARGB 32 GB,,"5,6400","2,16",,Black,10.0,32.0
Corsair Dominator Platinum RGB 32 GB,3479.8,"5,6000","2,16",5.437,White,12.0,36.0
G.Skill Ripjaws X 32 GB,1967.4,"3,1600","4,8",3.074,Black / Blue,11.25,9.0
G.Skill Trident Z5 Royal 48 GB,4399.8,"5,8000","2,24",4.583,Silver,10.0,40.0
TEAMGROUP T-Force Vulcan 16 GB,,"5,5600","2,8",,Black,14.286,40.0
Corsair Vengeance RGB Pro 16 GB,1659.8,"4,2666","2,8",5.187,Black,12.003,16.0
G.Skill F4-3200C16Q2-128GTZSK 128 GB,,"4,3200","8,16",,Gray / Black,10.0,16.0
Thermaltake TOUGHRAM RGB 16 GB,2275.8,"4,3200","2,8",7.112,White / Silver,10.0,16.0
G.Skill Trident Z Neo 256 GB,16357.4,"4,3200","8,32",3.195,Black / Silver,10.0,16.0
SK Hynix HMT351U7BFR8A-H9 4 GB,,"3,1333","1,4",,Blue / Black,13.503,9.0
Corsair Vengeance LPX 64 GB,,"4,4000","2,32",,Black / Yellow,9.0,18.0
Corsair Dominator Platinum RGB 32 GB,3439.8,"5,6000","2,16",5.375,Black,10.0,30.0
Patriot Viper Elite II 16 GB,799.8,"4,3200","1,16",2.499,Red / Black,11.25,18.0
Corsair Vengeance RGB 64 GB,4199.8,"5,6000","2,32",3.281,White / Black,13.333,40.0
Kingston FURY Beast 128 GB,10506.4,"4,3200","4,32",4.104,Black,10.0,16.0
Timetec PINNACLE Konduit 16 GB,619.79,"4,3200","1,16",1.937,White,10.0,16.0
Crucial CT32G4RFD432A 32 GB,1299.6,"4,3200","1,32",2.031,Green / Black,13.75,22.0
G.Skill Aegis 8 GB,780.0,"4,2133","1,8",4.875,Black / Red,14.065,15.0
Corsair Vengeance RGB 32 GB,3299.8,"5,7000","2,16",5.156,Black,10.286,36.0
Kingston ValueRAM 4 GB,645.79,"2,800","2,2",8.072,Green,15.0,6.0
G.Skill Trident Z5 Royal Neo RGB 48 GB,,"5,6000","2,24",,Silver,9.333,28.0
Kingston Server Premier 64 GB,7764.6,"4,2666","1,64",6.066,,14.254,19.0
Netac Shadow II 16 GB,,"4,3600","2,8",,Black,10.0,18.0
TEAMGROUP T-Force Delta RGB 32 GB,2759.8,"5,7600","2,16",4.312,White / Silver,9.474,36.0
Silicon Power XPOWER Zenith Gaming 32 GB,,"4,3200","2,16",,Black,10.0,16.0
Kingston FURY Beast 16 GB,1389.0,"5,6000","1,16",4.341,White,10.0,30.0
G.Skill Trident Z5 RGB 48 GB,4999.8,"5,8200","2,24",5.208,White / Black,9.756,40.0
TEAMGROUP T-Force Delta RGB 32 GB,,"5,6600","2,16",,White,10.303,34.0
Patriot Viper Steel 32 GB,1599.6,"4,3200","1,32",2.499,Gray,10.0,16.0
GOODRAM IRDM 64 GB,,"5,6000","2,32",,Black,10.0,30.0
Kingston FURY Beast 64 GB,5308.2,"5,6400","2,32",4.147,Black,10.0,32.0
Crucial CT8G4DFS8266 8 GB,390.0,"4,2666","1,8",2.438,Green / Black,14.254,19.0
G.Skill Trident Z RGB 32 GB,,"4,3000","2,16",,Black,10.667,16.0
Corsair Dominator Platinum RGB 32 GB,2851.0,"4,3600","2,16",4.455,Black,10.0,18.0
Corsair Vengeance LPX 128 GB,,"4,3800","8,16",,Black / Yellow,10.0,19.0
Crucial Ballistix 32 GB,,"4,3200","2,16",,White,10.0,16.0
Kingston HyperX Fury 16 GB,,"4,3200","1,16",,Black,10.0,16.0
Apacer ZADAK Twist 16 GB,,"4,3000","2,8",,Black / Silver,10.667,16.0
Silicon Power XPOWER Zenith RGB Gaming 16 GB,,"4,3200","2,8",,Black,10.0,16.0
Patriot Viper Elite II 16 GB,839.8,"4,3600","1,16",2.624,Red / Black,11.111,20.0
Corsair Vengeance 64 GB,6179.8,"5,6400","4,16",4.828,Black / Gray,10.0,32.0
Crucial Ballistix Sport 16 GB,1999.4,"3,1600","2,8",6.248,Black / Silver,11.25,9.0
Kingston FURY Beast RGB 8 GB,803.4,"5,5600","1,8",5.021,Black,14.286,40.0
Crucial CT2K4G4DFS8266 8 GB,1469.6,"4,2666","2,4",9.185,Green,14.254,19.0
G.Skill Trident Z5 64 GB,3800.0,"5,6000","2,32",2.969,Black / Silver,10.667,32.0
G.Skill Trident Z Neo 64 GB,3299.8,"4,3200","2,32",2.578,Black / Silver,10.0,16.0
Corsair Vengeance 32 GB,1699.8,"5,4800","2,16",2.656,Black / White,16.667,40.0
Corsair Vengeance 48 GB,3478.39,"5,6400","2,24",3.623,Black / Gray,11.25,36.0
Kingston FURY Beast RGB 32 GB,1999.8,"5,6400","2,16",3.125,White,10.0,32.0
Corsair Dominator Platinum RGB 32 GB,3439.8,"5,6000","2,16",5.375,Black,10.0,30.0
Corsair Vengeance LPX 128 GB,,"4,2666","4,32",,Black / Yellow,12.003,16.0
Silicon Power SP016GBLFU320X02 16 GB,,"4,3200","1,16",,,13.75,22.0
ADATA XPG CASTER RGB 32 GB,9499.0,"5,6400","2,16",14.842,Black / Silver,12.5,40.0
Corsair Vengeance RGB RT 32 GB,,"4,4600","2,16",,Black,7.826,18.0
ADATA XPG Lancer Blade 32 GB,,"5,6000","2,16",,Black,16.0,48.0
Kingston FURY Beast RGB 16 GB,,"5,4800","2,8",,Black,15.833,38.0
PNY XLR8 Gaming EPIC-X RGB 8 GB,667.2,"4,3200","1,8",4.17,Black,10.0,16.0
Corsair Dominator Titanium 64 GB,6799.8,"5,6000","4,16",5.312,Black,12.0,36.0
Crucial Ballistix Sport LT 16 GB,,"4,2666","2,8",,Red,12.003,16.0
G.Skill Trident Z Neo 32 GB,9596.4,"4,3600","2,16",14.994,Black / Silver,7.778,14.0
G.Skill Trident Z5 Neo RGB 96 GB,4599.8,"5,5600","2,48",2.396,Black,14.286,40.0
TEAMGROUP T-Force Vulcan 64 GB,3319.8,"5,6000","2,32",2.594,Black,12.667,38.0
TEAMGROUP Xtreem 32 GB,3099.8,"5,7600","2,16",4.843,Black,9.474,36.0
G.Skill Ripjaws V 64 GB,3430.4,"4,3600","4,16",2.68,Black,8.889,16.0
TEAMGROUP T-Force Delta RGB 48 GB,4199.8,"5,7600","2,24",4.375,White,9.474,36.0
Kingston FURY Renegade Pro 256 GB,43428.8,"5,6800","8,32",8.482,Black,10.0,34.0
Neo Forza FAYE 16 GB,,"4,3200","2,8",,Silver / Black,10.0,16.0
TEAMGROUP T-Create Expert 64 GB,,"4,3600","2,32",,Gray,10.0,18.0
Corsair Vengeance RGB Pro SL 32 GB,2688.2,"4,3200","2,16",4.2,Black,10.0,16.0
Corsair Vengeance RGB 32 GB,,"5,5600","2,16",,White,12.857,36.0
G.Skill Trident Z5 RGB 48 GB,3399.8,"5,6800","2,24",3.541,Black,10.0,34.0
Corsair Vengeance LPX 16 GB,1599.6,"4,4000","2,8",4.999,Black / Yellow,9.5,19.0
Patriot Signature Premium 8 GB,559.79,"4,2666","1,8",3.499,Black,14.254,19.0
ADATA XPG SPECTRIX D35G RGB 16 GB,,"4,3600","2,8",,Black,10.0,18.0
Kingston HyperX Fury RGB 16 GB,,"4,3600","2,8",,Black / Silver,9.444,17.0
Kingston FURY Renegade 16 GB,,"4,3600","2,8",,Black / Silver,8.889,16.0
Kingston HyperX Fury 32 GB,,"4,3600","2,16",,Black,10.0,18.0
Kingston ValueRAM 16 GB,879.0,"4,3200","1,16",2.747,,13.75,22.0
Mushkin Redline 32 GB,,"4,3600","2,16",,Black,8.889,16.0
Klevv CRAS V RGB 48 GB,,"5,8400","2,24",,Black,9.524,40.0
Crucial CT2KIT12864BA160B 2 GB,19900.0,"3,1600","2,1",497.5,Black / Green,13.75,11.0
G.Skill Trident Z RGB 96 GB,8855.0,"5,6400","2,48",4.612,Silver / Black,10.0,32.0
Corsair Vengeance RGB 64 GB,5519.8,"5,6200","2,32",4.312,Black / Silver,10.323,32.0
Kingston ValueRAM 32 GB,1351.8,"4,3200","1,32",2.112,,13.75,22.0
TEAMGROUP Elite Plus 16 GB,799.8,"5,4800","2,8",2.499,Black,16.667,40.0
Patriot Signature Line 16 GB,979.59,"5,4800","2,8",3.061,Black,16.667,40.0
Corsair Vengeance LPX 8 GB,739.8,"4,2666","1,8",4.624,Black / Yellow,12.003,16.0
Crucial CT2K8G4DFS8266 16 GB,730.0,"4,2666","2,8",2.281,Green,14.254,19.0
Kingston Server Premier 32 GB,3171.0,"4,2666","1,32",4.955,,14.254,19.0
TEAMGROUP T-Force Vulcan Z 16 GB,,"4,3000","2,8",,Silver / Black,10.667,16.0
Corsair Dominator Platinum RGB 32 GB,,"4,4000","2,16",,White,9.5,19.0
OLOy MD4U323216DJDA 64 GB,,"4,3200","2,32",,Black,10.0,16.0
Corsair Vengeance RGB Pro SL 32 GB,2865.2,"4,4000","2,16",4.477,Black,9.0,18.0
G.Skill Ripjaws S5 64 GB,3199.8,"5,5600","2,32",2.5,Black,12.857,36.0
G.Skill Trident Z5 RGB 64 GB,,"5,6000","2,32",,Black,10.0,30.0
Corsair Vengeance LPX 16 GB,1479.6,"4,2666","2,8",4.624,Black,12.003,16.0
Kingston FURY Beast RGB 32 GB,2932.6,"5,5600","1,32",4.582,Black,12.857,36.0
TEAMGROUP T-Force Delta TUF Gaming Alliance RGB 32 GB,,"5,6000","2,16",,Black,12.667,38.0
Kingston HyperX Fury 8 GB,,"3,1600","1,8",,Black / Silver,12.5,10.0
Kingston FURY Beast 16 GB,1139.8,"4,3600","1,16",3.562,Black,10.0,18.0
Kingston ValueRAM 8 GB,514.2,"4,2400","1,8",3.214,Green,14.167,17.0
Kingston Server Premier 64 GB,5536.4,"4,2666","1,64",4.325,,14.254,19.0
Corsair Dominator Platinum 8 GB,,"3,3200","2,4",,Black / Silver,8.125,13.0
ADATA XPG GAMMIX D45 16 GB,,"4,3200","2,8",,Black,10.0,16.0
V-Color XSky RGB 32 GB,3299.8,"5,6000","2,16",5.156,Black,12.0,36.0
Kingston FURY Beast RGB 64 GB,6708.8,"5,6000","2,32",5.241,Black,10.0,30.0
Corsair Dominator Platinum RGB 32 GB,2819.8,"5,5200","2,16",4.406,White,15.385,40.0
Kingston FURY Beast 64 GB,5199.8,"5,6400","2,32",4.062,White,10.0,32.0
Corsair Vengeance 32 GB,2219.79,"5,5600","2,16",3.468,White / Gray,14.286,40.0
Corsair Dominator Platinum RGB 32 GB,,"5,5600","2,16",,White,12.857,36.0
TEAMGROUP T-Force Vulcan Z 16 GB,1323.0,"4,3200","1,16",4.134,Gray,10.0,16.0
Corsair Dominator Platinum RGB 64 GB,4879.8,"4,3200","4,16",3.812,Black,10.0,16.0
Crucial Ballistix Sport 8 GB,780.0,"4,2400","1,8",4.875,Gray / Silver,13.333,16.0
Kingston HyperX Fury RGB 8 GB,,"4,3000","1,8",,Black,10.0,15.0
Patriot Viper 4 GB,,"2,1066","2,2",,Black / Silver,9.381,5.0
TEAMGROUP T-Force Delta RGB 96 GB,,"5,7000","2,48",,Black,9.714,34.0
G.Skill Trident Z5 Neo RGB 32 GB,3299.8,"5,8000","2,16",5.156,Silver / Black,9.5,38.0
TEAMGROUP T-Force Vulcan 64 GB,3719.8,"5,6400","2,32",2.906,Black,10.625,34.0
Corsair Vengeance RGB 64 GB,3798.0,"5,5600","2,32",2.967,White / Gray,14.286,40.0
G.Skill Flare X 32 GB,1910.4,"4,3200","2,16",2.985,Black,10.0,16.0
Kingston FURY Beast 32 GB,8443.79,"5,6000","2,16",13.193,Black,13.333,40.0
Kingston FURY Renegade 16 GB,,"4,5000","2,8",,Black,7.6,19.0
G.Skill Trident Z RGB 64 GB,9100.59,"4,3200","4,16",7.11,Black,10.0,16.0
Patriot Viper Steel RGB 8 GB,499.79,"4,3200","1,8",3.124,Black,11.25,18.0
Corsair Dominator Platinum RGB 64 GB,,"5,5600","4,16",,Black,12.857,36.0
Kingston HyperX Fury 16 GB,,"3,1866","2,8",,Red / Silver,10.718,10.0
Kingston HyperX Predator RGB 16 GB,,"4,3200","2,8",,Black / Silver,10.0,16.0
Corsair Vengeance 32 GB,,"5,5200","2,16",,Black / Gray,14.615,38.0
OLOy OWL RGB 16 GB,,"4,3200","2,8",,White,10.0,16.0
G.Skill Ripjaws 32 GB,1659.8,"5,4800","2,16",2.593,Black / Silver,14.167,34.0
Corsair Vengeance RGB RS 64 GB,3682.4,"4,3200","2,32",2.877,Black / Gray,10.0,16.0
G.Skill Ripjaws S5 64 GB,4099.8,"5,6000","2,32",3.203,Black,10.667,32.0
TEAMGROUP T-Force Vulcan 32 GB,2529.19,"5,5600","2,16",3.952,Black,11.429,32.0
G.Skill Trident Z5 Neo 128 GB,8099.8,"5,6000","2,64",3.164,Black,12.0,36.0
Corsair Vengeance LPX 16 GB,959.8,"4,2666","2,8",2.999,White,12.003,16.0
G.Skill Ripjaws V 16 GB,799.8,"4,3000","2,8",2.499,Red / Black,10.667,16.0
G.Skill Aegis 16 GB,719.8,"4,2666","1,16",2.249,Black / Red,14.254,19.0
Silicon Power XPOWER Storm RGB 64 GB,,"5,6400","2,32",,Black,10.0,32.0
Corsair Vengeance RGB 48 GB,3779.8,"5,6400","2,24",3.937,Black,11.25,36.0
G.Skill Trident Z5 RGB 64 GB,5817.0,"5,5600","2,32",4.545,Black,12.857,36.0
Corsair Vengeance RGB Pro 16 GB,1939.8,"4,3000","2,8",6.062,Black,10.0,15.0
GeIL ORION V RGB AMD 32 GB,,"5,5600","2,16",,Black,13.571,38.0
Corsair Vengeance LPX 16 GB,,"4,3600","2,8",,Black / Yellow,10.0,18.0
TEAMGROUP T-Force Delta TUF Gaming Alliance 16 GB,,"4,3200","2,8",,Black / Gold,10.0,16.0
Kingston Server Premier 64 GB,6279.8,"4,3200","1,64",4.906,,13.75,22.0
Corsair Vengeance RGB Pro SL 32 GB,2199.79,"4,3600","2,16",3.437,Black,10.0,18.0
TEAMGROUP Xtreem ARGB 32 GB,3799.8,"5,7600","2,16",5.937,Black,9.474,36.0
Corsair Vengeance LPX 16 GB,1479.6,"4,2400","2,8",4.624,Black / Yellow,11.667,14.0
TEAMGROUP Xtreem ARGB 32 GB,3999.8,"5,8000","2,16",6.25,Black,9.5,38.0
Patriot Viper Venom RGB 32 GB,1979.8,"5,6400","2,16",3.093,Black / White,12.5,40.0
G.Skill Trident X 32 GB,3694.0,"3,2400","4,8",5.772,Black / Red,8.333,10.0
Lexar Ares RGB 2nd Gen 48 GB,4199.8,"5,8000","2,24",4.375,Black,10.0,40.0
TEAMGROUP Elite 16 GB,1019.8,"5,5200","2,8",3.187,Black,16.154,42.0
Corsair Vengeance 8 GB,1695.0,"3,1600","2,4",10.594,Black / Blue,11.25,9.0
Corsair CMV8GX4M1A2133C15 8 GB,699.8,"4,2133","1,8",4.374,Black,14.065,15.0
G.Skill Ripjaws V 8 GB,479.79,"4,2666","1,8",2.999,Red / Black,14.254,19.0
G.Skill NS 4 GB,381.0,"3,1600","1,4",4.763,Black,13.75,11.0
Kingston ValueRAM 32 GB,2093.0,"5,5600","1,32",3.27,Green / Black,16.429,46.0
Kingston HyperX Fury 8 GB,,"4,2133","1,8",,Black / White,13.127,14.0
G.Skill Trident Z 128 GB,,"4,3866","8,16",,Black / White,9.829,19.0
PNY Performance 16 GB,4155.6,"5,4800","1,16",12.986,Black,16.667,40.0
ADATA XPG LANCER NEON RGB 32 GB,3144.2,"5,6400","2,16",4.913,Black,10.0,32.0
Corsair Vengeance LPX 32 GB,1635.2,"4,2666","1,32",2.555,Black / Yellow,12.003,16.0
G.Skill Trident Z Neo 32 GB,1799.8,"4,3200","2,16",2.812,Silver / Black,10.0,16.0
TEAMGROUP T-Force Delta RGB 32 GB,1859.8,"5,6200","2,16",2.906,Black,12.258,38.0
TEAMGROUP T-Force Delta RGB 16 GB,1221.2,"4,3200","2,8",3.816,White,10.0,16.0
ADATA XPG LANCER RGB 64 GB,,"5,6000","2,32",,White,10.0,30.0
Crucial CT8G4DFS832A 8 GB,575.2,"4,3200","1,8",3.595,Green / Black,13.75,22.0
G.Skill Trident Z5 RGB 48 GB,4199.8,"5,8000","2,24",4.375,White / Black,10.0,40.0
Corsair Vengeance RGB RS 16 GB,1284.6,"4,3600","2,8",4.014,Black / Gray,10.0,18.0
ADATA XPG GAMMIX D20 32 GB,,"4,3200","2,16",,Black / Silver,10.0,16.0
TEAMGROUP T-Force Dark Za 32 GB,,"4,3600","2,16",,Black / Silver,10.0,18.0
Corsair Vengeance RGB Pro 8 GB,1059.8,"4,3200","1,8",6.624,Black,10.0,16.0
ADATA XPG GAMMIX D45 16 GB,,"4,3200","2,8",,White,10.0,16.0
Corsair Vengeance RGB RT 32 GB,1899.8,"4,3600","2,16",2.968,White / Black,10.0,18.0
G.Skill Ripjaws V 32 GB,,"4,2666","1,32",,Black,13.503,18.0
Corsair Vengeance RGB 96 GB,5259.8,"5,5200","2,48",2.739,Black,14.615,38.0
Silicon Power XPOWER Storm RGB 64 GB,3399.8,"5,6000","2,32",2.656,Gold,12.667,38.0
TEAMGROUP Xtreem ARGB 48 GB,4999.8,"5,8000","2,24",,Black,9.5,38.0
TEAMGROUP T-Force Delta RGB 32 GB,2059.79,"5,5600","2,16",3.218,White,11.429,32.0
Kingston FURY 32 GB,2048.4,"5,5600","1,32",3.201,White,14.286,40.0
G.Skill Trident Z5 Royal 48 GB,4299.8,"5,7200","2,24",4.479,Gold,10.0,36.0
TEAMGROUP Elite 16 GB,739.8,"4,2666","1,16",2.312,Black,14.254,19.0
Kingston FURY Beast RGB 32 GB,5580.0,"5,6000","2,16",8.719,Black,13.333,40.0
Kingston Fury Renegade RGB 32 GB,4799.2,"5,8000","2,16",7.499,Silver / Black,9.5,38.0
Crucial CT2K4G4DFS824A 8 GB,599.79,"4,2400","2,4",3.749,Green,14.167,17.0
Patriot Signature Line 16 GB,839.8,"4,3200","1,16",2.624,,13.75,22.0
Timetec PINNACLE Konduit 32 GB,999.8,"4,3600","1,32",1.562,White,10.0,18.0
G.Skill Ripjaws V 16 GB,,"4,3600","2,8",,Red / Black,10.556,19.0
TEAMGROUP T-Force Delta RGB 16 GB,,"4,3000","2,8",,Black,10.667,16.0
SK Hynix HMA451U6AFR8N-TF 4 GB,,"4,2133","1,4",,,14.065,15.0
TEAMGROUP T-Force Vulcan Z 8 GB,,"4,3200","1,8",,Red,10.0,16.0
GeIL EVO POTENZA 16 GB,,"4,3200","2,8",,Black,10.0,16.0
OLOy Blade RGB 16 GB,,"4,3200","2,8",,Black,10.0,16.0
Apacer Panther RGB 32 GB,,"5,6000","2,16",,Silver / Black,13.333,40.0
ADATA XPG LANCER RGB 32 GB,2499.79,"5,5600","2,16",3.906,Black,12.857,36.0
Crucial CT32G48C40S5 32 GB,1499.8,"5,4800","1,32",2.343,Black,16.667,40.0
TEAMGROUP T-Force Delta RGB 48 GB,4299.8,"5,8000","2,24",4.479,Black,9.5,38.0
Silicon Power XPOWER Zenith Gaming 32 GB,,"4,3600","2,16",,Black,10.0,18.0
TEAMGROUP T-Force Delta RGB 32 GB,2999.8,"5,7800","2,16",4.687,Black / Silver,9.744,38.0
Kingston Server Premier 8 GB,1199.0,"4,3200","1,8",7.494,,13.75,22.0
Corsair Dominator Platinum RGB 32 GB,2939.8,"5,6000","2,16",4.593,,12.0,36.0
Kingston FURY 64 GB,4591.8,"5,6000","2,32",3.587,White,12.0,36.0
Corsair Vengeance RGB Pro 32 GB,2819.8,"4,2666","2,16",4.406,Black,12.003,16.0
Kingston FURY Beast 32 GB,2692.6,"5,6000","1,32",4.207,Black,10.0,30.0
Corsair Vengeance LP 16 GB,1599.6,"3,1600","2,8",4.999,Black / Yellow,12.5,10.0
Corsair Vengeance 32 GB,2299.79,"5,6600","2,16",3.593,Black / Silver,11.515,38.0
Corsair Vengeance LPX 32 GB,2959.8,"4,2666","4,8",4.625,Black / Yellow,12.003,16.0
TEAMGROUP T-Force Vulcan 16 GB,1059.8,"5,5200","2,8",3.312,Black,15.385,40.0
V-Color TD48G26S819-VC 8 GB,379.6,"4,2666","1,8",2.373,Black,14.254,19.0
G.Skill Ripjaws V 8 GB,1360.0,"4,3200","2,4",8.5,Black,10.0,16.0
Crucial CT102464BA160B 8 GB,360.0,"3,1600","1,8",2.25,Green,13.75,11.0
Corsair Vengeance 32 GB,,"5,5600","2,16",,White,12.857,36.0
ADATA XPG SPECTRIX D50 32 GB,,"4,3600","2,16",,Black,10.0,18.0
Acer Predator Pallas II 64 GB,,"5,6000","2,32",,Black,10.0,30.0
G.Skill Trident Z5 RGB 32 GB,2399.79,"5,6000","2,16",3.75,White / Black,10.0,30.0
Crucial CT2K24G56C46S5 48 GB,2139.79,"5,5600","2,24",,Black,16.429,46.0
Crucial CT48G56C46S5 48 GB,2039.8,"5,5600","1,48",2.125,Black,16.429,46.0
Crucial CT8G48C40S5 8 GB,419.79,"5,4800","1,8",2.624,Black,16.667,40.0
G.Skill Trident Z5 RGB 32 GB,3876.39,"5,7800","2,16",6.057,Silver / Black,9.231,36.0
Crucial CT2K102464BD186D 16 GB,585.79,"3,1866","2,8",1.831,Green / Black,13.934,13.0
G.Skill Trident Z5 RGB 32 GB,3308.8,"5,6600","2,16",5.17,Black,10.303,34.0
Timetec PINNACLE Konduit RGB 16 GB,,"4,3200","1,16",,White,10.0,16.0
Kingston FURY Beast RGB 16 GB,1215.59,"5,5600","1,16",3.799,Black,12.857,36.0
G.Skill NT 4 GB,600.6,"4,2133","1,4",7.508,Black,14.065,15.0
Crucial CT12864BA1067 1 GB,,"3,1066","1,1",,Green,13.133,7.0
Crucial Ballistix Sport LT 16 GB,,"4,2400","2,8",,White,13.333,16.0
GeIL Dragon RAM 32 GB,,"4,3000","2,16",,White / Gold,10.0,15.0
Corsair Dominator Platinum 16 GB,,"4,2400","2,8",,Black / Silver,8.333,10.0
Kingston FURY Renegade 16 GB,3159.8,"5,7200","1,16",9.874,White / Silver,10.556,38.0
G.Skill Trident Z5 RGB 48 GB,3899.8,"5,7200","2,24",4.062,White / Black,10.0,36.0
Silicon Power XPOWER Storm RGB 32 GB,,"5,6000","2,16",,Black,10.0,30.0
Kingston KSM48E40BD8KM-32HM 32 GB,4999.8,"5,4800","1,32",7.812,Green,16.667,40.0
G.Skill Trident Z5 48 GB,,"5,8000","2,24",,Black,9.5,38.0
TEAMGROUP Elite 16 GB,1019.8,"5,6000","1,16",3.187,Black,16.0,48.0
Kingston FURY Beast RGB 16 GB,1965.2,"5,6000","1,16",6.141,White,10.0,30.0
Kingston FURY Beast 32 GB,1991.2,"5,5600","1,32",3.111,Black / Silver,12.857,36.0
ADATA AD5U480016G-DT 32 GB,2797.4,"5,4800","2,16",4.371,Black,16.667,40.0
Klevv CRAS XR5 RGB 32 GB,3557.6,"5,7200","2,16",5.559,White / Black,10.0,36.0
G.Skill Trident Z5 32 GB,,"5,6000","2,16",,Black / Silver,13.333,40.0
G.Skill Ripjaws V 64 GB,,"4,4600","2,32",,Black,8.696,20.0
Silicon Power SP004GBLFU266X02 4 GB,,"4,2666","1,4",,,14.254,19.0
TEAMGROUP T-Create Classic 64 GB,2299.79,"4,3200","2,32",1.797,Silver,13.75,22.0
G.Skill Trident Z5 Neo RGB 48 GB,2199.79,"5,5600","2,24",2.291,Black,14.286,40.0
Patriot Viper 3 16 GB,519.79,"3,1600","2,8",1.624,Black / Silver,12.5,10.0
Corsair Vengeance LPX 64 GB,4979.8,"4,2400","4,16",3.89,Black / Yellow,11.667,14.0
G.Skill Trident Z Neo 16 GB,1099.8,"4,3600","2,8",3.437,Black / Silver,10.0,18.0
G.Skill Ripjaws V 64 GB,,"4,4400","2,32",,Black,8.636,19.0
Corsair Vengeance 32 GB,2759.8,"5,6200","2,16",4.312,Black / Silver,10.323,32.0
G.Skill Aegis 16 GB,1290.0,"4,2133","2,8",4.031,Black / Red,14.065,15.0
Corsair Vengeance RGB RT 16 GB,1459.6,"4,3600","2,8",4.561,Black,8.889,16.0
TEAMGROUP T-Force Vulcan Z 8 GB,829.59,"4,3200","1,8",5.185,Gray,10.0,16.0
G.Skill Ripjaws V 32 GB,,"4,2666","2,16",,Red,14.254,19.0
Kingston HyperX Fury 64 GB,7980.0,"4,3600","2,32",6.234,Black / Silver,10.0,18.0
TEAMGROUP T-Force Xtreem ARGB 32 GB,,"4,3600","2,16",,White,10.0,18.0
Kingston KTD-PE421/8G 8 GB,397.8,"4,2133","1,8",2.486,Green,14.065,15.0
Crucial Ballistix 16 GB,,"4,3200","2,8",,Black,10.0,16.0
Neo Forza Trinity 32 GB,,"5,6400","2,16",,Black,12.5,40.0
Crucial CT2K16G4DFD8266 32 GB,1440.0,"4,2666","2,16",2.25,Green / Black,14.254,19.0
Corsair Vengeance 32 GB,2143.4,"5,5600","2,16",3.349,Black / Gray,14.286,40.0
Timetec PINNACLE Konduit RGB 64 GB,,"4,3200","2,32",,White,10.0,16.0
Kingston FURY 32 GB,2439.79,"5,5600","2,16",3.812,White,14.286,40.0
Kingston FURY Beast 32 GB,3740.0,"5,6400","2,16",5.844,Black,10.0,32.0
G.Skill Trident Z Neo 16 GB,1099.8,"4,3200","2,8",3.437,Silver / Black,10.0,16.0
Patriot Viper Elite II 8 GB,598.8,"4,3200","1,8",,Red / Black,11.25,18.0
Kingston FURY Beast RGB 64 GB,7589.6,"5,6000","2,32",5.929,Black,13.333,40.0
Biwin Black Opal HX100 32 GB,,"5,6000","2,16",,Black,10.0,30.0
Kingston KVR1333D3/2GR 2 GB,442.0,"3,1333","1,2",11.05,Green,13.503,9.0
Patriot PSD34G160081 4 GB,279.6,"3,1600","1,4",3.495,Green,13.75,11.0
Gigabyte AORUS RGB 16 GB,,"4,3733","2,8",,Gray,9.644,18.0
Crucial Ballistix Sport LT 8 GB,,"4,2400","1,8",,Silver,13.333,16.0
Crucial Ballistix Sport LT 8 GB,,"4,2666","1,8",,,12.003,16.0
ADATA XPG SPECTRIX D41 8 GB,,"4,3000","1,8",,Black / White,10.667,16.0
Kingston HyperX Fury 16 GB,,"4,3200","2,8",,Black / Silver,11.25,18.0
Kingston HyperX Fury 16 GB,,"4,3466","2,8",,White,10.964,19.0
ADATA XPG SPECTRIX D60G 32 GB,,"4,3200","2,16",,Silver / Black,10.0,16.0
Corsair Vengeance LPX 8 GB,919.8,"4,3600","1,8",5.749,Black,10.0,18.0
GeIL Orion AMD Edition 16 GB,,"4,3200","2,8",,Gray,10.0,16.0
Corsair Dominator Platinum RGB 64 GB,7599.8,"5,6400","4,16",5.937,Black,10.0,32.0
TEAMGROUP T-Force Vulcan 64 GB,3719.8,"5,6400","2,32",2.906,Red,10.625,34.0
Patriot Viper Steel RGB 64 GB,2599.8,"4,3200","2,32",2.031,Black,11.25,18.0
G.Skill Ripjaws V 16 GB,2198.8,"4,3200","2,8",6.871,Black,10.0,16.0
G.Skill Trident Z 16 GB,,"4,3200","2,8",,Silver / White,8.75,14.0
Patriot Viper Venom RGB 64 GB,3099.8,"5,5200","2,32",2.422,Black / White,15.385,40.0
G.Skill Ripjaws S5 48 GB,3499.8,"5,6800","2,24",3.646,Black,10.0,34.0
Kingston FURY Beast 64 GB,5838.4,"4,3600","4,16",4.561,Black,10.0,18.0
G.Skill Ripjaws X 16 GB,1283.8,"3,2400","2,8",4.012,Black / Blue,9.167,11.0
Lexar Ares RGB 32 GB,4468.6,"5,7200","2,16",6.982,Black / Silver,9.444,34.0
G.Skill Trident Z5 RGB 64 GB,,"5,5600","2,32",,Black,10.714,30.0
Patriot Viper Steel RGB 32 GB,1839.8,"4,3200","2,16",2.875,Black,11.25,18.0
Kingston FURY Beast 16 GB,1612.0,"5,5200","1,16",5.037,Black,13.846,36.0
Kingston FURY 16 GB,1287.4,"5,5200","1,16",4.023,White,15.385,40.0
Kingston Fury Beast RGB Special Edition 8 GB,599.79,"4,3200","1,8",3.749,White,10.0,16.0
Mushkin Enhanced Redline Stiletto 32 GB,,"4,3200","2,16",,Black,10.0,16.0
Timetec PINNACLE Konduit 8 GB,359.79,"4,3200","1,8",2.249,White,10.0,16.0
Kingston HyperX Fury 32 GB,,"4,2400","4,8",,Black / Silver,12.5,15.0
G.Skill Ripjaws V 16 GB,,"4,5333","2,8",,Black,8.251,22.0
Kingston FURY Beast 16 GB,,"4,2666","2,8",,Black,12.003,16.0
Acer Predator Hermes RGB 32 GB,,"5,6400","2,16",,Black,10.0,32.0
TEAMGROUP T-Force Delta RGB Eco 32 GB,1959.8,"5,6400","2,16",3.062,Silver,11.875,38.0
G.Skill Ripjaws V 64 GB,4332.0,"4,3600","2,32",3.384,Black,8.889,16.0
OLOy WarHawk RGB 16 GB,919.8,"4,3600","2,8",2.874,Black / White,10.0,18.0
G.Skill Trident Z5 Royal 48 GB,5199.8,"5,8000","2,24",5.416,Gold,10.0,40.0
TEAMGROUP T-Force Xtreem 48 GB,3999.8,"5,7600","2,24",4.166,Pink,9.474,36.0
G.Skill NT 16 GB,,"4,2133","2,8",,Black,14.065,15.0
Silicon Power SP032GBLFU320X22 32 GB,,"4,3200","2,16",,,13.75,22.0
Silicon Power SP016GBLVU480F02 16 GB,,"5,4800","1,16",,,16.667,40.0
Kingston HyperX Fury 8 GB,,"4,2400","1,8",,Black / White,12.5,15.0
Kingston FURY 16 GB,,"4,2400","2,8",,Black / Silver,12.5,15.0
Corsair Vengeance RGB Pro 64 GB,8309.0,"4,3000","4,16",6.491,White,10.0,15.0
Thermaltake TOUGHRAM Z-ONE RGB 16 GB,2799.6,"4,3600","2,8",8.749,Black,10.0,18.0
Crucial Ballistix 16 GB,,"4,3000","2,8",,Black,10.0,15.0
ADATA XPG LANCER RGB 32 GB,3465.8,"5,6400","2,16",5.415,Black,10.0,32.0
TEAMGROUP T-Force Vulcan 32 GB,1889.8,"5,6400","2,16",2.953,Red,10.0,32.0
G.Skill Trident Z Neo 128 GB,6599.8,"4,3200","4,32",2.578,Black / Silver,10.0,16.0
Timetec PINNACLE Konduit RGB 32 GB,,"4,3600","1,32",,White,10.0,18.0
Corsair Vengeance 64 GB,5519.8,"5,6200","2,32",4.312,Black / Gray,10.323,32.0
TEAMGROUP T-Create Expert 32 GB,1799.8,"5,6400","2,16",2.812,White,12.5,40.0
Kingston FURY Beast RGB 8 GB,963.4,"5,6000","1,8",6.021,Black,10.0,30.0
G.Skill Trident Z5 32 GB,1859.8,"5,5600","2,16",2.906,Black,12.857,36.0
Corsair Vengeance RGB Pro 16 GB,2079.79,"4,3600","2,8",6.499,Black,10.0,18.0
Kingston FURY 64 GB,5606.2,"5,5200","4,16",4.38,White,15.385,40.0
Kingston Fury Renegade RGB 64 GB,5499.8,"5,6400","2,32",4.297,Silver / White,10.0,32.0
Corsair Vengeance LPX 4 GB,430.2,"4,2400","1,4",,Black / Yellow,12.5,15.0
G.Skill Trident Z 16 GB,1386.8,"4,3200","2,8",4.334,Red / Silver,10.0,16.0
G.Skill Aegis 8 GB,451.0,"4,2400","1,8",2.819,Black / Red,12.5,15.0
PNY XLR8 32 GB,2399.79,"4,3200","2,16",,Black / Red,10.0,16.0
TEAMGROUP Elite 4 GB,330.4,"3,1600","1,4",4.13,Black,13.75,11.0
Kingston FURY Beast 8 GB,,"4,2666","1,8",,Black,12.003,16.0
G.Skill Trident Z5 Royal Neo RGB 32 GB,,"5,6000","2,16",,Gold,8.667,26.0
Kingston HyperX Fury 4 GB,,"3,1600","1,4",,Blue / Silver,12.5,10.0
Corsair Vengeance LPX 32 GB,,"4,3000","4,8",,Black,10.667,16.0
TEAMGROUP T-Force Vulcan TUF Gaming Alliance 32 GB,,"4,3600","2,16",,Black / Gold,10.556,19.0
Corsair Vengeance RGB 64 GB,3599.4,"5,5600","2,32",2.812,Black / Gray,14.286,40.0
G.Skill Trident Z Neo 128 GB,6799.8,"4,3600","4,32",2.656,Silver / Black,10.0,18.0
Corsair Vengeance RGB 32 GB,2480.0,"5,6000","2,16",3.875,Black / Gray,12.0,36.0
Corsair Vengeance RGB 48 GB,3599.8,"5,7000","2,24",3.75,Black,11.429,40.0
Corsair Vengeance 64 GB,3559.8,"5,5600","2,32",2.781,White / Gray,14.286,40.0
G.Skill Ripjaws S5 32 GB,,"5,5600","2,16",,Black,10.714,30.0
Kingston Server Premier 16 GB,1399.6,"4,2666","1,16",4.374,,14.254,19.0
G.Skill Trident Z5 RGB 32 GB,,"5,5600","2,16",,Silver / Black,12.857,36.0
Corsair Dominator Titanium 48 GB,4799.8,"5,7000","2,24",5.0,Black,10.286,36.0
Kingston HyperX T1 8 GB,,"3,1600","2,4",,Blue,11.25,9.0
Patriot Viper 4 16 GB,,"4,3200","2,8",,Red / Black,10.0,16.0
HP V6 16 GB,,"4,3200","2,8",,Black,10.0,16.0
Thermaltake TOUGHRAM XG RGB 64 GB,11099.6,"4,4000","2,32",8.672,White / Silver,9.5,19.0
V-Color TRA548G70D834Q 192 GB,37399.8,"5,7000","4,48",9.74,White,9.714,34.0
Crucial CT64G56C46S5 64 GB,3139.8,"5,5600","1,64",2.453,Black,16.429,46.0
Corsair Vengeance LPX 64 GB,3167.2,"4,3000","2,32",2.474,Black / Yellow,10.667,16.0
G.Skill Ripjaws S5 64 GB,3199.8,"5,5600","2,32",2.5,Black,12.857,36.0
G.Skill Trident Z RGB 16 GB,2714.2,"4,3600","2,8",8.482,Black,8.889,16.0
G.Skill Ripjaws V 16 GB,739.8,"4,2400","2,8",2.312,Red,14.167,17.0
Kingston FURY Beast 16 GB,1607.4,"5,6400","1,16",5.023,Black,10.0,32.0
Kingston Fury Renegade RGB 32 GB,2292.19,"5,6400","1,32",3.582,Silver / Black,10.0,32.0
Kingston FURY Beast RGB 32 GB,3779.8,"5,6000","1,32",5.906,Black,10.0,30.0
G.Skill Ripjaws M5 RGB 64 GB,4199.8,"5,6000","2,32",3.281,White,10.667,32.0
Corsair Vengeance 32 GB,2879.8,"5,6400","2,16",4.5,Black,10.0,32.0
G.Skill Trident Z Royal 32 GB,3410.6,"4,3200","4,8",5.329,Silver,10.0,16.0
Crucial Ballistix 64 GB,,"4,3600","2,32",,Black,8.889,16.0
Kingston Fury Renegade RGB 32 GB,,"4,3600","2,16",,Black / Silver,8.889,16.0
Kingston FURY Beast 32 GB,2387.6,"5,6000","1,32",3.731,Black / Silver,12.0,36.0
G.Skill Flare X 16 GB,,"4,3200","2,8",,Black,10.0,16.0
Kingston HyperX Fury 32 GB,,"4,3200","4,8",,Black / Silver,10.0,16.0
Kingston FURY Beast RGB 16 GB,1215.59,"5,5600","1,16",3.799,Black,14.286,40.0
ADATA XPG SPECTRIX D50 8 GB,,"4,3200","1,8",,Black,10.0,16.0
G.Skill Flare X5 256 GB,,"5,6000","4,64",,Black,10.667,32.0
G.Skill Ripjaws M5 RGB 32 GB,,"5,6000","2,16",,White,12.0,36.0
ADATA XPG LANCER RGB 48 GB,4471.6,"5,7200","2,24",4.658,Black,9.444,34.0
Corsair Vengeance RGB 64 GB,4199.8,"5,6000","2,32",3.281,Black,13.333,40.0
Corsair Vengeance 32 GB,2399.79,"5,6000","2,16",3.75,Black,12.0,36.0
Corsair Vengeance RGB RT 64 GB,,"4,3600","4,16",,Black,10.0,18.0
TEAMGROUP T-Force Vulcan Z 64 GB,,"4,3200","2,32",,Gray,10.0,16.0
G.Skill Trident Z 16 GB,2710.6,"4,3200","2,8",8.471,Black / White,10.0,16.0
Corsair Vengeance RGB Pro SL 64 GB,5399.8,"4,3600","2,32",4.219,Black,10.0,18.0
Corsair Vengeance RGB 48 GB,2819.8,"5,5200","2,24",2.937,Black,14.615,38.0
G.Skill Trident X 16 GB,2723.2,"3,2400","2,8",8.51,Black / Red,8.333,10.0
Crucial CT25664BA160B 2 GB,259.4,"3,1600","1,2",6.485,Green,13.75,11.0
Kingston FURY Beast 16 GB,,"5,6000","1,16",,Black,12.0,36.0
KingBank SharpBlade RGB 64 GB,,"5,6400","2,32",,White,10.0,32.0
Kingston Fury Renegade RGB 48 GB,7732.2,"5,7200","2,24",8.054,Silver / Black,10.556,38.0
ADATA XPG LANCER RGB 32 GB,4178.2,"5,5200","2,16",6.528,Black,14.615,38.0
TEAMGROUP T-Force Vulcan 16 GB,,"5,6000","1,16",,Black,10.0,30.0
G.Skill Ripjaws X 8 GB,,"3,1600","2,4",,Black / Blue,8.75,7.0
Crucial CT2K32G4LFQ4213 64 GB,,"4,2133","2,32",,Black / Green,14.065,15.0
GeIL Orion RGB AMD Edition 32 GB,,"4,4000","1,32",,Red,9.0,18.0
Crucial CT2K8G48C40S5 16 GB,839.8,"5,4800","2,8",2.624,Black,16.667,40.0
Samsung M393B2G70DB0-YK0 16 GB,350.2,"3,1600","1,16",1.094,Black / Green,13.75,11.0
Mushkin Enhanced Redline Stiletto 16 GB,979.59,"4,4133","2,8",3.061,Black,9.194,19.0
TEAMGROUP Xtreem ARGB 48 GB,3739.8,"5,7200","2,24",3.896,White,9.444,34.0
G.Skill Ripjaws S5 32 GB,,"5,6000","2,16",,White,12.0,36.0
Corsair Vengeance RGB Pro SL 16 GB,1679.8,"4,3200","2,8",5.249,White / Black,10.0,16.0
Silicon Power SP008GBLFU320X02 8 GB,,"4,3200","1,8",,,13.75,22.0
Patriot Viper Elite 5 RGB 16 GB,,"5,5600","1,16",,White,13.571,38.0
G.Skill Value 16 GB,,"4,2666","2,8",,Black,14.254,19.0
Corsair ValueSelect 16 GB,1199.8,"4,2133","1,16",3.749,Black,14.065,15.0
Crucial Ballistix Sport 8 GB,1194.2,"3,1600","1,8",7.464,Black / Silver,11.25,9.0
G.Skill Trident Z RGB 16 GB,,"4,3200","2,8",,Black,8.75,14.0
Kingston HyperX Fury 8 GB,,"3,1600","2,4",,Blue / Silver,12.5,10.0
ADATA XPG Z1 16 GB,,"4,2400","2,8",,Red / Black,13.333,16.0
Gloway LYSB01EHFW722-ELECTRNCS 8 GB,,"4,2400","1,8",,Black / White,13.333,16.0
TEAMGROUP Team T-Force Night Hawk RGB 16GB (2 x 8GB) 288-Pin DDR4 SDRAM DDR4 3600 (PC4 28800) Desktop Memory Model TF1D416G3600HC18JDC01 16 GB,,"4,3600","2,8",,Black,10.0,18.0
ADATA XPG Z1 16 GB,,"4,3200","2,8",,Red,10.0,16.0
Timetec 75TT36NU2R8-16GK2 32 GB,,"4,3600","2,16",,Blue,10.0,18.0
Corsair Dominator Platinum RGB 64 GB,7039.8,"5,6200","4,16",5.5,Black,10.323,32.0
Klevv Urbane V RGB 32 GB,,"5,6000","2,16",,White,10.0,30.0
Corsair Vengeance RGB RT 32 GB,,"4,3200","2,16",,White / Black,10.0,16.0
Kingston Fury Beast RGB Special Edition 32 GB,,"4,3200","2,16",,White,10.0,16.0
G.Skill Trident Z RGB 64 GB,,"4,3200","2,32",,,8.75,14.0
Corsair Vengeance RGB Pro SL 32 GB,2477.6,"4,3600","4,8",3.871,Black,10.0,18.0
Samsung M391A2K43BB1-CPB 16 GB,860.0,"4,2133","1,16",2.688,Black / Green,14.065,15.0
Corsair Vengeance RGB 48 GB,3343.8,"5,7000","2,24",3.483,Black,10.286,36.0
TEAMGROUP Xtreem 48 GB,,"5,7200","2,24",,Black,9.444,34.0
Patriot Viper Elite II 16 GB,899.8,"4,3600","2,8",2.812,Red / Black,11.111,20.0
Corsair Vengeance RGB Pro 16 GB,1939.8,"4,3000","2,8",6.062,White,10.0,15.0
Corsair Dominator Titanium First Edition 32 GB,4679.8,"5,7200","2,16",7.312,Black,9.444,34.0
Kingston FURY Beast 64 GB,8786.4,"5,6400","2,32",6.864,White,10.0,32.0
Patriot Viper Steel 8 GB,499.6,"4,3000","1,8",,Silver / Black,10.667,16.0
Kingston FURY Beast RGB 64 GB,3873.8,"5,5200","2,32",3.026,Black,15.385,40.0
Kingston FURY Beast 8 GB,,"5,6000","1,8",,Black,10.0,30.0
G.Skill Trident Z5 RGB 32 GB,6599.8,"5,5600","2,16",10.312,Black,12.857,36.0
Corsair Vengeance Pro 16 GB,,"3,1600","2,8",,Black / Red,11.25,9.0
Corsair Dominator Platinum 32 GB,,"4,3000","2,16",,Black / Silver,10.0,15.0
Corsair CORSAIR Vengeance LPX 64GB (4 x 16GB) 288-Pin DDR4 SDRAM DDR4 3200 (PC4 25600) Desktop Memory Model CMK64GX4M4D3200C16 64 GB,,"4,3200","4,16",,Black / Yellow,10.0,16.0
Klevv BOLT X 8 GB,,"4,3200","1,8",,Black,10.0,16.0
Crucial Ballistix 16 GB,,"4,3200","2,8",,Red,10.0,16.0
Corsair Dominator Platinum RGB 64 GB,,"4,3600","2,32",,Black,10.0,18.0
ADATA XPG SPECTRIX D35G RGB 32 GB,,"4,3200","2,16",,Black,10.0,16.0
Klevv CRAS V RGB 32 GB,,"5,6400","2,16",,White,10.0,32.0
G.Skill Trident Z5 Neo RGB 256 GB,,"5,6000","4,64",,Black,10.667,32.0
Crucial CT2K16G4SFRA32A 32 GB,1999.8,"4,3200","2,16",3.125,Green,13.75,22.0
Silicon Power SU016GLSTU160N22AH 16 GB,339.0,"3,1600","2,8",1.059,Green,13.75,11.0
Corsair Vengeance 64 GB,3219.8,"5,4800","2,32",2.515,Black / White,16.667,40.0
G.Skill Trident Z5 RGB 32 GB,3517.0,"5,5600","2,16",5.495,White / Black,10.0,28.0
Crucial CT24G56C46S5 24 GB,1079.8,"5,5600","1,24",2.25,Black,16.429,46.0
G.Skill Ripjaws M5 RGB 64 GB,,"5,5600","2,32",,White,10.714,30.0
Corsair Vengeance RGB 32 GB,2599.8,"5,6400","2,16",4.062,Black,11.875,38.0
G.Skill Trident Z 32 GB,11790.4,"4,3200","2,16",18.422,Silver / White,8.75,14.0
Patriot Signature Line 16 GB,799.8,"4,2400","1,16",2.499,Green / Black,14.167,17.0
TEAMGROUP T-Force Delta RGB 64 GB,,"4,3600","2,32",,Black,10.0,18.0
G.Skill Value 16 GB,726.59,"3,1600","2,8",2.271,Black,13.75,11.0
Patriot Viper Elite II 64 GB,3299.8,"4,3600","2,32",2.578,Red / Black,11.111,20.0
Thermaltake TOUGHRAM XG RGB 16 GB,1465.0,"4,4400","2,8",4.578,Black / Silver,8.636,19.0
G.Skill Trident Z5 RGB 32 GB,2128.0,"5,5600","2,16",3.325,Black,12.857,36.0
G.Skill Flare X 16 GB,858.0,"4,2400","2,8",2.681,Black,12.5,15.0
Crucial CT2K8G4DFRA266 16 GB,820.0,"4,2666","2,8",2.562,Green,14.254,19.0
Mushkin 996573 4 GB,367.8,"3,1066","2,2",4.598,Green,13.133,7.0
PNY XLR8 16 GB,1439.8,"4,2666","2,8",,Black / Red,12.003,16.0
Crucial CT16G52C42U5 16 GB,1195.0,"5,5200","1,16",3.734,Black,16.154,42.0
Patriot Viper 3 8 GB,,"3,1600","2,4",,Black / Silver,11.25,9.0
Kingston FURY Beast RGB 32 GB,5156.59,"5,6400","1,32",8.057,White,10.0,32.0
G.Skill Trident X Series 16 GB,,"3,2933","2,8",,,8.183,12.0
Patriot Viper Venom RGB 16 GB,,"4,3200","2,8",,Black / Silver,10.0,16.0
Crucial Ballistix 16 GB,,"4,3600","2,8",,White,8.889,16.0
Kingston KSM26RD4/64HAR 64 GB,,"4,2666","1,64",,,14.254,19.0
Apacer AU 16 GB,,"4,3200","1,16",,Black,13.75,22.0
Corsair Vengeance RGB 32 GB,,"5,5600","2,16",,Black,12.857,36.0
Crucial Ballistix 8 GB,,"4,3200","1,8",,Black,10.0,16.0
Mushkin Enhanced Redline Stiletto 16 GB,,"4,3600","2,8",,Black,10.0,18.0
ADATA XPG SPECTRIX D35G RGB 8 GB,,"4,3600","1,8",,White,10.0,18.0
G.Skill Flare X5 32 GB,2299.79,"5,6400","2,16",3.593,Black,10.0,32.0
Kingston FURY Beast RGB 32 GB,2999.8,"5,6400","2,16",4.687,Black,10.0,32.0
Kingston FURY Renegade Pro 128 GB,18099.4,"5,6000","4,32",7.07,Black,10.667,32.0
Silicon Power XPOWER Turbine RGB 32 GB,,"4,3600","2,16",,Silver / Black,10.0,18.0
Kingston HyperX Savage 16 GB,632.79,"4,2133","4,4",1.978,Black / White,12.189,13.0
ADATA XPG LANCER RGB 64 GB,,"5,6000","2,32",,Black,10.0,30.0
Kingston FURY Beast RGB 32 GB,3582.4,"5,6000","1,32",5.598,White,10.0,30.0
TEAMGROUP Elite 32 GB,1319.6,"4,3200","1,32",2.062,Black,13.75,22.0
Kingston FURY Renegade 64 GB,5795.2,"5,6400","2,32",4.527,Silver / Black,10.0,32.0
TEAMGROUP T-Force Delta RGB 32 GB,,"5,6600","2,16",,Black,10.303,34.0
G.Skill Sniper 8 GB,703.4,"3,1600","2,4",4.396,Black / Red,11.25,9.0
Silicon Power XPOWER Pulse Gaming 16 GB,1250.4,"5,6000","1,16",3.908,Black / White,10.0,30.0
ADATA XPG Lancer Blade RGB 32 GB,,"5,6400","2,16",,White,10.0,32.0
ADATA XPG Lancer Blade 16 GB,,"5,5600","2,8",,White,16.429,46.0
Crucial CT2KIT25664AA1067 4 GB,,"2,1066","2,2",,Green,13.133,7.0
Crucial Ballistix Sport LT 32 GB,,"4,2400","2,16",,White,13.333,16.0
Crucial Ballistix Sport LT 8 GB,,"4,2400","2,4",,Gray,13.333,16.0
GeIL EVO POTENZA 16 GB,,"4,3000","2,8",,Red / Black,10.667,16.0
Corsair Vengeance RGB Pro 256 GB,,"4,3200","8,32",,White,10.0,16.0
Crucial Ballistix 16 GB,,"4,2666","2,8",,Black,12.003,16.0
Kingston HyperX Fury RGB 16 GB,,"4,3733","2,8",,Black / Silver,10.179,19.0
TEAMGROUP T-Force Delta RGB 8 GB,,"4,3200","1,8",,Black,10.0,16.0
GOODRAM IRDM PRO 8 GB,,"4,3600","1,8",,Black,10.0,18.0
Corsair Vengeance 64 GB,,"4,3200","2,32",,Black,13.75,22.0
Corsair Vengeance RGB RT 32 GB,1799.8,"4,3200","2,16",2.812,Black,10.0,16.0
Thermaltake TOUGHRAM XG RGB 16 GB,1344.0,"4,4400","2,8",4.2,White / Silver,8.636,19.0
TEAMGROUP Xtreem 48 GB,4199.8,"5,7600","2,24",4.375,Black,9.474,36.0
TEAMGROUP T-Force Delta RGB 32 GB,2059.79,"5,5600","2,16",3.218,Black,11.429,32.0
G.Skill F4-3200C16Q2-128GTZ 128 GB,,"4,3200","8,16",,Gray / Red,10.0,16.0
ADATA XPG CASTER RGB 32 GB,7701.4,"5,6000","2,16",12.033,Black / Silver,13.333,40.0
G.Skill Ripjaws X 16 GB,1145.0,"3,1600","4,4",3.578,Black / Red,11.25,9.0
Kingston HyperX Fury 64 GB,8980.0,"4,3466","2,32",7.016,Black,9.81,17.0
TEAMGROUP T-Force Vulcan Z 16 GB,,"4,3000","2,8",,Red / Black,10.667,16.0
Corsair Vengeance LPX 16 GB,,"4,5000","2,8",,Black / Yellow,7.2,18.0
Silicon Power GAMING 32 GB,,"4,3200","2,16",,Red / Black,10.0,16.0
GeIL Orion RGB AMD Edition 16 GB,,"4,3200","2,8",,Gray,10.0,16.0
TEAMGROUP T-Force Vulcan Z 16 GB,,"4,3600","2,8",,Gray,7.778,14.0
Acer Predator Hermes RGB 32 GB,,"5,6800","2,16",,White,9.412,32.0
Corsair Vengeance LPX 8 GB,,"4,3000","2,4",,Black / Yellow,10.667,16.0
G.Skill Ripjaws S5 64 GB,,"5,5600","2,32",,Black,10.714,30.0
G.Skill Trident Z5 RGB 32 GB,2899.8,"5,7600","2,16",4.531,Silver / Black,9.474,36.0
TEAMGROUP Xtreem 32 GB,2439.79,"5,7200","2,16",3.812,White,9.444,34.0
G.Skill Ripjaws S5 64 GB,3199.8,"5,5600","2,32",2.5,White,12.857,36.0
TEAMGROUP T-Force Delta RGB 32 GB,2629.4,"5,6200","2,16",4.108,White,12.258,38.0
Corsair Vengeance LPX 64 GB,3237.4,"4,2400","2,32",2.529,Black / Yellow,13.333,16.0
G.Skill Trident Z 32 GB,4999.8,"5,6000","2,16",7.812,Black,10.0,30.0
TEAMGROUP T-Create Expert 32 GB,1799.8,"5,6400","2,16",2.812,Black,12.5,40.0
G.Skill Trident Z Royal Elite 64 GB,,"4,4266","4,16",,Silver,8.908,19.0
Corsair Vengeance RGB 32 GB,2819.8,"5,6200","2,16",4.406,Black,11.613,36.0
TEAMGROUP Xtreem 32 GB,2119.79,"5,6400","2,16",3.312,Black,10.0,32.0
G.Skill Ripjaws M5 Neo RGB 32 GB,,"5,6000","2,16",,White,10.0,30.0
Samsung M393A2G40DB0-CPB 16 GB,1299.6,"4,2133","1,16",4.061,Black / Green,14.065,15.0
TEAMGROUP T-Force Delta RGB 32 GB,2999.8,"5,7800","2,16",4.687,White / Silver,9.744,38.0
TEAMGROUP Elite 32 GB,1539.8,"5,4800","1,32",2.406,Black,16.667,40.0
Kingston FURY Beast RGB 16 GB,,"4,3600","1,16",,Black,10.0,18.0
ADATA XPG SPECTRIX D35G RGB 16 GB,1464.4,"4,3600","1,16",4.576,Black,10.0,18.0
Corsair Dominator Platinum RGB 16 GB,1984.4,"4,3200","2,8",6.201,Black,10.0,16.0
Patriot Signature Line 4 GB,497.2,"4,2666","1,4",6.215,Green,14.254,19.0
Kingston FURY Renegade 64 GB,5600.0,"5,6000","2,32",4.375,Silver / Black,10.667,32.0
Corsair Vengeance 8 GB,799.8,"3,1600","1,8",4.999,Black / Silver,12.5,10.0
Kingston KVR13LL9Q4K4/128I 128 GB,,"3,1333","4,32",,Silver,13.503,9.0
Micron MT8JTF51264AZ-1G6E1 4 GB,239.8,"3,1600","1,4",2.998,Black / Green,13.75,11.0
G.Skill Trident Z RGB 16 GB,,"4,3000","2,8",,Black,10.0,15.0
Crucial CT16G4DFD8266 16 GB,940.0,"4,2666","1,16",2.938,Green / Black,14.254,19.0
Thermaltake TOUGHRAM XG RGB D5 32 GB,3299.6,"5,5600","2,16",5.156,Black / Silver,12.857,36.0
Corsair CMT32GX5M2X7800C36 32 GB,,"5,7800","2,16",,Black,9.231,36.0
Corsair Vengeance 32 GB,,"5,6600","2,16",,Black,9.091,30.0
G.Skill Trident Z 32 GB,,"5,6000","2,16",,White / Black,10.0,30.0
Mushkin Proline 16 GB,895.0,"4,3200","1,16",2.797,,13.75,22.0
G.Skill FORTIS 64 GB,,"4,2400","4,16",,Black / Red,12.5,15.0
G.Skill Trident Z Royal 32 GB,3255.6,"4,3600","2,16",5.087,Silver,8.889,16.0
Patriot Viper Venom RGB 32 GB,2399.79,"5,6800","2,16",3.75,Black / White,11.765,40.0
Mushkin Redline Lumina 64 GB,5620.4,"4,3200","2,32",4.391,Black,8.75,14.0
TEAMGROUP T-Force DELTAα RGB 32 GB,1799.8,"5,5600","2,16",2.812,Black,14.286,40.0
G.Skill Trident Z5 RGB 32 GB,3299.8,"5,8000","2,16",5.156,Silver / Black,9.5,38.0
TEAMGROUP Elite 64 GB,3219.8,"5,5600","2,32",2.515,Black,16.429,46.0
Samsung M386B4G70DM0-YK0 32 GB,,"3,1600","1,32",,Silver,13.75,11.0
G.Skill Flare X 128 GB,,"4,2400","8,16",,Black,12.5,15.0
TEAMGROUP T-Force DELTAα RGB 32 GB,1799.8,"5,5600","2,16",2.812,White,14.286,40.0
TEAMGROUP T-Force Xtreem ARGB 16 GB,1699.8,"4,4000","2,8",5.312,Black,9.0,18.0
G.Skill Trident Z5 RGB 32 GB,2712.2,"5,5200","2,16",4.238,Black,13.846,36.0
TEAMGROUP Xtreem ARGB 32 GB,,"5,7200","2,16",,Black,9.444,34.0
Corsair Dominator Platinum RGB 32 GB,3488.8,"4,3200","4,8",5.451,Black,10.0,16.0
Kingston ValueRAM 1 GB,498.0,"3,1333","1,1",24.9,Green,13.503,9.0
G.Skill Trident Z RGB 32 GB,,"4,3600","4,8",,Black,10.0,18.0
Timetec PINNACLE Konduit RGB 8 GB,439.79,"4,3600","1,8",2.749,White,10.0,18.0
TEAMGROUP T-Force Delta RGB 64 GB,3199.8,"5,5600","2,32",2.5,Black,13.571,38.0
G.Skill Ripjaws X 16 GB,,"3,1866","2,8",,Black / Blue,9.646,9.0
Corsair Vengeance LPX 32 GB,,"4,2133","4,8",,Black,14.065,15.0
AMD R7 Performance 8 GB,,"4,2400","1,8",,Black / Red,12.5,15.0
Corsair Vengeance LPX 32 GB,,"4,3600","2,16",,Black / Yellow,8.889,16.0
Corsair Vengeance LPX 64 GB,,"4,4000","4,16",,Black / Yellow,9.0,18.0
TEAMGROUP T-Force Delta TUF Gaming Alliance RGB 32 GB,,"4,3200","2,16",,Black / Gold,10.0,16.0
Corsair Vengeance RGB Pro SL 256 GB,,"4,3200","8,32",,Black,10.0,16.0
GOODRAM IRDM 32 GB,,"5,5600","2,16",,Black,10.714,30.0
KingBank SharpBlade 32 GB,,"5,6800","2,16",,Black,10.0,34.0
Silicon Power XPOWER Storm RGB 64 GB,,"5,8000","2,32",,White,9.5,38.0
ADATA XPG Lancer Blade 16 GB,,"5,5600","2,8",,Black,16.429,46.0
Crucial CT16G48C40S5 16 GB,755.6,"5,4800","1,16",2.361,Black,16.667,40.0
Patriot Viper Steel 32 GB,1439.8,"4,3600","1,32",2.25,Gray,10.0,18.0
G.Skill Ripjaws V 64 GB,4925.6,"4,3600","4,16",3.848,Black,10.0,18.0
TEAMGROUP T-Force Vulcan Z 32 GB,,"4,3600","2,16",,Red,10.0,18.0
Corsair Vengeance RGB Pro SL 16 GB,1581.6,"4,3600","2,8",4.942,Black,8.889,16.0
Patriot Viper Elite II 32 GB,1599.6,"4,3600","1,32",2.499,Red / Black,11.111,20.0
TEAMGROUP T-Force Delta RGB 32 GB,2259.79,"5,6800","2,16",3.531,White / Black,10.0,34.0
G.Skill Trident Z5 RGB 48 GB,4199.8,"5,8000","2,24",4.375,Silver / Black,10.0,40.0
Timetec PINNACLE Konduit RGB 32 GB,,"4,3600","2,16",,White,10.0,18.0
TEAMGROUP Xtreem ARGB 32 GB,3999.8,"5,8000","2,16",6.25,White,9.5,38.0
Corsair Vengeance RGB Pro 32 GB,5920.0,"4,3600","4,8",9.25,White,10.0,18.0
G.Skill Trident Z Neo 16 GB,11997.4,"4,3800","2,8",37.492,Black / Silver,7.368,14.0
Kingston FURY Beast 32 GB,3335.0,"4,3600","4,8",5.211,Black,10.0,18.0
Patriot Viper Elite II 16 GB,759.8,"4,2666","1,16",2.374,Red / Black,12.003,16.0
Patriot Viper Steel RGB 16 GB,979.8,"4,3600","1,16",3.062,Black,11.111,20.0
Corsair Dominator Platinum 32 GB,7510.8,"3,1600","4,8",11.736,Black / Silver,8.75,7.0
Crucial CT16G4DFD832A 16 GB,1099.8,"4,3200","1,16",3.437,Green / Black,13.75,22.0
G.Skill Ripjaws V 32 GB,,"4,3600","4,8",,Black,8.889,16.0
Thermaltake TOUGHRAM RGB 16 GB,,"4,3600","2,8",,White / Silver,10.0,18.0
ADATA XPG LANCER 32 GB,,"5,5200","2,16",,Black,14.615,38.0
Kingston ValueRAM 2 GB,344.6,"2,800","1,2",8.615,Green,15.0,6.0
G.Skill F2-6400CL5Q-16GBPQ 16 GB,,"2,800","4,4",,Blue / Silver,12.5,5.0
Kingston HyperX Fury 4 GB,,"3,1600","1,4",,Black,12.5,10.0
GeIL Dragon RAM 8 GB,,"4,3333","2,4",,White / Gold,9.601,16.0
Corsair Vengeance LPX 32 GB,,"4,3000","2,16",,Black / Yellow,10.0,15.0
Corsair Vengeance LPX 64 GB,,"4,3200","4,16",,Black / Yellow,10.0,16.0
Kingston ValueRAM 16 GB,2599.8,"4,2133","2,8",8.124,Black / Green,14.065,15.0
Acer Predator Apollo RGB 16 GB,,"4,3600","2,8",,Silver / Black,8.889,16.0
Kingston FURY Beast RGB 16 GB,,"4,3200","1,16",,Black,10.0,16.0
ADATA XPG SPECTRIX D60G 16 GB,,"4,3600","2,8",,Gray,10.0,18.0
Corsair Vengeance LPX 32 GB,,"4,3600","2,16",,Black,10.0,18.0
Silicon Power XPOWER Storm RGB 64 GB,,"5,7200","2,32",,Black,9.444,34.0
G.Skill Trident Z5 Neo RGB 64 GB,,"5,6000","2,32",,Black,8.667,26.0
TEAMGROUP Elite 16 GB,919.8,"4,3200","2,8",2.874,Black,13.75,22.0
Corsair Vengeance RGB RT 64 GB,3644.8,"4,3200","2,32",2.848,White / Black,10.0,16.0
G.Skill Trident Z RGB 16 GB,963.6,"4,3200","2,8",3.011,Black,10.0,16.0
Mushkin Enhanced Redline Stiletto 64 GB,,"4,3200","2,32",,Black,10.0,16.0
G.Skill Ripjaws S5 64 GB,3699.8,"5,5600","2,32",2.89,White,10.714,30.0
G.Skill Trident Z5 Neo 32 GB,3650.4,"5,5600","2,16",5.704,Black,10.714,30.0
G.Skill Trident Z5 Neo 32 GB,2399.79,"5,6000","2,16",3.75,Black,10.667,32.0
Timetec 75TT21NU 8 GB,599.79,"4,2133","2,4",3.749,Black,14.065,15.0
TEAMGROUP T-Create Classic 64 GB,3119.8,"5,5600","2,32",2.437,Black,16.429,46.0
Kingston FURY Beast 64 GB,4959.2,"5,6000","2,32",3.874,White,10.0,30.0
G.Skill Trident Z RGB 16 GB,1099.8,"4,3600","2,8",3.437,Black,10.0,18.0
Kingston FURY Renegade 16 GB,2466.6,"5,8000","1,16",7.708,Silver / Black,9.5,38.0
Corsair Vengeance LPX 16 GB,1674.4,"4,4000","2,8",5.232,Black,9.0,18.0
G.Skill Ripjaws V 128 GB,10087.4,"4,4000","4,32",3.94,Black,9.0,18.0
G.Skill Value 32 GB,1464.4,"4,2400","4,8",2.288,Black,12.5,15.0
G.Skill Aegis 16 GB,,"4,2400","1,16",,Black / Red,12.5,15.0
Corsair Vengeance RGB Pro 64 GB,5719.8,"4,3200","4,16",4.469,Black,10.0,16.0
Biwin Black Opal DW100 RGB 64 GB,,"5,6000","2,32",,Black,10.0,30.0
V-Color TRA524G72S836O 192 GB,42039.8,"5,7200","8,24",10.948,Black,10.0,36.0
ADATA XPG LANCER RGB 16 GB,,"5,6000","1,16",,Black,10.0,30.0
V-Color TRA564G56D436O 512 GB,72449.79,"5,5600","8,64",7.075,Black,12.857,36.0
Kingston ValueRAM 1 GB,248.4,"2,667","1,1",12.42,Green,14.993,5.0
Corsair Dominator Platinum 16 GB,8462.0,"3,2400","4,4",26.444,Black / Silver,7.5,9.0
Corsair Vengeance LPX 16 GB,,"4,2666","4,4",,Black / Yellow,11.253,15.0
Corsair Vengeance LPX 16 GB,,"4,2400","2,8",,Red,13.333,16.0
Crucial Ballistix Sport LT 16 GB,,"4,3000","2,8",,Silver / Black,10.0,15.0
ADATA XPG GAMMIX D30 32 GB,,"4,3000","2,16",,Silver / Red,10.667,16.0
Klevv BOLT XR 16 GB,,"4,3600","2,8",,Gold,10.0,18.0
V-Color Prism Pro 16 GB,,"4,3600","2,8",,Black,10.0,18.0
HP V2 8 GB,,"4,3000","1,8",,Black,10.667,16.0
TEAMGROUP T-Force Delta RGB 48 GB,6919.8,"5,6800","2,24",7.208,White,10.588,36.0
TEAMGROUP T-Force Delta RGB 2 GB,,"5,5600","1,2",,Black,12.857,36.0
ADATA XPG Lancer Blade 8 GB,,"5,5600","1,8",,Black,16.429,46.0
Kingston FURY Beast RGB 32 GB,3260.4,"5,6400","2,16",5.094,White,10.0,32.0
ADATA XPG LANCER NEON RGB 32 GB,5213.4,"5,8000","2,16",8.146,Black,9.5,38.0
Crucial CT32G4RFD424A 32 GB,1173.0,"4,2400","1,32",1.833,,14.167,17.0
G.Skill Ripjaws S5 32 GB,2199.79,"5,6600","2,16",3.437,Black,10.303,34.0
Patriot Viper Venom RGB 32 GB,2559.79,"5,7200","2,16",4.0,Black / White,11.111,40.0
Corsair Vengeance RGB Pro SL 16 GB,2059.79,"4,3600","2,8",6.437,Black,10.0,18.0
Kingston FURY Beast RGB 16 GB,1499.6,"5,6000","1,16",4.686,Black,10.0,30.0
G.Skill Ripjaws M5 RGB 96 GB,4599.8,"5,5600","2,48",2.396,White,14.286,40.0
Corsair Dominator Platinum RGB 32 GB,2630.4,"4,3466","2,16",4.11,Black,9.233,16.0
Kingston FURY Renegade Pro 128 GB,14899.8,"5,5600","4,32",5.82,Black,10.0,28.0
Kingston Fury Beast RGB Special Edition 16 GB,1643.0,"4,3600","2,8",5.134,White,9.444,17.0
Kingston FURY Renegade 16 GB,1218.59,"5,6800","1,16",3.808,White / Silver,10.588,36.0
Patriot Viper Elite 5 RGB 32 GB,,"5,6000","1,32",,White,14.0,42.0
G.Skill Trident Z RGB 64 GB,,"4,3600","4,16",,Black,8.889,16.0
Corsair Vengeance RGB Pro 16 GB,2039.6,"4,4000","2,8",6.374,Black,9.0,18.0
Kingston KVR16N11K2/16 16 GB,1299.6,"3,1600","2,8",4.061,Green,13.75,11.0
Corsair Vengeance RGB Pro 16 GB,2079.79,"4,3600","2,8",6.499,White,10.0,18.0
Patriot Viper Elite II 16 GB,,"4,2666","2,8",,Red / Black,12.003,16.0
Kingston FURY Beast 16 GB,,"5,6000","2,8",,Black,13.333,40.0
Kingston FURY Renegade 32 GB,3816.0,"5,7200","2,16",5.963,Silver / Black,10.556,38.0
G.Skill Ripjaws S5 32 GB,,"5,5600","2,16",,White,14.286,40.0
Crucial Ballistix Sport 4 GB,580.0,"3,1600","1,4",7.25,Black / Silver,11.25,9.0
Crucial CT2K8G4DFD8213 16 GB,,"4,2133","2,8",,Black / Green,14.065,15.0
TEAMGROUP Vulcan 16 GB,,"4,2400","2,8",,Black / Gray,11.667,14.0
TEAMGROUP T-Force Delta RGB 16 GB,,"4,2400","2,8",,Black,12.5,15.0
G.Skill Aegis 8 GB,,"4,2666","1,8",,Red / Black,14.254,19.0
G.Skill Trident Z Royal 16 GB,,"4,3600","2,8",,Silver,10.0,18.0
OLOy MD4U0836180BHKDA 16 GB,,"4,3600","2,8",,Black,10.0,18.0
GeIL EVO SPEAR 16 GB,,"4,3200","2,8",,Black,10.0,16.0
Silicon Power GAMING 32 GB,,"4,3600","2,16",,Red / Black,10.0,18.0
Corsair Dominator Platinum RGB 32 GB,,"5,4800","2,16",,Black,14.167,34.0
ADATA XPG GAMMIX D10 16 GB,,"4,3200","1,16",,Black,10.0,16.0
TEAMGROUP T-Force Delta RGB 96 GB,,"5,7000","2,48",,White,9.714,34.0
G.Skill Trident Z 32 GB,2299.79,"5,6400","2,16",3.593,Black,10.0,32.0
Corsair Vengeance RGB RS 8 GB,1019.8,"4,3600","1,8",6.374,Black,10.0,18.0
Corsair Vengeance RGB Pro SL 64 GB,3122.6,"4,3200","4,16",2.44,White,10.0,16.0
Corsair Vengeance RGB Pro 32 GB,2106.39,"4,2933","2,16",3.291,Black,10.91,16.0
G.Skill Flare X5 48 GB,,"5,5600","2,24",,Black,14.286,40.0
Corsair Vengeance RGB RT 32 GB,,"4,3600","4,8",,Black,10.0,18.0
Kingston FURY Beast RGB 16 GB,,"4,3600","2,8",,Black,9.444,17.0
Crucial CT2K8G56C46S5 16 GB,879.8,"5,5600","2,8",2.749,Black,16.429,46.0
Corsair ValueSelect 32 GB,1348.4,"4,2666","1,32",2.107,Black,13.503,18.0
Kingston FURY Beast 16 GB,1473.6,"5,6000","1,16",4.605,White,10.0,30.0
TEAMGROUP T-Force Delta RGB 64 GB,,"5,6400","2,32",,White,10.625,34.0
G.Skill Aegis 16 GB,,"4,2800","2,8",,Black / Red,12.143,17.0
G.Skill Trident Z 16 GB,3580.0,"4,4400","2,8",11.188,Black,8.636,19.0
G.Skill Ripjaws S5 32 GB,,"5,5600","2,16",,Black,14.286,40.0
ADATA XPG Lancer Blade RGB 32 GB,4753.39,"5,6000","1,32",7.427,Black,10.0,30.0
G.Skill Ripjaws 4 16 GB,,"4,2133","2,8",,Red,14.065,15.0
Corsair Vengeance RGB 32 GB,3813.0,"5,5200","2,16",5.958,Black / Gray,15.385,40.0
Corsair Vengeance 16 GB,1139.8,"5,4800","2,8",3.562,Black / White,16.667,40.0
G.Skill Sniper 16 GB,3980.0,"3,1866","2,8",12.438,Black / Red,9.646,9.0
Kingston Fury Beast RGB Special Edition 16 GB,,"4,3200","2,8",,White,10.0,16.0
PNY Performance 32 GB,1769.8,"4,3200","1,32",2.765,Black,13.75,22.0
ADATA XPG Lancer Blade 32 GB,,"5,6000","2,16",,White,16.0,48.0
OCZ Platinum 4 GB,,"2,1066","2,2",,Black / Silver,9.381,5.0
Corsair Dominator Platinum 16 GB,,"4,3000","2,8",,Black / Silver,10.0,15.0
TEAMGROUP T-Force Vulcan 32 GB,,"4,3200","4,8",,Silver / Black,10.0,16.0
Gigabyte AORUS RGB 16 GB,,"4,3200","2,8",,Silver,10.0,16.0
Kingston HyperX Fury 32 GB,,"4,3466","2,16",,White / Silver,10.964,19.0
Kingston HyperX Fury RGB 32 GB,,"4,3200","4,8",,Black,10.0,16.0
Patriot Viper 4 Blackout 16 GB,,"4,3200","2,8",,Black,10.0,16.0
TEAMGROUP T-Force Dark Za 16 GB,,"4,3200","2,8",,Black / Silver,10.0,16.0
G.Skill Trident Z RGB 16 GB,,"4,5066","2,8",,Black,7.896,20.0
Neo Forza FAYE 32 GB,,"4,5000","2,16",,Black / Silver,7.6,19.0
V-Color Manta XPrism RGB 32 GB,,"5,8000","2,16",,Silver,9.5,38.0
Kingston ValueRAM 16 GB,,"5,4800","1,16",,Green,16.667,40.0
GOODRAM IRDM PRO 16 GB,1834.0,"4,3600","1,16",5.731,Black,10.0,18.0
Acer Predator Hermes RGB 64 GB,,"5,6400","2,32",,White,10.0,32.0
ADATA XPG LANCER RGB ROG CERTIFIED 48 GB,,"5,7200","2,24",,Black,9.444,34.0
TEAMGROUP T-Force Xtreem 32 GB,,"5,6000","2,16",,Pink,10.0,30.0
G.Skill Ares 32 GB,2137.0,"3,2400","4,8",3.339,,9.167,11.0
G.Skill Trident Z5 RGB 32 GB,1999.8,"5,6000","2,16",3.125,Black,12.0,36.0
Corsair Vengeance RGB 16 GB,1099.4,"4,3200","2,8",3.436,Black,10.0,16.0
Corsair Vengeance RGB RT 64 GB,,"4,3600","2,32",,Black,10.0,18.0
Kingston FURY Beast RGB 16 GB,1582.8,"5,6000","1,16",4.946,White,10.0,30.0
G.Skill Trident Z RGB 32 GB,4100.0,"4,3600","2,16",6.406,Black,9.444,17.0
Corsair Vengeance RGB Pro 16 GB,1242.8,"4,3200","2,8",3.884,Black,10.0,16.0
Corsair Vengeance RGB 64 GB,4399.8,"5,5600","2,32",3.437,Gray,12.857,36.0
Kingston ValueRAM 4 GB,299.8,"4,2666","1,4",3.748,Green / Black,14.254,19.0
Kingston FURY Beast RGB 32 GB,2046.0,"5,5600","1,32",3.197,Black,14.286,40.0
TEAMGROUP Elite 8 GB,489.4,"3,1600","1,8",3.059,Black,13.75,11.0
G.Skill Trident Z Royal 32 GB,5592.6,"4,3600","2,16",8.738,Gold,8.889,16.0
Silicon Power SP008GLLTU160N02 8 GB,,"3,1600","1,8",,Green,13.75,11.0
G.Skill Ripjaws X 4 GB,504.6,"3,1600","2,2",6.308,Black / Red,11.25,9.0
G.Skill Ripjaws X 32 GB,,"3,1600","4,8",,Black / Red,12.5,10.0
TEAMGROUP T-Force Delta RGB 16 GB,,"4,3000","2,8",,White,10.667,16.0
Micron MT16JTF1G64AZ-1G6E1 8 GB,485.79,"3,1600","1,8",3.036,Green,13.75,11.0
Kingston HyperX Predator 32 GB,,"4,2400","4,8",,Black,10.0,12.0
Kingston HyperX Predator 32 GB,,"4,3600","2,16",,Black / Silver,9.444,17.0
G.Skill Trident Z Neo 32 GB,,"4,3600","4,8",,Silver / Black,7.778,14.0
OLOy OWL 32 GB,,"4,3200","2,16",,Orange,10.0,16.0
OLOy Blade RGB 32 GB,,"4,3600","2,16",,Black,10.0,18.0
TEAMGROUP T-Force Vulcan Z 32 GB,,"4,4000","2,16",,Gray,9.0,18.0
TEAMGROUP T-Force Delta TUF Gaming Alliance RGB 32 GB,,"4,3600","2,16",,Black / Gold,8.889,16.0
TEAMGROUP Elite Plus 32 GB,,"5,5600","2,16",,Black,14.286,40.0
ADATA XPG CASTER RGB 32 GB,,"5,6000","2,16",,Black / Silver,10.0,30.0
Crucial Ballistix MAX RGB 32 GB,,"4,4400","2,16",,Black,8.636,19.0
Kingston FURY Renegade Pro 256 GB,33700.0,"5,6000","8,32",6.582,Black,10.667,32.0
ADATA XPG SPECTRIX D35G RGB 8 GB,,"4,3200","1,8",,White,10.0,16.0
Acer Predator Hera RGB 32 GB,,"5,6400","2,16",,Black,10.0,32.0
Kingston FURY Impact 16 GB,1539.6,"5,6400","1,16",4.811,Black,11.875,38.0
Crucial CT2K16G64C52CU5 32 GB,3180.0,"5,6400","2,16",4.969,Black,16.25,52.0
G.Skill Trident Z5 RGB 32 GB,,"5,5600","2,16",,Black,10.714,30.0
Corsair Dominator Platinum RGB 32 GB,3479.8,"5,6000","2,16",5.437,Black,12.0,36.0
G.Skill Trident Z5 RGB 32 GB,2299.79,"5,6000","2,16",3.593,Black,10.667,32.0
G.Skill Ripjaws M5 Neo RGB 48 GB,,"5,6000","2,24",,White,10.0,30.0
G.Skill Trident Z Royal 16 GB,5580.0,"4,4600","2,8",17.438,Silver,7.826,18.0
G.Skill Trident Z5 RGB 32 GB,,"5,6400","2,16",,White / Black,10.0,32.0
Kingston KVR21R15D4/16 16 GB,599.6,"4,2133","1,16",1.874,Black / Green,14.065,15.0
Samsung M393A4K40CB2-CTD 32 GB,1180.0,"4,2666","1,32",1.844,Green / Black,14.254,19.0
Corsair Vengeance RGB RS 16 GB,1379.6,"4,3200","1,16",4.311,Black / Gray,10.0,16.0
Mushkin Redline Lumina 64 GB,4115.0,"4,3600","2,32",3.215,White,10.0,18.0
Corsair Vengeance 64 GB,5719.8,"5,6000","4,16",4.469,Black / Silver,12.0,36.0
Kingston Fury Renegade RGB 16 GB,1799.8,"5,6800","1,16",5.624,Silver / Black,10.588,36.0
G.Skill Trident Z5 Royal Neo RGB 48 GB,,"5,6000","2,24",,Gold,9.333,28.0
Kingston Fury Renegade RGB 32 GB,4241.2,"5,7600","2,16",6.627,Silver / White,10.0,38.0
Mushkin 971130A 1 GB,,400,"1,1",,Black / Green,15.0,3.0
Corsair Vengeance LPX 16 GB,,"4,3000","2,8",,Red,10.0,15.0
Corsair Vengeance LED 16 GB,,"4,3000","2,8",,Black / White,10.0,15.0
GeIL EVO POTENZA 8 GB,,"4,2400","1,8",,Red / Black,13.333,16.0
Kingston HyperX Fury RGB 32 GB,,"4,2666","2,16",,Black,12.003,16.0
G.Skill TridentZ RGB 64 GB,,"4,3600","4,16",,Black,7.778,14.0
TEAMGROUP T-Force Delta RGB 8 GB,,"4,3200","1,8",,White,10.0,16.0
Kingston FURY Renegade 16 GB,,"4,4000","1,16",,Black,9.5,19.0
Kingston ValueRAM 16 GB,792.0,"4,2666","1,16",2.475,Green,14.254,19.0
Timetec PINNACLE Konduit 16 GB,679.8,"4,3600","2,8",2.124,Black,10.0,18.0
TEAMGROUP Elite 16 GB,,"5,5600","2,8",,Black,16.429,46.0
Netac Shadow II 16 GB,,"4,3200","1,16",,Black,10.0,16.0
Klevv CRAS V RGB 48 GB,,"5,7200","2,24",,Black,9.444,34.0
Mushkin Redline Lumina 16 GB,,"4,3600","2,8",,Black,7.778,14.0
G.Skill Ripjaws M5 Neo RGB 32 GB,,"5,6000","2,16",,Black,10.0,30.0
G.Skill Trident Z5 RGB 32 GB,,"5,6000","2,16",,Black,13.333,40.0
G.Skill Trident Z Royal 64 GB,5320.8,"4,3600","4,16",4.157,Silver,8.889,16.0
Kingston FURY Beast 64 GB,7313.6,"5,6000","2,32",5.714,Black,13.333,40.0
Patriot Viper Venom RGB 32 GB,2599.8,"5,7400","2,16",4.062,Black / White,10.811,40.0
Corsair Vengeance RGB Pro 32 GB,12576.0,"4,3200","4,8",19.65,Black,8.75,14.0
Kingston FURY Beast RGB 16 GB,1199.8,"5,5200","1,16",3.749,Black,15.385,40.0
Kingston FURY 32 GB,2415.4,"5,5200","2,16",3.774,White,15.385,40.0
Kingston Server Premier 32 GB,2691.0,"4,3200","1,32",4.205,,13.75,22.0
Lexar Ares RGB 16 GB,1519.4,"4,4000","2,8",4.748,White,9.0,18.0
TEAMGROUP T-Force Delta RGB 64 GB,,"5,6400","2,32",,Black,10.625,34.0
Corsair Dominator Platinum RGB 16 GB,1758.4,"4,3200","2,8",5.495,White,10.0,16.0
Corsair Vengeance RGB RS 8 GB,839.8,"4,3200","1,8",5.249,Black / Gray,10.0,16.0
Kingston FURY Renegade 32 GB,2998.0,"5,6800","2,16",4.684,Silver / White,10.588,36.0
Crucial CT2K16G4DFD8213 32 GB,1660.0,"4,2133","2,16",2.594,Black / Green,14.065,15.0
G.Skill Trident Z Royal 64 GB,9562.0,"4,3200","4,16",7.47,Silver,10.0,16.0
V-Color TRA532G72D834Q 128 GB,25919.8,"5,7200","4,32",10.125,White,9.444,34.0
G.Skill Value 8 GB,424.79,"3,1600","1,8",2.655,Black,13.75,11.0
Kingston HyperX Fury 16 GB,,"3,1600","2,8",,Black / Silver,12.5,10.0
Kingston HyperX Fury 8 GB,,"4,2400","2,4",,Black / White,12.5,15.0
G.Skill Ripjaws V 32 GB,,"4,3200","4,8",,Red,10.0,16.0
Corsair Dominator Platinum 32 GB,,"4,3200","2,16",,Black / Silver,10.0,16.0
G.Skill Ripjaws V 16 GB,,"4,3000","2,8",,Black,10.0,15.0
Patriot Viper 4 8 GB,,"4,3000","2,4",,Black / Red,10.667,16.0
ADATA XPG Z1 16 GB,,"4,3200","2,8",,Black,10.0,16.0
Thermaltake TOUGHRAM RGB 16 GB,2266.0,"4,3600","2,8",7.081,Black / Silver,10.0,18.0
Thermaltake TOUGHRAM Z-ONE RGB 16 GB,2599.6,"4,3200","2,8",8.124,Black,10.0,16.0
Gigabyte DESIGNARE 64 GB,,"4,3200","2,32",,White / Black,10.0,16.0
G.Skill Ripjaws V 256 GB,,"4,3600","8,32",,Black,8.889,16.0
TEAMGROUP T-Force Zeus 16 GB,,"4,3200","2,8",,Red,12.5,20.0
G.Skill Ripjaws V 32 GB,,"4,4000","2,16",,Black,7.0,14.0
OLOy Blade 16 GB,,"5,4800","2,8",,Black / Silver,16.667,40.0
G.Skill Trident Z5 RGB 32 GB,,"5,6000","2,16",,Black,12.0,36.0
G.Skill Trident Z Royal 16 GB,,"4,5333","2,8",,Silver,8.251,22.0
Corsair Vengeance LPX 16 GB,,"4,5133","2,8",,Black,7.793,20.0
G.Skill Trident Z5 RGB 64 GB,,"5,5600","2,32",,Black,10.0,28.0
Kingston FURY Renegade 32 GB,,"5,6000","2,16",,Silver / Black,10.667,32.0
Corsair Vengeance RGB 64 GB,,"5,5600","4,16",,Black,12.857,36.0
Kingston FURY Impact 32 GB,2810.6,"4,3200","2,16",4.392,Black,12.5,20.0
G.Skill Trident Z Royal 32 GB,,"4,4400","2,16",,Silver,8.636,19.0
Crucial CT32G56C46S5 32 GB,2285.0,"5,5600","1,32",3.57,Black,16.429,46.0
G.Skill Trident Z5 RGB 32 GB,2399.79,"5,6400","2,16",3.75,Black,10.0,32.0
G.Skill Ripjaws S5 32 GB,5200.2,"5,5600","2,16",8.125,White,10.0,28.0
Kingston FURY Renegade 32 GB,4591.8,"5,8000","2,16",7.175,Silver / White,9.5,38.0
Patriot Viper Steel RGB 32 GB,1759.8,"4,3600","1,32",2.75,Black,11.111,20.0
Crucial CT2K16G52C42U5 32 GB,1919.8,"5,5200","2,16",3.0,Black,16.154,42.0
Corsair Vengeance RGB 16 GB,,"4,3000","2,8",,White,10.667,16.0
G.Skill Trident Z5 32 GB,,"5,6000","2,16",,Silver / Black,13.333,40.0
G.Skill Trident Z5 RGB 64 GB,,"5,5600","2,32",,White / Black,10.0,28.0
Corsair Vengeance RGB 64 GB,,"5,5600","2,32",,Black / Gray,12.857,36.0
Corsair Vengeance 64 GB,4825.4,"5,5600","4,16",3.77,Gray,12.857,36.0
Patriot Signature 8 GB,2016.0,"3,1333","1,8",12.6,Green,13.503,9.0
Patriot Viper 4 Blackout 16 GB,,"4,4000","2,8",,Black,9.5,19.0
Patriot Signature Line 16 GB,,"5,5600","2,8",,Black,14.286,40.0
G.Skill Ripjaws Z 8 GB,,"3,2133","4,2",,Black / Blue,8.439,9.0
G.Skill Value 16 GB,703.6,"3,1333","2,8",2.199,Black,13.503,9.0
Corsair Vengeance Pro 32 GB,,"3,1600","4,8",,Black / Red,11.25,9.0
Corsair Vengeance LPX 32 GB,,"4,3200","4,8",,White,10.0,16.0
Samsung M386A8K40BM1-CRC4Q 64 GB,,"4,2400","1,64",,Green / Black,14.167,17.0
Corsair Vengeance LPX 256 GB,,"4,2666","8,32",,Black / Yellow,12.003,16.0
Kingston HyperX Predator RGB 8 GB,,"4,3600","1,8",,Black,9.444,17.0
TEAMGROUP T-Force Vulcan Z 16 GB,1589.6,"4,3600","1,16",4.968,Gray / Black,10.0,18.0
Neo Forza FAYE 32 GB,,"4,3600","2,16",,Silver / Black,10.0,18.0
TEAMGROUP T-Force Delta RGB 16 GB,,"4,3600","1,16",,Black,10.0,18.0
Gigabyte AORUS RGB 16 GB,,"4,3200","2,8",,Gray,10.0,16.0
Lexar Ares OC 32 GB,,"5,5200","2,16",,Black,14.615,38.0
Patriot Viper 4 Blackout 32 GB,,"4,3200","2,16",,Black,10.0,16.0
ADATA XPG GAMMIX D30 16 GB,,"4,3200","2,8",,Silver / Black,10.0,16.0
Kingston FURY Beast RGB 16 GB,,"4,3200","2,8",,Black / Silver,10.0,16.0
ADATA XPG GAMMIX D10 16 GB,2771.39,"4,3600","2,8",8.661,Black,10.0,18.0
OLOy B-21 Raider 16 GB,,"4,3200","2,8",,Gold / Black,10.0,16.0
Acer Predator Hermes RGB 64 GB,,"5,6400","2,32",,Black,10.0,32.0
V-Color Manta XPrism RGB 32 GB,,"5,7200","2,16",,White,9.444,34.0
TEAMGROUP Elite Plus 64 GB,,"5,5600","2,32",,Black,16.429,46.0
ADATA XPG Lancer Blade 64 GB,,"5,6000","2,32",,White,10.0,30.0
Kingston FURY Renegade Pro 32 GB,4148.8,"5,5600","1,32",6.482,Black,12.857,36.0
G.Skill Ripjaws S5 48 GB,2099.79,"5,5200","2,24",2.187,White,15.385,40.0
Corsair Vengeance RGB RT 64 GB,3039.8,"4,3200","2,32",2.375,Black,10.0,16.0
TEAMGROUP Xtreem 32 GB,3799.8,"5,8000","2,16",5.937,White,9.5,38.0
Kingston FURY Beast RGB 16 GB,1683.6,"5,6400","1,16",5.261,Black,10.0,32.0
Kingston FURY Renegade 16 GB,7847.6,"4,4800","2,8",24.524,Black,7.917,19.0
Corsair Vengeance LPX 8 GB,677.6,"4,2666","2,4",4.235,Red,11.253,15.0
Kingston FURY 16 GB,1215.59,"5,5600","1,16",3.799,White,14.286,40.0
PNY XLR8 Gaming MAKO RGB 32 GB,3209.4,"5,6400","2,16",5.015,Black,12.5,40.0
G.Skill Value 8 GB,,"3,1333","2,4",,Green,13.503,9.0
Patriot Signature Line 8 GB,559.79,"4,2666","1,8",3.499,Green,14.254,19.0
Kingston ValueRAM 1 GB,239.0,"2,667","1,1",11.95,Green,14.993,5.0
Corsair ValueSelect 4 GB,299.8,"4,2400","1,4",,Black,13.333,16.0
G.Skill Trident Z RGB 16 GB,3980.0,"4,4400","2,8",12.438,Black,8.182,18.0
Corsair Dominator Platinum RGB 64 GB,,"4,3200","4,16",,White,10.0,16.0
ADATA XPG GAMMIX D45 16 GB,,"4,3600","2,8",,Black,10.0,18.0
Kingston Fury Renegade RGB 48 GB,6791.6,"5,6400","2,24",7.075,Silver / Black,10.0,32.0
ADATA XPG Lancer Blade 32 GB,,"5,6000","2,16",,Black,11.333,34.0
Kingston HyperX 1 GB,,"2,1066","1,1",,Blue / White,9.381,5.0
G.Skill Sniper 8 GB,,"3,1866","2,4",,Black / Red,9.646,9.0
G.Skill Ripjaws X 16 GB,3109.4,"3,1600","4,4",9.717,Black / Blue,11.25,9.0
Corsair Vengeance 16 GB,,"3,1600","2,8",,Black / Blue,11.25,9.0
Patriot Signature 4 GB,,"3,1333","1,4",,,13.503,9.0
Mushkin 971307B 1 GB,,333,"1,1",,Black / Green,18.018,3.0
ADATA AD3U1600W8G11-R 8 GB,,"3,1600","1,8",,Black / Green,13.75,11.0
EVGA SuperSC 16 GB,,"4,2400","2,8",,Black,12.5,15.0
Corsair Vengeance LPX 16 GB,,"4,3000","2,8",,Black / Yellow,10.667,16.0
Kingston KCP421ND8/16 16 GB,952.8,"4,2133","1,16",2.978,Green / Black,14.065,15.0
G.Skill Trident Z Neo 32 GB,,"4,3600","2,16",,Black / Silver,8.889,16.0
ADATA XPG SPECTRIX D41 32 GB,,"4,3200","2,16",,Gray,10.0,16.0
Lexar Hades OC 16 GB,,"4,3200","1,16",,Gray / Black,11.25,18.0
Netac Shadow II 16 GB,,"4,3200","2,8",,Black,10.0,16.0
Silicon Power XPOWER Storm RGB 64 GB,,"5,7600","2,32",,White,9.474,36.0
TEAMGROUP T-Force Delta RGB 32 GB,,"5,6400","2,16",,Black,9.375,30.0
TEAMGROUP Xtreem ARGB 32 GB,2799.8,"5,7200","2,16",4.375,White,9.444,34.0
Klevv CRAS V RGB 48 GB,,"5,6400","2,24",,Black,10.0,32.0
Klevv CRAS V RGB ROG CERTIFIED 32 GB,,"5,7200","2,16",,White / Black,9.444,34.0
Corsair Dominator Platinum RGB 16 GB,4312.39,"4,4000","2,8",13.476,Black,8.0,16.0
Samsung M393A4K40BB1-CRC 32 GB,1299.6,"4,2400","1,32",2.031,Green,14.167,17.0
Kingston Fury Renegade RGB 16 GB,2005.4,"5,6400","1,16",6.267,Silver / Black,10.0,32.0
G.Skill Ripjaws V 32 GB,,"4,4000","4,8",,Red,9.0,18.0
Crucial CT2K16G4DFRA266 32 GB,1739.8,"4,2666","2,16",2.718,Green,14.254,19.0
Thermaltake TOUGHRAM RC 16 GB,,"4,4000","2,8",,Black,9.5,19.0
Corsair Vengeance RGB Pro 32 GB,,"4,3600","4,8",,Black,10.0,18.0
G.Skill Trident Z5 RGB 32 GB,,"5,5200","2,16",,White / Black,13.846,36.0
TEAMGROUP Xtreem ARGB 48 GB,4599.8,"5,7600","2,24",4.791,Black,9.474,36.0
Kingston KVR16R11D4K4/64 64 GB,2287.19,"3,1600","4,16",1.787,Green,13.75,11.0
G.Skill Aegis 64 GB,,"4,2133","4,16",,Black / Red,14.065,15.0
Corsair Dominator Platinum RGB 64 GB,4599.8,"5,5600","2,32",3.594,Black,14.286,40.0
G.Skill Value 4 GB,288.2,"3,1333","1,4",3.603,Green,13.503,9.0
Corsair Vengeance RGB 48 GB,2959.8,"5,5600","2,24",3.083,Black,14.286,40.0
Mushkin Enhanced Essentials 32 GB,2748.2,"4,3200","2,16",4.294,Black,13.75,22.0
G.Skill Sniper X 16 GB,1064.4,"4,3200","2,8",3.326,Black / White,10.0,16.0
TEAMGROUP T-Force Delta RGB 64 GB,,"5,5600","2,32",,White / Silver,12.857,36.0
Silicon Power SP016GBLFU266X02 16 GB,,"4,2666","1,16",,,14.254,19.0
Corsair Vengeance RGB 32 GB,,"5,6000","2,16",,Black / Gray,12.0,36.0
Kingston FURY Renegade 48 GB,5105.4,"5,7200","2,24",5.318,Silver / Black,10.556,38.0
Corsair Dominator 4 GB,,"2,1066","2,2",,Black / Blue,9.381,5.0
Corsair XMS2 4 GB,,"2,1066","2,2",,Black / Purple,9.381,5.0
Kingston HyperX Fury 16 GB,,"3,1600","2,8",,Red / Silver,12.5,10.0
Kingston KVR16LN11K2/8 8 GB,1247.2,"3,1600","2,4",7.795,Black / Green,13.75,11.0
G.Skill Ripjaws V 32 GB,,"4,2133","2,16",,Red,14.065,15.0
Kingston KTH-PL426LQ/64G 64 GB,,"4,2666","1,64",,Green / Black,14.254,19.0
Kingston HyperX Predator RGB 32 GB,,"4,3200","4,8",,Black,10.0,16.0
G.Skill Trident Z Royal 16 GB,,"4,3200","2,8",,Gold,10.0,16.0
Crucial Ballistix 16 GB,,"4,2400","2,8",,Black,13.333,16.0
OLOy MD4U082616BJDA 16 GB,,"4,2666","2,8",,Black,12.003,16.0
G.Skill Trident Z Royal 32 GB,,"4,4000","2,16",,White,8.0,16.0
ADATA XPG GAMMIX D20 32 GB,2818.8,"4,3200","2,16",4.404,Black,10.0,16.0
OLOy Blade RGB 16 GB,,"4,3200","2,8",,White,10.0,16.0
OLOy Blade RGB 32 GB,,"4,3200","2,16",,White,10.0,16.0
G.Skill Trident Z5 RGB 32 GB,2431.8,"5,5600","2,16",3.8,Black,14.286,40.0
Kingston FURY Beast RGB 32 GB,,"5,4800","2,16",,Black,15.833,38.0
G.Skill Trident Z Royal 64 GB,,"4,4600","2,32",,Gold,8.696,20.0
Corsair Dominator Platinum RGB 64 GB,7600.6,"5,5200","2,32",5.938,Gray / Black,15.385,40.0
Crucial Ballistix 8 GB,,"4,3200","1,8",,Red,10.0,16.0
Kingston FURY 64 GB,6322.4,"5,5600","4,16",4.939,White,14.286,40.0
G.Skill Ripjaws 32 GB,1899.8,"5,5600","2,16",2.968,Black / White,14.286,40.0
G.Skill Ripjaws 16 GB,659.8,"3,1600","2,8",2.062,Black / Red,11.25,9.0
Patriot Viper Venom RGB 32 GB,3460.6,"5,7000","2,16",5.407,Black / White,11.429,40.0
G.Skill Trident Z RGB 32 GB,,"4,2400","2,16",,Black,12.5,15.0
Corsair Vengeance RGB Pro 32 GB,2899.8,"4,3600","4,8",4.531,Black,8.889,16.0
G.Skill Ripjaws V 128 GB,,"4,3600","4,32",,Red,8.889,16.0
Corsair Dominator Platinum RGB 32 GB,2879.8,"5,5600","2,16",4.5,Gray / Black,12.857,36.0
TEAMGROUP Xtreem 48 GB,4319.8,"5,8000","2,24",,White,9.5,38.0
Corsair Dominator Platinum RGB 32 GB,2599.8,"5,5200","2,16",4.062,Gray / Black,15.385,40.0
G.Skill Ripjaws M5 RGB 96 GB,4799.8,"5,5600","2,48",2.5,Black,14.286,40.0
Corsair Vengeance RGB Pro 16 GB,1659.8,"4,2666","2,8",5.187,White,12.003,16.0
Lexar Ares RGB 32 GB,,"5,6000","2,16",,Black,11.333,34.0
TEAMGROUP T-Force Delta RGB 16 GB,,"5,5600","2,8",,White,14.286,40.0
Corsair Vengeance RGB 32 GB,2899.8,"5,6000","2,16",4.531,White,10.0,30.0
Corsair Vengeance RGB Pro 16 GB,1613.4,"4,3600","2,8",5.042,Black,8.889,16.0
Kingston FURY Beast RGB 32 GB,1913.0,"5,5200","1,32",2.989,Black,15.385,40.0
Kingston FURY Renegade 64 GB,3768.2,"4,3200","2,32",2.944,Black,10.0,16.0
Kingston KVR16N11H/8 8 GB,300.0,"3,1600","1,8",1.875,Green,13.75,11.0
Corsair Vengeance LPX 8 GB,,"4,2400","2,4",,Black / Yellow,12.5,15.0
G.Skill Ripjaws V 32 GB,4599.8,"4,3600","4,8",7.187,Black,10.0,18.0
Kingston FURY Beast 16 GB,2610.19,"5,4800","1,16",8.157,Black / Silver,15.833,38.0
Kingston FURY Beast 64 GB,6630.4,"4,3200","4,16",5.18,Black,10.0,16.0
Patriot Viper Steel RGB 8 GB,499.79,"4,3600","1,8",3.124,Black,11.111,20.0
ADATA XPG CASTER RGB 16 GB,1669.4,"5,6400","1,16",5.217,Black / Silver,12.5,40.0
ADATA XPG SPECTRIX D35G RGB 32 GB,,"4,3600","2,16",,Black,10.0,18.0
Kingston FURY Beast 16 GB,1919.8,"5,6000","1,16",5.999,Black / Silver,13.333,40.0
Kingston Fury Renegade RGB 32 GB,,"4,3200","2,16",,Black,10.0,16.0
Patriot Signature Line 32 GB,1599.6,"4,3200","1,32",2.499,,13.75,22.0
Mushkin Redline Lumina 64 GB,,"5,6400","2,32",,Black,9.375,30.0
Corsair XMS3 8 GB,,"3,1333","2,4",,Black / Silver,13.503,9.0
Samsung MV-3V4G3D/US 8 GB,,"3,1600","2,4",,Black,13.75,11.0
Kingston KVR1333D3N9K4/16G 16 GB,,"3,1333","4,4",,Green,13.503,9.0
Kingston HyperX Fury 16 GB,,"3,1333","2,8",,Black / Silver,13.503,9.0
Kingston HyperX Fury 16 GB,,"3,1866","2,8",,White / Silver,10.718,10.0
G.Skill Trident X 8 GB,,"3,3200","2,4",,Black / Red,8.125,13.0
G.Skill Ripjaws 4 16 GB,,"4,3000","2,8",,Black,10.0,15.0
Corsair Vengeance LPX 16 GB,,"4,3000","2,8",,Blue,10.0,15.0
Patriot Viper 4 16 GB,,"4,3000","2,8",,Black / Red,10.667,16.0
Corsair Vengeance LPX 32 GB,,"4,2400","4,8",,Black / Yellow,12.5,15.0
Corsair Vengeance LPX 128 GB,,"4,2666","8,16",,Black / Yellow,11.253,15.0
Crucial Ballistix Sport LT 16 GB,,"4,3000","2,8",,Red / Black,10.0,15.0
Patriot Signature Premium 8 GB,,"4,2666","2,4",,Black,14.254,19.0
Kingston KSM24RD4/32HAI 32 GB,,"4,2400","1,32",,,14.167,17.0
G.Skill Ripjaws V 256 GB,15094.8,"4,3200","8,32",2.948,Black,10.0,16.0
Crucial Ballistix 32 GB,,"4,3600","2,16",,White,8.889,16.0
Kingston HyperX Fury 8 GB,,"4,2400","1,8",,Black,12.5,15.0
Corsair Vengeance LPX 32 GB,,"4,3600","2,16",,Black,10.556,19.0
Corsair Vengeance RGB RT 32 GB,,"4,4000","2,16",,Black,9.0,18.0
Corsair Vengeance RGB Pro 32 GB,,"4,3600","2,16",,Black,7.778,14.0
Kingston FURY Renegade 32 GB,,"4,4600","2,16",,Black,8.261,19.0
Kingston FURY Beast 32 GB,,"4,2666","2,16",,Black,12.003,16.0
G.Skill Ripjaws S5 32 GB,,"5,5200","2,16",,Black,10.769,28.0
TEAMGROUP T-Force Delta TUF Gaming Alliance RGB 32 GB,,"5,6400","2,16",,Black,12.5,40.0
OLOy Blade RGB 32 GB,,"5,6000","2,16",,Black,12.0,36.0
Crucial Classic 8 GB,559.6,"5,5200","1,8",3.498,Black,16.154,42.0
Corsair Dominator Titanium First Edition 32 GB,,"5,7200","2,16",,White,9.444,34.0
OLOy OWL RGB 16 GB,,"4,3200","2,8",,Black,10.0,16.0
Kingston Fury Renegade RGB 32 GB,4288.2,"5,7600","2,16",6.7,Silver / Black,10.0,38.0
ADATA XPG SPECTRIX D35G RGB 16 GB,,"4,3200","1,16",,White,10.0,16.0
Kingston FURY Beast RGB 32 GB,3016.6,"5,6400","1,32",4.713,Black,10.0,32.0
G.Skill Ripjaws 32 GB,1559.6,"4,3200","2,16",2.437,Black,13.75,22.0
G.Skill Ripjaws 32 GB,1299.6,"4,2666","2,16",2.031,Black,13.503,18.0
Crucial CT2K32G48C40S5 64 GB,3299.2,"5,4800","2,32",2.578,Black,16.667,40.0
Kingston FURY Impact 16 GB,1095.0,"5,5600","1,16",3.422,Black,14.286,40.0
Crucial CT2K16G3ERSLD4160B 32 GB,2199.4,"3,1600","2,16",3.437,Green,13.75,11.0
G.Skill Trident Z5 RGB 48 GB,3499.8,"5,7200","2,24",3.646,Silver / Black,10.0,36.0
Mushkin Enhanced Redline 64 GB,3799.8,"5,5600","2,32",2.969,Black,10.0,28.0
Mushkin Redline Lumina 32 GB,,"4,4133","2,16",,White,9.194,19.0
G.Skill Trident Z5 RGB 32 GB,2619.6,"5,6800","2,16",4.093,Silver / Black,10.0,34.0
Mushkin Redline Lumina 32 GB,,"4,3200","2,16",,White,8.75,14.0
ADATA XPG SPECTRIX D35G RGB 64 GB,3799.8,"4,3200","2,32",2.969,Black,10.0,16.0
Kingston Fury Renegade RGB 32 GB,4046.39,"5,7200","2,16",6.322,Silver / Black,10.556,38.0
Corsair Vengeance LPX 32 GB,5836.2,"4,3200","2,16",9.119,Black / Yellow,10.0,16.0
G.Skill Trident Z Royal 32 GB,3255.6,"4,3600","2,16",5.087,Silver,10.0,18.0
G.Skill Ripjaws S5 64 GB,7297.79,"5,5200","2,32",5.701,White,13.846,36.0
G.Skill Sniper 8 GB,774.4,"3,2400","2,4",4.84,Black / Red,9.167,11.0
G.Skill Trident Z5 RGB 32 GB,,"5,6600","2,16",,Black,10.303,34.0
TEAMGROUP T-Force Vulcan 32 GB,1599.8,"5,5200","2,16",2.5,Red,15.385,40.0
Crucial CT32G4RFD4293 32 GB,1264.59,"4,2933","1,32",1.976,Green / Black,14.32,21.0
G.Skill Trident Z RGB 32 GB,,"4,3600","2,16",,Black,8.889,16.0
Kingston FURY Renegade 16 GB,1902.4,"5,7200","1,16",5.945,Silver / White,10.556,38.0
G.Skill Ripjaws Z 32 GB,2341.39,"3,1866","4,8",3.658,Black / Red,10.718,10.0
G.Skill Aegis 4 GB,380.0,"4,2400","1,4",4.75,Black / Red,12.5,15.0
Crucial CT4K16G4DFD824A 64 GB,3999.8,"4,2400","4,16",3.125,Green / Black,14.167,17.0
G.Skill Sniper X 16 GB,,"4,3600","2,8",,Black / White,10.556,19.0
Silicon Power SP032GBLVU480F02 32 GB,,"5,4800","1,32",,,16.667,40.0
Corsair Vengeance 64 GB,4059.8,"5,5600","2,32",3.172,Black / Gray,12.857,36.0
Corsair Dominator Titanium First Edition 48 GB,5479.8,"5,7200","2,24",5.708,White,10.0,36.0
G.Skill Ripjaws V 16 GB,,"4,2400","2,8",,Blue,12.5,15.0
Corsair Vengeance RGB Pro 16 GB,2119.79,"4,3200","2,8",6.624,Black,10.0,16.0
G.Skill Ripjaws S5 32 GB,4718.2,"5,5200","2,16",7.372,Black,13.846,36.0
TEAMGROUP T-Force Vulcan Z 16 GB,,"4,3200","1,16",,Red,10.0,16.0
Kingston FURY Beast RGB 16 GB,3607.0,"5,6000","2,8",11.272,Black,13.333,40.0
Gigabyte AORUS RGB 32 GB,,"5,4800","2,16",,Gray,16.667,40.0
ADATA XPG SPECTRIX D50 32 GB,4046.8,"4,3200","2,16",6.323,Black,10.0,16.0
G.Skill Trident Z RGB 128 GB,,"4,3200","4,32",,,8.75,14.0
GOODRAM IRDM 64 GB,,"5,6400","2,32",,Black,10.0,32.0
Kingston Fury Renegade RGB 32 GB,4656.39,"5,8000","2,16",7.276,Silver / White,9.5,38.0
Crucial CT6464AC667 0.5 GB,,"2,667","1,512",,Green,14.993,5.0
Kingston KVR1333D3N9/8G 8 GB,,"3,1333","1,8",,Green,13.503,9.0
Kingston HyperX Beast 32 GB,,"3,1866","4,8",,Black,10.718,10.0
TEAMGROUP Elite Plus 8 GB,,"4,2400","1,8",,Black / Gold,13.333,16.0
Kingston HyperX Fury 16 GB,,"4,2400","4,4",,Black / Silver,12.5,15.0
G.Skill Trident Z RGB 16 GB,,"4,2400","2,8",,Black,12.5,15.0
ADATA XPG SPECTRIX D41 16 GB,,"4,3000","2,8",,Black,10.667,16.0
ADATA XPG GAMMIX D10 16 GB,,"4,3200","2,8",,Black / White,10.0,16.0
Gigabyte GP-GR26C16S8K2HU416 16 GB,,"4,2666","2,8",,Black / White,12.003,16.0
GeIL EVO X II AMD 16 GB,,"4,3200","2,8",,Black,10.0,16.0
G.Skill Ripjaws V 256 GB,,"4,2666","8,32",,Black,13.503,18.0
Crucial Ballistix 16 GB,,"4,3600","2,8",,Red,8.889,16.0
Crucial Ballistix 32 GB,,"4,3600","2,16",,Black,8.889,16.0
V-Color SKYWALKER PLUS 32 GB,,"4,3200","2,16",,Silver / Black,10.0,16.0
G.Skill Trident Z Neo (For AMD Ryzen) 16 GB,,"4,2666","2,8",,Black / White,13.503,18.0
GeIL Orion RGB AMD Edition 32 GB,,"4,3200","2,16",,Gray,10.0,16.0
GeIL Orion AMD Edition 16 GB,,"4,3600","2,8",,Red,10.0,18.0
TEAMGROUP T-Force Vulcan Z 32 GB,,"4,3600","2,16",,Gray,7.778,14.0
TEAMGROUP T-Force Delta RGB 8 GB,,"4,3600","1,8",,White,10.0,18.0
Kingston ValueRAM 16 GB,832.0,"4,2666","1,16",2.6,Green,14.254,19.0
PNY XLR8 Gaming MAKO 32 GB,,"5,5600","2,16",,Black / Silver,12.857,36.0
G.Skill Ripjaws V 32 GB,,"4,3200","2,16",,Red,10.0,16.0
ADATA XPG LANCER RGB 32 GB,,"5,7200","2,16",,Black,9.444,34.0
Crucial Classic 16 GB,,"5,5200","2,8",,Black,16.154,42.0
ADATA XPG Lancer Blade RGB 16 GB,,"5,6400","1,16",,Black,10.0,32.0
Corsair Dominator Titanium First Edition 64 GB,,"5,6000","2,32",,Gray,10.0,30.0
OLOy ND4U1632161DB1DA 32 GB,,"4,3200","2,16",,Black / Gold,10.0,16.0
Acer Predator Vesta II RGB 64 GB,,"5,6000","2,32",,Silver,10.0,30.0
Kingston FURY Beast RGB 32 GB,2699.8,"5,6000","1,32",4.218,Black,10.0,30.0
Klevv CRAS V RGB 64 GB,,"5,6400","2,32",,White,10.0,32.0
Kingston Fury Renegade RGB 48 GB,3646.39,"5,6000","1,48",3.798,Silver / Black,10.667,32.0
Crucial CT2K8G4SFS832A 16 GB,1099.8,"4,3200","2,8",3.437,Green / Black,13.75,22.0
Patriot Viper Elite II 32 GB,,"4,2666","2,16",,Red / Black,12.003,16.0
Crucial CT32G52C42U5 32 GB,1709.0,"5,5200","1,32",2.67,Black,16.154,42.0
Corsair Vengeance 32 GB,2410.0,"5,6000","2,16",3.766,White / Gray,12.0,36.0
G.Skill Ripjaws Z 32 GB,2741.39,"3,2400","4,8",4.283,,9.167,11.0
G.Skill Ripjaws V 32 GB,1516.2,"4,2666","4,8",2.369,Red / Black,14.254,19.0
TEAMGROUP T-Force Xtreem ARGB 32 GB,2567.6,"4,3200","2,16",4.012,White,10.0,16.0
Corsair CMV16GX3M2A1333C9 16 GB,995.8,"3,1333","2,8",3.112,Green,13.503,9.0
G.Skill Trident Z Neo 64 GB,3471.6,"4,3200","4,16",2.712,Silver / Black,10.0,16.0
Corsair Vengeance LPX 8 GB,952.4,"4,2400","1,8",5.952,Red,13.333,16.0
Corsair ValueSelect 16 GB,1399.6,"4,2666","1,16",4.374,Black,13.503,18.0
G.Skill Trident Z5 32 GB,1859.8,"5,5600","2,16",2.906,Silver / Black,12.857,36.0
Crucial CT51264BD160B 4 GB,259.8,"3,1600","1,4",3.248,Green,13.75,11.0
Patriot Viper 4 32 GB,,"4,3200","2,16",,Red / Black,10.0,16.0
Kingston FURY Beast RGB 32 GB,,"4,3600","2,16",,Black,10.0,18.0
Kingston Fury Renegade RGB 32 GB,3340.0,"5,6800","2,16",5.219,Silver / Black,10.588,36.0
Kingston FURY 64 GB,4220.0,"5,5600","2,32",3.297,White,14.286,40.0
Kingston FURY Renegade Pro 128 GB,22580.0,"5,6800","4,32",8.82,Black,10.0,34.0
ADATA XPG SPECTRIX D35G RGB 32 GB,1825.8,"4,3600","1,32",2.853,Black,10.0,18.0
PNY Anarchy 16 GB,,"4,2400","2,8",,Black / Blue,12.5,15.0
Kingston HyperX Fury 8 GB,,"4,2666","2,4",,Black / White,11.253,15.0
Corsair Vengeance LPX 16 GB,,"4,3000","2,8",,White,10.0,15.0
Crucial Ballistix Elite 32 GB,,"4,3600","4,8",,Black,8.889,16.0
GeIL SUPER LUCE RGB SYNC 16 GB,,"4,3200","2,8",,Black,10.0,16.0
Kingston HyperX Fury RGB 16 GB,,"4,2666","2,8",,Black,12.003,16.0
Kingston HyperX Fury RGB 16 GB,,"4,2400","1,16",,Black,12.5,15.0
Crucial Ballistix 32 GB,,"4,3200","2,16",,Black,10.0,16.0
GeIL GeIL EVO POTENZA AMD 32GB (2 x 16GB) 288-Pin DDR4 SDRAM DDR4 3200 (PC4 25600) Desktop Memory Model GAPB432GB3200C16ADC 32 GB,,"4,3200","2,16",,Black,10.0,16.0
Samsung m378b5673eh1-cf8 2 GB,,"3,1066","1,2",,Green / Black,13.133,7.0
Kingston HyperX Fury RGB 32 GB,,"4,3733","2,16",,Black / Silver,10.179,19.0
Corsair Vengeance RGB Pro 16 GB,,"4,3200","1,16",,Black,10.0,16.0
Kingston Fury Renegade RGB 16 GB,1999.8,"4,3200","2,8",6.249,Black,10.0,16.0
G.Skill Ripjaws V 32 GB,,"4,3600","2,16",,Black,7.778,14.0
G.Skill TridentZ RGB 256 GB,,"4,3200","8,32",,Black,8.75,14.0
Kingston FURY Beast RGB 32 GB,,"4,3200","2,16",,Black,10.0,16.0
Kingston Fury Renegade RGB 16 GB,2400.0,"4,3600","2,8",7.5,Black,8.889,16.0
ADATA XPG GAMMIX D45 32 GB,,"4,3200","2,16",,Black,10.0,16.0
G.Skill Trident Z RGB 8 GB,,"4,3000","1,8",,,10.667,16.0
TEAMGROUP T-Force Vulcan 16 GB,1711.6,"5,5200","1,16",5.349,Black,15.385,40.0
Kingston FURY Beast RGB 32 GB,2599.8,"5,6000","1,32",4.062,Black,12.0,36.0
Crucial Pro Overclocking 48 GB,,"5,6000","2,24",,Black,12.0,36.0
G.Skill Trident X 32 GB,,"3,2933","4,8",,Red / Black,8.183,12.0
G.Skill Ripjaws S5 48 GB,,"5,6400","2,24",,Black,12.5,40.0
Acer Predator Vesta II RGB 32 GB,,"5,6000","2,16",,Black,10.667,32.0
Lexar Ares RGB 32 GB,,"5,6800","2,16",,,10.0,34.0
TEAMGROUP T-Force Delta RGB 32 GB,,"5,6400","2,16",,White,9.375,30.0
TEAMGROUP Elite 16 GB,899.8,"4,3200","1,16",2.812,Black,13.75,22.0
TEAMGROUP Elite 64 GB,,"4,3200","2,32",,Black,13.75,22.0
Silicon Power SP064GBSVU560F22 64 GB,2919.8,"5,5600","2,32",2.281,Black,16.429,46.0
G.Skill Trident Z 32 GB,2299.79,"5,6400","2,16",3.593,White / Black,10.0,32.0
TEAMGROUP Elite Plus 32 GB,2284.6,"5,4800","2,16",3.57,Black,16.667,40.0
Corsair Vengeance RGB Pro SL 128 GB,7360.8,"4,3200","4,32",2.875,Black,10.0,16.0
Corsair Vengeance RGB RT 64 GB,4099.8,"4,3200","4,16",3.203,Black,10.0,16.0
G.Skill Trident Z5 64 GB,3999.8,"5,6000","2,32",3.125,Silver / Black,10.667,32.0
Thermaltake TOUGHRAM XG RGB 16 GB,4399.8,"4,4600","2,8",13.749,White / Silver,8.261,19.0
G.Skill Trident Z5 RGB 32 GB,2299.79,"5,6000","2,16",3.593,White / Black,10.667,32.0
Corsair Vengeance RGB Pro 16 GB,1179.8,"4,2933","2,8",3.687,Black,10.91,16.0
G.Skill Ripjaws S5 64 GB,5128.2,"5,5200","2,32",4.006,Black,13.846,36.0
G.Skill Ripjaws S5 64 GB,,"5,5600","2,32",,White,10.714,30.0
TEAMGROUP T-Force Dark 16 GB,3180.0,"4,2400","2,8",9.938,Red / Black,11.667,14.0
Kingston FURY Beast 128 GB,8599.79,"4,3600","4,32",3.359,Black,10.0,18.0
Kingston FURY Beast RGB 16 GB,1704.19,"5,6400","1,16",5.326,White,10.0,32.0
Patriot Viper Elite II 64 GB,3279.8,"4,3200","2,32",2.562,Red / Black,11.25,18.0
Corsair Dominator Platinum 8 GB,5417.2,"3,2800","2,4",33.858,Black / Silver,8.571,12.0
G.Skill Trident Z Royal 128 GB,7399.8,"4,3600","4,32",2.891,Silver,10.0,18.0
Corsair Dominator Platinum RGB 32 GB,3459.8,"5,6400","2,16",5.406,Black,11.875,38.0
G.Skill Trident Z RGB 64 GB,4651.39,"4,2400","8,8",3.634,,12.5,15.0
G.Skill Ripjaws M5 RGB 32 GB,,"5,6000","2,16",,Black,12.0,36.0
Corsair XMS3 4 GB,715.8,"3,1333","1,4",8.947,Black / White,13.503,9.0
Corsair Vengeance 8 GB,1019.8,"3,1600","2,4",6.374,Black / Yellow,11.25,9.0
Corsair XMS3 16 GB,,"3,1600","2,8",,Black / Silver,11.25,9.0
Corsair Vengeance RGB Pro SL 32 GB,3359.8,"4,3200","4,8",5.25,White / Black,10.0,16.0
Klevv CRAS XR5 RGB 32 GB,,"5,6000","2,16",,White / Black,10.667,32.0
Kingston FURY Renegade Pro 128 GB,14499.8,"5,4800","4,32",5.664,Black,15.0,36.0
Corsair Dominator 2 GB,,"2,1066","2,1",,Black / Blue,9.381,5.0
Kingston HyperX 2 GB,,"2,1066","2,1",,Blue / White,9.381,5.0
Corsair Vengeance 16 GB,2588.0,"3,1600","4,4",8.088,Black / Blue,11.25,9.0
Corsair Vengeance 32 GB,,"3,1600","4,8",,Black / Silver,11.25,9.0
Kingston KHX1600C10D3B1/8G 8 GB,,"3,1600","1,8",,Blue / Silver,12.5,10.0
Kingston KTH-PL316LLQ/32G 32 GB,,"3,1600","1,32",,Silver,13.75,11.0
G.Skill Ripjaws 4 16 GB,,"4,3000","2,8",,Blue,10.0,15.0
Kingston HyperX Fury 16 GB,,"4,2666","2,8",,Black / White,11.253,15.0
G.Skill Aegis 8 GB,,"4,2133","2,4",,Black / Red,14.065,15.0
GeIL Dragon RAM 32 GB,,"4,2800","2,16",,White / Gold,11.429,16.0
Kingston FURY 32 GB,,"4,2133","2,16",,Black / Silver,13.127,14.0
Kingston FURY 32 GB,,"4,2400","2,16",,Black / Silver,12.5,15.0
Corsair Vengeance LPX 32 GB,,"4,3000","2,16",,White,10.0,15.0
Corsair Vengeance LED 16 GB,,"4,3200","2,8",,Black / White,10.0,16.0
G.Skill TridentZ RGB 128 GB,,"4,3200","8,16",,Black,8.75,14.0
Crucial Ballistix Sport LT 16 GB,,"4,2400","2,8",,Gray,13.333,16.0
G.Skill Ripjaws V 8 GB,,"4,3600","1,8",,Red / Black,10.556,19.0
Kingston HyperX Fury 8 GB,,"4,2666","1,8",,Black / Silver,12.003,16.0
ADATA XPG SPECTRIX D41 16 GB,,"4,3200","2,8",,Red,10.0,16.0
Patriot Viper Elite 16 GB,,"4,2666","2,8",,Silver / Black,12.003,16.0
Corsair Vengeance LPX 16 GB,2500.0,"4,3200","2,8",7.812,Black,10.0,16.0
Crucial Ballistix MAX RGB 16 GB,,"4,4000","2,8",,Black,9.0,18.0
TEAMGROUP T-Force Vulcan TUF Gaming Alliance 16 GB,,"4,3600","2,8",,Black / Gold,10.556,19.0
TEAMGROUP Team T-Force Night Hawk RGB 16GB (2 x 8GB) 288-Pin DDR4 SDRAM DDR4 3600 (PC4 28800) Desktop Memory Model TF2D416G3600HC18JDC01 16 GB,,"4,3600","2,8",,White,10.0,18.0
TEAMGROUP T-Force Delta RGB 64 GB,,"4,3200","2,32",,White,10.0,16.0
G.Skill Trident Z Royal 64 GB,,"4,4600","2,32",,Silver,8.696,20.0
TEAMGROUP T-Force Zeus 32 GB,,"4,3200","2,16",,Red / Silver,10.0,16.0
Kingston ValueRAM 16 GB,,"4,2666","2,8",,Green,14.254,19.0
PNY XLR8 Gaming MAKO 16 GB,,"5,6000","1,16",,Black / Silver,12.0,36.0
V-Color SKYWALKER PLUS 32 GB,,"4,3600","2,16",,Black,10.0,18.0
Mushkin Redline 32 GB,,"4,3200","2,16",,Black,8.75,14.0
Patriot Viper Venom RGB 32 GB,,"4,3600","2,16",,Black,10.0,18.0
ADATA XPG LANCER RGB 32 GB,,"5,7200","2,16",,White,9.444,34.0
V-Color TRA532G72D834O 256 GB,59599.8,"5,7200","8,32",11.641,Black,9.444,34.0
Silicon Power SP032GBSFU320X22 32 GB,,"4,3200","2,16",,,13.75,22.0
Mushkin Redline 64 GB,3954.2,"4,3200","2,32",3.089,,10.0,16.0
TEAMGROUP Elite 8 GB,579.79,"4,3200","1,8",3.624,Black,13.75,22.0
Klevv KD5AGU880-60A320Q 16 GB,,"5,6000","1,16",,White,10.667,32.0
Corsair Vengeance RGB Pro 128 GB,6910.8,"4,3000","4,32",2.7,Black,10.667,16.0
Corsair Vengeance RGB RT 128 GB,,"4,3200","4,32",,Black,10.0,16.0
G.Skill Zeta R5 Neo 128 GB,15199.8,"5,6000","4,32",,Black,10.0,30.0
Corsair Vengeance RGB Pro 16 GB,1499.6,"4,3600","2,8",4.686,Black,10.0,18.0
G.Skill Trident Z Royal 16 GB,3380.0,"4,4000","2,8",10.562,Silver,7.5,15.0
G.Skill Ripjaws S5 32 GB,,"5,5600","2,16",,White,10.714,30.0
Corsair Dominator Platinum RGB 32 GB,3521.2,"4,3200","4,8",5.502,White,10.0,16.0
Mushkin Redline Lumina 32 GB,,"4,3600","2,16",,White,8.889,16.0
Corsair Dominator Platinum RGB 32 GB,4019.8,"5,7000","2,16",6.281,Black,9.714,34.0
Kingston FURY Renegade 32 GB,2799.8,"5,6400","2,16",4.375,Silver / White,10.0,32.0
G.Skill Ripjaws V 32 GB,,"4,3200","2,16",,Black,8.75,14.0
G.Skill Ripjaws S5 32 GB,3921.8,"5,5200","2,16",6.128,White,13.846,36.0
TEAMGROUP T-Force Vulcan 32 GB,1699.8,"5,5600","2,16",2.656,Black,13.571,38.0
G.Skill Ripjaws 16 GB,1193.59,"3,1066","4,4",3.73,Black / Red,13.133,7.0
G.Skill Ripjaws X 16 GB,1131.2,"3,1866","2,8",3.535,Black / Red,10.718,10.0
Thermaltake TOUGHRAM XG RGB 16 GB,4499.59,"4,4600","2,8",14.061,Black / Silver,8.261,19.0
Timetec PINNACLE Konduit 32 GB,1399.8,"4,3200","1,32",2.187,Black,10.0,16.0
TEAMGROUP T-Force Vulcan 64 GB,2999.8,"5,5200","2,32",2.344,Red,15.385,40.0
G.Skill Ripjaws M5 Neo RGB 64 GB,,"5,6000","2,32",,Black,10.0,30.0
G.Skill Ripjaws M5 Neo RGB 48 GB,,"5,6000","2,24",,Black,10.0,30.0
G.Skill F3-12800CL9S-2GBSQ 2 GB,273.6,"3,1600","1,2",6.84,Green,11.25,9.0
G.Skill Ares 16 GB,859.8,"3,1600","2,8",2.687,Blue,11.25,9.0
Crucial CT2K8G4DFS832A 16 GB,1289.6,"4,3200","2,8",4.03,Green / Black,13.75,22.0
Patriot Viper Steel 32 GB,,"4,3000","2,16",,Silver / Black,10.667,16.0
G.Skill Trident Z Neo 32 GB,,"4,3600","4,8",,Silver / Black,8.889,16.0
G.Skill Ripjaws S5 64 GB,,"5,5600","2,32",,White,10.0,28.0
G.Skill Trident Z5 RGB 48 GB,,"5,7600","2,24",,White / Black,10.0,38.0
Silicon Power SP016GBLVU560F02 16 GB,1089.0,"5,5600","1,16",3.403,Black,16.429,46.0
Corsair Vengeance Pro 16 GB,,"3,1866","2,8",,Black / Silver,9.646,9.0
Corsair Vengeance Pro 16 GB,,"3,2400","2,8",,Black / Red,9.167,11.0
Kingston HyperX Fury 8 GB,,"3,1600","1,8",,Red / Silver,12.5,10.0
Crucial Ballistix Sport 8 GB,,"3,1600","2,4",,Black / Silver,11.25,9.0
Patriot Signature Line 4 GB,429.79,"4,2400","1,4",5.372,Black / Green,13.333,16.0
Corsair Dominator Platinum 16 GB,,"4,3200","2,8",,Black / Silver,10.0,16.0
Corsair Vengeance LPX 16 GB,,"4,2800","2,8",,Red,10.714,15.0
G.Skill Ripjaws V 16 GB,,"4,3200","2,8",,Black,8.75,14.0
G.Skill Aegis 16 GB,1206.0,"4,3000","1,16",3.769,Red / Black,10.667,16.0
Klevv BOLT 16 GB,,"4,3000","1,16",,Black / Gold,10.0,15.0
Corsair Vengeance RGB Pro 32 GB,,"4,3000","4,8",,Black,10.0,15.0
Corsair Vengeance RGB 128 GB,,"4,3800","8,16",,Black,10.0,19.0
Kingston HyperX Predator 8 GB,,"4,2666","1,8",,Black,9.752,13.0
Kingston HyperX Predator 16 GB,,"4,3000","2,8",,Black,10.0,15.0
Corsair Dominator Platinum RGB 64 GB,,"4,3600","4,16",,Black,10.0,18.0
TEAMGROUP T-Force Vulcan Z 8 GB,,"4,3000","1,8",,Red / Black,10.667,16.0
G.Skill Flare X 32 GB,,"4,3200","2,16",,Black,8.75,14.0
V-Color Prism Plus RGB 16 GB,,"4,3200","2,8",,Black,10.0,16.0
TEAMGROUP T-Force Xtreem ARGB 32 GB,,"4,3600","2,16",,Black,7.778,14.0
G.Skill Trident Z Royal 256 GB,,"4,3600","8,32",,Silver,8.889,16.0
TEAMGROUP T-Force Xtreem ARGB 64 GB,,"4,3600","2,32",,White,10.0,18.0
G.Skill Ripjaws V 32 GB,,"4,4000","2,16",,Black,8.0,16.0
G.Skill Ripjaws V 16 GB,,"4,4000","2,8",,Black,7.0,14.0
ADATA XPG GAMMIX D45 8 GB,,"4,3600","1,8",,Black,10.0,18.0
Silicon Power SP008GBLFU266B02 8 GB,450.2,"4,2666","1,8",2.814,,14.254,19.0
G.Skill Trident Z5 RGB 64 GB,,"5,6000","2,32",,Black / White,10.667,32.0
ADATA AD3U1600W4G11-B 4 GB,,"3,1600","1,4",,Green / Black,13.75,11.0
Lexar Ares RGB 32 GB,,"5,5600","2,16",,Black,11.429,32.0
Lexar THOR 8 GB,,"4,3600","1,8",,White,10.0,18.0
Apacer Panther 32 GB,,"5,5200","2,16",,Silver / Black,14.615,38.0
Mushkin Redline ST 32 GB,,"4,3600","2,16",,Black,8.889,16.0
TEAMGROUP Xtreem ARGB 48 GB,,"5,8200","2,24",,Black,9.268,38.0
Silicon Power XPOWER Storm RGB 32 GB,,"5,8000","1,32",,White,9.5,38.0
G.Skill Ripjaws 16 GB,680.0,"4,2400","1,16",2.125,Black / Blue,13.333,16.0
Patriot Signature Line 16 GB,759.8,"5,4800","1,16",2.374,Black,19.167,46.0
Corsair Vengeance RGB 32 GB,,"5,6000","2,16",,Gray,10.0,30.0
Crucial CT32G52C42S5 32 GB,1999.8,"5,5200","1,32",3.125,Black,16.154,42.0
Kingston Fury Renegade RGB 24 GB,4217.6,"5,7200","1,24",8.787,Silver / Black,10.556,38.0
G.Skill Ripjaws S5 32 GB,2099.79,"5,6000","2,16",3.281,White,10.667,32.0
Kingston FURY Beast 16 GB,2418.6,"5,6400","1,16",7.558,White,10.0,32.0
Corsair Vengeance LPX 32 GB,3459.8,"4,3200","4,8",5.406,Black / Yellow,10.0,16.0
TEAMGROUP Elite 64 GB,3199.8,"4,3200","2,32",2.5,Black,13.75,22.0
G.Skill Trident Z Royal 64 GB,5267.4,"4,3600","2,32",4.115,Silver,8.889,16.0
G.Skill Trident Z Royal Elite 64 GB,,"4,4000","2,32",,Silver,9.0,18.0
TEAMGROUP Elite Plus 32 GB,1579.6,"5,4800","1,32",2.468,Silver,16.667,40.0
G.Skill Trident Z5 Neo RGB 32 GB,3741.39,"5,5600","2,16",5.846,Black,10.714,30.0
Kingston Fury Renegade RGB 24 GB,2575.19,"5,6400","1,24",5.365,Silver / Black,10.0,32.0
Crucial CT3KIT51264BA160B 12 GB,739.4,"3,1600","3,4",3.081,Black / Green,13.75,11.0
Kingston KCP426NS8/8 8 GB,569.79,"4,2666","1,8",3.561,Green / Black,14.254,19.0
Crucial CT2K16G4RFS4266 32 GB,1899.8,"4,2666","2,16",2.968,Green / Black,14.254,19.0
G.Skill Trident Z Neo 64 GB,8420.0,"4,3600","4,16",6.578,Silver / Black,10.0,18.0
Mushkin Enhanced Redline Stiletto 16 GB,878.0,"4,3200","2,8",2.744,Black,10.0,16.0
G.Skill Ripjaws 4 16 GB,,"4,2400","2,8",,Red,12.5,15.0
G.Skill Value 8 GB,778.4,"4,2400","1,8",4.865,Black,14.167,17.0
Corsair Vengeance RGB Pro 16 GB,,"4,3600","2,8",,Black,8.889,16.0
G.Skill TridentZ RGB 32 GB,,"4,4600","2,16",,Black,8.696,20.0
Corsair Vengeance RGB 32 GB,2399.79,"5,5600","2,16",3.75,Black / Gray,12.857,36.0
Biwin Black Opal HX100 32 GB,,"5,6000","2,16",,Silver,10.0,30.0
G.Skill Ripjaws X 8 GB,,"3,1866","2,4",,Black / Blue,8.574,8.0
Corsair Vengeance LP 16 GB,1559.6,"3,1600","2,8",4.874,Black / Yellow,11.25,9.0
Samsung M378B5273EB0-CK0 4 GB,,"3,1600","1,4",,Green,13.75,11.0
G.Skill F2-9600CL5D-4GBPI 4 GB,,"2,1200","2,2",,,8.333,5.0
G.Skill Ripjaws X 16 GB,,"3,2133","2,8",,Black / Red,10.314,11.0
Kingston KVR21L15Q4/32 32 GB,3598.6,"4,2133","1,32",5.623,Black / Green,14.065,15.0
G.Skill Ripjaws 4 128 GB,,"4,2800","8,16",,Black,10.714,15.0
G.Skill Aegis 8 GB,648.0,"4,2400","2,4",4.05,Black / Red,12.5,15.0
Crucial CT2K8G4DFS8213 16 GB,1999.6,"4,2133","2,8",6.249,Black / Green,14.065,15.0
ADATA XPG GAMMIX D10 16 GB,,"4,2666","2,8",,Red / White,12.003,16.0
Crucial CT4K16G4WFD8266 64 GB,,"4,2666","4,16",,Green,14.254,19.0
Crucial CT4G4DFS8266 4 GB,,"4,2666","1,4",,Green / Black,14.254,19.0
TEAMGROUP T-Force Delta RGB 32 GB,,"4,3200","2,16",,White / Silver,10.0,16.0
Kingston HyperX Fury RGB 8 GB,,"4,2666","1,8",,Black,12.003,16.0
Patriot Viper 4 Blackout 16 GB,,"4,3000","2,8",,Black,10.667,16.0
OLOy MD4U163216CGDA 32 GB,,"4,3200","2,16",,Black,10.0,16.0
G.Skill Trident Z RGB 64 GB,,"4,3600","4,16",,Black,10.0,18.0
Crucial Ballistix 16 GB,,"4,3000","2,8",,White,10.0,15.0
G.Skill Trident Z RGB 32 GB,,"4,4000","4,8",,Black,7.5,15.0
TEAMGROUP T-Force Vulcan Z 16 GB,,"4,3600","2,8",,Red / Black,10.0,18.0
Corsair Vengeance RGB Pro SL 32 GB,3359.8,"4,3200","4,8",5.25,Black,10.0,16.0
G.Skill Ripjaws V 256 GB,,"4,3200","8,32",,Black,8.75,14.0
Addlink Spider X4 16 GB,,"4,3200","2,8",,Black,10.0,16.0
Kingston FURY Beast 16 GB,1524.4,"4,3733","1,16",4.764,Black,10.179,19.0
ADATA XPG GAMMIX D45 32 GB,,"4,3600","2,16",,Black,10.0,18.0
ADATA XPG SPECTRIX D50 16 GB,,"4,3200","1,16",,Black,10.0,16.0
Mushkin Redline Lumina 16 GB,,"4,3600","2,8",,Black,10.0,18.0
GeIL ORION V RGB 32 GB,,"5,6000","2,16",,Black,12.667,38.0
ADATA XPG Lancer Blade RGB 64 GB,,"5,6000","2,32",,White,10.0,30.0
TEAMGROUP T-Force Vulcan 16 GB,,"5,6000","1,16",,Red,12.667,38.0
G.Skill Trident X 16 GB,,"3,3200","4,4",,Red / Black,8.125,13.0
Acer Predator Vesta II RGB 32 GB,,"5,6000","2,16",,Black,11.333,34.0
Klevv CRAS V RGB 32 GB,,"5,7200","2,16",,White,9.444,34.0
Acer Predator Hera RGB 48 GB,,"5,8400","2,24",,Black,9.524,40.0
TEAMGROUP Elite 16 GB,859.8,"5,5600","1,16",2.687,Black,16.429,46.0
G.Skill Ripjaws M5 Neo RGB 32 GB,,"5,6400","2,16",,White,10.0,32.0
Kingston FURY Impact 16 GB,1359.4,"5,6000","1,16",4.248,Black,12.667,38.0
Mushkin Redline ST 32 GB,2299.79,"5,6400","2,16",3.593,Black,10.0,32.0
Corsair Vengeance RGB Pro SL 64 GB,3633.0,"4,3200","2,32",2.838,Black,10.0,16.0
Kingston Server Premier 8 GB,779.4,"4,2666","1,8",4.871,,14.254,19.0
Lexar Ares RGB 2nd Gen 48 GB,,"5,7600","2,24",,Black,10.0,38.0
Kingston FURY Renegade 16 GB,,"4,4600","2,8",,Black,8.261,19.0
G.Skill Trident Z5 RGB 32 GB,,"5,6000","2,16",,White / Black,12.0,36.0
Kingston FURY 64 GB,4034.2,"5,5200","2,32",3.152,White,15.385,40.0
TEAMGROUP T-Force Delta RGB 48 GB,4199.8,"5,7600","2,24",4.375,Black,9.474,36.0
G.Skill Ripjaws M5 Neo RGB 32 GB,,"5,6400","2,16",,Black,10.0,32.0
G.Skill Ripjaws M5 Neo RGB 64 GB,,"5,6000","2,32",,White,10.0,30.0
Corsair Vengeance LPX 32 GB,3159.8,"4,4000","4,8",4.937,Black / Yellow,9.5,19.0
Crucial MTA18ASF4G72AZ-3G2B1 32 GB,3598.6,"4,3200","1,32",5.623,Green,13.75,22.0
Patriot Viper Steel RGB 16 GB,939.8,"4,3200","1,16",2.937,Black,11.25,18.0
Crucial CT2K16G4DFD832A 32 GB,2099.79,"4,3200","2,16",3.281,Green / Black,13.75,22.0
Thermaltake TOUGHRAM XG RGB 64 GB,11099.6,"4,4000","2,32",8.672,Black / Silver,9.5,19.0
Kingston Fury Renegade RGB 16 GB,2519.79,"5,8000","1,16",7.874,Silver / Black,9.5,38.0
TEAMGROUP T-Force Delta RGB Eco 32 GB,2159.79,"5,6400","2,16",3.375,Silver,10.0,32.0
G.Skill Ripjaws X 32 GB,2406.0,"3,2133","4,8",3.759,Black / Blue,9.376,10.0
Kingston FURY Renegade 32 GB,1999.8,"4,3200","1,32",3.125,Black,10.0,16.0
Patriot Signature Line 16 GB,839.8,"4,3200","1,16",2.624,,13.75,22.0
Kingston FURY Renegade Pro 128 GB,18720.0,"5,6400","4,32",7.312,Black,10.0,32.0
Kingston FURY Beast RGB 32 GB,4330.2,"5,6000","2,16",6.766,Black,10.0,30.0
Corsair Dominator 8 GB,3700.0,"3,1600","4,2",23.125,Black / Blue,10.0,8.0
Corsair Dominator Platinum 8 GB,,"3,1866","2,4",,Black / Silver,9.646,9.0
Crucial CT2KIT51264BA160B 8 GB,624.0,"3,1600","2,4",3.9,Green,13.75,11.0
Crucial CT2KIT204864BF160B 32 GB,5995.8,"3,1600","2,16",9.368,Black / Green,13.75,11.0
Kingston KSM26ED8/32ME 32 GB,2977.6,"4,2666","1,32",4.652,Green,14.254,19.0
Corsair Dominator Platinum RGB 32 GB,2979.8,"5,5600","2,16",4.656,Black / Silver,12.857,36.0
G.Skill Trident Z5 32 GB,,"5,6000","2,16",,Black,13.333,40.0
V-Color TRA524G80S840R3Q 96 GB,27839.8,"5,8000","4,24",14.5,White,10.0,40.0
OCZ Reaper HPC 4 GB,,"2,1066","2,2",,Black / Silver,9.381,5.0
G.Skill NS 4 GB,408.8,"3,1333","2,2",5.11,Green,13.503,9.0
Corsair Vengeance 24 GB,,"3,1600","6,4",,Black / Silver,11.25,9.0
Kingston Value 4 GB,,"3,1333","2,2",,Green,13.503,9.0
Crucial Ballistix Sport 8 GB,758.0,"3,1600","2,4",4.737,Black / Silver,11.25,9.0
Kingston KVR16N11/2 2 GB,490.6,"3,1600","1,2",12.265,Green,13.75,11.0
ADATA XPG Z1 16 GB,,"4,2800","2,8",,Red / Black,12.143,17.0
Crucial CT4K16G4RFD4213 64 GB,,"4,2133","4,16",,,14.065,15.0
Corsair Vengeance LPX 8 GB,,"4,2133","2,4",,Black / Yellow,14.065,15.0
EVGA SuperSC 16 GB,,"4,3200","2,8",,Black,10.0,16.0
Corsair Vengeance LED 32 GB,,"4,3000","2,16",,Black / White,10.0,15.0
G.Skill Trident Z RGB 16 GB,,"4,4266","2,8",,Multicolor,8.908,19.0
Corsair Vengeance RGB 16 GB,,"4,3000","2,8",,Black,10.0,15.0
TEAMGROUP Elite Plus 16 GB,,"4,2400","2,8",,Red / Black,13.333,16.0
Corsair Vengeance RGB Pro 64 GB,,"4,3200","4,16",,White,10.0,16.0
G.Skill Trident Z Royal 32 GB,5380.0,"4,3200","4,8",8.406,Gold,10.0,16.0
TEAMGROUP T-Force Vulcan Z 16 GB,,"4,2666","2,8",,Black,13.503,18.0
TEAMGROUP T-Force Vulcan Z 32 GB,,"4,3200","2,16",,Red,10.0,16.0
Crucial Ballistix RGB 16 GB,,"4,3200","2,8",,White,10.0,16.0
Crucial Ballistix MAX 16 GB,,"4,4000","2,8",,Black,9.0,18.0
ADATA XPG GAMMIX D20 16 GB,,"4,3200","2,8",,Black,10.0,16.0
Apacer AU 8 GB,,"4,3200","1,8",,Black,13.75,22.0
ADATA XPG SPECTRIX D60G 32 GB,,"4,3600","2,16",,White,10.0,18.0
G.Skill Trident Z Royal Elite 32 GB,,"4,4000","2,16",,Silver / Black,7.0,14.0
G.Skill Trident Z Royal Elite 64 GB,7048.6,"4,3600","4,16",5.507,Gold,8.889,16.0
G.Skill Ripjaws V 32 GB,2891.8,"4,2666","1,32",4.518,Black,14.254,19.0
G.Skill TridentZ RGB 16 GB,,"4,4266","2,8",,Black,8.908,19.0
TEAMGROUP T-Force Vulcan Z 32 GB,3093.8,"4,3600","1,32",4.834,Gray,10.0,18.0
Kingston FURY Beast RGB 8 GB,2118.0,"5,5600","1,8",13.238,Black,14.286,40.0
Corsair Vengeance RGB 32 GB,,"5,5600","2,16",,Black,14.286,40.0
TEAMGROUP T-Force Vulcan 32 GB,,"5,4800","2,16",,Black,15.0,36.0
G.Skill Aegis 4 GB,,"4,2400","1,4",,Black,14.167,17.0
GeIL Polaris RGB 32 GB,,"5,6000","2,16",,Black,12.667,38.0
Crucial CT16G4DFRA266 16 GB,729.4,"4,2666","1,16",2.279,Green,14.254,19.0
ADATA XPG LANCER RGB 32 GB,,"5,5600","2,16",,White,12.857,36.0
TEAMGROUP T-Force Delta RGB 16 GB,,"5,6400","2,8",,White,12.5,40.0
Klevv CRAS V RGB 48 GB,,"5,6400","2,24",,White,10.0,32.0
ADATA XPG Lancer Blade 16 GB,,"5,6000","1,16",,Black,16.0,48.0
ADATA XPG Lancer Blade 16 GB,,"5,6000","1,16",,White,16.0,48.0
ADATA XPG Lancer Blade 32 GB,,"5,6000","2,16",,White,11.333,34.0
Thermaltake TOUGHRAM RGB D5 32 GB,,"5,5600","2,16",,Black / Silver,12.857,36.0
Kingston FURY Impact 32 GB,1999.8,"5,5600","1,32",3.125,Black,14.286,40.0
Kingston FURY Impact 16 GB,1200.0,"4,3200","2,8",3.75,Black,12.5,20.0
G.Skill Ripjaws 64 GB,4099.8,"5,5600","2,32",3.203,Black,14.286,40.0
G.Skill Trident Z5 RGB 32 GB,3484.6,"5,5600","2,16",5.445,White / Black,10.714,30.0
TEAMGROUP Xtreem ARGB 32 GB,,"5,6000","2,16",,White,10.0,30.0
Kingston FURY Impact 16 GB,1214.59,"4,3200","1,16",3.796,Black,12.5,20.0
G.Skill Trident Z RGB 64 GB,6018.8,"4,3600","2,32",4.702,Black,8.889,16.0
Corsair Dominator Platinum RGB 64 GB,4599.8,"5,5600","2,32",3.594,Black,14.286,40.0
Kingston FURY Renegade 32 GB,3541.8,"5,6800","2,16",5.534,White / Silver,10.588,36.0
Kingston FURY Renegade Pro 32 GB,4119.8,"5,5600","1,32",6.437,Black,10.0,28.0
G.Skill Trident Z RGB 16 GB,2498.4,"4,3600","2,8",7.808,Black,9.444,17.0
Samsung M391A2K43BB1-CRC 16 GB,1179.59,"4,2400","1,16",3.686,Green,14.167,17.0
Corsair Vengeance RGB RT 128 GB,,"4,3600","4,32",,Black,10.0,18.0
G.Skill Sniper 16 GB,1214.2,"3,2400","2,8",3.794,Black / Red,9.167,11.0
Kingston FURY Renegade 16 GB,2496.0,"5,8000","1,16",7.8,Silver / White,9.5,38.0
G.Skill Trident Z5 RGB 32 GB,2560.6,"5,6000","2,16",4.001,Silver / Black,13.333,40.0
Kingston FURY Beast 8 GB,1198.8,"5,4800","1,8",7.492,Black,15.833,38.0
Kingston Server Premier 16 GB,1739.8,"4,3200","1,16",5.437,,13.75,22.0
G.Skill Sniper X 32 GB,2414.79,"4,3600","2,16",3.773,Black / White,10.556,19.0
Crucial CT2K32G52C42U5 64 GB,3799.0,"5,5200","2,32",2.968,Black,16.154,42.0
Kingston FURY Renegade Pro 16 GB,2299.79,"5,4800","1,16",7.187,Black,15.0,36.0
Silicon Power XPOWER Storm RGB 64 GB,,"5,6400","2,32",,Black,10.0,32.0
G.Skill Ripjaws X 8 GB,652.0,"3,1866","1,8",4.075,Black / Red,10.718,10.0
Crucial CT102472BA186D 8 GB,799.4,"3,1866","1,8",4.996,Green / Black,13.934,13.0
Thermaltake TOUGHRAM RGB 16 GB,2900.0,"4,4400","2,8",9.062,White / Silver,8.636,19.0
G.Skill Trident Z Royal 64 GB,14390.4,"4,3600","8,8",11.242,Silver,7.778,14.0
Kingston FURY Impact 32 GB,1899.8,"5,4800","2,16",2.968,Black,15.833,38.0
Kingston FURY Renegade 32 GB,4079.6,"5,7600","2,16",6.374,Silver / Black,10.0,38.0
Kingston FURY Beast 16 GB,1559.6,"5,6400","1,16",4.874,Black,10.0,32.0
Kingston ValueRAM 2 GB,269.8,"2,667","1,2",6.745,Green,14.993,5.0
Kingston KVR16N11S8/4 4 GB,391.4,"3,1600","1,4",4.893,Green,13.75,11.0
G.Skill NT 4 GB,,"4,2400","1,4",,Black,12.5,15.0
Corsair Dominator Platinum 8 GB,3366.8,"4,2800","2,4",21.043,Black / Silver,10.714,15.0
Corsair Dominator Platinum RGB 32 GB,2238.6,"4,3200","2,16",3.498,Black,10.0,16.0
TEAMGROUP T-Force Delta RGB 16 GB,,"4,3200","1,16",,Black,10.0,16.0
G.Skill Trident Z Royal 128 GB,,"4,3600","8,16",,Silver,7.778,14.0
Silicon Power SP016GBLFU266F02 16 GB,,"4,2666","1,16",,,14.254,19.0
TEAMGROUP T-Create Classic 32 GB,1499.6,"5,5600","1,32",2.343,Black,16.429,46.0
G.Skill Ripjaws M5 RGB 32 GB,,"5,5600","2,16",,Black,16.429,46.0
Kingston FURY Beast 32 GB,2959.8,"5,6400","1,32",4.625,Black,10.0,32.0
Crucial CT2KIT25664AA800 4 GB,629.79,"2,800","2,2",7.872,Green,15.0,6.0
Crucial CT25664BA1339 2 GB,299.8,"3,1333","1,2",7.495,Green,13.503,9.0
Kingston HyperX Blu 8 GB,,"3,1333","2,4",,Blue / Silver,13.503,9.0
Corsair XMS3 16 GB,,"3,1333","4,4",,Black / Silver,13.503,9.0
G.Skill Ripjaws X 16 GB,,"3,1333","2,8",,Black / Red,13.503,9.0
Kingston HyperX Savage 16 GB,,"3,2400","2,8",,Black / Red,9.167,11.0
Kingston KTD-PE316LLQ/32G 32 GB,5017.0,"3,1600","1,32",7.839,Silver,13.75,11.0
Corsair Vengeance LPX 8 GB,,"4,3200","2,4",,Black / Yellow,10.0,16.0
Crucial Ballistix Sport LT 16 GB,,"4,2666","2,8",,Gray,12.003,16.0
Apacer Panther Silver 16 GB,,"4,2400","2,8",,Black / Silver,13.333,16.0
Corsair Vengeance RGB 16 GB,,"4,3000","2,8",,Black,10.667,16.0
G.Skill Trident Z RGB 16 GB,5895.8,"4,3200","2,8",18.424,Black,8.75,14.0
Patriot Viper Steel 16 GB,,"4,4000","2,8",,Silver / Black,9.5,19.0
Crucial Ballistix Sport AT 16 GB,,"4,3200","2,8",,Silver / Black,10.0,16.0
OLOy WarHawk RGB 16 GB,,"4,3000","2,8",,Black / White,10.667,16.0
Corsair Vengeance LPX 16 GB,,"4,3600","2,8",,Black / Yellow,7.778,14.0
GeIL EVO SPEAR 32 GB,,"4,3200","2,16",,Black / Orange,10.0,16.0
G.Skill Ripjaws V 256 GB,,"4,3600","8,32",,Black,10.0,18.0
OLOy WarHawk RGB 32 GB,,"4,3600","2,16",,White,10.0,18.0
Apacer AU 8 GB,,"4,2666","1,8",,Black,14.254,19.0
Neo Forza FAYE 16 GB,,"4,3000","2,8",,Silver / Black,10.0,15.0
Neo Forza FAYE 8 GB,,"4,3200","1,8",,Silver / Black,10.0,16.0
G.Skill Ripjaws V 32 GB,,"4,4600","2,16",,Black,8.261,19.0
G.Skill TridentZ RGB 16 GB,,"4,4000","2,8",,Black,8.0,16.0
Corsair Dominator Platinum RGB 32 GB,,"4,4000","2,16",,Black,8.0,16.0
Corsair Vengeance RGB RS 32 GB,,"4,3600","4,8",,Black,10.0,18.0
Kingston FURY 16 GB,,"4,3200","1,16",,Black,10.0,16.0
Kingston Fury Renegade RGB 64 GB,9840.0,"4,3600","4,16",7.688,Black / Silver,8.889,16.0
Kingston FURY Beast RGB 64 GB,,"5,4800","2,32",,Black,15.833,38.0
Kingston FURY Renegade 32 GB,,"4,4000","2,16",,Black,9.5,19.0
Lexar Hades RGB 16 GB,,"4,3200","2,8",,Black,11.25,18.0
PNY XLR8 Gaming EPIC-X RGB 16 GB,2161.8,"4,3200","2,8",6.756,White,10.0,16.0
Kingston FURY Beast 64 GB,,"5,4800","2,32",,Black,15.833,38.0
TEAMGROUP T-Force Delta RGB 32 GB,,"5,7000","2,16",,Black / Silver,9.714,34.0
ADATA XPG GAMMIX D30 32 GB,,"4,3200","2,16",,Red / Silver,10.0,16.0
OLOy Blade RGB 16 GB,,"5,5600","2,8",,Platinum,12.857,36.0
Crucial Ballistix 16 GB,,"4,3600","1,16",,Black,8.889,16.0
Kingston FURY Beast RGB 32 GB,,"4,3200","1,32",,Black / Silver,10.0,16.0
Kingston ValueRAM 64 GB,,"5,5600","2,32",,Green / Black,16.429,46.0
GOODRAM IRDM PRO 16 GB,,"4,3600","2,8",,Black / Gold,9.444,17.0
Acer Predator Hermes RGB 32 GB,,"5,6800","2,16",,Black,9.412,32.0
Kingston FURY Renegade 24 GB,2586.19,"5,7200","1,24",5.388,Silver / Black,10.556,38.0
Silicon Power XPOWER Pulse Gaming 32 GB,,"5,6000","1,32",,Black / White,10.0,30.0
TEAMGROUP T-Force DELTAα RGB 32 GB,,"5,6000","2,16",,Black,10.0,30.0
Biwin Black Opal DW100 RGB 32 GB,,"5,6000","2,16",,White,10.0,30.0
Crucial CT32G4RFD4266 32 GB,1299.6,"4,2666","1,32",2.031,Green / Black,14.254,19.0
Silicon Power XPOWER Turbine 16 GB,,"4,3600","2,8",,Blue,10.0,18.0
Corsair Vengeance 32 GB,2639.8,"5,6200","2,16",4.125,Black,11.613,36.0
TEAMGROUP Xtreem 48 GB,3639.8,"5,7200","2,24",3.791,White,9.444,34.0
Samsung M471A4G43MB1 32 GB,1679.4,"4,2666","1,32",2.624,Green / Black,14.254,19.0
G.Skill Ares 16 GB,1881.2,"3,2400","2,8",5.879,Black / Blue,9.167,11.0
G.Skill Trident Z 32 GB,2300.0,"4,3200","2,16",3.594,Silver / White,10.0,16.0
G.Skill Trident Z5 RGB 64 GB,4199.8,"5,6000","2,32",3.281,White / Black,10.667,32.0
Silicon Power XPOWER Gaming 16 GB,,"4,3000","2,8",,Black / Silver,10.667,16.0
TEAMGROUP Elite 8 GB,,"5,4800","1,8",,Black,16.667,40.0
TEAMGROUP T-Force Delta RGB 64 GB,3379.8,"5,5600","2,32",2.64,Black,12.857,36.0
Kingston FURY Renegade Pro 32 GB,3936.0,"5,4800","1,32",6.15,Black,15.0,36.0
Kingston KVR16E11K4/32 32 GB,2475.6,"3,1600","4,8",3.868,Green,13.75,11.0
G.Skill Aegis 32 GB,,"4,2133","2,16",,Black / Red,14.065,15.0
TEAMGROUP T-Force Vulcan 32 GB,1859.8,"5,5600","2,16",2.906,Red,11.429,32.0
Mushkin Redline 32 GB,,"4,4000","2,16",,White,9.0,18.0
TEAMGROUP T-Create Master 64 GB,8419.79,"5,6000","4,16",6.578,Black,10.667,32.0
TEAMGROUP Xtreem ARGB 48 GB,,"5,8000","2,24",,White,9.5,38.0
G.Skill Sniper 16 GB,1425.8,"3,2400","4,4",4.456,Black / Red,9.167,11.0
G.Skill Ripjaws 16 GB,,"4,2400","4,4",,Black / Red,12.5,15.0
Corsair Vengeance RGB Pro 16 GB,1199.8,"4,3200","2,8",3.749,Black,10.0,16.0
Klevv CRAS XR5 RGB 32 GB,2685.8,"5,7000","2,16",4.197,White / Black,10.286,36.0
Kingston Fury Renegade RGB 16 GB,2519.79,"5,8000","1,16",7.874,Silver / White,9.5,38.0
Corsair Vengeance 12 GB,1699.6,"3,1600","3,4",7.082,Black / Silver,11.25,9.0
Crucial CT51264BD160BJ 4 GB,230.0,"3,1600","1,4",2.875,Black / Green,13.75,11.0
Kingston ValueRAM 8 GB,859.0,"4,2133","1,8",5.369,Black / Green,14.065,15.0
Corsair Vengeance RGB RT 16 GB,1199.8,"4,3600","2,8",3.749,Black,10.0,18.0
Mushkin Silverline 16 GB,2142.4,"4,2133","1,16",6.695,Silver,14.065,15.0
Silicon Power SP032GBLFU320X02 32 GB,,"4,3200","1,32",,,13.75,22.0
Kingston ValueRAM 8 GB,,"5,4800","1,8",,Green,16.667,40.0
Kingston FURY 32 GB,2796.8,"5,5200","1,32",4.37,White,15.385,40.0
ADATA XPG LANCER RGB 16 GB,,"5,6000","1,16",,White,10.0,30.0
Silicon Power XPOWER Pulse Gaming 32 GB,2156.39,"5,5600","2,16",3.369,Black / White,14.286,40.0
Kingston FURY Beast 32 GB,2883.0,"5,6400","1,32",4.505,White,10.0,32.0
ADATA XPG LANCER NEON RGB 32 GB,,"5,7200","2,16",,Black,9.444,34.0
Corsair Dominator 4 GB,,"2,1066","2,2",,Black / Blue,9.381,5.0
Corsair Dominator 4 GB,,"2,1066","2,2",,Black / Blue,9.381,5.0
G.Skill Ripjaws X 16 GB,,"3,2133","2,8",,Black / Blue,8.439,9.0
Kingston KVR13N9S8/4 4 GB,310.39,"3,1333","1,4",3.88,Green,13.503,9.0
Patriot Viper 3 32 GB,3683.39,"3,1866","4,8",5.755,Black / Silver,10.718,10.0
Kingston KVR13N9K3/24 24 GB,1999.8,"3,1333","3,8",4.166,Green,13.503,9.0
Kingston HyperX Fury 8 GB,,"3,1600","2,4",,Red / Silver,12.5,10.0
Corsair Dominator Platinum 64 GB,,"3,2400","8,8",,Black / Silver,7.5,9.0
G.Skill Trident Z 16 GB,,"4,3000","2,8",,Red / Silver,10.0,15.0
G.Skill Ripjaws V 16 GB,,"4,2400","2,8",,Silver,12.5,15.0
GeIL Dragon RAM 16 GB,,"4,3200","2,8",,White / Gold,10.0,16.0
Crucial CT4K16G4DFD8213 64 GB,7199.2,"4,2133","4,16",5.624,Black / Green,14.065,15.0
Corsair Vengeance LED 16 GB,,"4,3000","2,8",,Black / Red,10.0,15.0
Crucial Ballistix Sport LT 8 GB,,"4,2400","2,4",,Red,13.333,16.0
Crucial CT9029050 32 GB,,"4,2400","2,16",,Green,14.167,17.0
ADATA XPG SPECTRIX D41 16 GB,,"4,3600","2,8",,Black,9.444,17.0
Crucial Ballistix Sport LT 32 GB,,"4,3200","2,16",,Silver / Black,10.0,16.0
TEAMGROUP T-Force Vulcan Z 32 GB,,"4,3000","2,16",,Silver / Black,10.667,16.0
TEAMGROUP T-Force Vulcan Z 16 GB,,"4,3200","1,16",,Black,10.0,16.0
Crucial Ballistix Sport LT 16 GB,,"4,2666","1,16",,Red / Black,12.003,16.0
Crucial Ballistix 64 GB,,"4,3200","2,32",,Black,10.0,16.0
Crucial Ballistix RGB 32 GB,,"4,3600","2,16",,White,8.889,16.0
Crucial Ballistix RGB 16 GB,,"4,3200","2,8",,Red,10.0,16.0
Crucial Ballistix MAX 32 GB,,"4,4400","2,16",,Black,8.636,19.0
TEAMGROUP T-Force Night Hawk Legend RGB 32 GB,,"4,3200","2,16",,Black,10.0,16.0
Neo Forza FAYE 32 GB,,"4,3200","2,16",,Silver / Black,10.0,16.0
G.Skill Trident Z Neo 32 GB,,"4,4000","2,16",,Black / Silver,7.0,14.0
G.Skill Trident Z Royal Elite 16 GB,,"4,5333","2,8",,Gold,8.251,22.0
TEAMGROUP T-Force Vulcan Z 64 GB,,"4,3200","2,32",,Red,10.0,16.0
Kingston FURY Renegade 32 GB,,"4,4266","2,16",,Black,8.908,19.0
Kingston Server Premier 16 GB,1290.0,"4,3200","1,16",4.031,,13.75,22.0
Kingston FURY Beast 16 GB,,"4,3733","2,8",,Black,10.179,19.0
ADATA XPG GAMMIX D20 8 GB,,"4,3200","1,8",,Black / Silver,10.0,16.0
Lexar Hades OC 16 GB,,"4,3600","2,8",,Gray / Black,10.0,18.0
ADATA XPG SPECTRIX D50 32 GB,,"4,4133","2,16",,White,9.194,19.0
TEAMGROUP Elite Plus 32 GB,1579.6,"5,4800","1,32",2.468,Black,16.667,40.0
OLOy Blade RGB 64 GB,,"5,6400","2,32",,Black,10.0,32.0
Kingston HyperX Predator 32 GB,,"4,2666","2,16",,Black / Silver,9.752,13.0
Kingston FURY Beast RGB 8 GB,,"4,3600","1,8",,Black / Silver,9.444,17.0
Timetec 75TT16NUL2R8-8GK2 16 GB,,"3,1600","2,8",,Green,13.75,11.0
TEAMGROUP Elite Plus 16 GB,,"4,2400","1,16",,Black / Gold,13.333,16.0
Apacer Panther 32 GB,,"5,6000","2,16",,Silver / Black,13.333,40.0
TEAMGROUP T-Force Vulcan 32 GB,,"5,6400","2,16",,Black,9.375,30.0
TEAMGROUP T-Force Delta RGB 96 GB,,"5,6400","2,48",,Black,10.0,32.0
Lexar Ares RGB 2nd Gen 32 GB,,"5,8000","2,16",,Black,9.5,38.0
ADATA XPG Lancer Blade 32 GB,,"5,5600","1,32",,Black,16.429,46.0
ADATA XPG LANCER NEON RGB 16 GB,,"5,6000","1,16",,Black,10.0,30.0
TEAMGROUP Elite 32 GB,1619.6,"4,3200","2,16",2.531,Black,13.75,22.0
Lexar LD4AS032G-B3200GSST 32 GB,2630.6,"4,3200","1,32",4.11,Black,13.75,22.0
Crucial CT16G3ERSLD4160B 16 GB,449.79,"3,1600","1,16",1.406,Black / Green,13.75,11.0
G.Skill Trident Z RGB 128 GB,6499.8,"4,3200","4,32",2.539,Black,10.0,16.0
Crucial CT8G4SFS824A 8 GB,565.0,"4,2400","1,8",3.531,Green / Black,14.167,17.0
Corsair Vengeance RGB Pro 32 GB,3960.0,"4,3000","2,16",6.188,Black,10.0,15.0
G.Skill Ripjaws V 32 GB,,"4,4266","2,16",,Black,8.908,19.0
Kingston FURY Beast 32 GB,3036.6,"5,6400","2,16",4.745,White,10.0,32.0
Kingston FURY Beast 32 GB,4563.8,"5,6000","1,32",7.131,White,10.0,30.0
Corsair Vengeance RGB 32 GB,8388.6,"4,3600","2,16",13.107,,10.0,18.0
Corsair Vengeance RGB RS 16 GB,1719.8,"4,3600","1,16",5.374,Black,10.0,18.0
Patriot Viper Elite 5 RGB 32 GB,2199.79,"5,6600","2,16",3.437,White,10.909,36.0
Kingston FURY Renegade Pro 16 GB,2392.19,"5,6000","1,16",7.476,Black,10.667,32.0
Kingston Fury Beast RGB Special Edition 8 GB,799.8,"4,3600","1,8",4.999,White,9.444,17.0
TEAMGROUP T-Force Vulcanα 32 GB,,"5,6000","2,16",,Black,12.667,38.0
G.Skill NT 8 GB,1070.0,"4,2133","2,4",6.688,Black,14.065,15.0
Corsair Dominator Platinum RGB 16 GB,2033.8,"4,4000","2,8",6.356,White,9.5,19.0
Kingston FURY Beast 32 GB,,"4,2666","2,16",,Black,12.003,16.0
Kingston FURY Beast RGB 32 GB,3079.8,"5,6400","1,32",4.812,Black,10.0,32.0
Crucial CT32G4DFD8266 32 GB,2553.0,"4,2666","1,32",3.989,Green / Black,14.254,19.0
Patriot Viper 4 Blackout 64 GB,,"4,3600","2,32",,Black,10.0,18.0
Corsair Vengeance RGB Pro SL 16 GB,1679.8,"4,3200","2,8",5.249,Black,10.0,16.0
Corsair Dominator Platinum RGB 128 GB,,"4,3200","4,32",,Black,10.0,16.0
Corsair Vengeance RGB RT 16 GB,1473.4,"4,4000","2,8",4.604,Black,9.0,18.0
Kingston FURY Beast RGB 16 GB,,"4,3200","1,16",,Black,10.0,16.0
Kingston FURY 32 GB,,"4,3200","2,16",,Black,10.0,16.0
Kingston ValueRAM 32 GB,1980.0,"4,2666","1,32",3.094,Green,14.254,19.0
Kingston FURY Renegade 32 GB,,"5,6800","2,16",,Silver / Black,10.588,36.0
Kingston KSM48R40BS4TMM-32HMR 32 GB,2457.19,"5,4800","1,32",3.839,Green,16.667,40.0
Kingston FURY 32 GB,,"5,6000","2,16",,White,13.333,40.0
Corsair Vengeance RGB 64 GB,4279.8,"5,5600","2,32",3.344,White / Black,12.857,36.0
Kingston FURY Renegade 16 GB,4186.39,"5,6000","1,16",13.082,Silver / White,10.667,32.0
V-Color TRA548G68D834O 384 GB,67399.79,"5,6800","8,48",8.776,Black,10.0,34.0
Kingston FURY Beast 32 GB,2610.0,"5,6000","1,32",4.078,White,10.0,30.0
Crucial CT25664AA1067 2 GB,,"2,1066","1,2",,Green,13.133,7.0
Corsair Dominator GT 12 GB,,"3,2000","3,4",,Black / Red,9.0,9.0
Corsair XMS2 1 GB,,"2,800","1,1",,Black / Purple,12.5,5.0
G.Skill Ripjaws 8 GB,690.6,"3,1600","2,4",4.316,Black / Red,11.25,9.0
Kingston KVR1333D3K2/2GR 2 GB,592.2,"3,1333","2,1",14.805,Green,13.503,9.0
Corsair Dominator Platinum 16 GB,,"3,1600","2,8",,Black / Silver,11.25,9.0
Crucial Ballistix Tactical 16 GB,,"3,1600","2,8",,Black / Yellow,10.0,8.0
ADATA XPG V1.0 8 GB,,"3,1600","2,4",,Blue / Silver,13.75,11.0
Kingston HyperX Fury 8 GB,,"3,1600","2,4",,White / Silver,12.5,10.0
ADATA XPG Z1 8 GB,,"4,2400","2,4",,Red / Black,13.333,16.0
Kingston KVR21R15S4K4/32 32 GB,2572.4,"4,2133","4,8",4.019,Black / Green,14.065,15.0
Kingston HyperX Fury 32 GB,,"4,2133","4,8",,Black / Silver,13.127,14.0
Corsair ValueSelect 8 GB,,"3,1600","1,8",,Black / Green,13.75,11.0
Corsair Vengeance LPX 16 GB,,"4,2400","2,8",,Red,11.667,14.0
G.Skill Ripjaws V 8 GB,,"4,2133","2,4",,Black / Red,14.065,15.0
G.Skill Ripjaws V 8 GB,,"4,2666","2,4",,Black / Red,11.253,15.0
Kingston HyperX Fury 4 GB,,"4,2400","1,4",,Black / White,12.5,15.0
Corsair Vengeance LPX 32 GB,,"4,2666","2,16",,Red,12.003,16.0
G.Skill Ripjaws V 16 GB,,"4,3000","2,8",,Silver,10.0,15.0
Corsair Vengeance LPX 16 GB,,"4,3000","1,16",,Black / Yellow,10.0,15.0
Corsair Vengeance LPX 4 GB,620.6,"4,2400","1,4",7.758,Black / Yellow,13.333,16.0
Crucial CT4K8G4DFS8266 32 GB,2599.8,"4,2666","4,8",4.062,Green,14.254,19.0
ADATA XPG SPECTRIX D40 16 GB,,"4,3200","2,8",,Red,10.0,16.0
Patriot Viper Elite 32 GB,,"4,2666","2,16",,Silver / Black,12.003,16.0
Corsair Vengeance RGB Pro 16 GB,,"4,4700","2,8",,Black,8.085,19.0
Corsair Vengeance RGB Pro 32 GB,,"4,2666","2,16",,White,12.003,16.0
Corsair Vengeance RGB Pro 64 GB,11782.0,"4,3466","4,16",9.205,Black,9.233,16.0
Crucial Ballistix Sport LT 8 GB,,"4,3000","1,8",,Silver / Black,10.0,15.0
Crucial Ballistix Sport LT 32 GB,,"4,3200","2,16",,Red / Black,10.0,16.0
TEAMGROUP T-Force Vulcan Z 8 GB,,"4,3000","2,4",,Red / Black,10.667,16.0
Crucial Ballistix 32 GB,,"4,2666","2,16",,Black,12.003,16.0
Crucial Ballistix 32 GB,,"4,3600","2,16",,Red,8.889,16.0
TEAMGROUP T-Force Vulcan TUF Gaming Alliance 32 GB,,"4,3200","2,16",,Black / Gold,10.0,16.0
ADATA XPG GAMMIX D30 16 GB,,"4,3200","2,8",,,10.0,16.0
ADATA XPG GAMMIX D20 64 GB,,"4,3200","2,32",,Black,10.0,16.0
Neo Forza MARS 16 GB,,"4,3200","2,8",,Gray / Black,10.0,16.0
Patriot Viper 4 Blackout 32 GB,,"4,3600","2,16",,Black,10.0,18.0
Klevv BOLT X 8 GB,,"4,3600","1,8",,Black,10.0,18.0
TEAMGROUP T-Force Vulcan 32 GB,,"5,5200","2,16",,Black / Silver,14.615,38.0
G.Skill Trident Z Royal Elite 32 GB,,"4,3600","2,16",,Silver,8.889,16.0
Corsair Dominator Platinum RGB 32 GB,,"4,3600","2,16",,Black,7.778,14.0
HP V10 RGB 32 GB,,"4,3200","2,16",,Silver / Black,8.75,14.0
TEAMGROUP Dark Pro 8PACK Edition 16 GB,,"4,3600","2,8",,Black / Silver,8.889,16.0
G.Skill Ripjaws V 16 GB,,"4,4600","2,8",,Black,8.261,19.0
G.Skill TridentZ RGB 32 GB,,"4,4400","2,16",,Black,7.727,17.0
ADATA XPG LANCER RGB 32 GB,,"5,6000","2,16",,Black,13.333,40.0
Kingston FURY Beast 4 GB,858.2,"4,3200","1,4",10.727,Black,10.0,16.0
PNY XLR8 8 GB,,"4,3600","1,8",,Black,10.0,18.0
ADATA XPG SPECTRIX D50 16 GB,,"4,3600","1,16",,White,10.0,18.0
G.Skill Ripjaws 4 8 GB,,"4,3200","1,8",,Black,10.0,16.0
Acer UD100 8 GB,,"4,2666","1,8",,Black,14.254,19.0
Corsair Vengeance RGB RT 16 GB,,"4,3200","2,8",,Black,10.0,16.0
G.Skill Trident Z5 RGB Splave Edition 32 GB,,"5,6400","2,16",,Black,10.0,32.0
Corsair Vengeance RGB 64 GB,,"5,5600","2,32",,Black / Gray,14.286,40.0
OLOy Blade RGB 32 GB,,"5,7200","2,16",,Black,8.889,32.0
TEAMGROUP Elite 16 GB,,"5,5200","1,16",,Black,16.154,42.0
Klevv CRAS V RGB 32 GB,,"5,7600","2,16",,Black,9.474,36.0
ADATA XPG LANCER RGB 32 GB,,"5,6000","1,32",,Black,10.0,30.0
Mushkin Redline Lumina White 64 GB,,"5,6400","2,32",,White,9.375,30.0
ADATA XPG SPECTRIX D35G RGB 8 GB,,"4,3600","1,8",,Black,10.0,18.0
TEAMGROUP T-Force Delta RGB 16 GB,,"5,6000","1,16",,Black,12.667,38.0
TEAMGROUP T-Force Delta RGB 16 GB,,"5,5200","1,16",,White,15.385,40.0
TEAMGROUP Xtreem ARGB 64 GB,,"5,6400","2,32",,White,10.625,34.0
Klevv Urbane V RGB 48 GB,,"5,6000","2,24",,White,10.0,30.0
Klevv CRAS V RGB 32 GB,,"5,6000","2,16",,Black,10.0,30.0
Acer Predator Hera RGB 32 GB,,"5,8000","2,16",,Black,9.0,36.0
Lexar Ares RGB 2nd Gen 32 GB,,"5,7600","2,16",,Black,9.474,36.0
G.Skill Ripjaws 64 GB,2979.8,"4,3200","2,32",2.328,Blue / Black,13.75,22.0
Kingston FURY Impact 64 GB,4599.8,"4,3200","2,32",3.594,Black,12.5,20.0
TEAMGROUP T-Create Classic 32 GB,1619.6,"5,5600","2,16",2.531,Black,16.429,46.0
Patriot Signature Line 32 GB,1499.6,"5,4800","1,32",2.343,Black,19.167,46.0
Corsair Vengeance RGB Pro 16 GB,6163.6,"4,4000","2,8",19.261,Black,8.0,16.0
G.Skill Trident Z Royal 16 GB,3380.0,"4,4000","2,8",10.562,Gold,7.5,15.0
TEAMGROUP T-Force Vulcanα 64 GB,3309.8,"5,6000","2,32",2.586,Red,12.667,38.0
Corsair Vengeance Performance 32 GB,2480.0,"4,2666","2,16",3.875,Black / Yellow,13.503,18.0
G.Skill Trident Z Neo 16 GB,2480.0,"4,3200","2,8",7.75,Silver / Black,8.75,14.0
Kingston Server Premier 16 GB,1399.0,"4,3200","1,16",4.372,,13.75,22.0
G.Skill Trident Z Royal 64 GB,,"4,4400","2,32",,Silver,8.636,19.0
Crucial CT8G3S160BM 8 GB,347.8,"3,1600","1,8",2.174,Black / Green,13.75,11.0
G.Skill Ripjaws S5 32 GB,2099.79,"5,6000","2,16",3.281,White,10.667,32.0
G.Skill Sniper 32 GB,2457.4,"3,2133","4,8",3.84,Black / Red,9.376,10.0
Crucial CT2KIT102472BD160B 16 GB,1989.8,"3,1600","2,8",6.218,Black / Green,13.75,11.0
G.Skill Ripjaws 16 GB,1374.0,"4,2666","4,4",4.294,Red,11.253,15.0
G.Skill Ripjaws V 16 GB,4999.8,"4,3600","2,8",15.624,Black,8.889,16.0
G.Skill Trident Z5 32 GB,1959.8,"5,6000","2,16",3.062,Silver / Black,12.0,36.0
G.Skill Sniper X 32 GB,1503.0,"4,2400","4,8",2.348,Black / White,14.167,17.0
Kingston FURY Renegade Pro 128 GB,16969.59,"5,6000","4,32",6.629,Black,10.667,32.0
G.Skill Ripjaws X 8 GB,504.6,"3,1333","1,8",3.154,Black / Red,13.503,9.0
Corsair Vengeance LPX 8 GB,,"4,2666","1,8",,Red,12.003,16.0
G.Skill Flare X 64 GB,4829.59,"4,3200","4,16",3.773,Black,10.0,16.0
Patriot Viper Elite II 32 GB,1559.6,"4,3200","1,32",2.437,Red / Black,11.25,18.0
ADATA XPG GAMMIX D45 8 GB,,"4,3200","1,8",,Black,10.0,16.0
Corsair Vengeance RGB 64 GB,,"5,5200","2,32",,Gray,15.385,40.0
Timetec PINNACLE Konduit RGB 16 GB,,"4,3600","1,16",,White,10.0,18.0
Lenovo Total Micro 16 GB,899.8,"4,2666","1,16",,Black,14.254,19.0
Kingston FURY Renegade 16 GB,1938.6,"5,6400","1,16",6.058,Silver / White,10.0,32.0
G.Skill Value 8 GB,476.0,"3,1600","2,4",2.975,Black,13.75,11.0
G.Skill NT 16 GB,1670.0,"4,2400","2,8",5.219,Black,12.5,15.0
G.Skill Trident Z RGB 64 GB,,"4,3000","4,16",,Black,10.667,16.0
Corsair Vengeance LED 32 GB,5187.2,"4,3333","2,16",8.105,Black,9.601,16.0
Patriot Viper Steel 16 GB,1079.8,"4,3000","2,8",3.374,Silver / Black,10.667,16.0
Kingston KSM26ED8/16ME 16 GB,,"4,2666","1,16",,Green,14.254,19.0
Gigabyte AORUS RGB 16 GB,,"4,4400","2,8",,Black,9.091,20.0
G.Skill Trident Z5 RGB 32 GB,3412.0,"5,6600","2,16",5.331,White / Black,10.303,34.0
Kingston FURY Beast 16 GB,,"4,2666","1,16",,Black,12.003,16.0
Kingston FURY Renegade 16 GB,2901.0,"5,6000","1,16",9.066,White / Silver,10.667,32.0
G.Skill Zeta R5 128 GB,32708.6,"5,6000","8,16",12.777,Black / White,10.0,30.0
Kingston FURY Renegade 64 GB,,"5,6400","2,32",,Silver / White,10.0,32.0
PNY XLR8 4 GB,,"2,1066","2,2",,Black,9.381,5.0
G.Skill Ripjaws X 8 GB,1038.8,"3,2133","2,4",6.492,Black / Blue,8.439,9.0
G.Skill F2-8500CL5D-4GBPI 4 GB,,"2,1066","2,2",,,9.381,5.0
Corsair Vengeance 8 GB,,"3,2133","2,4",,Black / Blue,8.439,9.0
Kingston KHX1600C10D3B1K2/16G 16 GB,,"3,1600","2,8",,Blue / Silver,12.5,10.0
Avexir Core 8 GB,,"3,1600","2,4",,Black / Blue,11.25,9.0
Corsair Vengeance Pro 16 GB,,"3,1866","2,8",,Black / Red,9.646,9.0
Corsair Vengeance Pro 32 GB,,"3,2800","4,8",,Black / Red,8.571,12.0
ADATA XPG Z1 16 GB,,"4,2133","2,8",,Red / Black,14.065,15.0
Crucial Ballistix Sport LT 16 GB,,"4,2400","2,8",,Silver,13.333,16.0
EVGA Superclocked 8 GB,,"3,1600","2,4",,Black,11.25,9.0
Corsair Vengeance LPX 32 GB,,"4,3000","4,8",,Black / Yellow,10.0,15.0
Corsair Vengeance LPX 8 GB,,"4,3000","2,4",,Black / Yellow,10.0,15.0
Kingston HyperX Savage 16 GB,,"4,2666","2,8",,Black / White,9.752,13.0
G.Skill NT 8 GB,1180.0,"4,2133","1,8",7.375,Black,14.065,15.0
G.Skill Ripjaws V 16 GB,,"4,2800","1,16",,Red,10.714,15.0
G.Skill Trident Z 32 GB,,"4,3200","2,16",,Red / Silver,8.75,14.0
GeIL Dragon RAM 16 GB,,"4,4000","2,8",,White / Gold,9.5,19.0
G.Skill Aegis 16 GB,,"4,2400","2,8",,Black / Red,12.5,15.0
Crucial Ballistix Sport LT 16 GB,,"4,2400","2,8",,Black / Red,13.333,16.0
Corsair Vengeance LPX 64 GB,,"4,2133","4,16",,Black,12.189,13.0
Corsair Vengeance RGB 32 GB,6025.2,"4,3000","4,8",9.414,Black,10.0,15.0
Kingston ValueRAM 32 GB,,"4,2133","2,16",,Green,14.065,15.0
G.Skill Trident Z RGB 32 GB,,"4,3000","4,8",,Black,10.667,16.0
TEAMGROUP Vulcan 16 GB,,"4,3000","2,8",,Black / Gray,10.667,16.0
TEAMGROUP Vulcan 16 GB,,"4,3000","2,8",,Black / Red,10.667,16.0
TEAMGROUP T-Force Delta RGB 8 GB,,"4,3000","2,4",,Black,10.667,16.0
Crucial Ballistix Sport LT 8 GB,,"4,2666","2,4",,White / Silver,12.003,16.0
ADATA XPG GAMMIX D10 8 GB,,"4,2400","1,8",,Red / White,13.333,16.0
ADATA XPG SPECTRIX D41 16 GB,,"4,2666","2,8",,Black,12.003,16.0
Corsair Vengeance RGB Pro 32 GB,,"4,3000","2,16",,White,10.0,15.0
OLOy MD4U082619BBDA 16 GB,,"4,2666","2,8",,Black / Red,14.254,19.0
Corsair Dominator Platinum RGB 16 GB,1810.4,"4,3200","2,8",5.657,Black,10.0,16.0
OLOy MD4U083016BGDA 16 GB,,"4,3000","2,8",,Black,10.667,16.0
Kingston HyperX Fury RGB 16 GB,,"4,2400","2,8",,Black,12.5,15.0
Kingston HyperX Fury RGB 8 GB,,"4,3200","1,8",,Black,10.0,16.0
Corsair Vengeance LPX 16 GB,,"4,4866","2,8",,Black / Yellow,7.398,18.0
Micron MTA18ADF2G72AZ-3G2E1 16 GB,,"4,3200","1,16",,Black / Green,13.75,22.0
Thermaltake H-ONE 16 GB,1436.8,"4,3200","2,8",4.49,Black / Silver,10.0,16.0
OLOy WarHawk RGB 128 GB,,"4,3200","4,32",,White,10.0,16.0
Corsair Vengeance RGB Pro 64 GB,,"4,4000","2,32",,Black,9.0,18.0
Thermaltake TOUGHRAM RC 16 GB,,"4,3200","2,8",,Black,10.0,16.0
Kingston HyperX 128 GB,,"4,2666","4,32",,Black,11.253,15.0
Klevv CRAS X RGB 16 GB,,"4,4000","2,8",,Black,9.5,19.0
Klevv BOLT X 16 GB,,"4,3600","1,16",,Black,10.0,18.0
TEAMGROUP T-Force Xtreem ARGB 32 GB,,"4,4000","2,16",,,9.0,18.0
GeIL Polaris RGB 32 GB,,"5,4800","2,16",,Red / Black,16.667,40.0
Acer Predator Apollo RGB 32 GB,,"4,3200","2,16",,Silver / Black,10.0,16.0
G.Skill Trident Z Royal Elite 32 GB,,"4,4800","2,16",,Silver,8.333,20.0
Kingston FURY Renegade 8 GB,,"4,3200","1,8",,Black,10.0,16.0
GeIL Orion RGB AMD Edition 8 GB,,"4,3000","1,8",,Red,10.667,16.0
ADATA XPG LANCER RGB 16 GB,,"5,5200","1,16",,Black,14.615,38.0
Kingston FURY Beast RGB 16 GB,1961.8,"5,4800","1,16",6.131,Black,15.833,38.0
Kingston FURY Renegade 128 GB,7599.8,"4,3200","4,32",2.969,Black,10.0,16.0
TEAMGROUP T-Force Xtreem ARGB 16 GB,,"4,5333","2,8",,White,8.251,22.0
TEAMGROUP T-Create Expert 16 GB,,"4,3600","2,8",,Gray,7.778,14.0
TEAMGROUP T-Force Delta TUF Gaming Alliance RGB 16 GB,,"4,3200","2,8",,Black / Gold,10.0,16.0
ADATA XPG SPECTRIX D50 16 GB,,"4,4133","2,8",,White,9.194,19.0
Mushkin Redline Lumina 32 GB,,"4,4133","2,16",,Black,9.194,19.0
G.Skill F4-3200C16Q2-128GTZKY 128 GB,,"4,3200","8,16",,Black / Yellow,10.0,16.0
Patriot Viper Venom RGB 16 GB,,"4,3600","2,8",,Black,10.0,18.0
Patriot Viper Venom RGB 16 GB,5787.2,"4,4000","2,8",18.085,Black,9.5,19.0
TEAMGROUP T-Force Vulcan 8 GB,,"5,5200","1,8",,Black,15.385,40.0
V-Color Manta XPrism RGB 64 GB,,"5,6000","2,32",,Silver,11.333,34.0
Neo Forza MARS 32 GB,,"4,3200","2,16",,Gray / Black,10.0,16.0
Kingston Fury Renegade RGB 16 GB,2180.0,"5,7200","1,16",6.812,Silver / Black,10.556,38.0
ADATA XPG CASTER RGB 16 GB,,"5,6000","1,16",,Black / Silver,13.333,40.0
TEAMGROUP Elite Plus 32 GB,,"4,3200","2,16",,Black / Gold,13.75,22.0
GeIL EVO V RGB 48 GB,,"5,6800","1,48",,White,10.588,36.0
OLOy Blade RGB 32 GB,,"4,3200","2,16",,Black,10.0,16.0
G.Skill Flare X5 64 GB,,"5,6000","2,32",,Black,10.667,32.0
Acer Predator Vesta II RGB 64 GB,,"5,6400","2,32",,Black,10.0,32.0
Kingston FURY Renegade 16 GB,1944.0,"5,6800","1,16",6.075,Silver / White,10.588,36.0
Kingston FURY Renegade 64 GB,,"5,6000","2,32",,Silver / White,10.667,32.0
ADATA XPG SPECTRIX D35G RGB 32 GB,,"4,3200","1,32",,White,10.0,16.0
Silicon Power XPOWER Storm RGB 32 GB,,"5,6000","2,16",,White,10.0,30.0
Kingston FURY Beast RGB 16 GB,1610.4,"5,6400","1,16",5.032,Black,10.0,32.0
TEAMGROUP T-Force Delta RGB 96 GB,,"5,6400","2,48",,White,10.0,32.0
TEAMGROUP Xtreem ARGB 32 GB,,"5,7600","2,16",,White,9.474,36.0
Klevv Urbane V RGB 64 GB,,"5,6400","2,32",,White,9.375,30.0
Acer Predator Hera RGB 32 GB,,"5,8200","2,16",,Black,8.78,36.0
Thermaltake TOUGHRAM RGB D5 32 GB,,"5,6400","2,16",,White / Silver,10.0,32.0
TEAMGROUP Elite 32 GB,1379.6,"4,2666","2,16",2.156,Black,14.254,19.0
Silicon Power SU032GBSFU320F22AF 32 GB,,"4,3200","2,16",,Black,13.75,22.0
Silicon Power SP008GLSTU160N02 8 GB,319.8,"3,1600","1,8",1.999,Green,13.75,11.0
Mushkin Redline 64 GB,2999.8,"5,4800","2,32",2.344,Black,16.667,40.0
G.Skill Ripjaws M5 RGB 64 GB,4199.8,"5,6000","2,32",3.281,Black,10.667,32.0
G.Skill Trident Z RGB 32 GB,8980.0,"4,4133","4,8",14.031,Black,8.226,17.0
G.Skill Trident Z 32 GB,2980.0,"4,3200","2,16",4.656,Silver / Black,10.0,16.0
G.Skill Ripjaws X 8 GB,503.6,"3,1600","1,8",3.147,Black / Red,12.5,10.0
G.Skill Ripjaws X 16 GB,1983.6,"3,2133","2,8",6.199,Black / Blue,9.376,10.0
PNY NHS 8 GB,359.6,"3,1600","1,8",2.248,Black / Green,13.75,11.0
Corsair Vengeance LPX 16 GB,1791.4,"4,3600","2,8",5.598,Black / Yellow,11.111,20.0
G.Skill Aegis 16 GB,1194.4,"4,2400","1,16",3.732,Black / Red,14.167,17.0
Kingston FURY Beast 8 GB,1351.2,"4,3200","2,4",8.445,Black / Silver,10.0,16.0
Mushkin Redline Lumina 64 GB,,"4,3600","2,32",,White,8.889,16.0
Patriot Viper Venom RGB 32 GB,4035.0,"5,6600","2,16",6.305,Black / White,12.121,40.0
G.Skill Ripjaws X 8 GB,545.2,"3,1333","2,4",3.408,Black / Red,13.503,9.0
Patriot Signature 8 GB,2451.39,"3,1600","1,8",15.321,Green,13.75,11.0
G.Skill Sniper Gaming 16 GB,1079.2,"3,1866","2,8",3.373,Black / Red,10.718,10.0
Samsung M386B4G70DM0-CMA 32 GB,,"3,1866","1,32",,Silver,13.934,13.0
G.Skill Trident Z 32 GB,,"4,2800","2,16",,Pink / Silver,10.0,14.0
G.Skill FORTIS 16 GB,,"4,2400","2,8",,Black / Red,12.5,15.0
Corsair Vengeance LED 16 GB,3400.0,"4,2400","2,8",10.625,Black / White,13.333,16.0
G.Skill Trident Z RGB 32 GB,,"4,3600","4,8",,Black,8.889,16.0
G.Skill Flare X 32 GB,,"4,3200","4,8",,Black,10.0,16.0
Thermaltake TOUGHRAM RGB 16 GB,3075.8,"4,4400","2,8",9.612,Black / Silver,8.636,19.0
G.Skill Ripjaws V 64 GB,,"4,3600","4,16",,Black,7.778,14.0
Kingston ValueRAM 8 GB,528.6,"4,2666","1,8",3.304,Green,14.254,19.0
Kingston FURY Beast RGB 64 GB,,"4,3200","2,32",,Black,10.0,16.0
ADATA XPG LANCER RGB 32 GB,,"5,5200","2,16",,White,14.615,38.0
Kingston FURY Renegade 64 GB,4399.8,"4,3600","2,32",3.437,Black,10.0,18.0
Gigabyte AORUS RGB 16 GB,,"4,3333","2,8",,Gray,10.801,18.0
Lexar Hades OC 16 GB,,"4,3600","2,8",,Gray / Black,10.0,18.0
Thermaltake TOUGHRAM XG RGB D5 32 GB,,"5,5600","2,16",,Blue / White,12.857,36.0
Corsair XMS3 6 GB,,"3,1333","3,2",,Black / White,13.503,9.0
Corsair CMV4GX3M1A1333C9 4 GB,639.6,"3,1333","1,4",7.995,Black / Silver,13.503,9.0
Kingston KHX1600C9D3/4G 4 GB,,"3,1600","1,4",,Blue / Silver,11.25,9.0
G.Skill F2-6400CL6Q-16GBMQ 16 GB,,"2,800","4,4",,Orange / White,15.0,6.0
Samsung MV-3V4G4D/US 8 GB,,"3,1333","2,4",,Black,13.503,9.0
G.Skill F3-12800CL9D-4GBSQ 4 GB,432.8,"3,1600","2,2",5.41,Green,11.25,9.0
Kingston HyperX 4 GB,,"3,1866","1,4",,Blue / Silver,9.646,9.0
Corsair Vengeance 16 GB,,"3,1866","2,8",,Black / Red,9.646,9.0
Corsair Vengeance 8 GB,819.8,"3,1600","1,8",5.124,Black / Silver,11.25,9.0
Corsair XMS3 4 GB,727.0,"3,1600","1,4",9.088,Black / White,13.75,11.0
Kingston HyperX Beast 16 GB,,"3,2400","2,8",,Black,9.167,11.0
Crucial Ballistix Sport 32 GB,,"3,1600","4,8",,Black / Silver,11.25,9.0
ADATA XPG V1.0 16 GB,,"3,1600","2,8",,Black,11.25,9.0
Kingston HyperX Fury 8 GB,,"3,1866","2,4",,Black / Silver,10.718,10.0
G.Skill Ripjaws 32 GB,1606.2,"4,2400","4,8",2.51,Red,12.5,15.0
Kingston HyperX Savage 8 GB,,"3,1600","2,4",,Black / Red,11.25,9.0
Corsair Vengeance LPX 16 GB,,"4,2400","4,4",,Black,12.5,15.0
Mushkin Essentials 32 GB,,"3,1600","4,8",,Black / Green,13.75,11.0
Kingston KTM-SX421LQ/32G 32 GB,,"4,2133","1,32",,Black / Green,14.065,15.0
Samsung M393A4K40BB0-CPB0 32 GB,,"4,2133","1,32",,Black / Green,14.065,15.0
G.Skill Trident Z 16 GB,,"4,3200","2,8",,Red / Silver,8.75,14.0
Corsair Vengeance LPX 8 GB,,"4,4200","2,4",,Black / Yellow,9.048,19.0
Kingston D2G72M151 16 GB,3991.8,"4,2133","1,16",12.474,Black / Green,14.065,15.0
Avexir Core 16 GB,,"4,2400","2,8",,Black / Red,13.333,16.0
G.Skill Trident Z RGB 32 GB,,"4,3600","4,8",,Black,8.889,16.0
TEAMGROUP Dark Pro 16 GB,,"4,3200","2,8",,Black,8.75,14.0
Crucial Ballistix Sport LT 16 GB,,"4,2666","2,8",,White,12.003,16.0
Corsair Vengeance RGB 16 GB,,"4,3200","2,8",,White,10.0,16.0
Kingston HyperX Fury 16 GB,,"4,2400","2,8",,Red,12.5,15.0
ADATA XPG GAMMIX D10 16 GB,,"4,2666","2,8",,Black / White,12.003,16.0
G.Skill Ripjaws V 32 GB,,"4,3000","2,16",,Red,10.667,16.0
TEAMGROUP T-Force Vulcan 16 GB,,"4,3200","2,8",,Black / Silver,10.0,16.0
Crucial Ballistix Sport LT 8 GB,,"4,2400","1,8",,Gray,13.333,16.0
Corsair Vengeance LPX 16 GB,,"4,3000","1,16",,Black,10.667,16.0
TEAMGROUP T-Force Vulcan TUF Gaming Alliance 16 GB,,"4,2400","2,8",,Gold / Black,11.667,14.0
ADATA XPG GAMMIX D10 16 GB,,"4,2666","2,8",,Black / White,12.003,16.0
Corsair Vengeance RGB Pro 32 GB,,"4,2666","4,8",,Black,12.003,16.0
Micron MT16KTF1G64AZ-1G6E1 8 GB,495.2,"3,1600","1,8",3.095,Green,13.75,11.0
Crucial CT4K16G4VFS4266 64 GB,,"4,2666","4,16",,Green / Black,14.254,19.0
Corsair Vengeance RGB Pro 32 GB,,"4,3466","2,16",,White,9.233,16.0
G.Skill Trident Z RGB 16 GB,,"4,4600","2,8",,Black,7.826,18.0
G.Skill Trident Z RGB 32 GB,,"4,4000","2,16",,Black,9.5,19.0
Kingston HyperX Predator 8 GB,,"4,3000","2,4",,Black / Silver,10.0,15.0
Kingston HyperX Fury 32 GB,,"4,3200","2,16",,Black / White,11.25,18.0
G.Skill Trident Z Royal 32 GB,,"4,3600","4,8",,Silver,8.889,16.0
TEAMGROUP Elite Plus 16 GB,,"4,2400","2,8",,Black / Gold,13.333,16.0
Corsair Vengeance LPX 32 GB,,"4,3200","2,16",,Black / Yellow,10.0,16.0
Crucial Ballistix Tactical Tracer RGB 16 GB,,"4,3200","2,8",,Silver,10.0,16.0
TEAMGROUP T-Force Vulcan TUF Gaming Alliance 16 GB,,"4,3000","2,8",,Black / Gold,10.667,16.0
Kingston HyperX Fury 16 GB,,"4,3000","2,8",,Black / Silver,10.0,15.0
Thermaltake H-ONE 16 GB,,"4,2666","2,8",,Black / Silver,14.254,19.0
ADATA XPG GAMMIX D10 32 GB,,"4,3600","2,16",,Black,10.0,18.0
Corsair Vengeance LPX 128 GB,,"4,4000","4,32",,Black,9.0,18.0
Corsair Vengeance RGB Pro 32 GB,,"4,4000","2,16",,Black,9.0,18.0
G.Skill Trident Z RGB 16 GB,,"4,4400","2,8",,Black,7.273,16.0
G.Skill Trident Z Neo 32 GB,,"4,3800","2,16",,Black / Silver,9.474,18.0
Kingston HyperX Fury 64 GB,,"4,3200","4,16",,Black,10.0,16.0
Kingston HyperX Fury 32 GB,,"4,3000","2,16",,Black,10.667,16.0
Klevv CRAS X RGB 16 GB,,"4,3200","1,16",,Black,10.0,16.0
Kingston HyperX Fury 32 GB,,"4,3200","1,32",,Black,10.0,16.0
Kingston HyperX Predator 32 GB,,"3,1866","4,8",,Black,9.646,9.0
Patriot Viper Steel 16 GB,,"4,4000","2,8",,Gray / Black,8.0,16.0
G.Skill Trident Z Neo (For AMD Ryzen) 32 GB,,"4,2666","2,16",,Black / White,13.503,18.0
Corsair Vengeance RGB RT 256 GB,,"4,3200","8,32",,Black,10.0,16.0
TEAMGROUP T-Force Vulcan Z 8 GB,,"4,3600","1,8",,Gray,10.0,18.0
TEAMGROUP T-Force Vulcan Z 64 GB,,"4,3600","2,32",,Gray,10.0,18.0
TEAMGROUP T-Force Delta RGB 8 GB,,"4,3600","1,8",,Black,10.0,18.0
Kingston Server Premier 16 GB,1530.2,"4,3200","1,16",4.782,,13.75,22.0
Kingston FURY Beast 8 GB,,"4,3733","1,8",,Black,10.179,19.0
VisionTek OCPC PISTA RGB 16 GB,,"5,5600","2,8",,Gray,12.857,36.0
TEAMGROUP T-Force Xtreem ARGB 16 GB,5594.6,"4,3200","2,8",17.483,White,8.75,14.0
Mushkin Redline 16 GB,,"4,3600","2,8",,Black,7.778,14.0
Patriot Signature Line 4 GB,319.6,"4,2666","1,4",,,14.254,19.0
Kingston FURY Beast RGB 16 GB,,"5,6000","1,16",,Black,12.0,36.0
OLOy Blade RGB 32 GB,,"5,5600","2,16",,Black,12.857,36.0
OLOy Blade RGB 32 GB,,"5,6000","2,16",,Black,10.667,32.0
Timetec PINNACLE Konduit 64 GB,,"4,3600","2,32",,White,10.0,18.0
Crucial CT16G48C40D8U5 16 GB,,"5,4800","1,16",,Black,16.667,40.0
Kingston KSM48R40BD8KMM-32HMR 32 GB,4001.8,"5,4800","1,32",6.253,Green,16.667,40.0
OLOy Blade 32 GB,,"5,6000","2,16",,Black,10.667,32.0
GeIL EVO V RGB 48 GB,,"5,6800","1,48",,Black,10.588,36.0
Netac Shadow II 16 GB,,"4,2666","2,8",,Black,14.254,19.0
Lexar THOR OC 32 GB,,"5,5600","2,16",,Black / Gold,12.857,36.0
ADATA XPG GAMMIX D10 16 GB,,"4,3200","2,8",,White,10.0,16.0
G.Skill Trident Z 16 GB,,"4,3600","1,16",,Black,10.0,18.0
Acer Predator Pallas II 32 GB,,"5,6000","2,16",,Black,10.667,32.0
Acer Predator Hermes RGB 32 GB,,"5,6400","2,16",,White,10.0,32.0
Kingston Fury Renegade RGB 16 GB,2235.2,"5,7600","1,16",6.985,Silver / Black,10.0,38.0
V-Color TRA548G64D832O 384 GB,62599.8,"5,6400","8,48",8.151,Black,10.0,32.0
TEAMGROUP T-Create Expert 64 GB,,"5,6000","2,32",,White,12.667,38.0
Biwin Black Opal DW100 RGB 32 GB,,"5,7400","2,16",,White,9.189,34.0
ADATA XPG Lancer Blade 16 GB,,"5,6000","1,16",,Black,11.333,34.0
Thermaltake TOUGHRAM RGB D5 32 GB,,"5,5600","2,16",,White / Silver,12.857,36.0
TEAMGROUP Elite 32 GB,1527.4,"4,3200","1,32",2.387,Black,13.75,22.0
Crucial CT2K8G4SFS8266 16 GB,749.8,"4,2666","2,8",2.343,Green / Black,14.254,19.0
Crucial CT2K8G3S160BM 16 GB,569.0,"3,1600","2,8",1.778,Black / Green,13.75,11.0
Crucial CT2K16G4SFD8213 32 GB,1400.0,"4,2133","2,16",2.188,Black / Green,14.065,15.0
G.Skill Trident Z Neo 16 GB,6499.8,"4,3600","2,8",20.312,Black / Silver,7.778,14.0
G.Skill TridentZ RGB 32 GB,,"4,4266","2,16",,Black,8.908,19.0
Kingston ValueRAM 4 GB,420.0,"4,3200","1,4",5.25,,13.75,22.0
Kingston FURY Beast RGB 32 GB,2994.2,"5,6400","1,32",4.678,White,10.0,32.0
Kingston KVR16R11D4/8I 8 GB,239.8,"3,1600","1,8",1.499,Green,13.75,11.0
Silicon Power XPOWER Turbine RGB 16 GB,,"4,3600","2,8",,Silver / Black,10.0,18.0
Corsair Dominator Platinum RGB 64 GB,,"4,3200","2,32",,Black,10.0,16.0
TEAMGROUP T-Force Vulcan 32 GB,1799.8,"5,6400","2,16",2.812,Red,12.5,40.0
Corsair Dominator Platinum RGB 32 GB,3259.8,"5,6200","2,16",5.093,Black,11.613,36.0
ADATA XPG Lancer Blade 32 GB,,"5,6000","1,32",,White,10.0,30.0
G.Skill Aegis 32 GB,,"4,2400","2,16",,Black / Red,12.5,15.0
Kingston Server Premier 16 GB,2171.8,"4,2666","1,16",6.787,,14.254,19.0
ADATA XPG SPECTRIX D50 32 GB,2170.4,"4,3600","1,32",3.391,Black,10.0,18.0
Kingston FURY Renegade Pro 16 GB,2599.2,"5,6400","1,16",8.123,Black / Gray,10.0,32.0
Kingston KVR1333D3S9/1G 1 GB,,"3,1333","1,1",,Green,13.503,9.0
Kingston ValueRAM 16 GB,1175.59,"4,2400","1,16",3.674,Black / Green,14.167,17.0
Corsair Vengeance LPX 16 GB,2470.0,"4,3000","4,4",7.719,Black / Yellow,10.667,16.0
G.Skill Trident Z 16 GB,2180.0,"4,3200","2,8",6.812,Black / White,9.375,15.0
G.Skill Trident Z Neo 32 GB,5980.0,"4,3200","4,8",9.344,Black / Silver,8.75,14.0
Kingston HyperX Fury RGB 32 GB,,"4,2400","2,16",,Black,12.5,15.0
G.Skill Trident Z RGB 64 GB,,"4,2666","2,32",,Black,13.503,18.0
G.Skill Trident Z5 RGB 32 GB,4093.6,"5,5600","2,16",6.396,Silver / Black,12.857,36.0
Mushkin Redline Lumina 16 GB,,"4,3200","2,8",,Black,10.0,16.0
Corsair Vengeance RGB Pro SL 64 GB,5619.8,"4,3200","4,16",4.39,Black,10.0,16.0
Patriot Signature Line 16 GB,799.8,"4,2666","1,16",2.499,Black,14.254,19.0
Corsair Vengeance RGB 32 GB,,"5,5600","2,16",,Black / Gray,12.857,36.0
Timetec PINNACLE Konduit 32 GB,1399.8,"4,3200","1,32",2.187,White,10.0,16.0
G.Skill Ripjaws M5 RGB 64 GB,,"5,5600","2,32",,Black,10.714,30.0
Corsair XMS2 DHX 4 GB,,"2,800","2,2",,Black / White,10.0,4.0
Crucial CT2CP6464AA667 1 GB,,"2,667","2,512",,Green,14.993,5.0
G.Skill Ripjaws 4 GB,501.8,"3,1600","2,2",6.272,Black / Red,11.25,9.0
ADATA AD3U1333C4G9-2 8 GB,,"3,1333","2,4",,Green,13.503,9.0
Kingston Blu 8 GB,,"3,1600","2,4",,Blue / Silver,11.25,9.0
Wintec Value 8 GB,,"2,800","2,4",,Green,15.0,6.0
Corsair XMS 64 GB,6816.79,"3,1333","8,8",5.326,Black / Silver,13.503,9.0
Kingston KVR13N9K2/16 16 GB,1990.0,"3,1333","2,8",6.219,Green,13.503,9.0
Kingston HyperX Beast 16 GB,,"3,1600","2,8",,Black,11.25,9.0
Corsair Dominator Platinum 32 GB,,"3,2400","4,8",,Black / Silver,8.333,10.0
G.Skill Trident X 16 GB,,"3,1600","2,8",,Black / Red,8.75,7.0
Corsair Vengeance Pro 16 GB,,"3,1600","2,8",,Black / Silver,11.25,9.0
Crucial Ballistix Sport XT 8 GB,,"3,1866","1,8",,Blue / Silver,10.718,10.0
Dell SNP8H68RC/8G 8 GB,,"3,1600","1,8",,Green,13.75,11.0
G.Skill Ripjaws X 4 GB,355.6,"3,1600","1,4",4.445,,11.25,9.0
Corsair Vengeance Pro 16 GB,,"3,2400","2,8",,Black / Gold,9.167,11.0
Kingston HyperX Fury 16 GB,,"3,1333","2,8",,Blue / Silver,13.503,9.0
EVGA SSC 16 GB,,"3,2400","2,8",,Black,9.167,11.0
Corsair Vengeance LPX 16 GB,,"4,2666","2,8",,Red,12.003,16.0
G.Skill Ripjaws V 32 GB,,"4,2400","4,8",,Black / Red,12.5,15.0
Kingston HyperX Savage 16 GB,,"4,2800","2,8",,Black / White,10.0,14.0
G.Skill Ripjaws V 16 GB,,"4,2800","2,8",,Black,11.429,16.0
Crucial Ballistix Sport LT 32 GB,,"4,2400","2,16",,Silver / Gray,13.333,16.0
Kingston KCP421NS8/8 8 GB,797.0,"4,2133","1,8",4.981,Black / Green,14.065,15.0
Patriot Viper Elite 8 GB,,"4,2400","2,4",,Black / Red,12.5,15.0
ADATA XPG Z1 16 GB,,"4,3200","1,16",,Yellow / Black,10.0,16.0
TEAMGROUP T-Force Delta RGB 32 GB,,"4,2400","2,16",,Black,12.5,15.0
TEAMGROUP T-Force Delta RGB 16 GB,,"4,2666","2,8",,Black,11.253,15.0
TEAMGROUP T-Force Delta RGB 16 GB,,"4,2666","2,8",,White,11.253,15.0
Corsair Vengeance LPX 16 GB,,"4,2400","2,8",,Black / Yellow,11.667,14.0
G.Skill Aegis 32 GB,,"4,2400","2,16",,Red / Black,14.167,17.0
G.Skill Trident Z 64 GB,17542.2,"4,3200","8,8",13.705,Black / Yellow,10.0,16.0
GeIL Pristine 16 GB,,"4,2400","1,16",,Black,13.333,16.0
TEAMGROUP T-Force Vulcan 64 GB,,"4,3200","4,16",,Silver / Black,10.0,16.0
ADATA XPG SPECTRIX D80 16 GB,,"4,3200","2,8",,Red,10.0,16.0
Corsair Vengeance RGB 32 GB,,"4,3000","2,16",,Black,10.0,15.0
G.Skill Trident Z 32 GB,,"4,4000","2,16",,Black / Silver,9.5,19.0
G.Skill Trident Z 16 GB,1130.4,"4,3200","2,8",3.533,Silver / Black,10.0,16.0
ADATA XPG SPECTRIX D41 16 GB,,"4,3200","2,8",,Black / White,10.0,16.0
GeIL EVO SPEAR 8 GB,,"4,2400","2,4",,Black,13.333,16.0
Corsair Vengeance LPX 128 GB,,"4,4000","8,16",,Black / Yellow,9.5,19.0
G.Skill F4-2133C15D-16GNS 16 GB,,"4,2133","2,8",,Black,14.065,15.0
Crucial CT16G4XFD8266 16 GB,1397.8,"4,2666","1,16",4.368,Green / Black,14.254,19.0
Kingston HyperX Predator 32 GB,,"4,3200","2,16",,Black / Silver,10.0,16.0
TEAMGROUP T-Force Delta RGB 32 GB,,"4,3200","2,16",,Black / Silver,10.0,16.0
TEAMGROUP T-Force Dark Z 16 GB,,"4,3200","2,8",,Silver / Black,10.0,16.0
G.Skill Aegis 64 GB,,"4,3200","4,16",,Red / Black,10.0,16.0
TEAMGROUP T-Force Dark Za 32 GB,,"4,3200","2,16",,Black / Silver,10.0,16.0
Crucial Ballistix 16 GB,,"4,2666","2,8",,Red,12.003,16.0
Corsair Vengeance LPX 32 GB,,"4,4600","4,8",,Black / Yellow,7.826,18.0
GeIL EVO SPEAR Phantom Gaming 16 GB,,"4,3200","2,8",,Black,10.0,16.0
GeIL GeIL EVO POTENZA AMD 16GB (2 x 8GB) 288-Pin DDR4 SDRAM DDR4 3000 (PC4 24000) Desktop Memory Model GAPR416GB3000C16ADC 16 GB,,"4,3000","2,8",,Red / Black,10.667,16.0
Kingston HyperX Fury 32 GB,,"4,2666","4,8",,Black / Silver,12.003,16.0
G.Skill Trident Z Royal 256 GB,,"4,3600","8,32",,Gold,10.0,18.0
TEAMGROUP Team T-FORCE VULCAN Z 32GB 288-Pin DDR4 SDRAM DDR4 3000 (PC4 24000) Desktop Memory Model TLZRD432G3000HC16C01 32 GB,,"4,3000","1,32",,Red,10.667,16.0
ADATA XPG SPECTRIX D60G 16 GB,,"4,3000","2,8",,White / Gray,10.667,16.0
Kingston HyperX Fury RGB 32 GB,,"4,3600","2,16",,Black / Silver,9.444,17.0
ADATA XPG SPECTRIX D60G 16 GB,,"4,3600","2,8",,White,10.0,18.0
Corsair Dominator Platinum RGB 64 GB,,"4,3600","4,16",,White,10.0,18.0
TEAMGROUP T-Force Delta RGB 64 GB,,"4,3200","2,32",,Black,10.0,16.0
TEAMGROUP T-Create Classic 16 GB,,"4,2666","2,8",,Silver,14.254,19.0
TEAMGROUP Dark Pro 8PACK Edition 32 GB,,"4,3600","2,16",,Black,8.889,16.0
G.Skill Trident Z Royal Elite 32 GB,,"4,4000","2,16",,Gold / Black,7.0,14.0
OLOy Blade RGB 32 GB,,"4,3600","2,16",,Silver,8.889,16.0
Corsair Vengeance RGB RS 32 GB,,"4,3200","4,8",,Black / Gray,10.0,16.0
GeIL Polaris RGB 32 GB,,"5,5200","2,16",,Black,13.077,34.0
G.Skill Trident Z Royal Elite 32 GB,,"4,4266","2,16",,Silver,7.501,16.0
V-Color Manta XPrism RGB 32 GB,,"5,6400","2,16",,Black,10.0,32.0
G.Skill TridentZ RGB 32 GB,,"4,4266","2,16",,Black,7.501,16.0
Corsair Vengeance LPX 16 GB,,"4,3200","1,16",,Black,10.0,16.0
HP V8 RGB 16 GB,,"4,3200","2,8",,Black / Silver,10.0,16.0
Corsair Vengeance RGB Pro 128 GB,,"4,3600","4,32",,Black,8.889,16.0
GeIL Polaris RGB 16 GB,,"5,5200","1,16",,Gray,13.077,34.0
TEAMGROUP T-Force Delta RGB 16 GB,,"4,3200","1,16",,White,10.0,16.0
TEAMGROUP T-Force Delta RGB 32 GB,,"4,4000","2,16",,White,9.0,18.0
Kingston FURY Beast RGB 16 GB,,"5,5600","1,16",,Black,14.286,40.0
Kingston Server Premier 32 GB,3339.8,"4,3200","1,32",5.218,,13.75,22.0
Patriot Viper Elite II 4 GB,,"4,2666","1,4",,Red / Black,12.003,16.0
Kingston FURY Beast RGB 32 GB,,"4,3600","4,8",,Black / Silver,9.444,17.0
ADATA XPG Z1 32 GB,,"4,3200","2,16",,Silver,10.0,16.0
Lexar Hades RGB 16 GB,,"4,3200","1,16",,Black,11.25,18.0
VisionTek OCPC PISTA RGB 32 GB,,"5,5200","2,16",,Gray,13.846,36.0
TEAMGROUP T-Create Expert 32 GB,,"4,3200","2,16",,Gray,8.75,14.0
Mushkin Proline 32 GB,3287.8,"4,3200","1,32",5.137,,13.75,22.0
G.Skill Ripjaws V 64 GB,,"4,3200","2,32",,Red,8.75,14.0
G.Skill Trident Z Royal 256 GB,,"4,3600","8,32",,Gold,8.889,16.0
G.Skill F4-3600C17Q2-128GTZSW 128 GB,9932.79,"4,3600","8,16",3.88,Gray / White,9.444,17.0
Acer Predator Vesta RGB 32 GB,,"4,3600","2,16",,Silver,7.778,14.0
Kingston FURY Beast 8 GB,,"5,6000","1,8",,Black,13.333,40.0
Silicon Power XPOWER Zenith Gaming 8 GB,,"4,3600","1,8",,Black,10.0,18.0
Silicon Power SP008GBLFU266X02 8 GB,,"4,2666","1,8",,,14.254,19.0
Thermaltake TOUGHRAM XG RGB 32 GB,5999.8,"4,3600","2,16",9.375,Black / Silver,10.0,18.0
Thermaltake TOUGHRAM XG RGB 32 GB,6099.6,"4,3600","2,16",9.531,White / Silver,10.0,18.0
Timetec PINNACLE Konduit RGB 32 GB,,"4,3200","2,16",,Black,10.0,16.0
ADATA XPG CASTER RGB 16 GB,,"5,6000","1,16",,Black / Silver,10.0,30.0
Kingston FURY Beast RGB 32 GB,,"5,6000","1,32",,Black,13.333,40.0
Kingston FURY Beast 16 GB,,"5,5200","2,8",,Black,15.385,40.0
Kingston FURY Beast 32 GB,,"5,5600","2,16",,Black,14.286,40.0
Kingston FURY Beast 16 GB,,"4,3200","2,8",,Black / Silver,10.0,16.0
GOODRAM IRDM PRO 16 GB,,"4,3600","2,8",,White,9.444,17.0
Netac Shadow II 8 GB,,"4,3200","1,8",,Black,10.0,16.0
Crucial Pro Overclocking 24 GB,,"5,6000","1,24",,Black,12.0,36.0
G.Skill Ripjaws S5 32 GB,,"5,6000","2,16",,Black,13.333,40.0
Acer Predator Pallas II 32 GB,,"5,6800","2,16",,Black,9.412,32.0
Kingston FURY Renegade 32 GB,2813.0,"5,6400","1,32",4.395,Silver / Black,10.0,32.0
ADATA XPG SPECTRIX D35G RGB 16 GB,,"4,3200","2,8",,Black,10.0,16.0
ADATA XPG SPECTRIX D35G RGB 64 GB,,"4,3200","2,32",,White,10.0,16.0
Silicon Power XPOWER Pulse Gaming 64 GB,,"5,7200","2,32",,Black / White,9.444,34.0
Klevv KD5AGU880-56K300Q 16 GB,,"5,5600","1,16",,White,10.714,30.0
TEAMGROUP T-Force Delta RGB 32 GB,,"5,7000","2,16",,White,9.143,32.0
TEAMGROUP T-Force Delta RGB 16 GB,,"5,6000","1,16",,White,12.667,38.0
TEAMGROUP T-Force Delta RGB 16 GB,,"5,6000","1,16",,White,10.0,30.0
Klevv Urbane V RGB 64 GB,,"5,6000","2,32",,White,10.0,30.0
Klevv Urbane V RGB 48 GB,,"5,6400","2,24",,White,9.375,30.0
TEAMGROUP Elite Plus 64 GB,,"5,6400","2,32",,Black,16.25,52.0
TEAMGROUP Elite Plus 32 GB,,"5,6000","2,16",,Black,17.333,52.0
Lexar Ares RGB 2nd Gen 32 GB,,"5,6400","2,16",,Black,10.0,32.0
Lexar Ares RGB 2nd Gen 32 GB,,"5,6000","2,16",,Silver,8.667,26.0
ADATA XPG Lancer Blade 16 GB,,"5,6400","1,16",,Black,10.0,32.0
ADATA XPG Lancer Blade 16 GB,,"5,6000","1,16",,White,10.0,30.0
ADATA XPG Lancer Blade 32 GB,,"5,5600","2,16",,White,16.429,46.0
Silicon Power SP032GBSVU480F02 32 GB,,"5,4800","1,32",,,16.667,40.0
TEAMGROUP T-Force Vulcan 32 GB,1759.8,"5,5600","2,16",2.75,Red,12.857,36.0
Crucial CT8G56C46S5 8 GB,519.6,"5,5600","1,8",3.248,Black,16.429,46.0
G.Skill Ripjaws 16 GB,799.8,"4,2666","2,8",2.499,Green,14.254,19.0
Kingston FURY Beast RGB 32 GB,2591.6,"5,6000","1,32",4.049,White,10.0,30.0
TEAMGROUP Elite 16 GB,919.8,"4,2666","1,16",2.874,Black,14.254,19.0
Mushkin Redline Lumina White 32 GB,,"5,6000","2,16",,White,10.0,30.0
Corsair Vengeance LPX 16 GB,,"4,3000","4,4",,Black / Yellow,10.0,15.0
Corsair ValueSelect 4 GB,397.2,"4,2133","1,4",4.965,Black / Yellow,14.065,15.0
G.Skill F4-3200C16D-32GTZ 32 GB,1806.6,"4,3200","2,16",2.823,Gray / Red,10.0,16.0
Silicon Power SP016GBLFU240X02 16 GB,723.2,"4,2400","1,16",2.26,,14.167,17.0
Kingston FURY Renegade Pro 64 GB,10300.0,"5,6000","4,16",8.047,Black,10.667,32.0
GeIL EVO V RGB 32 GB,4419.8,"5,8000","2,16",6.906,White,9.5,38.0
Samsung M471A1K43BB1-CRC 8 GB,460.0,"4,2400","1,8",2.875,Green,14.167,17.0
G.Skill Aegis 8 GB,717.0,"3,1600","1,8",4.481,,13.75,11.0
Corsair Vengeance Performance 16 GB,1259.8,"4,2400","1,16",3.937,Black / Yellow,13.333,16.0
G.Skill Trident Z 32 GB,,"4,3600","2,16",,Black / White,9.444,17.0
Corsair Dominator Platinum ROG Edition 32 GB,7029.8,"4,3200","4,8",10.984,Black / Red,10.0,16.0
G.Skill Trident Z5 32 GB,,"5,5600","2,16",,Silver / Black,12.857,36.0
Corsair Dominator Platinum RGB 32 GB,3499.8,"4,3600","4,8",5.468,Black,10.0,18.0
TEAMGROUP Elite Plus 16 GB,919.8,"5,4800","1,16",2.874,Black,16.667,40.0
G.Skill Ripjaws M5 RGB 32 GB,,"5,5600","2,16",,White,10.714,30.0
Corsair CMV8GX3M2A1333C9 8 GB,782.2,"3,1333","2,4",4.889,Green,13.503,9.0
Corsair CMV16GX3M2A1600C11 16 GB,1590.8,"3,1600","2,8",4.971,Green,11.25,9.0
TEAMGROUP TED34096M1600HC11 4 GB,,"3,1600","1,4",,,13.75,11.0
Silicon Power SP004GBLTU160N02 4 GB,260.59,"3,1600","1,4",3.257,Black / Green,13.75,11.0
G.Skill NT 8 GB,1848.0,"4,2400","1,8",11.55,Black,12.5,15.0
Samsung Samsung DDR4 2133MHz CL15 16GB RegECC 2Rx4 M393A2G40EB1-CPB 1.2V single pack 16 GB,,"4,2133","1,16",,Green / Blue,14.065,15.0
Crucial Ballistix MAX RGB 32 GB,,"4,4000","2,16",,Black,9.0,18.0
Corsair Dominator Platinum RGB 128 GB,,"4,3200","4,32",,Black,10.0,16.0
Corsair Dominator Platinum RGB 16 GB,1775.0,"4,3600","2,8",5.547,White,10.0,18.0
TEAMGROUP T-Force Xtreem ARGB 32 GB,,"4,4000","2,16",,White,9.0,18.0
Mushkin Proline 16 GB,1227.2,"4,2133","1,16",3.835,,14.065,15.0
Kingston FURY Renegade 64 GB,,"5,6000","2,32",,White / Silver,10.667,32.0
Kingston KSM48R40BD4TMM-64HMR 64 GB,7599.8,"5,4800","1,64",,Green,16.667,40.0
Kingston FURY Renegade 16 GB,2119.6,"5,7600","1,16",6.624,Silver / Black,10.0,38.0
Kingston FURY Renegade 32 GB,3799.8,"5,7200","2,16",5.937,Silver / White,10.556,38.0
Kingston FURY Renegade Pro 256 GB,31360.0,"5,5600","8,32",6.125,Black,10.0,28.0
Kingston FURY Beast RGB 16 GB,2257.0,"5,6400","1,16",7.053,White,10.0,32.0
Kingston ValueRAM 2 GB,776.4,"2,667","2,1",19.41,Green,14.993,5.0
Corsair Vengeance 16 GB,,"3,1600","4,4",,Black / Silver,11.25,9.0
Kingston HyperX 1 GB,,"3,1800","1,1",,Blue / Silver,10.0,9.0
Patriot Viper Xtreme 6 GB,1718.19,"3,2000","3,2",14.318,Black / Silver,9.0,9.0
Patriot G Series Sector 5 Edition 8 GB,,"3,1333","2,4",,Black / Red,13.503,9.0
Mushkin SP 6 GB,,"3,1333","3,2",,Green,13.503,9.0
G.Skill Ripjaws X 4 GB,,"3,1600","2,2",,Black / Blue,7.5,6.0
G.Skill Ripjaws X 8 GB,907.0,"3,1866","2,4",5.669,Black / Red,9.646,9.0
Samsung MV-3V2G3/US 2 GB,,"3,1600","1,2",,Black,13.75,11.0
Mushkin Essentials 16 GB,,"3,1600","4,4",,Green,13.75,11.0
Corsair Vengeance LP 32 GB,,"3,1600","4,8",,Black / Yellow,11.25,9.0
Samsung M471B1G73CB0-CK0 16 GB,,"3,1600","2,8",,Green,13.75,11.0
Corsair Vengeance Pro 32 GB,,"3,2400","4,8",,Black / Red,8.333,10.0
Kingston HyperX Fury 4 GB,,"3,1866","1,4",,Black / Silver,10.718,10.0
Kingston HyperX Fury 16 GB,,"3,1866","2,8",,Blue / Silver,10.718,10.0
Corsair Vengeance LPX 16 GB,,"4,2800","4,4",,Black / Yellow,10.714,15.0
Crucial CT2K4G4DFS8213 8 GB,1399.6,"4,2133","2,4",8.748,Black / Green,14.065,15.0
ADATA XPG Z1 16 GB,,"4,2400","2,8",,Red / Black,13.333,16.0
Corsair Dominator Platinum 32 GB,,"4,2666","4,8",,Black / Silver,11.253,15.0
Crucial CT12864BA160B 1 GB,,"3,1600","1,1",,Black / Green,13.75,11.0
G.Skill Trident X 16 GB,,"3,3100","4,4",,Black / Red,7.742,12.0
G.Skill Ripjaws 4 32 GB,,"4,3000","8,4",,Blue,10.0,15.0
Kingston KVR16N11S8K2/8 8 GB,700.0,"3,1600","2,4",4.375,Green,13.75,11.0
G.Skill Ripjaws V 32 GB,,"4,3200","4,8",,Black,10.0,16.0
G.Skill Ripjaws V 32 GB,,"4,2400","2,16",,Black,11.667,14.0
Crucial Ballistix Sport LT 16 GB,,"4,2400","4,4",,White,13.333,16.0
Corsair Dominator Platinum 64 GB,,"4,3200","4,16",,Black / Silver,10.0,16.0
Kingston Savage 16 GB,7780.0,"4,3000","2,8",24.312,Black,10.0,15.0
Corsair Vengeance LED 32 GB,,"4,3200","2,16",,Black / Red,10.0,16.0
Patriot Viper Elite 16 GB,,"4,2133","2,8",,Silver / White,13.127,14.0
TEAMGROUP Dark 16 GB,,"4,3000","2,8",,Black / Silver,10.667,16.0
Kingston FURY 16 GB,,"4,2666","2,8",,Black / White,12.003,16.0
G.Skill Trident Z 32 GB,,"4,3400","2,16",,Silver / Red,9.412,16.0
TEAMGROUP Night Hawk RGB 16 GB,,"4,3000","2,8",,Black,10.667,16.0
TEAMGROUP Vulcan 8 GB,,"4,2400","1,8",,Black / Red,11.667,14.0
TEAMGROUP T-Force Delta RGB 32 GB,,"4,3000","2,16",,Black,10.667,16.0
TEAMGROUP T-Force Delta RGB 16 GB,,"4,2400","2,8",,White,12.5,15.0
ADATA XPG GAMMIX D10 8 GB,,"4,3000","2,4",,Black / White,10.667,16.0
Corsair Vengeance LPX 32 GB,,"4,3000","2,16",,Black / Yellow,10.667,16.0
Corsair Vengeance LED 64 GB,9992.2,"4,2666","4,16",7.806,Black / Red,12.003,16.0
G.Skill Ripjaws V 64 GB,,"4,3000","4,16",,Red,10.667,16.0
Crucial Ballistix Sport LT 16 GB,,"4,2400","1,16",,Gray,13.333,16.0
Crucial Ballistix Sport LT 8 GB,,"4,2666","1,8",,Gray,12.003,16.0
GeIL SUPER LUCE RGB 16 GB,,"4,3000","2,8",,Black,10.667,16.0
Patriot Signature Line 8 GB,539.79,"4,2400","1,8",3.374,Green / Black,14.167,17.0
Crucial CT2K8G4RFS424A 16 GB,2399.79,"4,2400","2,8",7.499,Green / Black,14.167,17.0
Klevv BOLT 8 GB,,"4,3000","1,8",,Black / Gold,10.0,15.0
ADATA XPG GAMMIX D10 16 GB,,"4,2400","2,8",,Black / White,13.333,16.0
Patriot Viper Venom RGB 16 GB,,"4,3600","2,8",,Black / Silver,8.889,16.0
ADATA XPG Z1 32 GB,,"4,2400","2,16",,Red / Black,13.333,16.0
G.Skill F2-6400CL5D-4GBNT 4 GB,,"2,800","2,2",,Blue / Black,12.5,5.0
Corsair Vengeance RGB Pro 32 GB,,"4,3466","2,16",,Black,9.233,16.0
Crucial CT4K8G4RFD8266 32 GB,,"4,2666","4,8",,Green / Black,14.254,19.0
Corsair Vengeance LPX 32 GB,,"4,4133","2,16",,Black / Yellow,9.194,19.0
ADATA AD4U2400W4G17-S 4 GB,,"4,2400","1,4",,Green / Black,14.167,17.0
G.Skill Ripjaws V 4 GB,,"4,2400","1,4",,Red / Black,14.167,17.0
Crucial Ballistix Sport LT 16 GB,,"4,3200","2,8",,Red / Black,10.0,16.0
Crucial Ballistix Sport LT 8 GB,,"4,3000","1,8",,Red / Black,10.0,15.0
Crucial Ballistix Sport LT 8 GB,,"4,3000","1,8",,Silver / Black,10.667,16.0
G.Skill Ripjaws V 16 GB,,"4,2800","2,8",,Red,12.143,17.0
V-Color SKYWALKER PRISM RGB 16 GB,,"4,3200","2,8",,Silver,10.0,16.0
G.Skill Trident Z Neo 16 GB,,"4,3600","2,8",,Black / Silver,7.778,14.0
Corsair Vengeance RGB Pro 32 GB,,"4,3200","2,16",,Black,10.0,16.0
G.Skill Trident Z Royal 16 GB,5580.0,"4,4400","2,8",17.438,Gold,8.182,18.0
TEAMGROUP T-Force Vulcan Z 16 GB,,"4,2666","2,8",,Red,13.503,18.0
TEAMGROUP T-Force Vulcan Z 16 GB,,"4,3200","1,16",,Red,10.0,16.0
Patriot Signature Premium 16 GB,,"4,2400","2,8",,Black,14.167,17.0
Kingston HyperX Fury 16 GB,,"4,3200","1,16",,Black / Silver,11.25,18.0
Kingston HyperX Fury RGB 16 GB,,"4,3200","1,16",,Black,10.0,16.0
Patriot Viper 4 Blackout 16 GB,,"4,3600","2,8",,Black,9.444,17.0
GeIL EVO POTENZA 32 GB,,"4,3200","2,16",,Black,10.0,16.0
OLOy MD4U163216CFDA 32 GB,,"4,3200","2,16",,Red,10.0,16.0
Kingston HyperX Predator RGB 16 GB,,"4,3200","1,16",,Black,10.0,16.0
Kingston HyperX Fury 8 GB,,"4,3200","2,4",,Black,11.25,18.0
Crucial Ballistix 16 GB,,"4,2666","2,8",,White,12.003,16.0
Crucial Ballistix 32 GB,,"4,3000","2,16",,Red,10.0,15.0
Crucial Ballistix 16 GB,,"4,3000","2,8",,Black,10.0,15.0
OLOy WarHawk RGB 32 GB,,"4,3200","4,8",,Black / Silver,10.0,16.0
G.Skill Trident Z Royal 256 GB,,"4,3600","8,32",,Silver,10.0,18.0
OLOy OWL 16 GB,,"4,3200","2,8",,Orange,10.0,16.0
OLOy WarHawk RGB 16 GB,,"4,3600","2,8",,White,10.0,18.0
ADATA XPG SPECTRIX D50 16 GB,,"4,4133","2,8",,Black,9.194,19.0
G.Skill Trident Z Royal 64 GB,5182.0,"4,4000","2,32",4.048,Silver,9.0,18.0
Apacer AU 8 GB,,"4,2400","1,8",,Black,14.167,17.0
Neo Forza FAYE 8 GB,,"4,3000","1,8",,Silver / Black,10.0,15.0
Neo Forza FAYE 16 GB,,"4,3600","2,8",,Silver / Black,10.0,18.0
Klevv CRAS X RGB 8 GB,,"4,3200","1,8",,Black,10.0,16.0
G.Skill Trident Z Neo 32 GB,,"4,4000","2,16",,Black / Silver,8.0,16.0
G.Skill Ripjaws V 64 GB,,"4,4266","2,32",,Black,8.908,19.0
G.Skill Ripjaws V 16 GB,,"4,4400","2,8",,Black,8.182,18.0
Corsair Vengeance LPX 32 GB,,"4,3600","2,16",,Red,10.0,18.0
Kingston FURY Beast 32 GB,4249.8,"5,4800","1,32",6.64,Black,15.833,38.0
Kingston Fury Renegade RGB 8 GB,1259.8,"4,3600","1,8",7.874,Black,8.889,16.0
TEAMGROUP T-Force Vulcan Z 16 GB,,"4,3000","2,8",,Gray,10.667,16.0
TEAMGROUP T-Force Delta RGB 32 GB,,"4,3600","1,32",,White,10.0,18.0
TEAMGROUP T-Force Delta RGB 16 GB,,"4,4000","2,8",,Black,9.0,18.0
G.Skill Trident Z5 RGB 32 GB,,"5,5600","2,16",,Black,10.0,28.0
Kingston ValueRAM 8 GB,703.0,"4,2666","1,8",4.394,Green,14.254,19.0
TEAMGROUP T-Force Xtreem ARGB 16 GB,,"4,5333","2,8",,Black,8.251,22.0
Gigabyte AORUS RGB 16 GB,,"4,3200","2,8",,Silver,10.0,16.0
TEAMGROUP T-Create Expert 16 GB,,"4,3200","2,8",,Gray,8.75,14.0
ADATA XPG GAMMIX D45 32 GB,,"4,3200","2,16",,White,10.0,16.0
ADATA XPG SPECTRIX D50 32 GB,,"4,3600","4,8",,Black,10.0,18.0
PNY XLR8 Gaming EPIC-X RGB 16 GB,,"4,3200","1,16",,Black,10.0,16.0
Mushkin Redline Lumina 32 GB,,"4,3200","2,16",,Black,8.75,14.0
G.Skill Ripjaws V 8 GB,,"4,3000","1,8",,Red,10.667,16.0
Acer UD100 16 GB,,"4,2666","1,16",,Black,14.254,19.0
Silicon Power SP064GBLVU480F22 64 GB,,"5,4800","2,32",,,16.667,40.0
G.Skill Ripjaws S5 64 GB,,"5,6000","2,32",,Black,10.667,32.0
Neo Forza MARS 32 GB,,"4,3600","2,16",,Gray / Black,10.0,18.0
PROXMEM SPEAR 32 GB,,"5,5600","2,16",,Black / Silver,12.857,36.0
Thermaltake TOUGHRAM XG RGB D5 32 GB,,"5,5600","2,16",,White / Silver,12.857,36.0
Kingston FURY Beast 32 GB,,"4,3600","2,16",,Black / Silver,10.0,18.0
TEAMGROUP Elite Plus 8 GB,,"4,2400","1,8",,Red / Black,13.333,16.0
GeIL ORION V AMD 32 GB,,"5,6000","2,16",,Black,10.0,30.0
Apacer Panther 32 GB,,"5,5600","2,16",,Silver / Black,14.286,40.0
GOODRAM IRDM 32 GB,,"5,6800","2,16",,Black,10.0,34.0
ADATA XPG LANCER RGB 16 GB,,"5,7200","1,16",,White,9.444,34.0
Netac Shadow II 32 GB,,"4,2666","2,16",,Black,14.254,19.0
Mushkin Redline Pro 64 GB,,"5,5600","2,32",,Black,16.429,46.0
Kingston FURY Impact 16 GB,1454.6,"5,4800","2,8",4.546,Black,15.833,38.0
OLOy Blade RGB 32 GB,,"5,8000","2,16",,Black,9.0,36.0
Acer Predator Vesta II RGB 32 GB,,"5,6000","2,16",,Silver,10.0,30.0
Kingston FURY Renegade 32 GB,,"5,6000","1,32",,Silver / Black,10.667,32.0
Kingston FURY Renegade Pro 256 GB,28500.0,"5,4800","8,32",5.566,Black,15.0,36.0
Silicon Power XPOWER Storm RGB 32 GB,,"5,8000","1,32",,Black,9.5,38.0
Silicon Power XPOWER Storm RGB 64 GB,,"5,7600","2,32",,Black,9.474,36.0
TEAMGROUP T-Force Delta RGB 32 GB,,"5,7000","2,16",,Black,9.143,32.0
TEAMGROUP T-Force Delta RGB 16 GB,,"5,6000","1,16",,Black,10.0,30.0
TEAMGROUP T-Force Delta TUF Gaming Alliance RGB 32 GB,,"5,5200","1,32",,Black,15.385,40.0
Klevv CRAS V RGB 32 GB,,"5,7600","2,16",,White,9.474,36.0
Klevv CRAS V RGB ROG CERTIFIED 48 GB,,"5,7200","2,24",,White / Black,9.444,34.0
Lexar Ares RGB 2nd Gen 32 GB,,"5,7200","2,16",,Black,9.444,34.0
ADATA XPG Lancer Blade 32 GB,,"5,6000","1,32",,Black,10.0,30.0
ADATA XPG Lancer Blade 64 GB,,"5,5600","2,32",,White,16.429,46.0
ADATA XPG Lancer Blade 32 GB,,"5,6400","2,16",,White,10.0,32.0
TEAMGROUP Dark Pro 8PACK Edition 32 GB,,"4,3200","2,16",,Black / Silver,8.75,14.0
G.Skill Ripjaws 32 GB,1539.6,"4,2400","2,16",2.406,Black / Blue,13.333,16.0
Crucial CT16G4SFD824A 16 GB,679.4,"4,2400","1,16",2.123,Black / Green,14.167,17.0
Silicon Power SP016GBSFU320X02 16 GB,,"4,3200","1,16",,,13.75,22.0
Corsair Vengeance Performance 16 GB,1339.6,"4,2400","2,8",4.186,Black,13.333,16.0
Mushkin Redline 32 GB,,"4,3200","2,16",,White,10.0,16.0
HP 647901-B21 16 GB,560.0,"3,1333","1,16",1.75,Black / Green,13.503,9.0
Crucial CT16G4SFD8266 16 GB,709.8,"4,2666","1,16",2.218,Green / Black,14.254,19.0
Patriot Signature Line 4 GB,335.0,"3,1600","1,4",4.188,Black / Green,13.75,11.0
G.Skill Ripjaws V 16 GB,2580.0,"4,3200","2,8",8.062,Black,10.0,16.0
Corsair Dominator Platinum RGB 32 GB,3154.2,"4,4000","2,16",4.928,Black,9.0,18.0
Mushkin Proline 16 GB,950.4,"4,2666","1,16",2.97,,14.254,19.0
Kingston FURY Renegade Pro 128 GB,14900.0,"5,5600","4,32",5.82,Black,12.857,36.0
G.Skill Sniper X 32 GB,2115.0,"4,3200","2,16",3.305,Black / Camo,10.0,16.0
G.Skill Trident Z5 RGB 32 GB,4584.2,"5,6000","2,16",7.163,White / Black,10.667,32.0
G.Skill Ripjaws M5 RGB 32 GB,,"5,5600","2,16",,Black,10.714,30.0
OCZ Fatal1ty Edition 4 GB,2399.19,"2,800","2,2",29.99,Black,12.5,5.0
G.Skill Ares 8 GB,1199.8,"3,1600","2,4",7.499,Black / Blue,11.25,9.0
Crucial CT16G4RFD8266 16 GB,839.0,"4,2666","1,16",2.622,Green / Black,14.254,19.0
Kingston FURY Renegade Pro 64 GB,8800.0,"5,5600","4,16",6.875,Black,10.0,28.0
Kingston ValueRAM 48 GB,1499.6,"3,1600","3,16",1.562,Black / Green,13.75,11.0
Samsung M393B5170FH0-CH9 4 GB,235.39,"3,1333","1,4",2.942,Black / Green,13.503,9.0
G.Skill Trident Z Royal 16 GB,,"4,3600","2,8",,Gold,10.0,18.0
G.Skill Trident Z RGB 128 GB,9176.6,"4,3600","4,32",3.585,Black,8.889,16.0
Patriot Viper Steel 16 GB,,"4,3600","2,8",,Gray / Black,7.778,14.0
Kingston FURY Renegade 32 GB,,"4,2666","2,16",,Black,9.752,13.0
Silicon Power SP008GBLFU266X22 8 GB,,"4,2666","2,4",,,14.254,19.0
G.Skill Ripjaws M5 RGB 32 GB,,"5,5600","2,16",,White,16.429,46.0
Kingston HyperX 8 GB,2490.4,"3,1600","2,4",15.565,Blue / Silver,11.25,9.0
G.Skill Ares 16 GB,1296.8,"3,1600","4,4",4.053,Black / Orange,11.25,9.0
G.Skill Ares 16 GB,1064.4,"3,1600","2,8",3.326,Black / Red,11.25,9.0
Kingston KVR21N15D8/8 8 GB,1000.0,"4,2133","1,8",6.25,Black / Green,14.065,15.0
Patriot Viper 4 16 GB,1649.8,"4,2400","2,8",5.156,Black / Red,12.5,15.0
TEAMGROUP TED48G2400C1601 8 GB,,"4,2400","1,8",,,13.333,16.0
G.Skill TridentZ RGB 64 GB,,"4,4266","2,32",,Black,8.908,19.0
Corsair Vengeance LPX 64 GB,,"4,4000","4,16",,Black,9.0,18.0
Kingston FURY Beast 32 GB,,"4,3733","2,16",,Black,10.179,19.0
PNY XLR8 Gaming EPIC-X RGB 16 GB,1719.8,"4,4000","2,8",5.374,Black,9.0,18.0
PNY XLR8 Gaming EPIC-X RGB 32 GB,2799.8,"4,3200","2,16",,White,10.0,16.0
G.Skill Ripjaws V 16 GB,,"4,3600","2,8",,Red,7.778,14.0
Corsair Dominator Platinum RGB 64 GB,4599.8,"5,5600","2,32",3.594,Black,14.286,40.0
Kingston FURY Impact 8 GB,854.8,"4,3200","1,8",5.343,Black,12.5,20.0
Acer Predator Hermes RGB 32 GB,,"5,6800","2,16",,Silver,9.412,32.0
Kingston FURY Renegade 32 GB,,"5,6000","2,16",,Silver / White,10.667,32.0
Kingston FURY Renegade 32 GB,4069.4,"5,7600","2,16",6.358,Silver / White,10.0,38.0
Corsair XMS3 8 GB,,"3,1600","2,4",,Black / Silver,11.25,9.0
ADATA Gaming 4 GB,,"3,1333","2,2",,Black / Silver,12.003,8.0
Crucial CT2KIT51264BA1339 8 GB,,"3,1333","2,4",,Green,13.503,9.0
Kingston HyperX 4 GB,,"3,1333","2,2",,Blue / Silver,10.503,7.0
ADATA AD2U800B1G5-RHS 1 GB,,"2,800","1,1",,Blue / Silver,12.5,5.0
Kingston KVR1066D3N7K2/8G 8 GB,,"3,1066","2,4",,Green,13.133,7.0
PNY Optima 8 GB,,"3,1333","2,4",,Orange,13.503,9.0
G.Skill PIS 4 GB,,"3,2000","2,2",,Black / Blue,6.0,6.0
Patriot Signature 8 GB,,"3,1600","2,4",,Blue / Silver,13.75,11.0
Corsair Vengeance 6 GB,,"3,1600","3,2",,Black / Silver,11.25,9.0
Corsair Vengeance 4 GB,,"3,1600","1,4",,Black / Blue,11.25,9.0
Mushkin Essentials 8 GB,,"3,1600","4,2",,Green,13.75,11.0
Kingston KHX16C9K2/16 16 GB,,"3,1600","2,8",,Blue,11.25,9.0
Corsair ValueSelect 16 GB,,"3,1600","2,8",,Green,11.25,9.0
G.Skill Ares 16 GB,1980.4,"3,2133","2,8",6.189,Black / Blue,9.376,10.0
G.Skill Sniper 32 GB,,"3,2400","4,8",,Black / Red,9.167,11.0
PNY XLR8 8 GB,,"3,1600","1,8",,,11.25,9.0
Patriot Signature 2 GB,,"2,800","1,2",,Blue / Silver,15.0,6.0
Kingston HyperX Fury 8 GB,,"3,1866","1,8",,Black / Silver,10.718,10.0
Transcend JetRam 8 GB,922.0,"3,1600","1,8",5.763,Black / Green,13.75,11.0
Kingston KVR16LN11K2/16 16 GB,,"3,1600","2,8",,Black / Green,13.75,11.0
ADATA XPG Z1 32 GB,,"4,2400","4,8",,Red / Black,13.333,16.0
Crucial Ballistix Sport 16 GB,,"4,2400","4,4",,Gray / Silver,13.333,16.0
Kingston HyperX Savage 16 GB,,"3,2133","2,8",,Black / Red,10.314,11.0
TEAMGROUP Elite Plus 4 GB,,"4,2133","1,4",,Black / Gold,14.065,15.0
Silicon Power SP008GBLTU160N02 8 GB,396.0,"3,1600","1,8",2.475,Black / Green,13.75,11.0
Crucial Ballistix Sport LT 16 GB,,"4,2400","4,4",,Silver,13.333,16.0
Kingston HyperX Fury 16 GB,,"4,2666","4,4",,Black / Silver,11.253,15.0
Corsair Vengeance LPX 128 GB,,"4,2133","8,16",,Black / Yellow,14.065,15.0
Mushkin Essentials 8 GB,568.6,"4,2133","2,4",3.554,Black / Green,14.065,15.0
Corsair Vengeance LPX 16 GB,,"4,2133","2,8",,Red,12.189,13.0
G.Skill Ripjaws V 16 GB,,"4,3000","2,8",,Black / Red,10.0,15.0
Kingston HyperX Fury 8 GB,,"3,1600","2,4",,Black,12.5,10.0
GeIL Dragon RAM 16 GB,,"4,2800","2,8",,White / Gold,11.429,16.0
G.Skill Ripjaws V 8 GB,,"4,2666","1,8",,Red,11.253,15.0
Patriot Viper 4 16 GB,,"4,2666","2,8",,Black / Red,11.253,15.0
PNY MD16384KD3-1600-NHS-V2 16 GB,,"3,1600","2,8",,Black / Green,13.75,11.0
Corsair Vengeance LPX 16 GB,,"4,3200","4,4",,Black / Yellow,10.0,16.0
G.Skill Ripjaws V 32 GB,,"4,2800","2,16",,Black,10.0,14.0
G.Skill Ripjaws V 32 GB,,"4,3200","2,16",,Black,10.0,16.0
Corsair Vengeance LPX 128 GB,,"4,3000","8,16",,Black / Yellow,10.0,15.0
G.Skill Ripjaws V 16 GB,,"4,3000","2,8",,Red,9.333,14.0
Kingston ValueRAM 8 GB,,"4,2133","2,4",,Black / Green,14.065,15.0
Kingston ValueRAM 4 GB,599.79,"4,2133","1,4",7.497,Black / Green,14.065,15.0
Corsair Vengeance LPX 32 GB,,"4,3200","2,16",,Red,10.0,16.0
G.Skill Aegis 4 GB,,"4,2133","1,4",,Black / Red,14.065,15.0
Kingston Savage 8 GB,,"4,2400","1,8",,Black,10.0,12.0
Kingston FURY 16 GB,,"4,2400","1,16",,Black / Silver,12.5,15.0
Kingston KCP316ND8/8 8 GB,399.6,"3,1600","1,8",2.498,Black / Green,13.75,11.0
Corsair Vengeance LED 16 GB,,"4,3200","2,8",,Black / Red,10.0,16.0
Corsair Vengeance LED 16 GB,,"4,2666","2,8",,Black / White,12.003,16.0
Corsair Dominator Platinum 8 GB,,"4,4000","2,4",,Black / Silver,9.5,19.0
Corsair Dominator Platinum Chrome 32 GB,,"4,3200","2,16",,Silver,8.75,14.0
G.Skill Trident Z RGB 16 GB,,"4,3000","2,8",,Black,9.333,14.0
TEAMGROUP Night Hawk RGB 16 GB,,"4,3200","2,8",,White,10.0,16.0
Patriot Viper 4 16 GB,,"4,3400","2,8",,Red / Black,9.412,16.0
Patriot Viper Elite 8 GB,,"4,2133","2,4",,Black / Gray,13.127,14.0
ADATA XPG Z1 16 GB,,"4,2666","2,8",,Red / Black,12.003,16.0
Crucial Ballistix Tactical 8 GB,,"4,3000","1,8",,Black / Silver,10.0,15.0
Crucial Ballistix Sport LT 16 GB,,"4,2400","1,16",,Red,13.333,16.0
TEAMGROUP T-Force Delta RGB 32 GB,,"4,3000","2,16",,White,10.667,16.0
Crucial CT4K16G4DFD8266 64 GB,5271.0,"4,2666","4,16",4.118,Green,14.254,19.0
Corsair Vengeance RGB 16 GB,2725.0,"4,3200","2,8",8.516,Black,10.0,16.0
Corsair Vengeance RGB 32 GB,,"4,3200","2,16",,Black,10.0,16.0
TEAMGROUP T-Force Vulcan 16 GB,,"3,2133","2,8",,Gold,10.314,11.0
Corsair Vengeance LP 8 GB,,"3,1600","2,4",,Black,13.75,11.0
Samsung M393A1G40EB1-CRC 8 GB,352.4,"4,2400","1,8",2.203,Green / Black,14.167,17.0
Crucial CT16G4WFD8266 16 GB,1755.4,"4,2666","1,16",5.486,Green,14.254,19.0
ADATA XPG GAMMIX D10 16 GB,,"4,3000","1,16",,Black / White,10.667,16.0
ADATA XPG GAMMIX D10 32 GB,,"4,3000","4,8",,Black / White,10.667,16.0
ADATA XPG GAMMIX D10 16 GB,,"4,2666","1,16",,Red / White,12.003,16.0
ADATA XPG GAMMIX D10 8 GB,,"4,2666","1,8",,Red / White,12.003,16.0
Corsair Vengeance RGB Pro 32 GB,,"4,2666","4,8",,White,12.003,16.0
Kingston HyperX Fury 16 GB,,"4,3466","2,8",,Black / Silver,10.964,19.0
TEAMGROUP T-Force XCalibur RGB 16 GB,,"4,4000","2,8",,Black,9.0,18.0
Crucial Ballistix Sport AT 16 GB,1799.8,"4,2666","1,16",5.624,Silver / Black,12.003,16.0
Corsair Vengeance RGB Pro 16 GB,,"4,3200","2,8",,Black,8.75,14.0
Crucial CT4K8G4DFD824A 32 GB,2577.6,"4,2400","4,8",4.027,Green / Black,14.167,17.0
Corsair Vengeance LED 16 GB,,"4,3600","2,8",,Black,10.0,18.0
Crucial Ballistix Sport LT 16 GB,,"4,3000","2,8",,Silver / Gray,10.667,16.0
TEAMGROUP T-Force Vulcan 8 GB,,"4,2400","1,8",,Red / Black,13.333,16.0
Patriot Viper Steel 16 GB,,"4,3866","2,8",,Silver / Black,9.312,18.0
Crucial Ballistix Sport LT 8 GB,,"4,3200","1,8",,Silver / Black,10.0,16.0
GeIL EVO POTENZA 8 GB,,"4,2400","2,4",,Red / Black,13.333,16.0
Corsair Vengeance LPX 64 GB,,"4,3600","4,16",,Black,10.0,18.0
G.Skill Trident Z Neo 16 GB,,"4,3600","2,8",,Silver / Black,8.889,16.0
G.Skill Trident Z Neo 32 GB,,"4,3200","2,16",,Silver / Black,8.75,14.0
TEAMGROUP T-Force Vulcan Z 8 GB,,"4,2666","1,8",,Red,13.503,18.0
OLOy WarHawk RGB 32 GB,,"4,3200","2,16",,Black / White,10.0,16.0
Crucial Ballistix Elite 8 GB,,"4,4000","1,8",,Black,9.0,18.0
TEAMGROUP T-Force Dark Pro 16 GB,,"4,3200","2,8",,Black,8.75,14.0
ADATA XPG GAMMIX D30 16 GB,,"4,3200","2,8",,Silver / Black,10.0,16.0
ADATA XPG SPECTRIX D60G 16 GB,,"4,3200","2,8",,Silver / Black,10.0,16.0
Kingston HyperX Predator RGB 16 GB,,"4,4000","2,8",,Black,9.5,19.0
Kingston HyperX Predator RGB 32 GB,,"4,3600","4,8",,Black,9.444,17.0
ADATA XPG Z1 32 GB,,"4,3200","2,16",,Black / Silver,10.0,16.0
Crucial Ballistix MAX 32 GB,,"4,4000","2,16",,Black,9.0,18.0
Crucial Ballistix MAX 16 GB,,"4,4400","2,8",,Black,8.636,19.0
Corsair Vengeance RGB Pro 64 GB,,"4,3000","2,32",,Black,10.667,16.0
Kingston ValueRAM 8 GB,,"4,2933","1,8",,Green / Black,14.32,21.0
Samsung SAMSUNG 64GB 288-Pin DDR4 SDRAM ECC DDR4 2933 (PC4 23400) LR DIMM Model M386A8K40CM2-CVF 64 GB,,"4,2933","1,64",,Green / Black,14.32,21.0
TEAMGROUP Team T-FORCE VULCAN Z 64GB (2 x 32GB) 288-Pin DDR4 SDRAM DDR4 3000 (PC4 24000) Desktop Memory Model TLZRD464G3000HC16CDC01 64 GB,,"4,3000","2,32",,Red,10.667,16.0
TEAMGROUP T-Force Vulcan Z 64 GB,,"4,3000","2,32",,Gray,10.667,16.0
OLOy OWL 16 GB,,"4,3000","2,8",,Orange,10.667,16.0
OLOy OWL 32 GB,,"4,3600","2,16",,Orange,10.0,18.0
ADATA XPG SPECTRIX D50 16 GB,,"4,3200","2,8",,Silver,10.0,16.0
G.Skill Ripjaws V 16 GB,,"4,4000","2,8",,Black,8.0,16.0
G.Skill Trident Z Royal 16 GB,,"4,4000","2,8",,White,8.0,16.0
ADATA XPG SPECTRIX D50 32 GB,,"4,3200","2,16",,Black,10.0,16.0
Thermaltake TOUGHRAM RGB 32 GB,,"4,3600","2,16",,Black / Silver,10.0,18.0
Kingston HyperX Fury RGB 64 GB,,"4,3200","2,32",,Black,10.0,16.0
G.Skill Trident Z Royal 32 GB,,"4,4000","2,16",,Silver / Black,7.0,14.0
Corsair Vengeance RGB RT 16 GB,,"4,3600","2,8",,White / Black,10.0,18.0
Corsair Vengeance RGB RT 32 GB,,"4,3600","4,8",,White / Black,10.0,18.0
TEAMGROUP T-Force Xtreem ARGB 64 GB,,"4,3200","2,32",,Black,10.0,16.0
Corsair Vengeance LPX 128 GB,,"4,3600","4,32",,Black,10.0,18.0
G.Skill Trident Z Royal Elite 32 GB,,"4,3600","2,16",,Silver,7.778,14.0
Corsair Dominator Platinum RGB 64 GB,,"5,5200","2,32",,Black,14.615,38.0
TEAMGROUP T-Force Xtreem ARGB 32 GB,,"4,3600","2,16",,Black / Blue,10.0,18.0
G.Skill Ripjaws V 32 GB,,"4,4266","2,16",,Black,7.501,16.0
G.Skill TridentZ RGB 128 GB,,"4,2666","4,32",,Black,14.254,19.0
Corsair Vengeance RGB Pro SL 64 GB,,"4,4000","2,32",,Black,9.0,18.0
Kingston FURY 16 GB,,"4,3600","1,16",,Black,10.0,18.0
GeIL Orion RGB AMD Edition 32 GB,,"4,4000","1,32",,Gray,9.0,18.0
GeIL Orion AMD Edition 16 GB,,"4,3000","2,8",,Red,10.667,16.0
Kingston Fury Renegade RGB 32 GB,2179.79,"4,3200","1,32",3.406,Black / Silver,10.0,16.0
ADATA XPG LANCER RGB 32 GB,,"5,6000","2,16",,White,13.333,40.0
TEAMGROUP T-Force Vulcan Z 16 GB,,"4,3600","2,8",,Red,7.778,14.0
TEAMGROUP T-Force Vulcan Z 16 GB,,"4,4000","2,8",,Red,9.0,18.0
TEAMGROUP T-Force Delta RGB 32 GB,,"4,4000","2,16",,Black,9.0,18.0
TEAMGROUP T-Force Delta RGB 32 GB,,"4,3600","2,16",,Black,7.778,14.0
Kingston FURY Renegade 32 GB,,"4,3600","4,8",,Black,8.889,16.0
Kingston FURY Renegade 8 GB,2351.8,"4,3600","1,8",14.699,Black,8.889,16.0
Kingston FURY Renegade 16 GB,,"4,5133","2,8",,Black,7.793,20.0
Patriot Viper Elite II 8 GB,578.8,"4,2666","1,8",,Red / Black,12.003,16.0
Patriot Viper Elite II 8 GB,658.8,"4,4000","1,8",,Red / Black,10.0,20.0
ADATA XPG GAMMIX D20 8 GB,,"4,3200","1,8",,Black / Silver,10.0,16.0
ADATA XPG GAMMIX D20 16 GB,,"4,3600","2,8",,Black / Silver,10.0,18.0
Lexar Hades RGB 32 GB,,"4,3200","2,16",,Black,11.25,18.0
V-Color Prism Pro 16 GB,,"4,3600","2,8",,White,10.0,18.0
V-Color Prism Pro 32 GB,,"4,3200","2,16",,Silver,10.0,16.0
ADATA XPG GAMMIX D45 32 GB,,"4,3600","2,16",,White,10.0,18.0
ADATA XPG GAMMIX D45 16 GB,,"4,3600","2,8",,White,10.0,18.0
ADATA XPG SPECTRIX D50 8 GB,,"4,3600","1,8",,Black,10.0,18.0
PNY XLR8 Gaming EPIC-X RGB 16 GB,,"4,4200","2,8",,Black,9.048,19.0
Mushkin Redline Lumina 32 GB,,"4,3600","2,16",,Black,10.0,18.0
Mushkin Redline 64 GB,,"4,3600","2,32",,White,7.778,14.0
Mushkin Silverline 64 GB,,"4,3200","2,32",,Silver,13.75,22.0
G.Skill Trident Z Royal 16 GB,,"4,5333","2,8",,Gold,8.251,22.0
G.Skill Trident Z 64 GB,,"5,6000","2,32",,Black,10.0,30.0
G.Skill Ripjaws V 256 GB,15363.8,"4,2666","8,32",3.001,Red,14.254,19.0
Corsair Vengeance RGB Pro SL 16 GB,1959.8,"4,4000","2,8",6.124,Black,9.0,18.0
Silicon Power XPOWER Zenith Gaming 8 GB,,"4,3200","1,8",,Black,10.0,16.0
Silicon Power XPOWER Zenith RGB Gaming 8 GB,,"4,3200","1,8",,Black,10.0,16.0
Silicon Power SP064GBSFU266X22 64 GB,,"4,2666","1,64",,,14.254,19.0
Silicon Power SP016GBLVU480G22 16 GB,,"5,4800","2,8",,,16.667,40.0
TEAMGROUP T-Force Vulcan 16 GB,,"5,4800","1,16",,Black,15.0,36.0
G.Skill Trident Z5 64 GB,,"5,6000","2,32",,Black / White,10.667,32.0
Corsair Vengeance 64 GB,,"5,5600","2,32",,Gray,12.857,36.0
Kingston FURY Renegade 16 GB,1603.6,"5,7200","1,16",5.011,Silver / Black,10.556,38.0
Kingston FURY Renegade 16 GB,1545.4,"5,6800","1,16",4.829,Silver / Black,10.588,36.0
Timetec PINNACLE Konduit RGB 16 GB,,"4,3600","2,8",,Black,10.0,18.0
Kingston FURY Beast 32 GB,,"5,6000","2,16",,Black,13.333,40.0
Kingston FURY 16 GB,2291.0,"5,5600","1,16",7.159,White,14.286,40.0
G.Skill Ripjaws S5 48 GB,4473.6,"5,5600","2,24",4.66,Black,14.286,40.0
Silicon Power XPOWER Zenith Gaming 32 GB,,"5,6000","2,16",,Black,13.333,40.0
GeIL EVO V RGB 24 GB,,"5,8400","1,24",,White,10.0,42.0
GOODRAM IRDM PRO 8 GB,,"4,3600","1,8",,White / Red,10.0,18.0
GOODRAM IRDM PRO 16 GB,,"4,3600","1,16",,Black / Gold,9.444,17.0
Apacer Panther RGB 32 GB,,"5,6400","2,16",,Silver / Black,10.0,32.0
ADATA XPG LANCER RGB 32 GB,,"5,6800","2,16",,Black,10.0,34.0
ADATA XPG LANCER RGB 32 GB,,"5,6000","1,32",,White,10.0,30.0
ADATA XPG LANCER RGB 32 GB,,"5,6400","1,32",,White,10.0,32.0
TEAMGROUP T-Force Vulcan 32 GB,,"5,6000","1,32",,Black,12.667,38.0
Mushkin Essentials 64 GB,5753.6,"4,3200","2,32",4.495,Green / Black,13.75,22.0
ADATA XPG GAMMIX D10 8 GB,,"4,3600","1,8",,Black,10.0,18.0
OLOy Blade 16 GB,,"4,3200","2,8",,Black,10.0,16.0
OLOy Blade 32 GB,,"4,3600","2,16",,Black,10.0,18.0
Mushkin Redline ST 32 GB,,"5,6400","2,16",,Black,9.375,30.0
Acer Predator Pallas II 32 GB,,"5,6400","2,16",,Black,10.0,32.0
Acer Predator Vesta II RGB 32 GB,,"5,6000","2,16",,Black,10.667,32.0
V-Color TRA548G72D834Q 192 GB,,"5,7200","4,48",,White,9.444,34.0
Kingston FURY Renegade Pro 128 GB,,"5,6800","8,16",,Black,10.0,34.0
TEAMGROUP T-Force Delta RGB 16 GB,,"5,6400","2,8",,Black,12.5,40.0
TEAMGROUP T-Create Expert 32 GB,,"5,7600","2,16",,White,9.474,36.0
Klevv CRAS V RGB 48 GB,,"5,7200","2,24",,White,9.444,34.0
Acer Predator Hera RGB 48 GB,,"5,7200","2,24",,Silver,10.0,36.0
Biwin Black Opal HX100 32 GB,,"5,6400","2,16",,Black,11.25,36.0
Biwin Black Opal DW100 RGB 32 GB,,"5,8200","2,16",,White,8.78,36.0
Biwin Black Opal DW100 RGB 48 GB,,"5,8400","2,24",,Black,9.524,40.0
Crucial Ballistix Sport LT 8 GB,,"4,2400","1,8",,Red,13.333,16.0
Crucial CT8G4SFS8266 8 GB,397.8,"4,2666","1,8",2.486,Green / Black,14.254,19.0
Crucial CT2K32G4SFD8266 64 GB,4327.6,"4,2666","2,32",3.381,Green / Black,14.254,19.0
Lexar LD4AS016G-B3200GSST 16 GB,1645.6,"4,3200","1,16",5.143,Black,13.75,22.0
Crucial CT32G4RFD4213 32 GB,1179.59,"4,2133","1,32",1.843,Green / Black,14.065,15.0
Silicon Power SP016GBLFU266X22 16 GB,,"4,2666","2,8",,,14.254,19.0
Mushkin Redline 96 GB,4499.8,"5,4800","2,48",2.344,Black,16.667,40.0
Silicon Power XPOWER Storm RGB 64 GB,,"5,6000","2,32",,White,10.0,30.0
Crucial CT2K8G4DFD824A 16 GB,780.0,"4,2400","2,8",2.438,Green,14.167,17.0
G.Skill Trident Z Royal 16 GB,,"4,3000","2,8",,Gold,10.667,16.0
Silicon Power SP032GBSVU480F22 32 GB,,"5,4800","2,16",,Black,16.667,40.0
Kingston FURY Renegade Pro 64 GB,8700.0,"5,4800","4,16",6.797,Black,15.0,36.0
G.Skill Ares 32 GB,2535.0,"3,2133","4,8",3.961,Black / Red,10.314,11.0
Corsair ValueSelect 8 GB,733.4,"4,2133","1,8",4.584,Black / Yellow,14.065,15.0
TEAMGROUP T-Force Dark Pro 8Pack Ripped Edition 16 GB,,"4,3600","2,8",,Black / Silver,7.778,14.0
Kingston Fury Renegade RGB 32 GB,2318.6,"4,3600","1,32",3.623,Black,10.0,18.0
Mushkin Proline 8 GB,601.0,"4,2400","1,8",3.756,,14.167,17.0
Corsair Dominator Platinum RGB 32 GB,,"5,6000","2,16",,Black,12.0,36.0
IBM 00D4968 16 GB,1499.6,"3,1600","1,16",4.686,Black / Green,13.75,11.0
Kingston Fury Renegade RGB 128 GB,,"4,3200","4,32",,Black / Silver,10.0,16.0
Lexar Hades RGB 16 GB,1399.6,"4,3600","2,8",4.374,Black,10.0,18.0
Patriot Signature Line 4 GB,259.8,"4,2400","1,4",3.248,,15.833,19.0
Kingston FURY Renegade 16 GB,1719.8,"5,6400","1,16",5.374,White / Silver,10.0,32.0
Biwin Black Opal DW100 RGB 32 GB,,"5,8000","2,16",,Black,9.0,36.0
ADATA XPG LANCER NEON RGB 16 GB,,"5,6400","1,16",,Black,10.0,32.0
Corsair Vengeance 4 GB,719.59,"3,1600","1,4",8.995,Black / Silver,11.25,9.0
Mushkin Essentials 8 GB,489.4,"3,1600","2,4",3.059,Green,13.75,11.0
G.Skill Ares 16 GB,855.4,"3,1600","2,8",2.673,Black / Orange,12.5,10.0
G.Skill Trident X 8 GB,1191.59,"3,2400","2,4",7.447,Black / Red,8.333,10.0
Kingston KVR16LS11/8 8 GB,472.6,"3,1600","1,8",2.954,Green,13.75,11.0
G.Skill Aegis 32 GB,2220.2,"4,2133","4,8",3.469,Black / Red,14.065,15.0
Crucial CT4K8G4DFS8213 32 GB,3180.0,"4,2133","4,8",4.969,Black / Green,14.065,15.0
Crucial CT16G4DFD8213 16 GB,,"4,2133","1,16",,Green,14.065,15.0
Corsair Vengeance RGB RT 32 GB,,"4,3600","2,16",,Black,10.0,18.0
Kingston Fury Renegade RGB 16 GB,,"4,4600","2,8",,Black / Silver,8.261,19.0
Kingston FURY Beast 64 GB,,"4,2666","2,32",,Black,12.003,16.0
Thermaltake TOUGHRAM XG RGB 16 GB,3099.6,"4,3600","2,8",9.686,Black / Silver,10.0,18.0
Kingston FURY Renegade 32 GB,5199.6,"5,6000","2,16",8.124,White / Silver,10.667,32.0
Crucial CT2K32G4DFD8266 64 GB,3580.0,"4,2666","2,32",2.797,Green,14.254,19.0
Kingston FURY Renegade Pro 32 GB,4078.0,"5,6000","1,32",6.372,Black,10.667,32.0
Kingston FURY Renegade Pro 32 GB,4831.0,"5,6400","1,32",7.548,Black,10.0,32.0
Kingston FURY Renegade Pro 64 GB,8179.0,"5,5600","4,16",6.39,Black,12.857,36.0
ADATA XPG SPECTRIX D35G RGB 64 GB,,"4,3600","2,32",,Black,10.0,18.0
TEAMGROUP T-Force Vulcan 64 GB,3399.8,"5,5600","2,32",2.656,Black,13.571,38.0
Corsair XMS2 2 GB,,"2,800","1,2",,Black,12.5,5.0
Kingston ValueRAM 2 GB,385.0,"2,800","1,2",9.625,Green,12.5,5.0
Corsair XMS3 4 GB,,"3,1600","2,2",,Black / Blue,11.25,9.0
G.Skill ECO 4 GB,,"3,1600","2,2",,Silver,11.25,9.0
Kingston HyperX 16 GB,5537.79,"3,1600","4,4",17.306,Blue / Silver,11.25,9.0
Patriot Viper Xtreme 4 GB,1339.6,"3,2000","2,2",16.745,Black / Silver,9.0,9.0
OCZ Platinum 6 GB,,"3,1333","3,2",,Silver,12.003,8.0
Kingston KVR1333D3N9K2/8G 8 GB,990.0,"3,1333","2,4",6.188,Green,13.503,9.0
Kingston HyperX Blu 4 GB,,"3,1333","1,4",,Blue / Silver,13.503,9.0
Corsair Vengeance 8 GB,,"3,1600","2,4",,Black / Red,11.25,9.0
Kingston KVR1333D3S8N9/2G 2 GB,488.4,"3,1333","1,2",12.21,Green,13.503,9.0
Crucial CT2KIT102464BA1339 16 GB,,"3,1333","2,8",,Green,13.503,9.0
G.Skill Ripjaws Z 32 GB,2591.39,"3,1600","8,4",4.049,Black / Red,11.25,9.0
Wintec Value 16 GB,,"3,1333","2,8",,Green,13.503,9.0
G.Skill Ripjaws Z 16 GB,,"3,1600","4,4",,Black / Blue,8.75,7.0
G.Skill Ares 8 GB,703.4,"3,1600","2,4",4.396,Black / Orange,11.25,9.0
ADATA Premier 16 GB,,"3,1333","2,8",,Green,13.503,9.0
"Patriot Intel Extreme Master, Limited Ed 16 GB",,"3,2133","4,4",,Black / Blue,10.314,11.0
Kingston KHX16C9K4/32X 32 GB,,"3,1600","4,8",,Blue / Silver,11.25,9.0
Patriot Signature 16 GB,,"3,1600","2,8",,Black,13.75,11.0
G.Skill Ripjaws X 8 GB,2140.0,"3,2400","2,4",13.375,,9.167,11.0
VisionTek Adrenaline 4 GB,2639.8,"2,800","1,4",,Green,15.0,6.0
Corsair CORSAIR Vengeance 8GB 8 GB,,"3,1866","1,8",,Black / Silver,10.718,10.0
Patriot Patriot Viper 3 4GB 4 GB,,"3,1600","1,4",,,12.5,10.0
G.Skill Aegis 16 GB,1380.0,"3,1333","2,8",4.312,,13.503,9.0
Transcend JM1333KLH-4G 4 GB,,"3,1333","1,4",,,13.503,9.0
Wintec Value 8 GB,,"3,1333","2,4",,,16.504,11.0
Kingston KVR16N11S6/2 2 GB,1925.2,"3,1600","1,2",48.13,Black / Green,13.75,11.0
Kingston HyperX Fury 8 GB,,"3,1333","2,4",,Black / Silver,13.503,9.0
Kingston HyperX Fury 4 GB,,"3,1600","1,4",,Red / Silver,12.5,10.0
Kingston HyperX Fury 16 GB,,"3,1600","2,8",,White / Silver,12.5,10.0
Kingston HyperX Fury 8 GB,,"3,1866","2,4",,White / Silver,10.718,10.0
Crucial Ballistix Tactical 32 GB,,"3,1600","4,8",,Black / Yellow,10.0,8.0
Crucial Ballistix Sport 32 GB,,"4,2400","4,8",,Gray / Silver,13.333,16.0
Mushkin Blackline 16 GB,,"3,2133","4,4",,Black,9.376,10.0
Mushkin Proline 32 GB,,"3,1866","1,32",,Black,13.934,13.0
TEAMGROUP Xtreem 16 GB,,"3,2400","2,8",,White,8.333,10.0
Corsair Vengeance LPX 16 GB,,"4,2666","4,4",,Red,11.253,15.0
TEAMGROUP Elite Plus 16 GB,,"4,2133","2,8",,Black / Gold,14.065,15.0
Corsair Dominator Platinum 16 GB,,"3,3100","4,4",,Black / Silver,7.742,12.0
Klevv CRAS 32 GB,,"4,2666","4,8",,Black / Silver,11.253,15.0
Corsair Vengeance LPX 4 GB,,"4,2400","1,4",,Red,12.5,15.0
G.Skill Ripjaws 4 128 GB,,"4,2400","8,16",,Black,11.667,14.0
Wintec 3RSA213315R5H-64GQ 64 GB,,"4,2133","4,16",,Silver,14.065,15.0
Mushkin Essentials 16 GB,,"4,2133","2,8",,Black / Green,14.065,15.0
PNY Anarchy 8 GB,,"4,2400","1,8",,Black / Red,12.5,15.0
Corsair Vengeance LP 16 GB,,"3,1600","2,8",,Black / Yellow,11.25,9.0
G.Skill Ripjaws V 32 GB,,"4,3000","4,8",,Black / Red,10.0,15.0
G.Skill Ripjaws V 8 GB,,"4,3600","2,4",,Black,9.444,17.0
G.Skill Ripjaws V 16 GB,,"4,3600","4,4",,Black,9.444,17.0
Kingston HyperX Fury 16 GB,,"3,1866","2,8",,Black,11.79,11.0
G.Skill Ripjaws V 16 GB,,"4,3000","2,8",,Black / Red,10.0,15.0
Kingston HyperX Savage 16 GB,,"4,2400","2,8",,Black / White,10.0,12.0
G.Skill Trident Z 16 GB,,"4,3400","2,8",,Red / Silver,9.412,16.0
G.Skill Trident Z 32 GB,,"4,3000","2,16",,Red / Silver,10.0,15.0
G.Skill Ripjaws V 8 GB,,"4,2800","1,8",,Red,10.714,15.0
G.Skill Ripjaws V 16 GB,,"4,3000","1,16",,Red,10.0,15.0
Patriot Signature Line 8 GB,,"4,2400","2,4",,Blue / Silver,14.167,17.0
G.Skill Ripjaws V 16 GB,,"4,3400","2,8",,Black,9.412,16.0
AMD R7 Performance 8 GB,,"4,2133","1,8",,Black / Red,14.065,15.0
G.Skill Ripjaws V 16 GB,,"4,3000","2,8",,Black,9.333,14.0
Corsair Vengeance LPX 64 GB,,"4,3333","4,16",,Black / Yellow,9.601,16.0
Crucial Ballistix Sport LT 8 GB,,"4,2400","2,4",,White,13.333,16.0
EVGA SuperSC 16 GB,,"4,3000","2,8",,Black,10.0,15.0
Kingston ValueRAM 32 GB,,"4,2133","2,16",,Black / Green,14.065,15.0
Mushkin Essentials 32 GB,2567.6,"4,2133","2,16",4.012,Black / Green,14.065,15.0
GeIL EVO POTENZA 16 GB,,"4,2400","2,8",,Red,13.333,16.0
Crucial CT8G4WFD8213 8 GB,,"4,2133","1,8",,Black / Green,14.065,15.0
GALAX HOF 16 GB,,"4,3600","2,8",,White,9.444,17.0
G.Skill Trident Z RGB 32 GB,,"4,3200","4,8",,Black,8.75,14.0
G.Skill Trident Z RGB 32 GB,,"4,3866","4,8",,Black,9.312,18.0
G.Skill Trident Z RGB 16 GB,,"4,4133","2,8",,Black,9.194,19.0
G.Skill Trident Z 16 GB,,"4,3600","2,8",,Silver / Red,8.333,15.0
Corsair Vengeance RGB 16 GB,,"4,2666","2,8",,Black,12.003,16.0
G.Skill FORTIS 16 GB,,"4,2133","2,8",,Black / Red,14.065,15.0
G.Skill Flare X 16 GB,,"4,2400","2,8",,Red,12.5,15.0
G.Skill Flare X 16 GB,,"4,2400","2,8",,Black,13.333,16.0
TEAMGROUP Dark 16 GB,,"4,3000","2,8",,Black / Red,10.667,16.0
TEAMGROUP Night Hawk RGB 16 GB,,"4,3200","2,8",,Black,10.0,16.0
TEAMGROUP Vulcan 8 GB,,"4,2400","2,4",,Black / Gray,11.667,14.0
Crucial Ballistix Tactical 16 GB,,"4,3000","2,8",,Black,10.0,15.0
Corsair Vengeance RGB 16 GB,,"4,3600","2,8",,White,10.0,18.0
GeIL EVO SPEAR 16 GB,,"4,3000","2,8",,Black / Orange,10.667,16.0
TEAMGROUP T-Force Delta RGB 4 GB,,"4,2400","1,4",,White,12.5,15.0
ADATA ADATA 32GB (2 x 16GB) 288-Pin DDR4 SDRAM DDR4 3000 (PC4 24000) Desktop Memory Model AX4U3000316G16-DRG 32 GB,,"4,3000","2,16",,Red / White,10.667,16.0
Corsair Vengeance LPX 32 GB,,"4,3000","4,8",,Red / Black,10.0,15.0
G.Skill NT 16 GB,1559.0,"4,2400","2,8",4.872,,14.167,17.0
GeIL EVO POTENZA 16 GB,,"4,2133","2,8",,Black,14.065,15.0
TEAMGROUP T-Force Night Hawk RGB 16 GB,,"4,4000","2,8",,Black,9.0,18.0
TEAMGROUP T-Force Xtreem 32 GB,,"4,3600","4,8",,Black / Silver,8.889,16.0
Kingston HyperX Fury 32 GB,,"4,2666","2,16",,Red / Silver,12.003,16.0
Patriot Signature Line 32 GB,,"4,2133","2,16",,Green / Black,14.065,15.0
G.Skill Ripjaws 16 GB,,"4,3200","2,8",,Black / Blue,11.25,18.0
Crucial CT8G4WFS824A 8 GB,2128.4,"4,2400","1,8",13.303,Green,14.167,17.0
Mushkin Proline 16 GB,,"4,2133","1,16",,Green / Black,14.065,15.0
KFA2 Hall Of Fame Extreme 16 GB,,"4,4000","2,8",,White / Silver,9.5,19.0
ADATA XPG GAMMIX D10 8 GB,,"4,3000","1,8",,Black / White,10.667,16.0
Patriot Viper Venom RGB 16 GB,,"4,3200","2,8",,White / Black,10.0,16.0
TEAMGROUP T-Force XCalibur RGB 16 GB,,"4,3600","2,8",,Black,10.0,18.0
Kingston HyperX Predator RGB 8 GB,,"4,2933","1,8",,Black,10.228,15.0
Corsair Vengeance LPX 32 GB,,"4,4000","2,16",,Black / Yellow,9.5,19.0
Crucial CT16G4TFD8266 16 GB,1799.8,"4,2666","1,16",5.624,Green / Black,14.254,19.0
Crucial Ballistix Sport LT 16 GB,,"4,3200","1,16",,Silver / Black,10.0,16.0
Crucial Ballistix Sport LT 16 GB,,"4,3000","1,16",,Red / Black,10.0,15.0
Corsair Vengeance RGB Pro 32 GB,,"4,4400","4,8",,Black,8.182,18.0
OLOy MD4U042417IBDA 8 GB,,"4,2400","2,4",,Red / Black,14.167,17.0
Corsair Vengeance LPX 256 GB,,"4,2400","8,32",,Black / Yellow,13.333,16.0
TEAMGROUP T-Force Vulcan Z 4 GB,,"4,3200","1,4",,Red,10.0,16.0
Corsair Dominator Platinum RGB 32 GB,,"4,3200","2,16",,Black,8.75,14.0
Patriot Viper 4 Blackout 8 GB,,"4,3000","2,4",,Black,10.667,16.0
Corsair ValueSelect 32 GB,,"4,2400","1,32",,Black,13.333,16.0
OLOy MD4U163016CGDA 32 GB,,"4,3000","2,16",,Black,10.667,16.0
Corsair Dominator Platinum Special Edition CONTRAST 32 GB,,"4,3466","2,16",,White / Black,9.233,16.0
ADATA XPG GAMMIX D30 16 GB,,"4,3600","2,8",,Silver / Black,9.444,17.0
OLOy MD4U163216CGSA 16 GB,,"4,3200","1,16",,Black,10.0,16.0
G.Skill Trident Z Neo 32 GB,,"4,3800","4,8",,Black / Silver,7.368,14.0
Kingston HyperX Predator RGB 32 GB,,"4,3000","2,16",,Black,10.0,15.0
G.Skill Trident Z RGB 16 GB,,"4,4000","2,8",,Gold,9.0,18.0
Crucial Ballistix 32 GB,,"4,3200","2,16",,Red,10.0,16.0
Crucial Ballistix RGB 64 GB,,"4,3200","2,32",,White,10.0,16.0
Crucial Ballistix RGB 32 GB,,"4,3200","2,16",,White,10.0,16.0
G.Skill Trident Z Royal 256 GB,,"4,3200","8,32",,Silver,10.0,16.0
Corsair Vengeance RGB Pro 32 GB,,"4,3200","4,8",,Black,10.0,16.0
G.Skill Trident Z RGB 16 GB,,"4,4000","2,8",,Black,7.5,15.0
Corsair Vengeance LPX 32 GB,,"4,3600","2,16",,Black / Yellow,11.111,20.0
ADATA XPG GAMMIX D30 16 GB,,"4,3600","2,8",,Black / Silver,10.0,18.0
G.Skill Trident Z RGB 32 GB,,"4,4000","2,16",,Black,8.0,16.0
Corsair Vengeance LPX 64 GB,,"4,4000","2,32",,Black,9.0,18.0
G.Skill Ripjaws V 32 GB,,"4,4266","2,16",,Black,7.97,17.0
G.Skill Trident Z Neo 32 GB,,"4,3800","2,16",,Black / Silver,7.368,14.0
G.Skill Trident Z Royal 64 GB,,"4,3600","4,16",,White,7.778,14.0
G.Skill Trident Z Royal 128 GB,,"4,3600","4,32",,Silver,8.889,16.0
G.Skill Trident Z Neo 16 GB,,"4,3800","2,8",,Black / Silver,9.474,18.0
Kingston HyperX Fury 64 GB,,"4,2400","4,16",,Black,12.5,15.0
Kingston HyperX 16 GB,,"4,4800","2,8",,Black,7.917,19.0
Apacer AU 16 GB,,"4,2666","1,16",,Black,14.254,19.0
TEAMGROUP Xtreem ARGB 32 GB,,"4,3200","2,16",,White,8.75,14.0
TEAMGROUP T-Force Zeus 32 GB,,"4,3200","2,16",,Red,12.5,20.0
TEAMGROUP T-Force Xtreem ARGB 32 GB,,"4,3600","2,16",,White,7.778,14.0
Silicon Power GAMING 16 GB,,"4,3000","2,8",,Black / Silver,10.667,16.0
G.Skill Ripjaws V 32 GB,,"4,4400","2,16",,Black,7.727,17.0
TEAMGROUP T-Force Xtreem ARGB 16 GB,,"4,3600","2,8",,White,7.778,14.0
Corsair Vengeance RGB RS 128 GB,,"4,3200","4,32",,Black / Gray,10.0,16.0
Corsair Vengeance RGB RS 64 GB,,"4,3200","4,16",,Black / Gray,10.0,16.0
TEAMGROUP T-Force Xtreem ARGB 32 GB,,"4,3200","2,16",,Black,8.75,14.0
G.Skill Trident Z5 RGB 32 GB,,"5,6000","2,16",,Black,13.333,40.0
Acer Predator Apollo RGB 16 GB,,"4,3600","2,8",,Silver / Black,10.0,18.0
G.Skill Trident Z Royal Elite 64 GB,,"4,3600","4,16",,Silver,8.889,16.0
G.Skill Trident Z Royal Elite 16 GB,,"4,5333","2,8",,Silver,8.251,22.0
G.Skill Trident Z Royal 32 GB,,"4,4400","2,16",,Silver,7.727,17.0
G.Skill Trident Z Royal 32 GB,,"4,4600","2,16",,Silver,8.696,20.0
Kingston FURY Beast RGB 64 GB,,"4,3600","2,32",,Black,10.0,18.0
GeIL Orion AMD Edition 16 GB,,"4,3600","2,8",,Gray,10.0,18.0
GeIL Polaris RGB 32 GB,,"5,5600","2,16",,Gray,13.571,38.0
Kingston Fury Renegade RGB 32 GB,,"4,3600","4,8",,Black / Silver,8.889,16.0
TEAMGROUP T-Force Vulcan Z 16 GB,,"4,3000","2,8",,Red,10.667,16.0
TEAMGROUP T-Force Vulcan Z 16 GB,,"4,4000","2,8",,Gray,9.0,18.0
G.Skill Trident Z5 RGB 64 GB,,"5,6000","2,32",,White / Black,10.0,30.0
Kingston FURY Beast 16 GB,,"4,2666","1,16",,Black,12.003,16.0
G.Skill Ripjaws S5 32 GB,,"5,5600","2,16",,Black,10.714,30.0
G.Skill Ripjaws S5 64 GB,,"5,6000","2,32",,Black,10.0,30.0
V-Color XSky RGB 32 GB,,"5,6400","2,16",,White,10.0,32.0
TEAMGROUP T-Force Xtreem ARGB 16 GB,,"4,4800","2,8",,Black,8.333,20.0
Lexar Hades OC 16 GB,,"4,3600","1,16",,Gray / Black,10.0,18.0
Lexar Hades OC 16 GB,,"4,3200","2,8",,Gray / Black,11.25,18.0
TEAMGROUP T-Force Dark Z 32 GB,,"4,3200","2,16",,Red,10.0,16.0
TEAMGROUP Elite 16 GB,,"4,2400","2,8",,Black,13.333,16.0
TEAMGROUP Elite 8 GB,,"4,3200","1,8",,Black,13.75,22.0
TEAMGROUP T-Create Expert 32 GB,,"4,3600","2,16",,Gray,7.778,14.0
TEAMGROUP T-Force Delta TUF Gaming Alliance RGB 64 GB,,"4,3200","2,32",,Black / Gold,10.0,16.0
ADATA XPG GAMMIX D45 16 GB,,"4,3200","1,16",,Black,10.0,16.0
ADATA XPG SPECTRIX D50 8 GB,,"4,3200","1,8",,White,10.0,16.0
ADATA XPG SPECTRIX D50 16 GB,,"4,3000","2,8",,White,10.667,16.0
Mushkin Silverline 32 GB,2279.79,"4,3200","1,32",3.562,Silver,13.75,22.0
G.Skill Trident Z Royal 32 GB,,"4,4800","2,16",,Gold,8.333,20.0
G.Skill Ripjaws V 128 GB,,"4,3200","4,32",,Red,8.75,14.0
G.Skill Ripjaws V 8 GB,,"4,2800","1,8",,Red,12.143,17.0
G.Skill Trident Z Neo 64 GB,,"4,4000","2,32",,Black / White,9.0,18.0
Silicon Power XPOWER Zenith RGB Gaming 16 GB,,"4,3200","1,16",,Black,10.0,16.0
Silicon Power XPOWER Turbine 8 GB,,"4,3200","1,8",,Blue / Black,10.0,16.0
TEAMGROUP T-Force Vulcan 16 GB,,"5,5600","1,16",,Black,11.429,32.0
Corsair Dominator Platinum RGB 32 GB,,"5,6000","2,16",,Gray / Black,10.0,30.0
TEAMGROUP Night Hawk RGB Gen 2 16 GB,,"4,3200","2,8",,White,10.0,16.0
Corsair Vengeance RGB 64 GB,,"5,5600","2,32",,Gray,12.857,36.0
Thermaltake TOUGHRAM XG RGB 64 GB,10899.6,"4,3600","2,32",8.515,White / Silver,10.0,18.0
Neo Forza FAYE 16 GB,,"4,5000","2,8",,Black / Silver,7.6,19.0
V-Color Manta XPrism RGB 64 GB,,"5,5600","2,32",,Silver,12.857,36.0
Corsair Dominator Platinum RGB 64 GB,,"5,5200","2,32",,Black,15.385,40.0
Timetec PINNACLE Konduit RGB 32 GB,,"4,3600","2,16",,Black,10.0,18.0
PROXMEM UNDERWORLD TUF 32 GB,,"5,6000","2,16",,Black / Gray,10.0,30.0
Thermaltake TOUGHRAM Z-ONE RGB 32 GB,,"5,4800","2,16",,Black,16.667,40.0
Corsair Vengeance LPX 16 GB,,"4,3200","2,8",,Black,11.25,18.0
Mushkin Enhanced Redline Stiletto 32 GB,,"4,3600","2,16",,Black,8.889,16.0
Kingston FURY Beast 64 GB,,"4,3200","2,32",,Black / Silver,10.0,16.0
Kingston FURY Beast 32 GB,,"4,3200","2,16",,Black / Silver,10.0,16.0
GeIL ORION V RGB 32 GB,,"5,7200","2,16",,Black,10.0,36.0
GeIL ORION V RGB 32 GB,,"5,8000","2,16",,Black,9.5,38.0
TEAMGROUP Elite Plus 16 GB,,"4,3200","1,16",,Black / Gold,13.75,22.0
Klevv CRAS XR5 RGB 32 GB,,"5,6200","2,16",,White / Black,12.903,40.0
Klevv CRAS XR5 RGB 32 GB,,"5,6200","2,16",,White / Black,10.323,32.0
GeIL EVO V RGB 24 GB,,"5,8400","1,24",,Black,10.0,42.0
GOODRAM IRDM 64 GB,,"5,5600","2,32",,Black,10.714,30.0
GOODRAM IRDM 64 GB,,"5,6800","2,32",,Black,10.0,34.0
VisionTek 901345 32 GB,,"4,2933","1,32",,Black,14.32,21.0
Silicon Power SP048GBLVU560P02 48 GB,,"5,5600","1,48",,Black,16.429,46.0
Corsair WS 64 GB,10079.79,"5,5600","4,16",7.875,Black / Green,14.286,40.0
Kingston FURY Renegade Pro 256 GB,30080.0,"5,5600","8,32",5.875,Black,12.857,36.0
ADATA XPG SPECTRIX D35G RGB 32 GB,,"4,3200","1,32",,Black,10.0,16.0
G.Skill Flare X5 64 GB,,"5,5600","2,32",,Black,16.429,46.0
TEAMGROUP T-Force Delta RGB Eco 32 GB,,"5,6000","2,16",,Silver,12.667,38.0
Silicon Power XPOWER Storm RGB 32 GB,,"5,8000","2,16",,Black,9.5,38.0
TEAMGROUP T-Create Expert 64 GB,,"5,5600","2,32",,Black / Gold,13.571,38.0
TEAMGROUP T-Force Delta RGB 16 GB,,"5,6400","1,16",,White,12.5,40.0
TEAMGROUP T-Force Delta RGB 8 GB,,"5,6400","1,8",,White,12.5,40.0
TEAMGROUP T-Force Vulcan 8 GB,,"5,6000","1,8",,Red,12.667,38.0
TEAMGROUP Xtreem ARGB 96 GB,,"5,6800","2,48",,White,10.588,36.0
TEAMGROUP Xtreem ARGB 48 GB,,"5,8200","2,24",,White,9.268,38.0
TEAMGROUP Xtreem ARGB 32 GB,2399.79,"5,6400","2,16",3.75,White,10.0,32.0
TEAMGROUP Elite Plus 16 GB,,"5,5600","2,8",,Black,16.429,46.0
Acer Predator Hera RGB 32 GB,,"5,6800","2,16",,Black,9.412,32.0
Acer Predator Hera RGB 32 GB,,"5,8200","2,16",,Silver,8.78,36.0
Acer Predator Hera RGB 48 GB,,"5,8400","2,24",,Silver / Black,9.524,40.0
Acer Predator Hera RGB 64 GB,,"5,6400","2,32",,Black,10.0,32.0
Acer Predator Pallas II 32 GB,,"5,8200","2,16",,Black,8.78,36.0
Lexar Ares RGB 2nd Gen 32 GB,,"5,6800","2,16",,Black,10.0,34.0
ADATA XPG Lancer Blade 8 GB,,"5,5600","1,8",,White,16.429,46.0
Thermaltake TOUGHRAM RGB D5 32 GB,,"5,6400","2,16",,Black / Silver,10.0,32.0
Kingston FURY 32 GB,2043.6,"5,5200","1,32",3.193,White,15.385,40.0
Kingston ValueRAM 16 GB,1473.6,"4,3200","1,16",4.605,,13.75,22.0
G.Skill Ripjaws 16 GB,844.0,"4,2400","2,8",2.638,Black,13.333,16.0
Mushkin Redline 16 GB,735.2,"4,3200","2,8",2.297,,13.75,22.0
Crucial CT16G4RFD424A 16 GB,779.8,"4,2400","1,16",2.437,Green / Black,14.167,17.0
Patriot Viper Steel 16 GB,779.8,"4,2400","1,16",2.437,Black,15.0,18.0
Kingston FURY Impact 32 GB,4046.6,"4,2666","1,32",6.323,Black,12.003,16.0
TEAMGROUP T-Create Master 64 GB,9019.79,"5,6400","4,16",7.047,Black,10.0,32.0
G.Skill Ares 8 GB,785.8,"3,2400","2,4",4.911,Black / Blue,9.167,11.0
G.Skill Ripjaws Z 16 GB,1464.4,"3,2133","4,4",4.576,,9.376,10.0
Klevv Genuine 8 GB,,"3,2800","2,4",,Black / Silver,8.571,12.0
G.Skill Ripjaws V 8 GB,,"4,3200","2,4",,Red,10.0,16.0
G.Skill Aegis 16 GB,1367.8,"4,2133","4,4",4.274,Black / Red,14.065,15.0
G.Skill Flare X 32 GB,,"4,2400","2,16",,Red,12.5,15.0
VisionTek 900848 16 GB,3100.8,"3,1600","1,16",9.69,Green / Black,13.75,11.0
Corsair Vengeance LPX 16 GB,,"4,3600","2,8",,Black / Yellow,10.556,19.0
Silicon Power XPOWER Turbine RGB 16 GB,,"4,3200","2,8",,Silver / Black,10.0,16.0
G.Skill Ripjaws V 32 GB,,"4,3600","2,16",,Black,7.778,14.0
G.Skill Value 64 GB,,"4,2666","2,32",,Black,14.254,19.0
Mushkin Redline 16 GB,1153.0,"4,3600","2,8",3.603,White,8.889,16.0
Mushkin Redline Lumina 16 GB,1419.6,"4,2666","2,8",4.436,Black,12.003,16.0
Kingston ValueRAM 1 GB,607.2,"2,800","1,1",30.36,Green,12.5,5.0
G.Skill Ripjaws X 16 GB,2440.4,"3,1866","4,4",7.626,Black / Red,9.646,9.0
Crucial CT32G3ELSDQ4186D 32 GB,1179.8,"3,1866","1,32",1.843,Blue / Silver,11.79,11.0
Kingston KVR16E11S8/4 4 GB,578.2,"3,1600","1,4",7.228,Green,13.75,11.0
Corsair Vengeance Performance 8 GB,679.8,"4,2400","1,8",4.249,Black / Yellow,13.333,16.0
G.Skill Trident Z 16 GB,2980.0,"4,4266","2,8",9.312,Silver / Red,8.908,19.0
G.Skill Trident Z Neo 32 GB,,"4,3600","4,8",,Black / Silver,8.889,16.0
G.Skill Trident Z Royal 64 GB,4980.0,"4,2666","2,32",3.891,Silver,13.503,18.0
G.Skill Ripjaws V 64 GB,11380.0,"4,4000","8,8",8.891,Black,7.5,15.0
TEAMGROUP T-Force Xtreem ARGB 16 GB,,"4,3600","2,8",,Black,10.0,18.0
TEAMGROUP T-Force Vulcan Z 8 GB,,"4,3200","1,8",,Red / Black,10.0,16.0
Kingston FURY Beast 128 GB,,"4,2666","4,32",,Black,12.003,16.0
G.Skill F4-3600C17Q2-128GTZKK 128 GB,,"4,3600","8,16",,Black,9.444,17.0
V-Color TRA548G64D832Q 192 GB,25999.8,"5,6400","4,48",6.771,White,10.0,32.0
Kingston FURY Renegade 64 GB,,"5,6000","2,32",,Silver / Black,10.667,32.0
G.Skill Zeta R5 Neo 64 GB,15267.8,"5,6000","4,16",11.928,Black,10.0,30.0
G.Skill Ripjaws M5 RGB 32 GB,,"5,6000","2,16",,White,10.667,32.0
G.Skill Trident Z5 Neo RGB 48 GB,,"5,6000","2,24",,Black,9.333,28.0
Corsair XMS2 4 GB,2100.0,"2,800","2,2",26.25,Black / White,12.5,5.0
Corsair VS2GB800D2 2 GB,,"2,800","1,2",,Green,12.5,5.0
Crucial Ballistix 2 GB,,"2,800","1,2",,Yellow,10.0,4.0
Corsair XMS2 2 GB,599.0,"2,800","2,1",14.975,Black / White,12.5,5.0
Crucial CT25664BA1067 2 GB,399.6,"3,1066","1,2",9.99,Green,13.133,7.0
Kingston ValueRAM 2 GB,,"3,1333","1,2",,Green,13.503,9.0
Kingston ValueRAM 1 GB,,"2,800","1,1",,Green,15.0,6.0
Patriot Extreme Performance 4 GB,1863.4,"2,800","2,2",23.293,Black / Green,12.5,5.0
G.Skill Ripjaws 24 GB,,"3,1600","6,4",,Black / Red,11.25,9.0
ADATA AD3U1333B2G9-DRH 4 GB,,"3,1333","2,2",,Blue / Silver,13.503,9.0
"Patriot Viper Xtreme Series, Division 2 4 GB",1046.4,"3,1600","2,2",13.08,Black / Silver,10.0,8.0
Kingston ValueRAM 4 GB,,"3,1333","2,2",,Green,13.503,9.0
Kingston KVR1333D3N9K3/12G 12 GB,1799.8,"3,1333","3,4",7.499,Green,13.503,9.0
Kingston KVR1066D3N7/4G 4 GB,,"3,1066","1,4",,Green,13.133,7.0
Patriot Signature 4 GB,1768.0,"3,1333","1,4",22.1,Green,13.503,9.0
G.Skill Ripjaws X + Turbulence II 4 GB,,"3,2200","2,2",,Black / Blue,6.364,7.0
Corsair XMS3 4 GB,,"3,1600","2,2",,Black / Blue,11.25,9.0
Crucial Ballistix Sport 3 GB,,"3,1600","3,1",,Black / Silver,12.5,10.0
Kingston Value 1 GB,459.79,"2,400","1,1",22.99,Green,15.0,3.0
Corsair Vengeance 8 GB,,"3,1600","2,4",,Black / Red,11.25,9.0
GeIL EVO CORSA 8 GB,,"3,1866","2,4",,Black / Yellow,9.646,9.0
G.Skill Ripjaws Z 32 GB,3920.2,"3,2133","8,4",6.125,Black / Blue,8.439,9.0
G.Skill Ripjaws X 8 GB,,"3,1333","4,2",,Black / Blue,10.503,7.0
Mushkin Essentials 4 GB,530.79,"3,1600","2,2",6.635,Green,13.75,11.0
Kingston KHX1600C9D3LK2/8GX 8 GB,999.8,"3,1600","2,4",6.249,Green / Silver,11.25,9.0
G.Skill Ripjaws X 8 GB,547.6,"3,1600","1,8",3.422,Black / Blue,11.25,9.0
Patriot Gamer 2 8 GB,,"3,1600","1,8",,Black / Blue,11.25,9.0
Kingston KVR1333D3N9HK4/16G 16 GB,,"3,1333","4,4",,Green,13.503,9.0
"Patriot Viper Xtreme Series, Division 4 16 GB",4400.0,"3,2133","4,4",13.75,Black / Silver,10.314,11.0
Corsair Dominator Platinum 16 GB,,"3,1866","4,4",,,9.646,9.0
G.Skill Sniper Gaming 32 GB,,"3,1600","4,8",,Black / Red,11.25,9.0
"Patriot Intel Extreme Master, Limited Ed 8 GB",,"3,2133","2,4",,Black / Blue,10.314,11.0
Patriot Viper 3 16 GB,,"3,2133","4,4",,Black / Silver,10.314,11.0
Corsair XMS3 8 GB,,"3,1600","2,4",,Black / White,11.25,9.0
Crucial Ballistix Sport 16 GB,,"3,1600","2,8",,Black / Silver,11.25,9.0
G.Skill NS 4 GB,387.8,"3,1333","1,4",4.848,Black,13.503,9.0
Kingston HyperX Beast 16 GB,,"3,2133","2,8",,Black,10.314,11.0
Corsair Dominator Platinum 16 GB,,"3,2133","2,8",,Black / Silver,8.439,9.0
Crucial CT2KIT102464BA160B 16 GB,,"3,1600","2,8",,Green,13.75,11.0
Corsair Vengeance Pro 8 GB,,"3,1866","2,4",,Black / Silver,9.646,9.0
G.Skill Ripjaws X 8 GB,,"3,2133","2,4",,Black / Red,8.439,9.0
Patriot PV316G240C0K 16 GB,,"3,2400","2,8",,Black / Silver,8.333,10.0
Avexir AVEXIR Core Series 8GB Kit 8 GB,,"3,3100","2,4",,Black / Blue,7.742,12.0
ADATA XPG V1.0 16 GB,,"3,1600","2,8",,Blue / Silver,13.75,11.0
Corsair Vengeance Pro 8 GB,,"3,2400","2,4",,Black / Red,9.167,11.0
G.Skill AEGIS 4GB 4 GB,408.4,"3,1600","1,4",5.105,,13.75,11.0
Crucial CT2K2G3S1067M 4 GB,719.8,"3,1066","2,2",8.998,Black / Green,13.133,7.0
G.Skill Ripjaws 8 GB,,"3,2133","1,8",,Black / Red,10.314,11.0
G.Skill Value 16 GB,1364.4,"4,2133","4,4",4.264,Black,14.065,15.0
ADATA XPG Z1 8 GB,,"4,2133","2,4",,Red / Black,12.189,13.0
ADATA XPG Z1 16 GB,,"4,2133","2,8",,Red / Black,12.189,13.0
G.Skill Ripjaws 16 GB,,"4,3000","4,4",,Red,10.0,15.0
Crucial CT4G4RFS8213 4 GB,999.8,"4,2133","1,4",12.498,Black / Green,14.065,15.0
Corsair Dominator Platinum 32 GB,,"4,2400","4,8",,Blue / Silver,12.5,15.0
Corsair Vengeance LPX 32 GB,,"4,2400","4,8",,Black,12.5,15.0
Apotop U3A8Gx2-21C9GC 16 GB,,"3,2133","2,8",,Black / Gold,8.439,9.0
Corsair Vengeance LPX 16 GB,,"4,2133","4,4",,Black,14.065,15.0
Mushkin Blackline 16 GB,,"4,2400","2,8",,Black / White,12.5,15.0
Patriot Viper 4 32 GB,,"4,3000","4,8",,Black / Red,10.667,16.0
Klevv Genuine 8 GB,,"3,1600","2,4",,Black / Silver,11.25,9.0
Klevv CRAS 16 GB,,"4,2133","4,4",,Black / Silver,14.065,15.0
Kingston KVR1333D3N9K4/32G 32 GB,2942.0,"3,1333","4,8",4.597,Green,13.503,9.0
Kingston HyperX Predator 32 GB,,"4,2133","4,8",,Black,12.189,13.0
Kingston ValueRAM 4 GB,,"4,2133","1,4",,Black / Gray,14.065,15.0
EVGA Superclocked 16 GB,,"3,1866","2,8",,Black,9.646,9.0
Crucial Ballistix Sport 8 GB,,"3,1600","2,4",,Black / Silver,11.25,9.0
G.Skill Ripjaws 4 16 GB,,"4,2666","2,8",,Red,11.253,15.0
Corsair Vengeance LPX 8 GB,,"4,2133","2,4",,Red,14.065,15.0
Kingston HyperX Fury 8 GB,,"4,2666","1,8",,Black / White,11.253,15.0
Patriot PSD416G2133K 16 GB,,"4,2133","2,8",,Green,14.065,15.0
Corsair Vengeance LPX 8 GB,,"4,3600","2,4",,Black / Yellow,10.0,18.0
Kingston HyperX Savage 16 GB,,"4,2133","2,8",,Black / White,12.189,13.0
G.Skill Trident Z 16 GB,,"4,3200","4,4",,Red / Silver,10.0,16.0
G.Skill Trident Z 8 GB,,"4,3600","2,4",,Red / Silver,9.444,17.0
ADATA XPG V3 16 GB,,"3,2133","2,8",,Black / Red,9.376,10.0
G.Skill Ripjaws V 64 GB,,"4,2400","4,16",,Red,12.5,15.0
GeIL EVO POTENZA 8 GB,,"4,2133","2,4",,Red,14.065,15.0
G.Skill Trident Z 32 GB,,"4,3200","4,8",,Red / Silver,8.75,14.0
G.Skill Ripjaws V 32 GB,,"4,3200","4,8",,Black,8.75,14.0
GeIL Super Luce 16 GB,,"4,2400","2,8",,Black / Blue,12.5,15.0
G.Skill Aegis 16 GB,,"4,2133","1,16",,Black / Red,14.065,15.0
Crucial CT2K102464BF186D 16 GB,573.6,"3,1866","2,8",1.792,Black / Green,13.934,13.0
Mushkin Essentials 16 GB,,"3,1600","2,8",,Black / Green,11.25,9.0
Corsair Vengeance LPX 32 GB,,"4,2400","4,8",,Black / Yellow,10.0,12.0
Kingston Savage 16 GB,,"4,2400","2,8",,Black,10.0,12.0
Corsair Dominator Platinum 64 GB,,"4,3200","8,8",,Black / Silver,9.375,15.0
Kingston KCP313NS8/4 4 GB,593.4,"3,1333","1,4",7.418,Black / Green,13.503,9.0
Avexir Core 16 GB,,"4,2666","2,8",,Black / Blue,12.753,17.0
Corsair Vengeance LPX 32 GB,,"4,2666","2,16",,White,12.003,16.0
Corsair Vengeance LED 32 GB,,"4,2666","2,16",,Black / Red,12.003,16.0
Corsair Vengeance LED 32 GB,,"4,3400","4,8",,Black / Red,9.412,16.0
Crucial CT7982449 16 GB,,"4,2133","1,16",,Green,14.065,15.0
TEAMGROUP Dark 16 GB,,"4,2400","2,8",,Black / Silver,11.667,14.0
G.Skill Trident Z RGB 32 GB,,"4,3600","4,8",,Black,9.444,17.0
Kingston Predator 32 GB,,"4,3000","2,16",,Black,10.0,15.0
G.Skill Trident Z RGB 32 GB,,"4,2400","2,16",,Black,12.5,15.0
Kingston Predator 16 GB,,"4,3333","2,8",,Black / Silver,9.601,16.0
Crucial Ballistix Elite 32 GB,,"4,3000","2,16",,Black,10.0,15.0
TEAMGROUP T-Force Delta RGB 16 GB,,"4,2400","1,16",,Black,12.5,15.0
TEAMGROUP T-Force Delta RGB 8 GB,,"4,3000","2,4",,White,10.667,16.0
Patriot PSD48G2400K 8 GB,,"4,2400","2,4",,,13.333,16.0
Patriot Viper Elite 8 GB,,"4,2400","1,8",,Gray,13.333,16.0
G.Skill Trident Z RGB 32 GB,6980.0,"4,4000","4,8",10.906,Black,8.5,17.0
Corsair Vengeance LED 32 GB,,"4,3200","2,16",,Black / White,10.0,16.0
G.Skill Trident Z 16 GB,,"4,4500","2,8",,Silver / White,8.444,19.0
G.Skill Trident Z 16 GB,,"4,3600","2,8",,Black / White,8.889,16.0
G.Skill Trident Z 32 GB,,"4,3200","4,8",,Black / White,11.25,18.0
TEAMGROUP T-Force Night Hawk RGB 32 GB,,"4,3200","2,16",,White,10.0,16.0
GeIL EVO FORZA 16 GB,,"4,2666","2,8",,Red / Black,12.003,16.0
Corsair Vengeance RGB 32 GB,,"4,3000","2,16",,Black,10.667,16.0
Kingston HyperX Predator 16 GB,,"4,2666","1,16",,Black,9.752,13.0
G.Skill Trident Z RGB 32 GB,,"4,2666","4,8",,Black,13.503,18.0
Crucial Ballistix Tactical Tracer 16 GB,,"4,2666","2,8",,Silver,12.003,16.0
G.Skill Ripjaws V 16 GB,,"4,3600","1,16",,Red / Black,10.556,19.0
Patriot Signature Line 8 GB,,"4,2666","2,4",,Black / White,14.254,19.0
Patriot Viper Elite 8 GB,,"4,2666","2,4",,Silver,12.003,16.0
ADATA XPG GAMMIX D10 8 GB,,"4,3000","1,8",,Red / White,10.667,16.0
Patriot Viper Venom RGB 16 GB,,"4,3000","2,8",,Black / Silver,10.0,15.0
Patriot Viper Venom RGB 16 GB,,"4,4133","2,8",,Black / Silver,9.194,19.0
Kingston HyperX Predator RGB 16 GB,,"4,2933","2,8",,Black,10.228,15.0
Crucial CT4K4G4RFS8266 16 GB,,"4,2666","4,4",,Green / Black,14.254,19.0
Crucial Ballistix Sport LT 16 GB,,"4,2666","1,16",,White / Camo,12.003,16.0
ADATA XPG SPECTRIX D80 16 GB,,"4,3600","2,8",,Red,9.444,17.0
ADATA XPG SPECTRIX D41 32 GB,,"4,2666","2,16",,Black,12.003,16.0
Crucial CT4G4WFS8266 4 GB,,"4,2666","1,4",,Green / Black,14.254,19.0
Corsair Dominator Platinum 32 GB,,"4,3200","4,8",,Silver / Black,10.0,16.0
Crucial Ballistix Sport AT 16 GB,,"4,2666","2,8",,Silver / Black,12.003,16.0
Corsair Vengeance LPX 128 GB,,"4,3200","8,16",,Black / Yellow,10.0,16.0
Corsair Vengeance RGB Pro 64 GB,,"4,3600","4,16",,White,10.0,18.0
G.Skill Trident Z RGB 16 GB,,"4,3600","2,8",,Black,10.556,19.0
Kingston HyperX Fury 32 GB,,"4,3466","2,16",,Black / White,10.964,19.0
Corsair Vengeance RGB Pro 128 GB,,"4,2666","8,16",,Black,12.003,16.0
Kingston HyperX Fury 64 GB,,"4,2933","4,16",,Black / White,11.592,17.0
Corsair Dominator Platinum 16 GB,,"4,4000","2,8",,Black / Silver,9.5,19.0
TEAMGROUP T-Force Night Hawk Legend RGB 16 GB,,"4,3200","2,8",,Gold,8.75,14.0
Crucial Ballistix Tactical Tracer 8 GB,,"4,2666","1,8",,Silver / Black,12.003,16.0
Crucial CT2K2G4SFS624A 4 GB,,"4,2400","2,2",,Green / Black,14.167,17.0
Kingston KSM24ES8/8ME 8 GB,,"4,2400","1,8",,Green / Black,14.167,17.0
Crucial Ballistix Sport LT 64 GB,,"4,3200","4,16",,Silver / Black,10.0,16.0
Crucial Ballistix Sport LT 32 GB,,"4,3200","4,8",,Silver / Black,10.0,16.0
Crucial Ballistix Sport LT 32 GB,,"4,3000","2,16",,Silver / Black,10.0,15.0
Crucial Ballistix Sport LT 8 GB,,"4,3200","1,8",,Red / Black,10.0,16.0
G.Skill Trident Z Royal 32 GB,,"4,4000","2,16",,Silver,9.5,19.0
V-Color SKYWALKER 16 GB,,"4,3000","2,8",,Black / Silver,10.0,15.0
G.Skill Trident Z Royal 16 GB,4180.0,"4,3600","2,8",13.062,Silver,8.889,16.0
G.Skill Trident Z 16 GB,2980.0,"4,4133","2,8",9.312,Silver / Red,9.194,19.0
Crucial Ballistix Elite 16 GB,,"4,3600","2,8",,Black,8.889,16.0
OLOy MD4U083016BBSA 8 GB,,"4,3000","1,8",,Black / Red,10.667,16.0
TEAMGROUP T-Force Vulcan Z 8 GB,,"4,3000","1,8",,Silver / Black,10.667,16.0
TEAMGROUP T-Force Vulcan Z 8 GB,,"4,3000","2,4",,Silver / Black,10.667,16.0
Corsair Vengeance LPX 128 GB,,"4,2400","4,32",,Black / Yellow,13.333,16.0
Corsair Vengeance LPX 32 GB,,"4,2400","1,32",,Black / Yellow,13.333,16.0
TEAMGROUP T-Force Vulcan Z 32 GB,,"4,2666","2,16",,Black,13.503,18.0
TEAMGROUP T-Force Vulcan Z 16 GB,,"4,2666","1,16",,Red,13.503,18.0
OLOy WarHawk RGB 32 GB,,"4,3600","2,16",,Black / White,10.556,19.0
Crucial Ballistix Elite 32 GB,,"4,4000","4,8",,Black,9.0,18.0
Mushkin Redline 16 GB,1435.6,"4,3200","2,8",4.486,Red / Silver,10.0,16.0
TEAMGROUP T-Force Dark 16 GB,,"4,3200","2,8",,Red / Black,10.0,16.0
Kingston HyperX Fury RGB 64 GB,,"4,3200","4,16",,Black,10.0,16.0
Kingston HyperX Fury RGB 32 GB,,"4,3466","2,16",,Black,9.233,16.0
Corsair Vengeance RGB Pro 16 GB,,"4,4600","2,8",,Black,7.826,18.0
Corsair Vengeance LPX 64 GB,,"4,3000","2,32",,Black / Yellow,10.0,15.0
G.Skill Trident Z RGB 64 GB,,"4,3600","4,16",,Black,8.889,16.0
Corsair Vengeance RGB Pro 64 GB,,"4,2666","2,32",,Black,12.003,16.0
Corsair Vengeance LPX 16 GB,,"4,3600","2,8",,Black / Yellow,11.111,20.0
Crucial Ballistix 32 GB,,"4,3000","2,16",,Black,10.0,15.0
Crucial Ballistix 64 GB,,"4,3200","2,32",,White,10.0,16.0
Crucial Ballistix 32 GB,,"4,2666","2,16",,White,12.003,16.0
Crucial Ballistix 64 GB,,"4,3600","2,32",,Black,8.889,16.0
Crucial Ballistix RGB 64 GB,,"4,3600","2,32",,White,8.889,16.0
TEAMGROUP T-Force Dark Z 16 GB,,"4,3600","2,8",,Silver,10.0,18.0
Kingston HyperX Fury 128 GB,,"4,3200","4,32",,Black,10.0,16.0
V-Color Prism RGB 16 GB,,"4,3200","2,8",,Black / Silver,10.0,16.0
G.Skill Trident Z RGB 128 GB,,"4,2666","4,32",,Black,13.503,18.0
Antec Katana RGB 16 GB,2001.4,"4,3200","2,8",6.254,Black,10.0,16.0
Thermaltake TOUGHRAM RGB 64 GB,,"4,3600","2,32",,Black,10.0,18.0
G.Skill Ripjaws V 32 GB,,"4,4000","2,16",,Black,8.0,16.0
G.Skill Trident Z RGB 32 GB,,"4,4266","2,16",,Black,7.97,17.0
G.Skill Ripjaws V 16 GB,,"4,4400","2,8",,Black,7.273,16.0
Timetec 75TT32NU2R8-16GK2 32 GB,,"4,3200","2,16",,Black,10.0,16.0
G.Skill Trident Z RGB 64 GB,,"4,3600","4,16",,Black,7.778,14.0
TEAMGROUP T-Force Vulcan Z 8 GB,,"4,3600","1,8",,Red / Black,10.0,18.0
G.Skill Trident Z Royal 32 GB,,"4,3600","2,16",,Silver,7.778,14.0
Kingston ValueRAM 16 GB,,"4,3200","1,16",,Green,13.75,22.0
Kingston HyperX Fury 64 GB,,"4,2666","4,16",,Black,12.003,16.0
Kingston HyperX Fury 64 GB,,"4,3600","4,16",,Black,10.0,18.0
Apacer AU 8 GB,,"4,2133","1,8",,Black,14.065,15.0
TEAMGROUP T-Force Xtreem ARGB 16 GB,1962.4,"4,3200","2,8",6.133,White,10.0,16.0
Corsair Dominator Platinum RGB 32 GB,,"5,5200","2,16",,White,14.615,38.0
G.Skill Trident Z5 32 GB,,"5,6000","2,16",,Black / Silver,12.0,36.0
Acer Predator Apollo RGB 16 GB,,"4,3200","2,8",,Silver / Black,10.0,16.0
G.Skill Trident Z Royal 64 GB,,"4,4400","2,32",,Gold,8.636,19.0
TEAMGROUP T-Force Delta TUF Gaming Alliance RGB 32 GB,,"5,5200","2,16",,Black,15.385,40.0
G.Skill Ripjaws V 128 GB,,"4,3600","8,16",,Black,7.778,14.0
G.Skill Trident Z Royal 256 GB,,"4,3200","8,32",,Silver,8.75,14.0
G.Skill Trident Z Royal 256 GB,,"4,3200","8,32",,Gold,8.75,14.0
HP V10 RGB 16 GB,,"4,3200","2,8",,Silver / Black,8.75,14.0
HP V8 RGB 32 GB,,"4,3600","2,16",,Black / Silver,10.0,18.0
Kingston FURY Renegade 16 GB,,"4,3600","1,16",,Black,8.889,16.0
GeIL Orion RGB AMD Edition 16 GB,,"4,3600","2,8",,Gray,10.0,18.0
GeIL Orion AMD Edition 32 GB,,"4,3600","2,16",,Red,10.0,18.0
GeIL Orion AMD Edition 32 GB,,"4,3200","2,16",,Gray,10.0,16.0
ADATA XPG LANCER RGB 16 GB,,"5,6000","1,16",,Black,13.333,40.0
Addlink Spider X4 32 GB,,"4,3200","2,16",,Black,10.0,16.0
TEAMGROUP T-Force Vulcan Z 16 GB,,"4,3600","1,16",,Red,10.0,18.0
TEAMGROUP T-Force Delta RGB 16 GB,,"4,3000","1,16",,White,10.667,16.0
TEAMGROUP T-Force Delta RGB 16 GB,,"4,3600","2,8",,White,7.778,14.0
TEAMGROUP T-Force Delta RGB 32 GB,,"4,3600","2,16",,White,7.778,14.0
Kingston FURY Renegade 64 GB,,"4,2666","4,16",,Black,9.752,13.0
Kingston FURY Renegade 16 GB,,"4,2666","2,8",,Black,9.752,13.0
G.Skill Trident Z5 RGB 64 GB,,"5,5600","2,32",,Black,12.857,36.0
G.Skill Trident Z5 RGB 32 GB,,"5,5200","2,16",,Black,13.846,36.0
G.Skill Trident Z5 RGB 32 GB,,"5,5200","2,16",,Black,15.385,40.0
Kingston ValueRAM 16 GB,1399.0,"5,4800","2,8",4.372,,16.667,40.0
G.Skill Ripjaws S5 32 GB,,"5,5200","2,16",,Black,10.769,28.0
Lexar Hades RGB 32 GB,,"4,3600","2,16",,Black,10.0,18.0
V-Color SKYWALKER PLUS 32 GB,,"4,3200","2,16",,White,10.0,16.0
TEAMGROUP Elite 16 GB,,"4,2133","1,16",,Black,14.065,15.0
TEAMGROUP Elite 32 GB,,"4,2400","2,16",,Black,13.333,16.0
TEAMGROUP T-Force Xtreem 16 GB,,"4,5333","2,8",,Black / White,8.251,22.0
TEAMGROUP T-Force Delta TUF Gaming Alliance RGB 16 GB,,"4,2933","1,16",,Black / Gold,10.91,16.0
ADATA XPG SPECTRIX D50 32 GB,,"4,3600","2,16",,Black,10.0,18.0
ADATA XPG SPECTRIX D50 32 GB,,"4,3200","4,8",,Black,10.0,16.0
Mushkin Redline Lumina 64 GB,,"4,3200","2,32",,White,8.75,14.0
Mushkin Redline Lumina 32 GB,3013.6,"4,3600","2,16",4.709,White,10.0,18.0
Mushkin Redline Lumina 16 GB,1147.39,"4,3600","2,8",3.586,White,10.0,18.0
G.Skill Trident Z RGB 64 GB,13580.0,"4,3600","8,8",10.609,,8.889,16.0
G.Skill F4-3600C16Q2-64GTZKK 64 GB,8516.2,"4,3600","8,8",6.653,Black,8.889,16.0
G.Skill Trident Z Neo 128 GB,,"4,3600","8,16",,Black / White,7.778,14.0
G.Skill Trident Z RGB (For AMD) 128 GB,,"4,2933","8,16",,Black,9.547,14.0
HP V6 16 GB,,"4,3000","2,8",,Blue,10.667,16.0
Corsair Dominator Platinum RGB 32 GB,,"5,6000","2,16",,Black,12.0,36.0
Patriot Viper Venom RGB 32 GB,,"4,3000","2,16",,Black,10.667,16.0
Patriot Viper Venom RGB 32 GB,,"4,3600","2,16",,Black,9.444,17.0
Silicon Power XPOWER Turbine 16 GB,,"4,3200","1,16",,Blue / Black,10.0,16.0
Silicon Power SP016GBLFU213B02 16 GB,,"4,2133","1,16",,,14.065,15.0
Silicon Power SP001GBRDE400O01 1 GB,,400,"1,1",,,12.5,2.5
G.Skill Trident Z5 RGB 64 GB,,"5,6000","2,32",,Black,10.667,32.0
TEAMGROUP Night Hawk RGB Gen 2 64 GB,,"4,3200","2,32",,Black,10.0,16.0
Thermaltake TOUGHRAM XG RGB 16 GB,3499.6,"4,4000","2,8",10.936,Black / Silver,9.5,19.0
Corsair Vengeance RGB 32 GB,,"5,5600","2,16",,Black / Gray,12.857,36.0
Neo Forza MARS 64 GB,,"4,3600","2,32",,Gray / Black,10.0,18.0
TEAMGROUP Elite Plus 16 GB,,"5,5200","1,16",,Black,16.154,42.0
TEAMGROUP Elite 32 GB,,"5,6000","2,16",,Black,16.0,48.0
OLOy Blade RGB 32 GB,,"5,5200","2,16",,Platinum,13.846,36.0
OLOy Blade 32 GB,,"5,6400","2,16",,Black,10.0,32.0
TEAMGROUP Elite 32 GB,,"5,5200","2,16",,Black,16.154,42.0
Timetec PINNACLE Konduit 64 GB,,"4,3200","2,32",,White,10.0,16.0
PROXMEM KERBEROS TUF 32 GB,,"5,6000","2,16",,Black / Silver,10.0,30.0
Thermaltake TOUGHRAM RC 32 GB,,"5,5600","2,16",,Black,12.857,36.0
G.Skill Zeta R5 64 GB,12424.2,"5,6400","4,16",9.706,Black / White,10.0,32.0
OLOy Blade 32 GB,,"5,6000","2,16",,White,10.667,32.0
Crucial Ballistix MAX RGB 16 GB,,"4,4400","2,8",,Black,8.636,19.0
Kingston FURY 64 GB,,"5,5600","2,32",,White,14.286,40.0
G.Skill Ripjaws S5 48 GB,4065.6,"5,6000","2,24",4.235,Black,13.333,40.0
Mushkin Enhanced Redline Stiletto 64 GB,,"4,3600","2,32",,Black,8.889,16.0
OLOy WarHawk RGB 8 GB,,"4,3600","1,8",,Black / Silver,10.0,18.0
TEAMGROUP Elite 32 GB,,"5,6400","1,32",,Black,16.25,52.0
Apacer Panther RGB 32 GB,,"5,5200","2,16",,Silver / Black,14.615,38.0
Samsung M393B1G70BH0-CK0 8 GB,519.79,"3,1600","1,8",3.249,Green,13.75,11.0
Silicon Power SP032GBLVU560FD2AD 32 GB,,"5,5600","2,16",,Black,16.429,46.0
Silicon Power SP064GBLVU560FD2AD 64 GB,3744.6,"5,5600","2,32",2.925,Black,16.429,46.0
TEAMGROUP T-Force Vulcan 32 GB,,"5,6000","2,16",,Black,9.333,28.0
Lexar Ares RGB 32 GB,,"4,3866","2,16",,Black,9.312,18.0
Lexar Ares RGB 16 GB,,"4,4000","2,8",,White,9.0,18.0
GeIL EVO X II AMD 8 GB,,"4,2400","1,8",,Black,13.333,16.0
ADATA XPG GAMMIX D10 8 GB,,"4,3200","1,8",,White,10.0,16.0
OLOy OWL RGB 64 GB,,"4,3200","2,32",,Black,10.0,16.0
Silicon Power XPOWER Zenith Gaming 16 GB,,"5,6000","1,16",,White,10.0,30.0
Mushkin Redline Lumina 32 GB,,"5,6400","2,16",,Black,9.375,30.0
Mushkin Redline ST 32 GB,,"5,6000","2,16",,Black,10.0,30.0
Mushkin Redline ST 32 GB,,"5,6800","2,16",,Black,9.412,32.0
Acer Predator Pallas II 32 GB,,"5,6600","2,16",,Black,10.303,34.0
Acer Predator Vesta II RGB 32 GB,,"5,6000","2,16",,Silver,10.667,32.0
Acer Predator Hermes RGB 48 GB,,"5,6800","2,24",,White,10.588,36.0
V-Color TRA548G68D834Q 192 GB,33399.8,"5,6800","4,48",8.698,White,10.0,34.0
Kingston FURY Renegade 16 GB,2119.6,"5,7600","1,16",6.624,Silver / White,10.0,38.0
Corsair WS 128 GB,18859.8,"5,5600","4,32",7.367,Black / Green,14.286,40.0
Corsair WS 256 GB,35779.8,"5,5600","8,32",,Black / Green,14.286,40.0
Kingston FURY Renegade Pro 128 GB,20700.0,"5,6400","4,32",8.086,Black,10.0,32.0
Kingston FURY Renegade Pro 128 GB,29568.0,"5,5600","8,16",11.55,Black,10.0,28.0
Kingston FURY Renegade Pro 256 GB,36860.0,"5,6400","8,32",7.199,Black,10.0,32.0
Silicon Power XPOWER Storm RGB 32 GB,,"5,7200","1,32",,White,9.444,34.0
Kingston FURY Beast 32 GB,,"5,6400","1,32",,White,10.0,32.0
TEAMGROUP T-Force Vulcanα 64 GB,,"5,6000","2,32",,Black,12.667,38.0
Acer Predator Pallas II 48 GB,,"5,6400","2,24",,Black,10.0,32.0
Biwin Black Opal DW100 RGB 32 GB,,"5,7200","2,16",,Black,9.444,34.0
Mushkin Redline 64 GB,4902.39,"4,3200","2,32",3.83,,13.75,22.0
Kingston FURY Impact 32 GB,1400.0,"4,3200","1,32",2.188,Black,12.5,20.0
Kingston ValueRAM 32 GB,2588.8,"4,3200","1,32",4.045,,13.75,22.0
Silicon Power SP016GBSFU240B22 16 GB,,"4,2400","2,8",,,14.167,17.0
Crucial CT2K16G4SFD8266 32 GB,1700.0,"4,2666","2,16",2.656,Green / Black,14.254,19.0
Corsair ValueSelect 16 GB,1379.6,"4,2133","2,8",4.311,Black / Yellow,14.065,15.0
Mushkin Redline 96 GB,4799.8,"5,5600","2,48",2.5,Black,16.429,46.0
Silicon Power SP064GBLFU320X22 64 GB,,"4,3200","2,32",,,13.75,22.0
Kingston FURY Impact 8 GB,759.8,"5,4800","1,8",4.749,Black,15.833,38.0
Kingston FURY Impact 16 GB,1084.59,"5,4800","1,16",3.389,Black,15.833,38.0
Samsung M393B2G70DB0-CMA 16 GB,675.8,"3,1866","1,16",2.112,Black / Green,13.934,13.0
G.Skill Ripjaws 32 GB,,"4,2133","2,16",,Black,14.065,15.0
Mushkin Redline 16 GB,759.8,"4,2666","2,8",2.374,,12.003,16.0
Corsair Vengeance 16 GB,1779.8,"3,1600","2,8",5.562,Black / Silver,11.25,9.0
Crucial CT2KIT102464BF160B 16 GB,500.0,"3,1600","2,8",1.562,Green,13.75,11.0
G.Skill Trident Z RGB 32 GB,,"4,4000","4,8",,,9.0,18.0
G.Skill Ripjaws 32 GB,1599.8,"5,4800","2,16",2.5,Black / Silver,16.667,40.0
Mushkin MES4S213FF8G18 8 GB,392.2,"4,2133","1,8",2.451,,14.065,15.0
Corsair Vengeance Performance 8 GB,879.59,"4,2666","1,8",5.497,Black / Yellow,13.503,18.0
Kingston Fury Renegade RGB 16 GB,,"4,3200","1,16",,Black / Silver,10.0,16.0
Mushkin Redline 16 GB,,"4,3200","2,8",,White,10.0,16.0
G.Skill Trident Z 32 GB,,"5,6000","2,16",,White / Black,10.0,30.0
G.Skill Ripjaws V 16 GB,3299.0,"4,2666","2,8",10.309,Blue,11.253,15.0
Kingston KCP424SD8/16 16 GB,839.8,"4,2400","1,16",2.624,Green / Black,14.167,17.0
Kingston ValueRAM 16 GB,1175.59,"4,2400","1,16",3.674,Green / Black,14.167,17.0
G.Skill Trident Z Neo 32 GB,1852.8,"4,3000","2,16",2.895,Silver / Black,10.667,16.0
Silicon Power SP016GBSFU266F02 16 GB,,"4,2666","1,16",,Black,14.254,19.0
Mushkin Proline 32 GB,1707.4,"4,2933","1,32",2.668,,15.002,22.0
G.Skill Ripjaws M5 RGB 64 GB,,"5,5600","2,32",,White,16.429,46.0
Biwin Black Opal DW100 RGB 64 GB,,"5,6400","2,32",,Black,10.0,32.0
Corsair XMS2 2 GB,1499.0,"2,800","2,1",37.475,Black / Purple,10.0,4.0
G.Skill Ripjaws 4 GB,343.2,"3,1333","1,4",4.29,Black / Red,13.503,9.0
Patriot Viper Xtreme Division 4 8 GB,3000.0,"3,1866","4,2",18.75,Black / Silver,9.646,9.0
Corsair Vengeance 8 GB,1785.2,"3,2133","2,4",11.158,Black / Red,8.439,9.0
AMD RG2133 Gamer 16 GB,4131.6,"3,2133","4,4",12.911,,9.376,10.0
G.Skill Trident Z 32 GB,,"4,3200","2,16",,Red / Silver,10.0,16.0
Kingston FURY 32 GB,,"4,2400","4,8",,Black / Silver,12.5,15.0
Kingston ValueRAM 16 GB,1199.8,"4,2133","1,16",3.749,Green,14.065,15.0
G.Skill Trident Z RGB 16 GB,,"4,3600","2,8",,Black,8.889,16.0
G.Skill Trident Z Royal 16 GB,,"4,4600","2,8",,Gold,7.826,18.0
Corsair Dominator Platinum RGB 32 GB,,"4,3200","4,8",,White,10.0,16.0
G.Skill Ripjaws V 32 GB,,"4,3600","4,8",,Black,7.778,14.0
Kingston FURY Renegade 64 GB,,"4,2666","2,32",,Black,11.253,15.0
Kingston Server Premier 8 GB,1399.8,"4,2666","1,8",,,14.254,19.0
Kingston Server Premier 8 GB,1122.39,"4,3200","1,8",7.015,,13.75,22.0
Mushkin Redline 32 GB,2873.2,"4,2933","2,16",4.489,,11.592,17.0
Mushkin Redline Lumina 16 GB,1333.8,"4,4133","2,8",4.168,Black,9.194,19.0
ADATA XPG GAMMIX D10 32 GB,,"4,3600","2,16",,Black,10.0,18.0
Silicon Power SP032GBLVU560F22 32 GB,2181.19,"5,5600","2,16",3.408,Black,16.429,46.0
Mushkin Redline Lumina 32 GB,,"5,5600","2,16",,Black,10.0,28.0
Corsair WS 64 GB,11239.8,"5,6400","4,16",8.781,Black,10.0,32.0
TEAMGROUP T-Create Classic 64 GB,3599.8,"5,5600","2,32",2.812,Black,16.429,46.0
V-Color TRA532G60S432Q 128 GB,17279.8,"5,6000","4,32",6.75,White,10.667,32.0
Kingston Fury Renegade RGB 32 GB,3778.2,"5,6400","1,32",5.903,Silver / White,10.0,32.0
Kingston FURY Renegade Pro 32 GB,4602.2,"5,6400","1,32",7.191,Black,10.0,32.0
Kingston FURY Renegade Pro 32 GB,5694.4,"5,6800","1,32",8.898,Black,10.0,34.0
G.Skill Ripjaws M5 RGB 32 GB,,"5,6000","2,16",,Black,10.667,32.0
TEAMGROUP Xtreem ARGB 48 GB,,"5,7600","2,24",,White,9.474,36.0
Corsair Dominator 12 GB,,"3,1600","6,2",,Black / Blue,10.0,8.0
Corsair XMS3 DHX 4 GB,,"3,1333","2,2",,Black / White,13.503,9.0
Corsair XMS2 2 GB,1898.0,"2,800","2,1",47.45,Black / Purple,10.0,4.0
Corsair XMS2 4 GB,1015.4,"2,800","2,2",12.693,Black / Blue,12.5,5.0
Crucial CT25664AA800 2 GB,,"2,800","1,2",,Green,15.0,6.0
Crucial CT2KIT12864AA800 2 GB,499.79,"2,800","2,1",12.495,Green,15.0,6.0
Kingston ValueRAM 2 GB,347.8,"2,667","1,2",8.695,Green,14.993,5.0
Kingston HyperX 4 GB,,"3,1600","2,2",,Blue / White,10.0,8.0
Corsair XMS3 8 GB,,"3,1333","4,2",,Black / Blue,13.503,9.0
Corsair XMS3 8 GB,,"3,2000","2,4",,Black / Blue,9.0,9.0
Corsair XMS3 6 GB,,"3,1333","3,2",,Black / Blue,13.503,9.0
Corsair Dominator GT 8 GB,,"3,1866","4,2",,Black / Red,9.646,9.0
Corsair CMV4GX3M2A1333C9 4 GB,,"3,1333","2,2",,Black / Silver,13.503,9.0
Corsair Vengeance 8 GB,,"3,1600","2,4",,Black / Silver,11.25,9.0
G.Skill Ripjaws 4 GB,402.0,"3,1600","1,4",5.025,Black / Red,11.25,9.0
ADATA XPG Gaming 4 GB,,"3,2000","2,2",,Black / Silver,9.0,9.0
Patriot Viper Xtreme 8 GB,1905.8,"3,2000","2,4",11.911,Black / Silver,9.0,9.0
Patriot Viper II Sector 5 Edition 4 GB,,"3,2500","2,2",,Black / Red,7.2,9.0
Kingston KVR1333D3K3/6GR 6 GB,,"3,1333","3,2",,Green,13.503,9.0
Kingston HyperX Grey 8 GB,,"3,1600","2,4",,Gray / Silver,11.25,9.0
G.Skill Ripjaws X 8 GB,,"3,2133","2,4",,Black / Red,10.314,11.0
Corsair Vengeance 8 GB,,"3,1600","2,4",,Black / Blue,11.25,9.0
Crucial CT3KIT102464BA1339 24 GB,,"3,1333","3,8",,Green,13.503,9.0
Crucial CT102464BA1339 8 GB,,"3,1333","1,8",,Green,13.503,9.0
Wintec Value 8 GB,,"3,1333","1,8",,Green,13.503,9.0
G.Skill Ripjaws X 32 GB,,"3,1333","4,8",,Black / Red,13.503,9.0
G.Skill Ripjaws Z 16 GB,,"3,2133","4,4",,Black / Blue,8.439,9.0
G.Skill Ripjaws Z 64 GB,,"3,1600","8,8",,Black / Red,12.5,10.0
Corsair Vengeance 16 GB,,"3,1866","4,4",,Black / Red,9.646,9.0
Mushkin Essentials 16 GB,,"3,1333","2,8",,Green,13.503,9.0
Corsair Dominator GT 8 GB,,"3,2133","2,4",,Black / Red,8.439,9.0
Corsair Vengeance LP 4 GB,,"3,1600","1,4",,Black / Yellow,8.75,7.0
G.Skill Ripjaws X 32 GB,,"3,1866","4,8",,Black / Red,10.718,10.0
Corsair Vengeance 16 GB,,"3,1866","2,8",,Black / Silver,9.646,9.0
Corsair XMS 16 GB,,"3,1333","2,8",,Black / Silver,13.503,9.0
G.Skill Value 8 GB,407.6,"3,1333","1,8",2.547,Black,13.503,9.0
Corsair Dominator Platinum 16 GB,,"3,1866","2,8",,Black / Silver,9.646,9.0
Kingston KVR16S11S8/4 4 GB,379.4,"3,1600","1,4",4.742,,13.75,11.0
GeIL EVO VELOCE 16 GB,,"3,2400","2,8",,White,9.167,11.0
Corsair CMV8GX3M2A1600C11 8 GB,1059.59,"3,1600","2,4",6.622,Green,13.75,11.0
Corsair Vengeance LP 8 GB,,"3,1866","2,4",,Black / Blue,9.646,9.0
Crucial Ballistix Tactical 8 GB,,"3,1600","1,8",,Black / Yellow,10.0,8.0
G.Skill Trident X 32 GB,,"3,1600","4,8",,Black / Red,8.75,7.0
Corsair Dominator Platinum 32 GB,,"3,1866","4,8",,Black / Silver,9.646,9.0
Kingston Black 4 GB,,"3,1600","1,4",,Black / Silver,11.25,9.0
Crucial Ballistix Tactical Tracer 16 GB,,"3,1600","2,8",,,10.0,8.0
Kingston KVR13N9S8K2/8 8 GB,999.8,"3,1333","2,4",6.249,Green,13.503,9.0
Corsair Vengeance Pro 16 GB,,"3,2133","2,8",,Black / Red,10.314,11.0
G.Skill Ripjaws X 32 GB,5040.0,"3,2400","4,8",7.875,,9.167,11.0
PNY XLR8 16 GB,,"3,1600","2,8",,,11.25,9.0
Crucial Ballistix Sport XT 16 GB,,"3,1866","2,8",,,10.718,10.0
Corsair Vengeance Pro 16 GB,,"3,2133","2,8",,Black / Silver,10.314,11.0
Crucial Ballistix Sport XT 8 GB,,"3,1866","2,4",,,10.718,10.0
TEAMGROUP Dark 8 GB,,"3,1600","2,4",,,11.25,9.0
TEAMGROUP Elite 8 GB,,"3,1333","2,4",,,13.503,9.0
TEAMGROUP Elite 4 GB,,"2,667","2,2",,,14.993,5.0
ADATA XPG V1.0 4 GB,,"3,1600","1,4",,,11.25,9.0
G.Skill Aegis 4 GB,559.79,"3,1333","1,4",6.997,,13.503,9.0
G.Skill Aegis 16 GB,,"3,1600","2,8",,,13.75,11.0
G.Skill Aegis 8 GB,503.6,"3,1600","2,4",3.147,,13.75,11.0
Corsair Mac Memory 4 GB,317.39,"3,1333","1,4",3.967,Black / Green,13.503,9.0
G.Skill FA-1333C9Q-32GSQ 32 GB,1618.19,"3,1333","4,8",2.528,Black / Green,13.503,9.0
HP B4U37AA 8 GB,,"3,1600","1,8",,Black / Blue,13.75,11.0
Corsair Vengeance Pro 16 GB,,"3,2800","2,8",,Black / Red,8.571,12.0
Corsair Vengeance Pro 16 GB,,"3,2800","4,4",,Black / Red,8.571,12.0
Corsair Vengeance Pro 16 GB,,"3,3000","4,4",,Black / Red,8.0,12.0
AMD R9 2400 16 GB,,"3,2400","2,8",,Black / Silver,9.167,11.0
Crucial BLE4KIT4G3D1608DE1TX0 16 GB,,"3,1600","4,4",,Black,10.0,8.0
Corsair Vengeance Pro 16 GB,,"3,2133","4,4",,Black / Red,8.439,9.0
Kingston HyperX Fury 8 GB,,"3,1333","2,4",,Red / Silver,13.503,9.0
Kingston HyperX Fury 8 GB,,"3,1333","2,4",,White / Silver,13.503,9.0
Kingston HyperX Fury 8 GB,,"3,1866","2,4",,Red / Silver,10.718,10.0
Corsair XMS3 8 GB,,"3,1333","2,4",,Black / Silver,13.503,9.0
Crucial Ballistix Sport 8 GB,,"4,2400","2,4",,Gray / Silver,13.333,16.0
Kingston HyperX Savage 16 GB,,"3,1600","2,8",,Black / Red,11.25,9.0
Kingston HyperX Savage 8 GB,,"3,2400","1,8",,Black / Red,9.167,11.0
Kingston HyperX Beast 8 GB,,"3,2400","2,4",,Black,9.167,11.0
TEAMGROUP Elite Plus 2 GB,,"3,1333","1,2",,Black / Gold,13.503,9.0
G.Skill Trident X 8 GB,,"3,3100","2,4",,Black / Red,7.742,12.0
Mushkin Blackline 32 GB,,"3,2400","4,8",,Yellow,9.167,11.0
TEAMGROUP Elite Plus 8 GB,,"3,1333","2,4",,Black / Gold,13.503,9.0
G.Skill Ripjaws 4 16 GB,,"4,3200","4,4",,Black / Red,10.0,16.0
Wintec 3RSL160011R9H-32GQ 32 GB,,"3,1600","4,8",,Black / Silver,13.75,11.0
TEAMGROUP Elite 8 GB,,"4,2133","1,8",,Black / Green,14.065,15.0
Corsair Vengeance LPX 32 GB,,"4,2666","4,8",,Blue,11.253,15.0
Corsair Dominator Platinum 32 GB,,"4,2800","4,8",,Black / Silver,10.714,15.0
Corsair Vengeance Pro 16 GB,,"3,2400","2,8",,Black / Red,9.167,11.0
Kingston HyperX Fury 4 GB,,"4,2133","1,4",,Black / White,13.127,14.0
Kingston KVR21N15/8 8 GB,,"4,2133","1,8",,Black / Green,14.065,15.0
Corsair Vengeance LPX 16 GB,,"4,3200","4,4",,Black / White,9.375,15.0
Kingston HyperX Fury 16 GB,,"4,2133","4,4",,Black / Silver,13.127,14.0
Kingston HyperX Fury 64 GB,,"4,2133","8,8",,Black / Silver,13.127,14.0
Kingston HyperX Fury 32 GB,,"4,2666","4,8",,Black / Silver,11.253,15.0
Crucial CT2K16G3ERSDD4186D 32 GB,,"3,1866","2,16",,Green,13.934,13.0
Crucial CT25672BD160B 2 GB,,"3,1600","1,2",,Green,13.75,11.0
Corsair Vengeance LPX 32 GB,,"4,2133","4,8",,Black / Yellow,14.065,15.0
Corsair Vengeance LPX 8 GB,,"4,2400","1,8",,Red,12.5,15.0
Avexir Blitz1.1 16 GB,,"3,2133","2,8",,Black / Yellow,8.439,9.0
EVGA Superclocked 16 GB,,"3,1600","2,8",,Black,11.25,9.0
Corsair Vengeance LPX 16 GB,,"4,3200","4,4",,Black / Yellow,9.375,15.0
PNY Anarchy X 16 GB,2578.19,"3,2666","2,8",,Black / Red,9.002,12.0
PNY Anarchy 16 GB,,"4,2133","2,8",,Black / Blue,14.065,15.0
Corsair Vengeance LP 8 GB,,"3,1600","2,4",,Black / Yellow,13.75,11.0
G.Skill Ripjaws V 32 GB,,"4,2133","4,8",,Black / Red,14.065,15.0
Avexir Blitz1.1 16 GB,,"3,2000","2,8",,Red / Silver,9.0,9.0
Corsair Dominator Platinum 16 GB,,"4,2666","2,8",,Black / Silver,11.253,15.0
G.Skill Ripjaws V 16 GB,,"4,2400","4,4",,Black / Red,12.5,15.0
G.Skill Ripjaws V 16 GB,,"4,3000","4,4",,Black / Red,10.0,15.0
Corsair Dominator Platinum 8 GB,,"4,2666","2,4",,Black / Silver,11.253,15.0
Crucial Ballistix Tactical 16 GB,,"4,2666","2,8",,Silver,12.003,16.0
G.Skill Ripjaws V 8 GB,,"4,3000","2,4",,Black / Red,10.0,15.0
Patriot Viper 4 8 GB,1193.59,"4,2800","2,4",7.46,Black / Red,11.429,16.0
G.Skill Ripjaws V 32 GB,,"4,2800","2,16",,Red,10.714,15.0
GeIL Dragon RAM Combo 8 GB,,"4,3600","2,4",,White / Gold,9.444,17.0
Corsair Dominator Platinum 64 GB,,"4,2800","4,16",,Black / Silver,10.714,15.0
G.Skill Ripjaws V 32 GB,,"4,3400","4,8",,Black,9.412,16.0
Kingston Savage 128 GB,,"4,2666","8,16",,Black / Silver,11.253,15.0
Corsair Dominator Platinum 32 GB,,"4,3200","4,8",,Black / Silver,9.375,15.0
G.Skill Ripjaws V 16 GB,,"4,2666","2,8",,Silver,11.253,15.0
G.Skill Ripjaws V 16 GB,,"4,2800","2,8",,Silver,10.714,15.0
Corsair Dominator Platinum 16 GB,,"4,3200","4,4",,Black / Silver,9.375,15.0
G.Skill Trident Z 32 GB,,"4,3000","4,8",,Red / Silver,9.333,14.0
G.Skill Ripjaws V 16 GB,,"4,3200","2,8",,Black,9.375,15.0
G.Skill Ripjaws V 32 GB,,"4,3200","2,16",,Black,9.375,15.0
G.Skill Ripjaws V 64 GB,,"4,3200","4,16",,Black,9.375,15.0
G.Skill Ripjaws 4 GB,423.6,"4,2666","1,4",5.295,Black / Blue,13.503,18.0
G.Skill Ripjaws V 32 GB,,"4,3000","2,16",,Red,9.333,14.0
G.Skill Ripjaws V 16 GB,,"4,3200","2,8",,Red,9.375,15.0
Crucial Ballistix Sport LT 32 GB,,"4,2400","4,8",,White / Gray,13.333,16.0
G.Skill Aegis 32 GB,,"4,2400","4,8",,Black / Red,12.5,15.0
Corsair Dominator Platinum 32 GB,,"4,2133","4,8",,Black / Silver,14.065,15.0
Kingston ValueRAM 8 GB,,"4,2133","1,8",,Black / Green,14.065,15.0
Crucial CT102472BD160B 8 GB,842.6,"3,1600","1,8",5.266,Black / Green,13.75,11.0
Corsair Vengeance LED 32 GB,,"4,3000","4,8",,Black / Red,10.0,15.0
Corsair Vengeance LED 32 GB,,"4,3200","4,8",,Black / Red,10.0,16.0
G.Skill Trident Z 16 GB,,"4,3200","2,8",,Black / White,8.75,14.0
G.Skill Trident Z 32 GB,,"4,3200","2,16",,Silver / Black,8.75,14.0
G.Skill Trident Z 32 GB,,"4,3200","2,16",,Black / White,8.75,14.0
Kingston ValueRAM 32 GB,,"4,2400","4,8",,Green,14.167,17.0
Corsair Vengeance LED 16 GB,,"4,3000","2,8",,Black / Blue,10.0,15.0
G.Skill Trident Z RGB 32 GB,,"4,3000","4,8",,Black,10.0,15.0
G.Skill Trident Z RGB 16 GB,,"4,3866","2,8",,Black,9.312,18.0
G.Skill FORTIS 32 GB,,"4,2400","2,16",,Black / Red,12.5,15.0
G.Skill Flare X 16 GB,,"4,2133","2,8",,Black,14.065,15.0
Kingston Predator 16 GB,,"4,3600","2,8",,Black / Silver,9.444,17.0
Kingston Predator 64 GB,,"4,2400","4,16",,Black,10.0,12.0
TEAMGROUP Vulcan 16 GB,,"4,2666","2,8",,Black / Gray,11.253,15.0
TEAMGROUP Vulcan 32 GB,,"4,2400","2,16",,Black / Gray,12.5,15.0
TEAMGROUP Vulcan 32 GB,,"4,3000","2,16",,Black / Gray,10.667,16.0
Apacer Commando 32 GB,,"4,2400","2,16",,Black / Red,13.333,16.0
Apacer Commando 16 GB,,"4,2666","2,8",,Black / Red,12.003,16.0
Apacer Commando 32 GB,,"4,2666","2,16",,Black / Red,12.003,16.0
GeIL SUPER LUCE RGB SYNC 16 GB,,"4,2400","2,8",,Black,13.333,16.0
GeIL SUPER LUCE RGB SYNC 16 GB,,"4,3000","2,8",,,10.667,16.0
Patriot Signature Line 16 GB,,"4,2400","2,8",,,14.167,17.0
Corsair Vengeance LPX 32 GB,,"4,3866","4,8",,,9.312,18.0
Crucial Sport LT 8 GB,,"4,2666","1,8",,White / Silver,12.003,16.0
TEAMGROUP T-Force Delta RGB 8 GB,,"4,2666","1,8",,White,11.253,15.0
TEAMGROUP T-Force Delta RGB 8 GB,,"4,2400","2,4",,White,12.5,15.0
GeIL Super Luce 16 GB,,"4,3200","2,8",,White,10.0,16.0
Kingston ValueRAM 4 GB,1320.0,"4,2400","1,4",16.5,,14.167,17.0
Avexir Blitz 16 GB,,"4,3200","2,8",,Black / Red,10.0,16.0
Corsair Vengeance LPX 16 GB,,"4,4000","2,8",,Red / Black,9.5,19.0
Corsair Vengeance RGB 16 GB,,"4,3466","2,8",,Black,9.233,16.0
G.Skill Sniper X 32 GB,2029.8,"4,2400","2,16",3.172,Black / Camo,14.167,17.0
G.Skill Flare X 64 GB,,"4,2933","4,16",,Black,10.91,16.0
Crucial Ballistix Elite 16 GB,,"4,3200","2,8",,Black,9.375,15.0
G.Skill Trident Z 64 GB,,"4,3300","4,16",,Silver / Red,9.697,16.0
ADATA XPG GAMMIX D10 32 GB,,"4,2666","2,16",,Red / Silver,12.003,16.0
GeIL EVO FORZA 8 GB,,"4,2400","2,4",,Red / Black,12.5,15.0
Corsair Vengeance RGB 32 GB,,"4,3000","4,8",,White,10.667,16.0
TEAMGROUP T-Force Night Hawk 16 GB,,"4,3600","2,8",,Black,10.0,18.0
TEAMGROUP T-Force Night Hawk RGB 16 GB,,"4,4000","2,8",,White,9.0,18.0
TEAMGROUP T-Force Vulcan 64 GB,,"4,3200","4,16",,Red / Black,10.0,16.0
Kingston HyperX Fury 16 GB,,"4,2133","1,16",,White / Silver,13.127,14.0
TEAMGROUP T-Force Vulcan 32 GB,,"4,3000","4,8",,Silver / Gray,10.667,16.0
Compustocx CSXA-LO-1333-4G-KIT 4 GB,,"3,1333","1,4",,Green / Black,13.503,9.0
Patriot Viper Elite 16 GB,,"4,2400","2,8",,Silver / Red,12.5,15.0
G.Skill Sniper X 16 GB,7863.4,"4,3400","2,8",24.573,Camo / Black,9.412,16.0
G.Skill Trident Z RGB 16 GB,,"4,2666","2,8",,Black,13.503,18.0
G.Skill Ripjaws V 16 GB,,"4,2666","2,8",,Red / Black,14.254,19.0
Kingston HyperX Fury 8 GB,,"4,3200","1,8",,White / Silver,11.25,18.0
Corsair Vengeance LPX 16 GB,,"4,4400","2,8",,Black / Yellow,8.636,19.0
Klevv BOLT 4 GB,,"4,2400","1,4",,Black / Gold,12.5,15.0
ADATA XPG GAMMIX D10 64 GB,,"4,2666","4,16",,Black / White,12.003,16.0
ADATA XPG GAMMIX D10 16 GB,,"4,2666","1,16",,Black / White,12.003,16.0
ADATA XPG GAMMIX D10 8 GB,,"4,2666","1,8",,Black / White,12.003,16.0
ADATA XPG GAMMIX D10 4 GB,,"4,2666","1,4",,Black / White,12.003,16.0
ADATA XPG GAMMIX D10 32 GB,,"4,3000","2,16",,Black / White,10.667,16.0
ADATA XPG GAMMIX D10 8 GB,,"4,3000","1,8",,Black / White,10.667,16.0
Patriot Viper Venom RGB 16 GB,,"4,2666","2,8",,Black / Silver,11.253,15.0
Patriot Viper Venom RGB 16 GB,,"4,3000","2,8",,White / Black,10.0,15.0
Corsair Vengeance LPX 32 GB,,"4,2933","4,8",,Black / Yellow,10.91,16.0
Corsair Vengeance LPX 32 GB,,"4,3333","2,16",,Black / Yellow,9.601,16.0
Corsair Vengeance LPX 64 GB,,"4,3200","4,16",,Black / Yellow,10.0,16.0
Corsair Vengeance RGB 16 GB,,"4,4600","2,8",,Black,8.261,19.0
Crucial Ballistix Sport AT 32 GB,,"4,2666","2,16",,Silver / Black,12.003,16.0
Corsair Vengeance RGB Pro 64 GB,,"4,3000","4,16",,Black,10.0,15.0
Corsair Vengeance RGB Pro 64 GB,7960.0,"4,3600","4,16",6.219,Black,10.0,18.0
Corsair Vengeance RGB Pro 32 GB,,"4,4000","4,8",,Black,9.5,19.0
TEAMGROUP T-Force Xtreem 16 GB,,"4,4133","2,8",,Black / White,8.71,18.0
Crucial Ballistix Sport LT 32 GB,,"4,3000","2,16",,Silver / Gray,10.667,16.0
Crucial CT2G4SFS624A 2 GB,,"4,2400","1,2",,Green / Black,14.167,17.0
TEAMGROUP XCalibur Phantom Gaming RGB 16 GB,,"4,3200","2,8",,Black,10.0,16.0
Crucial Ballistix Sport LT 32 GB,,"4,3000","4,8",,Red / Black,10.0,15.0
Crucial Ballistix Sport LT 16 GB,,"4,3200","1,16",,White / Silver,10.0,16.0
Corsair Vengeance LPX 32 GB,,"4,3600","4,8",,Black / Yellow,8.889,16.0
Crucial Ballistix Sport LT 8 GB,,"4,3000","1,8",,White / Silver,10.0,15.0
Corsair Dominator Platinum RGB 32 GB,,"4,3600","4,8",,Black,8.889,16.0
G.Skill Trident Z Royal 32 GB,,"4,3200","2,16",,Silver,8.75,14.0
G.Skill Ripjaws V 16 GB,,"4,3200","2,8",,Red,10.0,16.0
Kingston KSM24RS8/8MEI 8 GB,964.59,"4,2400","1,8",6.029,Green / Black,14.167,17.0
OLOy MD4U083618IASA 8 GB,,"4,3600","1,8",,White / Gray,10.0,18.0
OLOy MD4U082619BBSA 8 GB,,"4,2666","1,8",,Red / Black,14.254,19.0
G.Skill Flare X 32 GB,,"4,2933","2,16",,Black,9.547,14.0
TEAMGROUP T-Force Xtreem 16 GB,,"4,4300","2,8",,Black / White,8.372,18.0
Corsair Dominator Platinum RGB 128GB (8 x 16GB) 288-Pin DDR4 SDRAM DDR4 3800 (PC4 30400) Desktop Memory Model CMT128GX4M8X3800C19 128 GB,,"4,3800","8,16",,Black,10.0,19.0
TEAMGROUP Elite Plus 8 GB,,"4,2400","2,4",,Black / Gold,13.333,16.0
Kingston KSM26ES8/8ME 8 GB,,"4,2666","1,8",,Green,14.254,19.0
Corsair Dominator Platinum RGB 64 GB,,"4,3600","4,16",,Black,8.889,16.0
G.Skill Trident Z Neo 32 GB,,"4,3200","4,8",,Silver / Black,10.0,16.0
TEAMGROUP T-Force Vulcan Z 8 GB,,"4,3200","2,4",,Black,10.0,16.0
OLOy WarHawk RGB 16 GB,,"4,3200","2,8",,Red / White,10.0,16.0
OLOy MD4U083016BFDA 16 GB,,"4,3000","2,8",,Red,10.667,16.0
OLOy MD4U082616BGDA 16 GB,,"4,2666","2,8",,Black,12.003,16.0
Crucial Ballistix Elite 16 GB,,"4,4000","2,8",,Black,9.0,18.0
Corsair Vengeance LPX 16 GB,,"4,4266","2,8",,Black / Yellow,7.501,16.0
Corsair Vengeance RGB Pro 32 GB,,"4,4000","4,8",,Black,9.0,18.0
Kingston HyperX Fury RGB 16 GB,,"4,2666","1,16",,Black,12.003,16.0
Kingston HyperX Fury RGB 16 GB,,"4,3466","1,16",,Black,9.233,16.0
Corsair Vengeance LPX 16 GB,,"4,4800","2,8",,Black / Yellow,7.5,18.0
TEAMGROUP T-Force Dark Z 16 GB,,"4,3200","2,8",,Red / Black,10.0,16.0
G.Skill Trident Z Royal 32 GB,,"4,3600","2,16",,Silver,8.889,16.0
Kingston KCP426NS6/4 4 GB,424.6,"4,2666","1,4",5.308,Green / Black,14.254,19.0
Kingston HyperX Fury 64 GB,,"4,3200","4,16",,Black,10.0,16.0
Corsair Dominator Platinum RGB 64 GB,,"4,3200","4,16",,Black,10.0,16.0
G.Skill Trident Z Royal 32 GB,,"4,4000","4,8",,Silver,9.0,18.0
TEAMGROUP T-Force Dark Za 32 GB,,"4,4000","2,16",,Black / Silver,9.0,18.0
ADATA XPG GAMMIX D10 16 GB,,"4,3200","2,8",,Black / Silver,10.0,16.0
Thermaltake TOUGHRAM 16 GB,2512.4,"4,3600","2,8",7.851,Black / Silver,10.0,18.0
Thermaltake TOUGHRAM 16 GB,3999.8,"4,4400","2,8",12.499,White / Silver,8.636,19.0
Thermaltake TOUGHRAM RGB 16 GB,,"4,3200","2,8",,Black / Silver,10.0,16.0
Crucial Ballistix 32 GB,,"4,3000","2,16",,White,10.0,15.0
Crucial Ballistix 64 GB,,"4,3600","2,32",,White,8.889,16.0
Crucial Ballistix RGB 16 GB,,"4,3000","2,8",,White,10.0,15.0
Crucial Ballistix RGB 16 GB,,"4,3600","2,8",,Red,8.889,16.0
Kingston HyperX Fury 64 GB,,"4,3200","2,32",,Black / Silver,10.0,16.0
G.Skill Trident Z Royal 128 GB,7761.0,"4,3200","4,32",3.032,Silver,10.0,16.0
G.Skill Trident Z Royal 64 GB,,"4,3200","2,32",,Silver,10.0,16.0
G.Skill Trident Z Neo 128 GB,,"4,2666","4,32",,Black / Silver,13.503,18.0
G.Skill Ripjaws V 16 GB,,"4,4000","2,8",,Black,7.5,15.0
GeIL GeIL EVO X II 16GB (2 x 8GB) 288-Pin DDR4 SDRAM DDR4 3600 (PC4 28800) Desktop Memory Model GEXSB416GB3600C18ADC 16 GB,,"4,3600","2,8",,Black,10.0,18.0
OLOy WarHawk RGB 32 GB,,"4,3600","4,8",,Black / Silver,10.0,18.0
OLOy MD4U162616DJDA 32 GB,,"4,2666","2,16",,Black,12.003,16.0
Kingston HyperX Fury 16 GB,,"4,3000","1,16",,Black,10.0,15.0
TEAMGROUP T-Force Dark Z 32 GB,,"4,3600","2,16",,Red / Black,10.0,18.0
Corsair Vengeance LPX 32 GB,,"4,3200","4,8",,Black / Yellow,10.0,16.0
Crucial CT16G4RFD8266-2G6E1 16 GB,,"4,2666","1,16",,Green / Black,14.254,19.0
G.Skill Trident Z RGB 256 GB,,"4,3600","8,32",,Black,10.0,18.0
Kingston HyperX Fury 64 GB,,"4,2666","2,32",,Black / Silver,12.003,16.0
Thermaltake H-ONE 8 GB,,"4,2666","1,8",,Black / Silver,14.254,19.0
Kingston KSM24ED8/16ME 16 GB,1580.0,"4,2400","1,16",4.938,Green / Black,14.167,17.0
TEAMGROUP T-Force Xtreem ARGB 16 GB,,"4,3200","2,8",,Black,8.75,14.0
TEAMGROUP T-Force Xtreem ARGB 16 GB,,"4,3600","2,8",,Black,7.778,14.0
OLOy WarHawk RGB 32 GB,,"4,3200","2,16",,White,10.0,16.0
Corsair Vengeance RGB Pro 32 GB,,"4,4000","2,16",,Black,9.0,18.0
ADATA XPG SPECTRIX D50 32 GB,,"4,3600","2,16",,Black,10.0,18.0
G.Skill Trident Z RGB 32 GB,4980.0,"4,3733","2,16",7.781,Black,9.108,17.0
G.Skill Trident Z RGB 32 GB,,"4,3600","2,16",,Black,7.778,14.0
TEAMGROUP Elite Plus 16 GB,,"4,2666","2,8",,Red / Black,14.254,19.0
Silicon Power SU016GBLFU266BD2J5 16 GB,,"4,2666","2,8",,Gray,14.254,19.0
G.Skill Trident Z Neo 64 GB,,"4,3600","4,16",,Black / Silver,7.778,14.0
Kingston HyperX Fury 32 GB,,"4,3466","4,8",,Black,9.233,16.0
G.Skill Trident Z RGB 32 GB,,"4,4000","2,16",,Black,8.5,17.0
G.Skill Value 32 GB,,"4,2666","1,32",,Black,14.254,19.0
Apacer AU 4 GB,,"4,2400","1,4",,Black,14.167,17.0
Neo Forza MARS 64 GB,,"4,3200","2,32",,Gray / Black,10.0,16.0
TEAMGROUP T-Create Classic 32 GB,,"4,2666","2,16",,Silver,14.254,19.0
OLOy WarHawk RGB 16 GB,,"4,3600","2,8",,White / Silver,8.889,16.0
TEAMGROUP T-Force Xtreem ARGB 64 GB,,"4,3600","2,32",,Black,10.0,18.0
TEAMGROUP T-Force Xtreem ARGB 16 GB,,"4,4000","2,8",,White,9.0,18.0
Corsair Dominator Platinum RGB 32 GB,,"5,5200","2,16",,Black,14.615,38.0
OLOy Blade 32 GB,,"5,4800","2,16",,Black / Silver,16.667,40.0
G.Skill Trident Z5 32 GB,,"5,5600","2,16",,Black / Silver,12.857,36.0
G.Skill Trident Z5 32 GB,,"5,6000","2,16",,Silver / Black,12.0,36.0
Acer Predator Talos 16 GB,,"4,3600","2,8",,White / Black,10.0,18.0
Acer Predator Talos 32 GB,,"4,3200","2,16",,White / Black,8.75,14.0
G.Skill Trident Z5 RGB 32 GB,,"5,6000","2,16",,Silver / Black,12.0,36.0
G.Skill Trident Z Royal Elite 64 GB,,"4,4000","2,32",,Gold,9.0,18.0
G.Skill Trident Z Royal Elite 64 GB,,"4,4266","2,32",,Gold,8.908,19.0
G.Skill Trident Z Royal Elite 64 GB,,"4,4266","4,16",,Gold,8.908,19.0
G.Skill Trident Z Royal 16 GB,,"4,3600","2,8",,Silver,7.778,14.0
G.Skill Trident Z Royal 64 GB,,"4,4266","2,32",,Silver,8.908,19.0
G.Skill Trident Z Royal 16 GB,,"4,4800","2,8",,Gold,7.083,17.0
Neo Forza Encke 16 GB,,"3,1600","2,8",,Gold / Black,13.75,11.0
Corsair Dominator Platinum RGB 32 GB,,"5,4800","2,16",,Black,14.167,34.0
Corsair Vengeance LPX 16 GB,,"4,4000","2,8",,Black / Yellow,8.0,16.0
V-Color Manta XPrism RGB 32 GB,,"5,6400","2,16",,White,10.0,32.0
G.Skill Ripjaws V 128 GB,,"4,2666","4,32",,Black,14.254,19.0
G.Skill Ripjaws S5 32 GB,,"5,5600","2,16",,Black,12.857,36.0
G.Skill Trident Z Neo 32 GB,,"4,3600","2,16",,Black / White,7.778,14.0
G.Skill Trident Z Neo 64 GB,,"4,3600","4,16",,Black / White,7.778,14.0
G.Skill TridentZ RGB 16 GB,,"4,4600","2,8",,Black,8.261,19.0
TEAMGROUP T-Force Delta RGB 32 GB,,"5,5600","2,16",,Black,14.286,40.0
Corsair Dominator Platinum RGB 32 GB,,"4,3600","2,16",,Black,10.0,18.0
Corsair Dominator Platinum RGB 128 GB,,"4,3200","8,16",,White,10.0,16.0
Corsair Dominator Platinum RGB 16 GB,,"4,3600","2,8",,Black,7.778,14.0
Corsair Vengeance LPX 16 GB,,"4,4600","2,8",,Black,7.826,18.0
Kingston FURY Beast 8 GB,,"4,2666","2,4",,Black,12.003,16.0
Kingston FURY 32 GB,,"4,2400","2,16",,Black,12.5,15.0
Kingston FURY 16 GB,,"4,2400","2,8",,Black,12.5,15.0
GeIL Orion AMD Edition 16 GB,,"4,3200","2,8",,Red,10.0,16.0
GeIL Polaris RGB 16 GB,,"5,4800","2,8",,Gray,16.667,40.0
Kingston Fury Renegade RGB 16 GB,,"4,4266","2,8",,Black / Silver,8.908,19.0
ADATA XPG LANCER RGB 16 GB,,"5,5200","1,16",,White,14.615,38.0
Addlink Spider 4 16 GB,,"4,3200","1,16",,Black,10.0,16.0
TEAMGROUP T-Force Vulcan Z 8 GB,,"4,3600","1,8",,Red,11.111,20.0
TEAMGROUP T-Force Vulcan Z 32 GB,,"4,3000","2,16",,Red,10.667,16.0
TEAMGROUP T-Force Vulcan Z 32 GB,,"4,3600","2,16",,Red,7.778,14.0
TEAMGROUP T-Force Delta RGB 8 GB,,"4,3000","1,8",,Black,10.667,16.0
TEAMGROUP T-Force Delta RGB 16 GB,,"4,3200","1,16",,Black,10.0,16.0
Kingston FURY Beast RGB 8 GB,,"5,4800","1,8",,Black,15.833,38.0
Kingston FURY Beast RGB 32 GB,,"5,4800","1,32",,Black,15.833,38.0
Corsair Vengeance 64 GB,,"5,5600","2,32",,Black,12.857,36.0
Kingston FURY Renegade 32 GB,,"4,2666","4,8",,Black,9.752,13.0
Kingston FURY Renegade 16 GB,,"4,3200","2,8",,Black,10.0,16.0
Kingston FURY Renegade 32 GB,,"4,3200","2,16",,Black,10.0,16.0
Kingston FURY Renegade 256 GB,,"4,3200","8,32",,Black,10.0,16.0
Kingston FURY Renegade 16 GB,,"4,4266","2,8",,Black,8.908,19.0
G.Skill Trident Z5 RGB 64 GB,,"5,5600","2,32",,Black,10.714,30.0
Kingston Server Premier 16 GB,5555.4,"4,2666","1,16",17.361,,14.254,19.0
Kingston Server Premier 16 GB,3920.0,"4,3200","1,16",12.25,,13.75,22.0
Kingston FURY Beast 32 GB,,"4,2666","1,32",,Black,12.003,16.0
G.Skill Ripjaws S5 32 GB,,"5,5600","2,16",,Black,10.0,28.0
Lexar Hades OC 16 GB,,"4,3200","1,16",,Gray / Black,11.25,18.0
V-Color SKYWALKER PLUS 64 GB,,"4,3600","2,32",,Silver,10.0,18.0
TEAMGROUP T-Force Dark Za 64 GB,,"4,3200","2,32",,Black,10.0,16.0
TEAMGROUP T-Force Delta TUF Gaming Alliance RGB 16 GB,,"4,2400","2,8",,Black / Gold,13.333,16.0
TEAMGROUP T-Force Delta TUF Gaming Alliance RGB 16 GB,,"4,3200","1,16",,Black / Gold,10.0,16.0
TEAMGROUP T-Force Delta TUF Gaming Alliance RGB 16 GB,,"4,3600","2,8",,Black / Gold,8.889,16.0
TEAMGROUP T-Force Vulcan TUF Gaming Alliance 32 GB,,"4,2400","2,16",,Black / Gold,12.5,15.0
ADATA XPG GAMMIX D45 8 GB,,"4,3600","1,8",,White,10.0,18.0
ADATA XPG GAMMIX D45 32 GB,,"4,3200","1,32",,Black,10.0,16.0
ADATA XPG SPECTRIX D50 8 GB,,"4,3000","1,8",,White,10.667,16.0
PNY XLR8 Gaming EPIC-X RGB 64 GB,,"4,3200","4,16",,Black,10.0,16.0
PNY XLR8 Gaming EPIC-X RGB 16 GB,,"4,4600","2,8",,Black,8.261,19.0
Mushkin Redline 64 GB,,"4,2400","2,32",,Black,12.5,15.0
Mushkin Silverline 32 GB,,"4,3200","2,16",,Silver,13.75,22.0
G.Skill Trident Z 64 GB,,"5,5600","2,32",,White / Black,10.714,30.0
G.Skill Ripjaws V 32 GB,4211.8,"4,4000","4,8",6.581,Red,8.5,17.0
G.Skill Sniper X 32 GB,,"4,3600","2,16",,White,10.0,18.0
G.Skill Trident Z Royal 32 GB,,"4,3600","2,16",,Gold,7.778,14.0
G.Skill Trident Z Royal 16 GB,,"4,4400","2,8",,Silver,7.273,16.0
G.Skill Trident Z RGB 128 GB,,"4,2400","8,16",,,12.5,15.0
G.Skill Trident Z RGB 16 GB,,"4,3600","2,8",,,7.778,14.0
G.Skill Trident Z RGB 32 GB,,"4,3600","4,8",,,7.778,14.0
G.Skill F4-3200C16D-16GTZKO 16 GB,,"4,3200","2,8",,Black / Orange,10.0,16.0
G.Skill F4-4200C19Q2-64GTZSW 64 GB,,"4,4200","8,8",,Gray / White,9.048,19.0
G.Skill Trident Z RGB (For AMD) 64 GB,,"4,2400","4,16",,Black,12.5,15.0
G.Skill Ripjaws 4 8 GB,,"4,2400","1,8",,Black,12.5,15.0
HP V6 16 GB,,"4,3600","2,8",,Black,10.0,18.0
Acer UD100 8 GB,,"4,3200","1,8",,Black,13.75,22.0
Corsair Vengeance RGB Pro 16 GB,,"4,4000","2,8",,Black,8.0,16.0
Patriot Signature Line 8 GB,,"5,5600","1,8",,Black,14.286,40.0
Patriot Viper 4 Blackout 16 GB,,"4,4400","2,8",,Black,8.182,18.0
Patriot Viper 4 Blackout 32 GB,,"4,3000","2,16",,Black,10.667,16.0
Patriot Viper Venom RGB 32 GB,,"4,3200","2,16",,Black,10.0,16.0
Silicon Power XPOWER Zenith Gaming 16 GB,,"4,3600","2,8",,Black,10.0,18.0
Silicon Power XPOWER Turbine RGB 16 GB,,"4,3200","1,16",,Silver / Black,10.0,16.0
Silicon Power SP016GBLFU266B02 16 GB,1001.0,"4,2666","1,16",3.128,,14.254,19.0
Corsair Dominator Platinum RGB 64 GB,,"5,5600","2,32",,Gray / Black,12.857,36.0
Thermaltake TOUGHRAM XG RGB 32 GB,,"4,4000","2,16",,Black / Silver,9.5,19.0
TEAMGROUP T-Force Delta RGB Valkyrie Edition 32 GB,,"5,5600","2,16",,Black / Silver,14.286,40.0
Corsair Dominator Platinum RGB 64 GB,,"5,6000","2,32",,Gray / Black,13.333,40.0
TEAMGROUP T-Force Delta RGB 64 GB,,"5,5200","2,32",,Black,15.385,40.0
TEAMGROUP T-Force Delta RGB 64 GB,,"5,5200","2,32",,White / Silver,15.385,40.0
Neo Forza MARS 16 GB,,"4,3600","2,8",,Gray / Black,10.0,18.0
GeIL Polaris 32 GB,,"5,5200","2,16",,White,13.077,34.0
GeIL Polaris 32 GB,,"5,5200","2,16",,Red,13.077,34.0
OLOy Blade RGB 64 GB,,"5,6000","2,32",,Black,10.667,32.0
OLOy Blade RGB 32 GB,,"5,6400","2,16",,Black,10.0,32.0
PROXMEM KERBEROS 16 GB,,"4,3200","2,8",,Black / Silver,11.25,18.0
Timetec PINNACLE Konduit 64 GB,,"4,3600","2,32",,Black,10.0,18.0
Timetec PINNACLE Konduit RGB 64 GB,,"4,3600","2,32",,White,10.0,18.0
ADATA XPG CASTER RGB 32 GB,,"5,6400","2,16",,Black / Silver,10.0,32.0
G.Skill Zeta R5 128 GB,18599.8,"5,6400","8,16",7.266,Black / White,10.0,32.0
OLOy Blade RGB 32 GB,,"5,7600","2,16",,Black,9.474,36.0
Kingston FURY Beast RGB 32 GB,,"4,3200","2,16",,Black / Silver,10.0,16.0
GeIL ORION V RGB 32 GB,,"5,5200","2,16",,Black,13.077,34.0
GeIL ORION V RGB 32 GB,,"5,6400","2,16",,Red,11.875,38.0
GeIL ORION V RGB 16 GB,,"5,8000","1,16",,Black,9.5,38.0
GeIL ORION V 32 GB,,"5,6000","2,16",,Black,12.667,38.0
GeIL ORION V RGB AMD 16 GB,,"5,5200","1,16",,Black,16.154,42.0
GeIL ORION V AMD 16 GB,,"5,6000","1,16",,Black,12.667,38.0
TEAMGROUP Elite Plus 8 GB,,"4,2666","1,8",,Black / Gold,14.254,19.0
TEAMGROUP Elite Plus 8 GB,,"4,3200","2,4",,Black / Gold,13.75,22.0
TEAMGROUP Elite Plus 16 GB,,"4,3200","1,16",,Red / Black,13.75,22.0
TEAMGROUP Elite Plus 32 GB,,"4,3200","2,16",,Red / Black,13.75,22.0
TEAMGROUP T-Force Delta TUF Gaming Alliance RGB 64 GB,,"5,6000","2,32",,Black,12.667,38.0
G.Skill Trident Z5 RGB 48 GB,,"5,7600","2,24",,Black,10.0,38.0
GeIL EVO V RGB 48 GB,,"5,8400","2,24",,White,10.0,42.0
GeIL EVO V RGB 48 GB,,"5,8400","2,24",,Black,10.0,42.0
GOODRAM IRDM PRO 32 GB,,"4,3600","2,16",,White,9.444,17.0
GOODRAM IRDM PRO 16 GB,,"4,3600","1,16",,White / Red,10.0,18.0
ADATA XPG LANCER RGB 16 GB,,"5,5600","1,16",,Black,12.857,36.0
ADATA XPG LANCER RGB 32 GB,,"5,6800","2,16",,White,10.0,34.0
GeIL EVO X II AMD 4 GB,,"4,2400","1,4",,Black,15.833,19.0
OLOy Blade RGB 16 GB,,"4,3600","2,8",,White,8.889,16.0
Mushkin Enhanced Essentials 16 GB,,"4,3200","2,8",,Black,13.75,22.0
G.Skill Value 8 GB,,"4,2133","1,8",,Black,14.065,15.0
Silicon Power XPOWER Zenith Gaming 32 GB,,"5,6000","1,32",,White,10.0,30.0
Mushkin Redline Pro 64 GB,,"5,4800","2,32",,Black,16.667,40.0
Mushkin Redline Pro 16 GB,,"5,4800","1,16",,Black,16.667,40.0
Mushkin Redline Pro 32 GB,,"5,5600","2,16",,Black / White,16.429,46.0
Mushkin Redline 64 GB,,"4,3200","2,32",,Black,13.75,22.0
Acer Predator Pallas II 32 GB,,"5,6000","2,16",,Silver,10.667,32.0
Acer Predator Vesta II RGB 64 GB,,"5,6400","2,32",,Silver,10.0,32.0
Acer Predator Vesta II RGB 32 GB,,"5,6000","2,16",,Silver,11.333,34.0
Kingston Fury Renegade RGB 16 GB,,"5,7600","1,16",,Silver / White,10.0,38.0
Kingston FURY Renegade 48 GB,,"5,6400","2,24",,Silver / Black,10.0,32.0
G.Skill Zeta R5 Neo 128 GB,17399.8,"5,6400","4,32",,Black,10.0,32.0
Kingston FURY Renegade Pro 16 GB,3180.4,"5,6800","1,16",9.939,Black,10.0,34.0
Kingston FURY Renegade Pro 16 GB,4281.2,"5,5600","1,16",13.379,Black,13.571,38.0
Kingston FURY Renegade Pro 32 GB,4474.59,"5,6000","1,32",6.992,Black,10.667,32.0
Kingston FURY Renegade Pro 64 GB,9645.0,"5,6000","4,16",7.535,Black,10.667,32.0
Kingston FURY Renegade Pro 128 GB,20600.0,"5,6400","8,16",8.047,Black,10.0,32.0
V-Color TRA524G70S834O 192 GB,38199.8,"5,7000","8,24",9.948,Black,9.714,34.0
V-Color TRA524G56S836O 192 GB,24759.8,"5,5600","8,24",6.448,Black,12.857,36.0
Mushkin Essentials 16 GB,805.2,"4,2666","1,16",2.516,Green / Black,14.254,19.0
G.Skill Flare X5 32 GB,,"5,5600","2,16",,Black,16.429,46.0
Silicon Power XPOWER Storm RGB 32 GB,,"5,7600","1,32",,Black,9.474,36.0
Silicon Power XPOWER Storm RGB 64 GB,,"5,7200","2,32",,White,9.444,34.0
Silicon Power XPOWER Storm RGB 32 GB,,"5,6800","2,16",,White,10.0,34.0
Silicon Power XPOWER Storm RGB 16 GB,,"5,6000","1,16",,White,10.0,30.0
Kingston FURY Beast 16 GB,2660.4,"5,6400","1,16",8.314,White,10.0,32.0
TEAMGROUP T-Force Xtreem 32 GB,,"5,6400","2,16",,Pink,10.0,32.0
TEAMGROUP T-Force DELTAα RGB 64 GB,,"5,6000","2,32",,White,12.667,38.0
TEAMGROUP T-Force DELTAα RGB 32 GB,,"5,6000","2,16",,White,10.0,30.0
TEAMGROUP T-Force DELTAα RGB 16 GB,,"5,6400","2,8",,White,12.5,40.0
TEAMGROUP Xtreem 48 GB,,"5,8200","2,24",,White,9.268,38.0
TEAMGROUP T-Force Delta RGB 32 GB,,"5,5600","2,16",,Black,13.571,38.0
TEAMGROUP T-Force Delta RGB 32 GB,,"5,6000","1,32",,Black,12.667,38.0
TEAMGROUP T-Force Delta RGB 8 GB,,"5,6400","1,8",,Black,12.5,40.0
TEAMGROUP T-Force Delta RGB 8 GB,,"5,6000","1,8",,Black,12.667,38.0
TEAMGROUP T-Force Delta RGB 16 GB,,"5,6000","1,16",,White,9.333,28.0
TEAMGROUP T-Force Delta TUF Gaming Alliance RGB 32 GB,,"5,6000","2,16",,Black,10.0,30.0
TEAMGROUP T-Force Vulcan 16 GB,,"5,6000","1,16",,Red,12.667,38.0
TEAMGROUP T-Force Vulcan 16 GB,,"5,6000","2,8",,Red,12.667,38.0
TEAMGROUP T-Create Classic 16 GB,,"5,6000","1,16",,Black,16.0,48.0
TEAMGROUP T-Create Classic 16 GB,,"5,5600","1,16",,Black,16.429,46.0
TEAMGROUP Elite Plus 16 GB,,"5,4800","2,8",,Black,16.667,40.0
TEAMGROUP Elite Plus 8 GB,,"5,4800","1,8",,Black,16.667,40.0
Acer Predator Hera RGB 48 GB,,"5,8400","2,24",,Silver,9.524,40.0
Acer Predator Hera RGB 64 GB,,"5,6400","2,32",,Silver,10.0,32.0
G.Skill Ripjaws M5 Neo RGB 64 GB,,"5,6000","2,32",,Black,10.667,32.0
Acer Predator Pallas II 32 GB,,"5,7200","2,16",,Silver / Sandstone,9.444,34.0
Acer Predator Pallas II 48 GB,,"5,6400","2,24",,Silver,10.0,32.0
Lexar Ares RGB 2nd Gen 32 GB,,"5,6400","2,16",,Black,9.375,30.0
ADATA XPG Lancer Blade 64 GB,,"5,5600","2,32",,Black,16.429,46.0
Thermaltake TOUGHRAM RGB D5 48 GB,,"5,6400","2,24",,White / Silver,10.0,32.0
G.Skill Trident Z5 Neo RGB 256 GB,,"5,6000","4,64",,Black,11.333,34.0
Silicon Power SP032GBSFU320F02 32 GB,1599.6,"4,3200","1,32",2.499,,13.75,22.0
Kingston FURY Impact 64 GB,3719.8,"5,4800","2,32",2.906,Black,15.833,38.0
Kingston ValueRAM 8 GB,579.79,"4,3200","1,8",3.624,,13.75,22.0
Lexar LD4AS008G-B3200GSST 8 GB,1215.0,"4,3200","1,8",7.594,Black,13.75,22.0
Kingston Server Premier 16 GB,685.8,"4,2666","1,16",2.143,,14.254,19.0
Silicon Power XPOWER Pulse Gaming 64 GB,,"5,6400","2,32",,Black / White,10.0,32.0
Kingston KVR26S19D8/16 16 GB,875.8,"4,2666","1,16",2.737,Green / Black,14.254,19.0
Patriot Signature Line 8 GB,539.79,"4,2133","1,8",3.374,Green,14.065,15.0
Kingston Server Premier 8 GB,839.4,"4,3200","1,8",5.246,,13.75,22.0
TEAMGROUP Elite Plus 32 GB,,"5,6000","2,16",,Black,13.333,40.0
Silicon Power SP008GBSFU320X02 8 GB,,"4,3200","1,8",,,13.75,22.0
Kingston FURY Renegade Pro 16 GB,2330.8,"5,5600","1,16",7.284,Black,12.857,36.0
Corsair Vengeance 4 GB,,"3,1600","1,4",,Black / Gold,11.25,9.0
Crucial CT32G4LFD424A 32 GB,1439.6,"4,2400","1,32",2.249,Green / Black,14.167,17.0
Mushkin Redline 64 GB,,"4,3200","2,32",,White,10.0,16.0
Patriot Viper Steel RGB 32 GB,1719.8,"4,3200","1,32",2.687,Black,11.25,18.0
Mushkin Redline 64 GB,2870.6,"5,4800","2,32",2.243,Black,16.667,40.0
Crucial CT2KIT51264BF160BJ 8 GB,1079.8,"3,1600","2,4",6.749,Black / Green,13.75,11.0
Kingston KVR400D2D4R3/4G 4 GB,579.79,"2,400","1,4",7.247,Green,15.0,3.0
G.Skill Ripjaws 16 GB,,"4,2133","2,8",,Black / Blue,14.065,15.0
G.Skill Flare X 64 GB,,"4,2400","4,16",,Red,12.5,15.0
Patriot Signature Line 64 GB,5105.0,"4,3200","2,32",3.988,Black,13.75,22.0
Mushkin Redline Lumina 64 GB,,"4,2666","2,32",,Black,12.003,16.0
Mushkin Redline Lumina 64 GB,,"4,3600","2,32",,Black,8.889,16.0
G.Skill Sniper X 32 GB,,"4,3200","2,16",,Black / White,10.0,16.0
Silicon Power SP032GBLVU560F02 32 GB,,"5,5600","1,32",,Black,16.429,46.0
G.Skill Ares 16 GB,,"3,1866","2,8",,Black / Blue,10.718,10.0
Corsair Vengeance 16 GB,,"3,1600","2,8",,Black / Red,11.25,9.0
Corsair Dominator Platinum 8 GB,3040.8,"3,2666","2,4",19.005,Black / Silver,8.252,11.0
Crucial Ballistix Sport 32 GB,3299.8,"3,1600","4,8",5.156,Black / Silver,11.25,9.0
G.Skill Ripjaws 4 GB,,"3,1600","1,4",,Black / Red,11.25,9.0
Crucial CT32G4LFQ4213 32 GB,1650.0,"4,2133","1,32",2.578,Black / Green,14.065,15.0
Crucial CT51264BF160B 4 GB,219.8,"3,1600","1,4",2.748,Black / Green,13.75,11.0
G.Skill Ripjaws 8 GB,,"4,2133","2,4",,Black / Blue,14.065,15.0
Mushkin Essentials 32 GB,,"3,1600","2,16",,Black / Blue,13.75,11.0
Corsair Vengeance Performance 64 GB,5243.6,"4,2666","4,16",4.097,Black / Yellow,13.503,18.0
Corsair Vengeance 8 GB,703.0,"4,2666","2,4",4.394,Black / Yellow,13.503,18.0
Corsair Vengeance 32 GB,,"4,3000","2,16",,Black,10.667,16.0
G.Skill Trident Z RGB 32 GB,6980.0,"4,4000","4,8",10.906,Black,9.0,18.0
Corsair Vengeance LPX 16 GB,,"4,4600","2,8",,Black / Yellow,8.261,19.0
TEAMGROUP Elite 16 GB,919.8,"4,2666","2,8",2.874,Black,14.254,19.0
Samsung M393A2K40CB2-CTD 16 GB,,"4,2666","1,16",,Green / Black,14.254,19.0
G.Skill Trident Z 16 GB,2380.0,"4,4000","2,8",7.438,Silver / White,9.0,18.0
Corsair Vengeance RGB RT 32 GB,,"4,3200","4,8",,White / Black,10.0,16.0
G.Skill Trident Z Royal Elite 16 GB,,"4,3600","2,8",,Silver,8.889,16.0
G.Skill Trident Z Royal Elite 16 GB,,"4,4000","2,8",,Silver,7.0,14.0
G.Skill Trident Z Royal 16 GB,,"4,4000","2,8",,Silver,7.0,14.0
G.Skill Trident Z5 RGB 32 GB,2399.79,"5,6600","2,16",3.75,White / Black,10.303,34.0
Kingston Fury Renegade RGB 16 GB,,"5,6000","1,16",,Silver / Black,10.667,32.0
Mushkin Silverline 16 GB,1176.4,"4,2400","1,16",3.676,Silver,14.167,17.0
Silicon Power SP032GBLFU266X22 32 GB,,"4,2666","2,16",,,14.254,19.0
G.Skill Ripjaws 32 GB,1699.8,"5,4800","2,16",2.656,Black / Silver,15.833,38.0
Crucial CT2K32G52C42S5 64 GB,,"5,5200","2,32",,Black,16.154,42.0
Kingston FURY Renegade 32 GB,2975.4,"5,6400","1,32",4.649,Silver / White,10.0,32.0
Silicon Power XPOWER Storm RGB 64 GB,,"5,6000","2,32",,Black,10.0,30.0
Crucial Ballistix Tracer 1 GB,,"2,800","1,1",,Black,10.0,4.0
Corsair Dominator 6 GB,,"3,1600","3,2",,Black / Blue,8.75,7.0
Corsair Dominator 6 GB,,"3,1600","3,2",,Black / Blue,8.75,7.0
Corsair XMS3 12 GB,,"3,1333","6,2",,Black / White,13.503,9.0
Corsair VS1GB667D2 1 GB,,"2,667","1,1",,Green,14.993,5.0
Crucial CT2KIT25664BA1339 4 GB,499.79,"3,1333","2,2",6.247,Green,13.503,9.0
Kingston HyperX 4 GB,,"2,800","2,2",,Blue / White,12.5,5.0
Kingston HyperX 2 GB,,"2,800","2,1",,Blue / White,10.0,4.0
Kingston ValueRAM 1 GB,,"3,1066","1,1",,Green,13.133,7.0
Kingston ValueRAM 2 GB,339.6,"3,1066","1,2",8.49,Green,13.133,7.0
Crucial Ballistix Tracer 4 GB,,"2,800","2,2",,Black,10.0,4.0
Kingston ValueRAM 1 GB,499.0,"2,533","1,1",24.95,Green,15.009,4.0
Kingston ValueRAM 1 GB,468.0,"2,533","1,1",23.4,Green,15.009,4.0
Patriot Extreme Performance 2 GB,,"2,800","2,1",,Black / Silver,10.0,4.0
Patriot Extreme Performance 4 GB,,"2,800","2,2",,Black / Silver,12.5,5.0
Patriot Signature 1 GB,,"2,667","1,1",,Green,14.993,5.0
Patriot PSD21G8002 1 GB,,"2,800","1,1",,Green,12.5,5.0
OCZ Value 1 GB,699.0,"2,667","1,1",34.95,Green,14.993,5.0
OCZ Platinum Revision 2 2 GB,,"2,800","2,1",,Black / Silver,10.0,4.0
ADATA Gaming 1 GB,,"3,1600","1,1",,Black,11.25,9.0
Corsair XMS3 4 GB,,"3,1600","2,2",,Black / Blue,8.75,7.0
Corsair XMS3 6 GB,,"3,1600","3,2",,Black / Blue,11.25,9.0
Corsair Dominator 8 GB,,"3,1600","2,4",,Black / Blue,11.25,9.0
Corsair Dominator GT 4 GB,,"3,2000","2,2",,Black / Red,8.0,8.0
ADATA Plus 4 GB,,"3,1600","2,2",,Red / Silver,10.0,8.0
Crucial Ballistix 1 GB,,"3,1600","1,1",,Orange,10.0,8.0
Kingston HyperX 1 GB,,"3,1333","1,1",,Blue / Silver,10.503,7.0
Kingston HyperX T1 4 GB,,"3,2000","2,2",,Blue,9.0,9.0
G.Skill Ripjaws X 4 GB,,"3,1333","2,2",,Black / Blue,12.003,8.0
G.Skill F3-8500CL7D-2GBNQ 2 GB,,"3,1066","2,1",,Red / Silver,13.133,7.0
G.Skill Ripjaws 8 GB,581.19,"3,1333","2,4",3.632,Black / Red,13.503,9.0
G.Skill Ripjaws X 4 GB,,"3,1866","2,2",,Black / Red,9.646,9.0
G.Skill Ripjaws X 4 GB,,"3,1600","2,2",,Black / Blue,8.75,7.0
Corsair Dominator GTX 2 GB,,"3,2400","1,2",,Black / Red,7.5,9.0
OCZ Gold 4 GB,,"3,1333","2,2",,Black / Gold,13.503,9.0
Mushkin Silverline 8 GB,,"3,1333","2,4",,Black / Gray,13.503,9.0
Kingston HyperX 24 GB,,"3,1600","6,4",,Blue / Silver,11.25,9.0
G.Skill Ripjaws X 4 GB,,"3,1600","2,2",,Black / Blue,10.0,8.0
Patriot Signature 8 GB,,"3,1600","2,4",,Green,13.75,11.0
G.Skill Ripjaws X 8 GB,,"3,1600","2,4",,Black / Blue,10.0,8.0
Kingston HyperX T1 4 GB,,"3,1866","2,2",,Blue,9.646,9.0
Crucial Ballistix Sport 8 GB,,"3,1333","2,4",,Black / Silver,13.503,9.0
Crucial Ballistix Sport 2 GB,,"3,1600","1,2",,Black / Silver,12.5,10.0
Kingston KHX1600C9D3P1K2/4G 4 GB,,"3,1600","2,2",,Gray / Silver,11.25,9.0
Crucial CT12864BC1067 1 GB,,"3,1066","1,1",,Green,13.133,7.0
Kingston HyperX 4 GB,,"3,1866","2,2",,Blue / Silver,9.646,9.0
Samsung MV-3V2G4D/US 4 GB,,"3,1333","2,2",,Black,13.503,9.0
Corsair XMS3 12 GB,,"3,1600","3,4",,Black / Silver,11.25,9.0
Kingston KHX1866C11D3P1K2/8G 8 GB,,"3,1866","2,4",,Gray / Silver,11.79,11.0
Corsair XMS3 16 GB,,"3,1600","4,4",,Black / White,11.25,9.0
Crucial CT51264BD1339 4 GB,522.2,"3,1333","1,4",6.527,Green,13.503,9.0
Samsung MV-3V2G3D/US 4 GB,,"3,1600","2,2",,Black,13.75,11.0
G.Skill Sniper 16 GB,,"3,1600","4,4",,Black / Red,11.25,9.0
Corsair Vengeance 32 GB,,"3,1866","4,8",,Black / Silver,9.646,9.0
Corsair Vengeance 32 GB,,"3,1866","4,8",,Black / Red,9.646,9.0
AMD Entertainment Edition 4 GB,,"3,1333","1,4",,Black / Red,13.503,9.0
Corsair Vengeance 8 GB,,"3,1600","4,2",,Black / Red,10.0,8.0
Patriot G2 8 GB,,"3,1600","4,2",,Black / Blue,11.25,9.0
G.Skill Sniper Gaming 16 GB,1993.19,"3,2133","4,4",6.229,Black / Red,8.439,9.0
G.Skill Ripjaws Z 8 GB,,"3,1600","4,2",,Black / Red,11.25,9.0
Crucial Ballistix Sport 2 GB,,"3,1600","1,2",,Black / Silver,11.25,9.0
Corsair Vengeance 4 GB,519.79,"3,1600","1,4",6.497,Black / Yellow,11.25,9.0
Corsair XMS3 8 GB,,"3,1333","1,8",,Black / Blue,13.503,9.0
Crucial Ballistix Elite 8 GB,,"3,1866","2,4",,Black / Silver,9.646,9.0
Patriot G2 Series Division 4 16 GB,,"3,1333","4,4",,Black / Blue,13.503,9.0
Crucial Ballistix 4 GB,,"2,800","2,2",,Black / Silver,12.5,5.0
Crucial Ballistix 2 GB,,"2,800","1,2",,Orange / White,12.5,5.0
Corsair CMV8GX3M1A1333C9 8 GB,939.59,"3,1333","1,8",5.872,Green,13.503,9.0
G.Skill Ripjaws Z 64 GB,,"3,2400","8,8",,Black / Blue,8.333,10.0
Crucial Ballistix 4 GB,,"3,1866","1,4",,Black / Yellow,9.646,9.0
Corsair XMS 32 GB,,"3,1600","4,8",,Black / Blue,11.25,9.0
Patriot Signature 8 GB,938.4,"3,1333","1,8",5.865,Blue / Silver,13.503,9.0
Kingston KHX2133C11D3T1K2/8GX 8 GB,,"3,2133","2,4",,,10.314,11.0
G.Skill Trident X 16 GB,,"3,2666","2,8",,Black / Red,8.252,11.0
Kingston Value 2 GB,,"3,1066","1,2",,Green,13.133,7.0
G.Skill Sniper Gaming 32 GB,,"3,1866","4,8",,Black / Red,10.718,10.0
Patriot Viper 3 32 GB,,"3,1600","4,8",,Black / Silver,11.25,9.0
G.Skill Trident X 16 GB,,"3,2133","2,8",,Black / Red,8.439,9.0
Corsair Dominator Platinum 16 GB,,"3,2400","2,8",,Black / Silver,8.333,10.0
Patriot Viper 3 8 GB,1440.8,"3,1866","2,4",9.005,,9.646,9.0
Patriot Viper 3 8 GB,,"3,1600","1,8",,Black / Silver,11.25,9.0
Corsair Dominator Platinum 16 GB,5767.79,"3,2666","4,4",18.024,Black / Silver,8.252,11.0
Patriot Viper 3 8 GB,,"3,1600","2,4",,Black / Green,11.25,9.0
Patriot Viper 3 16 GB,,"3,1600","4,4",,Black / Green,11.25,9.0
Corsair Vengeance LP 32 GB,,"3,1600","4,8",,Black / Blue,11.25,9.0
Corsair Vengeance 16 GB,,"3,1600","2,8",,Black / Gold,11.25,9.0
Crucial Ballistix Tactical 32 GB,,"3,1600","4,8",,Black / Yellow,10.0,8.0
Kingston HyperX Beast 8 GB,,"3,2400","2,4",,Black,9.167,11.0
Kingston HyperX Beast 8 GB,,"3,2133","2,4",,Black,10.314,11.0
Crucial Ballistix Tactical 16 GB,,"3,1600","4,4",,Black / Yellow,10.0,8.0
Kingston HyperX Beast 8 GB,,"3,1600","2,4",,Black,11.25,9.0
Kingston HyperX 32 GB,,"3,1600","4,8",,Green / Silver,11.25,9.0
Corsair Vengeance LP 32 GB,,"3,1866","4,8",,Black / Yellow,10.718,10.0
Corsair Vengeance LP 16 GB,,"3,1866","2,8",,Black / Yellow,10.718,10.0
G.Skill Trident X 16 GB,,"3,1866","2,8",,Black / Red,8.574,8.0
G.Skill Sniper 16 GB,,"3,2133","2,8",,Black / Red,9.376,10.0
G.Skill Ripjaws X 8 GB,,"3,2133","2,4",,Black / Blue,9.376,10.0
Mushkin Stealth 32 GB,,"3,1600","4,8",,Black / Gold,11.25,9.0
Corsair Vengeance Pro 16 GB,,"3,2400","2,8",,Black / Red,8.333,10.0
Corsair Vengeance Pro 8 GB,,"3,1600","2,4",,Black / Red,11.25,9.0
G.Skill Trident X 32 GB,,"3,2666","4,8",,Black / Red,9.002,12.0
Corsair Vengeance Pro 16 GB,,"3,1600","2,8",,Black / Gold,11.25,9.0
AMD AG316G2130U2K 16 GB,,"3,2133","2,8",,Black / Red,9.376,10.0
Kingston KVR13N9S8HK2/8 8 GB,1083.19,"3,1333","2,4",,Green,13.503,9.0
Crucial Ballistix Tactical 16 GB,,"3,1866","2,8",,Black / Yellow,9.646,9.0
TEAMGROUP Elite 2 GB,,"3,1333","1,2",,,13.503,9.0
TEAMGROUP Vulcan 16 GB,,"3,1600","2,8",,,11.25,9.0
Avexir MPower 16 GB,,"3,1600","2,8",,Black / Yellow,12.5,10.0
Avexir MSI Z77 MPOWER Optimized (Yellow LED) 32GB 32 GB,,"3,1600","4,8",,Black / Yellow,12.5,10.0
Corsair Vengeance Performance 8 GB,,"3,1866","2,4",,Black / Gold,10.718,10.0
Patriot Viper Xtreme 8 GB,,"3,1600","1,8",,Black / Silver,13.75,11.0
Corsair Vengeance Performance 8 GB,,"3,2133","2,4",,Black / Gold,8.439,9.0
G.Skill Ripjaws Z 16 GB,,"3,2933","4,4",,,8.183,12.0
Patriot Viper 3 8 GB,,"3,1600","1,8",,Black / Silver,12.5,10.0
Corsair Vengeance Pro 16 GB,,"3,2666","2,8",,Black / Red,9.002,12.0
G.Skill FA-10666CL9D-8GBSQ 8 GB,,"3,1333","2,4",,Black / Green,13.503,9.0
Patriot Viper 3 16 GB,,"3,2400","2,8",,Black / Silver,9.167,11.0
AMD Radeon R9 Gamer 8 GB,,"3,2133","2,4",,Black / Silver,9.376,10.0
Mushkin Essentials 32 GB,,"3,1866","4,8",,Black / Green,13.934,13.0
Patriot Signature 2 GB,,"3,1600","1,2",,Black / Green,13.75,11.0
Patriot Viper 3 Low Profile Blue 16 GB,,"3,1600","2,8",,Black / Blue,12.5,10.0
Patriot Viper 3 Low Profile Black 32 GB,,"3,1600","4,8",,Black / Silver,11.25,9.0
Patriot Viper 3 Red 8 GB,,"3,1600","2,4",,Black / Red,12.5,10.0
Patriot Viper 3 Low Profile Blue 8 GB,,"3,2133","2,4",,Black / Blue,10.314,11.0
Samsung M393B1K70DH0-YH908 8 GB,,"3,1333","1,8",,Black / Green,13.503,9.0
Corsair Dominator Platinum 16 GB,,"3,1600","4,4",,Black / Silver,11.25,9.0
Kingston HyperX Fury 8 GB,,"3,1333","1,8",,Blue / Silver,13.503,9.0
Kingston HyperX Fury 8 GB,,"3,1333","1,8",,Black / Silver,13.503,9.0
Kingston HyperX Fury 8 GB,,"3,1333","2,4",,Blue / Silver,13.503,9.0
Kingston HyperX Fury 16 GB,,"3,1333","2,8",,Red / Silver,13.503,9.0
Crucial Ballistix Tactical 16 GB,,"3,1600","4,4",,Black / Yellow,10.0,8.0
AMD Radeon R5 Entertainment 8 GB,,"3,1600","2,4",,Black / Red,13.75,11.0
AMD Radeon R5 Entertainment 8 GB,,"3,1600","1,8",,Black / Red,13.75,11.0
Crucial CT51264BA1339J 4 GB,487.4,"3,1333","1,4",6.093,Black / Green,13.503,9.0
PNY MD32768K4D3-1866-X9 32 GB,,"3,1866","4,8",,Black / Silver,9.646,9.0
Corsair Dominator Platinum 16 GB,,"4,2800","4,4",,Black / Silver,10.714,15.0
ADATA XPG Z1 16 GB,,"4,2800","4,4",,Red / Black,12.143,17.0
ADATA XPG Z1 32 GB,,"4,2800","4,8",,Red / Black,12.143,17.0
Crucial Ballistix Sport 4 GB,,"4,2400","1,4",,Gray / Silver,13.333,16.0
G.Skill Ripjaws 4 32 GB,,"4,3000","4,8",,Black,10.0,15.0
Kingston HyperX Savage 32 GB,,"3,1600","4,8",,Black / Red,11.25,9.0
Kingston HyperX Savage 32 GB,,"3,2400","4,8",,Black / Red,9.167,11.0
TEAMGROUP Dark 8 GB,,"3,1600","1,8",,Black / Green,11.25,9.0
TEAMGROUP Xtreem 16 GB,,"3,2400","2,8",,White,8.333,10.0
Crucial CT2K32G3ELSDQ4186D 64 GB,,"3,1866","2,32",,Blue / Silver,11.79,11.0
Crucial CT2K32G3ELSLQ4160B 64 GB,,"3,1600","2,32",,Blue / Silver,13.75,11.0
TEAMGROUP Elite 8 GB,,"4,2400","1,8",,Black / Green,12.5,15.0
Corsair Vengeance LPX 32 GB,,"4,2800","4,8",,Black,10.714,15.0
Patriot PX416G280C6QK 16 GB,,"4,2800","4,4",,Black / Silver,10.714,15.0
Silicon Power SP004GBLTU133N02 4 GB,,"3,1333","1,4",,Black / Green,13.503,9.0
G.Skill Ripjaws 4 8 GB,755.0,"4,2400","2,4",4.719,Red,12.5,15.0
Crucial Ballistix Elite 16 GB,,"4,2666","4,4",,Black,12.003,16.0
Patriot Viper 4 16 GB,,"4,3000","4,4",,Black / Red,10.667,16.0
Crucial Ballistix Sport LT 8 GB,,"4,2400","2,4",,Silver,13.333,16.0
Crucial Ballistix Sport LT 4 GB,,"4,2400","1,4",,Silver,13.333,16.0
Crucial CT4K4G4RFS8213 16 GB,,"4,2133","4,4",,Green,14.065,15.0
Crucial CT2K8G4RFS4213 16 GB,,"4,2133","2,8",,Green,14.065,15.0
Crucial CT8G3ERSLD4160B 8 GB,339.6,"3,1600","1,8",2.123,Green,13.75,11.0
Kingston KVR13R9D4K2/32 32 GB,,"3,1333","2,16",,Green,13.503,9.0
Kingston KVR16E11/8 8 GB,626.79,"3,1600","1,8",3.917,Green,13.75,11.0
Mushkin Essentials 16 GB,,"3,1600","2,8",,Black / Green,13.75,11.0
Avexir Core 16 GB,,"3,1600","2,8",,Black / Red,13.75,11.0
Corsair Dominator Platinum 16 GB,,"4,2133","4,4",,Black / Silver,14.065,15.0
Corsair Vengeance LPX 16 GB,,"4,3300","4,4",,Black / Yellow,9.697,16.0
Corsair Vengeance LPX 32 GB,,"4,3000","4,8",,Red,10.0,15.0
Corsair Vengeance LPX 128 GB,,"4,2400","8,16",,Black / Yellow,12.5,15.0
Crucial Ballistix Sport 8 GB,,"3,1866","2,4",,Blue / Silver,10.718,10.0
G.Skill Ripjaws 4 32 GB,,"4,3000","4,8",,Blue,10.0,15.0
Corsair Vengeance LPX 16 GB,,"4,3400","4,4",,Black / Yellow,9.412,16.0
G.Skill Ripjaws 4 8 GB,,"4,3200","2,4",,Blue,10.0,16.0
Mushkin Essentials 8 GB,552.4,"4,2133","1,8",3.453,Black / Green,14.065,15.0
PNY Anarchy 16 GB,,"3,1866","2,8",,Black / Blue,10.718,10.0
PNY Anarchy 16 GB,,"4,2133","2,8",,Black / Red,14.065,15.0
PNY Anarchy 16 GB,,"4,2400","2,8",,Black / Red,12.5,15.0
PNY Anarchy X 16 GB,,"4,2666","4,4",,Black / Blue,11.253,15.0
Corsair Vengeance LPX 8 GB,,"4,2400","2,4",,Red,11.667,14.0
Corsair Vengeance LPX 8 GB,,"4,3000","2,4",,Red,10.0,15.0
Avexir Blitz1.1 8 GB,,"3,2000","2,4",,Red / Silver,9.0,9.0
G.Skill Ripjaws V 8 GB,,"4,2800","2,4",,Black / Red,10.714,15.0
G.Skill Ripjaws V 8 GB,,"4,3200","2,4",,Black,10.0,16.0
Kingston HyperX Fury 4 GB,,"4,2666","1,4",,Black / White,11.253,15.0
Patriot Signature Line 8 GB,,"4,2400","1,8",,Black / Green,14.167,17.0
Kingston HyperX Fury 16 GB,,"3,1600","2,8",,Black,12.5,10.0
Kingston HyperX Fury 8 GB,,"3,1866","1,8",,Black,11.79,11.0
Kingston HyperX Fury 8 GB,,"3,1866","2,4",,Black,11.79,11.0
Crucial CT2K51264BD160BJ 8 GB,660.0,"3,1600","2,4",4.125,Black / Green,13.75,11.0
G.Skill Trident Z 32 GB,2584.4,"4,3200","4,8",4.038,Red / Silver,10.0,16.0
G.Skill Ripjaws V 8 GB,,"4,2800","2,4",,Black / Red,10.714,15.0
Kingston HyperX Savage 8 GB,1352.2,"4,2133","2,4",8.451,Black / White,12.189,13.0
G.Skill Ripjaws V 8 GB,,"4,2800","2,4",,Black / Red,11.429,16.0
G.Skill Trident Z 8 GB,,"4,3000","2,4",,Red / Silver,10.0,15.0
Samsung M471B5273DH0-CH9 4 GB,519.6,"3,1333","1,4",6.495,Black / Green,13.503,9.0
Corsair ValueSelect 8 GB,1126.4,"4,2133","2,4",7.04,Black / Yellow,14.065,15.0
Corsair Vengeance LPX 8 GB,,"4,2800","2,4",,Black / Yellow,11.429,16.0
Mushkin Redline 8 GB,,"4,3200","2,4",,Red / Silver,10.0,16.0
ADATA AX4U3000W8G16-DGZ 16 GB,,"4,3000","2,8",,Gold,10.667,16.0
G.Skill Ripjaws V 64 GB,,"4,2400","4,16",,Black,11.667,14.0
G.Skill Ripjaws V 32 GB,,"4,3000","2,16",,Red,10.0,15.0
Corsair Vengeance LPX 16 GB,,"4,2400","4,4",,Black / Yellow,12.5,15.0
Corsair Vengeance Pro 32 GB,,"3,1866","4,8",,Black / Red,11.79,11.0
G.Skill Trident Z 8 GB,,"4,3200","2,4",,Red / Silver,10.0,16.0
Crucial Ballistix Tactical 16 GB,,"4,2666","4,4",,Gray,12.003,16.0
GeIL Dragon RAM Combo 16 GB,,"4,3466","4,4",,White / Gold,9.233,16.0
G.Skill Ripjaws X 8 GB,,"3,1600","1,8",,Black / Red,11.25,9.0
AMD R7 Performance 4 GB,,"4,2133","1,4",,Black / Red,14.065,15.0
GeIL Super Luce 16 GB,,"4,3000","2,8",,Black / Red,10.0,15.0
G.Skill Ripjaws V 16 GB,,"4,3200","2,8",,Silver,10.0,16.0
G.Skill Ripjaws V 16 GB,,"4,3600","2,8",,Black,9.444,17.0
Corsair Vengeance LPX 32 GB,,"4,3466","4,8",,Black / Yellow,9.233,16.0
Corsair Vengeance LPX 8 GB,,"4,3866","2,4",,Black / Yellow,9.312,18.0
Corsair ValueSelect 2 GB,,"3,1333","1,2",,Green / Silver,13.503,9.0
GeIL EVO POTENZA 16 GB,,"4,2133","2,8",,Red,14.065,15.0
G.Skill Trident Z 32 GB,,"4,3200","2,16",,Red / Silver,9.375,15.0
PNY NHS 4 GB,,"3,1600","1,4",,Black / Green,13.75,11.0
G.Skill Ripjaws V 16 GB,,"4,3200","2,8",,Red,8.75,14.0
G.Skill Ripjaws V 32 GB,,"4,3200","2,16",,Red,8.75,14.0
Corsair Vengeance Pro 8 GB,,"3,2133","2,4",,Black / Silver,10.314,11.0
G.Skill Trident Z 16 GB,,"4,4000","2,8",,White / Gold,9.5,19.0
G.Skill Aegis 64 GB,,"4,2400","4,16",,Black / Red,12.5,15.0
Corsair Vengeance LPX 64 GB,,"4,3200","8,8",,Black / Yellow,9.375,15.0
Crucial CT2KIT51272BD160BJ 8 GB,,"3,1600","2,4",,Black / Green,13.75,11.0
G.Skill Ripjaws V 64 GB,,"4,3200","8,8",,Red,9.375,15.0
G.Skill Ripjaws V 32 GB,,"4,3333","2,16",,Red,9.601,16.0
TEAMGROUP Delta 16 GB,,"4,2400","2,8",,Black / Red,12.5,15.0
Kingston FURY 8 GB,,"4,2133","1,8",,Black / Silver,13.127,14.0
Kingston FURY 8 GB,,"4,2400","1,8",,Black / Silver,12.5,15.0
Kingston ValueRAM 16 GB,,"4,2133","2,8",,Black / Green,14.065,15.0
Kingston KCP316NS8/4 4 GB,503.2,"3,1600","1,4",6.29,Black / Green,13.75,11.0
Avexir Core 8 GB,,"4,2666","2,4",,Black / White,12.753,17.0
Corsair Vengeance LPX 64 GB,,"4,2666","4,16",,White,12.003,16.0
Corsair Vengeance LED 16 GB,,"4,2666","2,8",,Black / Red,12.003,16.0
Crucial Ballistix Sport LT 64 GB,,"4,2400","4,16",,Red / Silver,13.333,16.0
Crucial Ballistix Sport LT 64 GB,,"4,2400","4,16",,Gray,13.333,16.0
Crucial CT4K8G4WFS824A 32 GB,,"4,2400","4,8",,Black / Green,14.167,17.0
G.Skill Trident Z 16 GB,,"4,3200","2,8",,Silver / White,8.75,14.0
Patriot Viper Elite 32 GB,,"4,2800","2,16",,Red / Silver,11.429,16.0
GeIL EVO X 16 GB,,"4,3000","2,8",,Black / Blue,10.0,15.0
GALAX HOF 16 GB,,"4,3200","2,8",,White,8.75,14.0
Corsair Dominator Platinum Blackout 32 GB,,"4,3200","2,16",,Black,8.75,14.0
G.Skill NS 16 GB,,"4,2400","2,8",,Black,12.5,15.0
G.Skill Trident Z 16 GB,,"4,4266","2,8",,Black / White,8.908,19.0
G.Skill Trident Z 32 GB,,"4,3200","2,16",,Black / Orange,9.375,15.0
G.Skill Trident Z RGB 32 GB,,"4,2400","4,8",,Black,12.5,15.0
G.Skill Trident Z RGB 32 GB,,"4,3000","4,8",,Black,9.333,14.0
G.Skill Trident Z RGB 32 GB,,"4,3466","4,8",,Black,9.233,16.0
TEAMGROUP T-Force / Night Hawk 16 GB,,"4,3000","2,8",,Black / Blue,10.667,16.0
G.Skill FORTIS 32 GB,,"4,2133","2,16",,Black / Red,14.065,15.0
G.Skill Flare X 32 GB,,"4,2133","2,16",,Black,14.065,15.0
Patriot Viper Elite 16 GB,,"4,3200","2,8",,Silver / Red,10.0,16.0
G.Skill Trident Z RGB 128 GB,,"4,3333","8,16",,Black,9.601,16.0
Corsair Vengeance RGB 32 GB,,"4,3466","4,8",,Black,9.233,16.0
G.Skill Trident Z RGB 64 GB,,"4,3600","4,16",,Black,9.444,17.0
TEAMGROUP T-Force Xtreem 16 GB,,"4,4133","2,8",,Black,8.71,18.0
Kingston Impact 16 GB,,"4,2400","1,16",,Black,11.667,14.0
Kingston Impact 32 GB,,"4,2400","2,16",,Black,11.667,14.0
Corsair Dominator Platinum 32 GB,,"4,3600","4,8",,Black / Silver,8.889,16.0
G.Skill Trident Z RGB 32 GB,,"4,3866","2,16",,Black,9.312,18.0
TEAMGROUP Vulcan 8 GB,,"4,3000","2,4",,Black / Gray,10.667,16.0
TEAMGROUP Vulcan 16 GB,,"4,2400","2,8",,Black / Red,11.667,14.0
TEAMGROUP Vulcan 16 GB,,"4,2400","1,16",,Black / Red,12.5,15.0
TEAMGROUP Vulcan 32 GB,,"4,2666","2,16",,Black / Red,11.253,15.0
Patriot Viper Elite 16 GB,2350.4,"4,2400","2,8",,Black / Red,13.333,16.0
Crucial Ballistix Sport LT 16 GB,,"4,2666","2,8",,White,12.003,16.0
Patriot Viper Elite 16 GB,3742.2,"4,2666","2,8",,Black / Blue,12.003,16.0
Apacer Panther-Golden 8 GB,,"4,2400","1,8",,Black / Gold,13.333,16.0
Corsair Vengeance RGB 32 GB,,"4,3600","4,8",,Black,10.0,18.0
Corsair Vengeance RGB 16 GB,,"4,3600","2,8",,Black,10.0,18.0
Crucial CT51272BA186DJ 4 GB,799.8,"3,1866","1,4",9.998,Black / Green,13.934,13.0
Corsair Vengeance LPX 16 GB,,"4,4500","2,8",,Black,8.444,19.0
Corsair Vengeance LPX 16 GB,,"4,4600","2,8",,Black,8.261,19.0
Corsair Vengeance RGB 16 GB,,"4,4000","2,8",,,9.5,19.0
Corsair Dominator Platinum Special Edition 32 GB,,"4,3200","2,16",,,8.75,14.0
Kingston FURY 16 GB,,"4,2666","1,16",,Black / White,12.003,16.0
Corsair Vengeance RGB 32 GB,,"4,3200","2,16",,White,10.0,16.0
Corsair Dominator Platinum 32 GB,,"4,4000","4,8",,Black / Silver,9.5,19.0
TEAMGROUP T-Force Delta RGB 4 GB,,"4,2400","1,4",,Black,12.5,15.0
TEAMGROUP T-Force Delta RGB 16 GB,,"4,2666","1,16",,White,11.253,15.0
TEAMGROUP T-Force Delta RGB 32 GB,,"4,2400","2,16",,White,12.5,15.0
ADATA XPG GAMMIX D10 32 GB,,"4,2400","2,16",,Black / White,13.333,16.0
Corsair Vengeance RGB 64 GB,,"4,3733","4,16",,Black,9.108,17.0
Corsair Vengeance LED 16 GB,,"4,3200","2,8",,Black,10.0,16.0
Corsair Vengeance LPX 64 GB,,"4,3733","4,16",,Black / Yellow,9.108,17.0
Corsair Dominator Platinum 32 GB,,"4,3000","4,8",,Black / Silver,10.0,15.0
Corsair Vengeance LPX 16 GB,,"4,3200","2,8",,Red / Black,8.75,14.0
Avexir Core 8 GB,,"3,2800","2,4",,Black / Blue,10.0,14.0
G.Skill Flare X 64 GB,,"4,2400","8,8",,Black,12.5,15.0
G.Skill Trident Z RGB 16 GB,,"4,2933","2,8",,Black,9.547,14.0
TEAMGROUP Elite 4 GB,,"3,1600","1,4",,Green / Black,13.75,11.0
TEAMGROUP T-Force Vulcan 16 GB,,"3,2133","2,8",,Red,10.314,11.0
TEAMGROUP Elite 32 GB,,"4,2400","4,8",,Black,13.333,16.0
Crucial Ballistix Sport LT 16 GB,,"4,2666","1,16",,Gray,12.003,16.0
Crucial Ballistix Sport LT 32 GB,,"4,2666","4,8",,Red,12.003,16.0
Crucial Ballistix Sport LT 4 GB,,"4,2666","1,4",,Gray,12.003,16.0
GeIL EVO POTENZA 16 GB,,"4,2400","2,8",,Black,13.333,16.0
Corsair Vengeance RGB 32 GB,,"4,3000","4,8",,Black,10.667,16.0
TEAMGROUP T-Force Night Hawk RGB 16 GB,,"4,3600","2,8",,White,10.0,18.0
TEAMGROUP T-Force Dark 32 GB,,"4,3200","4,8",,Red / Black,10.0,16.0
TEAMGROUP T-Force Vulcan 64 GB,,"4,2400","4,16",,Silver / Black,11.667,14.0
Kingston HyperX Fury 32 GB,,"4,2400","2,16",,Red / Silver,12.5,15.0
Kingston HyperX Fury 16 GB,,"4,2666","1,16",,Red / Silver,12.003,16.0
Patriot Viper LED 16 GB,,"4,2666","2,8",,Black / Red,11.253,15.0
V7 V7192008GBD 8 GB,,"4,2400","1,8",,Black,14.167,17.0
Patriot Signature Line 8 GB,,"4,2133","1,8",,Green / Black,14.065,15.0
TEAMGROUP T-Force Vulcan 64 GB,,"4,3000","4,16",,Red / Black,10.667,16.0
Crucial CT2K16G3S186DM 32 GB,,"3,1866","2,16",,Green / Black,13.934,13.0
Samsung M393B1G70DB0-YK0 8 GB,,"3,1600","1,8",,Green / Black,13.75,11.0
Silicon Power SU016GLLTU160N22AC 16 GB,,"3,1600","2,8",,Green / Black,13.75,11.0
Crucial CT2K51264BD186DJ 8 GB,,"3,1866","2,4",,Green / Black,13.934,13.0
Corsair Vengeance LPX 16 GB,,"4,2400","2,8",,Black / Yellow,13.333,16.0
Kingston KTD-PE426S8/8G 8 GB,1177.0,"4,2666","1,8",7.356,Green / Black,14.254,19.0
Corsair Vengeance LPX 16 GB,,"4,4333","2,8",,Black / Yellow,8.77,19.0
G.Skill Sniper X 16 GB,,"4,3600","2,8",,Silver / Camo,10.556,19.0
G.Skill Sniper X 64 GB,,"4,3600","4,16",,Silver / Camo,10.556,19.0
G.Skill Ripjaws V 64 GB,4980.0,"4,3600","4,16",3.891,Red / Black,10.556,19.0
Kingston HyperX Fury 64 GB,,"4,2666","4,16",,Black / White,12.003,16.0
ADATA XPG GAMMIX D10 8 GB,,"4,2400","1,8",,Black / White,13.333,16.0
ADATA XPG GAMMIX D10 8 GB,,"4,2400","1,8",,Black / White,13.333,16.0
ADATA XPG GAMMIX D10 32 GB,,"4,2666","4,8",,Black / White,12.003,16.0
ADATA XPG GAMMIX D10 8 GB,,"4,2666","1,8",,Black / White,12.003,16.0
ADATA XPG GAMMIX D10 8 GB,,"4,2400","1,8",,Red / White,13.333,16.0
ADATA XPG GAMMIX D10 16 GB,,"4,2400","2,8",,Red / White,13.333,16.0
G.Skill Trident Z RGB 16 GB,,"4,2400","2,8",,Black,12.5,15.0
G.Skill Flare X 32 GB,,"4,3200","4,8",,Black,8.75,14.0
Corsair Vengeance LPX 32 GB,3747.0,"4,3333","4,8",5.855,Black / Yellow,9.601,16.0
Corsair Vengeance RGB Pro 16 GB,,"4,4000","2,8",,Black,9.5,19.0
G.Skill Trident Z RGB 32 GB,,"4,3200","4,8",,Black,10.0,16.0
G.Skill Trident Z 32 GB,,"4,3600","4,8",,Black / White,8.889,16.0
Crucial Ballistix Tactical 64 GB,,"4,3000","4,16",,Black,10.0,15.0
Crucial Ballistix Sport LT 8 GB,,"4,2666","1,8",,Red / Black,12.003,16.0
ADATA XPG SPECTRIX D41 16 GB,,"4,2666","2,8",,Red,12.003,16.0
ADATA XPG SPECTRIX D80 16 GB,,"4,3000","2,8",,Red,10.667,16.0
ADATA XPG SPECTRIX D41 16 GB,,"4,3600","2,8",,Red,9.444,17.0
Corsair Vengeance RGB Pro 16 GB,,"4,3466","2,8",,Black,9.233,16.0
TEAMGROUP T-Force Dark Pro 16 GB,,"4,3200","2,8",,Red / Black,8.75,14.0
Corsair Dominator Platinum Special Edition 32 GB,,"4,3200","4,8",,Blue / Orange,8.75,14.0
Crucial Ballistix Sport AT 64 GB,,"4,2666","4,16",,Silver / Black,12.003,16.0
Crucial Ballistix Sport LT 8 GB,,"4,2666","2,4",,Silver / Gray,12.003,16.0
Kingston HyperX Predator 128 GB,,"4,3000","8,16",,Black / Silver,10.0,15.0
Corsair Vengeance RGB Pro 64 GB,,"4,2666","4,16",,Black,12.003,16.0
Corsair Vengeance RGB Pro 64 GB,,"4,2666","4,16",,White,12.003,16.0
ADATA XPG GAMMIX D10 16 GB,,"4,3200","2,8",,Red / Silver,10.0,16.0
Corsair Vengeance RGB Pro 128 GB,,"4,3000","8,16",,White,10.667,16.0
ADATA AD4S2400316G17-R 16 GB,,"4,2400","1,16",,Green,14.167,17.0
Crucial CT16G4VFS4266 16 GB,,"4,2666","1,16",,Green / Black,14.254,19.0
Mushkin Silverline 16 GB,,"4,2133","2,8",,Silver / Green,14.065,15.0
G.Skill Trident Z Royal 16 GB,,"4,3200","2,8",,Silver,8.75,14.0
G.Skill Trident Z Royal 16 GB,,"4,3600","2,8",,Silver,9.444,17.0
Patriot Viper 4 16 GB,,"4,3733","2,8",,Red / Black,9.108,17.0
Corsair Vengeance RGB Pro 32 GB,,"4,3333","2,16",,Black,9.601,16.0
Kingston HyperX Predator 32 GB,,"4,3000","4,8",,Black / Silver,10.0,15.0
G.Skill Trident Z Royal 16 GB,4180.0,"4,4400","2,8",13.062,Silver,8.182,18.0
GeIL EVO SPEAR 16 GB,,"4,2666","2,8",,Black / Orange,14.254,19.0
Crucial Ballistix Sport LT 16 GB,,"4,3200","2,8",,Silver / Black,10.0,16.0
Crucial Ballistix Sport LT 32 GB,,"4,3200","4,8",,Silver / Black,10.0,16.0
Crucial Ballistix Sport AT 64 GB,,"4,3200","4,16",,Silver / Black,10.0,16.0
Corsair Vengeance LPX 16 GB,,"4,4700","2,8",,Black / Yellow,8.085,19.0
Corsair Vengeance LPX 64 GB,,"4,4266","8,8",,Black / Yellow,8.908,19.0
Crucial Ballistix Sport LT 64 GB,,"4,3200","4,16",,White / Silver,10.0,16.0
GeIL SUPER LUCE RGB SYNC 32 GB,,"4,3200","2,16",,Black,10.0,16.0
Kingston HyperX Predator 16 GB,,"4,4000","2,8",,Black,9.5,19.0
Corsair Dominator Platinum RGB 16 GB,,"4,4800","2,8",,Black,7.5,18.0
G.Skill Trident Z Royal 16 GB,,"4,4800","2,8",,Silver,7.5,18.0
Corsair Dominator Platinum RGB 16 GB,,"4,3000","2,8",,Black,10.0,15.0
Corsair Dominator Platinum RGB 16 GB,,"4,3000","2,8",,Black,10.0,15.0
G.Skill Trident Z Royal 64 GB,,"4,3000","4,16",,Silver,10.667,16.0
G.Skill Trident Z 16 GB,,"4,4266","2,8",,Silver,8.908,19.0
G.Skill Trident Z 16 GB,,"4,3600","2,8",,Silver / White,8.889,16.0
GeIL EVO POTENZA 16 GB,,"4,2400","2,8",,Black,13.333,16.0
G.Skill Trident Z 16 GB,3780.0,"4,3466","2,8",11.812,Silver / White,9.233,16.0
Corsair Dominator Platinum RGB 64 GB,,"4,3466","4,16",,Black,9.233,16.0
G.Skill Trident Z Royal 32 GB,,"4,3200","4,8",,Silver,8.75,14.0
Corsair Dominator Platinum RGB 64 GB,,"4,4000","8,8",,Black / Silver,9.5,19.0
TEAMGROUP T-Force T1 8 GB,,"4,2400","1,8",,Black / Red,12.5,15.0
Corsair Vengeance LPX 32 GB,,"4,3000","4,8",,Black / Yellow,10.0,15.0
Corsair Vengeance RGB Pro 32 GB,,"4,3000","4,8",,White,10.0,15.0
G.Skill Aegis 8 GB,,"4,2400","2,4",,Black / Red,14.167,17.0
TEAMGROUP T-Force Dark 8 GB,,"4,3000","2,4",,Silver / Black,10.667,16.0
Corsair Vengeance LPX 16 GB,,"4,3200","2,8",,Gray,9.375,15.0
Corsair Vengeance LPX 16 GB,,"4,3000","2,8",,Gray,10.0,15.0
Patriot Viper Steel 16 GB,,"4,3000","1,16",,Silver / Black,10.667,16.0
Patriot Viper Steel 16 GB,,"4,3400","2,8",,Silver / Black,9.412,16.0
Corsair Vengeance RGB Pro 32 GB,,"4,3200","4,8",,Black,10.0,16.0
Corsair Dominator Platinum RGB 32 GB,,"4,4000","2,16",,Black,9.5,19.0
G.Skill Trident Z Royal 16 GB,,"4,4800","2,8",,Gold,7.5,18.0
G.Skill Trident Z Neo 64 GB,,"4,3600","4,16",,Silver / Black,8.889,16.0
G.Skill Trident Z Neo 64 GB,,"4,3200","4,16",,Silver / Black,8.75,14.0
G.Skill Trident Z Neo 16 GB,,"4,3000","2,8",,Silver / Black,10.667,16.0
TEAMGROUP T-Force Vulcan Z 8 GB,,"4,3200","2,4",,Red,10.0,16.0
OLOy MD4U082616BFDA 16 GB,,"4,2666","2,8",,Red,12.003,16.0
OLOy WarHawk RGB 32 GB,,"4,3600","2,16",,Red / White,10.0,18.0
GeIL EVO X II AMD 16 GB,,"4,3000","2,8",,Black,10.667,16.0
GeIL EVO X II AMD 16 GB,,"4,3600","2,8",,Black,10.0,18.0
Patriot Signature Premium 16 GB,,"4,2400","1,16",,Black,14.167,17.0
Kingston HyperX Fury RGB 8 GB,,"4,2400","1,8",,Black,12.5,15.0
Kingston HyperX Fury RGB 32 GB,,"4,2666","4,8",,Black,12.003,16.0
Kingston HyperX Fury RGB 16 GB,,"4,3000","2,8",,Black,10.0,15.0
Kingston HyperX Fury RGB 32 GB,,"4,3000","4,8",,Black,10.0,15.0
Kingston HyperX Fury RGB 16 GB,,"4,3466","2,8",,Black,9.233,16.0
TEAMGROUP T-Force Dark Z 16 GB,,"4,3000","2,8",,Silver / Black,10.667,16.0
TEAMGROUP T-Force Dark Z 32 GB,,"4,3000","2,16",,Silver / Black,10.667,16.0
ADATA XPG GAMMIX D30 16 GB,,"4,3600","2,8",,Silver / Black,9.444,17.0
G.Skill Trident Z Royal 64 GB,,"4,3600","4,16",,Silver,10.0,18.0
OLOy WarHawk RGB 32 GB,,"4,3000","2,16",,Blue / White,10.667,16.0
Kingston HyperX Predator RGB 16 GB,,"4,3600","2,8",,Black,9.444,17.0
Kingston HyperX Predator RGB 16 GB,,"4,3000","2,8",,Black,10.0,15.0
Silicon Power XPOWER Turbine 16 GB,,"4,4133","2,8",,Blue,9.194,19.0
Corsair Vengeance RGB Pro 128 GB,,"4,2666","4,32",,Black,12.003,16.0
Thermaltake TOUGHRAM RGB 16 GB,,"4,4000","2,8",,Black / Silver,9.5,19.0
Corsair Vengeance RGB Pro 256 GB,,"4,3000","8,32",,Black,10.667,16.0
G.Skill Trident Z Royal 128 GB,,"4,3200","4,32",,Gold,10.0,16.0
Crucial Ballistix 8 GB,,"4,2400","2,4",,Black,13.333,16.0
Crucial Ballistix 32 GB,,"4,2666","2,16",,Red,12.003,16.0
Crucial Ballistix RGB 32 GB,,"4,3200","2,16",,Red,10.0,16.0
G.Skill Trident Z Neo 256 GB,,"4,2666","8,32",,Black / Silver,13.503,18.0
GeIL EVO SPEAR Phantom Gaming 32 GB,,"4,3000","2,16",,Black,10.667,16.0
GeIL GeIL 16GB (2 x 8GB) 288-Pin DDR4 SDRAM DDR4 3600 (PC4 28800) Desktop Memory Model GALS416GB3600C18ADC 16 GB,,"4,3600","2,8",,Black,10.0,18.0
GeIL GeIL EVO POTENZA 16GB (2 x 8GB) 288-Pin DDR4 SDRAM DDR4 3600 (PC4 28800) Desktop Memory Model GPR416GB3600C18ADC 16 GB,,"4,3600","2,8",,Red,10.0,18.0
OLOy MD4U083216BHDA 16 GB,,"4,3200","2,8",,Red,10.0,16.0
Mushkin Essentials 32 GB,1603.4,"4,2666","1,32",2.505,Green / Black,14.254,19.0
TEAMGROUP T-Force Dark Z 16 GB,,"4,3600","2,8",,Red / Black,10.0,18.0
G.Skill Trident Z RGB 32 GB,,"4,4266","4,8",,Black,7.97,17.0
Samsung Samsung DDR4-2933 32GB/2Gx4 ECC/REG CL21 Server Memory 32 GB,,"4,2933","1,32",,Green / Black,14.32,21.0
Klevv CRAS 32 GB,,"4,2800","4,8",,Silver / Black,11.429,16.0
Patriot Viper 4 Blackout 64 GB,,"4,3200","2,32",,Black,10.0,16.0
OLOy WarHawk RGB 64 GB,,"4,3200","2,32",,White,10.0,16.0
TEAMGROUP T-Force Delta TUF Gaming Alliance 32 GB,,"4,3200","2,16",,Black / Gold,10.0,16.0
OLOy MD4U163016BBSA 16 GB,,"4,3000","1,16",,Black / Red,10.667,16.0
Corsair Dominator Platinum RGB 32 GB,,"4,4000","4,8",,White,9.5,19.0
G.Skill Trident Z Royal 64 GB,,"4,4000","2,32",,Gold,9.0,18.0
G.Skill Trident Z Royal 32 GB,,"4,4266","2,16",,Silver,7.97,17.0
Kingston HyperX Predator 64 GB,,"4,3200","2,32",,Black,10.0,16.0
G.Skill Trident Z Neo 64 GB,,"4,3800","2,32",,Black / Silver,9.474,18.0
G.Skill Trident Z Neo 16 GB,,"4,3800","2,8",,Black / Silver,8.421,16.0
G.Skill Trident Z Royal 64 GB,,"4,3200","2,32",,Silver,8.75,14.0
Apacer AU 16 GB,,"4,2400","1,16",,Black,14.167,17.0
Apacer AU 4 GB,,"4,2133","1,4",,Black,14.065,15.0
Neo Forza FAYE 32 GB,,"4,3000","2,16",,Silver / Black,10.0,15.0
Neo Forza FAYE 16 GB,,"4,3200","1,16",,Silver / Black,10.0,16.0
Neo Forza FAYE 16 GB,,"4,4000","2,8",,Black / Silver,9.5,19.0
TEAMGROUP T-Force Zeus 64 GB,,"4,3200","2,32",,Red,12.5,20.0
G.Skill Trident Z Neo 16 GB,,"4,4000","2,8",,Black / White,8.0,16.0
Silicon Power SU016GXLZU320BDAJ6 16 GB,,"4,3200","2,8",,Gray,10.0,16.0
G.Skill Ripjaws V 32 GB,,"4,4000","2,16",,Black,8.5,17.0
G.Skill Trident Z RGB 16 GB,,"4,4000","2,8",,Black,7.0,14.0
OLOy Blade RGB 16 GB,,"4,3600","2,8",,Silver,7.778,14.0
Corsair Vengeance RGB RT 32 GB,,"4,3200","4,8",,Black,10.0,16.0
Corsair Dominator Platinum RGB First Edition 32 GB,,"5,5200","2,16",,Black,13.846,36.0
Corsair Vengeance 32 GB,,"5,5200","2,16",,White / Gray,14.615,38.0
G.Skill Ripjaws V 64 GB,,"4,3600","4,16",,Black,7.778,14.0
Acer Predator Apollo RGB 32 GB,,"4,3200","2,16",,Silver / Black,8.75,14.0
Acer Predator Apollo RGB 32 GB,,"4,3600","2,16",,Silver / Black,8.889,16.0
Acer Predator Talos 16 GB,,"4,2666","2,8",,White / Black,13.503,18.0
Acer Predator Talos 16 GB,,"4,3200","2,8",,White / Black,10.0,16.0
G.Skill Trident Z5 RGB 32 GB,,"5,6000","2,16",,Silver / Black,13.333,40.0
G.Skill Trident Z Royal Elite 16 GB,,"4,3600","2,8",,Silver,7.778,14.0
G.Skill Trident Z Royal Elite 32 GB,,"4,4000","2,16",,Silver,8.0,16.0
G.Skill Trident Z Royal Elite 32 GB,,"4,4266","2,16",,Gold,7.501,16.0
G.Skill Trident Z Royal 32 GB,,"4,3600","4,8",,Silver,7.778,14.0
G.Skill Trident Z Royal 64 GB,,"4,3600","4,16",,Gold,7.778,14.0
G.Skill Trident Z Royal 16 GB,,"4,4600","2,8",,Gold,8.261,19.0
G.Skill Trident Z Royal 16 GB,,"4,4800","2,8",,Silver,7.917,19.0
Corsair Dominator Platinum RGB 32 GB,,"5,5600","2,16",,Black,14.286,40.0
G.Skill Trident Z5 RGB 32 GB,2483.4,"5,5600","2,16",3.88,Silver / Black,14.286,40.0
G.Skill Trident Z5 32 GB,2443.19,"5,5600","2,16",3.817,Black,14.286,40.0
ADATA Premier 16 GB,,"5,4800","1,16",,Black,16.667,40.0
G.Skill Ripjaws V 16 GB,,"4,4800","2,8",,Black,7.917,19.0
G.Skill Ripjaws V 16 GB,,"4,4800","2,8",,Black,7.083,17.0
G.Skill Ripjaws S5 32 GB,,"5,5600","2,16",,White,12.857,36.0
G.Skill Trident Z Royal Elite 32 GB,,"4,4000","2,16",,Silver / Blue,9.0,18.0
G.Skill Trident Z Royal 16 GB,,"4,4600","2,8",,Silver,8.261,19.0
G.Skill Trident Z Neo 16 GB,,"4,3600","2,8",,Black / White,7.778,14.0
G.Skill TridentZ RGB 16 GB,,"4,4800","2,8",,Black,7.917,19.0
G.Skill TridentZ RGB 32 GB,,"4,4600","2,16",,Black,8.261,19.0
G.Skill TridentZ RGB 16 GB,,"4,4400","2,8",,Black,8.182,18.0
TEAMGROUP T-Force Delta RGB 32 GB,,"5,5600","2,16",,White,14.286,40.0
Corsair Dominator Platinum RGB 32 GB,3667.6,"4,3200","4,8",5.731,Black,10.0,16.0
Corsair Dominator Platinum RGB 64 GB,,"4,3200","2,32",,Black,10.0,16.0
HP V8 RGB 16 GB,,"4,3600","2,8",,Black / Silver,10.0,18.0
Kingston FURY 32 GB,,"4,2666","2,16",,Black,12.003,16.0
Kingston FURY 32 GB,,"4,3466","2,16",,Black,9.81,17.0
GeIL Orion RGB AMD Edition 8 GB,,"4,3000","1,8",,Gray,10.667,16.0
GeIL Orion RGB AMD Edition 32 GB,,"4,3200","2,16",,Red,10.0,16.0
GeIL Orion RGB AMD Edition 32 GB,,"4,3600","2,16",,Red,10.0,18.0
GeIL Orion RGB AMD Edition 16 GB,,"4,2666","2,8",,Gray,14.254,19.0
GeIL EVO Potenza AMD Edition 32 GB,,"4,3200","2,16",,Black,10.0,16.0
GeIL EVO Potenza AMD Edition 16 GB,,"4,3600","2,8",,Red,7.778,14.0
GeIL Polaris RGB 32 GB,,"5,5200","2,16",,White,13.077,34.0
TEAMGROUP T-Force Vulcan Z 32 GB,,"4,3200","1,32",,Red,10.0,16.0
TEAMGROUP T-Force Vulcan Z 8 GB,,"4,3000","1,8",,Gray,10.667,16.0
TEAMGROUP T-Force Vulcan Z 32 GB,,"4,3200","1,32",,Gray,10.0,16.0
TEAMGROUP T-Force Vulcan Z 16 GB,,"4,3600","2,8",,Red,11.111,20.0
TEAMGROUP T-Force Vulcan Z 32 GB,,"4,4000","2,16",,Red,9.0,18.0
TEAMGROUP T-Force Delta RGB 32 GB,,"4,2666","2,16",,Black,12.003,16.0
TEAMGROUP T-Force Delta RGB 32 GB,,"4,3200","1,32",,Black,10.0,16.0
TEAMGROUP T-Force Delta RGB 64 GB,,"4,3200","2,32",,Black,10.0,16.0
Kingston FURY Renegade 8 GB,,"4,2666","1,8",,Black,9.752,13.0
Kingston FURY Renegade 32 GB,,"4,3200","4,8",,Black,10.0,16.0
Kingston FURY Renegade 64 GB,,"4,3200","4,16",,Black,10.0,16.0
G.Skill Trident Z5 RGB 64 GB,,"5,5600","2,32",,White / Black,10.0,28.0
G.Skill Trident Z5 RGB 32 GB,,"5,5200","2,16",,White / Black,15.385,40.0
G.Skill Trident Z5 RGB 32 GB,,"5,5600","2,16",,White / Black,10.0,28.0
G.Skill Trident Z5 RGB 32 GB,,"5,6000","2,16",,White / Black,12.0,36.0
G.Skill Trident Z5 RGB 32 GB,,"5,6000","2,16",,Black,10.667,32.0
Kingston Server Premier 32 GB,2999.8,"4,2666","1,32",4.687,,14.254,19.0
Kingston Server Premier 16 GB,,"4,2933","1,16",,,14.32,21.0
Kingston FURY Beast 4 GB,,"4,2666","1,4",,Black,12.003,16.0
Kingston ValueRAM 16 GB,1168.8,"5,4800","1,16",3.652,,16.667,40.0
G.Skill Ripjaws S5 32 GB,,"5,5200","2,16",,White,10.769,28.0
G.Skill Ripjaws S5 64 GB,,"5,5600","2,32",,Black,10.0,28.0
G.Skill Ripjaws S5 32 GB,,"5,5600","2,16",,Black,14.286,40.0
G.Skill Ripjaws S5 32 GB,,"5,5600","2,16",,Black,14.286,40.0
G.Skill Ripjaws S5 32 GB,,"5,5600","2,16",,White,14.286,40.0
Mushkin Redline Lumina 32 GB,,"4,3200","2,16",,Black / Silver,10.0,16.0
ADATA XPG GAMMIX D20 16 GB,,"4,3200","1,16",,Black / Silver,10.0,16.0
ADATA XPG GAMMIX D20 16 GB,,"4,3600","1,16",,Black / Silver,10.0,18.0
ADATA XPG GAMMIX D20 32 GB,,"4,3600","2,16",,Black / Silver,10.0,18.0
ADATA XPG GAMMIX D20 16 GB,,"4,4133","2,8",,Black / Silver,9.194,19.0
ADATA XPG Z1 16 GB,,"4,3200","2,8",,Silver,11.25,18.0
TEAMGROUP T-Force Xtreem ARGB 128 GB,,"4,3200","8,16",,Black,10.0,16.0
TEAMGROUP T-Force Xtreem ARGB 256 GB,,"4,3200","8,32",,Black,10.0,16.0
Lexar Hades RGB 8 GB,,"4,3200","1,8",,Black,11.25,18.0
Lexar Hades RGB 16 GB,,"4,3200","1,16",,Black,11.25,18.0
Lexar Hades RGB 8 GB,,"4,3200","1,8",,Black,11.25,18.0
Lexar Hades OC 32 GB,,"4,3600","2,16",,Gray / Black,10.0,18.0
Lexar Ares RGB 16 GB,,"4,4000","2,8",,Black,9.0,18.0
TEAMGROUP T-Force Vulcan 32 GB,,"5,4800","2,16",,Red,15.0,36.0
V-Color Prism Pro 32 GB,,"4,3600","2,16",,White,10.0,18.0
TEAMGROUP T-Force Dark Za 16 GB,,"4,3200","2,8",,Black,10.0,16.0
TEAMGROUP T-Force Dark Z 16 GB,,"4,3200","2,8",,Gray,10.0,16.0
TEAMGROUP Elite 16 GB,,"4,2400","1,16",,Black,13.333,16.0
TEAMGROUP Elite 64 GB,,"4,2400","2,32",,Black,13.333,16.0
TEAMGROUP Elite 8 GB,,"4,2666","1,8",,Black,14.254,19.0
TEAMGROUP T-Force Xtreem ARGB 16 GB,,"4,5066","2,8",,White,7.896,20.0
TEAMGROUP T-Force Delta TUF Gaming Alliance RGB 8 GB,,"4,2400","1,8",,Black / Gold,13.333,16.0
TEAMGROUP T-Force Delta TUF Gaming Alliance RGB 16 GB,,"4,2666","1,16",,Black / Gold,13.503,18.0
TEAMGROUP T-Force Delta TUF Gaming Alliance RGB 16 GB,,"4,2933","2,8",,Black / Gold,10.91,16.0
ADATA XPG GAMMIX D45 16 GB,,"4,3600","1,16",,Black,10.0,18.0
V-Color XSky RGB 32 GB,3499.8,"5,6200","2,16",5.468,Black,11.613,36.0
Mushkin Redline 16 GB,,"4,3200","2,8",,,10.0,16.0
Mushkin Redline Lumina 16 GB,,"4,4000","2,8",,Black,9.0,18.0
Mushkin Redline 16 GB,,"4,2666","2,8",,Red,12.003,16.0
Mushkin Redline 32 GB,,"4,3600","2,16",,White,8.889,16.0
Mushkin Redline 16 GB,,"4,3200","2,8",,White,8.75,14.0
Mushkin Silverline 8 GB,1903.4,"4,2133","1,8",11.896,Silver,14.065,15.0
Mushkin Proline 16 GB,1215.8,"4,2666","1,16",3.799,,14.254,19.0
G.Skill Trident Z 32 GB,,"5,5600","2,16",,Black,12.857,36.0
G.Skill Ripjaws V 16 GB,,"4,4266","2,8",,Red,7.501,16.0
G.Skill Ripjaws V 8 GB,,"4,2400","1,8",,Red,14.167,17.0
G.Skill Trident Z Royal 128 GB,,"4,3600","8,16",,Gold,7.778,14.0
G.Skill Trident Z Royal 32 GB,,"4,3600","2,16",,Silver,7.778,14.0
G.Skill Trident Z Royal Elite 64 GB,,"4,3600","4,16",,Gold,7.778,14.0
G.Skill Trident Z Royal Elite 128 GB,,"4,3600","8,16",,Silver,7.778,14.0
G.Skill Trident Z RGB 64 GB,,"4,3200","4,16",,,9.375,15.0
G.Skill F4-3200C16Q2-128GTZKW 128 GB,,"4,3200","8,16",,Black / White,10.0,16.0
G.Skill F4-3600C17Q-64GTZSW 64 GB,,"4,3600","4,16",,Gray / White,9.444,17.0
G.Skill F4-4000C18Q-32GTZ 32 GB,,"4,4000","4,8",,Gray / Red,9.0,18.0
G.Skill F4-4133C19Q-32GTZKKF 32 GB,,"4,4133","4,8",,Black,9.194,19.0
G.Skill F4-4200C19Q2-64GTZKK 64 GB,,"4,4200","8,8",,Black,9.048,19.0
G.Skill Trident Z Neo 16 GB,,"4,2666","2,8",,Black / White,13.503,18.0
G.Skill Ripjaws S5 32 GB,,"5,5200","2,16",,White,15.385,40.0
G.Skill Ripjaws S5 32 GB,,"5,5200","2,16",,Black,15.385,40.0
G.Skill Aegis 8 GB,,"4,2400","1,8",,Black,14.167,17.0
Kingston FURY Renegade 16 GB,,"5,6000","1,16",,Silver / Black,10.667,32.0
Acer Predator Vesta RGB 32 GB,,"4,3200","2,16",,Silver,8.75,14.0
Corsair Dominator Platinum RGB 16 GB,,"4,3200","2,8",,White,11.25,18.0
Patriot Viper Elite 4 GB,,"4,2666","1,4",,Black / Silver,12.003,16.0
Patriot Viper Venom RGB 16 GB,,"4,3600","1,16",,Black,10.0,18.0
Silicon Power XPOWER Zenith Gaming 32 GB,,"4,3600","2,16",,Black,10.0,18.0
Silicon Power XPOWER Zenith Gaming 32 GB,,"5,5600","2,16",,White,14.286,40.0
Silicon Power XPOWER AirCool 8 GB,,"4,3200","1,8",,,10.0,16.0
Silicon Power XPOWER Turbine 32 GB,,"4,2666","2,16",,Blue / Black,12.003,16.0
Silicon Power SP004GBLFU240N02 4 GB,412.4,"4,2400","1,4",5.155,,14.167,17.0
Silicon Power SP008GBLFU213B02 8 GB,642.2,"4,2133","1,8",4.014,,14.065,15.0
Silicon Power SP064GBLFU320F22 64 GB,,"4,3200","2,32",,,13.75,22.0
Silicon Power SP016GBSVU480F02 16 GB,,"5,4800","1,16",,,16.667,40.0
Silicon Power SP001GBRDE333O01 1 GB,,333,"1,1",,,15.015,2.5
TEAMGROUP T-Force Vulcan 16 GB,,"5,5600","1,16",,Black,12.857,36.0
G.Skill Trident Z5 64 GB,,"5,6000","2,32",,Black,10.667,32.0
TEAMGROUP Night Hawk RGB Gen 2 32 GB,,"4,3200","2,16",,White,10.0,16.0
TEAMGROUP Night Hawk RGB Gen 2 64 GB,,"4,3200","2,32",,White,10.0,16.0
TEAMGROUP Night Hawk RGB Gen 2 32 GB,,"4,3600","2,16",,Black,10.0,18.0
Corsair Dominator Platinum RGB 64 GB,,"5,5200","2,32",,Black,15.385,40.0
TEAMGROUP T-Force Delta RGB 32 GB,,"5,7000","2,16",,Black / Silver,9.714,34.0
ADATA XPG Z1 16 GB,,"4,3200","2,8",,Black,10.0,16.0
ADATA XPG SPECTRIX D50 32 GB,,"4,3200","2,16",,White,10.0,16.0
V-Color Manta XPrism RGB 32 GB,,"5,7200","2,16",,Silver,10.0,36.0
Neo Forza FAYE 32 GB,,"4,3600","2,16",,Black / Silver,10.0,18.0
TEAMGROUP Elite Plus 16 GB,,"5,5200","2,8",,Black,16.154,42.0
OLOy Blade RGB 16 GB,,"5,5600","2,8",,Black,14.286,40.0
OLOy Blade RGB 16 GB,,"5,5600","2,8",,Platinum,11.429,32.0
TEAMGROUP T-Force Zeus 8 GB,,"4,3200","1,8",,Red / Black,10.0,16.0
Silicon Power XPOWER Zenith RGB Gaming 32 GB,,"5,6000","2,16",,Black,13.333,40.0
Kingston FURY Beast 32 GB,,"5,6000","1,32",,Black / Silver,13.333,40.0
PROXMEM KERBEROS 32 GB,,"5,6000","2,16",,Black / Silver,12.0,36.0
Patriot Signature Line 8 GB,499.79,"5,4800","1,8",3.124,Black,19.167,46.0
Timetec PINNACLE Konduit RGB 64 GB,,"4,3200","2,32",,Black,10.0,16.0
Timetec PINNACLE Konduit RGB 32 GB,,"4,3600","1,32",,Black,10.0,18.0
PROXMEM KERBEROS TUF 32 GB,,"5,6800","2,16",,Black / Silver,10.0,34.0
PROXMEM KERBEROS TUF 32 GB,,"5,6400","2,16",,Black / Silver,10.0,32.0
PROXMEM UNDERWORLD TUF 32 GB,,"5,5600","2,16",,Black / Gray,10.0,28.0
Kingston FURY Renegade 16 GB,1982.6,"5,6000","1,16",6.196,White / Silver,10.667,32.0
GeIL Polaris 32 GB,,"5,5600","2,16",,Black,16.429,46.0
GeIL Polaris RGB SYNC 32 GB,,"5,7200","2,16",,Black,10.0,36.0
GeIL Polaris RGB SYNC 32 GB,,"5,8000","2,16",,Red,9.5,38.0
TEAMGROUP T-Force Vulcanα 32 GB,,"5,6000","2,16",,Red,12.667,38.0
TEAMGROUP T-Force Vulcanα 16 GB,,"5,5200","2,8",,Black,14.615,38.0
OLOy Blade RGB 64 GB,,"5,5600","2,32",,White,12.857,36.0
Crucial CT2K4G4DFS6266 8 GB,,"4,2666","2,4",,Green,14.254,19.0
Mushkin Enhanced Redline Stiletto 16 GB,,"4,3600","2,8",,Black,8.889,16.0
Mushkin Enhanced Redline Stiletto 16 GB,,"4,3600","2,8",,Black,7.778,14.0
Kingston FURY Beast RGB 32 GB,,"4,3600","2,16",,Black / Silver,10.0,18.0
Kingston FURY Beast 64 GB,,"4,3600","2,32",,Black / Silver,10.0,18.0
OLOy Blade RGB 16 GB,,"4,4000","2,8",,Black / Silver,9.0,18.0
OLOy Blade RGB 64 GB,,"4,3600","2,32",,Black / Silver,10.0,18.0
Silicon Power XPOWER Zenith Gaming 32 GB,,"5,6000","2,16",,White,13.333,40.0
OLOy WarHawk RGB 16 GB,,"4,4000","2,8",,White / Silver,9.0,18.0
GeIL ORION V RGB 16 GB,,"5,5200","1,16",,Black,13.077,34.0
GeIL ORION V RGB 32 GB,,"5,6400","2,16",,Black,11.875,38.0
GeIL ORION V RGB 16 GB,,"5,8000","1,16",,Red,9.5,38.0
GeIL ORION V 16 GB,,"5,8000","1,16",,Black,9.5,38.0
GeIL ORION V 16 GB,,"5,8000","1,16",,Red,9.5,38.0
TEAMGROUP Elite Plus 32 GB,,"4,2666","1,32",,Black / Gold,14.254,19.0
TEAMGROUP Elite Plus 8 GB,,"4,2666","1,8",,Black / Gold,14.254,19.0
TEAMGROUP Elite Plus 16 GB,,"4,2666","2,8",,Black / Gold,14.254,19.0
TEAMGROUP Elite Plus 16 GB,,"4,2666","2,8",,Black / Gold,14.254,19.0
TEAMGROUP Elite Plus 4 GB,,"4,2400","1,4",,Red / Black,13.333,16.0
TEAMGROUP TPRD48G3200HC22016 8 GB,,"4,3200","1,8",,Red / Black,13.75,22.0
TEAMGROUP Elite Plus 16 GB,,"4,2133","2,8",,Red / Black,14.065,15.0
TEAMGROUP Elite 8 GB,,"5,5600","1,8",,Black,16.429,46.0
TEAMGROUP Elite 32 GB,,"5,6400","2,16",,Black,16.25,52.0
Klevv CRAS XR5 RGB 32 GB,,"5,8000","2,16",,White / Black,9.5,38.0
Klevv CRAS XR5 RGB 32 GB,,"5,6000","2,16",,White / Black,13.333,40.0
GeIL EVO V RGB 8 GB,,"5,4800","1,8",,White,16.667,40.0
GeIL EVO V RGB 16 GB,,"5,7600","1,16",,Black,9.474,36.0
GeIL EVO V RGB 24 GB,,"5,8000","1,24",,Black,10.0,40.0
GeIL EVO V RGB 24 GB,,"5,8200","1,24",,Black,9.756,40.0
Mushkin Enhanced Redline 96 GB,,"5,5600","2,48",,Black,16.429,46.0
GOODRAM IRDM PRO 8 GB,,"4,3600","1,8",,White,9.444,17.0
GOODRAM IRDM PRO 16 GB,,"4,3600","1,16",,White,9.444,17.0
GOODRAM IRDM PRO 8 GB,,"4,3600","1,8",,Black / Gold,9.444,17.0
GOODRAM IRDM PRO 32 GB,,"4,3600","2,16",,Black / Gold,9.444,17.0
ADATA XPG LANCER RGB 16 GB,,"5,6400","1,16",,Black,10.0,32.0
ADATA XPG LANCER RGB 16 GB,,"5,7200","1,16",,Black,9.444,34.0
ADATA XPG Lancer Blade RGB 16 GB,,"5,6400","1,16",,White,10.0,32.0
TEAMGROUP T-Force Vulcan 32 GB,,"5,4800","2,16",,Black,15.833,38.0
TEAMGROUP T-Force Vulcan 16 GB,,"5,6000","1,16",,Black,12.667,38.0
TEAMGROUP T-Force Vulcan 16 GB,,"5,6000","1,16",,Red,10.0,30.0
TEAMGROUP T-Force Vulcan 32 GB,,"5,6000","1,32",,Red,12.667,38.0
TEAMGROUP T-Force Vulcan 32 GB,,"5,4800","2,16",,Red,15.833,38.0
VisionTek 901350 16 GB,,"4,3200","1,16",,Black,13.75,22.0
Kingston KTD-PE426E/8G 8 GB,979.8,"4,2666","1,8",6.124,Green,14.254,19.0
OLOy OWL RGB 64 GB,,"4,3200","2,32",,White,10.0,16.0
G.Skill Ripjaws X 2 GB,,"3,1333","1,2",,Red,13.503,9.0
Silicon Power SP032GBLVU520F02 32 GB,,"5,5200","1,32",,Black,16.154,42.0
Silicon Power SP048GBLVU520P02 48 GB,,"5,5200","1,48",,Black,16.154,42.0
Silicon Power XPOWER Zenith Gaming 32 GB,,"5,6000","1,32",,Black,10.0,30.0
Mushkin Redline Lumina White 32 GB,,"5,6400","2,16",,White,9.375,30.0
Mushkin Redline Lumina 32 GB,,"5,6000","2,16",,Black,10.0,30.0
Mushkin Redline Pro 16 GB,,"5,4800","1,16",,Black / White,16.667,40.0
Mushkin Redline Pro 64 GB,,"5,5600","2,32",,Black / White,16.429,46.0
Mushkin Redline 96 GB,,"5,4800","2,48",,Black,16.667,40.0
Mushkin Redline ST 16 GB,,"5,5600","1,16",,Black,10.0,28.0
Crucial CT2K8G52C42S5 16 GB,,"5,5200","2,8",,Black,16.154,42.0
Crucial CT2K16G52C42S5 32 GB,,"5,5200","2,16",,Black,16.154,42.0
Acer Predator Pallas II 32 GB,,"5,7200","2,16",,Black,9.444,34.0
Acer Predator Pallas II 32 GB,,"5,7200","2,16",,Silver,9.444,34.0
Acer Predator Hermes RGB 48 GB,,"5,7200","2,24",,White,10.0,36.0
Acer Predator Hermes RGB 32 GB,,"5,7200","2,16",,White,9.444,34.0
Acer Predator Hermes RGB 32 GB,,"5,7600","2,16",,Black,9.474,36.0
TEAMGROUP T-Create Master 128 GB,19999.8,"5,6400","8,16",7.812,Black,10.0,32.0
V-Color TRA516G72S834Q 64 GB,15919.8,"5,7200","4,16",12.437,White,9.444,34.0
V-Color TRA532G56S436Q 128 GB,15919.8,"5,5600","4,32",6.219,White,12.857,36.0
V-Color TRA532G64D832Q 128 GB,21119.8,"5,6400","4,32",8.25,White,10.0,32.0
V-Color TRA548G56D846Q 192 GB,25999.8,"5,5600","4,48",6.771,White,16.429,46.0
Kingston FURY Renegade Pro 16 GB,4300.0,"5,6400","1,16",13.438,Black,10.0,32.0
Kingston FURY Renegade Pro 64 GB,11380.0,"5,6400","4,16",8.891,Black,10.0,32.0
Kingston FURY Renegade Pro 64 GB,13980.0,"5,6800","4,16",10.922,Black,14.118,48.0
Kingston FURY Renegade Pro 128 GB,18780.0,"5,6000","8,16",7.336,Black,10.667,32.0
PNY XLR8 Gaming MAKO 32 GB,,"5,5200","2,16",,Black,14.615,38.0
PNY XLR8 Gaming MAKO 16 GB,,"5,5600","1,16",,Black,13.571,38.0
G.Skill Ripjaws M5 RGB 64 GB,,"5,5600","2,32",,Black,16.429,46.0
G.Skill Ripjaws S5 64 GB,,"5,5600","2,32",,White,16.429,46.0
G.Skill Ripjaws S5 32 GB,,"5,5600","2,16",,White,16.429,46.0
Silicon Power XPOWER Pulse Gaming 32 GB,,"5,7200","1,32",,Black / White,9.444,34.0
Silicon Power XPOWER Storm RGB 32 GB,,"5,8000","2,16",,Black,9.5,38.0
Silicon Power XPOWER Storm RGB 16 GB,,"5,6400","1,16",,White,10.0,32.0
TEAMGROUP T-Create Expert 64 GB,,"5,5600","2,32",,Black / Gold,13.571,38.0
TEAMGROUP T-Force DELTAα RGB 64 GB,,"5,6000","2,32",,Black,12.667,38.0
TEAMGROUP T-Force DELTAα RGB 64 GB,,"5,5600","2,32",,Black,14.286,40.0
TEAMGROUP T-Force DELTAα RGB 32 GB,,"5,6000","2,16",,Black,12.667,38.0
TEAMGROUP T-Force DELTAα RGB 16 GB,,"5,6000","1,16",,Black,12.667,38.0
TEAMGROUP T-Force DELTAα RGB 16 GB,,"5,5600","1,16",,Black,13.571,38.0
TEAMGROUP T-Force DELTAα RGB 16 GB,,"5,5200","1,16",,Black,15.385,40.0
TEAMGROUP T-Force DELTAα RGB 64 GB,,"5,5600","2,32",,White,13.571,38.0
TEAMGROUP T-Force DELTAα RGB 32 GB,,"5,5600","1,32",,White,14.286,40.0
TEAMGROUP Xtreem 32 GB,,"5,6000","2,16",,Black,12.667,38.0
TEAMGROUP T-Force Delta RGB 32 GB,,"5,5200","1,32",,Black,15.385,40.0
TEAMGROUP T-Force Delta RGB 16 GB,,"5,6000","1,16",,Black,12.667,38.0
TEAMGROUP T-Force Delta RGB 8 GB,,"5,6000","1,8",,White,12.667,38.0
TEAMGROUP T-Force Vulcan 16 GB,,"5,6400","2,8",,Black,12.5,40.0
TEAMGROUP T-Force Vulcan 16 GB,,"5,6400","2,8",,Red,12.5,40.0
TEAMGROUP T-Force Vulcanα 8 GB,,"5,5200","1,8",,Black,15.385,40.0
TEAMGROUP T-Force Vulcanα 16 GB,,"5,5200","1,16",,Red,15.385,40.0
TEAMGROUP T-Force Vulcanα 16 GB,,"5,6400","2,8",,Black,12.5,40.0
TEAMGROUP T-Force Vulcanα 32 GB,,"5,6000","2,16",,Red,10.0,30.0
TEAMGROUP T-Create Expert 48 GB,,"5,7600","2,24",,White,9.474,36.0
TEAMGROUP Xtreem ARGB 64 GB,,"5,6000","2,32",,White,12.667,38.0
Klevv CRAS V RGB 48 GB,,"5,8200","2,24",,Black,9.268,38.0
Klevv CRAS V RGB 48 GB,,"5,8400","2,24",,White,9.524,40.0
Acer Predator Hera RGB 32 GB,,"5,7200","2,16",,Black,9.444,34.0
Acer Predator Hera RGB 32 GB,,"5,8200","2,16",,Silver / Black,8.78,36.0
Acer Predator Hera RGB 48 GB,,"5,8200","2,24",,Silver,9.756,40.0
Acer Predator Pallas II 32 GB,,"5,6400","2,16",,Black,10.0,32.0
Acer Predator Pallas II 32 GB,,"5,6800","2,16",,Black,9.412,32.0
Acer Predator Pallas II 32 GB,,"5,8000","2,16",,Black,9.0,36.0
Lexar Ares RGB 2nd Gen 32 GB,,"5,7600","2,16",,Silver,9.474,36.0
Lexar Ares RGB 2nd Gen 48 GB,,"5,6800","2,24",,Black,10.0,34.0
Lexar Ares RGB 2nd Gen 48 GB,,"5,6800","2,24",,Silver,10.0,34.0
Lexar Ares RGB 2nd Gen 32 GB,,"5,6000","2,16",,Silver,9.333,28.0
Biwin Black Opal DW100 RGB 32 GB,,"5,8200","2,16",,Black,9.268,38.0
Biwin Black Opal DW100 RGB 48 GB,,"5,6400","2,24",,Black,10.0,32.0
Biwin Black Opal DW100 RGB 48 GB,,"5,8200","2,24",,White,9.756,40.0
Biwin Black Opal DW100 RGB 48 GB,,"5,8400","2,24",,White,9.524,40.0
ADATA XPG Lancer Blade 32 GB,,"5,6000","1,32",,Black,11.333,34.0
ADATA XPG Lancer Blade 64 GB,,"5,6400","2,32",,Black,10.0,32.0
ADATA XPG Lancer Blade 64 GB,,"5,6000","2,32",,White,11.333,34.0
Thermaltake TOUGHRAM RGB D5 32 GB,,"5,5600","2,16",,Gold,12.857,36.0
Thermaltake TOUGHRAM RGB D5 32 GB,,"5,5600","2,16",,Green / Silver,12.857,36.0
Corsair Vengeance Performance 16 GB,1339.6,"4,2666","2,8",4.186,Black / Yellow,13.503,18.0
Crucial CT16G4RFD4266 16 GB,699.8,"4,2666","1,16",2.187,Green / Black,14.254,19.0
Corsair Vengeance LPX 16 GB,,"4,4000","2,8",,Black,8.0,16.0
Mushkin MES4S266KF32GX2 64 GB,3525.6,"4,2666","2,32",2.754,,14.254,19.0
G.Skill Ripjaws 8 GB,379.6,"3,1600","1,8",2.373,,11.25,9.0
Silicon Power SP032GBSFU320X02 32 GB,,"4,3200","1,32",,,13.75,22.0
Crucial CT16G4RFD4213 16 GB,659.4,"4,2133","1,16",2.061,Black / Green,14.065,15.0
Kingston ValueRAM 8 GB,659.8,"4,3200","1,8",4.124,,13.75,22.0
Mushkin Redline 64 GB,4758.2,"4,2933","2,32",3.717,,11.592,17.0
Patriot Signature 8 GB,379.6,"3,1600","1,8",2.373,Black,13.75,11.0
Crucial CT204864BF160B 16 GB,2779.4,"3,1600","1,16",8.686,Black / Green,13.75,11.0
G.Skill Ripjaws 16 GB,,"4,2666","2,8",,Black,13.503,18.0
Kingston KTH-PL426/32G 32 GB,1496.6,"4,2666","1,32",2.338,Green / Black,14.254,19.0
Silicon Power SP008GBSFU240B02 8 GB,1430.0,"4,2400","1,8",8.938,,14.167,17.0
Silicon Power SU064GBSVU480F22AB 64 GB,,"5,4800","2,32",,Black,16.667,40.0
G.Skill Ripjaws M5 Neo RGB 64 GB,,"5,6000","2,32",,White,10.667,32.0
Crucial CT4G3S1339M 4 GB,379.0,"3,1333","1,4",4.737,Black / Green,13.503,9.0
G.Skill Ripjaws 4 GB,356.0,"4,2133","1,4",4.45,Black / Blue,14.065,15.0
Crucial CT16G3ERVLD4160B 16 GB,779.8,"3,1333","1,16",2.437,Green / Black,16.504,11.0
Patriot Viper Steel 16 GB,,"4,4133","2,8",,Silver / Black,9.194,19.0
Samsung M393A1G40EB1-CPB 8 GB,508.8,"4,2133","1,8",3.18,Green / Black,14.065,15.0
Kingston Server Premier 32 GB,1980.0,"4,2666","1,32",3.094,Green / Black,14.254,19.0
Crucial CT25672AA667 2 GB,,"2,667","1,2",,Green,14.993,5.0
G.Skill F3-12800CL9D-8GBSQ 8 GB,485.4,"3,1600","2,4",3.034,Green,11.25,9.0
G.Skill F3-12800CL11D-8GBSQ 8 GB,469.4,"3,1600","2,4",2.934,Green,13.75,11.0
Corsair CMSO16GX3M2A1333C9 16 GB,1699.6,"3,1333","2,8",5.311,Green,13.503,9.0
Mushkin Essentials 8 GB,428.2,"3,1600","2,4",2.676,Green,13.75,11.0
Crucial CT2K8G3S1339M 16 GB,1599.6,"3,1333","2,8",4.999,Green,13.503,9.0
G.Skill F3-1600C9D-8GSL 8 GB,500.79,"3,1600","2,4",3.13,Green,11.25,9.0
G.Skill Ripjaws 16 GB,740.8,"3,1600","2,8",2.315,,13.75,11.0
G.Skill Ripjaws 8 GB,456.4,"3,1600","1,8",2.853,,13.75,11.0
Crucial CT4G3S1067M 4 GB,565.4,"3,1066","1,4",7.067,Black / Green,13.133,7.0
Crucial CT8G3S1339M 8 GB,627.6,"3,1333","1,8",3.922,Black / Green,13.503,9.0
Crucial CT51264BF160BJ 4 GB,341.4,"3,1600","1,4",4.268,Black / Green,13.75,11.0
G.Skill Ripjaws 16 GB,,"4,2400","4,4",,Red,12.5,15.0
G.Skill Flare X 16 GB,,"4,2133","2,8",,Red,14.065,15.0
G.Skill Trident Z RGB 32 GB,,"4,3000","2,16",,Black,9.333,14.0
Crucial CT8G4RFD824A 8 GB,2550.2,"4,2400","1,8",15.939,Green / Black,14.167,17.0
Kingston KTH-PL426D8/16G 16 GB,828.4,"4,2666","1,16",2.589,Green / Black,14.254,19.0
Kingston ValueRAM 16 GB,976.4,"4,2400","1,16",3.051,Green / Black,14.167,17.0
G.Skill Ripjaws 8 GB,560.4,"4,2666","1,8",3.502,Green,14.254,19.0
G.Skill Trident Z Royal 16 GB,,"4,4266","2,8",,Gold,8.908,19.0
G.Skill Trident Z Royal 32 GB,6980.0,"4,4000","4,8",10.906,Silver,8.5,17.0
Kingston HyperX Fury RGB 64 GB,,"4,2400","4,16",,Black,12.5,15.0
G.Skill Trident Z Royal 32 GB,,"4,3600","4,8",,Gold,8.889,16.0
Samsung M393A2K40CB2-CVF 16 GB,1999.8,"4,2933","1,16",,Green / Black,14.32,21.0
G.Skill Trident Z Royal 16 GB,4577.39,"4,4000","2,8",14.304,Silver,9.0,18.0
Patriot Viper Steel 16 GB,799.8,"4,2666","1,16",2.499,Silver / Black,13.503,18.0
Corsair Vengeance RGB RT 64 GB,,"4,3200","4,16",,White / Black,10.0,16.0
G.Skill Trident Z Royal Elite 32 GB,,"4,3600","2,16",,Gold,7.778,14.0
G.Skill Trident Z5 RGB 32 GB,,"5,6000","2,16",,White / Black,10.667,32.0
Kingston ValueRAM 8 GB,780.8,"5,4800","1,8",4.88,,16.667,40.0
PNY XLR8 16 GB,,"4,3600","1,16",,Black,10.0,18.0
TEAMGROUP Elite 64 GB,,"5,4800","2,32",,Black,16.667,40.0
PNY XLR8 Gaming EPIC-X RGB 16 GB,1699.8,"4,3600","2,8",,White,10.0,18.0
Mushkin Redline 16 GB,1349.0,"4,4000","2,8",4.216,White,9.0,18.0
Mushkin Proline 32 GB,,"4,2666","1,32",,,14.254,19.0
G.Skill F4-3600C17D-32GTZ 32 GB,,"4,3600","2,16",,Gray / Red,9.444,17.0
Corsair Dominator Platinum RGB 16 GB,2168.0,"4,3200","2,8",6.775,White,10.0,16.0
TEAMGROUP T-Force Vulcan 32 GB,,"5,5200","1,32",,Black,15.385,40.0
Thermaltake TOUGHRAM XG RGB 64 GB,10799.8,"4,3600","2,32",8.437,Black / Silver,10.0,18.0
Thermaltake TOUGHRAM XG RGB 16 GB,2875.8,"4,4000","2,8",8.987,White / Silver,9.5,19.0
Silicon Power XPOWER Zenith RGB Gaming 32 GB,,"5,6000","2,16",,White,13.333,40.0
TEAMGROUP Elite 32 GB,1399.6,"5,4800","2,16",2.187,Black,16.667,40.0
Kingston KSM48R40BS8KMM-16HMR 32 GB,,"5,4800","1,32",,Green,16.667,40.0
Kingston KTD-PE426D8/16G 16 GB,1830.0,"4,2666","1,16",5.719,Green,14.254,19.0
Mushkin Redline Pro 16 GB,,"5,5600","1,16",,Black,16.429,46.0
Mushkin Redline Lumina 32 GB,,"5,6400","2,16",,Black,10.0,32.0
V-Color TRA524G64S832Q 96 GB,14399.8,"5,6400","4,24",7.5,White,10.0,32.0
Kingston FURY Renegade 32 GB,4523.6,"5,6000","1,32",7.068,Silver / White,10.667,32.0
G.Skill Zeta R5 Neo 64 GB,15899.8,"5,6400","4,16",12.422,Black,10.0,32.0
Kingston FURY Renegade Pro 16 GB,2504.79,"5,6000","1,16",7.827,Black,10.667,32.0
V-Color TRA516G72S834O 128 GB,32439.8,"5,7200","8,16",12.672,Black,9.444,34.0
V-Color TRA532G60S432O 256 GB,34359.8,"5,6000","8,32",6.711,Black,10.667,32.0
TEAMGROUP Xtreem 32 GB,,"5,7600","2,16",,White,9.474,36.0
Corsair Dominator 8 GB,,"3,1333","4,2",,Black / Green,10.503,7.0
Corsair VS1GB533D2 1 GB,,"2,533","1,1",,Green,15.009,4.0
Crucial Ballistix 1 GB,,"2,800","1,1",,Yellow,10.0,4.0
Crucial Ballistix 2 GB,,"2,800","2,1",,Yellow,10.0,4.0
Crucial CT12864AA667 1 GB,380.0,"2,667","1,1",19.0,Green,14.993,5.0
Crucial CT12864BA1339 1 GB,,"3,1333","1,1",,Green,13.503,9.0
Crucial CT2CP25672AA667 4 GB,,"2,667","2,2",,Green,14.993,5.0
Kingston ValueRAM 4 GB,,"3,1066","2,2",,Green,13.133,7.0
Kingston ValueRAM 4 GB,619.79,"3,1333","2,2",7.747,Green,13.503,9.0
Crucial CT2KIT51272AF667 8 GB,1179.8,"2,667","2,4",7.374,Green,14.993,5.0
Patriot Viper 6 GB,,"3,1333","3,2",,Black / Blue,10.503,7.0
OCZ Gold 2 GB,,"2,800","2,1",,Black / Yellow,12.5,5.0
OCZ Gold Edition 4 GB,,"3,1066","2,2",,Black / Gold,13.133,7.0
Kingston HyperX 2 GB,,"3,1333","1,2",,Blue / White,10.503,7.0
ADATA XPG Gaming 8 GB,,"3,1600","2,4",,Black,11.25,9.0
G.Skill Ripjaws 12 GB,,"3,1600","3,4",,Black / Red,11.25,9.0
Kingston HyperX 3 GB,,"3,1600","3,1",,Blue / White,11.25,9.0
Corsair XMS 6 GB,,"3,1333","3,2",,Black / Blue,12.003,8.0
Corsair Dominator GT 12 GB,,"3,1600","3,4",,Black / Blue,11.25,9.0
Corsair Dominator GT 16 GB,,"3,1333","4,4",,Black / Blue,13.503,9.0
G.Skill PI 4 GB,,"3,1600","2,2",,Black / Blue,7.5,6.0
G.Skill Ripjaws 8 GB,,"3,1600","2,4",,Black / Red,8.75,7.0
G.Skill PI 12 GB,,"3,1600","6,2",,Black / Blue,8.75,7.0
G.Skill Trident 2 GB,,"3,1600","2,1",,Black / Red,10.0,8.0
G.Skill Ripjaws 8 GB,,"3,1600","2,4",,Black / Blue,10.0,8.0
G.Skill Ripjaws 6 GB,,"3,1600","3,2",,Black / Blue,10.0,8.0
G.Skill F3-12800CL8TU-6GBPI 6 GB,,"3,1600","3,2",,Black / Blue,10.0,8.0
G.Skill F3-12800CL9D-4GBNQ 4 GB,1240.0,"3,1600","2,2",15.5,Red / Silver,11.25,9.0
G.Skill F3-12800CL9T-6GBNQ 6 GB,,"3,1600","3,2",,Red / Silver,11.25,9.0
Kingston HyperX 1 GB,,"3,1600","1,1",,Blue / Silver,11.25,9.0
Kingston HyperX Blu 4 GB,,"3,1600","2,2",,Blue / Silver,11.25,9.0
Kingston HyperX 12 GB,,"3,1600","6,2",,Blue / Silver,11.25,9.0
Patriot Gamer 6 GB,1609.4,"3,1600","3,2",13.412,Black / Green,11.25,9.0
Patriot Viper II Sector 7 Edition 12 GB,3531.6,"3,1600","3,4",14.715,Black / Blue,10.0,8.0
OCZ Gold 6 GB,,"3,1600","3,2",,Black / Gold,10.0,8.0
Mushkin Silverline 4 GB,,"3,1600","2,2",,Black / Silver,8.75,7.0
Mushkin Radioactive 4 GB,,"3,1600","2,2",,Black / Yellow,7.5,6.0
ADATA Premier 4 GB,,"3,1333","2,2",,Green,13.503,9.0
Crucial CT51264BA1339 4 GB,340.0,"3,1333","1,4",4.25,Black / Green,13.503,9.0
Kingston HyperX 4 GB,,"3,1333","2,2",,Blue / Silver,13.503,9.0
Kingston Blu 4 GB,,"3,1333","2,2",,Blue / Silver,13.503,9.0
G.Skill F3-10600CL8D-2GBHK 2 GB,,"3,1333","2,1",,Blue / Silver,12.003,8.0
G.Skill ECO 8 GB,,"3,1333","2,4",,White,10.503,7.0
G.Skill F3-10666CL8D-4GBHK 4 GB,,"3,1333","2,2",,Blue / Silver,12.003,8.0
G.Skill ECO 4 GB,,"3,1333","2,2",,Silver,12.003,8.0
G.Skill Ripjaws 12 GB,,"3,1333","3,4",,Black / Red,13.503,9.0
G.Skill Ripjaws 4 GB,,"3,1066","1,4",,Black / Red,13.133,7.0
G.Skill Ripjaws 24 GB,,"3,1333","6,4",,Black / Red,13.503,9.0
G.Skill Ripjaws 8 GB,638.8,"3,1066","2,4",3.993,Black / Red,13.133,7.0
G.Skill F3-10666CL9T-6GBNQ 6 GB,,"3,1333","3,2",,Red / Silver,13.503,9.0
G.Skill Sniper 8 GB,,"3,1333","2,4",,Black / Red,13.503,9.0
G.Skill Value 8 GB,,"3,1333","2,4",,Black,13.503,9.0
G.Skill Ripjaws X 16 GB,,"3,1333","4,4",,Black / Red,13.503,9.0
G.Skill Ripjaws X 4 GB,999.59,"3,1333","2,2",12.495,Black / Red,13.503,9.0
G.Skill Ripjaws X 16 GB,,"3,1600","4,4",,Black / Blue,8.75,7.0
OCZ Reaper Edition 12 GB,,"3,1333","3,4",,Black / Silver,13.503,9.0
Patriot Viper Xtreme 12 GB,,"3,2000","3,4",,Black / Silver,9.0,9.0
Patriot Viper II Sector 7 Edition 12 GB,,"3,1333","3,4",,Black / Blue,13.503,9.0
Patriot Gamer 2 4 GB,981.8,"3,1333","2,2",12.273,Black / Blue,13.503,9.0
Patriot Gamer 2 4 GB,1073.19,"3,1600","2,2",13.415,Black / Blue,11.25,9.0
Patriot Gamer 2 8 GB,,"3,1333","2,4",,Black / Blue,13.503,9.0
Kingston ValueRAM 2 GB,,"3,1333","2,1",,Green,13.503,9.0
Mushkin Silverline 6 GB,,"3,1333","3,2",,Silver,13.503,9.0
Kingston KVR1066D3/1GR 1 GB,,"3,1066","1,1",,Green,13.133,7.0
Kingston KVR1333D3/1GR 1 GB,,"3,1333","1,1",,Green,13.503,9.0
Mushkin Essentials 4 GB,552.4,"3,1333","2,2",6.905,Green,13.503,9.0
PNY Optima 4 GB,,"3,1333","1,4",,Orange,13.503,9.0
Kingston HyperX 12 GB,,"3,1600","3,4",,Blue / Silver,11.25,9.0
Kingston KHX1333C7AD3K2/8G 8 GB,,"3,1333","2,4",,Blue / Silver,10.503,7.0
Kingston KHX1600C9D3K2/8G 8 GB,,"3,1600","2,4",,Blue / Silver,11.25,9.0
Corsair Dominator 24 GB,,"3,1333","6,4",,Black / Blue,13.503,9.0
Corsair XMS 8 GB,,"3,1333","2,4",,Black / Blue,13.503,9.0
G.Skill Ripjaws 12 GB,,"3,1600","3,4",,Black / Blue,8.75,7.0
Kingston HyperX T1 Black 24 GB,,"3,1600","6,4",,Black,11.25,9.0
Crucial Ballistix Sport 2 GB,,"3,1333","1,2",,Black / Silver,13.503,9.0
G.Skill Sniper 8 GB,,"3,1600","2,4",,Black / Red,8.75,7.0
Corsair Vengeance 4 GB,,"3,1600","2,2",,Black / Blue,11.25,9.0
Corsair Vengeance 8 GB,,"3,1866","2,4",,Black / Blue,9.646,9.0
Kingston KHX1600C9D3P1K2/8G 8 GB,,"3,1600","2,4",,Gray / Silver,11.25,9.0
G.Skill Sniper Gaming 12 GB,,"3,1600","3,4",,Black / Red,11.25,9.0
Crucial CT12864AC53E 1 GB,,"2,533","1,1",,Green,15.009,4.0
G.Skill F3-8500CL7D-8GBSQ 8 GB,3639.8,"3,1066","2,4",22.749,Green,13.133,7.0
G.Skill F2-5300CL4D-4GBSQ 4 GB,,"2,667","2,2",,Green,11.994,4.0
Kingston ValueRAM 1 GB,815.4,"2,533","1,1",40.77,Green,15.009,4.0
Kingston KVR800D2S6/2G 2 GB,234.8,"2,800","1,2",5.87,Green,15.0,6.0
Mushkin Essentials 8 GB,,"2,667","2,4",,Green,14.993,5.0
Mushkin 991643 2 GB,338.6,"3,1066","1,2",8.465,Green,13.133,7.0
Samsung MV-2S1G4 1 GB,,"2,800","1,1",,Black,15.0,6.0
ADATA Gaming 2 GB,,"3,1600","1,2",,Black / Silver,11.25,9.0
PNY XLR8 8 GB,,"3,1600","2,4",,Black / Silver,11.25,9.0
Mushkin Silverline 8 GB,,"3,1600","2,4",,Gray / Silver,11.25,9.0
Corsair Vengeance 4 GB,,"3,1600","2,2",,Black / Yellow,11.25,9.0
Corsair Vengeance 16 GB,5197.79,"3,1600","4,4",16.243,Black / Blue,11.25,9.0
Mushkin Silverline 4 GB,,"2,800","2,2",,Silver,12.5,5.0
Mushkin Silverline 4 GB,,"2,800","2,2",,Gray / Silver,12.5,5.0
Mushkin 991556 2 GB,399.6,"2,667","1,2",9.99,Green,14.993,5.0
G.Skill Ripjaws X 16 GB,,"3,2133","4,4",,Black / Red,10.314,11.0
Kingston KHX1600C9D3X1K2/8GX 8 GB,,"3,1600","2,4",,Black / Silver,11.25,9.0
Corsair Vengeance 8 GB,,"3,1600","2,4",,Black / White,11.25,9.0
Wintec One 6 GB,,"3,1866","3,2",,Black / Silver,9.646,9.0
Wintec One 4 GB,,"3,1866","2,2",,Black / Silver,9.646,9.0
Crucial Ballistix Elite 2 GB,,"3,1600","1,2",,Black / Silver,10.0,8.0
ADATA XPG Gaming 16 GB,,"3,1333","2,8",,Black / Silver,13.503,9.0
Kingston Blu 4 GB,,"3,1600","1,4",,Blue / Silver,11.25,9.0
ADATA XPG Gaming 8 GB,,"3,1600","2,4",,Green,11.25,9.0
Kingston T1 8 GB,,"3,1866","2,4",,Blue,9.646,9.0
Crucial CT2KIT25664BD160B 4 GB,,"3,1600","2,2",,Green,13.75,11.0
Mushkin Essentials 8 GB,,"3,1333","2,4",,Green,13.503,9.0
Mushkin Essentials 12 GB,,"3,1333","3,4",,Green,13.503,9.0
G.Skill Sniper 8 GB,,"3,1600","2,4",,Black / White,11.25,9.0
Crucial CT3KIT51264BD160B 12 GB,,"3,1600","3,4",,Green,13.75,11.0
Crucial CT2KIT102464BF1339 16 GB,1399.6,"3,1333","2,8",4.374,Green,13.503,9.0
Crucial Ballistix Elite 8 GB,,"3,1866","2,4",,Black / Silver,9.646,9.0
Wintec Value 2 GB,,"2,800","2,1",,Green,15.0,6.0
Kingston Value 4 GB,491.2,"3,1333","1,4",6.14,Green,13.503,9.0
G.Skill Ripjaws Z 16 GB,,"3,1600","4,4",,Black / Red,11.25,9.0
GeIL EVO CORSA 16 GB,,"3,1333","2,8",,Black / Yellow,13.503,9.0
Corsair Vengeance 16 GB,,"3,1866","4,4",,Black / Red,9.646,9.0
Corsair Vengeance LP 16 GB,,"3,1600","4,4",,Black / Yellow,11.25,9.0
G.Skill Ripjaws Z 16 GB,,"3,2133","4,4",,Black / Red,10.314,11.0
Crucial CT25664BF1339 2 GB,299.8,"3,1333","1,2",7.495,Green,13.503,9.0
Corsair Vengeance 8 GB,,"3,1866","2,4",,Black / Red,9.646,9.0
Mushkin Essentials 4 GB,450.4,"3,1600","1,4",5.63,Green,13.75,11.0
G.Skill Ripjaws Z 16 GB,,"3,2400","4,4",,Black / Blue,7.5,9.0
Corsair Dominator GT 16 GB,,"3,2133","4,4",,Black / Red,8.439,9.0
Crucial Ballistix Sport 4 GB,,"3,1600","2,2",,Black / Silver,11.25,9.0
Mushkin Essentials 24 GB,,"3,1333","3,8",,Green,13.503,9.0
Mushkin Silverline 24 GB,,"3,1333","3,8",,Gray / Silver,13.503,9.0
AMD Performance Edition 8 GB,,"3,1333","2,4",,Black / Red,12.003,8.0
Crucial Ballistix Smart Tracer 12 GB,,"3,1600","3,4",,Black / Silver,10.0,8.0
Crucial Ballistix 8 GB,,"3,1866","2,4",,Orange / White,9.646,9.0
Kingston KHX2133C11D3K4/16GX 16 GB,,"3,2133","4,4",,Blue / Silver,10.314,11.0
GeIL EVO CORSA 8 GB,,"3,1600","1,8",,Black / Yellow,12.5,10.0
GeIL EVO CORSA 64 GB,,"3,1333","8,8",,Black / Yellow,13.503,9.0
G.Skill Ares 16 GB,,"3,1333","2,8",,Black / Orange,13.503,9.0
G.Skill Ares 32 GB,,"3,1333","4,8",,Black / Orange,13.503,9.0
G.Skill Ares 8 GB,1038.8,"3,2133","2,4",6.492,Black / Blue,8.439,9.0
G.Skill Ares 8 GB,1199.8,"3,1866","2,4",7.499,Black / Blue,9.646,9.0
"Patriot Gamer 2 Series, Division 4 Editi 16 GB",,"3,1866","4,4",,Black / Blue,9.646,9.0
Crucial Ballistix Tactical Tracer 8 GB,,"3,1600","2,4",,Black / Silver,10.0,8.0
G.Skill Ares 32 GB,,"3,1866","4,8",,Black / Blue,10.718,10.0
G.Skill Ares 32 GB,4080.0,"3,1600","4,8",6.375,Black / Orange,12.5,10.0
Kingston HyperX 16 GB,,"3,1866","4,4",,Blue / Silver,9.646,9.0
Crucial Ballistix Tactical Tracer 8 GB,,"3,1866","2,4",,Black / Silver,9.646,9.0
G.Skill Ripjaws Z 8 GB,1090.4,"3,2400","2,4",6.815,Black / Blue,8.333,10.0
G.Skill Trident X 8 GB,,"3,2666","2,4",,Black / Red,8.252,11.0
Corsair XMS 32 GB,,"3,1333","4,8",,Black / Blue,13.503,9.0
Corsair Vengeance 32 GB,,"3,1600","4,8",,Black / Silver,11.25,9.0
ADATA Premier 16 GB,,"3,1333","2,8",,Green,13.503,9.0
Corsair Vengeance LP 8 GB,,"3,1600","1,8",,Black / Yellow,12.5,10.0
Crucial Ballistix Elite 12 GB,,"3,1600","3,4",,Black / Silver,10.0,8.0
Kingston KVR16S11/8 8 GB,654.0,"3,1600","1,8",4.088,Green,13.75,11.0
Corsair Dominator Platinum 8 GB,,"3,1600","2,4",,Black / Silver,11.25,9.0
G.Skill Trident X 32 GB,,"3,2600","4,8",,,8.462,11.0
Corsair Vengeance 16 GB,,"3,2133","2,8",,Black / Silver,9.376,10.0
Corsair Vengeance LP 8 GB,,"3,2133","2,4",,Black / Blue,8.439,9.0
Kingston KVR13S9S8/4 4 GB,393.2,"3,1333","1,4",4.915,Green,13.503,9.0
Crucial Ballistix Sport 16 GB,,"3,1333","2,8",,Black / Silver,13.503,9.0
Corsair Vengeance LP 16 GB,,"3,1866","4,4",,Black / Yellow,9.646,9.0
Mushkin Blackline 32 GB,,"3,1866","4,8",,Black,11.79,11.0
Mushkin Blackline 32 GB,,"3,1866","4,8",,Black,11.79,11.0
Mushkin Blackline 16 GB,,"3,1600","2,8",,Black,11.25,9.0
Corsair Vengeance 64 GB,,"3,1600","8,8",,Black / Silver,11.25,9.0
G.Skill Ripjaws X 32 GB,,"3,1866","4,8",,Black / Blue,9.646,9.0
G.Skill Trident X 32 GB,,"3,2133","4,8",,Black / Red,8.439,9.0
G.Skill Ripjaws Z 16 GB,,"3,2133","2,8",,Black / Red,10.314,11.0
Kingston XMP Blu Red 8 GB,,"3,1600","2,4",,Red / Silver,11.25,9.0
Corsair Dominator Platinum 16 GB,,"3,2133","4,4",,Black / Silver,8.439,9.0
Kingston Blu Red 4 GB,939.59,"3,1600","1,4",11.745,Red / Silver,11.25,9.0
Corsair Vengeance 16 GB,,"3,2400","4,4",,Black / Silver,7.5,9.0
Kingston KVR13S9K2/16 16 GB,,"3,1333","2,8",,Green,13.503,9.0
Mushkin Silverline 8 GB,597.6,"3,1600","1,8",3.735,Gray / Silver,13.75,11.0
Patriot Viper 3 16 GB,,"3,1866","2,8",,Black / Red,10.718,10.0
Kingston KVR16S11K2/16 16 GB,1679.6,"3,1600","2,8",5.249,Green,13.75,11.0
Pareema MD316C81611S2 8 GB,,"3,1600","2,4",,Green,13.75,11.0
Corsair Vengeance LP 16 GB,,"3,1866","4,4",,Black / Blue,9.646,9.0
ADATA XPG Gaming 16 GB,,"3,1600","2,8",,Black / Silver,11.25,9.0
Corsair Dominator 16 GB,,"3,1600","2,8",,Black / Blue,11.25,9.0
Mushkin Silverline 8 GB,,"2,667","2,4",,Gray / Silver,14.993,5.0
G.Skill Trident X 32 GB,,"3,1866","4,8",,Black / Red,8.574,8.0
Kingston Blu 16 GB,,"3,1333","2,8",,Blue / Silver,13.503,9.0
Mushkin Blackline 16 GB,,"3,2400","4,4",,Black,9.167,11.0
Kingston KVR16N11H/4 4 GB,439.79,"3,1600","1,4",5.497,Green,13.75,11.0
Kingston Black 16 GB,,"3,1600","2,8",,Black / Silver,12.5,10.0
Kingston Black 8 GB,,"3,1600","2,4",,Black / Silver,11.25,9.0
Crucial Ballistix Tactical 8 GB,,"3,1600","2,4",,Black / Yellow,10.0,8.0
G.Skill NS 8 GB,817.6,"3,1333","2,4",5.11,Black,13.503,9.0
G.Skill NS 8 GB,,"3,1600","2,4",,Black,13.75,11.0
Kingston HyperX Beast 8 GB,,"3,1866","2,4",,Black,9.646,9.0
Kingston KHX16C9K8/64X 64 GB,,"3,1600","8,8",,Blue / Silver,11.25,9.0
Kingston HyperX Beast 16 GB,,"3,1600","4,4",,Black,11.25,9.0
Kingston HyperX Beast 32 GB,,"3,1600","4,8",,Black,11.25,9.0
Kingston HyperX Beast 32 GB,,"3,1866","4,8",,Black,10.718,10.0
Kingston Black 8 GB,,"3,1600","2,4",,Black / Silver,11.25,9.0
Kingston Black 8 GB,,"3,1333","2,4",,,13.503,9.0
Kingston HyperX 16 GB,,"3,1600","2,8",,Green / Silver,11.25,9.0
GeIL EVO Leggara 16 GB,,"3,2400","2,8",,Black / Green,9.167,11.0
Crucial Ballistix Sport 8 GB,1397.8,"3,1333","1,8",8.736,Black / Silver,13.503,9.0
Corsair Dominator Platinum 32 GB,,"3,1600","4,8",,Black / Silver,11.25,9.0
AMD Performance Edition 8 GB,,"3,1866","2,4",,Black / Red,10.718,10.0
Kingston HyperX 16 GB,,"3,1600","2,8",,Gray / Silver,12.5,10.0
Kingston XMP 10th Anniversary 32 GB,,"3,1600","4,8",,Gray / Silver,11.25,9.0
Kingston HyperX 10th Anniversary 4 GB,,"3,1600","1,4",,Gray / Silver,11.25,9.0
Kingston HyperX T1 8 GB,,"3,2000","2,4",,Blue,9.0,9.0
Patriot Signature 8 GB,,"3,1333","2,4",,Green,13.503,9.0
GeIL EVO Leggara 32 GB,,"3,1600","4,8",,Black / Green,11.25,9.0
Kingston HyperX Predator 16 GB,,"3,1866","2,8",,Black,10.718,10.0
Mushkin Stealth 16 GB,,"3,1600","2,8",,Black / Gold,11.25,9.0
Corsair Vengeance Pro 32 GB,,"3,2133","4,8",,Black / Silver,10.314,11.0
Corsair Vengeance Pro 8 GB,,"3,2133","2,4",,Black / Silver,10.314,11.0
Kingston KVR16LS11/4 4 GB,419.6,"3,1600","1,4",5.245,Green,13.75,11.0
Crucial Ballistix Sport XT 16 GB,,"3,1600","2,8",,Blue / Silver,11.25,9.0
Crucial Ballistix Sport XT 8 GB,,"3,1600","1,8",,Blue / Silver,11.25,9.0
Avexir Core 16 GB,,"3,1600","4,4",,Black / Blue,11.25,9.0
Corsair Vengeance Pro 16 GB,,"3,1600","2,8",,Black / Blue,11.25,9.0
G.Skill Trident X 16 GB,,"3,2800","2,8",,Black / Red,8.571,12.0
Mushkin Blackline 16 GB,,"3,2133","2,8",,Black,9.376,10.0
Mushkin Redline 16 GB,,"3,2400","2,8",,,8.333,10.0
G.Skill Trident X 32 GB,,"3,2800","4,8",,,8.571,12.0
ADATA XPG V2 8 GB,,"3,1600","2,4",,Black / Silver,11.25,9.0
ADATA XPG V2 16 GB,,"3,2800","2,8",,Black / Yellow,7.857,11.0
ADATA XPG V2 16 GB,,"3,2800","2,8",,Black / Silver,7.857,11.0
Kingston KTH-X3CL/4G 4 GB,799.8,"3,1600","1,4",9.998,,13.75,11.0
Avexir Core 24 GB,,"3,1600","3,8",,Black / Blue,12.5,10.0
ADATA XPG V2 16 GB,,"3,1600","2,8",,Black / Yellow,11.25,9.0
TEAMGROUP TEDD2048M800HC5 2 GB,,"2,800","1,2",,,12.5,5.0
TEAMGROUP Vulcan 8 GB,,"3,1600","2,4",,Red / Amber,11.25,9.0
TEAMGROUP Vulcan 8 GB,,"3,1600","2,4",,Orange,11.25,9.0
TEAMGROUP Xtreem LV 16 GB,,"3,2133","2,8",,,10.314,11.0
TEAMGROUP Xtreem LV 16 GB,,"3,2400","2,8",,,8.333,10.0
TEAMGROUP Xtreem 16 GB,,"3,2666","2,8",,,8.252,11.0
TEAMGROUP Xtreem Dark 4 GB,,"3,1600","2,2",,,11.25,9.0
G.Skill Trident X 16 GB,,"3,2933","4,4",,,8.183,12.0
GeIL GeIL EVO VELOCE 8GB (2 x 4GB) 8 GB,,"3,1866","2,4",,Red / Silver,9.646,9.0
Patriot PV316G240C0KRD 16 GB,2681.6,"3,2400","2,8",8.38,Black / Red,8.333,10.0
Patriot Patriot Viper 3 8GB 8 GB,,"3,1600","1,8",,,12.5,10.0
ADATA XPG V1.0 8 GB,,"3,1600","2,4",,Black / Silver,11.25,9.0
ADATA XPG V1.0 8 GB,,"3,1600","1,8",,,13.75,11.0
ADATA XPG V1.0 8 GB,,"3,1600","1,8",,Black / Silver,11.25,9.0
Crucial CT2K8G3ERSLQ81067 16 GB,,"3,1333","2,8",,Black / Silver,10.503,7.0
G.Skill Sniper 8 GB,,"3,1600","1,8",,Black / Red,11.25,9.0
G.Skill Ripjaws Z 32 GB,,"3,1866","4,8",,Black / Blue,10.718,10.0
TEAMGROUP Elite 4GB 4 GB,,"3,1333","1,4",,,13.503,9.0
G.Skill Aegis 16 GB,,"3,1333","2,8",,,13.503,9.0
G.Skill Aegis 16 GB,,"3,1600","2,8",,,13.75,11.0
G.Skill Aegis 8 GB,,"3,1600","2,4",,,13.75,11.0
Crucial Ballistix 8 GB,,"3,1866","1,8",,,9.646,9.0
Corsair Vengeance Pro 64 GB,,"3,2133","8,8",,Black / Silver,10.314,11.0
Corsair Dominator Platinum 8 GB,,"3,2400","2,4",,Black / Silver,7.5,9.0
Corsair Vengeance Pro 8 GB,,"3,2400","2,4",,Black / Silver,9.167,11.0
G.Skill Ripjaws 8 GB,,"3,2133","2,4",,Black / Red,10.314,11.0
GeIL EVO POTENZA 8 GB,,"3,2133","2,4",,Black / Red,10.314,11.0
Corsair Vengeance Pro 32 GB,,"3,2400","4,8",,Black / Red,9.167,11.0
GeIL DRAGON 8 GB,,"3,1600","1,8",,Black / Gold,13.75,11.0
Crucial CT2G3S1067M 2 GB,399.6,"3,1066","1,2",9.99,Black / Green,13.133,7.0
G.Skill FA-10666CL9S-4GBSQ 4 GB,,"3,1333","1,4",,Black / Green,13.503,9.0
G.Skill FA-1333C9Q-16GSQ 16 GB,,"3,1333","4,4",,Black / Green,13.503,9.0
IBM 00D4955 4 GB,3399.8,"3,1600","1,4",42.498,Black / Green,13.75,11.0
IBM 00D4964 16 GB,,"3,1333","1,16",,Black / Green,13.503,9.0
Mushkin 976504A 2 GB,,"2,667","2,1",,Black / Green,14.993,5.0
Corsair Vengeance Pro 32 GB,,"3,2666","4,8",,Black / Red,8.252,11.0
Corsair Vengeance Pro 8 GB,,"3,3000","2,4",,Black / Red,8.0,12.0
GeIL Green 4 GB,,"3,1333","1,4",,Black / Green,13.503,9.0
GeIL EVO POTENZA 16 GB,,"3,1600","2,8",,Black / Red,11.25,9.0
Corsair Dominator Platinum 16 GB,,"3,2666","2,8",,Black / Silver,8.252,11.0
Corsair Dominator Platinum 16 GB,,"3,2933","4,4",,Black / Silver,8.183,12.0
VisionTek 900667 8 GB,,"3,1600","1,8",,Black / Silver,13.75,11.0
Patriot Signature Apple Line 8 GB,1017.6,"3,1600","2,4",6.36,Black / Green,13.75,11.0
GeIL EVO VELOCE 8 GB,,"3,1333","1,8",,Red / Silver,13.503,9.0
Mushkin Essentials 16 GB,,"3,1866","4,4",,Black / Green,13.934,13.0
Patriot Signature 2 GB,,"3,1333","1,2",,Black / Green,13.503,9.0
Patriot Viper 3 Low Profile Black 8 GB,1548.0,"3,1866","2,4",9.675,Black / Silver,9.646,9.0
Corsair Dominator Platinum 32 GB,,"3,2666","4,8",,Black / Silver,9.002,12.0
Kingston ValueRAM 48 GB,7992.0,"3,1600","3,16",8.325,Black / Green,13.75,11.0
Mushkin 977136A 16 GB,,"3,1866","2,8",,Black / Green,13.934,13.0
ADATA XPG V2 8 GB,,"3,1866","2,4",,Yellow,10.718,10.0
ADATA XPG V2 16 GB,,"3,1866","2,8",,Black / Silver,10.718,10.0
Kingston KHX18C10K2/16 16 GB,,"3,1866","2,8",,Blue / Silver,10.718,10.0
Patriot Viper 3 Low Profile Blue 32 GB,,"3,2133","4,8",,Black / Blue,10.314,11.0
ADATA XPG V1.0 8 GB,,"3,1600","2,4",,Red / Silver,11.25,9.0
ADATA Premier 8 GB,,"3,1333","2,4",,Black / Green,13.503,9.0
Kingston KHX18C10/4 4 GB,,"3,1866","1,4",,Blue / Silver,10.718,10.0
Corsair Dominator Platinum 16 GB,,"3,2400","2,8",,Black / Silver,9.167,11.0
Patriot PXD38G1600C10K 8 GB,,"3,1600","2,4",,Black / Silver,12.5,10.0
Kingston HyperX Fury 4 GB,,"3,1333","1,4",,Blue / Silver,13.503,9.0
Kingston HyperX Fury 4 GB,,"3,1333","1,4",,Black / Silver,13.503,9.0
Kingston HyperX Fury 4 GB,,"3,1333","1,4",,White / Silver,13.503,9.0
Kingston HyperX Fury 16 GB,,"3,1333","2,8",,White / Silver,13.503,9.0
Kingston HyperX Fury 4 GB,,"3,1600","1,4",,Black / Silver,12.5,10.0
Kingston HyperX Fury 8 GB,,"3,1866","1,8",,Blue / Silver,10.718,10.0
Kingston HyperX Fury 8 GB,,"3,1866","1,8",,Red / Silver,10.718,10.0
Corsair Vengeance Pro 16 GB,,"3,2133","2,8",,Black / Red,8.439,9.0
Crucial Ballistix Sport 16 GB,,"3,1600","4,4",,Black / Silver,11.25,9.0
AMD Radeon R3 Value 16 GB,,"3,1333","2,8",,Black / Red,13.503,9.0
AMD Radeon R5 Entertainment 4 GB,,"3,1600","1,4",,Black / Red,13.75,11.0
AMD Radeon R5 Entertainment 16 GB,,"3,1600","2,8",,Black / Red,13.75,11.0
Mushkin Redline 8 GB,,"3,1866","2,4",,Red / Silver,8.574,8.0
Mushkin Redline 16 GB,,"3,1600","2,8",,Red / Silver,8.75,7.0
Mushkin Redline 16 GB,,"3,1866","2,8",,Red / Silver,8.574,8.0
PNY MD16384KD3-1866-X9 16 GB,,"3,1866","2,8",,Black / Silver,9.646,9.0
PNY MD4096SD3-1600-X9 4 GB,,"3,1600","1,4",,Black / Silver,11.25,9.0
PNY MD8192SD3-1866-X9 8 GB,,"3,1866","1,8",,Black / Silver,9.646,9.0
V7 V73T4GNZBII 4 GB,,"3,1333","1,4",,Black / Green,13.503,9.0
G.Skill Ripjaws 32 GB,,"3,1333","4,8",,Black / Red,13.503,9.0
Kingston KHX18C10K4/16 16 GB,,"3,1866","4,4",,Blue / Silver,10.718,10.0
Corsair Dominator Platinum 16 GB,,"4,2666","4,4",,Black / Silver,11.253,15.0
Corsair Vengeance LPX 16 GB,,"4,2666","4,4",,Black / Yellow,11.253,15.0
Crucial CT4K4G4DFS8213 16 GB,,"4,2133","4,4",,Black / Green,14.065,15.0
G.Skill Ripjaws 16 GB,,"4,2133","4,4",,Black / Red,14.065,15.0
G.Skill Ripjaws 32 GB,,"4,2133","4,8",,Red,14.065,15.0
G.Skill Ripjaws 32 GB,,"4,2400","4,8",,Black / Red,12.5,15.0
G.Skill Value 32 GB,,"4,2133","4,8",,Black,14.065,15.0
G.Skill Ripjaws 16 GB,,"4,2400","4,4",,Blue,12.5,15.0
ADATA XPG Z1 32 GB,,"4,2133","4,8",,Red / Black,12.189,13.0
ADATA XPG Z1 8 GB,,"4,2800","2,4",,Red / Black,12.143,17.0
Crucial Ballistix Sport 16 GB,,"4,2400","2,8",,Gray / Silver,13.333,16.0
Mushkin Redline 32 GB,,"3,1600","4,8",,Red / White,8.75,7.0
Kingston KVR1333D3E9S/4G 4 GB,376.0,"3,1333","1,4",4.7,Black / Green,13.503,9.0
G.Skill Ripjaws 4 16 GB,,"4,2800","4,4",,Black,11.429,16.0
G.Skill Ripjaws 4 16 GB,,"4,3000","4,4",,Black,10.0,15.0
G.Skill Ripjaws 4 16 GB,,"4,3300","4,4",,Black,9.697,16.0
Kingston HyperX Savage 8 GB,,"3,1866","2,4",,Black / Red,9.646,9.0
Kingston HyperX Savage 32 GB,,"3,1866","4,8",,Black / Red,9.646,9.0
Kingston HyperX Savage 8 GB,,"3,2133","2,4",,Black / Red,10.314,11.0
Kingston HyperX Savage 8 GB,,"3,2400","2,4",,Black / Red,9.167,11.0
Kingston HyperX Savage 8 GB,,"3,1866","1,8",,Black / Red,9.646,9.0
Kingston HyperX Savage 16 GB,,"3,1866","2,8",,Black / Red,9.646,9.0
Kingston HyperX Savage 32 GB,,"3,2133","4,8",,Black / Red,10.314,11.0
Corsair Dominator Platinum 32 GB,,"4,2666","4,8",,Black / Silver,11.253,15.0
Kingston HyperX Predator 8 GB,,"3,1866","2,4",,Black / Blue,9.646,9.0
Kingston HyperX Beast 16 GB,,"3,1866","4,4",,Black,9.646,9.0
Crucial CT2K8G4VFS4213 16 GB,,"4,2133","2,8",,Black / Green,14.065,15.0
Crucial CT4K16G4VFD4213 64 GB,,"4,2133","4,16",,Black / Green,14.065,15.0
GeIL GPR432GB2666C15QC 32 GB,,"4,2666","4,8",,Black / Red,11.253,15.0
Kingston HyperX Fury 8 GB,,"3,1866","2,4",,Blue / Silver,10.718,10.0
Mushkin Blackline 32 GB,,"3,1600","4,8",,Yellow,11.25,9.0
Mushkin Stealth 16 GB,,"3,2133","4,4",,Black,9.376,10.0
Mushkin Blackline 8 GB,,"3,1600","2,4",,Black,12.5,10.0
Patriot Signature 2 GB,,"3,1333","1,2",,Blue / Silver,13.503,9.0
TEAMGROUP Vulcan 8 GB,,"3,2400","2,4",,Orange,9.167,11.0
TEAMGROUP Vulcan 8 GB,,"3,2133","2,4",,Red,10.314,11.0
TEAMGROUP Elite Plus 16 GB,,"3,1600","2,8",,Black / Gold,13.75,11.0
TEAMGROUP Zeus Blue 8 GB,,"3,2133","2,4",,Blue,10.314,11.0
TEAMGROUP Zeus Red 8 GB,,"3,1600","2,4",,Red,11.25,9.0
ADATA XPG V1.0 8 GB,,"3,1600","1,8",,Red / White,11.25,9.0
ADATA XPG V1.0 16 GB,,"3,2133","2,8",,Red / White,9.376,10.0
Kingston HX424C12PB2K4/16 16 GB,,"4,2400","4,4",,Black,10.0,12.0
Kingston HX430C15PB2K4/16 16 GB,,"4,3000","4,4",,Black,10.0,15.0
G.Skill Ripjaws 4 16 GB,,"4,2133","4,4",,Black / Red,14.065,15.0
G.Skill Ripjaws 4 32 GB,,"4,2133","4,8",,Black / Red,14.065,15.0
G.Skill Ripjaws Z 32 GB,,"3,2400","4,8",,Black / Blue,8.333,10.0
Mushkin 977146A 32 GB,,"3,1866","2,16",,Black,13.934,13.0
Patriot Extreme Performance 16 GB,,"4,2400","2,8",,Black / Gold,12.5,15.0
Patriot Extreme Performance 8 GB,,"4,2400","2,4",,Black / Gold,12.5,15.0
Mushkin Proline 32 GB,,"3,1333","1,32",,Silver,10.503,7.0
Mushkin Proline 32 GB,2016.6,"3,1333","1,32",3.151,Silver,13.503,9.0
Corsair Vengeance LPX 32 GB,,"4,2666","4,8",,Black,11.253,15.0
Crucial Ballistix Sport 4 GB,,"3,1333","2,2",,Black / Silver,13.503,9.0
GeIL EVO POTENZA 8 GB,,"3,2400","2,4",,Black / Red,9.167,11.0
TEAMGROUP Elite 16 GB,,"4,2400","2,8",,Black,12.5,15.0
TEAMGROUP Elite Plus 16 GB,,"4,2400","2,8",,Black / Gold,13.333,16.0
TEAMGROUP Elite Plus 4 GB,,"4,2400","1,4",,Black / Gold,13.333,16.0
Corsair Vengeance LPX 32 GB,,"4,2400","4,8",,Red,12.5,15.0
Corsair Vengeance LPX 32 GB,,"4,2666","4,8",,Red,11.253,15.0
Corsair Dominator Platinum 16 GB,,"4,3200","4,4",,Black / Silver,9.375,15.0
Corsair Vengeance LPX 64 GB,,"4,2400","8,8",,Black,12.5,15.0
Mushkin Redline 16 GB,,"4,2400","2,8",,Red / White,10.833,13.0
Corsair Dominator Platinum 64 GB,,"4,2666","8,8",,Black / Silver,11.253,15.0
G.Skill Ripjaws 4 32 GB,,"4,2400","8,4",,Black / Red,12.5,15.0
Mushkin Blackline 16 GB,,"4,2133","2,8",,Black / White,11.252,12.0
Patriot PX432G266C5QK 32 GB,,"4,2666","4,8",,Black / Silver,11.253,15.0
Silicon Power SP008GBLTU133N02 8 GB,,"3,1333","1,8",,Black / Green,13.503,9.0
TEAMGROUP R-DIMM 2 GB,,"3,1600","1,2",,Black / Green,13.75,11.0
Mushkin Blackline 16 GB,,"3,2133","2,8",,Black / White,9.376,10.0
G.Skill Ripjaws 4 16 GB,,"4,2400","4,4",,Black,11.667,14.0
G.Skill Ripjaws 4 32 GB,,"4,2666","4,8",,Black,11.253,15.0
Mushkin Redline 16 GB,,"4,3200","4,4",,Red / White,10.0,16.0
Samsung M393A1G43DB0-CPB0 8 GB,443.6,"4,2133","1,8",2.772,Black / Green,14.065,15.0
G.Skill Ripjaws 4 16 GB,,"4,3200","4,4",,Black / Red,9.375,15.0
Mushkin Redline 32 GB,,"4,2666","4,8",,Red / White,11.253,15.0
Silicon Power SP008GXLYU18ANDA 8 GB,,"3,1866","2,4",,Red,9.646,9.0
ADATA AX4U3000W8G16-QGZ 32 GB,,"4,3000","4,8",,Gold,10.667,16.0
Samsung M393B1K70DH0-CK008/Q 8 GB,,"3,1600","1,8",,Black / Green,13.75,11.0
Crucial Ballistix Tactical Tracer 16 GB,,"3,1600","2,8",,Black / Silver,10.0,8.0
G.Skill Ares 16 GB,,"3,1600","2,8",,Blue,12.5,10.0
Kingston KVR21N15/4 4 GB,,"4,2133","1,4",,Black / Green,14.065,15.0
Klevv Urbane 8 GB,,"3,2800","2,4",,Silver,8.571,12.0
Klevv CRAS 16 GB,,"4,3000","4,4",,Black / Silver,10.667,16.0
Klevv CRAS 32 GB,,"4,2133","4,8",,Black / Silver,14.065,15.0
Klevv Genuine 16 GB,,"3,2666","2,8",,Black / Silver,9.002,12.0
Klevv Neo 32 GB,,"3,1600","4,8",,Silver,11.25,9.0
Corsair Vengeance LPX 16 GB,,"4,3200","4,4",,Red,9.375,15.0
Kingston KTL-TS421/16G 16 GB,2998.0,"4,2133","1,16",9.369,Green,14.065,15.0
Crucial CT4K8G4RFS4213 32 GB,,"4,2133","4,8",,Green,14.065,15.0
Crucial CT2KIT25672BD160B 4 GB,,"3,1600","2,2",,Green,13.75,11.0
Kingston KVR18R13D4K4/64 64 GB,,"3,1866","4,16",,Green,13.934,13.0
Kingston KVR18L13Q4/32 32 GB,1379.6,"3,1866","1,32",2.156,Gray,13.934,13.0
Kingston ValueRAM 2 GB,,"2,400","1,2",,Green,15.0,3.0
Kingston KVR1333D3E9SK2/16G 16 GB,2500.0,"3,1333","2,8",7.812,Green,13.503,9.0
Kingston KVR13LE9/8 8 GB,,"3,1333","1,8",,Green,13.503,9.0
Kingston KVR16LE11/8I 8 GB,779.8,"3,1600","1,8",4.874,Green,13.75,11.0
Avexir Core 8 GB,,"3,1600","1,8",,Black / Red,13.75,11.0
Avexir Core 16 GB,,"3,2400","2,8",,Black / Blue,9.167,11.0
Corsair Vengeance LPX 32 GB,,"4,2400","4,8",,Blue,11.667,14.0
Kingston HX426C13PBK4/32 32 GB,,"4,2666","4,8",,Black,9.752,13.0
TEAMGROUP Dark 16 GB,,"3,1600","2,8",,Black,11.25,9.0
Super Talent W1333UB4GV 4 GB,,"3,1333","1,4",,Green,13.503,9.0
EVGA Superclocked 16 GB,,"4,2666","4,4",,Black,12.003,16.0
EVGA SSC 16 GB,,"4,2800","4,4",,Black,11.429,16.0
Corsair Vengeance LPX 16 GB,,"4,3200","4,4",,Black / Yellow,9.375,15.0
PNY XLR8 16 GB,,"3,2133","2,8",,Black / Red,9.376,10.0
Corsair Dominator Platinum 128 GB,,"4,2800","8,16",,Black / Silver,10.714,15.0
Kingston HX328C12T2K2/8 8 GB,,"3,2800","2,4",,Black / Blue,7.857,11.0
G.Skill Ripjaws 4 8 GB,,"4,3200","2,4",,Black,10.0,16.0
G.Skill Ripjaws 4 8 GB,770.6,"4,2666","2,4",4.816,Black / Red,11.253,15.0
PNY Anarchy X 16 GB,,"4,2666","4,4",,Black / Red,11.253,15.0
PNY Anarchy X 16 GB,,"4,2800","4,4",,Black / Blue,11.429,16.0
PNY Anarchy X 16 GB,,"4,2800","4,4",,Black / Red,11.429,16.0
PNY Anarchy 32 GB,,"3,2133","4,8",,Black / Red,9.376,10.0
PNY Anarchy 8 GB,,"3,2133","2,4",,Black / Red,9.376,10.0
PNY Anarchy 8 GB,,"4,2133","2,4",,Black / Red,14.065,15.0
PNY Anarchy 8 GB,,"4,2400","2,4",,Black / Blue,12.5,15.0
PNY Anarchy 8 GB,,"3,1600","1,8",,Black / Red,11.25,9.0
Corsair Vengeance LP 4 GB,,"3,1600","1,4",,Red,13.75,11.0
Corsair Vengeance LP 8 GB,,"3,1600","2,4",,Red,13.75,11.0
G.Skill Ripjaws V 16 GB,,"4,2800","2,8",,Black / Red,10.714,15.0
G.Skill Ripjaws V 32 GB,,"4,2666","4,8",,Black / Red,11.253,15.0
Patriot Signature Line 8 GB,,"4,2133","1,8",,Blue / Silver,14.065,15.0
Corsair Dominator Platinum 16 GB,,"4,3666","4,4",,Black / Silver,9.82,18.0
Corsair Vengeance LP 16 GB,,"3,1600","2,8",,Black / Red,13.75,11.0
Mushkin Redline 16 GB,,"4,3000","2,8",,Red / Silver,10.0,15.0
Patriot PSD44G213381 4 GB,,"4,2133","1,4",,Black / Green,14.065,15.0
Mushkin Redline 8 GB,,"4,2666","2,4",,Red / Silver,11.253,15.0
Kingston HyperX Fury 8 GB,,"3,1600","1,8",,Black,12.5,10.0
Mushkin Redline 8 GB,,"4,2666","1,8",,Red / White,11.253,15.0
Avexir Budget 8 GB,,"4,2133","1,8",,Black,14.065,15.0
Corsair Dominator Platinum 16 GB,,"4,3600","4,4",,Black / Silver,10.0,18.0
Crucial Ballistix Tactical 32 GB,,"4,2666","4,8",,Silver,12.003,16.0
Crucial Ballistix Sport LT 16 GB,,"4,2400","2,8",,White / Silver,13.333,16.0
G.Skill Ripjaws V 16 GB,,"4,2800","2,8",,Black / Red,10.714,15.0
Kingston HyperX Savage 8 GB,,"4,2133","1,8",,Black / White,12.189,13.0
Kingston HyperX Savage 8 GB,,"4,2400","1,8",,Black / White,10.0,12.0
Kingston HyperX Savage 8 GB,,"4,3000","1,8",,Black / White,10.0,15.0
Kingston HyperX Savage 16 GB,,"4,3000","4,4",,Black / White,10.0,15.0
TEAMGROUP Xtreem 16 GB,,"4,3600","2,8",,Black / Red,10.0,18.0
Corsair Vengeance LPX 8 GB,,"4,3333","2,4",,Black / Yellow,9.601,16.0
Crucial Ballistix Sport 8 GB,,"3,1600","2,4",,Black / Silver,11.25,9.0
G.Skill NT 8 GB,1180.0,"4,2400","2,4",7.375,Black,12.5,15.0
Patriot Signature 1 GB,,"2,800","1,1",,Black / Green,15.0,6.0
Patriot Viper 3 8 GB,1638.8,"3,2400","2,4",10.242,Red / Silver,8.333,10.0
Patriot Viper 4 16 GB,,"4,2800","2,8",,Black / Red,11.429,16.0
TEAMGROUP Vulcan 8 GB,,"3,1600","1,8",,Black / Red,11.25,9.0
Corsair Dominator Platinum 8 GB,,"4,3000","2,4",,Black / Silver,10.0,15.0
G.Skill Trident Z 32 GB,,"4,3400","4,8",,Red / Silver,9.412,16.0
Mushkin Essentials 4 GB,,"3,1866","1,4",,Black / Green,13.934,13.0
Patriot Viper 4 8 GB,1113.59,"4,2400","2,4",6.96,Black / Red,12.5,15.0
Corsair Vengeance LPX 8 GB,,"4,2800","2,4",,Red,11.429,16.0
Corsair Vengeance Pro 16 GB,,"3,1866","2,8",,Black / Silver,11.79,11.0
Corsair Vengeance Pro 8 GB,,"3,1866","2,4",,Black / Red,11.79,11.0
Corsair Vengeance Pro 8 GB,,"3,2133","2,4",,Black / Red,10.314,11.0
Kingston HyperX Savage 32 GB,,"4,2133","4,8",,Black / White,12.189,13.0
Mushkin Redline 16 GB,,"4,2800","4,4",,Red / Silver,10.714,15.0
Kingston HyperX Savage 32 GB,,"4,2666","4,8",,Black / White,9.752,13.0
Avexir Core 8 GB,,"4,2400","1,8",,Black / Silver,13.333,16.0
Kingston HyperX Savage 64 GB,,"4,2800","8,8",,Black / White,10.0,14.0
ADATA AX4U3000W4G16-DGZ 8 GB,,"4,3000","2,4",,Gold,10.667,16.0
Crucial Ballistix Tactical 4 GB,,"4,2666","1,4",,Silver,12.003,16.0
G.Skill Trident Z 16 GB,,"4,3000","2,8",,Red / Silver,10.0,15.0
G.Skill Trident Z 16 GB,,"4,3200","2,8",,Red / Silver,10.0,16.0
G.Skill Ripjaws V 16 GB,,"4,3200","4,4",,Red,10.0,16.0
Corsair Vengeance Performance 16 GB,,"3,2133","2,8",,Black / Yellow,10.314,11.0
Kingston D51264KL110S 4 GB,,"3,1600","1,4",,Black / Green,13.75,11.0
G.Skill Trident Z 8 GB,,"4,3866","2,4",,Red / Silver,9.312,18.0
Corsair Vengeance LPX 64 GB,,"4,3000","4,16",,Black / Yellow,10.0,15.0
Crucial Ballistix Tactical 8 GB,,"4,2666","2,4",,Silver,12.003,16.0
Crucial CT51264BF186DJ 4 GB,329.6,"3,1866","1,4",4.12,Black / Green,13.934,13.0
GeIL Dragon RAM Combo 16 GB,,"4,3600","4,4",,White / Gold,9.444,17.0
GeIL Dragon RAM Combo 8 GB,,"4,3866","2,4",,White / Gold,9.312,18.0
Crucial CT2KIT102464BF186D 16 GB,573.6,"3,1866","2,8",1.792,Black / Green,13.934,13.0
Corsair Dominator Platinum 64 GB,,"4,2400","4,16",,Black / Silver,12.5,15.0
Corsair Vengeance LPX 64 GB,,"4,2800","4,16",,Black / Yellow,10.714,15.0
G.Skill Ripjaws X 16 GB,,"3,1600","2,8",,Black / Red,11.25,9.0
Mushkin Essentials 32 GB,,"3,1866","2,16",,Black / Blue,13.934,13.0
Kingston Savage 32 GB,,"4,2400","2,16",,Black / Silver,11.667,14.0
Kingston Savage 32 GB,,"4,2666","2,16",,Black / Silver,11.253,15.0
Corsair Dominator Platinum 64 GB,,"4,2666","4,16",,Black / Silver,11.253,15.0
Corsair Vengeance LPX 16 GB,,"4,3466","4,4",,Black / Yellow,9.233,16.0
Corsair Vengeance LPX 8 GB,,"4,4000","2,4",,Black / Yellow,9.5,19.0
Corsair Vengeance LPX 8 GB,,"4,4000","2,4",,Red,9.5,19.0
G.Skill Ripjaws 8 GB,612.0,"4,2400","2,4",3.825,Black,13.333,16.0
G.Skill Ripjaws 32 GB,,"4,2400","4,8",,Black,13.333,16.0
G.Skill Trident Z 16 GB,,"4,3600","2,8",,Red / Silver,9.444,17.0
Corsair Vengeance LPX 16 GB,,"4,3466","2,8",,Black / Yellow,9.233,16.0
Corsair Vengeance LPX 16 GB,,"4,3466","2,8",,Red,9.233,16.0
Corsair Vengeance LPX 16 GB,,"4,3733","4,4",,Black / Yellow,9.108,17.0
Corsair Vengeance LPX 8 GB,,"4,3733","2,4",,Black / Yellow,9.108,17.0
Corsair Vengeance Pro 32 GB,,"3,2133","4,8",,Black / Silver,10.314,11.0
G.Skill Ripjaws V 64 GB,,"4,2800","4,16",,Black,10.0,14.0
G.Skill Ripjaws V 32 GB,,"4,3000","2,16",,Black,9.333,14.0
G.Skill Trident Z 64 GB,,"4,3000","4,16",,Red / Silver,9.333,14.0
G.Skill Trident Z 16 GB,,"4,3600","2,8",,Red / Silver,8.889,16.0
G.Skill Ripjaws V 8 GB,,"4,3733","2,4",,Black,9.108,17.0
G.Skill Ripjaws V 8 GB,,"4,3866","2,4",,Black,9.312,18.0
G.Skill Ripjaws V 8 GB,,"4,4000","2,4",,Black,9.5,19.0
Corsair Vengeance LPX 64 GB,,"4,2800","8,8",,Black / Yellow,10.714,15.0
GeIL Super Luce 16 GB,,"4,3000","2,8",,Black / Blue,10.667,16.0
G.Skill Ripjaws 32 GB,,"4,2800","2,16",,Black / Blue,12.857,18.0
G.Skill Ripjaws V 32 GB,,"4,3200","4,8",,Red,8.75,14.0
G.Skill Ripjaws V 32 GB,,"4,3200","2,16",,Red,9.375,15.0
G.Skill Ripjaws V 32 GB,,"4,3200","4,8",,Red,9.375,15.0
G.Skill Ripjaws V 64 GB,,"4,3200","4,16",,Red,9.375,15.0
Corsair Dominator Platinum 32 GB,,"4,3333","4,8",,Black / Silver,9.601,16.0
Corsair ValueSelect 16 GB,1459.6,"4,2133","1,16",4.561,Black,14.065,15.0
GeIL Dragon RAM 16 GB,,"4,3466","4,4",,White / Gold,9.233,16.0
GeIL Dragon RAM 8 GB,,"4,3600","2,4",,White / Gold,9.444,17.0
GeIL Dragon RAM 8 GB,,"4,4133","2,4",,White / Gold,9.194,19.0
Kingston Predator 32 GB,,"4,3000","2,16",,Black / White,10.667,16.0
Kingston ValueRAM 64 GB,,"4,2133","4,16",,Black / Green,14.065,15.0
Kingston ValueRAM 8 GB,399.6,"4,2133","1,8",2.498,Black / Green,14.065,15.0
Panram Ninja-V 16 GB,,"4,3000","4,4",,Red / Silver,10.667,16.0
Avexir Raiden 8 GB,,"4,3000","2,4",,White / Blue,10.0,15.0
Corsair Vengeance LPX 32 GB,,"4,3600","4,8",,Black / Yellow,10.0,18.0
Corsair Vengeance LPX 4 GB,,"4,2400","1,4",,Red,13.333,16.0
Crucial Ballistix Sport LT 64 GB,,"4,2400","4,16",,White,13.333,16.0
G.Skill Trident Z 64 GB,,"4,3400","4,16",,Red / Silver,9.412,16.0
G.Skill Ripjaws V 64 GB,,"4,3400","4,16",,Red,9.412,16.0
Crucial CT2K51264BF186DJ 8 GB,799.8,"3,1866","2,4",4.999,Black / Green,13.934,13.0
Corsair Dominator Platinum 32 GB,,"4,2400","4,8",,Black / Silver,12.5,15.0
Corsair Vengeance LPX 32 GB,,"4,3000","2,16",,Red,10.0,15.0
G.Skill Aegis 16 GB,,"4,2400","4,4",,Black / Red,12.5,15.0
G.Skill Ripjaws V 128 GB,,"4,3000","8,16",,Black,9.333,14.0
Kingston Savage 16 GB,,"4,2400","4,4",,Black,10.0,12.0
Kingston Savage 32 GB,,"4,2666","4,8",,Black,9.752,13.0
Kingston Savage 16 GB,,"4,2800","2,8",,Black,10.0,14.0
Kingston Savage 8 GB,,"4,3000","2,4",,Black,10.0,15.0
Corsair Dominator Platinum 32 GB,,"4,2400","4,8",,Black / Silver,12.5,15.0
Crucial Ballistix Tactical 16 GB,,"3,2133","2,8",,Yellow,10.314,11.0
G.Skill Ripjaws V 64 GB,,"4,3200","8,8",,Black,8.75,14.0
G.Skill Trident Z 32 GB,,"4,3333","2,16",,Red / Silver,9.601,16.0
G.Skill Ripjaws V 32 GB,,"4,3333","2,16",,Black,9.601,16.0
G.Skill Ripjaws V 16 GB,,"4,3466","2,8",,Black,9.233,16.0
G.Skill Ripjaws V 32 GB,,"4,3600","4,8",,Black,9.444,17.0
Avexir Core 32 GB,,"4,2400","4,8",,Black / Red,13.333,16.0
Mushkin Essentials 16 GB,,"4,2133","1,16",,Black / Green,14.065,15.0
Mushkin Silverline 64 GB,,"4,2133","4,16",,Silver,14.065,15.0
Mushkin Silverline 16 GB,,"4,2133","2,8",,Silver,14.065,15.0
Avexir ROG Impact 32 GB,,"4,2666","4,8",,Black / Red,11.253,15.0
Corsair Dominator Platinum 32 GB,,"4,2800","2,16",,Black / Silver,10.714,15.0
Corsair Vengeance LPX 8 GB,,"4,4266","2,4",,Black / Yellow,8.908,19.0
GeIL Super Luce 16 GB,,"4,3000","2,8",,Black / White,10.0,15.0
Kingston FURY 16 GB,,"4,2133","1,16",,Black / Green,13.127,14.0
Kingston FURY 32 GB,,"4,2133","4,8",,Black / Silver,13.127,14.0
Kingston FURY 64 GB,,"4,2133","4,16",,Black / Silver,13.127,14.0
Avexir Core 8 GB,,"4,2400","2,4",,Black / Blue,13.333,16.0
Avexir Core 16 GB,,"4,2400","2,8",,Black / White,13.333,16.0
Avexir Core 8 GB,,"4,2666","2,4",,Black / Red,12.753,17.0
Avexir Core 16 GB,,"4,2666","2,8",,Black / Red,12.753,17.0
Corsair Vengeance LPX 32 GB,,"4,2666","4,8",,White,12.003,16.0
Corsair Vengeance LED 32 GB,,"4,3000","2,16",,Black / Red,10.0,15.0
Corsair Vengeance LED 32 GB,,"4,3200","2,16",,Black / White,10.0,16.0
Corsair Vengeance LED 32 GB,,"4,3000","4,8",,Black / White,10.0,15.0
Corsair Vengeance LED 64 GB,,"4,3200","4,16",,Black / White,10.0,16.0
Corsair Vengeance LED 32 GB,,"4,3400","4,8",,Black / White,9.412,16.0
G.Skill Trident Z 16 GB,,"4,3200","2,8",,Black / Orange,8.75,14.0
G.Skill Trident Z 32 GB,,"4,3200","2,16",,Black / Orange,8.75,14.0
G.Skill Trident Z 32 GB,,"4,3200","2,16",,Black / Yellow,8.75,14.0
G.Skill Trident Z 64 GB,,"4,3200","4,16",,Silver / White,8.75,14.0
G.Skill Trident Z 128 GB,,"4,3200","8,16",,Silver / White,8.75,14.0
Corsair Vengeance LED 16 GB,,"4,3200","2,8",,Black / Blue,10.0,16.0
G.Skill Trident Z 64 GB,,"4,3466","4,16",,Red / Silver,9.233,16.0
Corsair Dominator Platinum Chrome 32 GB,,"4,3200","4,8",,Silver,8.75,14.0
Corsair Dominator Platinum Blackout 32 GB,,"4,3200","4,8",,Black,8.75,14.0
Patriot Viper Elite 16 GB,,"4,2400","2,8",,Silver / Blue,12.5,15.0
G.Skill Trident Z RGB 16 GB,,"4,4000","2,8",,Black,9.0,18.0
TEAMGROUP T-Force / Night Hawk 16 GB,,"4,3200","2,8",,Black / Blue,10.0,16.0
TEAMGROUP T-Force / Night Hawk 16 GB,,"4,3000","2,8",,Black / White,10.667,16.0
G.Skill FORTIS 16 GB,,"4,2400","2,8",,Black / Red,13.333,16.0
G.Skill FORTIS 32 GB,,"4,2400","2,16",,Black / Red,13.333,16.0
G.Skill FORTIS 64 GB,,"4,2400","4,16",,Black / Red,13.333,16.0
G.Skill Flare X 32 GB,,"4,2400","2,16",,Black,12.5,15.0
G.Skill Flare X 32 GB,,"4,2133","2,16",,Red,14.065,15.0
G.Skill Flare X 64 GB,,"4,2133","4,16",,Black,14.065,15.0
G.Skill Flare X 16 GB,,"4,2400","2,8",,Red,13.333,16.0
G.Skill Flare X 32 GB,,"4,2400","2,16",,Black,13.333,16.0
G.Skill Flare X 32 GB,,"4,2400","2,16",,Red,13.333,16.0
G.Skill Flare X 64 GB,,"4,2400","4,16",,Red,13.333,16.0
TEAMGROUP T-Force Xtreem 16 GB,,"4,3733","2,8",,Black / Silver,9.644,18.0
TEAMGROUP T-Force Xtreem 16 GB,,"4,4000","2,8",,Black / Silver,9.0,18.0
TEAMGROUP T-Force Xtreem 16 GB,,"4,3866","2,8",,Black / Silver,9.312,18.0
TEAMGROUP T-Force Xtreem 16 GB,,"4,3600","2,8",,Black / Gold,10.0,18.0
TEAMGROUP T-Force Xtreem 16 GB,,"4,3733","2,8",,Black / Gold,9.644,18.0
TEAMGROUP T-Force Xtreem 16 GB,,"4,3866","2,8",,Black / Gold,9.312,18.0
TEAMGROUP T-Force Xtreem 16 GB,,"4,4000","2,8",,Black / Gold,9.0,18.0
TEAMGROUP Dark 16 GB,,"3,2400","2,8",,Red,9.167,11.0
TEAMGROUP Night Hawk RGB 16 GB,,"4,2666","2,8",,Black,11.253,15.0
TEAMGROUP Night Hawk RGB 16 GB,,"4,3000","2,8",,White,10.667,16.0
Corsair Dominator Platinum 128 GB,,"4,3200","8,16",,Black / Silver,10.0,16.0
Kingston KCP421NS8/4 4 GB,659.8,"4,2133","1,4",8.248,Black / Green,14.065,15.0
G.Skill Trident Z 64 GB,,"4,3600","4,16",,Black / White,9.444,17.0
Patriot Viper 4 8 GB,1550.8,"4,3600","2,4",9.693,Red / Black,9.444,17.0
TEAMGROUP Vulcan 16 GB,,"4,2666","2,8",,Black / Red,11.253,15.0
G.Skill Trident Z RGB 64 GB,,"4,3200","4,16",,Black,8.75,14.0
Patriot Viper Elite 8 GB,,"4,3000","2,4",,Black / Red,10.667,16.0
Corsair Dominator Platinum 32 GB,,"4,3733","4,8",,Black / Silver,9.108,17.0
G.Skill Trident Z 64 GB,,"4,3300","4,16",,Black / White,9.697,16.0
Crucial Ballistix Elite 16 GB,,"4,3000","2,8",,Black,10.0,15.0
Patriot Viper Elite 16 GB,,"4,2400","2,8",,Black / Red,13.333,16.0
Apacer Panther-Golden 8 GB,,"4,2400","1,8",,Black / Gold,13.333,16.0
Apacer Commando 16 GB,,"4,2400","2,8",,Black / Red,13.333,16.0
Apacer Commando 16 GB,,"4,2400","2,8",,Black / Red,13.333,16.0
Crucial Ballistix Elite 8 GB,,"4,3000","2,4",,Black,10.0,15.0
Kingston HX426C13PB3K2/16 16 GB,,"4,2666","2,8",,Black / Silver,9.752,13.0
Corsair Vengeance RGB 32 GB,,"4,3200","4,8",,Black,10.0,16.0
Corsair Vengeance RGB 32 GB,,"4,3333","2,16",,,9.601,16.0
G.Skill Trident Z 16 GB,,"4,4400","2,8",,Silver / White,8.636,19.0
GeIL SUPER LUCE RGB SYNC 8 GB,,"4,2400","2,4",,Black,13.333,16.0
G.Skill Trident Z 16 GB,,"4,4600","2,8",,Black,8.261,19.0
Corsair Vengeance RGB 32 GB,,"4,3200","4,8",,White,10.0,16.0
TEAMGROUP T-Force Delta RGB 8 GB,,"4,2400","1,8",,Black,12.5,15.0
TEAMGROUP T-Force Delta RGB 16 GB,,"4,2666","1,16",,Black,11.253,15.0
TEAMGROUP T-Force Delta RGB 8 GB,,"4,2400","2,4",,Black,12.5,15.0
TEAMGROUP T-Force Delta RGB 32 GB,,"4,2666","2,16",,Black,11.253,15.0
TEAMGROUP T-Force Delta RGB 8 GB,,"4,2400","1,8",,White,12.5,15.0
TEAMGROUP T-Force Delta RGB 16 GB,,"4,2400","1,16",,White,12.5,15.0
TEAMGROUP T-Force Delta RGB 32 GB,,"4,2666","2,16",,White,11.253,15.0
Kingston ValueRAM 16 GB,1799.0,"4,2400","1,16",5.622,Green,14.167,17.0
Corsair Dominator Platinum 32 GB,,"4,2666","2,16",,Black / Silver,11.253,15.0
GeIL EVO SPEAR 16 GB,,"4,2400","2,8",,Black / Orange,13.333,16.0
G.Skill Trident Z RGB 32 GB,,"4,3200","2,16",,Black,9.375,15.0
G.Skill Flare X 64 GB,,"4,2933","4,16",,Black,9.547,14.0
ADATA XPG GAMMIX D10 8 GB,,"4,3000","2,4",,Red / White,10.667,16.0
Corsair Vengeance LPX 16 GB,,"4,2666","2,8",,Black / Yellow,12.003,16.0
Corsair Vengeance LPX 16 GB,,"4,4400","2,8",,Black / Red,8.636,19.0
Corsair Vengeance LPX 32 GB,,"4,3200","2,16",,Black / Yellow,10.0,16.0
Corsair Vengeance LPX 64 GB,,"4,2133","4,16",,Red / Black,12.189,13.0
Corsair Vengeance LPX 64 GB,,"4,3600","8,8",,Black / Yellow,10.0,18.0
Corsair Vengeance LPX 8 GB,,"4,2400","1,8",,Black / Yellow,11.667,14.0
Corsair Vengeance 32 GB,,"4,4000","4,8",,Black / Yellow,9.5,19.0
Corsair Vengeance LED 16 GB,,"4,3000","2,8",,Black,10.667,16.0
Corsair Vengeance LED 16 GB,,"4,3200","2,8",,Black,10.0,16.0
Corsair Vengeance LED 16 GB,,"4,3000","2,8",,Black,10.667,16.0
Corsair Vengeance LED 32 GB,,"4,3200","2,16",,Black / Red,10.0,16.0
Corsair Vengeance LED 32 GB,,"4,3200","4,8",,Black / White,10.0,16.0
Corsair Vengeance LED 32 GB,,"4,3200","4,8",,Black / Blue,10.0,16.0
Avexir Core Amber White 32 GB,,"4,2666","4,8",,White / Gray,12.753,17.0
Avexir Blitz 16 GB,,"4,3200","2,8",,Black / Silver,10.0,16.0
Corsair Dominator Platinum 16 GB,,"4,3600","4,4",,Black / Silver,10.0,18.0
Corsair Vengeance LPX 64 GB,,"4,2400","4,16",,Black / Yellow,13.333,16.0
Avexir Raiden 8 GB,,"3,2400","2,4",,,8.333,10.0
Avexir Blitz 1.1 16 GB,,"3,2400","2,8",,Black / Yellow,8.333,10.0
Avexir Blitz 1.1 8 GB,,"3,3200","2,4",,Black / Red,8.125,13.0
G.Skill Flare X 32 GB,,"4,2933","2,16",,Black,10.91,16.0
G.Skill Sniper X 16 GB,,"4,3000","2,8",,Black / Camo,10.667,16.0
G.Skill Trident Z 64 GB,,"4,3733","8,8",,Black,9.108,17.0
G.Skill Trident Z RGB 16 GB,,"4,4133","2,8",,Black,8.226,17.0
G.Skill Trident Z 16 GB,,"4,4600","2,8",,,8.261,19.0
G.Skill Sniper X 16 GB,,"4,3200","2,8",,Black / Camo,10.0,16.0
G.Skill Sniper X 32 GB,,"4,3200","2,16",,Black / Camo,10.0,16.0
G.Skill Trident Z 16 GB,,"4,3600","2,8",,,9.444,17.0
G.Skill Trident Z 16 GB,,"4,4133","2,8",,Black / White,9.194,19.0
TEAMGROUP T-Force Dark 16 GB,,"4,2666","1,16",,Silver / Black,11.253,15.0
TEAMGROUP T-Force Vulcan 16 GB,,"4,2666","1,16",,Red / Black,11.253,15.0
TEAMGROUP T-Force Vulcan 8 GB,,"4,3200","2,4",,Red / Black,10.0,16.0
TEAMGROUP TDGED416G3200HC16CDC01 16 GB,,"4,3200","2,8",,Silver / Black,10.0,16.0
TEAMGROUP Elite 2 GB,,"3,1333","1,2",,Green / Black,13.503,9.0
TEAMGROUP Elite 2 GB,,"3,1600","1,2",,Green / Black,13.75,11.0
TEAMGROUP Elite 16 GB,,"3,1600","2,8",,Black,13.75,11.0
TEAMGROUP Elite 16 GB,,"4,2400","2,8",,Black,13.333,16.0
TEAMGROUP Xtreem LV 16 GB,,"3,2600","4,4",,Red / Black,7.692,10.0
TEAMGROUP Xtreem LV 8 GB,,"3,2400","2,4",,Red / Black,7.5,9.0
GeIL Super Luce 32 GB,,"4,2133","2,16",,,14.065,15.0
Crucial Ballistix Elite 16 GB,,"4,3200","1,16",,,10.0,16.0
Crucial Ballistix Sport LT 32 GB,,"4,2666","4,8",,White,12.003,16.0
Corsair Vengeance LED 16 GB,,"4,2666","2,8",,Black,12.003,16.0
GeIL Super Luce 32 GB,,"4,2133","2,16",,White,14.065,15.0
GeIL EVO POTENZA 8 GB,,"4,2400","2,4",,Black,13.333,16.0
G.Skill Ripjaws 32 GB,,"4,3200","2,16",,Blue / Black,11.25,18.0
Corsair Vengeance LED 16 GB,,"4,3000","2,8",,Black / White,10.667,16.0
Corsair Vengeance LED 16 GB,,"4,3000","2,8",,Black / Blue,10.667,16.0
Corsair Vengeance Performance 32 GB,,"4,3600","4,8",,Black,8.889,16.0
TEAMGROUP T-Force Xtreem 32 GB,,"4,4000","4,8",,Black / Silver,9.0,18.0
TEAMGROUP T-Force Dark 16 GB,,"4,2400","4,4",,Silver / Black,11.667,14.0
TEAMGROUP T-Force Dark 32 GB,,"4,3000","4,8",,Silver / Black,10.667,16.0
TEAMGROUP T-Force Dark 64 GB,,"4,3200","4,16",,Red / Black,10.0,16.0
TEAMGROUP T-Force Vulcan 16 GB,,"4,3000","4,4",,Silver / Black,10.667,16.0
TEAMGROUP T-Force Vulcan 32 GB,,"4,2400","4,8",,Silver / Black,11.667,14.0
TEAMGROUP T-Force Vulcan 32 GB,,"4,2400","4,8",,Red / Black,11.667,14.0
TEAMGROUP T-Force Vulcan 64 GB,,"4,2400","4,16",,Red / Black,11.667,14.0
Kingston HyperX Fury 16 GB,,"4,2133","1,16",,Red / Silver,13.127,14.0
Kingston HyperX Predator 16 GB,,"4,3000","1,16",,Black,10.0,15.0
Patriot Signature Line 8 GB,,"4,2400","1,8",,Green / Black,14.167,17.0
ADATA Flame 4 GB,,"4,2400","1,4",,Black / Orange,13.333,16.0
Corsair Vengeance LED 32 GB,,"4,3600","2,16",,Black / White,10.0,18.0
Corsair Vengeance LED 32 GB,,"4,3600","4,8",,Black / White,10.0,18.0
Crucial Ballistix Tactical Tracer 32 GB,,"4,2666","2,16",,Silver,12.003,16.0
Corsair Dominator Platinum 64 GB,,"4,4000","8,8",,Black / Silver,9.5,19.0
TEAMGROUP T-Force Xtreem 64 GB,,"4,3600","4,16",,Silver / Black,8.889,16.0
Corsair Vengeance LPX 16 GB,,"4,4133","2,8",,Black / Yellow,9.194,19.0
Corsair Vengeance LPX 16 GB,,"4,4500","2,8",,Black / Yellow,8.444,19.0
G.Skill Trident Z RGB 32 GB,,"4,3466","2,16",,Black,9.233,16.0
G.Skill Sniper X 32 GB,,"4,3600","2,16",,Silver / Camo,10.556,19.0
Klevv BOLT 4 GB,,"4,2400","1,4",,Black / Gold,12.5,15.0
ADATA XPG GAMMIX D10 16 GB,,"4,2400","1,16",,Black / White,13.333,16.0
ADATA XPG GAMMIX D10 4 GB,,"4,2400","1,4",,Black / White,13.333,16.0
ADATA XPG GAMMIX D10 16 GB,,"4,2666","1,16",,Black / White,12.003,16.0
ADATA XPG GAMMIX D10 16 GB,,"4,3000","1,16",,Black / White,10.667,16.0
ADATA XPG GAMMIX D10 16 GB,,"4,2666","1,16",,Red / White,12.003,16.0
ADATA XPG GAMMIX D10 4 GB,,"4,2666","1,4",,Red / White,12.003,16.0
ADATA XPG GAMMIX D10 64 GB,,"4,3000","4,16",,Red / White,10.667,16.0
ADATA XPG GAMMIX D10 8 GB,,"4,3000","1,8",,Red / White,10.667,16.0
ADATA XPG GAMMIX D10 16 GB,,"4,3000","2,8",,Red / White,10.667,16.0
ADATA XPG GAMMIX D10 16 GB,,"4,3000","4,4",,Red / White,10.667,16.0
Corsair Vengeance LPX 8 GB,,"4,2400","2,4",,Black / Yellow,11.667,14.0
Corsair Vengeance RGB Pro 64 GB,,"4,3600","8,8",,White,10.0,18.0
TEAMGROUP T-Force XCalibur RGB SE 16 GB,,"4,3600","2,8",,Black,10.0,18.0
TEAMGROUP T-Force XCalibur RGB SE 16 GB,,"4,4000","2,8",,Black,9.0,18.0
Kingston HyperX Predator RGB 32 GB,,"4,2933","4,8",,Black,10.228,15.0
Kingston KVR24S17S6/4 4 GB,490.0,"4,2400","1,4",6.125,Green / Black,14.167,17.0
Crucial Ballistix Elite 16 GB,,"4,3200","2,8",,Black,9.375,15.0
Crucial Ballistix Sport LT 16 GB,,"4,2400","2,8",,Black / Camo,13.333,16.0
ADATA XPG SPECTRIX D41 32 GB,,"4,2666","2,16",,Red,12.003,16.0
Corsair Vengeance RGB Pro 32 GB,,"4,2933","4,8",,Black,10.91,16.0
Corsair Vengeance RGB Pro 32 GB,,"4,3466","4,8",,Black,9.233,16.0
Crucial Ballistix Sport AT 32 GB,,"4,3000","2,16",,Silver / Black,11.333,17.0
Patriot Signature Line 4 GB,,"4,2400","1,4",,Green / Black,14.167,17.0
G.Skill Trident Z RGB 32 GB,,"4,3600","4,8",,Black,10.556,19.0
G.Skill Trident Z RGB 32 GB,,"4,2933","2,16",,Black,9.547,14.0
Corsair Vengeance RGB Pro 16 GB,,"4,4266","2,8",,Black,8.908,19.0
ADATA AD4S240038G17-2 16 GB,,"4,2400","2,8",,Green,14.167,17.0
G.Skill Trident Z RGB 32 GB,,"4,3333","2,16",,Black,9.601,16.0
Kingston HyperX Predator 64 GB,,"4,2666","4,16",,Black / Gray,9.752,13.0
G.Skill Trident Z 32 GB,,"4,3600","4,8",,Silver / White,8.889,16.0
Corsair Vengeance RGB Pro 128 GB,,"4,3200","8,16",,White,10.0,16.0
TEAMGROUP T-Force Xtreem 16 GB,,"4,4000","2,8",,Black / White,9.0,18.0
TEAMGROUP T-Force Xtreem 16 GB,,"4,4500","2,8",,Black / White,8.0,18.0
Patriot Viper Elite 8 GB,,"4,2666","1,8",,Silver / Black,12.003,16.0
V-Color SKYWALKER PRISM RGB 16 GB,,"4,3000","2,8",,Silver / Black,10.0,15.0
TEAMGROUP Elite 8 GB,,"4,2666","2,4",,Black,14.254,19.0
ADATA Premier 16 GB,,"4,2666","2,8",,Green / Black,14.254,19.0
G.Skill Trident Z Royal 16 GB,,"4,4266","2,8",,Silver,8.908,19.0
Crucial Ballistix Tactical Tracer 16 GB,,"4,2666","1,16",,Silver / Black,12.003,16.0
TEAMGROUP T-Force Xtreem 16 GB,,"4,3733","2,8",,Black / White,9.644,18.0
TEAMGROUP T-Force Xtreem 16 GB,,"4,3866","2,8",,Black / White,9.312,18.0
TEAMGROUP T-Force Dark 16 GB,,"4,2666","2,8",,Red / Black,11.253,15.0
ADATA XPG Spectrix D40 16 GB,,"4,3000","2,8",,Red / Black,10.667,16.0
G.Skill Trident Z Royal 32 GB,,"4,3000","2,16",,Silver,10.667,16.0
GeIL EVO POTENZA 16 GB,,"4,2666","2,8",,Red,14.254,19.0
Crucial Ballistix Sport LT 32 GB,,"4,3200","2,16",,White / Silver,10.0,16.0
Corsair Vengeance RGB Pro 128 GB,,"4,3600","8,16",,Black,10.0,18.0
Crucial Ballistix Sport LT 32 GB,,"4,3000","2,16",,Red / Black,10.0,15.0
Crucial Ballistix Sport LT 16 GB,,"4,3000","1,16",,Silver / Black,10.0,15.0
Crucial Ballistix Sport LT 32 GB,,"4,3000","2,16",,White / Silver,10.0,15.0
Crucial Ballistix Sport LT 32 GB,,"4,3000","4,8",,Silver / Black,10.667,16.0
Corsair Vengeance RGB Pro 16 GB,,"4,4600","2,8",,Black,8.261,19.0
TEAMGROUP TLGD48G2666HC15BBK 8 GB,,"4,2666","1,8",,Green / Black,11.253,15.0
Corsair Dominator Platinum RGB 16 GB,,"4,3200","2,8",,Black,8.75,14.0
Corsair Dominator Platinum RGB 32 GB,,"4,3200","4,8",,Black,8.75,14.0
Corsair Dominator Platinum RGB 16 GB,,"4,4266","2,8",,Black,8.908,19.0
Corsair Dominator Platinum RGB 32 GB,3537.2,"4,3200","4,8",5.527,Black,10.0,16.0
Corsair Dominator Platinum RGB 64 GB,,"4,3600","8,8",,Black,10.0,18.0
Corsair Dominator Platinum RGB 128 GB,,"4,3600","8,16",,Black,10.0,18.0
Corsair Vengeance LPX 32 GB,,"4,4400","4,8",,Black / Yellow,7.727,17.0
Corsair Dominator Platinum RGB 32 GB,,"4,3466","4,8",,Black,9.233,16.0
G.Skill Trident Z Royal 64 GB,,"4,3000","4,16",,Gold,10.667,16.0
G.Skill Trident Z Royal 32 GB,,"4,3200","2,16",,Gold,10.0,16.0
G.Skill Trident Z 16 GB,,"4,4500","2,8",,Black,8.444,19.0
G.Skill Trident Z 16 GB,,"4,4133","2,8",,Silver / White,9.194,19.0
Crucial Ballistix Sport LT 16 GB,,"4,2400","2,8",,Red / Black,13.333,16.0
G.Skill Trident Z 16 GB,,"4,4133","2,8",,Black / White,9.194,19.0
G.Skill Trident Z 16 GB,,"4,4133","2,8",,Silver / Red,9.194,19.0
G.Skill Trident Z 16 GB,,"4,3866","2,8",,Silver / Red,9.312,18.0
G.Skill Trident Z 16 GB,,"4,3733","2,8",,Black / White,9.108,17.0
GeIL EVO POTENZA 16 GB,,"4,3000","2,8",,Black,10.667,16.0
GeIL EVO FORZA 16 GB,,"4,2133","2,8",,Red / Black,14.065,15.0
TEAMGROUP Elite Plus 16 GB,,"4,2400","2,8",,Black / Gold,13.333,16.0
TEAMGROUP T-Force Vulcan 16 GB,,"4,3200","2,8",,Red / Black,10.0,16.0
TEAMGROUP T-Force Dark 16 GB,,"4,2666","2,8",,Gray / Black,11.253,15.0
Corsair Dominator Platinum 16 GB,,"4,3733","2,8",,Silver / Black,9.108,17.0
Crucial CT16G4RFS4293 16 GB,875.0,"4,2933","1,16",2.734,Green / Black,14.32,21.0
Crucial CT2K4G4DFS632A 8 GB,,"4,3200","2,4",,Green / Black,13.75,22.0
OLOy MD4MU081G83016D 16 GB,,"4,3000","2,8",,White / Gray,10.667,16.0
OLOy MD4MU081G83016NI 8 GB,,"4,3000","1,8",,White / Gray,10.667,16.0
OLOy MD4U162619BBSA 16 GB,,"4,2666","1,16",,Red / Black,14.254,19.0
OLOy MD4MU081G82417D 16 GB,,"4,2400","2,8",,Red / Black,14.167,17.0
Crucial Ballistix Elite 8 GB,,"4,3200","1,8",,Black,9.375,15.0
TEAMGROUP T-Force T1 16 GB,,"4,2666","2,8",,Black / Red,13.503,18.0
G.Skill Ripjaws V 8 GB,,"4,2400","2,4",,Red / Black,14.167,17.0
G.Skill Trident Z 32 GB,,"4,3200","4,8",,Silver / White,10.0,16.0
Crucial Ballistix Sport LT 8 GB,,"4,2666","2,4",,Red / Black,12.003,16.0
TEAMGROUP T-Force Vulcan Z 32 GB,,"4,3000","2,16",,Red / Black,10.667,16.0
Kingston HyperX Predator 64 GB,,"4,3200","4,16",,Black / Gray,10.0,16.0
Supermicro MEM-DR432L-HL01-ER26 32 GB,1599.0,"4,2666","1,32",2.498,Green / Black,14.254,19.0
G.Skill Trident Z Royal 32 GB,,"4,3200","4,8",,Gold,8.75,14.0
G.Skill Trident Z Royal 16 GB,,"4,3600","2,8",,Gold,8.889,16.0
G.Skill Trident Z Royal 32 GB,,"4,3200","2,16",,Gold,8.75,14.0
G.Skill Trident Z Royal 32 GB,,"4,3600","4,8",,Silver,8.889,16.0
G.Skill Trident Z Royal 32 GB,,"4,3600","2,16",,Gold,10.556,19.0
G.Skill Trident Z Neo 32 GB,,"4,3000","4,8",,Silver / Black,10.667,16.0
TEAMGROUP T-Force Vulcan Z 4 GB,,"4,2666","1,4",,Black,13.503,18.0
TEAMGROUP T-Force Vulcan Z 8 GB,,"4,2666","2,4",,Red,13.503,18.0
OLOy MD4U083016BADA 16 GB,,"4,3000","2,8",,White / Silver,10.667,16.0
OLOy WarHawk RGB 16 GB,,"4,3000","2,8",,Red / White,10.667,16.0
OLOy WarHawk RGB 32 GB,,"4,3000","2,16",,Red / White,10.667,16.0
OLOy MD4U082417IFDA 16 GB,,"4,2400","2,8",,Red,14.167,17.0
GeIL Evo X II RGB SYNC 16 GB,,"4,3000","2,8",,Black,10.667,16.0
Patriot Signature Premium 8 GB,,"4,2400","2,4",,Black,14.167,17.0
Mushkin Redline 32 GB,,"4,3000","2,16",,Red / Silver,12.0,18.0
GeIL EVO POTENZA 16 GB,,"4,3200","2,8",,Red,10.0,16.0
Kingston HyperX Fury RGB 32 GB,,"4,2400","4,8",,Black,12.5,15.0
Kingston HyperX Fury RGB 32 GB,,"4,3466","4,8",,Black,9.233,16.0
Kingston HyperX Fury RGB 32 GB,,"4,3000","2,16",,Black,10.0,15.0
Kingston HyperX Fury RGB 64 GB,,"4,3466","4,16",,Black,9.233,16.0
TEAMGROUP T-Force Dark Pro 16 GB,,"4,3600","2,8",,Black,8.889,16.0
TEAMGROUP T-Force Dark Z 16 GB,,"4,3000","2,8",,Red / Black,10.667,16.0
GeIL EVO X II 32 GB,,"4,3000","2,16",,Black,10.667,16.0
TEAMGROUP T-Force Dark Z 32 GB,,"4,3200","2,16",,Silver,10.0,16.0
TEAMGROUP T-Force Dark Z 8 GB,,"4,3200","1,8",,Silver,10.0,16.0
TEAMGROUP T-Force Dark Z 16 GB,,"4,2666","2,8",,Silver / Black,11.253,15.0
Patriot Viper Venom RGB 16 GB,,"4,3600","2,8",,Black,9.444,17.0
GeIL EVO SPEAR 32 GB,,"4,3000","2,16",,Black / Orange,10.667,16.0
GeIL EVO POTENZA 16 GB,,"4,3200","2,8",,Red,10.0,16.0
GeIL SUPER LUCE RGB SYNC Series TUF Gaming Alliance AMD Edition 16 GB,,"4,3200","2,8",,Black,10.0,16.0
GeIL EVO SPEAR 16 GB,,"4,3000","2,8",,Black,10.667,16.0
GeIL EVO POTENZA 32 GB,,"4,3000","2,16",,Black,10.667,16.0
GeIL EVO POTENZA 32 GB,,"4,3000","2,16",,Black,10.667,16.0
G.Skill Trident Z Neo 32 GB,,"4,3600","4,8",,Black / Silver,7.778,14.0
ADATA XPG GAMMIX D30 32 GB,,"4,3000","2,16",,Silver / Black,10.667,16.0
ADATA XPG GAMMIX D30 32 GB,,"4,3000","2,16",,Silver / Black,10.667,16.0
ADATA XPG SPECTRIX D41 32 GB,,"4,3000","2,16",,Red / Black,10.667,16.0
ADATA XPG GAMMIX D30 16 GB,,"4,3000","2,8",,Silver / Black,10.667,16.0
ADATA XPG SPECTRIX D41 16 GB,,"4,3000","2,8",,Red / Black,10.667,16.0
ADATA XPG GAMMIX D30 32 GB,,"4,3200","2,16",,Silver / Black,10.0,16.0
G.Skill Trident Z Royal 16 GB,,"4,3600","2,8",,Silver,8.889,16.0
OLOy WarHawk RGB 16 GB,,"4,3000","2,8",,Blue / White,10.667,16.0
OLOy WarHawk RGB 16 GB,,"4,3600","2,8",,Blue / White,10.0,18.0
Kingston HyperX Predator RGB 64 GB,,"4,3200","4,16",,Black,10.0,16.0
Kingston HyperX Predator RGB 8 GB,,"4,3200","1,8",,Black,10.0,16.0
OLOy MD4U323016DJDA 64 GB,,"4,3000","2,32",,Black,10.667,16.0
OLOy MD4U163016CFDA 32 GB,,"4,3000","2,16",,Red,10.667,16.0
Mushkin Redline 32 GB,,"4,3600","2,16",,Red / Silver,10.0,18.0
Mushkin Redline 16 GB,,"4,3600","2,8",,Red / Silver,10.0,18.0
TEAMGROUP T-Force Dark Za 16 GB,,"4,4000","2,8",,Black / Silver,9.0,18.0
Corsair Vengeance LPX 256 GB,,"4,3000","8,32",,Black / Yellow,10.667,16.0
Corsair Dominator Platinum RGB 64 GB,,"4,3600","4,16",,Black,8.889,16.0
Corsair Dominator Platinum RGB 64 GB,,"4,3600","8,8",,Black,8.889,16.0
Corsair Dominator Platinum 32 GB,,"4,3466","2,16",,Black / Silver,9.233,16.0
Thermaltake TOUGHRAM 16 GB,,"4,4266","2,8",,Black / Silver,8.908,19.0
Thermaltake TOUGHRAM 16 GB,,"4,4400","2,8",,Black / Silver,8.636,19.0
Thermaltake TOUGHRAM 16 GB,,"4,3200","2,8",,White / Silver,10.0,16.0
Corsair Dominator Platinum RGB 64 GB,,"4,3600","4,16",,Black,10.0,18.0
Crucial Ballistix 64 GB,,"4,3200","2,32",,Red,10.0,16.0
G.Skill Trident Z Royal 256 GB,,"4,3200","8,32",,Gold,10.0,16.0
G.Skill Trident Z Royal 32 GB,,"4,4000","4,8",,Silver,7.5,15.0
G.Skill Trident Z Neo 64 GB,,"4,2666","2,32",,Black / Silver,13.503,18.0
Corsair Dominator Platinum RGB 32 GB,,"4,3200","2,16",,Black,10.0,16.0
G.Skill Ripjaws V 32 GB,,"4,4000","4,8",,Black,7.5,15.0
GeIL EVO SPEAR Phantom Gaming 32 GB,,"4,3200","2,16",,Black,10.0,16.0
OLOy WarHawk RGB 64 GB,,"4,3200","4,16",,Red / Silver,10.0,16.0
OLOy MD4U1636181CHKSA 16 GB,,"4,3600","1,16",,Black,10.0,18.0
OLOy MD4U162619BGDA 32 GB,,"4,2666","2,16",,Black,14.254,19.0
OLOy MD4U1636181CHRDA 32 GB,,"4,3600","2,16",,Red,10.0,18.0
OLOy MD4U0836180BHRDA 16 GB,,"4,3600","2,8",,Red,10.0,18.0
OLOy MD4U162619BJDA 32 GB,,"4,2666","2,16",,Black,14.254,19.0
OLOy MD4U163016CJSA 16 GB,,"4,3000","1,16",,Black,10.667,16.0
PNY Performance 16 GB,1201.2,"4,2666","1,16",3.754,Black,14.254,19.0
Corsair Vengeance RGB Pro 128 GB,,"4,3200","4,32",,Black,10.0,16.0
GeIL EVO POTENZA 16 GB,,"4,3600","2,8",,Black,10.0,18.0
G.Skill Trident Z Royal 64 GB,,"4,3600","2,32",,Gold,10.0,18.0
Corsair Dominator Platinum RGB 16 GB,,"4,3200","2,8",,White,10.0,16.0
OLOy OWL 16 GB,,"4,3600","2,8",,Orange,10.0,18.0
OLOy WarHawk RGB 32 GB,,"4,3600","2,16",,White,8.889,16.0
Antec Katana RGB 16 GB,,"4,3600","2,8",,Black,10.0,18.0
ADATA XPG GAMMIX D10 16 GB,,"4,3000","2,8",,Black / Silver,10.667,16.0
Kingston HyperX Predator 128 GB,,"4,3200","4,32",,Black,10.0,16.0
Kingston HyperX Predator 16 GB,,"4,3200","1,16",,Black / Silver,10.0,16.0
ADATA XPG SPECTRIX D50 16 GB,,"4,3600","2,8",,Black,10.0,18.0
ADATA XPG SPECTRIX D50 32 GB,,"4,3000","2,16",,Black,10.667,16.0
Corsair Dominator Platinum RGB 64 GB,,"4,3200","4,16",,White,10.0,16.0
G.Skill Trident Z Royal 16 GB,,"4,4266","2,8",,Silver,7.501,16.0
G.Skill Trident Z Royal 32 GB,,"4,4266","2,16",,Black,7.97,17.0
G.Skill Trident Z Royal 16 GB,,"4,4400","2,8",,Silver,7.727,17.0
G.Skill Trident Z RGB 16 GB,,"4,4266","2,8",,Black,7.501,16.0
G.Skill Trident Z RGB 16 GB,,"4,4266","2,8",,Black,7.97,17.0
G.Skill Trident Z RGB 32 GB,,"4,4000","4,8",,Black,8.5,17.0
G.Skill Trident Z Royal 128 GB,,"4,4000","4,32",,Gold,9.0,18.0
G.Skill Trident Z Royal 32 GB,,"4,4000","2,16",,Silver,8.5,17.0
Kingston HyperX Fury 128 GB,,"4,3600","4,32",,Black,10.0,18.0
ADATA XPG GAMMIX D20 32 GB,,"4,3600","2,16",,Black,10.0,18.0
TEAMGROUP T-Force Vulcan Z 32 GB,,"4,3200","1,32",,Gray / Black,10.0,16.0
G.Skill Trident Z RGB 16 GB,,"4,4400","2,8",,Black,7.727,17.0
G.Skill Trident Z Royal 16 GB,,"4,4266","2,8",,Silver,7.97,17.0
G.Skill Ripjaws V 16 GB,,"4,4266","2,8",,Black,7.97,17.0
G.Skill Trident Z Royal 32 GB,,"4,3600","2,16",,Gold,7.778,14.0
G.Skill Trident Z Neo 32 GB,,"4,3800","4,8",,Black / Silver,8.421,16.0
G.Skill Trident Z Royal 64 GB,,"4,3200","2,32",,Gold,8.75,14.0
G.Skill Trident Z Royal 32 GB,,"4,4000","2,16",,Gold,9.0,18.0
Kingston HyperX 256 GB,,"4,3200","8,32",,Black,10.0,16.0
Kingston HyperX 128 GB,,"4,3000","4,32",,Black,10.667,16.0
Apacer AU 4 GB,,"4,2400","1,4",,Black,14.167,17.0
Apacer AU 8 GB,,"4,2133","1,8",,Black,14.065,15.0
Apacer AS 8 GB,,"4,2133","1,8",,Black,14.065,15.0
Apacer AS 16 GB,,"4,3200","1,16",,Black,13.75,22.0
Silicon Power XPOWER Turbine 16 GB,,"4,3600","2,8",,Blue / Black,10.0,18.0
Silicon Power GAMING 32 GB,,"4,3200","2,16",,Red / Black,10.0,16.0
Kingston HyperX Predator RGB 64 GB,,"4,3200","2,32",,Silver / Black,10.0,16.0
Neo Forza FAYE 8 GB,,"4,3600","1,8",,Silver / Black,10.0,18.0
Neo Forza FAYE 32 GB,,"4,4000","2,16",,Black / Silver,9.5,19.0
Neo Forza FAYE 32 GB,,"4,4400","2,16",,Black / Silver,8.636,19.0
TEAMGROUP T-Force Delta RGB 64 GB,,"4,3000","2,32",,Black,10.667,16.0
TEAMGROUP T-Force Xtreem ARGB 64 GB,,"4,3200","2,32",,White,10.0,16.0
TEAMGROUP T-Create Classic 64 GB,,"4,2666","2,32",,Silver,14.254,19.0
OLOy Blade RGB 32 GB,,"4,3200","2,16",,Black,10.0,16.0
G.Skill Trident Z Royal 32 GB,,"4,4000","2,16",,Black / Black,7.0,14.0
Silicon Power XPOWER Turbine 16 GB,,"4,3000","2,8",,Blue / Black,10.667,16.0
G.Skill Ripjaws S5 32 GB,,"5,5200","2,16",,Black,15.385,40.0
OLOy Blade RGB 32 GB,,"5,4800","2,16",,Black / Silver,16.667,40.0
OLOy Blade 32 GB,,"4,4000","2,16",,Black,9.0,18.0
Acer Predator Apollo RGB 16 GB,,"4,3200","2,8",,Silver / Black,8.75,14.0
Acer Predator Apollo RGB 32 GB,,"4,3600","2,16",,Silver / Black,7.778,14.0
Acer Predator Apollo RGB 16 GB,,"4,4000","2,8",,Silver / Black,8.5,17.0
Acer Predator Apollo RGB 32 GB,,"4,3600","2,16",,Silver / Black,10.0,18.0
Acer Predator Apollo RGB 64 GB,,"4,3200","2,32",,Silver / Black,10.0,16.0
Acer Predator Talos 16 GB,,"4,3200","1,16",,White / Black,10.0,16.0
OLOy Blade RGB 16 GB,,"5,4800","2,8",,Black,16.667,40.0
G.Skill Trident Z Royal Elite 32 GB,,"4,3600","2,16",,Gold,8.889,16.0
G.Skill Trident Z Royal Elite 32 GB,,"4,3600","4,8",,Gold,7.778,14.0
G.Skill Trident Z Royal Elite 16 GB,,"4,3600","2,8",,Gold,8.889,16.0
G.Skill Trident Z Royal 16 GB,,"4,4400","2,8",,Gold,7.727,17.0
G.Skill F4-3600C14Q2-128GTRSA 128 GB,,"4,3600","8,16",,Silver,7.778,14.0
G.Skill Trident Z Royal 32 GB,,"4,4600","2,16",,Silver,8.261,19.0
G.Skill Trident Z Royal 32 GB,,"4,4600","2,16",,Gold,8.696,20.0
G.Skill Trident Z Royal 64 GB,,"4,4266","2,32",,Gold,8.908,19.0
G.Skill Trident Z Royal 32 GB,,"4,4266","2,16",,Gold,7.501,16.0
G.Skill Trident Z Royal 32 GB,,"4,4266","2,16",,Silver,8.908,19.0
G.Skill Trident Z Royal 32 GB,,"4,4000","2,16",,Silver,8.0,16.0
G.Skill Trident Z Royal 16 GB,,"4,4000","2,8",,Gold,7.0,14.0
G.Skill Trident Z Royal 16 GB,,"4,4800","2,8",,Silver,7.083,17.0
G.Skill Trident Z Royal 16 GB,,"4,4800","2,8",,Silver,8.333,20.0
Corsair Dominator Platinum RGB 32 GB,,"5,4800","2,16",,Black,16.667,40.0
OLOy Blade RGB 32 GB,,"4,3600","2,16",,Silver,7.778,14.0
V-Color Manta XPrism RGB 32 GB,,"5,5600","2,16",,White,12.857,36.0
V-Color Manta XPrism RGB 32 GB,,"5,6000","2,16",,Black,12.0,36.0
V-Color Manta XPrism RGB 32 GB,,"5,6000","2,16",,White,12.0,36.0
V-Color Manta XPrism RGB 32 GB,,"5,6200","2,16",,White,11.613,36.0
G.Skill Ripjaws V 64 GB,,"4,2666","2,32",,Black,14.254,19.0
G.Skill Ripjaws V 16 GB,,"4,5066","2,8",,Black,7.896,20.0
G.Skill Trident Z Royal 128 GB,,"4,3200","4,32",,Gold,8.75,14.0
G.Skill Trident Z Royal 16 GB,,"4,5066","2,8",,Silver,7.896,20.0
G.Skill Trident Z Neo (For AMD Ryzen) 64 GB,,"4,2666","4,16",,Black / White,13.503,18.0
G.Skill TridentZ RGB 256 GB,,"4,3200","8,32",,Black,11.875,19.0
G.Skill TridentZ RGB 128 GB,,"4,3600","8,16",,Black,7.778,14.0
HP V10 RGB 16 GB,,"4,3600","2,8",,Silver / Black,7.778,14.0
HP V8 RGB 16 GB,,"4,3000","2,8",,Black / Silver,10.667,16.0
Corsair Vengeance RGB Pro 64 GB,,"4,3000","4,16",,Black,10.667,16.0
Kingston FURY Beast RGB 8 GB,,"4,3000","1,8",,Black,10.0,15.0
Kingston Fury Renegade RGB 16 GB,,"4,3600","1,16",,Black,8.889,16.0
Kingston FURY 32 GB,,"4,2666","2,16",,Black,12.003,16.0
Kingston FURY 16 GB,,"4,2666","1,16",,Black,12.003,16.0
GeIL Orion RGB AMD Edition 16 GB,,"4,3000","1,16",,Red,10.667,16.0
GeIL Orion RGB AMD Edition 16 GB,,"4,3200","1,16",,Red,10.0,16.0
GeIL Orion RGB AMD Edition 16 GB,,"4,3200","1,16",,Red,10.0,16.0
GeIL Orion RGB AMD Edition 16 GB,,"4,4066","1,16",,Red,8.854,18.0
GeIL Orion RGB AMD Edition 8 GB,,"4,2666","1,8",,Gray,14.254,19.0
GeIL Orion RGB AMD Edition 32 GB,,"4,4000","2,16",,Red,9.0,18.0
GeIL Orion RGB AMD Edition 32 GB,,"4,3600","2,16",,Gray,10.0,18.0
GeIL Orion RGB AMD Edition 16 GB,,"4,3600","2,8",,Gray,10.0,18.0
GeIL Orion RGB AMD Edition 16 GB,,"4,4266","2,8",,Gray,8.439,18.0
GeIL Orion RGB AMD Edition 64 GB,,"4,3200","4,16",,Red,10.0,16.0
GeIL Orion RGB AMD Edition 128 GB,,"4,3200","4,32",,Red,13.75,22.0
GeIL Orion AMD Edition 16 GB,,"4,3000","2,8",,Gray,10.667,16.0
GeIL Orion AMD Edition 32 GB,,"4,3600","2,16",,Gray,10.0,18.0
GeIL EVO Potenza AMD Edition 64 GB,,"4,3200","2,32",,Black,11.25,18.0
GeIL EVO Potenza AMD Edition 8 GB,,"4,2133","2,4",,Red,14.065,15.0
GeIL EVO Potenza AMD Edition 16 GB,,"4,2400","2,8",,Red,14.167,17.0
GeIL EVO Potenza AMD Edition 8 GB,,"4,3000","2,4",,Red,9.333,14.0
GeIL Polaris RGB 16 GB,,"5,4800","1,16",,Red,16.667,40.0
GeIL Polaris RGB 32 GB,,"5,4800","1,32",,Red,16.667,40.0
GeIL Polaris RGB 32 GB,,"5,4800","1,32",,White,16.667,40.0
GeIL Polaris RGB 64 GB,,"5,4800","2,32",,Gray,16.667,40.0
GeIL Polaris RGB 16 GB,,"5,4800","2,8",,White,16.667,40.0
GeIL Polaris RGB 32 GB,,"5,4800","2,16",,White,16.667,40.0
GeIL Polaris RGB 32 GB,,"5,5200","2,16",,Red,13.077,34.0
GeIL Polaris RGB 32 GB,,"5,5600","2,16",,White,13.571,38.0
Kingston Fury Renegade RGB 32 GB,,"4,3200","4,8",,Black / Silver,10.0,16.0
ADATA XPG LANCER RGB 16 GB,,"5,6000","1,16",,White,13.333,40.0
Addlink Spider 4 8 GB,,"4,3200","1,8",,Black,10.0,16.0
Addlink Spider 4 16 GB,,"4,3600","1,16",,Black,10.0,18.0
Addlink Spider 4 16 GB,,"4,3200","2,8",,Black,10.0,16.0
Addlink Spider X4 16 GB,,"4,3600","2,8",,Black,10.0,18.0
TEAMGROUP T-Force Vulcan Z 32 GB,,"4,3600","1,32",,Red,10.0,18.0
TEAMGROUP T-Force Vulcan Z 64 GB,,"4,3200","2,32",,Red,10.0,16.0
TEAMGROUP T-Force Delta RGB 16 GB,,"4,2666","2,8",,Black,12.003,16.0
TEAMGROUP T-Force Delta RGB 32 GB,,"4,2666","2,16",,White,12.003,16.0
TEAMGROUP T-Force Delta RGB 64 GB,,"4,2666","2,32",,Black,13.503,18.0
TEAMGROUP T-Force Delta RGB 16 GB,,"4,3000","1,16",,Black,10.667,16.0
TEAMGROUP T-Force Delta RGB 16 GB,,"4,3200","1,16",,White,10.0,16.0
TEAMGROUP T-Force Delta RGB 64 GB,,"4,3000","2,32",,White,10.667,16.0
TEAMGROUP T-Force Delta RGB 64 GB,,"4,3200","2,32",,White,10.0,16.0
TEAMGROUP T-Force Delta RGB 16 GB,,"4,4000","2,8",,White,9.0,18.0
TEAMGROUP T-Force Delta RGB 16 GB,,"4,3600","2,8",,Black,7.778,14.0
Kingston FURY Renegade 128 GB,,"4,2666","4,32",,Black,11.253,15.0
Kingston FURY Renegade 32 GB,,"4,3600","1,32",,Black,10.0,18.0
Kingston FURY Renegade 64 GB,,"4,3600","4,16",,Black,8.889,16.0
Kingston FURY Renegade 128 GB,,"4,3600","4,32",,Black,10.0,18.0
Kingston FURY Renegade 8 GB,,"4,4000","1,8",,Black,9.5,19.0
Kingston FURY Renegade 16 GB,,"4,4000","2,8",,Black,9.5,19.0
G.Skill Trident Z5 RGB 32 GB,,"5,5200","2,16",,White / Black,13.846,36.0
G.Skill Trident Z5 RGB 32 GB,,"5,5200","2,16",,Black,15.385,40.0
G.Skill Trident Z5 RGB 32 GB,,"5,5600","2,16",,Black,10.714,30.0
G.Skill Trident Z5 RGB 32 GB,,"5,5600","2,16",,White / Black,12.857,36.0
G.Skill Trident Z5 RGB 32 GB,,"5,5600","2,16",,White / Black,14.286,40.0
Kingston Server Premier 32 GB,,"4,2666","1,32",,,14.254,19.0
Kingston Server Premier 8 GB,1319.6,"4,3200","1,8",8.248,,13.75,22.0
Kingston Server Premier 32 GB,3699.8,"4,3200","1,32",5.781,,13.75,22.0
Kingston FURY Beast 32 GB,,"4,2666","4,8",,Black,12.003,16.0
Kingston ValueRAM 4 GB,340.79,"4,2666","1,4",4.26,,14.254,19.0
Kingston FURY Beast 64 GB,,"4,2666","4,16",,Black,12.003,16.0
G.Skill Ripjaws S5 32 GB,,"5,5200","2,16",,White,13.846,36.0
G.Skill Ripjaws S5 32 GB,,"5,5200","2,16",,Black,13.846,36.0
G.Skill Ripjaws S5 32 GB,,"5,5200","2,16",,Black,15.385,40.0
G.Skill Ripjaws S5 32 GB,,"5,5200","2,16",,White,15.385,40.0
G.Skill Ripjaws S5 32 GB,,"5,5600","2,16",,White,10.0,28.0
G.Skill Ripjaws S5 32 GB,,"5,5600","2,16",,Black,12.857,36.0
G.Skill Ripjaws S5 32 GB,,"5,5600","2,16",,White,12.857,36.0
G.Skill Ripjaws S5 32 GB,,"5,5600","2,16",,White,14.286,40.0
Corsair Dominator Platinum RGB 16 GB,2648.8,"4,4000","2,8",8.277,Black,9.0,18.0
ADATA XPG GAMMIX D20 8 GB,,"4,3200","1,8",,Black / Silver,10.0,16.0
ADATA XPG GAMMIX D20 32 GB,,"4,3200","1,32",,Black / Silver,10.0,16.0
ADATA XPG GAMMIX D20 8 GB,,"4,3600","1,8",,Black / Silver,10.0,18.0
ADATA XPG GAMMIX D20 8 GB,,"4,3200","1,8",,Gray / Silver,10.0,16.0
ADATA XPG GAMMIX D20 32 GB,,"4,3200","2,16",,Gray / Silver,10.0,16.0
V-Color XSky RGB 32 GB,,"5,6400","2,16",,Silver,10.0,32.0
V-Color XSky RGB 32 GB,,"5,6600","2,16",,White,9.697,32.0
V-Color XSky RGB 32 GB,,"5,6600","2,16",,Gold,9.697,32.0
V-Color XSky RGB 32 GB,,"5,6600","2,16",,Silver,9.697,32.0
TEAMGROUP T-Force Xtreem ARGB 16 GB,,"4,5066","2,8",,Black,7.896,20.0
TEAMGROUP T-Force Xtreem ARGB 64 GB,,"4,3600","8,8",,Black,10.0,18.0
Lexar Hades RGB 16 GB,,"4,3600","1,16",,Black,10.0,18.0
Lexar Hades RGB 16 GB,,"4,3200","2,8",,Black,11.25,18.0
Lexar Hades OC 16 GB,,"4,3200","2,8",,Gray / Black,11.25,18.0
Lexar Hades OC 8 GB,,"4,3200","1,8",,Gray / Black,11.25,18.0
Lexar Hades OC 8 GB,,"4,3600","1,8",,Gray / Black,10.0,18.0
Lexar Hades OC 16 GB,,"4,3600","1,16",,Gray / Black,10.0,18.0
VisionTek 901512 16 GB,,"5,4800","1,16",,,16.667,40.0
VisionTek 901513 32 GB,,"5,4800","1,32",,,16.667,40.0
VisionTek OCPC PISTA RGB 16 GB,,"5,5200","2,8",,Gray,13.846,36.0
V-Color Prism Pro 32 GB,,"4,4266","2,16",,Gold,8.908,19.0
V-Color SKYWALKER PLUS 32 GB,,"4,4266","2,16",,Gold,8.908,19.0
TEAMGROUP T-Force Delta RGB 16 GB,,"4,4000","2,8",,White,8.0,16.0
TEAMGROUP T-Force Dark Za 32 GB,,"4,3200","2,16",,Black,10.0,16.0
TEAMGROUP T-Force Dark Z 16 GB,,"4,2666","2,8",,Red,12.003,16.0
TEAMGROUP Elite 8 GB,,"4,2133","2,4",,Black,14.065,15.0
TEAMGROUP Elite 8 GB,,"4,2400","2,4",,Black,13.333,16.0
TEAMGROUP Elite 32 GB,,"4,2666","1,32",,Black,14.254,19.0
TEAMGROUP Elite 64 GB,,"4,2666","2,32",,Black,14.254,19.0
TEAMGROUP T-Force Xtreem ARGB 16 GB,,"4,4533","2,8",,White,7.942,18.0
TEAMGROUP T-Force Xtreem ARGB 16 GB,,"4,4800","2,8",,White,8.333,20.0
TEAMGROUP T-Force Xtreem 16 GB,,"4,4800","2,8",,Black / White,8.333,20.0
TEAMGROUP T-Force Xtreem 16 GB,,"4,5066","2,8",,Black / White,7.896,20.0
TEAMGROUP T-Force Delta TUF Gaming Alliance RGB 8 GB,,"4,3200","1,8",,Black / Gold,10.0,16.0
TEAMGROUP T-Force Delta TUF Gaming Alliance RGB 64 GB,,"4,3600","2,32",,Black / Gold,8.889,16.0
ADATA XPG GAMMIX D45 64 GB,,"4,3200","2,32",,Black,10.0,16.0
ADATA XPG GAMMIX D45 32 GB,,"4,3200","2,16",,Black,10.0,16.0
ADATA XPG SPECTRIX D50 32 GB,,"4,3200","1,32",,Black,10.0,16.0
ADATA XPG SPECTRIX D50 16 GB,,"4,3600","1,16",,Black,10.0,18.0
ADATA XPG SPECTRIX D50 16 GB,,"4,3600","1,16",,Black,10.0,18.0
ADATA XPG SPECTRIX D50 8 GB,,"4,4133","1,8",,Black,8.71,18.0
ADATA XPG SPECTRIX D50 16 GB,,"4,3000","2,8",,Black,10.667,16.0
ADATA XPG SPECTRIX D50 16 GB,,"4,4133","2,8",,Black,9.194,19.0
ADATA XPG SPECTRIX D50 16 GB,,"4,3200","1,16",,White,10.0,16.0
ADATA XPG SPECTRIX D50 32 GB,,"4,3600","1,32",,White,10.0,18.0
PNY XLR8 Gaming EPIC-X RGB 16 GB,,"4,4400","2,8",,Black,8.636,19.0
V-Color XSky RGB 32 GB,,"5,6200","2,16",,White,11.613,36.0
Mushkin Redline Lumina 32 GB,,"4,2666","2,16",,White,12.003,16.0
Mushkin Redline Lumina 64 GB,,"4,2666","2,32",,White,12.003,16.0
Mushkin Redline Lumina 32 GB,,"4,2800","2,16",,White,12.143,17.0
Mushkin Redline Lumina 64 GB,,"4,3200","2,32",,White,10.0,16.0
Mushkin Redline Lumina 16 GB,1339.6,"4,3600","2,8",4.186,White,8.889,16.0
Mushkin Redline Lumina 32 GB,,"4,2800","2,16",,Black,12.143,17.0
Mushkin Redline Lumina 16 GB,,"4,3000","2,8",,Black,10.667,16.0
Mushkin Redline Lumina 16 GB,,"4,3200","2,8",,Black,8.75,14.0
Mushkin Redline 64 GB,,"4,2400","2,32",,White,12.5,15.0
Mushkin Redline 32 GB,,"4,3000","2,16",,White,10.667,16.0
Mushkin Redline 32 GB,,"4,3200","2,16",,White,8.75,14.0
Mushkin Redline 64 GB,,"4,3600","2,32",,White,8.889,16.0
Mushkin Redline 16 GB,1966.6,"4,4133","2,8",6.146,White,9.194,19.0
Mushkin Redline 16 GB,,"4,3600","2,8",,Black,8.889,16.0
Mushkin Redline 32 GB,,"4,3200","2,16",,Black,8.75,14.0
Mushkin Redline 16 GB,1537.2,"4,2800","2,8",4.804,Black,12.143,17.0
Mushkin Redline 16 GB,,"4,2666","2,8",,Black,12.003,16.0
Mushkin Redline 64 GB,,"4,2666","2,32",,Black,12.003,16.0
Mushkin Redline 16 GB,,"4,2400","2,8",,Black,12.5,15.0
Mushkin Redline Lumina 32 GB,,"4,3600","2,16",,Black,8.889,16.0
Mushkin Redline 16 GB,,"4,3600","2,8",,Black,7.778,14.0
Mushkin Redline 64 GB,,"4,3600","2,32",,Red,10.0,18.0
Mushkin Redline 64 GB,,"4,3200","2,32",,Red,12.5,20.0
Mushkin Redline 32 GB,5288.4,"4,2666","2,16",8.263,Red,12.003,16.0
Mushkin Redline 16 GB,,"4,3000","2,8",,Red,12.0,18.0
Mushkin Redline 64 GB,9873.6,"4,2800","2,32",7.714,Red,12.143,17.0
Mushkin Blackline 8 GB,,"4,2400","1,8",,Black,12.5,15.0
Mushkin Silverline 16 GB,,"4,2133","1,16",,Silver,14.065,15.0
Mushkin Proline 16 GB,,"4,3200","1,16",,,13.75,22.0
G.Skill Trident Z 64 GB,,"5,5600","2,32",,White / Black,10.714,30.0
G.Skill Trident Z 32 GB,,"5,5600","2,16",,White / Black,12.857,36.0
G.Skill Trident Z 32 GB,,"5,6000","2,16",,White / Black,12.0,36.0
G.Skill Trident Z 32 GB,,"5,6400","2,16",,White / Black,10.0,32.0
G.Skill Trident Z 32 GB,,"5,6000","2,16",,Black,13.333,40.0
G.Skill Trident Z 32 GB,,"5,6000","2,16",,Black,13.333,40.0
G.Skill Ripjaws V 128 GB,,"4,2666","8,16",,Red,12.003,16.0
G.Skill Ripjaws V 16 GB,,"4,4400","2,8",,Black,7.727,17.0
G.Skill Ripjaws V 128 GB,,"4,2400","8,16",,Red,12.5,15.0
G.Skill Sniper X 16 GB,,"4,2666","2,8",,Black / White,14.254,19.0
G.Skill Sniper X 32 GB,,"4,2666","4,8",,Black / White,14.254,19.0
G.Skill Sniper X 16 GB,,"4,3000","2,8",,Black / White,10.667,16.0
G.Skill Sniper X 32 GB,,"4,3600","4,8",,Black / White,10.556,19.0
G.Skill Sniper X 16 GB,,"4,3600","1,16",,Black / White,10.556,19.0
G.Skill Trident Z Royal 32 GB,,"4,3600","4,8",,Gold,8.889,16.0
G.Skill Trident Z Royal Elite 32 GB,,"4,3600","4,8",,Silver,7.778,14.0
G.Skill Trident Z Royal Elite 32 GB,,"4,3600","4,8",,Silver,8.889,16.0
G.Skill Trident Z RGB 64 GB,,"4,2666","2,32",,,14.254,19.0
G.Skill Trident Z RGB 128 GB,,"4,3600","8,16",,,7.778,14.0
G.Skill Trident Z RGB 128 GB,,"4,3600","8,16",,,9.444,17.0
G.Skill Trident Z RGB 32 GB,,"4,4133","4,8",,,9.194,19.0
G.Skill F4-3200C15D-16GTZKO 16 GB,,"4,3200","2,8",,Black / Orange,9.375,15.0
G.Skill F4-3200C16D-16GTZKY 16 GB,,"4,3200","2,8",,Black / Yellow,10.0,16.0
G.Skill F4-3200C16Q-64GTZKO 64 GB,,"4,3200","4,16",,Black / Orange,10.0,16.0
G.Skill F4-3200C16Q-64GTZKW 64 GB,,"4,3200","4,16",,Black / White,10.0,16.0
G.Skill F4-3200C16Q2-128GTZKO 128 GB,,"4,3200","8,16",,Black / Orange,10.0,16.0
G.Skill F4-3200C16Q2-64GTZSK 64 GB,,"4,3200","8,8",,Gray / Black,10.0,16.0
G.Skill F4-3600C17D-32GTZSW 32 GB,,"4,3600","2,16",,Gray / White,9.444,17.0
G.Skill F4-4133C19Q-32GTZSWF 32 GB,,"4,4133","4,8",,Gray / White,9.194,19.0
G.Skill Ares 8 GB,,"3,1600","1,8",,Orange,12.5,10.0
G.Skill Trident Z Neo 32 GB,,"4,3800","2,16",,Black / White,8.421,16.0
G.Skill Aegis 8 GB,,"4,2800","1,8",,Black,12.143,17.0
TEAMGROUP Elite Plus 16 GB,,"5,5600","1,16",,Silver,14.286,40.0
TEAMGROUP Elite Plus 16 GB,,"5,4800","2,8",,Silver,16.667,40.0
TEAMGROUP Elite Plus 64 GB,,"5,4800","2,32",,Silver,16.667,40.0
TEAMGROUP Elite Plus 32 GB,,"5,5600","2,16",,Silver,14.286,40.0
TEAMGROUP Elite Plus 32 GB,,"5,6000","2,16",,Silver,13.333,40.0
G.Skill Trident Z RGB 32 GB,,"4,3200","2,16",,Black,10.0,16.0
G.Skill Trident Z RGB 16 GB,,"4,3200","2,8",,Black,10.0,16.0
Acer Predator Vesta RGB 16 GB,,"4,3200","2,8",,Silver,11.25,18.0
Acer Predator Vesta RGB 16 GB,,"4,3600","2,8",,Silver,7.778,14.0
Corsair Vengeance LPX 16 GB,,"4,3200","2,8",,Red,10.0,16.0
Silicon Power XPOWER Zenith Gaming 32 GB,,"4,3200","2,16",,Black,10.0,16.0
Silicon Power XPOWER Zenith RGB Gaming 16 GB,,"5,5600","2,8",,White,14.286,40.0
Silicon Power XPOWER Zenith RGB Gaming 32 GB,,"5,5200","2,16",,Black,14.615,38.0
Silicon Power XPOWER Zenith RGB Gaming 32 GB,,"5,5200","2,16",,White,14.615,38.0
Silicon Power XPOWER Zenith RGB Gaming 16 GB,,"4,3200","1,16",,Black,10.0,16.0
Silicon Power XPOWER Zenith RGB Gaming 16 GB,,"4,3600","1,16",,Black,10.0,18.0
Silicon Power XPOWER Zenith Gaming 16 GB,,"5,5200","2,8",,White,14.615,38.0
Silicon Power XPOWER Zenith Gaming 32 GB,,"5,5200","1,32",,White,14.615,38.0
Silicon Power XPOWER Zenith Gaming 32 GB,,"5,5600","2,16",,Black,14.286,40.0
Silicon Power XPOWER Zenith Gaming 64 GB,,"5,5600","2,32",,White,14.286,40.0
Silicon Power XPOWER AirCool 32 GB,,"4,3200","2,16",,,10.0,16.0
Silicon Power XPOWER Zenith Gaming 16 GB,,"5,5600","1,16",,White,14.286,40.0
Silicon Power XPOWER Zenith Gaming 16 GB,,"5,5600","2,8",,Black,14.286,40.0
Silicon Power XPOWER Zenith Gaming 16 GB,,"5,5600","2,8",,White,14.286,40.0
Silicon Power SP004GBLFU213X02 4 GB,,"4,2133","1,4",,,14.065,15.0
Silicon Power SP008GBLFU240X02 8 GB,580.2,"4,2400","1,8",3.626,,14.167,17.0
Silicon Power SP008GBLFU320B02 8 GB,,"4,3200","1,8",,,13.75,22.0
Silicon Power SP032GBLFU240X22 32 GB,,"4,2400","2,16",,,14.167,17.0
Silicon Power SP004GBSFU266X02 4 GB,,"4,2666","1,4",,,14.254,19.0
Silicon Power SP008GBSFU266X02 8 GB,,"4,2666","1,8",,,14.254,19.0
Silicon Power SP008GBLVU480G02 8 GB,,"5,4800","1,8",,,16.667,40.0
TEAMGROUP T-Force Vulcan 16 GB,,"5,4800","1,16",,Red,15.0,36.0
TEAMGROUP T-Force Vulcan 16 GB,,"5,5200","1,16",,Red,14.615,38.0
TEAMGROUP Night Hawk RGB Gen 2 16 GB,,"4,3000","2,8",,Black,10.667,16.0
TEAMGROUP Night Hawk RGB Gen 2 32 GB,,"4,3000","2,16",,Black,10.667,16.0
TEAMGROUP Night Hawk RGB Gen 2 32 GB,,"4,3200","2,16",,Black,10.0,16.0
TEAMGROUP Night Hawk RGB Gen 2 16 GB,,"4,3600","2,8",,Black,10.0,18.0
TEAMGROUP Night Hawk RGB Gen 2 16 GB,,"4,4000","2,8",,White,9.0,18.0
Mushkin Redline 32 GB,,"5,4800","2,16",,Black,15.0,36.0
Neo Forza FAYE 16 GB,,"4,3600","2,8",,Black / Silver,10.0,18.0
Neo Forza FAYE 32 GB,,"4,4000","2,16",,Black / Silver,9.5,19.0
Neo Forza FAYE 32 GB,,"4,4600","2,16",,Black / Silver,8.261,19.0
TEAMGROUP T-Force Delta RGB 64 GB,,"5,5600","2,32",,Black,14.286,40.0
Neo Forza MARS 32 GB,,"4,3200","2,16",,Gray / Black,10.0,16.0
Neo Forza MARS 64 GB,,"4,4000","2,32",,Gray / Black,9.5,19.0
Neo Forza MARS 16 GB,,"4,4400","2,8",,Gray / Black,8.636,19.0
Neo Forza MARS 32 GB,,"4,4400","2,16",,Gray / Black,8.636,19.0
TEAMGROUP Elite Plus 32 GB,,"5,5200","2,16",,Silver,16.154,42.0
TEAMGROUP Elite Plus 8 GB,,"5,5200","1,8",,Black,16.154,42.0
TEAMGROUP Elite 32 GB,2873.2,"5,5200","2,16",4.489,Black,16.154,42.0
OLOy Blade RGB 32 GB,,"5,6200","2,16",,Black,12.903,40.0
OLOy Blade RGB 32 GB,,"5,7600","2,16",,Black,9.474,36.0
OLOy Blade RGB 32 GB,,"5,6800","2,16",,Black,11.765,40.0
GeIL Polaris 32 GB,,"5,5200","2,16",,Black,13.077,34.0
TEAMGROUP T-Create Classic 32 GB,,"4,2666","1,32",,Silver / Black,14.254,19.0
TEAMGROUP T-Create Classic 32 GB,,"4,3200","2,16",,Silver / Black,13.75,22.0
TEAMGROUP T-Force Zeus 16 GB,,"4,3200","2,8",,Red / Black,13.75,22.0
TEAMGROUP Elite 32 GB,,"5,5200","1,32",,Black,16.154,42.0
TEAMGROUP Elite 8 GB,,"5,5200","1,8",,Black,16.154,42.0
Mushkin Enhanced Redline Stiletto 64 GB,,"4,3600","2,32",,Black / Silver,10.0,18.0
Kingston FURY Impact 16 GB,,"4,2666","2,8",,Black,11.253,15.0
Kingston FURY Impact 32 GB,,"4,2666","2,16",,Black,12.003,16.0
PROXMEM SPEAR 32 GB,,"5,5200","2,16",,Black / Silver,15.385,40.0
PROXMEM KERBEROS 32 GB,,"4,3600","2,16",,Black / Silver,7.778,14.0
PROXMEM KERBEROS 32 GB,,"4,3200","2,16",,Black / Silver,11.25,18.0
PROXMEM KERBEROS 16 GB,,"4,3600","2,8",,Black / Silver,7.778,14.0
PROXMEM KERBEROS 32 GB,,"5,5200","2,16",,Black / Silver,15.385,40.0
TEAMGROUP T-Create Classic 32 GB,,"5,5200","2,16",,Black,16.154,42.0
Timetec PINNACLE Konduit RGB 16 GB,,"4,3200","2,8",,Black,10.0,16.0
PROXMEM KERBEROS TUF 32 GB,,"5,5600","2,16",,Black / Silver,10.0,28.0
Thermaltake TOUGHRAM RC 32 GB,,"5,5200","2,16",,Black,14.615,38.0
ADATA XPG CASTER RGB 16 GB,,"5,6400","1,16",,Black / Silver,10.0,32.0
Crucial CT8G48C40S8U5 8 GB,,"5,4800","1,8",,Black,16.667,40.0
GeIL EVO V RGB 32 GB,,"5,8000","2,16",,Black,9.5,38.0
GeIL Polaris RGB SYNC 32 GB,,"5,7200","2,16",,Red,10.0,36.0
TEAMGROUP T-Force DELTAα RGB 16 GB,,"5,5200","2,8",,Black,14.615,38.0
TEAMGROUP T-Force DELTAα RGB 16 GB,,"5,5600","1,16",,Black,14.286,40.0
TEAMGROUP T-Force DELTAα RGB 16 GB,,"5,6000","1,16",,White,12.667,38.0
TEAMGROUP T-Force Delta TUF Gaming Alliance RGB 32 GB,,"5,5600","2,16",,Black,12.857,36.0
TEAMGROUP T-Force Vulcanα 16 GB,,"5,5600","1,16",,Black,14.286,40.0
TEAMGROUP Elite 64 GB,,"5,5200","2,32",,Black,16.154,42.0
Crucial Ballistix 8 GB,,"4,2666","1,8",,Red,12.003,16.0
Crucial CT4G4DFS6266 4 GB,,"4,2666","1,4",,Green,14.254,19.0
Kingston FURY 32 GB,2779.8,"5,5600","1,32",4.343,White,14.286,40.0
Mushkin Enhanced Redline Stiletto 32 GB,,"4,4000","2,16",,Black,9.0,18.0
OLOy Blade RGB 16 GB,,"4,3600","2,8",,Black / Silver,10.0,18.0
OLOy Blade RGB 16 GB,,"4,3200","2,8",,Black,10.0,16.0
Silicon Power XPOWER Zenith Gaming 64 GB,,"5,6000","2,32",,White,13.333,40.0
Silicon Power XPOWER Zenith Gaming 64 GB,,"5,6000","2,32",,Black,13.333,40.0
OLOy WarHawk RGB 16 GB,,"4,3600","1,16",,Black / Silver,10.0,18.0
GeIL ORION V RGB 16 GB,,"5,7600","1,16",,Black,9.474,36.0
GeIL ORION V RGB 16 GB,,"5,7600","1,16",,Red,9.474,36.0
GeIL ORION V 32 GB,,"5,6000","2,16",,Black,10.667,32.0
GeIL ORION V 16 GB,,"5,7600","1,16",,Black,9.474,36.0
GeIL ORION V 16 GB,,"5,7600","1,16",,Red,9.474,36.0
GeIL ORION V RGB AMD 32 GB,,"5,5200","2,16",,Red,16.154,42.0
GeIL ORION V RGB AMD 32 GB,,"5,5600","2,16",,Red,13.571,38.0
GeIL ORION V RGB AMD 16 GB,,"5,5600","1,16",,Red,16.429,46.0
GeIL ORION V RGB AMD 32 GB,,"5,6000","2,16",,Black,10.667,32.0
GeIL ORION V RGB AMD 16 GB,,"5,6000","1,16",,Black,10.667,32.0
GeIL ORION V AMD 32 GB,,"5,5200","2,16",,Red,16.154,42.0
GeIL ORION V AMD 32 GB,,"5,5600","2,16",,Black,13.571,38.0
GeIL ORION V AMD 16 GB,,"5,6000","1,16",,Red,10.667,32.0
TEAMGROUP TPD416G3200HC2201 16 GB,,"4,3200","1,16",,Black / Gold,13.75,22.0
TEAMGROUP TPD48G3200HC2201 8 GB,,"4,3200","1,8",,Black / Gold,13.75,22.0
TEAMGROUP Elite Plus 32 GB,,"4,2400","2,16",,Black / Gold,13.333,16.0
TEAMGROUP Elite Plus 8 GB,,"4,2666","2,4",,Black / Gold,14.254,19.0
TEAMGROUP Elite Plus 32 GB,,"4,2666","2,16",,Black / Gold,14.254,19.0
TEAMGROUP Elite Plus 32 GB,,"4,2666","2,16",,Black / Gold,14.254,19.0
TEAMGROUP Elite Plus 8 GB,,"4,3200","1,8",,Red / Black,13.75,22.0
TEAMGROUP Elite Plus 16 GB,,"4,3200","2,8",,Red / Black,13.75,22.0
TEAMGROUP T-Force Delta TUF Gaming Alliance RGB 64 GB,,"5,5600","2,32",,Black,12.857,36.0
Patriot Viper 4 16 GB,,"4,3600","2,8",,Red / Black,9.444,17.0
ADATA XPG SPECTRIX D41 32 GB,,"4,3200","2,16",,Black,10.0,16.0
GeIL ORION V 32 GB,,"5,6000","2,16",,Red,10.0,30.0
TEAMGROUP Elite 32 GB,,"5,5600","1,32",,Black,16.429,46.0
TEAMGROUP Elite 16 GB,,"5,6400","1,16",,Black,16.25,52.0
TEAMGROUP Elite 16 GB,,"5,4800","2,8",,Black,16.667,40.0
TEAMGROUP Elite 64 GB,,"5,6400","2,32",,Black,16.25,52.0
GeIL EVO V RGB 16 GB,,"5,4800","2,8",,White,16.667,40.0
GeIL EVO V RGB 16 GB,,"5,5200","1,16",,White,13.077,34.0
GeIL EVO V RGB 32 GB,,"5,5600","2,16",,White,13.571,38.0
GeIL EVO V RGB 16 GB,,"5,5600","1,16",,Black,13.571,38.0
GeIL EVO V RGB 16 GB,,"5,5600","1,16",,Black,16.429,46.0
GeIL EVO V RGB 32 GB,,"5,6000","2,16",,Black,10.0,30.0
GeIL EVO V RGB 32 GB,,"5,6000","2,16",,Black,12.667,38.0
GeIL EVO V RGB 48 GB,,"5,6400","1,48",,Black,11.875,38.0
GeIL EVO V RGB 96 GB,,"5,6800","2,48",,Black,10.588,36.0
GeIL EVO V RGB 24 GB,,"5,7200","1,24",,White,10.0,36.0
GeIL EVO V RGB 32 GB,,"5,7600","2,16",,White,9.474,36.0
GeIL EVO V RGB 16 GB,,"5,8000","1,16",,White,9.5,38.0
GeIL EVO V RGB 16 GB,,"5,8000","1,16",,Black,9.5,38.0
GeIL EVO V RGB 24 GB,,"5,8000","1,24",,White,10.0,40.0
GeIL EVO V RGB 24 GB,,"5,8200","1,24",,White,9.756,40.0
GOODRAM IRDM PRO 16 GB,,"4,3600","2,8",,White / Red,10.0,18.0
GOODRAM IRDM PRO 32 GB,,"4,3600","2,16",,White / Red,10.0,18.0
GOODRAM IRP-4000D4V64L18S/16GDC 16 GB,,"4,4000","2,8",,Black / Gold,9.0,18.0
Apacer Panther RGB 32 GB,,"5,6200","2,16",,Silver / Black,12.903,40.0
Apacer Panther RGB 32 GB,,"5,5600","2,16",,Silver / Black,14.286,40.0
Apacer Panther 32 GB,,"5,6400","2,16",,Silver / Black,10.0,32.0
ADATA XPG LANCER RGB 32 GB,,"5,6400","1,32",,Black,10.0,32.0
ADATA XPG LANCER RGB 16 GB,,"5,5600","1,16",,White,12.857,36.0
ADATA XPG LANCER RGB 16 GB,,"5,6400","1,16",,White,10.0,32.0
ADATA XPG Lancer Blade RGB 32 GB,,"5,6400","1,32",,Black,10.0,32.0
ADATA XPG Lancer Blade RGB 32 GB,,"5,6000","1,32",,White,10.0,30.0
ADATA XPG Lancer Blade RGB 32 GB,,"5,6400","1,32",,White,10.0,32.0
Netac Shadow II 16 GB,,"4,2666","1,16",,Black,14.254,19.0
Netac Shadow II 8 GB,,"4,2666","1,8",,Black,14.254,19.0
TEAMGROUP T-Force Vulcan 16 GB,,"5,6400","1,16",,Black,10.0,32.0
TEAMGROUP T-Force Vulcan 16 GB,,"5,6400","1,16",,Black,9.375,30.0
TEAMGROUP T-Force Vulcan 16 GB,,"5,6000","1,16",,Black,9.333,28.0
TEAMGROUP T-Force Vulcan 16 GB,,"5,6000","1,16",,Red,9.333,28.0
TEAMGROUP T-Force Vulcan 16 GB,,"5,5600","2,8",,Red,14.286,40.0
TEAMGROUP T-Force Vulcan 32 GB,,"5,6400","2,16",,Red,9.375,30.0
Lexar Ares RGB 16 GB,,"4,3600","2,8",,White,10.0,18.0
GeIL EVO X II AMD 8 GB,,"4,3000","1,8",,Black,12.0,18.0
GeIL EVO X II AMD 8 GB,,"4,2400","1,8",,Black,15.833,19.0
GeIL EVO X II AMD 8 GB,,"4,3600","4,2",,Black,8.889,16.0
GeIL EVO X II AMD 16 GB,,"4,3200","2,8",,Black,11.25,18.0
GeIL EVO X II AMD 32 GB,,"4,2400","2,16",,Black,15.833,19.0
Silicon Power XPOWER Zenith RGB Gaming 16 GB,,"5,6400","1,16",,White,12.5,40.0
ADATA XPG GAMMIX D10 16 GB,,"4,3200","1,16",,Black,10.0,16.0
ADATA XPG GAMMIX D10 16 GB,,"4,3600","1,16",,Black,10.0,18.0
VisionTek 901349 8 GB,,"4,3200","1,8",,Black,13.75,22.0
VisionTek 901351 32 GB,,"4,3200","1,32",,Black,13.75,22.0
OLOy OWL RGB 64 GB,,"4,3600","2,32",,White,10.0,18.0
OLOy Blade 32 GB,,"4,3200","2,16",,Black,10.0,16.0
OLOy Blade 16 GB,,"4,3600","2,8",,Black,7.778,14.0
Mushkin Enhanced Essentials 64 GB,4614.0,"4,2933","2,32",3.605,Black,14.32,21.0
Mushkin Enhanced Redline 32 GB,,"4,4000","2,16",,Black,9.0,18.0
G.Skill Performance 8 GB,,"3,1600","4,2",,Red,11.25,9.0
G.Skill Ripjaws X 2 GB,,"3,1600","1,2",,Red,11.25,9.0
G.Skill Ripjaws X 8 GB,,"3,2400","1,8",,Blue,9.167,11.0
G.Skill Trident Z5 48 GB,,"5,6400","2,24",,Black,12.5,40.0
Silicon Power SP064GBSVU520F22 64 GB,,"5,5200","2,32",,Black,16.154,42.0
Silicon Power SP048GBLVU520P22 48 GB,,"5,5200","2,24",,Black,16.154,42.0
Silicon Power SP064GBLVU560F22 64 GB,,"5,5600","2,32",,Black,16.429,46.0
Silicon Power SP096GBLVU520P22 96 GB,,"5,5200","2,48",,Black,16.154,42.0
Mushkin Redline Pro 32 GB,,"5,4800","2,16",,Black,16.667,40.0
Mushkin Redline Lumina White 32 GB,,"5,5600","2,16",,White,10.0,28.0
Mushkin Redline Lumina White 32 GB,,"5,5600","2,16",,White,12.857,36.0
Mushkin Redline Lumina White 64 GB,,"5,6400","2,32",,White,10.0,32.0
Mushkin Redline Lumina 32 GB,,"5,5600","2,16",,Black,12.857,36.0
Mushkin Redline Lumina 64 GB,,"5,6000","2,32",,Black,10.0,30.0
Mushkin Redline Lumina 64 GB,,"5,6400","2,32",,Black,10.0,32.0
Mushkin Redline Lumina 32 GB,,"5,6800","2,16",,Black,10.0,34.0
Mushkin Redline Pro 32 GB,,"5,4800","1,32",,Black / White,16.667,40.0
Mushkin Redline Pro 32 GB,,"5,4800","2,16",,Black / White,16.667,40.0
Mushkin Redline 32 GB,,"5,4800","2,16",,Black,16.667,40.0
Mushkin Redline ST 32 GB,,"5,5600","2,16",,Black,10.0,28.0
Mushkin Redline ST 32 GB,,"4,3200","2,16",,Black,8.75,14.0
Mushkin MES4S266KF16GX2 32 GB,2183.19,"4,2666","2,16",3.411,,14.254,19.0
YEYIAN Vetra 8 GB,,"4,2666","1,8",,Black,14.254,19.0
Acer Predator Pallas II 32 GB,,"5,6800","2,16",,Silver,10.0,34.0
Acer Predator Vesta II RGB 64 GB,,"5,6000","2,32",,Silver,10.667,32.0
Acer Predator Vesta II RGB 32 GB,,"5,6000","2,16",,Silver,10.667,32.0
Acer Predator Vesta II RGB 32 GB,,"5,6000","2,16",,Silver,11.333,34.0
Acer Predator Vesta II RGB 32 GB,,"5,6000","2,16",,Black,11.333,34.0
Acer Predator Vesta II RGB 32 GB,,"5,6000","2,16",,Black,11.333,34.0
Acer Predator Hermes RGB 48 GB,,"5,6800","2,24",,Silver,10.588,36.0
Acer Predator Hermes RGB 48 GB,,"5,7200","2,24",,Black,10.0,36.0
Acer Predator Hermes RGB 48 GB,,"5,7200","2,24",,Silver,10.0,36.0
Acer Predator Hermes RGB 64 GB,,"5,6400","2,32",,Silver,10.0,32.0
Acer Predator Hermes RGB 32 GB,,"5,7200","2,16",,Black,9.444,34.0
Acer Predator Hermes RGB 32 GB,,"5,8000","2,16",,White,9.0,36.0
Acer Predator Hermes RGB 32 GB,,"5,8000","2,16",,Black,9.0,36.0
TEAMGROUP T-Create Master 128 GB,17999.8,"5,6000","8,16",7.031,Black,10.667,32.0
TEAMGROUP T-Create Master 64 GB,10999.8,"5,6800","4,16",8.594,Black,10.0,34.0
V-Color TRA516G60S832Q 64 GB,10079.79,"5,6000","4,16",7.875,White,10.667,32.0
V-Color TRA516G64S832Q 64 GB,11039.8,"5,6400","4,16",8.625,White,10.0,32.0
V-Color TRA532G62D832Q 128 GB,19199.8,"5,6200","4,32",7.5,White,10.323,32.0
V-Color TRA532G68D834Q 128 GB,23039.8,"5,6800","4,32",9.0,White,10.0,34.0
Kingston Fury Renegade RGB 32 GB,4099.59,"5,6000","1,32",6.406,Silver / Black,10.667,32.0
Corsair WS 128 GB,19819.8,"5,5600","8,16",7.742,Black / Green,14.286,40.0
Kingston FURY Renegade Pro 64 GB,11300.0,"5,6400","4,16",8.828,Black,10.0,32.0
Kingston FURY Renegade Pro 128 GB,17480.0,"5,5600","8,16",6.828,Black,12.857,36.0
Kingston FURY Renegade Pro 256 GB,37840.0,"5,6400","8,32",7.391,Black,10.0,32.0
V-Color TRA516G56S836O 128 GB,18039.8,"5,5600","8,16",7.047,Black,12.857,36.0
V-Color TRA524G64S832O 192 GB,28599.8,"5,6400","8,24",7.448,Black,10.0,32.0
V-Color TRA532G68D834O 256 GB,44799.8,"5,6800","8,32",8.75,Black,10.0,34.0
PNY XLR8 Gaming MAKO 32 GB,,"5,5600","2,16",,Black,13.571,38.0
ADATA XPG SPECTRIX D35G RGB 16 GB,,"4,3600","1,16",,White,10.0,18.0
ADATA XPG SPECTRIX D35G RGB 32 GB,,"4,3600","1,32",,White,10.0,18.0
G.Skill Ripjaws S5 64 GB,,"5,5600","2,32",,Black,16.429,46.0
Silicon Power XPOWER Pulse Gaming 16 GB,,"5,6400","1,16",,Black / White,10.0,32.0
Silicon Power XPOWER Pulse Gaming 32 GB,,"5,6400","1,32",,Black / White,10.0,32.0
Silicon Power XPOWER Pulse Gaming 64 GB,3869.2,"5,5600","2,32",3.023,Black / White,14.286,40.0
TEAMGROUP T-Force Delta RGB Eco 64 GB,,"5,6000","2,32",,Silver,12.667,38.0
Silicon Power XPOWER Storm RGB 16 GB,,"5,8000","1,16",,Black,9.5,38.0
Silicon Power XPOWER Storm RGB 16 GB,,"5,8000","1,16",,White,9.5,38.0
Silicon Power XPOWER Storm RGB 32 GB,,"5,7600","1,32",,White,9.474,36.0
Silicon Power XPOWER Storm RGB 32 GB,,"5,6000","1,32",,White,10.0,30.0
TEAMGROUP T-Create Expert 48 GB,,"5,5600","2,24",,Black / Gold,12.857,36.0
TEAMGROUP T-Create Expert 32 GB,,"5,5600","2,16",,Black / Gold,12.857,36.0
TEAMGROUP T-Force Xtreem 48 GB,,"5,6800","2,24",,Pink,10.0,34.0
TEAMGROUP T-Force Xtreem 32 GB,,"5,6000","2,16",,Pink,12.667,38.0
TEAMGROUP T-Force DELTAα RGB 64 GB,,"5,5600","2,32",,Black,12.857,36.0
TEAMGROUP T-Force DELTAα RGB 32 GB,,"5,5200","2,16",,Black,15.385,40.0
TEAMGROUP T-Force DELTAα RGB 16 GB,,"5,5200","2,8",,Black,15.385,40.0
TEAMGROUP T-Force DELTAα RGB 32 GB,,"5,6000","2,16",,White,12.667,38.0
TEAMGROUP T-Force DELTAα RGB 32 GB,,"5,5200","2,16",,White,15.385,40.0
TEAMGROUP T-Force DELTAα RGB 32 GB,,"5,5600","1,32",,White,12.857,36.0
TEAMGROUP T-Force DELTAα RGB 16 GB,,"5,6000","1,16",,White,10.0,30.0
TEAMGROUP Xtreem ARGB 48 GB,,"5,6800","2,24",,Black,10.0,34.0
TEAMGROUP Xtreem 48 GB,,"5,6800","2,24",,Black,10.0,34.0
TEAMGROUP T-Force Delta RGB 64 GB,,"5,6000","2,32",,Black,11.333,34.0
TEAMGROUP T-Force Delta RGB 16 GB,,"5,6400","1,16",,Black,12.5,40.0
TEAMGROUP T-Force Delta RGB 16 GB,,"5,5600","1,16",,Black,12.857,36.0
TEAMGROUP T-Force Delta RGB 8 GB,,"5,5600","1,8",,Black,14.286,40.0
TEAMGROUP T-Force Delta RGB 64 GB,,"5,6000","2,32",,White,11.333,34.0
TEAMGROUP T-Force Delta RGB 64 GB,,"5,5600","2,32",,White,13.571,38.0
TEAMGROUP T-Force Delta RGB 32 GB,,"5,6000","1,32",,White,12.667,38.0
TEAMGROUP T-Force Delta RGB 16 GB,,"5,5600","1,16",,White,13.571,38.0
TEAMGROUP T-Force Delta RGB 16 GB,,"5,5600","1,16",,White,11.429,32.0
TEAMGROUP T-Force Delta TUF Gaming Alliance RGB 16 GB,,"5,6000","1,16",,Black,10.0,30.0
TEAMGROUP T-Force Vulcan 8 GB,,"5,6000","1,8",,Black,12.667,38.0
TEAMGROUP T-Force Vulcan 32 GB,,"5,5600","1,32",,Red,12.857,36.0
TEAMGROUP T-Force Vulcan 16 GB,,"5,5600","1,16",,Red,13.571,38.0
TEAMGROUP T-Force Vulcan 32 GB,,"5,6000","1,32",,Red,12.667,38.0
TEAMGROUP T-Force Vulcan 64 GB,,"5,6000","2,32",,Red,11.333,34.0
TEAMGROUP T-Force Vulcanα 16 GB,,"5,6000","1,16",,Red,10.0,30.0
TEAMGROUP T-Force Vulcanα 32 GB,,"5,6000","2,16",,Black,10.0,30.0
TEAMGROUP T-Create Classic 32 GB,,"5,5600","1,32",,Black,16.429,46.0
TEAMGROUP T-Create Classic 32 GB,,"5,6000","1,32",,Black,16.0,48.0
TEAMGROUP Xtreem ARGB 48 GB,,"5,6800","2,24",,White,10.0,34.0
TEAMGROUP Xtreem ARGB 32 GB,,"5,6000","2,16",,White,12.667,38.0
Klevv Urbane V RGB 32 GB,,"5,7200","2,16",,White,9.444,34.0
Klevv Urbane V RGB 32 GB,,"5,7600","2,16",,White,9.474,36.0
Klevv Urbane V RGB 48 GB,,"5,8000","2,24",,White,9.5,38.0
Klevv Urbane V RGB 48 GB,,"5,8400","2,24",,White,9.524,40.0
TEAMGROUP Elite Plus 64 GB,,"5,6000","2,32",,Black,16.0,48.0
TEAMGROUP Elite Plus 32 GB,,"5,5600","1,32",,Black,16.429,46.0
Klevv CRAS V RGB 48 GB,,"5,7600","2,24",,Black,9.474,36.0
Klevv CRAS V RGB 32 GB,,"5,8000","2,16",,Black,9.5,38.0
Acer Predator Hera RGB 32 GB,,"5,7200","2,16",,Silver,9.444,34.0
Acer Predator Hera RGB 32 GB,,"5,8000","2,16",,Silver / Black,9.0,36.0
Acer Predator Hera RGB 32 GB,,"5,8000","2,16",,Silver,9.0,36.0
Acer Predator Hera RGB 48 GB,,"5,8000","2,24",,Silver / Black,10.0,40.0
Acer Predator Hera RGB 48 GB,,"5,8200","2,24",,Silver / Black,9.756,40.0
Acer Predator Hera RGB 48 GB,,"5,8400","2,24",,Silver / Black,9.524,40.0
Lexar Ares RGB 2nd Gen 32 GB,,"5,7200","2,16",,Silver,9.444,34.0
Biwin Black Opal HX100 32 GB,,"5,6800","2,16",,Black,10.0,34.0
Biwin Black Opal HX100 32 GB,,"5,6000","2,16",,Black,10.667,32.0
Biwin Black Opal HX100 32 GB,,"5,6000","2,16",,Silver,10.667,32.0
Biwin Black Opal DW100 RGB 32 GB,,"5,6400","2,16",,Black,10.0,32.0
Biwin Black Opal DW100 RGB 32 GB,,"5,6600","2,16",,White,10.303,34.0
Biwin Black Opal DW100 RGB 32 GB,,"5,7600","2,16",,White,9.474,36.0
Biwin Black Opal DW100 RGB 32 GB,,"5,8000","2,16",,White,9.0,36.0
Biwin Black Opal DW100 RGB 32 GB,,"5,8000","2,16",,White,9.5,38.0
Biwin Black Opal DW100 RGB 32 GB,,"5,8200","2,16",,White,9.268,38.0
Biwin Black Opal DW100 RGB 48 GB,,"5,6800","2,24",,Black,10.0,34.0
Biwin Black Opal DW100 RGB 48 GB,,"5,8200","2,24",,Black,9.756,40.0
Biwin Black Opal DW100 RGB 64 GB,,"5,6000","2,32",,White,10.0,30.0
ADATA XPG Lancer Blade 16 GB,,"5,6000","1,16",,White,11.333,34.0
ADATA XPG Lancer Blade 16 GB,,"5,6400","1,16",,White,10.0,32.0
ADATA XPG Lancer Blade 64 GB,,"5,6400","2,32",,White,10.0,32.0
Thermaltake TOUGHRAM RGB D5 32 GB,,"5,5600","2,16",,Red / Silver,12.857,36.0
Thermaltake TOUGHRAM RGB D5 48 GB,,"5,6400","2,24",,Black / Silver,10.0,32.0
G.Skill Flare X5 256 GB,,"5,6000","4,64",,Black,11.333,34.0
Kingston ValueRAM 16 GB,989.2,"4,3200","1,16",3.091,,13.75,22.0
Silicon Power SP016GBSFU320X22 16 GB,,"4,3200","2,8",,,13.75,22.0
Crucial CT32G4SFD8266 32 GB,1985.8,"4,2666","1,32",3.103,Green / Black,14.254,19.0
Patriot Signature Line 8 GB,399.6,"4,2400","1,8",2.498,Green / Black,14.167,17.0
Kingston Server Premier 16 GB,1799.8,"4,3200","1,16",5.624,,13.75,22.0
G.Skill F3-1600C11S-8GSL 8 GB,,"3,1600","1,8",,,13.75,11.0
G.Skill Ripjaws 16 GB,780.0,"3,1866","2,8",2.438,,11.79,11.0
Mushkin Essentials 16 GB,727.2,"4,2400","2,8",2.272,Green / Black,14.167,17.0
TEAMGROUP Elite 8 GB,635.6,"4,2666","1,8",3.973,Black,14.254,19.0
Kingston HX432S20IB/16 16 GB,,"4,3200","1,16",,Black,12.5,20.0
Kingston ValueRAM 32 GB,2500.0,"4,2666","1,32",3.906,,14.254,19.0
Mushkin Redline 64 GB,,"4,3200","2,32",,White,8.75,14.0
Mushkin Redline Lumina White 32 GB,2819.8,"5,6400","2,16",4.406,White,10.0,32.0
Mushkin Essentials 8 GB,343.6,"3,1066","1,8",2.147,Green,13.133,7.0
G.Skill Ripjaws X 32 GB,,"3,2133","4,8",,Black / Red,10.314,11.0
Corsair Vengeance Pro 8 GB,2384.0,"3,2133","2,4",14.9,Black / Red,7.501,8.0
Samsung M393B2G70DB0-CK0 16 GB,638.4,"3,1600","1,16",1.995,Black / Green,13.75,11.0
Kingston ValueRAM 16 GB,599.79,"3,1600","1,16",1.874,Green,13.75,11.0
Mushkin Essentials 16 GB,3739.8,"3,1866","1,16",11.687,Black / Blue,13.934,13.0
Kingston ValueRAM 8 GB,559.79,"4,2133","1,8",3.499,Green / Black,14.065,15.0
Corsair Vengeance Performance 16 GB,1259.8,"4,2666","1,16",3.937,Black / Yellow,13.503,18.0
Kingston KVR26S19S8/8 8 GB,427.6,"4,2666","1,8",2.672,Green / Black,14.254,19.0
G.Skill Trident Z Royal 32 GB,,"4,4266","2,16",,Silver,8.908,19.0
Mushkin Proline 16 GB,,"4,2666","1,16",,,14.254,19.0
Mushkin Proline 16 GB,916.8,"3,1866","1,16",2.865,,13.934,13.0
Kingston FURY Impact 32 GB,1899.0,"5,4800","1,32",2.967,Black,15.833,38.0
V-Color TRA524G60S832Q 96 GB,13439.8,"5,6000","4,24",7.0,White,10.667,32.0
Kingston ValueRAM 3 GB,509.6,"3,1333","3,1",8.493,Green,13.503,9.0
Patriot Signature 4 GB,,"3,1333","1,4",,Blue,13.503,9.0
Mushkin 996647 8 GB,440.0,"3,1333","2,4",2.75,Green,13.503,9.0
Crucial CT2KIT51264BF1339 8 GB,651.8,"3,1333","2,4",4.074,Green,13.503,9.0
G.Skill F3-10666CL9D-16GBSQ 16 GB,728.0,"3,1333","2,8",2.275,Green,13.503,9.0
G.Skill Trident X 16 GB,2146.19,"3,2400","4,4",6.707,Black / Red,8.333,10.0
Crucial CT2KIT51264BF160B 8 GB,,"3,1600","2,4",,Green,13.75,11.0
Crucial CT16G3R186DM 16 GB,859.8,"3,1866","1,16",2.687,Black / Green,13.934,13.0
Kingston KVR13N9S6/2 2 GB,399.6,"3,1333","1,2",9.99,Black / Green,13.503,9.0
Samsung M393A1G40DB0-CPB 8 GB,568.4,"4,2133","1,8",3.553,Black / Green,14.065,15.0
Kingston KTD-PE421/16G 16 GB,879.8,"4,2133","1,16",2.749,Green,14.065,15.0
Kingston KTH-PL421/16G 16 GB,699.4,"4,2133","1,16",2.186,Green,14.065,15.0
Kingston KVR16R11D4/16HA 16 GB,697.8,"3,1600","1,16",2.181,Green,13.75,11.0
Kingston ValueRAM 64 GB,2780.2,"3,1600","4,16",2.172,Green,13.75,11.0
Kingston KVR16LR11D4K4/64 64 GB,7980.0,"3,1600","4,16",6.234,Blue,13.75,11.0
Kingston KVR16LR11D4/16HA 16 GB,579.79,"3,1600","1,16",1.812,Green,13.75,11.0
Kingston KVR1333D3D4R9SK3/24G 24 GB,2499.79,"3,1333","3,8",5.208,Green,13.503,9.0
Kingston KVR13LR9D4K4/64 64 GB,5955.0,"3,1333","4,16",4.652,Green,13.503,9.0
Mushkin Proline 16 GB,876.4,"3,1600","1,16",2.739,Green,13.75,11.0
Kingston KTH-PL421LQ/32G 32 GB,,"4,2133","1,32",,Black / Green,14.065,15.0
Kingston Impact 16 GB,2941.2,"4,2133","2,8",9.191,Black / Silver,12.189,13.0
G.Skill Ripjaws 8 GB,534.79,"4,2400","1,8",3.342,Black,13.333,16.0
G.Skill Ripjaws 8 GB,,"4,2666","1,8",,Black,13.503,18.0
Mushkin Essentials 4 GB,639.79,"4,2133","1,4",7.997,Black / Green,14.065,15.0
Kingston ValueRAM 8 GB,1550.6,"4,2133","1,8",9.691,Black / Green,14.065,15.0
Kingston ValueRAM 32 GB,1398.4,"4,2133","1,32",2.185,Black / Green,14.065,15.0
Kingston KCP421SS8/8 8 GB,543.0,"4,2133","1,8",3.394,Black / Green,14.065,15.0
Kingston ValueRAM 16 GB,2707.2,"4,2133","2,8",8.46,Black / Green,14.065,15.0
Patriot Viper LED 16 GB,,"4,2400","2,8",,Black / Red,11.667,14.0
Kingston KTD-PE426/32G 32 GB,3036.2,"4,2666","1,32",4.744,Green / Black,14.254,19.0
Kingston ValueRAM 8 GB,999.8,"4,2400","1,8",6.249,Green / Black,14.167,17.0
Kingston ValueRAM 16 GB,1059.8,"4,2666","1,16",3.312,Green / Black,14.254,19.0
Kingston KCP426SS8/8 8 GB,530.0,"4,2666","1,8",3.312,Green / Black,12.753,17.0
Crucial CT2K4G4SFS624A 8 GB,699.0,"4,2400","2,4",4.369,Green / Black,14.167,17.0
Crucial CT32G4LFD4266 32 GB,1481.8,"4,2666","1,32",2.315,Green / Black,14.254,19.0
Crucial CT16G4RFD8293 16 GB,1099.4,"4,2933","1,16",3.436,Green / Black,14.32,21.0
Crucial Ballistix Elite 8 GB,,"4,3600","1,8",,Black,8.889,16.0
Kingston KSM26RS8/8MEI 8 GB,683.0,"4,2666","1,8",4.269,Green / Black,14.254,19.0
Silicon Power SP008GBSFU266B02 8 GB,,"4,2666","1,8",,Black,14.254,19.0
Silicon Power SP032GBSFU266F22 32 GB,,"4,2800","2,16",,Black,13.571,19.0
Kingston Fury Renegade RGB 64 GB,,"4,3200","2,32",,Black / Silver,10.0,16.0
Kingston Server Premier 16 GB,2019.8,"4,3200","1,16",,,13.75,22.0
Kingston Server Premier 32 GB,3463.8,"4,2666","1,32",5.412,,14.254,19.0
Kingston Server Premier 8 GB,1079.8,"4,2666","1,8",6.749,,14.254,19.0
Mushkin Redline 32 GB,2567.6,"4,3200","2,16",4.012,,13.75,22.0
Mushkin Silverline 8 GB,1649.4,"4,2666","2,4",10.309,Silver,14.254,19.0
Mushkin Proline 32 GB,,"4,2933","1,32",,,14.32,21.0
G.Skill Sniper X 32 GB,,"4,3000","2,16",,Black / White,10.667,16.0
G.Skill F4-4000C19D-32GTZSW 32 GB,,"4,4000","2,16",,Gray / White,9.5,19.0
Silicon Power SP016GBSFU213B02 16 GB,882.2,"4,2133","1,16",2.757,,14.065,15.0
TEAMGROUP Elite 8 GB,1406.4,"4,2400","1,8",8.79,Black,13.333,16.0
TEAMGROUP T-Force Zeus 16 GB,,"4,3200","1,16",,Red / Black,13.75,22.0
Kingston FURY Impact 16 GB,,"4,2666","1,16",,Black,11.253,15.0
Kingston FURY Impact 32 GB,,"4,2666","2,16",,Black,11.253,15.0
TEAMGROUP Elite 8 GB,,"5,4800","1,8",,Black,16.667,40.0
Mushkin Redline Pro 16 GB,,"5,5600","1,16",,Black / White,16.429,46.0
Crucial CT16G52C42S5 16 GB,,"5,5200","1,16",,Black,16.154,42.0
TEAMGROUP T-Create Classic 32 GB,,"5,5600","2,16",,Black,16.429,46.0
TEAMGROUP T-Create Classic 16 GB,859.8,"5,5600","1,16",2.687,Black,16.429,46.0
TEAMGROUP T-Create Classic 16 GB,1121.0,"5,5600","1,16",3.503,Black,16.429,46.0
V-Color TRA516G70S834Q 64 GB,14879.8,"5,7000","4,16",11.625,White,9.714,34.0
V-Color TRA524G56S836Q 96 GB,12479.8,"5,5600","4,24",6.5,White,12.857,36.0
V-Color TRA524G76S838R3Q 96 GB,23039.8,"5,7600","4,24",12.0,White,10.0,38.0
G.Skill Ripjaws S5 32 GB,,"5,5600","2,16",,Black,16.429,46.0
Crucial CT25664BC1067 2 GB,,"3,1066","1,2",,Green,13.133,7.0
Corsair Dominator 4 GB,,"3,1600","2,2",,Black / Blue,10.0,8.0
Corsair Dominator GT 6 GB,,"3,1600","3,2",,Black / Red,8.75,7.0
Corsair XMS3 3 GB,,"3,1333","3,1",,Black / White,13.503,9.0
Corsair Dominator 4 GB,,"3,1600","2,2",,Black / Blue,10.0,8.0
Corsair Dominator GT 4 GB,,"3,1600","2,2",,Black / Red,8.75,7.0
Corsair Dominator GT 4 GB,,"3,1600","2,2",,Black / Red,8.75,7.0
Corsair Dominator 6 GB,,"3,1600","3,2",,Black / Blue,11.25,9.0
Corsair XMS3 6 GB,,"3,1600","3,2",,Black / Blue,10.0,8.0
Corsair XMS2 2 GB,,"2,800","2,1",,Black / White,10.0,4.0
Corsair Dominator 6 GB,,"3,1600","3,2",,Black / White,10.0,8.0
Corsair Dominator 2 GB,,"3,1600","2,1",,Black / Blue,11.25,9.0
Corsair XMS3 6 GB,,"3,1600","3,2",,Black / White,11.25,9.0
Corsair XMS3 2 GB,,"3,1333","2,1",,Black / White,13.503,9.0
Corsair XMS3 2 GB,,"3,1333","2,1",,Black / White,13.503,9.0
Corsair VS2GBKIT533D2 2 GB,,"2,533","2,1",,Green,15.009,4.0
Corsair VS2GBKIT667D2 2 GB,,"2,667","2,1",,Green,14.993,5.0
Corsair VS4GBKIT667D2 4 GB,,"2,667","2,2",,Green,14.993,5.0
Crucial CT12864AC800 1 GB,,"2,800","1,1",,Green,15.0,6.0
Crucial CT25672AB667S 2 GB,,"2,667","1,2",,Green,14.993,5.0
Crucial CT2CP12872AA667 2 GB,,"2,667","1,2",,Green,14.993,5.0
Crucial CT2CP25672AF667 4 GB,479.79,"2,667","2,2",5.997,Green,14.993,5.0
Crucial CT2CP25672BA1067 4 GB,,"3,1066","2,2",,Green,13.133,7.0
Crucial CT2KIT12864BA1339 2 GB,,"3,1333","2,1",,Green,13.503,9.0
Crucial CT2KIT25664AA667 4 GB,979.8,"2,667","2,2",12.248,Green,14.993,5.0
Crucial CT2KIT25664BA1067 4 GB,,"3,1066","2,2",,Green,13.133,7.0
Crucial CT2KIT25664BC1067 4 GB,,"3,1066","2,2",,Green,13.133,7.0
Crucial CT2KiT51272AB667 8 GB,,"2,667","2,4",,Green,14.993,5.0
Crucial CT3KIT12864BA1339 3 GB,,"3,1333","3,1",,Green,13.503,9.0
Crucial CT3KIT25664BA1067 6 GB,,"3,1066","3,2",,Green,13.133,7.0
Crucial CT3KIT25664BA1339 6 GB,,"3,1333","3,2",,Green,13.503,9.0
Corsair Dominator 4 GB,,"3,1600","2,2",,Black / Blue,11.25,9.0
Corsair Dominator 4 GB,,"3,1600","2,2",,Black / Blue,8.75,7.0
Corsair Dominator GT 6 GB,,"3,1866","3,2",,Black / Red,9.646,9.0
Corsair Dominator 6 GB,,"3,1800","3,2",,Black / Blue,10.0,9.0
Kingston ValueRAM 6 GB,,"3,1333","3,2",,Green,13.503,9.0
Crucial CT2KIT12872AF66 2 GB,,"2,667","2,1",,Green,14.993,5.0
Kingston ValueRAM 1 GB,,"2,533","1,1",,Green,15.009,4.0
Kingston ValueRAM 2 GB,,"2,533","2,1",,Green,15.009,4.0
Kingston ValueRAM 2 GB,647.79,"2,533","1,2",16.195,Green,15.009,4.0
Kingston ValueRAM 4 GB,,"2,667","2,2",,Green,14.993,5.0
Kingston ValueRAM 2 GB,,"2,800","2,1",,Green,15.0,6.0
Patriot Sector 5 4 GB,,"3,1333","2,2",,Black / Red,13.503,9.0
Patriot Sector 5 4 GB,1074.59,"3,1600","2,2",13.432,Black / Red,11.25,9.0
Patriot PSD22G6672 2 GB,,"2,667","1,2",,Green,14.993,5.0
Patriot PSD32G13332 2 GB,,"3,1333","1,2",,Green,13.503,9.0
Patriot Viper 4 GB,,"2,800","2,2",,Black / Silver,10.0,4.0
Patriot Viper 4 GB,,"3,1333","2,2",,Silver,10.503,7.0
Patriot Viper 6 GB,,"3,1600","3,2",,Black / Blue,11.25,9.0
Patriot Viper II Sector 5 4 GB,1198.0,"3,1600","2,2",14.975,Black / Red,10.0,8.0
OCZ Titanium XTC 4 GB,,"2,800","2,2",,Black / Silver,10.0,4.0
OCZ OCZ2V6672G 2 GB,719.2,"2,667","1,2",17.98,Green,14.993,5.0
OCZ Blade 6 GB,,"3,2000","3,2",,Black / Silver,9.0,9.0
OCZ Platinum 6 GB,,"3,1333","3,2",,Black / Silver,10.503,7.0
OCZ Platinum 2 GB,,"3,1600","2,1",,Silver,8.75,7.0
OCZ Platinum 6 GB,,"3,1600","3,2",,Silver,8.75,7.0
ADATA Gaming 4 GB,,"3,1600","2,2",,Black,11.25,9.0
ADATA Gaming 6 GB,,"3,1600","3,2",,Black,11.25,9.0
Corsair XMS3 12 GB,,"3,1600","6,2",,Black / Blue,11.25,9.0
G.Skill Ripjaws 16 GB,3599.0,"3,1600","4,4",11.247,Black / Red,11.25,9.0
G.Skill Ripjaws 4 GB,,"3,1600","2,2",,Black / Blue,10.0,8.0
Corsair Dominator 4 GB,,"3,1600","2,2",,Black / Blue,10.0,8.0
Kingston HyperX 8 GB,,"3,1600","4,2",,Blue / White,10.0,8.0
Kingston HyperX 6 GB,,"3,1600","3,2",,Blue / White,8.75,7.0
Kingston HyperX 6 GB,,"3,1600","3,2",,Blue / White,10.0,8.0
Kingston HyperX 6 GB,,"3,1600","3,2",,Blue / White,11.25,9.0
Kingston HyperX 3 GB,,"3,1600","3,1",,Blue / White,10.0,8.0
Corsair XMS3 4 GB,,"3,1600","2,2",,Black / Blue,11.25,9.0
Corsair XMS3 4 GB,,"3,1333","2,2",,Black / Blue,13.503,9.0
Corsair XMS3 4 GB,,"3,1333","2,2",,Black / White,13.503,9.0
Corsair XMS3 6 GB,,"3,1600","3,2",,Black / Blue,8.75,7.0
Corsair XMS3 8 GB,,"3,1333","4,2",,Black / Blue,13.503,9.0
Corsair XMS3 8 GB,,"3,1600","4,2",,Black / Blue,11.25,9.0
Corsair XMS3 6 GB,,"3,1333","3,2",,Black / Blue,10.503,7.0
Corsair XMS3 6 GB,,"3,1600","3,2",,Black / Blue,10.0,8.0
Corsair XMS3 2 GB,,"3,1333","2,1",,Black / Blue,13.503,9.0
Corsair XMS 6 GB,,"3,2000","3,2",,Black / Blue,9.0,9.0
Corsair Dominator GT 4 GB,,"3,2133","2,2",,Black / Red,8.439,9.0
Crucial Ballistix 4 GB,,"3,1600","2,2",,Orange,10.0,8.0
Crucial Ballistix 4 GB,,"3,1600","2,2",,Orange,10.0,8.0
Corsair Dominator GT 12 GB,,"3,1866","6,2",,Black / Red,9.646,9.0
Corsair Dominator GT 4 GB,,"3,1866","2,2",,Black / Red,9.646,9.0
Corsair Dominator GT 6 GB,,"3,2000","3,2",,Black / Red,8.0,8.0
Corsair Dominator GT 8 GB,,"3,2000","2,4",,Black / Red,9.0,9.0
Corsair Dominator 3 GB,,"3,1600","3,1",,Black / Blue,10.0,8.0
Corsair XMS3 4 GB,,"3,1600","1,4",,Black / Silver,8.75,7.0
ADATA Gaming 2 GB,,"3,1600","1,2",,Black / Silver,11.25,9.0
ADATA XPG Gaming Series v2.0 4 GB,,"3,1600","2,2",,Black / Green,11.25,9.0
ADATA XPG Gaming Series v2.0 6 GB,,"3,1600","3,2",,Black / Green,11.25,9.0
ADATA Plus 6 GB,,"3,1600","3,2",,Red / Silver,10.0,8.0
Crucial Ballistix 2 GB,,"3,1600","1,2",,Orange,10.0,8.0
Crucial Ballistix 2 GB,,"3,1600","1,2",,Black / Yellow,10.0,8.0
Crucial Ballistix Tracer 2 GB,,"3,1600","1,2",,Blue / Silver,10.0,8.0
Crucial Ballistix Tracer 2 GB,,"3,1600","1,2",,Black / Silver,10.0,8.0
Crucial Ballistix Tracer 2 GB,,"3,1600","1,2",,Red / Silver,10.0,8.0
Crucial Ballistix Tracer 2 GB,,"3,1600","2,1",,Green / Silver,10.0,8.0
Crucial Ballistix Tracer 4 GB,,"3,1600","2,2",,Blue / Silver,10.0,8.0
Crucial Ballistix Tracer 4 GB,,"3,1600","2,2",,Green / Silver,10.0,8.0
Crucial Ballistix Tracer 4 GB,,"3,1600","2,2",,Black / Silver,10.0,8.0
Crucial Ballistix Tracer 3 GB,,"3,1600","3,1",,Blue / Silver,10.0,8.0
Crucial Ballistix Tracer 3 GB,,"3,1600","3,1",,Red / Silver,10.0,8.0
Crucial Ballistix 6 GB,,"3,1600","3,2",,Orange / White,10.0,8.0
Crucial Ballistix Tracer 6 GB,,"3,1600","3,2",,Blue / Silver,10.0,8.0
Crucial Ballistix Tracer 6 GB,,"3,1600","3,2",,Green / Silver,10.0,8.0
Crucial Ballistix Tracer 6 GB,,"3,1600","3,2",,Black / Silver,10.0,8.0
Crucial Ballistix Tracer 6 GB,,"3,1600","3,2",,Red / Silver,10.0,8.0
G.Skill PI 8 GB,,"3,1600","4,2",,Black / Blue,7.5,6.0
G.Skill PI 6 GB,,"3,1600","3,2",,Black / Blue,7.5,6.0
G.Skill PI + Turbulence 12 GB,,"3,1600","6,2",,Black / Blue,7.5,6.0
G.Skill ECO 4 GB,,"3,1600","2,2",,Silver,8.75,7.0
G.Skill Ripjaws 4 GB,,"3,1600","2,2",,Black / Blue,8.75,7.0
G.Skill Trident+ Turbulence II 8 GB,,"3,1600","2,4",,Black / Red,8.75,7.0
G.Skill Trident+ Turbulence II 16 GB,,"3,1600","4,4",,Black / Red,8.75,7.0
G.Skill ECO 8 GB,,"3,1600","4,2",,Black / Silver,8.75,7.0
G.Skill Ripjaws 8 GB,,"3,1600","4,2",,Black / Blue,8.75,7.0
G.Skill Trident+ Turbulence II 12 GB,,"3,1600","3,4",,Black / Red,8.75,7.0
G.Skill PI 6 GB,,"3,1600","3,2",,Black / Blue,8.75,7.0
G.Skill Trident+ Turbulence II 24 GB,,"3,1600","6,4",,Black / Red,8.75,7.0
G.Skill ECO 4 GB,,"3,1600","2,2",,Black / Silver,10.0,8.0
G.Skill Trident 4 GB,,"3,1600","2,2",,Black / Red,10.0,8.0
G.Skill ECO 8 GB,,"3,1600","2,4",,Silver,10.0,8.0
G.Skill ECO 8 GB,,"3,1600","4,2",,Silver,10.0,8.0
G.Skill Ripjaws 8 GB,,"3,1600","4,2",,Black / Blue,10.0,8.0
G.Skill F3-12800CL9D-2GBNQ 2 GB,,"3,1600","2,1",,Red / Silver,11.25,9.0
G.Skill Ripjaws 8 GB,,"3,1600","4,2",,Black / Red,11.25,9.0
G.Skill F3-12800CL9T-3GBNQ 3 GB,,"3,1600","3,1",,Red / Silver,11.25,9.0
G.Skill F3-12800CL9T2-12GBNQ 12 GB,,"3,1600","6,2",,Red / Silver,11.25,9.0
GeIL Black Dragon 4 GB,,"3,1600","2,2",,Black / Gold,10.0,8.0
GeIL Black Dragon 4 GB,,"3,1600","2,2",,Black / Gold,11.25,9.0
GeIL Black Dragon 8 GB,,"3,1600","4,2",,Black / Gold,11.25,9.0
GeIL Value PLUS 4 GB,,"3,1600","2,2",,Black / Silver,11.25,9.0
GeIL Value PLUS 4 GB,,"3,1600","1,4",,Black / Silver,11.25,9.0
GeIL Value PLUS 6 GB,,"3,1600","3,2",,Black / Silver,10.0,8.0
GeIL Value PLUS 6 GB,,"3,1600","3,2",,Black / Silver,11.25,9.0
Kingston HyperX 4 GB,,"3,1600","2,2",,Blue / Silver,8.75,7.0
Kingston HyperX 4 GB,,"3,1600","2,2",,Blue,10.0,8.0
Kingston HyperX 2 GB,,"3,1600","1,2",,Blue / Silver,11.25,9.0
Kingston HyperX Blu 2 GB,,"3,1600","1,2",,Blue / Silver,11.25,9.0
Kingston HyperX Blu 2 GB,,"3,1600","2,1",,Blue / Silver,11.25,9.0
Kingston HyperX 2 GB,,"3,1600","2,1",,Blue / Silver,11.25,9.0
Kingston HyperX 4 GB,,"3,1600","2,2",,Blue / Silver,11.25,9.0
Kingston HyperX Blu 4 GB,,"3,1600","2,2",,Blue / Silver,11.25,9.0
Kingston HyperX 4 GB,,"3,1600","2,2",,Blue / Silver,11.25,9.0
Kingston HyperX 8 GB,,"3,1600","4,2",,Blue / Silver,11.25,9.0
Kingston HyperX T1 6 GB,,"3,1600","3,2",,Blue,11.25,9.0
PNY XLR8 4 GB,,"3,1600","2,2",,Black / Silver,10.0,8.0
PNY XLR8 6 GB,,"3,1600","3,2",,Black / Silver,10.0,8.0
Patriot Gamer 12 GB,,"3,1600","3,4",,Black / Green,11.25,9.0
Patriot Gamer 24 GB,,"3,1600","6,4",,Black / Green,11.25,9.0
Patriot Gamer 4 GB,1166.2,"3,1600","2,2",14.578,Black / Green,11.25,9.0
Patriot G Series Sector 5 8 GB,,"3,1600","2,4",,Black / Red,11.25,9.0
Patriot Viper II Sector 7 Edition 12 GB,,"3,1600","3,4",,Black / Blue,11.25,9.0
Patriot Viper II Sector 7 Edition 24 GB,,"3,1600","6,4",,Black / Blue,11.25,9.0
Patriot Viper II Sector 7 Edition 6 GB,1180.0,"3,1600","3,2",9.833,Black / Blue,11.25,9.0
Patriot Viper II Sector 7 Edition 6 GB,,"3,1600","3,2",,Black / Blue,10.0,8.0
Patriot Viper Xtreme 4 GB,1256.4,"3,1600","2,2",15.705,Black / Silver,10.0,8.0
Patriot Viper Xtreme 8 GB,1857.4,"3,1600","2,4",11.609,Black / Silver,10.0,8.0
Patriot Viper Xtreme 12 GB,2541.19,"3,1600","3,4",10.588,Black / Silver,10.0,8.0
Patriot Viper Xtreme 6 GB,1662.6,"3,1600","3,2",13.855,Black / Silver,10.0,8.0
OCZ AMD Black Edition 4 GB,,"3,1600","2,2",,Black / Silver,10.0,8.0
OCZ Blade SuperTuned 4 GB,,"3,1600","2,2",,Black / Red,8.75,7.0
OCZ Fatal1ty 4 GB,,"3,1600","2,2",,Black / Silver,8.75,7.0
OCZ Fatal1ty 6 GB,,"3,1600","3,2",,Black / Silver,8.75,7.0
Corsair XMS3 4 GB,,"3,1600","1,4",,Black / Blue,11.25,9.0
Crucial Ballistix Tracer 4 GB,,"3,1600","2,2",,Red / Silver,10.0,8.0
G.Skill Ripjaws 12 GB,,"3,1600","3,4",,Black / Blue,10.0,8.0
GeIL Value PLUS 8 GB,,"3,1600","2,4",,Black / Silver,11.25,9.0
OCZ Flex II 4 GB,,"3,1600","2,2",,Black / Silver,10.0,8.0
OCZ Gold 4 GB,,"3,1600","2,2",,Black / Gold,10.0,8.0
OCZ Obsidian 6 GB,,"3,1600","3,2",,Black / Silver,11.25,9.0
OCZ Obsidian 4 GB,,"3,1600","2,2",,Black / Silver,11.25,9.0
OCZ Reaper 6 GB,,"3,1600","3,2",,Black / Silver,7.5,6.0
OCZ Reaper X 4 GB,,"3,1600","2,2",,Black / Silver,10.0,8.0
OCZ Reaper HPC R2 6 GB,,"3,1600","3,2",,Black / Silver,8.75,7.0
OCZ Reaper HPC R2 12 GB,,"3,1600","6,2",,Black / Silver,8.75,7.0
OCZ Reaper HPC 4 GB,,"3,1600","2,2",,Black / Silver,10.0,8.0
OCZ Platinum 4 GB,,"3,1600","2,2",,Silver,7.5,6.0
OCZ Platinum 6 GB,,"3,1600","3,2",,Silver,7.5,6.0
OCZ Platinum 4 GB,,"3,1600","2,2",,Silver,11.25,9.0
OCZ Platinum 6 GB,,"3,1600","3,2",,Silver,11.25,9.0
OCZ Signature 4 GB,,"3,1600","2,2",,Green / Silver,11.25,9.0
OCZ Special Ops Edition 4 GB,,"3,1600","2,2",,Camo,10.0,8.0
OCZ Signature 4 GB,,"3,1600","2,2",,Red / Silver,10.0,8.0
OCZ OCZ3X1600R2LV6GK 6 GB,,"3,1600","3,2",,Black / Silver,10.0,8.0
OCZ Platinum XTE 4 GB,,"3,1600","2,2",,Black / Silver,8.75,7.0
OCZ Platinum XTE 6 GB,,"3,1600","3,2",,Black / Silver,8.75,7.0
Patriot PSD34G16002H 4 GB,,"3,1600","1,4",,Black / Silver,11.25,9.0
Wintec AMPX 4 GB,,"3,1600","2,2",,Black / Silver,10.0,8.0
Mushkin Blackline 4 GB,,"3,1600","2,2",,Black / Silver,10.0,8.0
Mushkin Blackline 8 GB,,"3,1600","2,4",,Black / Silver,11.25,9.0
Mushkin Blackline 4 GB,,"3,1600","2,2",,Black / Silver,11.25,9.0
Mushkin Blackline 4 GB,,"3,1600","2,2",,Black / Silver,8.75,7.0
Mushkin Ridgeback 4 GB,,"3,1600","2,2",,Black,7.5,6.0
Mushkin Redline 4 GB,,"3,1600","2,2",,Red,7.5,6.0
Mushkin Blackline 6 GB,,"3,1600","3,2",,Black / Silver,11.25,9.0
Mushkin Blackline 6 GB,,"3,1600","3,2",,Black / Silver,8.75,7.0
Mushkin Blackline 6 GB,,"3,1600","3,2",,Black / Silver,10.0,8.0
Mushkin Blackline 12 GB,,"3,1600","3,4",,Black / Silver,11.25,9.0
Mushkin Blackline 6 GB,,"3,1600","3,2",,Black / Silver,11.25,9.0
Mushkin Ridgeback 6 GB,,"3,1600","3,2",,Black,10.0,8.0
Mushkin Silverline 6 GB,,"3,1600","3,2",,Black / Silver,8.75,7.0
Corsair XMS3 12 GB,,"3,1333","3,4",,Black / White,13.503,9.0
Corsair XMS3 2 GB,,"3,1333","1,2",,Black / White,13.503,9.0
Corsair XMS3 4 GB,,"3,1333","2,2",,Black / Blue,13.503,9.0
Crucial Ballistix 1 GB,,"3,1333","1,1",,Green,10.503,7.0
Crucial Ballistix 2 GB,,"3,1333","1,2",,Orange / White,10.503,7.0
Crucial Ballistix Tracer 2 GB,,"3,1333","1,2",,Blue / Silver,10.503,7.0
Crucial Ballistix Tracer 2 GB,,"3,1333","1,2",,Green / Silver,10.503,7.0
Crucial Ballistix Tracer 2 GB,,"3,1333","1,2",,Black / Silver,10.503,7.0
Crucial Ballistix Tracer 2 GB,,"3,1333","1,2",,Red / Silver,10.503,7.0
Crucial Ballistix 2 GB,,"3,1333","2,1",,Orange / White,10.503,7.0
Crucial Ballistix Tracer 2 GB,,"3,1333","2,1",,Blue / Silver,10.503,7.0
Crucial Ballistix Tracer 2 GB,,"3,1333","2,1",,Black / Silver,10.503,7.0
Crucial Ballistix Tracer 2 GB,,"3,1333","2,1",,Red / Silver,10.503,7.0
Crucial Ballistix 4 GB,,"3,1333","2,2",,Orange / White,10.503,7.0
Crucial Ballistix Tracer 4 GB,,"3,1333","2,2",,Blue / Silver,10.503,7.0
Crucial Ballistix Tracer 4 GB,,"3,1333","2,2",,Green / Silver,10.503,7.0
Crucial Ballistix Tracer 4 GB,,"3,1333","2,2",,Black / Silver,10.503,7.0
Crucial Ballistix Tracer 3 GB,,"3,1333","3,1",,Green / Silver,10.503,7.0
Crucial Ballistix Tracer 3 GB,,"3,1333","3,1",,Black / Silver,10.503,7.0
Crucial Ballistix Tracer 3 GB,,"3,1333","3,1",,Red / Silver,10.503,7.0
Crucial Ballistix 6 GB,,"3,1333","3,2",,Orange / White,10.503,7.0
Crucial Ballistix Tracer 6 GB,,"3,1333","3,2",,Blue / Silver,10.503,7.0
Crucial Ballistix Tracer 6 GB,,"3,1333","3,2",,Black / Silver,10.503,7.0
Crucial Ballistix Tracer 6 GB,,"3,1333","3,2",,Red / Silver,10.503,7.0
Kingston HyperX 4 GB,,"3,1333","2,2",,Blue / Silver,10.503,7.0
Kingston HyperX 3 GB,,"3,1333","3,1",,Blue / Silver,10.503,7.0
Kingston HyperX 8 GB,,"3,1333","4,2",,Blue / Silver,10.503,7.0
Kingston HyperX 6 GB,,"3,1333","3,2",,Blue / Silver,10.503,7.0
Kingston HyperX 2 GB,,"3,1333","2,1",,Blue / Silver,13.503,9.0
Kingston HyperX 2 GB,,"3,1333","2,1",,Blue / Silver,10.503,7.0
Kingston HyperX 2 GB,,"3,1333","2,1",,Blue / Silver,10.503,7.0
Kingston Blu 2 GB,,"3,1333","2,1",,Blue / Silver,13.503,9.0
Kingston HyperX Blu 2 GB,,"3,1333","1,2",,Blue / Silver,13.503,9.0
Kingston HyperX 2 GB,,"3,1800","1,2",,Blue / Silver,10.0,9.0
Kingston HyperX T1 3 GB,,"3,2000","3,1",,Blue,9.0,9.0
Kingston HyperX 2 GB,,"3,1800","2,1",,Blue / Silver,10.0,9.0
Kingston HyperX T1 6 GB,,"3,2000","3,2",,Blue,9.0,9.0
Kingston HyperX T1 3 GB,,"3,1800","3,1",,Blue,10.0,9.0
Kingston HyperX T1 6 GB,,"3,1800","3,2",,Blue,10.0,9.0
Kingston HyperX T1 4 GB,,"3,2133","2,2",,Blue,8.439,9.0
Kingston HyperX T1 3 GB,,"3,1866","3,1",,Blue,9.646,9.0
Kingston HyperX T1 8 GB,,"3,2133","4,2",,Blue,8.439,9.0
Kingston HyperX T1 6 GB,,"3,2000","3,2",,Blue,9.0,9.0
Kingston HyperX T1 6 GB,,"3,1800","3,2",,Blue,10.0,9.0
Kingston HyperX 3 GB,,"3,1866","3,1",,Blue / Silver,9.646,9.0
Kingston HyperX T1 6 GB,,"3,1866","3,2",,Blue,9.646,9.0
Kingston HyperX 3 GB,,"3,1800","3,1",,Blue / Silver,10.0,9.0
Kingston HyperX 3 GB,,"3,2000","3,1",,Blue / Silver,9.0,9.0
Kingston HyperX 4 GB,,"3,1800","2,2",,Blue / Silver,10.0,9.0
G.Skill F3-10600CL9D-2GBNQ 2 GB,,"3,1333","2,1",,Red / Silver,13.503,9.0
G.Skill F3-10600CL9D-2GBPK 2 GB,,"3,1333","2,1",,Blue / Silver,13.503,9.0
G.Skill F3-10600CL8D-4GBHK 4 GB,,"3,1333","2,2",,Blue / Silver,12.003,8.0
G.Skill F3-10600CL9D-4GBPK 4 GB,,"3,1333","2,2",,Blue / Silver,13.503,9.0
G.Skill F3-10600CL9D-4GBNT 4 GB,,"3,1333","2,2",,Green,13.503,9.0
G.Skill F3-10666CL8D-2GBHK 2 GB,,"3,1333","2,1",,Blue / Silver,12.003,8.0
G.Skill F3-10600CL9S-2GBNT 2 GB,,"3,1333","1,2",,Green,13.503,9.0
G.Skill F3-10666CL9D-2GBNQ 2 GB,,"3,1333","2,1",,Red / Silver,13.503,9.0
G.Skill F3-10666CL7T-3GBPK 3 GB,,"3,1333","3,1",,Blue / Silver,10.503,7.0
G.Skill Ripjaws 12 GB,,"3,1333","3,4",,Black / Red,10.503,7.0
G.Skill Ripjaws 4 GB,,"3,1333","2,2",,Black / Red,10.503,7.0
G.Skill Ripjaws 4 GB,,"3,1333","2,2",,Black / Blue,12.003,8.0
G.Skill ECO 4 GB,,"3,1333","2,2",,White,13.503,9.0
G.Skill ECO 4 GB,,"3,1333","2,2",,White,10.503,7.0
G.Skill Ripjaws 8 GB,,"3,1333","2,4",,Black / Red,10.503,7.0
G.Skill F3-10666CL7T-6GBPK 6 GB,,"3,1333","3,2",,Blue / Silver,10.503,7.0
G.Skill Ripjaws X 4 GB,,"3,1333","2,2",,Black / Blue,10.503,7.0
G.Skill Ripjaws X 8 GB,,"3,1333","2,4",,Black / Blue,10.503,7.0
G.Skill Ripjaws X 16 GB,,"3,1333","4,4",,Black / Blue,10.503,7.0
G.Skill Ripjaws 16 GB,,"3,1333","4,4",,Black / Red,13.503,9.0
G.Skill Ripjaws 8 GB,,"3,1333","4,2",,Black / Red,13.503,9.0
G.Skill Flare 4 GB,,"3,2000","2,2",,Black / Red,9.0,9.0
G.Skill Flare 4 GB,,"3,1800","2,2",,Black / Red,10.0,9.0
G.Skill Ripjaws 4 GB,1199.0,"3,1333","2,2",14.988,Black / Red,13.503,9.0
G.Skill NS 4 GB,,"3,1333","2,2",,Blue,13.503,9.0
G.Skill Ripjaws 8 GB,,"3,2000","2,4",,Black / Blue,9.0,9.0
G.Skill F3-10666CL9T2-12GBNQ 12 GB,,"3,1333","6,2",,Red / Silver,13.503,9.0
G.Skill Ripjaws+ Turbulence II 4 GB,,"3,2000","2,2",,Black / Red,9.0,9.0
G.Skill F3-10666CL9D-4GBNQ 4 GB,,"3,1333","2,2",,Red / Silver,13.503,9.0
G.Skill NS 2 GB,,"3,1333","1,2",,Green,13.503,9.0
G.Skill Ripjaws 4 GB,,"3,2000","2,2",,Black / Blue,9.0,9.0
G.Skill F3-10666CL9T-3GBNQ 3 GB,,"3,1333","3,1",,Red / Silver,13.503,9.0
G.Skill Ripjaws 12 GB,,"3,2000","3,4",,Black / Blue,9.0,9.0
G.Skill Ripjaws + Turbulence II 6 GB,,"3,2000","3,2",,Black / Red,9.0,9.0
G.Skill Trident+ Turbulence II 6 GB,,"3,2000","3,2",,Black / Red,9.0,9.0
G.Skill PIS 4 GB,,"3,2200","2,2",,Black / Blue,6.364,7.0
G.Skill Trident+ Turbulence II 4 GB,,"3,2000","2,2",,Black / Red,9.0,9.0
G.Skill Value 4 GB,,"3,1333","1,4",,Black,13.503,9.0
G.Skill Trident + Turbulence II 8 GB,,"3,2000","2,4",,Black / Red,9.0,9.0
G.Skill Trident+ Turbulence II 12 GB,,"3,2000","3,4",,Black / Red,9.0,9.0
G.Skill ECO 8 GB,,"3,1333","4,2",,Silver,13.503,9.0
G.Skill PI + Turbulence 4 GB,,"3,2133","2,2",,Black / Blue,6.564,7.0
G.Skill Flare 8 GB,,"3,2000","2,4",,Black / Red,9.0,9.0
G.Skill Ripjaws X 8 GB,,"3,1600","2,4",,Black / Blue,8.75,7.0
G.Skill Ripjaws X + Turbulence II 8 GB,,"3,2133","2,4",,Black / Red,8.439,9.0
G.Skill Ripjaws X + Turbulence II 4 GB,,"3,2200","2,2",,Black / Red,8.182,9.0
G.Skill Ripjaws X + Turbulence II 4 GB,,"3,2133","2,2",,Black / Blue,6.564,7.0
G.Skill Ripjaws X + Turbulence II 4 GB,,"3,2133","2,2",,Black / Blue,8.439,9.0
ADATA XPG Gaming 6 GB,,"3,2000","3,2",,Black / Silver,9.0,9.0
ADATA XPG Gaming Series v2.0 8 GB,,"3,2000","2,4",,Black / Green,9.0,9.0
ADATA XPG Gaming 4 GB,,"3,2000","2,2",,Black / Silver,9.0,9.0
Corsair XMS3 4 GB,,"3,2000","2,2",,Black / White,9.0,9.0
Corsair XMS3 6 GB,,"3,2000","3,2",,Black / White,9.0,9.0
Corsair XMS3 12 GB,,"3,2000","3,4",,Black / White,9.0,9.0
Corsair Vengeance 8 GB,,"3,1866","2,4",,Black / Silver,9.646,9.0
Corsair Vengeance 6 GB,,"3,1600","3,2",,Black / Silver,10.0,8.0
Crucial Ballistix 4 GB,,"3,2133","2,2",,Black / Orange,8.439,9.0
Crucial Ballistix 6 GB,,"3,2133","3,2",,Black / Orange,8.439,9.0
Crucial Ballistix 4 GB,,"3,1866","2,2",,Black / Orange,9.646,9.0
Crucial Ballistix 2 GB,,"3,2133","1,2",,Black / Orange,8.439,9.0
Crucial Ballistix 2 GB,,"3,1866","1,2",,Black / Orange,9.646,9.0
Crucial Ballistix 6 GB,,"3,1866","3,2",,Black / Orange,9.646,9.0
Crucial Ballistix Tracer 4 GB,,"3,1333","2,2",,Red / Silver,10.503,7.0
Crucial Ballistix Smart Tracer 6 GB,,"3,1600","3,2",,Black / Silver,10.0,8.0
Crucial Ballistix Smart Tracer 2 GB,,"3,1600","1,2",,Black / Silver,10.0,8.0
Crucial Ballistix Smart Tracer 6 GB,,"3,1600","3,2",,Black / Silver,10.0,8.0
Crucial Ballistix Smart Tracer 4 GB,,"3,1600","2,2",,Black / Silver,10.0,8.0
Crucial Ballistix Smart Tracer 4 GB,,"3,1600","2,2",,Black / Silver,10.0,8.0
Crucial Ballistix Smart Tracer 2 GB,,"3,1600","1,2",,Black / Silver,10.0,8.0
G.Skill PI + Turbulence II 4 GB,,"3,2400","2,2",,Black / Blue,6.667,8.0
GeIL Black Dragon 4 GB,,"3,1066","2,2",,Black / Gold,13.133,7.0
GeIL Black Dragon 4 GB,,"3,1333","2,2",,Black / Gold,13.503,9.0
GeIL Black Dragon 4 GB,,"3,1333","2,2",,Black / Gold,10.503,7.0
GeIL Black Dragon 12 GB,,"3,1333","6,2",,Black / Gold,13.503,9.0
GeIL Black Dragon 4 GB,,"3,1333","2,2",,Black / Gold,9.002,6.0
GeIL Value PLUS 4 GB,,"3,1333","2,2",,Black / Silver,13.503,9.0
GeIL Value PLUS 12 GB,,"3,1333","6,2",,Black / Silver,13.503,9.0
GeIL Value PLUS 6 GB,,"3,1066","3,2",,Black / Silver,13.133,7.0
GeIL Value PLUS 4 GB,,"3,1333","2,2",,Black / Silver,10.503,7.0
GeIL Value PLUS 8 GB,,"3,1333","2,4",,Black / Silver,13.503,9.0
GeIL Value PLUS 4 GB,,"3,1066","1,4",,Black / Silver,13.133,7.0
GeIL Value PLUS 4 GB,,"3,1333","1,4",,Black / Silver,13.503,9.0
GeIL Value PLUS 8 GB,,"3,1066","2,4",,Black / Silver,13.133,7.0
GeIL Value PLUS 6 GB,,"3,1333","3,2",,Black / Silver,13.503,9.0
OCZ Reaper 4 GB,,"3,2000","2,2",,Black / Silver,9.0,9.0
OCZ Reaper X 8 GB,,"3,1333","2,4",,Black / Silver,13.503,9.0
OCZ Reaper Edition 8 GB,,"3,1333","2,4",,Black / Silver,13.503,9.0
OCZ Reaper HPC 4 GB,,"3,2133","2,2",,Black / Silver,8.439,9.0
OCZ Reaper HPC 16 GB,,"3,1333","4,4",,Black / Silver,13.503,9.0
OCZ Reaper HPC 24 GB,,"3,1333","6,4",,Black / Silver,13.503,9.0
GeIL Evo Two 4 GB,,"3,1333","2,2",,Black / Red,9.002,6.0
Patriot Viper II Sector 5 4 GB,1109.8,"3,1333","2,2",13.873,Black / Red,10.503,7.0
Patriot Viper II Sector 7 Edition 24 GB,,"3,1333","6,4",,Black / Blue,13.503,9.0
Patriot Viper II ‘Sector 7’ Edition 12 GB,,"3,2000","3,4",,Black / Blue,9.0,9.0
Patriot Viper II 'Sector 5' Edition 4 GB,,"3,2400","2,2",,Black / Red,7.5,9.0
Patriot Viper II 'Sector 5' Edition 4 GB,,"3,2133","2,2",,Black / Red,8.439,9.0
Patriot Viper II Sector 7 Edition 6 GB,,"3,2000","3,2",,Black / Blue,9.0,9.0
Patriot Viper II ‘Sector 5’ Edition 8 GB,,"3,2000","2,4",,Black / Red,9.0,9.0
"Patriot Viper Xtreme Series, Division 2 4 GB",1153.8,"3,1866","2,2",14.422,Black / Silver,9.646,9.0
Patriot Gamer 2 8 GB,,"3,1600","2,4",,Black / Blue,11.25,9.0
"Patriot Viper Xtreme Series, Division 2 8 GB",1448.19,"3,1600","2,4",9.051,Black / Silver,10.0,8.0
OCZ Gold 4 GB,,"3,1066","2,2",,Black / Gold,13.133,7.0
OCZ Gold 8 GB,,"3,1333","2,4",,Black / Gold,13.503,9.0
OCZ Gold 8 GB,,"3,1333","4,2",,Black / Gold,13.503,9.0
OCZ Platinum 4 GB,,"3,1333","2,2",,Silver,12.003,8.0
OCZ Platinum 4 GB,,"3,2000","2,2",,Silver,9.0,9.0
OCZ Gold 6 GB,,"3,2000","3,2",,Black / Gold,10.0,10.0
OCZ Platinum 4 GB,,"3,1333","2,2",,Silver,10.503,7.0
OCZ Gold 4 GB,,"3,1333","1,4",,Black / Gold,13.503,9.0
OCZ Gold 4 GB,,"3,2000","2,2",,Black / Gold,10.0,10.0
OCZ Platinum 4 GB,,"3,2133","2,2",,Silver,8.439,9.0
OCZ Platinum XTE 6 GB,,"3,1600","3,2",,Black / Silver,7.5,6.0
OCZ Platinum XTE 4 GB,,"3,1600","2,2",,Black / Silver,7.5,6.0
OCZ Platinum 24 GB,,"3,1333","6,4",,Silver,13.503,9.0
OCZ Gold 24 GB,,"3,1333","6,4",,Black / Gold,13.503,9.0
OCZ Platinum XTE 4 GB,,"3,2133","2,2",,Black / Silver,8.439,9.0
Kingston ValueRAM 2 GB,,"3,1066","2,1",,Green,13.133,7.0
Kingston ValueRAM 3 GB,,"3,1333","3,1",,Green,13.503,9.0
Mushkin Silverline 2 GB,,"3,1333","1,2",,White,13.503,9.0
Mushkin Silverline 6 GB,,"3,1333","3,2",,Silver,13.503,9.0
Mushkin Silverline 4 GB,,"3,1333","1,4",,Black / Gray,13.503,9.0
Mushkin Silverline 12 GB,,"3,1333","3,4",,Black / Gray,13.503,9.0
Mushkin Silverline 4 GB,,"3,1333","2,2",,Black / Gray,13.503,9.0
Mushkin Silverline 4 GB,,"3,1333","2,2",,White,13.503,9.0
Mushkin Blackline 4 GB,,"3,1333","2,2",,Black / Silver,12.003,8.0
Mushkin Blackline 6 GB,,"3,1333","3,2",,Black / Silver,12.003,8.0
Mushkin Blackline 4 GB,,"3,1333","2,2",,Black / Silver,10.503,7.0
Mushkin Blackline 6 GB,,"3,1333","3,2",,Black / Silver,10.503,7.0
Patriot Extreme Performance Gaming 6 GB,1434.0,"3,1333","3,2",11.95,Black / Green,13.503,9.0
Patriot G Series Sector 5 Edition 8 GB,,"3,1333","4,2",,Black / Red,13.503,9.0
Patriot G Series Sector 5 Edition 4 GB,,"3,2000","2,2",,Black / Red,9.0,9.0
GeIL Evo Two 4 GB,,"3,2000","2,2",,Black / Red,9.0,9.0
GeIL Ultra PLUS 4 GB,,"3,2000","2,2",,Black / Silver,9.0,9.0
GeIL Ultra PLUS 4 GB,,"3,1333","2,2",,Black / Silver,9.002,6.0
GeIL Value 2 GB,,"3,1066","1,2",,Silver,13.133,7.0
GeIL Value 2 GB,,"3,1333","1,2",,Silver,13.503,9.0
GeIL GV34GB1066C7DC 4 GB,,"3,1066","2,2",,Silver,13.133,7.0
Kingston HyperX T1 4 GB,,"3,2250","2,2",,Blue,8.0,9.0
OCZ Flex EX 12 GB,,"3,2133","3,4",,Black / Silver,9.376,10.0
Kingston HyperX 3 GB,,"3,2333","3,1",,Blue,7.715,9.0
Kingston HyperX 3 GB,,"3,2333","3,1",,Blue,7.715,9.0
Kingston HyperX 6 GB,,"3,2250","3,2",,Blue,8.0,9.0
OCZ Gold XTE 4 GB,,"3,2000","2,2",,Black / Gold,10.0,10.0
Kingston KVR1066D3N7K3/6G 6 GB,,"3,1066","3,2",,Green,13.133,7.0
Kingston KVR1066D3N7K3/3G 3 GB,,"3,1066","3,1",,Green,13.133,7.0
Kingston KVR1066D3/2GR 2 GB,,"3,1066","1,2",,Green,13.133,7.0
Kingston KVR1066D3K2/4GR 4 GB,,"3,1066","2,2",,Green,13.133,7.0
Kingston KVR1066D3N7K3/12G 12 GB,,"3,1066","3,4",,Green,13.133,7.0
Kingston KVR1333D3/4GR 4 GB,,"3,1333","1,4",,Green,13.503,9.0
Patriot PSD34G1333K 4 GB,,"3,1333","2,2",,Green,13.503,9.0
OCZ Flex II 8 GB,,"3,1333","2,4",,Black / Silver,13.503,9.0
OCZ Signature 4 GB,,"3,1333","2,2",,Red / Silver,13.503,9.0
Mushkin 991586 2 GB,,"3,1333","1,2",,Green,13.503,9.0
Patriot Signature 1 GB,,"3,1333","1,1",,Green,13.503,9.0
Mushkin Redline 4 GB,,"3,1600","2,2",,Red / Silver,7.5,6.0
Crucial CT2KIT12864BA1067 2 GB,,"3,1066","2,1",,Green,13.133,7.0
Kingston ValueRAM 2 GB,,"3,1066","2,1",,Green,13.133,7.0
Kingston HyperX Blu 4 GB,,"3,1600","2,2",,Gray / Silver,11.25,9.0
Kingston HyperX Grey 4 GB,,"3,2133","2,2",,Gray / Silver,8.439,9.0
Patriot Signature 4 GB,,"3,1600","2,2",,Green,11.25,9.0
OCZ Gold XTE 6 GB,,"3,2000","3,2",,Black / Gold,10.0,10.0
OCZ Platinum XTE 4 GB,,"3,2000","2,2",,Black / Silver,8.0,8.0
OCZ Platinum XTE 4 GB,,"3,2000","2,2",,Black / Silver,9.0,9.0
G.Skill PIS 4 GB,,"3,2000","2,2",,Black / Blue,9.0,9.0
Mushkin Silverline 4 GB,,"3,1600","2,2",,Black / Silver,11.25,9.0
Mushkin Silverline 6 GB,,"3,1600","3,2",,Black / Silver,11.25,9.0
G.Skill Ripjaws X + Turbulence II 8 GB,,"3,2200","2,4",,Black / Red,8.182,9.0
G.Skill Ripjaws X 4 GB,,"3,1866","2,2",,Black / Blue,8.574,8.0
G.Skill Ripjaws X 4 GB,,"3,2133","2,2",,Black / Red,8.439,9.0
G.Skill Ripjaws X + Turbulence II 4 GB,,"3,2133","2,2",,Black / Blue,7.501,8.0
G.Skill Ripjaws X + Turbulence II 8 GB,,"3,1866","2,4",,Black / Red,9.646,9.0
G.Skill Ripjaws X + Turbulence II 16 GB,,"3,2133","4,4",,Black / Red,8.439,9.0
Mushkin Radioactive 4 GB,,"3,1600","2,2",,Black / Yellow,7.5,6.0
Mushkin Blackline 4 GB,,"3,1600","2,2",,Black / Silver,7.5,6.0
Corsair Dominator 24 GB,,"3,1600","6,4",,Black / Blue,11.25,9.0
Corsair Dominator 4 GB,,"3,1600","2,2",,Black / Blue,11.25,9.0
Kingston KHX1333C7AD3/4G 4 GB,,"3,1333","1,4",,Blue / Silver,10.503,7.0
Mushkin Redline 8 GB,,"3,1600","2,4",,Red,8.75,7.0
Patriot Viper Xtreme 8 GB,2100.0,"3,1866","2,4",13.125,Black / Silver,9.646,9.0
G.Skill Ripjaws X + Turbulence II 4 GB,,"3,2200","2,2",,Black / Blue,8.182,9.0
G.Skill ECO 8 GB,,"3,1600","4,2",,Silver,11.25,9.0
Kingston HyperX T1 4 GB,,"3,1600","2,2",,Blue,11.25,9.0
Crucial Ballistix 3 GB,,"3,1600","3,1",,Black / White,10.0,8.0
Mushkin Redline 8 GB,,"3,1600","2,4",,Red / Silver,8.75,7.0
Mushkin Blackline 6 GB,,"3,1600","3,2",,Black / Silver,7.5,6.0
Mushkin Radioactive 6 GB,,"3,1600","3,2",,Yellow / Black,7.5,6.0
OCZ Gold 12 GB,,"3,1600","6,2",,Black / Gold,10.0,8.0
Corsair XMS 8 GB,,"3,1600","2,4",,Black / Blue,10.0,8.0
ADATA XPG Gaming 12 GB,,"3,1600","3,4",,Black / Silver,11.25,9.0
Crucial Ballistix 3 GB,,"3,1333","3,1",,Orange / White,10.503,7.0
Mushkin Blackline 8 GB,,"3,1600","2,4",,Black,11.25,9.0
Corsair Vengeance 4 GB,,"3,1600","2,2",,Black / Silver,11.25,9.0
Kingston HyperX T1 Black 6 GB,,"3,1600","3,2",,Black,11.25,9.0
Mushkin Redline 12 GB,,"3,1600","3,4",,Red,8.75,7.0
Mushkin Redline 12 GB,,"3,1600","3,4",,Red,8.75,7.0
Kingston HyperX T1 Black 12 GB,,"3,1600","3,4",,Black,11.25,9.0
Corsair XMS 8 GB,,"3,1333","4,2",,Black / Blue,13.503,9.0
Corsair Dominator GT 4 GB,,"3,2133","2,2",,Black / Red,8.439,9.0
Corsair Vengeance 4 GB,,"3,1600","2,2",,Black / Silver,11.25,9.0
Crucial Ballistix Sport 4 GB,,"2,800","2,2",,Black / Silver,12.5,5.0
Crucial Ballistix Sport 4 GB,,"3,1333","2,2",,Black / Silver,13.503,9.0
Crucial Ballistix Sport 6 GB,,"3,1333","3,2",,Black / Silver,13.503,9.0
Crucial Ballistix Sport 2 GB,,"2,800","1,2",,Black / Silver,12.5,5.0
Patriot Gamer 2 4 GB,,"3,1333","1,4",,Black / Blue,13.503,9.0
Patriot Gamer 2 4 GB,,"3,1600","1,4",,Black / Blue,11.25,9.0
Patriot Viper Xtreme 4 GB,,"3,1600","1,4",,Black / Silver,10.0,8.0
Crucial Ballistix Sport 4 GB,,"3,1600","2,2",,Black / Silver,12.5,10.0
Corsair Vengeance 4 GB,,"3,2000","2,2",,Black / Silver,9.0,9.0
Corsair Vengeance 6 GB,,"3,2000","3,2",,Black / Silver,10.0,10.0
Crucial Ballistix Sport 6 GB,,"3,1600","3,2",,Black / Silver,12.5,10.0
GeIL Value PLUS 4 GB,,"3,1600","2,2",,Black / Silver,10.0,8.0
G.Skill Sniper Low Voltage 8 GB,,"3,1600","2,4",,Black / Red,11.25,9.0
G.Skill Ripjaws X + Fan 16 GB,,"3,2200","4,4",,Black / Red,8.182,9.0
Corsair Vengeance 12 GB,,"3,2000","3,4",,Black / Silver,9.0,9.0
Crucial Ballistix Sport 4 GB,,"3,1600","1,4",,Black / Silver,12.5,10.0
Crucial Ballistix Sport 3 GB,,"3,1333","3,1",,Black / Silver,13.503,9.0
Crucial Ballistix Sport 4 GB,,"3,1333","1,4",,Black / Silver,13.503,9.0
Crucial Ballistix Sport 1 GB,,"3,1333","1,1",,Black / Silver,13.503,9.0
Crucial Ballistix Sport 2 GB,,"3,1600","2,1",,Black / Silver,12.5,10.0
Crucial Ballistix Sport 1 GB,,"3,1600","1,1",,Black / Silver,12.5,10.0
Mushkin Blackline 12 GB,,"3,1600","3,4",,Black,11.25,9.0
Mushkin Redline 8 GB,,"3,2133","2,4",,Red,8.439,9.0
Mushkin Redline 8 GB,,"3,1600","2,4",,Red,8.75,7.0
Mushkin Redline 12 GB,,"3,1600","3,4",,Red,8.75,7.0
Mushkin Ridgeback 8 GB,,"3,1600","2,4",,Black,10.0,8.0
Mushkin Ridgeback 12 GB,,"3,1600","3,4",,Black,10.0,8.0
Mushkin Redline 8 GB,,"3,2133","2,4",,Red,8.439,9.0
Crucial Ballistix Sport 8 GB,,"3,1600","2,4",,Black / Silver,12.5,10.0
Mushkin Blackline 8 GB,,"3,2000","2,4",,Black,9.0,9.0
Crucial Ballistix Sport 12 GB,,"3,1333","3,4",,Black / Silver,13.503,9.0
Mushkin Blackline 4 GB,,"3,1600","1,4",,Black,11.25,9.0
Mushkin Blackline 8 GB,,"3,2000","2,4",,Black,9.0,9.0
Mushkin Blackline 4 GB,,"3,1600","2,2",,Black / Silver,11.25,9.0
Mushkin Blackline 8 GB,,"3,1600","2,4",,Black,11.25,9.0
G.Skill Sniper Gaming 12 GB,,"3,1600","3,4",,Black / Red,11.25,9.0
Crucial Ballistix Sport 2 GB,,"3,1333","2,1",,Black / Silver,13.503,9.0
Crucial CT3KIT51264BA1339 12 GB,,"3,1333","3,4",,Green,13.503,9.0
Crucial Ballistix 6 GB,,"3,1600","3,2",,Black / Orange,10.0,8.0
Wintec One 4 GB,,"3,1600","2,2",,Black / Silver,11.25,9.0
ADATA Premier 8 GB,,"3,1333","2,4",,Blue / Silver,13.503,9.0
Wintec One 6 GB,,"3,1600","3,2",,Black / Silver,11.25,9.0
Mushkin Redline 12 GB,,"3,1600","3,4",,Red,8.75,7.0
Mushkin Blackline 12 GB,,"3,1600","3,4",,Black,10.0,8.0
Mushkin Blackline 8 GB,,"3,1600","2,4",,Black,10.0,8.0
Mushkin Blackline 8 GB,,"3,1866","2,4",,Black / Silver,9.646,9.0
ADATA Supreme 8 GB,,"3,1333","2,4",,Green,13.503,9.0
ADATA Supreme 4 GB,,"3,1333","1,4",,Green,13.503,9.0
ADATA AD2S800B2G5-R 2 GB,329.0,"2,800","1,2",8.225,Green,12.5,5.0
ADATA AD3S1066B2G7-R 2 GB,,"3,1066","1,2",,Green,13.133,7.0
ADATA AD3S1333B2G9-R 2 GB,707.2,"3,1333","1,2",17.68,Green,13.503,9.0
Corsair CMSO4GX3M1A1333C9 4 GB,459.79,"3,1333","1,4",5.747,Green,13.503,9.0
Corsair VS4GSDSKIT667D2 4 GB,,"2,667","2,2",,Green,14.993,5.0
Corsair CMSO2GX3M1A1333C9 2 GB,,"3,1333","1,2",,Green,13.503,9.0
Corsair VS1GSDS533D2 1 GB,399.6,"2,533","1,1",19.98,Green,15.009,4.0
Corsair VS2GSDS667D2 2 GB,,"2,667","1,2",,Green,14.993,5.0
Corsair CMSO4GX3M2A1333C9 4 GB,,"3,1333","2,2",,Green,13.503,9.0
Corsair CMSO8GX3M2A1333C9 8 GB,,"3,1333","2,4",,Green,13.503,9.0
Crucial CT51264AC667 4 GB,1589.6,"2,667","1,4",19.87,Green,14.993,5.0
Crucial CT2KIT12864AC800 2 GB,779.8,"2,800","2,1",19.495,Green,15.0,6.0
Crucial CT2KIT12864AC667 2 GB,,"2,667","2,1",,Green,14.993,5.0
Crucial CT51264AC800 4 GB,1297.8,"2,800","1,4",16.223,Green,15.0,6.0
Crucial CT25664BC1339 2 GB,,"3,1333","1,2",,Green,13.503,9.0
Crucial CT51264BC1339 4 GB,,"3,1333","1,4",,Green,13.503,9.0
Crucial CT2KIT51264AC800 8 GB,,"2,800","2,4",,Green,15.0,6.0
Crucial CT2KIT51264BC1067 8 GB,,"3,1066","2,4",,Green,13.133,7.0
Crucial CT25664AC667 2 GB,398.8,"2,667","1,2",9.97,Green,14.993,5.0
Crucial CT2KIT25664AC800 4 GB,745.6,"2,800","2,2",9.32,Green,15.0,6.0
Crucial CT2KIT12864BC1067 2 GB,,"3,1066","2,1",,Green,13.133,7.0
Crucial CT2KIT25664BC1339 4 GB,,"3,1333","2,2",,Green,13.503,9.0
Crucial CT2KIT6464AC667 1 GB,,"2,667","2,512",,Green,14.993,5.0
Crucial CT2KIT12864AC53E 2 GB,,"2,533","2,1",,Green,15.009,4.0
Crucial CT25664AC53E 2 GB,,"2,533","1,2",,Green,15.009,4.0
Crucial CT2KIT25664AC667 4 GB,699.8,"2,667","2,2",8.748,Green,14.993,5.0
Crucial CT12864AC667 1 GB,,"2,667","1,1",,Green,14.993,5.0
Crucial CT51264BC1067 4 GB,399.0,"3,1066","1,4",4.987,Green,13.133,7.0
Crucial CT25664AC800 2 GB,379.6,"2,800","1,2",9.49,Green,15.0,6.0
Crucial CT2KIT51264BC1339 8 GB,,"3,1333","2,4",,Green,13.503,9.0
G.Skill F2-6400CL5S-2GBSK 2 GB,,"2,800","1,2",,Black / Silver,12.5,5.0
G.Skill F2-6400CL6S-4GBSQ 4 GB,,"2,800","1,4",,Green,15.0,6.0
G.Skill F3-10666CL9D-8GBSQ 8 GB,516.79,"3,1333","2,4",3.23,Green,13.503,9.0
G.Skill F3-10600CL9D-8GBSQ 8 GB,1980.0,"3,1333","2,4",12.375,Green,13.503,9.0
G.Skill F2-6400CL6D-8GBSQ 8 GB,,"2,800","2,4",,Green,15.0,6.0
G.Skill F2-5300CL5S-2GBSK 2 GB,,"2,667","1,2",,Black / Silver,14.993,5.0
G.Skill F2-4200PHU1-1GBSA 1 GB,,"2,533","1,1",,Green,15.009,4.0
G.Skill F2-5300CL5S-2GBSQ 2 GB,,"2,667","1,2",,Green,14.993,5.0
G.Skill F2-5300CL4S-2GBSQ 2 GB,,"2,667","1,2",,Green,11.994,4.0
G.Skill F2-4200CL4S-2GBSK 2 GB,,"2,533","1,2",,Black / Silver,15.009,4.0
G.Skill F2-4200CL4S-2GBSQ 2 GB,,"2,533","1,2",,Green,15.009,4.0
G.Skill F3-8500CL7D-4GBSQ 4 GB,,"3,1066","2,2",,Green,13.133,7.0
G.Skill F2-5300PHU2-2GBSA 2 GB,,"2,667","2,1",,Green,14.993,5.0
G.Skill F2-4200PHU2-2GBSA 2 GB,,"2,533","2,1",,Green,15.009,4.0
G.Skill F2-6400CL5D-2GBSA 2 GB,,"2,800","2,1",,Green,12.5,5.0
G.Skill F2-5300CL5S-4GBSQ 4 GB,,"2,667","1,4",,Green,14.993,5.0
G.Skill F2-6400CL5S-1GBSA 1 GB,,"2,800","1,1",,Green,12.5,5.0
G.Skill F2-5300CL5D-4GBSA 4 GB,,"2,667","2,2",,Green,14.993,5.0
G.Skill F2-5300CL4S-1GBSA 1 GB,,"2,667","1,1",,Green,11.994,4.0
G.Skill F2-5300PHU1-1GBSA 1 GB,,"2,667","1,1",,Green,14.993,5.0
G.Skill F3-10666CL9S-4GBSQ 4 GB,302.39,"3,1333","1,4",3.78,Green,13.503,9.0
G.Skill F3-8500CL7S-4GBSQ 4 GB,,"3,1066","1,4",,Green,13.133,7.0
G.Skill F3-10600CL9S-2GBSQ 2 GB,,"3,1333","1,2",,Green,13.503,9.0
G.Skill F2-6400CL5D-4GBSQ 4 GB,,"2,800","2,2",,Green,12.5,5.0
G.Skill F3-8500CL7S-2GBSQ 2 GB,,"3,1066","1,2",,Green,13.133,7.0
G.Skill F2-6400CL5S-2GBSQ 2 GB,,"2,800","1,2",,Green,12.5,5.0
G.Skill F3-10666CL9S-2GBSQ 2 GB,,"3,1333","1,2",,Green,13.503,9.0
G.Skill F3-10666CL9D-4GBSQ 4 GB,,"3,1333","2,2",,Green,13.503,9.0
G.Skill F2-5300CL4D-2GBSA 2 GB,,"2,667","2,1",,Green,11.994,4.0
G.Skill F3-10600CL9S-4GBSQ 4 GB,,"3,1333","1,4",,Green,13.503,9.0
G.Skill F3-10600CL9D-4GBSQ 4 GB,,"3,1333","2,2",,Green,13.503,9.0
G.Skill F2-5300CL5D-8GBSQ 8 GB,,"2,667","2,4",,Green,14.993,5.0
GeIL GS34GB1066C7SC 4 GB,304.4,"3,1066","1,4",3.805,Green,13.133,7.0
GeIL GX2S5300-2GB 2 GB,,"2,667","1,2",,Green,14.993,5.0
GeIL GX2S6400-2GB 2 GB,,"2,800","1,2",,Green,12.5,5.0
Kingston KHX1600C9S3K2/4GX 4 GB,,"3,1600","2,2",,Blue / Silver,11.25,9.0
Kingston KVR533D2S4K2/2G 2 GB,,"2,533","2,1",,Green,15.009,4.0
Kingston ValueRAM 2 GB,,"3,1066","1,2",,Green,13.133,7.0
Kingston KVR1333D3S9/4G 4 GB,499.6,"3,1333","1,4",6.245,Green,13.503,9.0
Kingston KHX4200S2LL/2G 2 GB,,"2,533","1,2",,Blue / White,11.257,3.0
Kingston KVR667D2SO/2GR 2 GB,448.0,"2,667","1,2",11.2,Green,14.993,5.0
Kingston KVR800D2SO/2GR 2 GB,,"2,800","1,2",,Green,15.0,6.0
Kingston KVR800D2S5/2G 2 GB,,"2,800","1,2",,Green,12.5,5.0
Kingston KVR1066D3S7/4G 4 GB,,"3,1066","1,4",,Green,13.133,7.0
Kingston KVR667D2S5/1G 1 GB,1048.8,"2,667","1,1",52.44,Green,14.993,5.0
Kingston KVR1066D3SOK2/8GR 8 GB,,"3,1066","2,4",,Green,13.133,7.0
Kingston KVR1066D3S7/1G 1 GB,,"3,1066","1,1",,Green,13.133,7.0
Kingston ValueRAM 2 GB,499.79,"2,667","2,1",12.495,Green,14.993,5.0
Kingston KHX1600C9S3K2/8GX 8 GB,,"3,1600","2,4",,Blue / Silver,11.25,9.0
Kingston KHX1600C9S3P1K2/4G 4 GB,,"3,1600","2,2",,Gray / Silver,11.25,9.0
Kingston KHX1600C9S3P1K2/8G 8 GB,,"3,1600","2,4",,Gray / Silver,11.25,9.0
Kingston KHX1866C11S3P1K2/4G 4 GB,,"3,1866","2,2",,Gray / Silver,11.79,11.0
Kingston KHX1866C11S3P1K2/8G 8 GB,,"3,1866","2,4",,Gray / Silver,11.79,11.0
Kingston ValueRAM 2 GB,,"3,1066","1,2",,Green,13.133,7.0
Kingston ValueRAM 4 GB,,"3,1066","2,2",,Green,13.133,7.0
Kingston KVR1333D3SOK2/8GR 8 GB,,"3,1333","2,4",,Green,13.503,9.0
Kingston KVR800D2SO/1GR 1 GB,,"2,800","1,1",,Green,12.5,5.0
Kingston KVR667D2S5/2G 2 GB,811.2,"2,667","1,2",20.28,Green,14.993,5.0
Kingston ValueRAM 2 GB,819.8,"3,1333","1,2",20.495,Green,13.503,9.0
Kingston KVR800D2S6K2/2G 2 GB,,"2,800","2,1",,Green,15.0,6.0
Kingston KHX6400S2ULK2/4G 4 GB,,"2,800","2,2",,Blue / White,10.0,4.0
Kingston KVR667D2SO/1GR 1 GB,,"2,667","1,1",,Green,14.993,5.0
Kingston KVR800D2S5/1G 1 GB,701.59,"2,800","1,1",35.08,Green,12.5,5.0
Kingston KVR800D2S6K2/4G 4 GB,1299.8,"2,800","2,2",,Green,15.0,6.0
Kingston KHX6400S2LLK2/4G 4 GB,,"2,800","2,2",,Blue / White,12.5,5.0
Kingston ValueRAM 4 GB,,"2,667","2,2",,Green,14.993,5.0
Kingston KHX1333C7S3K2/4G 4 GB,,"3,1333","2,2",,Blue / Silver,10.503,7.0
Kingston ValueRAM 4 GB,,"2,667","2,2",,Green,14.993,5.0
Kingston KVR1333D3SO/2GR 2 GB,,"3,1333","1,2",,Green,13.503,9.0
Kingston KVR533D2K2SO/2GR 2 GB,,"2,533","2,1",,Green,15.009,4.0
Kingston KVR800D2S5K2/4G 4 GB,,"2,800","2,2",,Green,12.5,5.0
Kingston KVR533D2S4/2G 2 GB,,"2,533","1,2",,Green,15.009,4.0
Kingston KVR800D2S6/1G 1 GB,360.0,"2,800","1,1",18.0,Green,15.0,6.0
Kingston ValueRAM 2 GB,,"2,667","2,1",,Green,14.993,5.0
Kingston KHX5300S2LLK2/4G 4 GB,,"2,667","2,2",,Blue / White,11.994,4.0
Kingston KVR533D2SO/1GR 1 GB,400.0,"2,533","1,1",20.0,Green,15.009,4.0
Kingston KHX5300S2LLK2/2G 2 GB,899.8,"2,667","2,1",22.495,Blue / Silver,11.994,4.0
Patriot Signature 8 GB,,"2,800","2,4",,Green,15.0,6.0
Mushkin Essentials 4 GB,,"3,1066","1,4",,Green,13.133,7.0
Patriot Signature 2 GB,400.0,"3,1333","1,2",10.0,Green,13.503,9.0
Mushkin Essentials 4 GB,611.79,"2,667","2,2",7.647,Green,14.993,5.0
Patriot PSD34G1066SK 4 GB,750.6,"3,1066","2,2",9.383,Green,13.133,7.0
Patriot Signature 8 GB,,"3,1600","2,4",,Green,13.75,11.0
Patriot Signature 4 GB,,"3,1600","2,2",,Green,13.75,11.0
Mushkin 991395 1 GB,,"2,533","1,1",,Green,15.009,4.0
Samsung MV-3T4G4/US 4 GB,,"3,1333","1,4",,Black,13.503,9.0
Mushkin Essentials 8 GB,,"3,1066","2,4",,Green,13.133,7.0
Mushkin Essentials 4 GB,,"2,667","1,4",,Green,14.993,5.0
Patriot Signature 2 GB,,"3,1600","1,2",,Green,13.75,11.0
Mushkin Essentials 2 GB,,"2,800","1,2",,Green,12.5,5.0
Patriot Signature 4 GB,,"2,800","1,4",,Green,15.0,6.0
Samsung MV-2S2G4/US 2 GB,,"2,800","1,2",,Black,15.0,6.0
Mushkin Essentials 1 GB,,"2,667","1,1",,Green,14.993,5.0
Mushkin Essentials 2 GB,375.79,"2,667","1,2",9.395,Green,14.993,5.0
PNY Optima 8 GB,,"3,1066","2,4",,Green,13.133,7.0
Mushkin Essentials 2 GB,,"2,667","2,1",,Green,14.993,5.0
Wintec AMPO 1 GB,,"2,667","1,1",,Green,14.993,5.0
Mushkin Essentials 4 GB,,"2,800","2,2",,Green,12.5,5.0
PNY Optima 4 GB,,"3,1066","1,4",,Green,13.133,7.0
Wintec 3AMD31333N-8G2K-R 8 GB,,"3,1333","2,4",,Green,13.503,9.0
Patriot Signature 4 GB,764.8,"3,1600","1,4",,Green,13.75,11.0
Mushkin Essentials 2 GB,,"2,667","1,2",,Green,11.994,4.0
Mushkin Essentials 4 GB,508.8,"3,1066","2,2",6.36,Green,13.133,7.0
Patriot PSD22G8002S 2 GB,594.4,"2,800","1,2",14.86,Green,15.0,6.0
Mushkin Essentials 4 GB,,"2,667","2,2",,Green,11.994,4.0
Patriot PSD22G6672S 2 GB,849.8,"2,667","1,2",21.245,Blue,14.993,5.0
Patriot PSD24G667SK 4 GB,,"2,667","2,2",,Blue,14.993,5.0
Transcend JM1333KSN-4G 4 GB,,"3,1333","1,4",,Green,13.503,9.0
Mushkin Essentials 2 GB,,"2,667","2,1",,Green,11.994,4.0
Mushkin Redline 8 GB,,"3,1600","2,4",,Red,8.75,7.0
G.Skill Sniper Gaming 12 GB,,"3,1600","3,4",,Black / Red,8.75,7.0
Crucial Ballistix Sport 12 GB,,"3,1600","3,4",,Black / Silver,12.5,10.0
Mushkin Blackline 12 GB,,"3,2000","3,4",,Black,9.0,9.0
Kingston KVR1333D3SOK2/4GR 4 GB,,"3,1333","2,2",,Green,13.503,9.0
Wintec One 12 GB,,"3,1600","3,4",,Black / Silver,11.25,9.0
G.Skill Ripjaws 24 GB,,"3,1600","6,4",,Black / Blue,8.75,7.0
Patriot Signature 4 GB,,"3,1066","1,4",,Green,13.133,7.0
G.Skill F2-5300CL5D-4GBSK 4 GB,,"2,667","2,2",,Black / Silver,14.993,5.0
Crucial CT2KIT51264AC667 8 GB,,"2,667","2,4",,Green,14.993,5.0
Wintec AMPX 6 GB,,"3,1600","3,2",,Black / Silver,10.0,8.0
G.Skill F2-6400CL5S-1GBSK 1 GB,,"2,800","1,1",,Blue / Silver,12.5,5.0
Wintec AMPO 2 GB,,"2,800","1,2",,Green,15.0,6.0
Wintec AMPO 4 GB,,"3,1333","2,2",,Green,13.503,9.0
Wintec AMPO 2 GB,,"2,667","1,2",,Green,14.993,5.0
Wintec AMPO 4 GB,,"2,800","2,2",,Green,12.5,5.0
Transcend aXeRAM 8 GB,,"3,2000","2,4",,Black / White,9.0,9.0
Samsung MV-2V1G4D/US 2 GB,730.0,"2,800","2,1",,Black,15.0,6.0
Samsung MV-2V2G4D/US 4 GB,,"2,800","2,2",,Black,15.0,6.0
Mushkin Silverline 4 GB,,"3,1600","1,4",,Gray / Silver,11.25,9.0
Corsair Vengeance 8 GB,,"3,1866","2,4",,Black / Red,9.646,9.0
Mushkin Radioactive 8 GB,,"3,1600","2,4",,Black / Yellow,11.25,9.0
Mushkin Radioactive 12 GB,,"3,1600","3,4",,Black / Yellow,11.25,9.0
Mushkin Radioactive 8 GB,,"3,1600","2,4",,Black / Yellow,8.75,7.0
Mushkin Silverline 12 GB,,"3,1600","3,4",,Gray / Silver,11.25,9.0
Mushkin Silverline 2 GB,,"2,800","1,2",,Gray / Silver,12.5,5.0
Crucial Ballistix Tracer 2 GB,,"3,1333","2,1",,Green / Silver,10.503,7.0
Mushkin Radioactive 12 GB,,"3,1600","3,4",,Black / Yellow,8.75,7.0
Mushkin 991555 2 GB,,"2,667","1,2",,Silver,14.993,5.0
Mushkin Redline 8 GB,,"3,1866","2,4",,Red,9.646,9.0
Mushkin Redline 8 GB,,"3,1866","2,4",,Red,9.646,9.0
Patriot Gamer 2 8 GB,,"3,1333","2,4",,Green,13.503,9.0
Patriot Gamer 2 8 GB,,"3,1333","2,4",,Green,10.503,7.0
Mushkin Essentials 4 GB,,"3,1333","2,2",,Green,13.503,9.0
Patriot Gamer 2 8 GB,,"3,1600","2,4",,Green,11.25,9.0
Patriot Gamer 2 4 GB,,"3,1600","2,2",,Green,10.0,8.0
Corsair Dominator GT 8 GB,,"3,1866","2,4",,Black / Red,9.646,9.0
Patriot Gamer 2 4 GB,,"3,1333","2,2",,Green,13.503,9.0
Patriot Gamer 2 4 GB,,"3,1333","2,2",,Green,10.503,7.0
Patriot Gamer 2 4 GB,,"3,1600","2,2",,Green,11.25,9.0
Samsung MV-3T2G4D/US 4 GB,,"3,1333","2,2",,Black,13.503,9.0
G.Skill F3-12800CL9S-4GBSQ 4 GB,296.0,"3,1600","1,4",3.7,Green,11.25,9.0
PNY MN4096SD3-1333 4 GB,,"3,1333","1,4",,Green,13.503,9.0
PNY MN8192KD3-1333 8 GB,,"3,1333","2,4",,Green,13.503,9.0
Wintec AMPO 4 GB,,"3,1333","1,4",,Green,13.503,9.0
Wintec One 8 GB,,"3,1600","2,4",,Black,11.25,9.0
Mushkin Ridgeback 12 GB,,"3,2000","3,4",,Black,9.0,9.0
Corsair Vengeance 4 GB,,"3,1600","2,2",,Black / Blue,11.25,9.0
Mushkin 991647 4 GB,302.0,"3,1333","1,4",3.775,Green,13.503,9.0
Mushkin Essentials 2 GB,341.0,"3,1333","1,2",8.525,Green,13.503,9.0
Patriot PSD38G1333SK 8 GB,,"3,1333","2,4",,Green,13.503,9.0
G.Skill Ripjaws X 4 GB,,"3,1866","2,2",,Black / Blue,9.646,9.0
Mushkin Silverline 2 GB,,"3,1333","1,2",,Gray / Silver,13.503,9.0
Mushkin 991741 4 GB,,"2,800","1,4",,Green,15.0,6.0
Samsung MV-3T2G4/US 2 GB,,"3,1333","1,2",,Black,13.503,9.0
Samsung MV-3T4G4D/US 8 GB,,"3,1333","2,4",,Black,13.503,9.0
ADATA Supreme 2 GB,,"2,800","1,2",,Green,15.0,6.0
ADATA Premier 4 GB,,"3,1333","1,4",,Green,13.503,9.0
Kingston KHX1866C11D3P1K2/4G 4 GB,,"3,1866","2,2",,Gray / Silver,11.79,11.0
Kingston KHX1866C9D3K3/12GX 12 GB,,"3,1866","3,4",,Blue / Silver,9.646,9.0
G.Skill Sniper Gaming + Turbulence 24 GB,,"3,1600","6,4",,Black / Red,8.75,7.0
Transcend JetRam 2 GB,,"3,1600","1,2",,Green,13.75,11.0
Transcend JetRam 4 GB,,"3,1600","1,4",,Green,13.75,11.0
Mushkin Blackline 6 GB,,"3,1600","3,2",,Black / Silver,8.75,7.0
Wintec AMPO 4 GB,,"3,1333","2,2",,Green,13.503,9.0
Mushkin Redline 6 GB,,"3,1600","3,2",,Red / Silver,8.75,7.0
Mushkin Blackline 4 GB,,"3,1600","2,2",,Black / Silver,10.0,8.0
Mushkin Blackline 6 GB,,"3,1600","3,2",,Black / Silver,10.0,8.0
Mushkin Blackline 8 GB,,"3,1600","2,4",,Black / Silver,10.0,8.0
Mushkin Blackline 12 GB,,"3,1600","3,4",,Black / Red,10.0,8.0
Mushkin Redline 4 GB,,"3,1600","2,2",,Red / Silver,8.75,7.0
Corsair XMS3 8 GB,,"3,1600","2,4",,Black / White,11.25,9.0
Wintec One 8 GB,1499.6,"3,1333","2,4",,Black / Silver,13.503,9.0
Patriot Extreme Performance 16 GB,,"3,1600","4,4",,Black / Blue,11.25,9.0
ADATA XPG Gaming 8 GB,,"3,1600","2,4",,Black / Silver,11.25,9.0
Wintec Value 8 GB,,"3,1333","2,4",,Green,13.503,9.0
Wintec Value 4 GB,,"3,1333","1,4",,Green,13.503,9.0
Kingston Value 6 GB,,"3,1333","3,2",,Green,13.503,9.0
Crucial Ballistix Elite 4 GB,,"3,1600","2,2",,Black / Silver,10.0,8.0
Crucial Ballistix Elite 2 GB,,"3,2133","1,2",,Black / Silver,8.439,9.0
Samsung MV-3T2G3D/US 4 GB,,"3,1600","2,2",,Black,13.75,11.0
Samsung MV-3T4G3D/US 8 GB,,"3,1600","2,4",,Black,13.75,11.0
Samsung MV-3T2G3/US 2 GB,,"3,1600","1,2",,Black,13.75,11.0
Samsung MV-3T4G3/US 4 GB,,"3,1600","1,4",,Black,13.75,11.0
Crucial Ballistix Elite 6 GB,,"3,1600","3,2",,Black / Silver,10.0,8.0
Crucial Ballistix Elite 4 GB,,"3,2000","1,4",,Black / Silver,9.0,9.0
Crucial Ballistix 8 GB,,"3,1600","2,4",,Black / Red,12.5,10.0
Crucial Ballistix 4 GB,,"3,1600","1,4",,Black / Red,12.5,10.0
Crucial CT25664BD1339 2 GB,,"3,1333","1,2",,Green,13.503,9.0
Crucial CT25664BD160B 2 GB,,"3,1600","1,2",,Green,13.75,11.0
Samsung MV-3V4G3/US 4 GB,,"3,1600","1,4",,Black,13.75,11.0
Crucial CT2KIT25664BD1339 4 GB,,"3,1333","2,2",,Green,13.503,9.0
Crucial CT3KIT25664BD1339 6 GB,,"3,1333","3,2",,Green,13.503,9.0
Crucial CT3KIT25664BD160B 6 GB,,"3,1600","3,2",,Green,13.75,11.0
Crucial CT3KIT51264BD1339 12 GB,,"3,1333","3,4",,Green,13.503,9.0
Wintec One 4 GB,867.2,"3,1600","2,2",,Black / Silver,11.25,9.0
Kingston KVR1333D3S8N9/2GKC 2 GB,,"3,1333","1,2",,Green,13.503,9.0
G.Skill Ripjaws X 8 GB,780.0,"3,1600","2,4",4.875,Black / Blue,11.25,9.0
Patriot Gamer 2 8 GB,1747.6,"3,1333","1,8",10.922,Black / Blue,13.503,9.0
"Patriot Gamer 2 Series, Division 2 Editi 16 GB",,"3,1333","4,4",,Black / Blue,13.503,9.0
Corsair Vengeance 8 GB,,"3,1600","2,4",,Black / Red,8.75,7.0
OCZ Gold 4 GB,,"3,1600","2,2",,Black / Gold,10.0,8.0
ADATA XPG Gaming Series v2.0 8 GB,,"3,1866","2,4",,Black / Green,9.646,9.0
Patriot Gamer 2 16 GB,,"3,1333","2,8",,Black / Blue,13.503,9.0
Patriot Signature 8 GB,,"3,1333","1,8",,Green,13.503,9.0
G.Skill F3-12800CL9S-4GBSK 4 GB,,"3,1600","1,4",,Black / White,11.25,9.0
G.Skill F3-12800CL9D-8GBSK 8 GB,,"3,1600","2,4",,Black / Silver,11.25,9.0
Wintec 3VH13339S9-8GK 8 GB,,"3,1333","2,4",,Green,13.503,9.0
Mushkin Essentials 4 GB,359.6,"3,1333","1,4",4.495,Green,13.503,9.0
Crucial CT2KIT51264BD1339 8 GB,,"3,1333","2,4",,Green,13.503,9.0
Corsair CMSO8GX3M1A1333C9 8 GB,,"3,1333","1,8",,Green,13.503,9.0
GeIL Enhance CORSA 4 GB,,"3,1333","2,2",,Black / Orange,13.503,9.0
GeIL Enhance CORSA 8 GB,,"3,1333","2,4",,Black / Orange,13.503,9.0
GeIL Value PLUS 2 GB,,"3,1333","1,2",,Black / Silver,13.503,9.0
GeIL Value PLUS 2 GB,,"3,1600","1,2",,Black / Silver,11.25,9.0
GeIL Value PLUS 4 GB,,"3,1333","2,2",,Black / Silver,13.503,9.0
GeIL EVO CORSA 16 GB,,"3,1866","4,4",,Black / Yellow,9.646,9.0
GeIL Enhance CORSA 16 GB,,"3,1333","4,4",,Black / Orange,13.503,9.0
GeIL Enhance CORSA 16 GB,,"3,1600","4,4",,Black / Orange,11.25,9.0
GeIL Enhance CORSA 4 GB,,"3,1600","2,2",,Black / Orange,11.25,9.0
GeIL Enhance CORSA 8 GB,,"3,1600","2,4",,Black / Orange,11.25,9.0
GeIL Evo Two 8 GB,,"3,1866","2,4",,Black / Red,9.646,9.0
GeIL Black Dragon 8 GB,,"3,1333","2,4",,Black / Gold,13.503,9.0
Mushkin Blackline 8 GB,,"3,2133","2,4",,Black,9.376,10.0
GeIL Black Dragon 8 GB,,"3,1600","2,4",,Black / Gold,11.25,9.0
GeIL Pristine 8 GB,,"3,1333","2,4",,Green,13.503,9.0
GeIL Pristine 2 GB,,"3,1333","1,2",,Green,13.503,9.0
GeIL Pristine 4 GB,,"3,1333","1,4",,Green,13.503,9.0
GeIL Pristine 4 GB,,"3,1333","2,2",,Green,13.503,9.0
GeIL GS38GB1333C9DC 8 GB,,"3,1333","2,4",,Green,13.503,9.0
GeIL GS34GB1333C9DC 4 GB,,"3,1333","2,2",,Green,13.503,9.0
GeIL GS34GB1066C7DC 4 GB,,"3,1066","2,2",,Green,13.133,7.0
GeIL GS38GB1066C7DC 8 GB,,"3,1066","2,4",,Green,13.133,7.0
G.Skill F3-12800CL11S-4GBSQ 4 GB,980.0,"3,1600","1,4",12.25,Green,13.75,11.0
Crucial Ballistix 4 GB,,"3,1600","2,2",,Black / Yellow,10.0,8.0
Wintec Value 2 GB,,"3,1333","1,2",,Green,13.503,9.0
Wintec Value 4 GB,,"2,800","2,2",,Green,15.0,6.0
Crucial Ballistix 8 GB,,"3,1866","2,4",,Black / Orange,9.646,9.0
Kingston KVR1333D3N9/4GKC 4 GB,,"3,1333","1,4",,Green,13.503,9.0
Patriot Signature 16 GB,1895.2,"3,1333","2,8",,Green,13.503,9.0
Wintec Value 2 GB,,"2,800","1,2",,Green,15.0,6.0
Wintec Value 4 GB,,"2,800","1,4",,Green,15.0,6.0
Crucial CT102464BF1339 8 GB,,"3,1333","1,8",,Green,13.503,9.0
GeIL EVO CORSA 8 GB,,"3,1600","2,4",,Black / Yellow,8.75,7.0
Crucial Ballistix 4 GB,,"3,1866","1,4",,Black / Orange,9.646,9.0
G.Skill Ripjaws X 8 GB,,"3,1333","4,2",,Black / Red,13.503,9.0
Kingston KVR1333D3S8S9/2GKC 2 GB,,"3,1333","1,2",,Green,13.503,9.0
Kingston KVR1333D3S9/4GKC 4 GB,,"3,1333","1,4",,Green,13.503,9.0
G.Skill Ripjaws X 8 GB,,"3,1600","4,2",,Black / Blue,8.75,7.0
G.Skill Ripjaws Z 32 GB,,"3,1866","8,4",,Black / Red,9.646,9.0
G.Skill Ripjaws Z 32 GB,,"3,2133","8,4",,Black / Red,10.314,11.0
GeIL EVO CORSA 16 GB,,"3,2400","4,4",,Black / Yellow,9.167,11.0
GeIL EVO CORSA 8 GB,,"3,2133","2,4",,Black / Yellow,8.439,9.0
GeIL EVO CORSA 32 GB,,"3,1333","4,8",,Black / Yellow,13.503,9.0
Mushkin Redline 16 GB,,"3,2133","4,4",,Red,8.439,9.0
Mushkin Redline 16 GB,,"3,1866","4,4",,Red,9.646,9.0
Mushkin Blackline 8 GB,,"3,1600","4,2",,Black / Silver,11.25,9.0
G.Skill Ripjaws Z 16 GB,,"3,1866","4,4",,Black / Red,9.646,9.0
G.Skill Ripjaws Z 16 GB,,"3,2400","4,4",,Black / Blue,9.167,11.0
Corsair Vengeance 8 GB,,"3,1600","4,2",,Black / Silver,11.25,9.0
Crucial CT2KIT25664BF1339 4 GB,699.8,"3,1333","2,2",8.748,Green,13.503,9.0
Crucial CT51264BF1339 4 GB,340.0,"3,1333","1,4",4.25,Green,13.503,9.0
Crucial Ballistix Elite 8 GB,,"3,2000","2,4",,Black / Silver,9.0,9.0
Kingston Value 6 GB,,"3,1066","3,2",,Green,13.133,7.0
Corsair Dominator 32 GB,,"3,1600","4,8",,Black / Blue,11.25,9.0
Corsair Vengeance 8 GB,,"3,1866","2,4",,Black / Gold,10.718,10.0
Corsair Vengeance 8 GB,,"3,1600","2,4",,Black / Gold,11.25,9.0
Corsair Vengeance 16 GB,,"3,1600","4,4",,Black / Silver,11.25,9.0
ADATA XPG Plus 8 GB,,"3,1333","2,4",,Red / Silver,12.003,8.0
AMD Entertainment Edition 2 GB,,"3,1600","1,2",,Black / Red,11.25,9.0
Corsair Vengeance 8 GB,,"3,1600","4,2",,Black / Gold,11.25,9.0
G.Skill F3-12800CL11D-8GBSA 8 GB,,"3,1600","2,4",,Green,13.75,11.0
G.Skill Ripjaws Z 8 GB,,"3,1600","4,2",,Black / Blue,10.0,8.0
Corsair Vengeance 16 GB,,"3,1600","4,4",,Black / Gold,11.25,9.0
Corsair Vengeance 8 GB,,"3,2133","2,4",,Black / Red,8.439,9.0
G.Skill Ripjaws X 8 GB,,"3,1600","4,2",,Black / Red,11.25,9.0
G.Skill Ripjaws X 8 GB,,"3,1866","4,2",,Black / Red,9.646,9.0
Patriot G2 16 GB,,"3,1600","4,4",,Black / Blue,11.25,9.0
G.Skill Sniper Gaming 16 GB,,"3,2133","4,4",,Black / Red,10.314,11.0
GeIL GS38GB1333C9SC 8 GB,,"3,1333","1,8",,Green,13.503,9.0
GeIL GS316GB1333C9DC 16 GB,,"3,1333","2,8",,Green,13.503,9.0
AMD Entertainment Edition 2 GB,,"3,1333","1,2",,Black / Red,13.503,9.0
Mushkin Blackline 16 GB,,"3,1600","4,4",,Black / Red,10.0,8.0
Mushkin Redline 16 GB,,"3,2133","4,4",,Red,8.439,9.0
GeIL EVO CORSA 16 GB,,"3,2400","4,4",,Black / Yellow,8.333,10.0
GeIL EVO CORSA 8 GB,,"3,2133","2,4",,Black / Yellow,8.439,9.0
AMD Entertainment Edition 4 GB,,"3,1600","1,4",,Black / Red,11.25,9.0
Pareema MD313C81609L1 4 GB,,"3,1333","1,4",,Blue,13.503,9.0
Pareema MD313C81609L2 8 GB,,"3,1333","2,4",,Blue,13.503,9.0
Pareema MD313C81609S1 4 GB,,"3,1333","1,4",,Blue,13.503,9.0
Pareema MD313C80809L2 4 GB,,"3,1333","2,2",,Blue,13.503,9.0
Pareema MD313C80809L1 2 GB,,"3,1333","1,2",,Blue,13.503,9.0
Crucial Ballistix Elite 2 GB,,"3,1866","1,2",,Black / Silver,9.646,9.0
Crucial Ballistix Elite 4 GB,,"3,1600","1,4",,Black / Silver,10.0,8.0
Crucial Ballistix Elite 2 GB,,"3,1600","1,2",,Black / Silver,10.0,8.0
Mushkin Redline 8 GB,,"3,2133","4,2",,Red / Silver,8.439,9.0
Mushkin Essentials 8 GB,,"3,1333","1,8",,Green,13.503,9.0
Mushkin Silverline 8 GB,,"3,1333","1,8",,Gray / Silver,13.503,9.0
Mushkin Essentials 8 GB,,"3,1600","2,4",,Green,13.75,11.0
G.Skill F3-10666CL9S-8GBSQ 8 GB,422.0,"3,1333","1,8",2.638,Green,13.503,9.0
Pareema MD313D81609L1 8 GB,,"3,1333","1,8",,Green,13.503,9.0
Corsair Dominator 16 GB,,"3,1866","4,4",,Black / Blue,9.646,9.0
Pareema MD313C80809S1 2 GB,,"3,1333","1,2",,Blue,13.503,9.0
Pareema MD313C81609S2 8 GB,,"3,1333","2,4",,Black,13.503,9.0
Pareema MD316C81611L2 8 GB,,"3,1600","2,4",,Green,13.75,11.0
Pareema MD316C81611L1 4 GB,,"3,1600","1,4",,Green,13.75,11.0
Pareema MD313D81609L2 16 GB,,"3,1333","2,8",,Green,13.503,9.0
Pareema MD316C81609L1 4 GB,,"3,1600","1,4",,Green,11.25,9.0
Pareema MD316C81609L2 8 GB,,"3,1600","2,4",,Green,11.25,9.0
Crucial Ballistix 2 GB,,"3,1600","1,2",,Black / Yellow,10.0,8.0
Mushkin Silverline 16 GB,,"3,1333","4,4",,Gray / Silver,13.503,9.0
ADATA Premier 4 GB,,"2,800","1,4",,Green,15.0,6.0
Mushkin Redline 16 GB,,"3,1600","4,4",,Red,8.75,7.0
Mushkin Blackline 16 GB,,"3,1600","4,4",,Black,11.25,9.0
Mushkin Redline 16 GB,,"3,1600","4,4",,Red,8.75,7.0
Mushkin Essentials 2 GB,329.6,"3,1600","1,2",8.24,Green,13.75,11.0
Mushkin Redline 16 GB,,"3,1600","4,4",,Red,8.75,7.0
Mushkin Blackline 16 GB,,"3,2133","4,4",,Black,9.376,10.0
Kingston Value 4 GB,,"3,1066","2,2",,Green,13.133,7.0
GeIL EVO CORSA 8 GB,,"3,2400","2,4",,Black / Yellow,8.333,10.0
GeIL EVO CORSA 16 GB,,"3,1600","2,8",,Black / Yellow,11.25,9.0
GeIL EVO CORSA 8 GB,,"3,2400","2,4",,Black / Yellow,9.167,11.0
GeIL EVO CORSA 16 GB,,"3,1600","2,8",,Black / Yellow,12.5,10.0
GeIL EVO CORSA 32 GB,,"3,1600","4,8",,Black / Yellow,12.5,10.0
G.Skill Sniper 8 GB,,"3,2133","2,4",,Black / Red,8.439,9.0
GeIL Evo Two 16 GB,,"3,1333","2,8",,Black / Red,13.503,9.0
GeIL Evo Two 8 GB,,"3,2400","2,4",,Black / Red,8.333,10.0
G.Skill Sniper 8 GB,,"3,2133","2,4",,Black / Red,10.314,11.0
GeIL Evo Two 16 GB,,"3,1600","2,8",,Black / Red,12.5,10.0
GeIL Evo Two 32 GB,,"3,1600","4,8",,Black / Red,12.5,10.0
GeIL Evo Two 16 GB,,"3,1600","2,8",,Black / Red,11.25,9.0
Corsair Vengeance 16 GB,,"3,1600","4,4",,Black / Yellow,11.25,9.0
Crucial Ballistix 4 GB,,"3,1333","1,4",,Black / Yellow,10.503,7.0
Mushkin Silverline 16 GB,,"3,1333","2,8",,Gray / Silver,13.503,9.0
Mushkin Essentials 8 GB,,"3,1333","1,8",,Green,13.503,9.0
G.Skill Sniper Gaming 16 GB,,"3,1600","4,4",,Black / Red,11.25,9.0
G.Skill F3-10600CL9D-16GBSQ 16 GB,,"3,1333","2,8",,Green,13.503,9.0
GeIL Black Dragon 16 GB,,"3,1600","2,8",,Black / Gold,12.5,10.0
GeIL Black Dragon 16 GB,,"3,1333","2,8",,Black / Gold,13.503,9.0
Crucial Ballistix 6 GB,,"3,1600","3,2",,Black / Yellow,10.0,8.0
Mushkin Redline 16 GB,,"3,1600","4,4",,Red / Silver,8.75,7.0
Kingston KHX1600C9D3K8/32GX 32 GB,,"3,1600","8,4",,Blue / Silver,11.25,9.0
G.Skill Ripjaws Z 64 GB,,"3,1333","8,8",,Black / Red,13.503,9.0
Corsair Vengeance 8 GB,,"3,1600","2,4",,Black / Red,11.25,9.0
Corsair Dominator 16 GB,,"3,1600","4,4",,Black / Blue,11.25,9.0
Kingston KHX1866C9D3K2/8GX 8 GB,,"3,1866","2,4",,Blue / Silver,9.646,9.0
Mushkin Silverline 32 GB,,"3,1333","4,8",,Gray / Silver,13.503,9.0
Mushkin Essentials 16 GB,,"3,1333","2,8",,Green,13.503,9.0
G.Skill F3-10600CL9S-8GBSQ 8 GB,,"3,1333","1,8",,Green,13.503,9.0
Mushkin Blackline 16 GB,,"3,1600","4,4",,Black,10.0,8.0
Mushkin Blackline 12 GB,,"3,1600","3,4",,Black,10.0,8.0
Mushkin Blackline 12 GB,,"3,1600","3,4",,Black,10.0,8.0
Mushkin Blackline 16 GB,,"3,1600","4,4",,Black,10.0,8.0
Mushkin Blackline 8 GB,,"3,1600","2,4",,Black,10.0,8.0
Mushkin Blackline 8 GB,,"3,1600","2,4",,Gray / Silver,10.0,8.0
Corsair Vengeance 8 GB,,"3,1600","2,4",,Black / Blue,10.0,8.0
Wintec Value 4 GB,,"2,800","2,2",,Green,15.0,6.0
Crucial Ballistix Smart Tracer 4 GB,,"3,1600","1,4",,Black / Silver,10.0,8.0
Mushkin Essentials 32 GB,,"3,1333","4,8",,Green,13.503,9.0
Crucial Ballistix Smart Tracer 2 GB,,"3,1600","1,2",,Black / Silver,10.0,8.0
Crucial Ballistix Elite 4 GB,,"3,1866","2,2",,Black / Silver,9.646,9.0
Crucial Ballistix Sport 8 GB,,"3,1333","2,4",,Black / Silver,13.503,9.0
Mushkin Essentials 16 GB,,"3,1066","2,8",,Green,13.133,7.0
Crucial Ballistix Smart Tracer 4 GB,,"3,1600","2,2",,Black / Silver,10.0,8.0
Crucial Ballistix Sport 4 GB,,"3,1333","1,4",,Black / Silver,13.503,9.0
Crucial Ballistix Smart Tracer 4 GB,,"3,1600","1,4",,Black / Silver,10.0,8.0
Crucial Ballistix Smart Tracer 6 GB,,"3,1600","3,2",,Black / Silver,10.0,8.0
Kingston T1 8 GB,,"3,1600","2,4",,Blue,11.25,9.0
Crucial Ballistix Smart Tracer 4 GB,,"3,1600","2,2",,Black / Silver,10.0,8.0
AMD Entertainment Edition 2 GB,,"3,1333","1,2",,Black,13.503,9.0
AMD Entertainment Edition 2 GB,,"3,1600","1,2",,Blue,11.25,9.0
AMD Performance Edition 4 GB,,"3,1333","2,2",,Black / Red,12.003,8.0
AMD Performance Edition 4 GB,,"3,1600","2,2",,Black / Red,10.0,8.0
AMD Performance Edition 8 GB,,"3,1600","2,4",,Black / Red,10.0,8.0
Crucial Ballistix Sport 6 GB,,"3,1333","3,2",,Black / Silver,13.503,9.0
Crucial Ballistix 2 GB,,"3,1333","1,2",,Black / Yellow,10.503,7.0
Crucial Ballistix Sport 12 GB,,"3,1600","3,4",,Black / Silver,11.25,9.0
Crucial Ballistix Sport 4 GB,,"3,1333","2,2",,Black / Silver,13.503,9.0
Wintec Value 4 GB,,"3,1333","2,2",,Green,13.503,9.0
Crucial Ballistix Smart Tracer 8 GB,,"3,1600","2,4",,Black / Silver,10.0,8.0
Wintec Value 2 GB,,"2,667","1,2",,Green,14.993,5.0
G.Skill Ripjaws 4 GB,,"3,2000","2,2",,,9.0,9.0
Kingston LoVo 4 GB,,"3,1600","2,2",,Green / Silver,11.25,9.0
Kingston Blu 8 GB,,"3,1333","2,4",,Red / Silver,13.503,9.0
Kingston Blu 4 GB,,"3,1333","1,4",,Red / Silver,13.503,9.0
Kingston Blu 4 GB,,"3,1600","1,4",,Red / Silver,11.25,9.0
Kingston Blu 8 GB,,"3,1600","2,4",,Red / Silver,11.25,9.0
Kingston KHX2133C11D3K4/8GX 8 GB,,"3,2133","4,2",,Blue / Silver,10.314,11.0
Crucial Ballistix Sport 12 GB,,"3,1333","3,4",,Orange / White,13.503,9.0
AMD Entertainment Edition 4 GB,,"3,1600","1,4",,Blue,11.25,9.0
Corsair Vengeance 16 GB,,"3,2133","4,4",,Black / Red,8.439,9.0
AMD Entertainment Edition 4 GB,,"3,1333","1,4",,Blue,13.503,9.0
Kingston KVR1333D3S9/8G 8 GB,,"3,1333","1,8",,Green,13.503,9.0
Crucial Ballistix 6 GB,,"3,1333","3,2",,,10.503,7.0
Kingston T1 Black 8 GB,,"3,1866","2,4",,Black,9.646,9.0
Crucial Ballistix Elite 8 GB,,"3,1600","2,4",,Black / Silver,10.0,8.0
Crucial Ballistix Smart Tracer 12 GB,,"3,1600","3,4",,,10.0,8.0
Wintec Value 2 GB,,"2,800","1,2",,Green,12.5,5.0
Crucial Ballistix Elite 4 GB,,"3,1600","2,2",,Black / Silver,10.0,8.0
Corsair Vengeance 8 GB,,"3,1600","2,4",,Black / Gold,11.25,9.0
GeIL Black Dragon 32 GB,,"3,1333","4,8",,Black / Gold,13.503,9.0
Corsair Vengeance 32 GB,,"3,1600","8,4",,Black / Silver,11.25,9.0
Kingston T1 6 GB,,"3,1866","3,2",,Blue,9.646,9.0
GeIL Evo Two 32 GB,,"3,1333","4,8",,Black / Red,13.503,9.0
Crucial Ballistix Smart Tracer 2 GB,,"3,1600","1,2",,,10.0,8.0
Crucial Ballistix Elite 4 GB,,"3,1866","1,4",,Black / Silver,9.646,9.0
Crucial Ballistix Smart Tracer 6 GB,,"3,1600","3,2",,,10.0,8.0
Corsair Vengeance LP 4 GB,,"3,1600","1,4",,Black / Yellow,11.25,9.0
Patriot Viper Xtreme Division 4 16 GB,,"3,1866","4,4",,Black / Silver,9.646,9.0
Patriot G2 Series Division 2 Edition 16 GB,,"3,1600","2,8",,Black / Blue,11.25,9.0
Patriot Viper Xtreme Division 4 16 GB,,"3,1600","4,4",,Black / Silver,10.0,8.0
Patriot G2 Series Division 4 32 GB,,"3,1333","4,8",,Black / Blue,13.503,9.0
Corsair Vengeance 8 GB,,"3,1600","1,8",,Black / Gold,11.25,9.0
Corsair Vengeance 16 GB,,"3,1600","2,8",,Black / Gold,11.25,9.0
G.Skill Ripjaws Z 16 GB,,"3,1866","4,4",,Black / Blue,8.574,8.0
"Patriot Gamer 2 Series, Division 2 Editi 32 GB",,"3,1333","4,8",,,13.503,9.0
"Patriot Gamer 2 Series, Division 4 Editi 8 GB",,"3,1333","4,2",,Black / Blue,13.503,9.0
Kingston KHX1866C9D3K2/8G 8 GB,,"3,1866","2,4",,Blue / Silver,9.646,9.0
GeIL EVO CORSA 8 GB,,"3,1333","1,8",,Black / Yellow,13.503,9.0
GeIL EVO CORSA 64 GB,,"3,1600","8,8",,,12.5,10.0
G.Skill Ripjaws Z 16 GB,,"3,1600","4,4",,Black / Blue,10.0,8.0
G.Skill Ares 8 GB,,"3,1333","2,4",,Black / Orange,13.503,9.0
G.Skill Ares 16 GB,,"3,1866","4,4",,Black / Blue,9.646,9.0
G.Skill Ares 8 GB,,"3,2133","2,4",,Black / Orange,10.314,11.0
G.Skill Ares 16 GB,,"3,1600","4,4",,Black / Blue,11.25,9.0
G.Skill Ares 8 GB,,"3,1600","2,4",,Black / Blue,10.0,8.0
G.Skill Ares 16 GB,,"3,1600","4,4",,Black / Blue,10.0,8.0
G.Skill Ares 16 GB,,"3,1333","4,4",,Black / Orange,13.503,9.0
G.Skill Ares 16 GB,,"3,2133","4,4",,Black / Orange,10.314,11.0
G.Skill Ares 16 GB,,"3,2133","4,4",,Black / Blue,8.439,9.0
Crucial Ballistix 12 GB,,"3,1333","3,4",,Orange / White,10.503,7.0
G.Skill Ripjaws Z 32 GB,,"3,2133","4,8",,Black / Blue,8.439,9.0
Crucial Ballistix 16 GB,,"3,1600","2,8",,Black / Yellow,10.0,8.0
Crucial Ballistix 4 GB,,"3,1600","1,4",,Black / Yellow,10.0,8.0
G.Skill F3-1333C9S-8GSA 8 GB,,"3,1333","1,8",,Green,13.503,9.0
Crucial Ballistix 4 GB,,"3,1866","2,2",,Black / Orange,9.646,9.0
Crucial Ballistix Tactical Tracer 4 GB,,"3,1866","1,4",,Black / Silver,9.646,9.0
"Patriot Gamer 2, Division 4 Edition 32 GB",,"3,1600","4,8",,Black / Blue,11.25,9.0
GeIL EVO CORSA 32 GB,,"3,1866","8,4",,Black / Yellow,9.646,9.0
Corsair Dominator GT 32 GB,,"3,1866","4,8",,Black / Red,9.646,9.0
G.Skill Ripjaws Z 32 GB,,"3,2133","4,8",,Black / Red,10.314,11.0
G.Skill Ripjaws X + Turbulence II 8 GB,,"3,2400","2,4",,Black / Red,9.167,11.0
Crucial Ballistix Sport 6 GB,,"3,1600","3,2",,Orange / White,11.25,9.0
Kingston HyperX 8 GB,,"3,1866","4,2",,Blue / Silver,9.646,9.0
Crucial Ballistix Elite 16 GB,,"3,1866","2,8",,Black / Silver,9.646,9.0
Crucial Ballistix Tactical Tracer 4 GB,,"3,1866","1,4",,Black / Silver,9.646,9.0
PNY MD8192KD3-1866-X9 8 GB,,"3,1866","2,4",,,9.646,9.0
G.Skill Trident + Turbulence II 8 GB,,"3,2400","2,4",,,8.333,10.0
G.Skill Ripjaws X 16 GB,,"3,2133","4,4",,Black / Blue,8.439,9.0
G.Skill Ripjaws Z 32 GB,,"3,2400","4,8",,Black / Blue,8.333,10.0
PNY MD16384K4D3-1866-X9 16 GB,,"3,1866","4,4",,Black / Silver,9.646,9.0
PNY MD8192KD3-2133-X10 8 GB,,"3,2133","2,4",,Black / Silver,9.376,10.0
G.Skill Ripjaws X 8 GB,,"3,1866","4,2",,,8.574,8.0
G.Skill Ripjaws Z 64 GB,,"3,2133","8,8",,Black / Red,10.314,11.0
PNY MD16384K4D3-1600-X9 16 GB,,"3,1600","4,4",,,11.25,9.0
PNY MD16384K4D3-2133-X10 16 GB,,"3,2133","4,4",,Black / Red,9.376,10.0
G.Skill Ripjaws X 32 GB,,"3,2133","4,8",,Black / Blue,8.439,9.0
Mushkin Blackline 32 GB,,"3,1600","4,8",,Black,12.5,10.0
Mushkin Blackline 16 GB,,"3,1600","2,8",,Black / Silver,12.5,10.0
Mushkin Redline 8 GB,,"3,1600","2,4",,,8.75,7.0
Mushkin Redline 12 GB,,"3,1600","3,4",,,8.75,7.0
Mushkin Blackline 16 GB,,"3,1600","2,8",,Black,11.25,9.0
Mushkin Blackline 32 GB,,"3,1600","4,8",,Black,11.25,9.0
Mushkin Redline 16 GB,,"3,1600","4,4",,,8.75,7.0
Mushkin Redline 16 GB,,"3,1866","4,4",,,9.646,9.0
Mushkin Redline 12 GB,,"3,1866","3,4",,,9.646,9.0
Crucial Ballistix Tactical Tracer 8 GB,,"3,1866","2,4",,Black / Silver,9.646,9.0
GeIL EVO CORSA 32 GB,,"3,2133","8,4",,,9.376,10.0
GeIL EVO CORSA 32 GB,,"3,1600","8,4",,,11.25,9.0
GeIL Value PLUS 8 GB,,"3,1333","1,8",,Black / Silver,13.503,9.0
GeIL Value PLUS 16 GB,,"3,1333","2,8",,Black / Silver,13.503,9.0
GeIL Value PLUS 16 GB,,"3,1600","2,8",,Black / Silver,12.5,10.0
GeIL Value PLUS 8 GB,,"3,1600","1,8",,Black / Silver,12.5,10.0
GeIL EVO CORSA 16 GB,,"3,2400","2,8",,,9.167,11.0
Wintec Value 8 GB,,"3,1333","1,8",,,13.503,9.0
Crucial Ballistix 2 GB,,"3,1866","1,2",,Black / Yellow,9.646,9.0
"Patriot Viper Xtreme Series, Division Vi 8 GB",1747.6,"3,2133","2,4",10.922,Black / Silver,10.314,11.0
Mushkin Redline 8 GB,,"3,1866","2,4",,,9.646,9.0
Mushkin Redline 16 GB,,"3,1866","4,4",,,9.646,9.0
Mushkin Redline 12 GB,,"3,1866","3,4",,,9.646,9.0
Mushkin Redline 8 GB,,"3,1600","2,4",,,8.75,7.0
Mushkin Redline 16 GB,,"3,1600","4,4",,,8.75,7.0
Mushkin Redline 12 GB,,"3,1600","3,4",,,8.75,7.0
Mushkin Redline 8 GB,,"3,1866","2,4",,,9.646,9.0
GeIL EVO CORSA 32 GB,,"3,1600","4,8",,Black / Yellow,11.25,9.0
ADATA Premier 16 GB,,"3,1600","2,8",,Black / Red,13.75,11.0
Wintec Value 16 GB,,"3,1333","2,8",,Green,13.503,9.0
G.Skill F3-1600C10S-8GSQ 8 GB,,"3,1600","1,8",,Green,12.5,10.0
G.Skill F3-1600C10D-16GSQ 16 GB,758.6,"3,1600","2,8",2.371,Green,12.5,10.0
G.Skill F3-1600C11S-8GSQ 8 GB,,"3,1600","1,8",,Green,13.75,11.0
G.Skill F3-1600C11D-16GSQ 16 GB,,"3,1600","2,8",,Green,13.75,11.0
Crucial Ballistix 8 GB,,"3,1600","1,8",,Black / Orange,10.0,8.0
Corsair Vengeance 16 GB,,"3,1866","2,8",,Black / Silver,9.646,9.0
G.Skill Trident X 8 GB,,"3,2600","2,4",,Black / Red,7.692,10.0
GeIL EVO CORSA 32 GB,,"3,2400","4,8",,,9.167,11.0
Crucial Ballistix 12 GB,,"3,1600","3,4",,Black / Yellow,10.0,8.0
Crucial Ballistix Elite 8 GB,,"3,1866","1,8",,Black / Silver,9.646,9.0
Wintec Value 16 GB,,"3,1600","2,8",,Green,13.75,11.0
G.Skill Trident X 16 GB,,"3,2666","4,4",,Black / Red,8.252,11.0
G.Skill Trident X 16 GB,,"3,2600","4,4",,Black / Red,7.692,10.0
GeIL EVO CORSA 16 GB,,"3,1866","2,8",,Black / Yellow,9.646,9.0
G.Skill Ripjaws Z 16 GB,,"3,2400","4,4",,Black / Blue,8.333,10.0
Crucial Ballistix 8 GB,,"3,1600","4,2",,,11.25,9.0
ADATA Premier 16 GB,,"3,1600","2,8",,Blue,13.75,11.0
Crucial Ballistix Elite 6 GB,,"3,1600","3,2",,Black / Silver,10.0,8.0
GeIL GS38GB1600C10SC 8 GB,,"3,1600","1,8",,Green,12.5,10.0
GeIL GS316GB1600C10DC 16 GB,,"3,1600","2,8",,Green,12.5,10.0
Kingston KHX2400C11D3K4/8GX 8 GB,,"3,2400","4,2",,Blue / Silver,9.167,11.0
AMD Entertainment Edition 2 GB,,"3,1333","1,2",,Black,13.503,9.0
AMD Entertainment Edition 4 GB,,"3,1333","1,4",,Black,13.503,9.0
AMD Entertainment Edition 2 GB,,"3,1600","1,2",,Black,13.75,11.0
AMD Entertainment Edition 4 GB,,"3,1600","1,4",,Black,13.75,11.0
GeIL EVO CORSA 8 GB,,"3,2133","2,4",,Black / Yellow,10.314,11.0
GeIL EVO CORSA 16 GB,,"3,2133","2,8",,,10.314,11.0
Corsair XMS 16 GB,,"3,1600","2,8",,,12.5,10.0
ADATA XPG Gaming 16 GB,,"3,2133","2,8",,Gray / Silver,9.376,10.0
ADATA XPG Gaming 8 GB,,"3,2133","2,4",,,9.376,10.0
GeIL EVO CORSA 32 GB,,"3,2400","4,8",,,8.333,10.0
Kingston KHX16C9/8 8 GB,,"3,1600","1,8",,Blue / Silver,11.25,9.0
Corsair Vengeance 16 GB,3627.2,"3,2133","4,4",11.335,Black / Red,8.439,9.0
Corsair Vengeance 16 GB,,"3,2133","4,4",,Black / Blue,8.439,9.0
Corsair XMS 16 GB,,"3,1600","2,8",,Black / Blue,11.25,9.0
Kingston KHX18C9T1K4/16X 16 GB,,"3,1866","4,4",,Blue,9.646,9.0
Kingston KHX21C11T1K2/16X 16 GB,,"3,2133","2,8",,Black,10.314,11.0
Kingston KHX24C11T1K2/8X 8 GB,,"3,2400","2,4",,Blue,9.167,11.0
"Patriot Viper Xtreme Series, Division 2 8 GB",,"3,2400","2,4",,Black / Silver,9.167,11.0
Kingston KHX21C11T1BK2/16X 16 GB,,"3,2133","2,8",,,10.314,11.0
Kingston KHX21C11T1BK2/8X 8 GB,,"3,2133","2,4",,Black,10.314,11.0
Mushkin Essentials 8 GB,,"3,1600","1,8",,Green,13.75,11.0
Mushkin Essentials 16 GB,1013.6,"3,1600","2,8",3.167,Green,13.75,11.0
GeIL EVO CORSA 16 GB,,"3,2133","4,4",,Black / Yellow,10.314,11.0
Kingston KHX2133C11D3W1K2/8GX 8 GB,,"3,2133","2,4",,Black / Silver,10.314,11.0
Mushkin Redline 32 GB,,"3,1866","4,8",,Red,10.718,10.0
Mushkin Redline 32 GB,,"3,1866","4,8",,Red,10.718,10.0
Mushkin Redline 16 GB,,"3,1866","2,8",,,10.718,10.0
Mushkin Redline 16 GB,,"3,1866","2,8",,,10.718,10.0
Kingston KHX24C11K4/16X 16 GB,,"3,2400","4,4",,Blue / Silver,9.167,11.0
Kingston KHX21C11T1K2/8X 8 GB,,"3,2133","2,4",,Blue,10.314,11.0
Kingston KVR16S11/2 2 GB,,"3,1600","1,2",,,13.75,11.0
GeIL EVO VELOCE 8 GB,,"3,1600","2,4",,Red / Silver,11.25,9.0
GeIL EVO VELOCE 16 GB,,"3,1333","2,8",,Red / Silver,13.503,9.0
GeIL EVO VELOCE 16 GB,,"3,1600","2,8",,Red / Silver,11.25,9.0
GeIL EVO VELOCE 16 GB,,"3,1600","2,8",,Red / Silver,12.5,10.0
GeIL EVO VELOCE 16 GB,,"3,1600","4,4",,,11.25,9.0
"Patriot Viper Xtreme Series, Division 2 16 GB",,"3,1866","2,8",,Black / Silver,9.646,9.0
Kingston KHX16C9P1K2/16 16 GB,,"3,1600","2,8",,Black / Silver,11.25,9.0
Kingston KHX16S9P1K2/16 16 GB,,"3,1600","2,8",,Gray / Silver,11.25,9.0
G.Skill Trident X 16 GB,,"3,2600","2,8",,,8.462,11.0
Corsair Dominator Platinum 8 GB,,"3,2133","2,4",,,8.439,9.0
Corsair Vengeance 16 GB,2948.8,"3,1866","4,4",9.215,Black / Blue,9.646,9.0
GeIL EVO Leggara 16 GB,,"3,1600","2,8",,Black / Green,12.5,10.0
GeIL EVO Leggara 16 GB,,"3,2133","2,8",,Black / Green,10.314,11.0
Corsair Dominator Platinum 8 GB,,"3,1600","2,4",,Black / Silver,11.25,9.0
GeIL EVO Leggara 8 GB,,"3,1866","2,4",,Black / Green,9.646,9.0
GeIL EVO Leggara 16 GB,,"3,1866","2,8",,Black / Green,10.718,10.0
GeIL EVO Leggara 8 GB,,"3,2133","2,4",,Black / Green,10.314,11.0
Crucial CT2K2G3S1339M 4 GB,,"3,1333","2,2",,Green,13.503,9.0
Crucial CT2K4G3S1339M 8 GB,902.0,"3,1333","2,4",5.638,Green,13.503,9.0
GeIL EVO Leggara 16 GB,,"3,1600","4,4",,,11.25,9.0
Corsair Vengeance LP 16 GB,,"3,2133","4,4",,Black / Blue,8.439,9.0
GeIL EVO Leggara 8 GB,,"3,2400","2,4",,,9.167,11.0
GeIL EVO Leggara 32 GB,,"3,2400","4,8",,,8.333,10.0
Kingston KVR13N9S8H/4 4 GB,655.4,"3,1333","1,4",8.193,,13.503,9.0
GeIL EVO Leggara 8 GB,,"3,1600","2,4",,Black / Green,11.25,9.0
GeIL EVO Leggara 16 GB,,"3,1600","2,8",,Black / Green,11.25,9.0
Patriot Viper 3 8 GB,,"3,2133","2,4",,Black / Silver,10.314,11.0
Patriot Viper 3 32 GB,,"3,1600","4,8",,Black / Silver,12.5,10.0
Patriot Viper 3 8 GB,,"3,1866","2,4",,Black / Silver,9.646,9.0
Patriot Viper 3 16 GB,,"3,2133","2,8",,Black / Silver,10.314,11.0
Patriot Viper 3 32 GB,,"3,2133","4,8",,Black / Silver,10.314,11.0
GeIL EVO VELOCE 32 GB,,"3,1866","4,8",,Red / Silver,10.718,10.0
Kingston KHX16C10B1K2/16X 16 GB,,"3,1600","2,8",,Blue / Silver,12.5,10.0
G.Skill Sniper Gaming 16 GB,,"3,1600","2,8",,Black / Red,11.25,9.0
GeIL EVO Leggara 16 GB,,"3,2400","4,4",,,9.167,11.0
Kingston KVR1333D3S8N9HK2/4G 4 GB,,"3,1333","2,2",,Green,13.503,9.0
Mushkin Blackline 16 GB,,"3,1866","2,8",,Black,11.79,11.0
Mushkin Blackline 32 GB,,"3,1600","4,8",,Black,11.25,9.0
"Patriot Intel Extreme Master, Limited Ed 16 GB",,"3,1866","2,8",,Black / Blue,10.718,10.0
"Patriot Intel Extreme Master, Limited Ed 8 GB",,"3,1600","2,4",,Black / Blue,11.25,9.0
"Patriot Intel Extreme Master, Limited Ed 8 GB",,"3,1866","2,4",,Black / Blue,9.646,9.0
"Patriot Intel Extreme Master, Limited Ed 16 GB",,"3,1600","2,8",,Black / Blue,11.25,9.0
Mushkin Blackline 16 GB,,"3,1866","2,8",,Black,11.79,11.0
GeIL EVO Leggara 16 GB,,"3,1333","2,8",,Red / Silver,13.503,9.0
Kingston KVR1333D3N9HK3/12G 12 GB,,"3,1333","3,4",,Green,13.503,9.0
Patriot Viper 3 16 GB,,"3,1600","4,4",,Black / Silver,11.25,9.0
"Patriot Intel Extreme Master, Limited Ed 16 GB",,"3,1600","4,4",,Black / Blue,11.25,9.0
"Patriot Intel Extreme Master, Limited Ed 16 GB",,"3,1866","4,4",,Black / Blue,9.646,9.0
"Patriot Intel Extreme Master, Limited Ed 32 GB",,"3,1866","4,8",,Black / Blue,10.718,10.0
G.Skill Trident 8 GB,,"3,2400","2,4",,Black / Red,8.333,10.0
G.Skill Ripjaws Z 32 GB,,"3,2133","4,8",,Black / Red,10.314,11.0
G.Skill Trident 16 GB,,"3,2400","4,4",,Black / Red,8.333,10.0
GeIL EVO VELOCE 32 GB,,"3,1333","4,8",,Red / Silver,13.503,9.0
GeIL EVO VELOCE 32 GB,,"3,1600","4,8",,Red / Silver,12.5,10.0
Corsair Dominator Platinum 16 GB,,"3,1866","2,8",,Black / Silver,9.646,9.0
Corsair Dominator Platinum 8 GB,,"3,2133","2,4",,Black / Silver,8.439,9.0
Corsair Dominator Platinum 16 GB,,"3,2133","4,4",,Black / Silver,8.439,9.0
Kingston Blu Red 4 GB,,"3,1333","2,2",,Red / Silver,13.503,9.0
Kingston XMP Blu Red 4 GB,,"3,1600","2,2",,Red / Silver,11.25,9.0
Kingston Predator 8 GB,,"3,1600","2,4",,,11.25,9.0
Kingston Predator 8 GB,,"3,1866","2,4",,,9.646,9.0
Kingston Predator 8 GB,,"3,2400","2,4",,,9.167,11.0
Corsair Dominator Platinum 32 GB,,"3,1866","4,8",,Black / Silver,9.646,9.0
Corsair Vengeance 16 GB,,"3,2400","4,4",,Black / Red,7.5,9.0
"Patriot Intel Extreme Master, Limited Ed 32 GB",,"3,1600","4,8",,Black / Blue,11.25,9.0
Corsair Dominator Platinum 32 GB,,"3,1600","4,8",,Black / Silver,11.25,9.0
Kingston Blu Red 4 GB,,"3,1333","1,4",,Red / Silver,13.503,9.0
Kingston Blu Red 8 GB,,"3,1600","1,8",,Red / Silver,12.5,10.0
Kingston Blu Red 16 GB,,"3,1600","2,8",,,12.5,10.0
Kingston Blu Red 8 GB,,"3,1600","2,4",,,11.25,9.0
Kingston Blu Red 8 GB,,"3,1333","2,4",,Red / Silver,13.503,9.0
Kingston KHX16C9K2/16X 16 GB,,"3,1600","2,8",,Blue / Silver,11.25,9.0
Mushkin Redline 16 GB,,"3,2400","4,4",,,8.333,10.0
Mushkin Redline 8 GB,,"3,2400","2,4",,,8.333,10.0
GeIL EVO Leggara 32 GB,,"3,1333","4,8",,Black / Green,13.503,9.0
Mushkin Essentials 8 GB,,"3,1333","2,4",,Green,13.503,9.0
Mushkin Essentials 16 GB,,"3,1333","2,8",,Green,13.503,9.0
AMD Entertainment Edition 8 GB,,"3,1333","1,8",,Black / Red,13.503,9.0
Mushkin Silverline 16 GB,,"3,1600","2,8",,Gray / Silver,13.75,11.0
Mushkin Silverline 32 GB,,"3,1600","4,8",,Gray / Silver,13.75,11.0
Crucial CT25664BC1067T 2 GB,,"3,1066","1,2",,Green,13.133,7.0
Crucial CT2K4G3S1067M 8 GB,799.8,"3,1066","2,4",4.999,Green,13.133,7.0
Crucial CT2K4G3S160BM 8 GB,619.0,"3,1600","2,4",3.869,Green,13.75,11.0
Lexar CT2KIT51264BF160B 8 GB,,"3,1600","2,4",,Green,13.75,11.0
Lexar CT2KIT51264BC160B 8 GB,,"3,1600","2,4",,,13.75,11.0
Crucial CT2KIT51264BC160B 8 GB,,"3,1600","2,4",,Green,13.75,11.0
AMD Entertainment Edition 16 GB,,"3,1600","2,8",,Black / Red,13.75,11.0
AMD Entertainment Edition 16 GB,,"3,1333","2,8",,Black / Red,13.503,9.0
Kingston Blu Red 2 GB,,"3,1333","1,2",,Red / Silver,13.503,9.0
Kingston Blu Red 2 GB,,"3,1600","1,2",,Red / Silver,11.25,9.0
GeIL EVO Leggara 16 GB,,"3,1866","2,8",,Black / Green,9.646,9.0
Patriot Viper 3 16 GB,,"3,1866","4,4",,Black / Silver,9.646,9.0
Kingston XMP Blu Red 16 GB,,"3,1600","2,8",,Red / Silver,12.5,10.0
Kingston Predator 16 GB,,"3,2133","2,8",,Black / Blue,10.314,11.0
Patriot Viper 3 32 GB,,"3,1600","4,8",,Black / Red,12.5,10.0
Patriot Viper 3 16 GB,,"3,1600","4,4",,Black / Red,11.25,9.0
Patriot Viper 3 32 GB,,"3,1866","4,8",,Black / Red,10.718,10.0
Patriot Viper 3 32 GB,,"3,1600","4,8",,Black / Red,11.25,9.0
Patriot Viper 3 16 GB,,"3,1600","2,8",,Black / Red,11.25,9.0
Patriot Viper 3 16 GB,,"3,1600","2,8",,Black / Red,12.5,10.0
Patriot Viper 3 8 GB,,"3,1600","2,4",,Black / Red,11.25,9.0
Corsair Vengeance 8 GB,,"3,2400","2,4",,Black / Silver,8.333,10.0
Corsair Vengeance 16 GB,,"3,2400","4,4",,Black / Silver,8.333,10.0
Corsair CMV4GX3M1A1600C11 4 GB,439.79,"3,1600","1,4",5.497,Green,13.75,11.0
Patriot Viper 3 16 GB,,"3,2133","4,4",,Black / Red,10.314,11.0
Patriot Viper 3 16 GB,,"3,2133","2,8",,Black / Red,10.314,11.0
Patriot Viper 3 8 GB,,"3,2133","2,4",,Black / Red,10.314,11.0
Kingston KVR1333D3S8N9HK3/6G 6 GB,1199.8,"3,1333","3,2",,Green,13.503,9.0
GeIL EVO VELOCE 32 GB,,"3,1600","4,8",,Red / Silver,11.25,9.0
Pareema MD316D81611S2 16 GB,,"3,1600","2,8",,Green,13.75,11.0
Pareema MD313D81609S1 8 GB,,"3,1333","1,8",,Green,13.503,9.0
Pareema MD313D81609S2 16 GB,,"3,1333","2,8",,Green,13.503,9.0
Pareema MD316C81611S1 4 GB,,"3,1600","1,4",,,13.75,11.0
Pareema MD316D81611S1 8 GB,,"3,1600","1,8",,Green,13.75,11.0
Corsair ValueSelect 8 GB,,"3,1600","1,8",,Green,11.25,9.0
Mushkin Blackline 8 GB,,"3,1600","2,4",,Green,11.25,9.0
Corsair Vengeance Performance 16 GB,,"3,1866","2,8",,Black / Gold,10.718,10.0
Corsair Dominator Platinum 64 GB,,"3,2133","8,8",,Black / Silver,8.439,9.0
Wintec Value 8 GB,,"3,1600","1,8",,,13.75,11.0
Corsair CMSO8GX3M2A1600C11 8 GB,,"3,1600","2,4",,Green,11.25,9.0
Corsair CMSO4GX3M1A1600C11 4 GB,459.79,"3,1600","1,4",5.747,Green,11.25,9.0
Mushkin Essentials 8 GB,,"2,800","2,4",,Green,15.0,6.0
Patriot Signature 4 GB,,"3,1600","1,4",,Black,13.75,11.0
Kingston KVR16N11H/2 2 GB,,"3,1600","1,2",,Green,13.75,11.0
Corsair CMSO4GX3M1B1333C9 4 GB,,"3,1333","1,4",,Black,13.503,9.0
Patriot Signature 4 GB,,"3,1333","1,4",,Black,13.503,9.0
Patriot Signature 16 GB,,"3,1600","2,8",,Green,13.75,11.0
Patriot Signature 8 GB,761.8,"3,1333","1,8",4.761,Black,13.503,9.0
Patriot Viper 3 32 GB,,"3,2133","4,8",,Black / Red,10.314,11.0
Patriot Viper 3 16 GB,,"3,1866","4,4",,Black / Red,9.646,9.0
Corsair Dominator Platinum 16 GB,,"3,2600","4,4",,,7.692,10.0
GeIL EVO VELOCE 16 GB,,"3,1866","2,8",,Red / Silver,9.646,9.0
Corsair Dominator Platinum 32 GB,,"3,2133","4,8",,Black / Silver,8.439,9.0
Corsair Vengeance LP 16 GB,,"3,1600","2,8",,Black / Blue,11.25,9.0
Corsair Vengeance LP 8 GB,,"3,1600","1,8",,Black / Blue,12.5,10.0
Corsair Vengeance 8 GB,,"3,1600","1,8",,Black / Blue,12.5,10.0
Corsair Dominator 16 GB,,"3,1866","2,8",,Black / Blue,9.646,9.0
Crucial Ballistix Tactical 4 GB,,"3,1600","1,4",,Black / Yellow,10.0,8.0
Corsair Vengeance LP 8 GB,,"3,1600","1,8",,Black / Yellow,11.25,9.0
Corsair Vengeance 64 GB,,"3,1866","8,8",,Black / Yellow,9.646,9.0
Corsair Vengeance 16 GB,,"3,1600","2,8",,,11.25,9.0
Corsair CMV8GX3M1A1600C11 8 GB,759.8,"3,1600","1,8",4.749,Green,13.75,11.0
Kingston Predator 16 GB,,"3,1866","2,8",,Black / Blue,9.646,9.0
Kingston Predator 32 GB,,"3,1600","4,8",,Black / Blue,11.25,9.0
Kingston Predator 8 GB,,"3,2133","2,4",,Black / Blue,10.314,11.0
G.Skill Ripjaws Z 16 GB,,"3,1866","2,8",,Black / Blue,9.646,9.0
G.Skill Ripjaws Z 32 GB,,"3,1866","4,8",,Black / Blue,9.646,9.0
Kingston Predator 16 GB,,"3,1866","4,4",,Black / Blue,9.646,9.0
Kingston KHX16LC10K2/16X 16 GB,,"3,1600","2,8",,Green / Silver,12.5,10.0
Kingston Predator 8 GB,,"3,1600","2,4",,Black / Blue,11.25,9.0
G.Skill Trident X 8 GB,,"3,2666","2,4",,,7.502,10.0
Kingston Blu Red 4 GB,,"3,1600","2,2",,Red / Silver,11.25,9.0
G.Skill Trident X 16 GB,,"3,2666","4,4",,,7.502,10.0
Corsair XMS 8 GB,,"3,1600","1,8",,Black / White,13.75,11.0
Kingston Blu 8 GB,,"3,1333","1,8",,Blue / Silver,13.503,9.0
Crucial Ballistix Sport 8 GB,,"3,1600","1,8",,Black / Silver,11.25,9.0
Kingston Predator 8 GB,,"3,2666","2,4",,Black / Blue,8.252,11.0
Mushkin Blackline 8 GB,,"3,2400","2,4",,Black,9.167,11.0
Mushkin Blackline 16 GB,,"3,2400","4,4",,Black,9.167,11.0
Mushkin Blackline 8 GB,,"3,2400","2,4",,Black,9.167,11.0
Corsair Dominator Platinum 16 GB,,"3,2800","4,4",,,7.857,11.0
G.Skill Trident X 16 GB,,"3,2400","4,4",,Black / Red,7.5,9.0
Corsair Vengeance Performance 32 GB,,"3,1866","4,8",,Black / Silver,9.646,9.0
Corsair Dominator Platinum 8 GB,,"3,2400","2,4",,,7.5,9.0
Crucial Ballistix Sport 4 GB,,"3,1600","1,4",,Black / Silver,11.25,9.0
Crucial Ballistix Sport 16 GB,,"3,1600","4,4",,Black / Silver,11.25,9.0
Kingston HyperX Beast 16 GB,,"3,1866","4,4",,Black,9.646,9.0
G.Skill Trident X 8 GB,,"3,2400","2,4",,Black / Red,7.5,9.0
Corsair Dominator Platinum 16 GB,,"3,2400","4,4",,Black / Silver,7.5,9.0
Corsair Dominator Platinum 16 GB,,"3,2666","4,4",,Black / Silver,7.502,10.0
Kingston HyperX Beast 32 GB,,"3,2400","4,8",,Black,9.167,11.0
Kingston HyperX Beast 16 GB,,"3,2400","4,4",,Black,9.167,11.0
Kingston HyperX Beast 32 GB,,"3,2133","4,8",,Black,10.314,11.0
Crucial Ballistix Elite 8 GB,,"3,2133","2,4",,,8.439,9.0
Crucial Ballistix Sport 8 GB,,"3,1600","2,4",,Black / Silver,11.25,9.0
Kingston HyperX Beast 16 GB,,"3,1866","2,8",,Black,10.718,10.0
Kingston HyperX 16 GB,,"3,1866","2,8",,Gray / Silver,11.79,11.0
ADATA XPG Gaming Series v2.0 8 GB,,"3,2400","2,4",,,8.333,10.0
G.Skill Trident X 16 GB,,"3,2800","4,4",,Black / Red,7.857,11.0
ADATA XPG Gaming Series v2.0 16 GB,,"3,2400","2,8",,Black / Green,9.167,11.0
Kingston Black 2 GB,,"3,1333","1,2",,Blue / Silver,13.503,9.0
GeIL EVO Leggara 32 GB,,"3,1600","4,8",,Black / Green,12.5,10.0
Kingston Black 4 GB,,"3,1333","1,4",,Black / Silver,13.503,9.0
Kingston Black 4 GB,,"3,1333","2,2",,Blue / Silver,13.503,9.0
Kingston Black 2 GB,,"3,1600","1,2",,Blue / Silver,11.25,9.0
Kingston XMP Black 4 GB,,"3,1600","2,2",,Black / Silver,11.25,9.0
Kingston Black 4 GB,,"3,1600","2,2",,Blue / Silver,11.25,9.0
Kingston XMP 10th Anniversary 8 GB,,"3,1866","2,4",,Gray / Silver,9.646,9.0
Kingston HyperX 10th Anniversary 4 GB,,"3,1866","1,4",,Gray / Silver,9.646,9.0
Mushkin Redline 16 GB,,"3,1600","2,8",,Red,10.0,8.0
Mushkin Redline 32 GB,,"3,1600","4,8",,Red,10.0,8.0
Mushkin Redline 32 GB,,"3,1600","4,8",,Red,10.0,8.0
Mushkin Redline 16 GB,,"3,1866","2,8",,Red,9.646,9.0
Mushkin Redline 16 GB,,"3,1866","2,8",,Red,9.646,9.0
Mushkin Redline 16 GB,,"3,1600","2,8",,Red,10.0,8.0
Kingston XMP 10th Anniversary 16 GB,,"3,2400","4,4",,Gray / Silver,9.167,11.0
Kingston XMP 10th Anniversary 16 GB,,"3,2133","4,4",,Gray / Silver,10.314,11.0
Kingston XMP 10th Anniversary 16 GB,,"3,1866","4,4",,Gray / Silver,9.646,9.0
GeIL EVO VELOCE 16 GB,,"3,2133","2,8",,Red / Silver,10.314,11.0
GeIL EVO VELOCE 32 GB,,"3,1866","4,8",,Red / Silver,9.646,9.0
G.Skill Trident X 8 GB,,"3,2800","2,4",,Black / Red,7.857,11.0
AMD Entertainment Edition 8 GB,,"3,1600","2,4",,,13.75,11.0
Kingston LV XMP 10th Anniversary 16 GB,,"3,1600","2,8",,Gray / Silver,12.5,10.0
Kingston XMP 10th Anniversary 16 GB,,"3,1600","4,4",,Gray / Silver,11.25,9.0
Kingston XMP 10th Anniversary 8 GB,,"3,1600","2,4",,Gray / Silver,11.25,9.0
Kingston XMP 10th Anniversary 16 GB,,"3,1600","2,8",,Gray / Silver,11.25,9.0
Kingston HyperX 10th Anniversary 8 GB,,"3,1600","1,8",,Gray / Silver,11.25,9.0
GeIL EVO VELOCE 16 GB,,"3,1866","2,8",,Red / Silver,10.718,10.0
Mushkin Redline 32 GB,,"3,1866","4,8",,Red,9.646,9.0
Corsair Dominator Platinum 16 GB,,"3,2800","4,4",,Black / Silver,8.571,12.0
GeIL EVO VELOCE 32 GB,,"3,2133","4,8",,Red / Silver,10.314,11.0
Kingston XMP 10th Anniversary 16 GB,,"3,1600","4,4",,Gray / Silver,11.25,9.0
GeIL GS34GB1333C9SC 4 GB,,"3,1333","1,4",,Green,13.503,9.0
Crucial CT2KIT51264BC160BDUP 8 GB,,"3,1600","2,4",,,13.75,11.0
AMD Entertainment Edition 16 GB,,"3,1600","2,8",,,13.75,11.0
Kingston KHX16LS9P1K2/16 16 GB,,"3,1600","2,8",,Gray / Silver,11.25,9.0
Kingston HyperX 8 GB,,"3,1600","2,4",,Green / Silver,11.25,9.0
Kingston 1500 4 GB,,"3,1600","1,4",,Gray / Silver,11.25,9.0
Kingston HyperX Beast 64 GB,,"3,2133","8,8",,Black,10.314,11.0
Kingston HyperX 8 GB,,"3,2133","2,4",,Gray / Silver,11.252,12.0
Mushkin Blackline 32 GB,,"3,1600","4,8",,Black,11.25,9.0
Mushkin Blackline 16 GB,,"3,1600","2,8",,Black,11.25,9.0
Mushkin Redline 32 GB,,"3,1866","4,8",,Red,9.646,9.0
G.Skill Ripjaws X 16 GB,,"3,2133","4,4",,Black / Blue,9.376,10.0
G.Skill Sniper 16 GB,,"3,2133","4,4",,Black / Red,9.376,10.0
G.Skill Ares 16 GB,,"3,2133","4,4",,Black / Blue,9.376,10.0
G.Skill Sniper 8 GB,,"3,2133","2,4",,Black / Red,9.376,10.0
G.Skill Ares 8 GB,,"3,2133","2,4",,,9.376,10.0
G.Skill Ares 32 GB,,"3,2133","4,8",,Black / Blue,9.376,10.0
GeIL EVO VELOCE 4 GB,,"3,1333","1,4",,Red / Silver,13.503,9.0
GeIL EVO VELOCE 16 GB,,"3,2400","2,8",,Red / Silver,9.167,11.0
G.Skill Ripjaws X 16 GB,,"3,2400","4,4",,Black / Blue,9.167,11.0
G.Skill Ares 16 GB,,"3,2400","4,4",,Black / Blue,9.167,11.0
Mushkin Stealth 16 GB,,"3,1600","4,4",,Black / Gold,11.25,9.0
Mushkin Stealth 16 GB,,"3,1600","4,4",,Black / Gold,11.25,9.0
Kingston HyperX Beast 64 GB,,"3,1866","8,8",,Black,10.718,10.0
Kingston HyperX Beast 16 GB,,"3,1866","2,8",,Black,10.718,10.0
GeIL EVO VELOCE 8 GB,,"3,1333","2,4",,Red / Silver,13.503,9.0
Mushkin Blackline 16 GB,,"3,1600","2,8",,Green,11.25,9.0
Mushkin Stealth 8 GB,,"3,1600","2,4",,Black / Gold,10.0,8.0
Mushkin Stealth 8 GB,,"3,1600","2,4",,Black / Gold,11.25,9.0
Mushkin Stealth 8 GB,,"3,1600","2,4",,Black / Gold,11.25,9.0
Mushkin Stealth 32 GB,,"3,1600","4,8",,Black / Gold,11.25,9.0
Mushkin Stealth 16 GB,,"3,1600","4,4",,Black / Gold,10.0,8.0
PNY MN8192SD3-1600-X9 8 GB,,"3,1600","1,8",,Green,11.25,9.0
Mushkin Stealth 12 GB,,"3,1600","3,4",,Black / Gold,10.0,8.0
Patriot Viper 3 4 GB,,"3,1600","1,4",,Black / Blue,11.25,9.0
Mushkin Stealth 16 GB,,"3,1600","2,8",,Black / Gold,11.25,9.0
Mushkin Stealth 12 GB,,"3,1600","3,4",,Black / Gold,11.25,9.0
Mushkin Stealth 12 GB,,"3,1600","3,4",,Black / Gold,11.25,9.0
Avexir MPower 16 GB,,"3,2133","4,4",,Black / Yellow,8.439,9.0
Avexir Core 8 GB,,"3,2133","2,4",,Black / Silver,8.439,9.0
Avexir Core 8 GB,,"3,1866","2,4",,Black / Silver,9.646,9.0
Corsair Vengeance Pro 16 GB,,"3,1866","2,8",,Black / Blue,9.646,9.0
Corsair Vengeance Pro 32 GB,,"3,1600","4,8",,Black / Silver,11.25,9.0
Corsair Vengeance Pro 32 GB,,"3,1866","4,8",,Black / Silver,9.646,9.0
Corsair Vengeance Pro 8 GB,,"3,1600","2,4",,Black / Silver,11.25,9.0
Corsair Vengeance Pro 8 GB,,"3,1600","2,4",,Black / Blue,11.25,9.0
Corsair Vengeance Pro 8 GB,,"3,1866","2,4",,Black / Blue,9.646,9.0
Corsair Vengeance Pro 8 GB,,"3,1866","2,4",,Black / Red,9.646,9.0
Corsair Vengeance Pro 8 GB,,"3,2133","2,4",,Black / Red,10.314,11.0
Corsair Vengeance Pro 8 GB,,"3,2133","2,4",,Black / Red,8.439,9.0
G.Skill Trident X 32 GB,,"3,2666","4,8",,Black / Red,8.252,11.0
Kingston M1G64KL110 8 GB,,"3,1600","1,8",,Green,13.75,11.0
Kingston M51264KL110S 4 GB,,"3,1600","1,4",,Green,13.75,11.0
Mushkin Redline 32 GB,,"3,2133","4,8",,,8.439,9.0
Mushkin Redline 32 GB,,"3,2133","4,8",,,8.439,9.0
Mushkin Redline 16 GB,,"3,2133","2,8",,,8.439,9.0
Mushkin Redline 16 GB,,"3,2133","2,8",,,8.439,9.0
PNY MN16384KD3-1600-X9 16 GB,,"3,1600","2,8",,,11.25,9.0
Patriot Signature Line 2 GB,,"3,1333","1,2",,Green,13.503,9.0
ADATA XPG™ Gaming v2.0 8 GB,,"3,2400","2,4",,,9.167,11.0
Corsair Vengeance Pro 8 GB,,"3,2133","2,4",,Black / Silver,8.439,9.0
G.Skill Trident X 8 GB,,"3,2800","2,4",,,8.571,12.0
Crucial Ballistix Sport XT 8 GB,,"3,1600","2,4",,,11.25,9.0
Crucial Ballistix Sport XT 4 GB,,"3,1600","1,4",,Black / Silver,11.25,9.0
Crucial Ballistix Sport XT 16 GB,,"3,1600","4,4",,,11.25,9.0
Crucial Ballistix Sport XT 32 GB,,"3,1600","4,8",,Blue / Silver,11.25,9.0
Crucial Ballistix Sport XT 32 GB,,"3,1866","4,8",,,10.718,10.0
Avexir Core 16 GB,,"3,1600","4,4",,Black / Yellow,11.25,9.0
GeIL EVO VELOCE 8 GB,,"3,2133","2,4",,Red / Silver,9.376,10.0
Mushkin Redline 32 GB,,"3,2400","4,8",,,8.333,10.0
Mushkin Redline 16 GB,,"3,2400","2,8",,,8.333,10.0
Avexir SODIMM 8 GB,,"3,1333","1,8",,Black / Green,13.503,9.0
Avexir Apple Memory 16 GB,,"3,1333","2,8",,Black / Green,13.503,9.0
Avexir Budget 8 GB,,"3,1333","1,8",,Black,13.503,9.0
Avexir Core 8 GB,,"3,1600","2,4",,Black / White,11.25,9.0
Avexir MPower 8 GB,,"3,1600","2,4",,Black / Yellow,11.25,9.0
Avexir Standard 8 GB,,"3,1600","2,4",,Black / Silver,11.25,9.0
Avexir Core 16 GB,,"3,1600","4,4",,Black / Red,11.25,9.0
Avexir MPower 16 GB,,"3,1600","4,4",,Black / Yellow,11.25,9.0
G.Skill Trident X 16 GB,,"3,2666","2,8",,Black / Red,9.002,12.0
Avexir Core 16 GB,,"3,1600","4,4",,Black / White,11.25,9.0
Crucial Ballistix Sport XT 4 GB,,"3,1866","1,4",,Blue / Silver,10.718,10.0
Crucial Ballistix Sport XT 16 GB,,"3,1866","4,4",,,10.718,10.0
Mushkin Blackline 32 GB,,"3,2133","4,8",,Black,9.376,10.0
Mushkin Blackline 32 GB,,"3,2133","4,8",,Black,9.376,10.0
Mushkin Blackline 16 GB,,"3,2400","2,8",,Black,9.167,11.0
Mushkin Blackline 16 GB,,"3,2400","2,8",,Black,9.167,11.0
Mushkin Blackline 16 GB,,"3,2133","2,8",,,9.376,10.0
Mushkin Blackline 16 GB,,"3,2133","2,8",,Black,10.314,11.0
Mushkin Blackline 32 GB,,"3,2133","4,8",,,10.314,11.0
Mushkin Blackline 32 GB,,"3,2133","4,8",,Black,10.314,11.0
Mushkin Blackline 16 GB,,"3,2133","2,8",,Black,10.314,11.0
GeIL EVO Leggara 16 GB,,"3,1866","4,4",,Black / Green,9.646,9.0
Mushkin Redline 32 GB,,"3,2400","4,8",,,8.333,10.0
Mushkin Blackline 32 GB,,"3,2400","4,8",,Black,9.167,11.0
Mushkin Blackline 32 GB,,"3,2400","4,8",,,9.167,11.0
Corsair CMSO8GX3M1B1333C9 8 GB,,"3,1333","1,8",,,13.503,9.0
ADATA XPG V2 8 GB,,"3,1600","2,4",,Black / Yellow,11.25,9.0
ADATA XPG V2 8 GB,,"3,2400","2,4",,Black / Yellow,9.167,11.0
ADATA XPG V2 8 GB,,"3,2400","2,4",,Black / Silver,9.167,11.0
ADATA XPG V2 8 GB,,"3,2600","2,4",,Black / Silver,8.462,11.0
ADATA XPG V2 16 GB,,"3,2600","2,8",,Black / Yellow,8.462,11.0
ADATA XPG V2 8 GB,,"3,2800","2,4",,Black / Silver,7.857,11.0
GeIL GEV38GB1866C10DC 8 GB,,"3,1866","2,4",,Red / Silver,10.718,10.0
Kingston KTL-TP3CL/4G 4 GB,600.0,"3,1600","1,4",7.5,,13.75,11.0
AMD Performance Edition 16 GB,,"3,1866","2,8",,Black / Red,9.646,9.0
Kingston KTL-TP3CL/8G 8 GB,699.0,"3,1600","1,8",4.369,,13.75,11.0
Kingston KTT-S3CL/4G 4 GB,,"3,1600","1,4",,,13.75,11.0
Kingston KTT-S3CL/8G 8 GB,,"3,1600","1,8",,,13.75,11.0
AMD Entertainment Edition 16 GB,,"3,1600","2,8",,Black / Red,11.25,9.0
AMD AE34G1609U1 4 GB,,"3,1600","1,4",,,11.25,9.0
AMD AE38G1609U1K 8 GB,,"3,1600","2,4",,,11.25,9.0
AMD AP38G1869U1K 8 GB,,"3,1866","2,4",,Black / Red,9.646,9.0
Avexir Server 8 GB,,"3,1333","1,8",,Black / Green,13.503,9.0
Avexir Apple Memory 8 GB,,"3,1333","1,8",,Green,13.503,9.0
Avexir Platinum 8 GB,,"3,1333","2,4",,Black,13.503,9.0
Avexir Green 8 GB,,"3,1333","1,8",,Black / Green,13.503,9.0
Avexir Platinum 16 GB,,"3,1333","2,8",,Black,13.503,9.0
Avexir Green 8 GB,,"3,1600","2,4",,Green,11.25,9.0
Avexir Core 16 GB,,"3,1600","4,4",,Black / Orange,11.25,9.0
Avexir Standard 16 GB,,"3,1600","4,4",,Black / Silver,11.25,9.0
Avexir Core 16 GB,,"3,1600","2,8",,Black / Blue,12.5,10.0
Avexir Core 32 GB,,"3,1600","4,8",,Black / Blue,12.5,10.0
ADATA XPG V2 16 GB,,"3,1600","2,8",,Black / Silver,11.25,9.0
ADATA XPG V2 16 GB,,"3,2400","2,8",,Black / Yellow,9.167,11.0
ADATA XPG V2 16 GB,,"3,2400","2,8",,Black / Silver,9.167,11.0
ADATA XPG V2 8 GB,,"3,2600","2,4",,Black / Yellow,8.462,11.0
ADATA XPG V2 16 GB,,"3,2600","2,8",,Black / Silver,8.462,11.0
ADATA XPG V2 8 GB,,"3,2800","2,4",,Black / Yellow,7.857,11.0
GeIL EVO VELOCE 16 GB,,"3,2133","2,8",,Red / Silver,9.376,10.0
Kingston KTD-L3CL/4G 4 GB,675.0,"3,1600","1,4",8.438,Green,13.75,11.0
G.Skill Trident X 8 GB,,"3,2800","2,4",,,8.571,12.0
G.Skill Trident X 8 GB,,"3,3000","2,4",,,8.0,12.0
Mushkin Stealth 16 GB,,"3,2800","4,4",,,8.571,12.0
Mushkin Stealth 16 GB,,"3,2800","4,4",,,8.571,12.0
Mushkin Stealth 8 GB,,"3,2800","2,4",,,8.571,12.0
Mushkin Stealth 8 GB,,"3,2800","2,4",,,8.571,12.0
G.Skill Trident X 16 GB,,"3,2800","4,4",,,8.571,12.0
G.Skill Ripjaws X 16 GB,,"3,2133","4,4",,,8.439,9.0
Crucial Ballistix Sport 8 GB,1198.0,"3,1600","2,4",7.487,,11.25,9.0
Crucial Ballistix Sport 16 GB,,"3,1600","2,8",,,11.25,9.0
Crucial Ballistix Sport 4 GB,629.0,"3,1600","1,4",7.862,Black / Silver,11.25,9.0
Crucial Ballistix Sport 8 GB,,"3,1600","1,8",,Black / Silver,11.25,9.0
G.Skill F3-1333C9D-8GSL 8 GB,,"3,1333","2,4",,,13.503,9.0
G.Skill F3-1333C9S-4GSL 4 GB,,"3,1333","1,4",,Green,13.503,9.0
G.Skill F3-1333C9S-8GSL 8 GB,,"3,1333","1,8",,,13.503,9.0
ADATA XPG Gaming 8 GB,,"3,1600","1,8",,Black / Silver,11.25,9.0
G.Skill F3-1333C9D-16GSL 16 GB,,"3,1333","2,8",,,13.503,9.0
Patriot Viper 3 16 GB,,"3,1600","2,8",,Black / Blue,12.5,10.0
Patriot Viper 3 16 GB,,"3,1600","2,8",,Black / Blue,11.25,9.0
TEAMGROUP Dark 16 GB,,"3,1600","2,8",,,11.25,9.0
TEAMGROUP Dark 8 GB,,"3,1600","2,4",,,11.25,9.0
TEAMGROUP Dark 8 GB,,"3,1866","2,4",,,9.646,9.0
TEAMGROUP Elite 4 GB,,"3,1066","2,2",,,13.133,7.0
TEAMGROUP TED38192M1333C9 8 GB,,"3,1333","1,8",,,13.503,9.0
TEAMGROUP Elite 8 GB,,"3,1333","2,4",,Red / Silver,13.503,9.0
TEAMGROUP TED38192M1600HC11DC 8 GB,,"3,1600","2,4",,Red / Silver,13.75,11.0
TEAMGROUP Elite 8 GB,,"3,1600","1,8",,,13.75,11.0
TEAMGROUP Elite 2 GB,,"2,667","1,2",,,14.993,5.0
TEAMGROUP Elite 2 GB,,"2,667","1,2",,,14.993,5.0
TEAMGROUP Elite 4 GB,,"2,667","2,2",,,14.993,5.0
TEAMGROUP Elite 4 GB,,"2,800","2,2",,,12.5,5.0
TEAMGROUP Elite 4 GB,,"2,800","2,2",,Black / Silver,12.5,5.0
TEAMGROUP Vulcan 16 GB,,"3,1600","2,8",,,12.5,10.0
TEAMGROUP Vulcan 8 GB,,"3,1600","2,4",,,11.25,9.0
TEAMGROUP Vulcan 8 GB,,"3,2400","2,4",,,8.333,10.0
TEAMGROUP Vulcan 8 GB,,"3,1600","2,4",,,11.25,9.0
TEAMGROUP TLD316G1600HC10ADC01 16 GB,,"3,1600","2,8",,Black / Red,12.5,10.0
TEAMGROUP Vulcan 16 GB,,"3,1600","2,8",,,12.5,10.0
TEAMGROUP Xtreem Dark 16 GB,,"3,1600","4,4",,,11.25,9.0
TEAMGROUP TXD316G1866HC9KQC-D 16 GB,,"3,1866","4,4",,,9.646,9.0
TEAMGROUP TXD316G2133HC11QC-L 16 GB,,"3,2133","4,4",,,10.314,11.0
TEAMGROUP TXD316G2133HC9NQC-L 16 GB,,"3,2133","4,4",,,8.439,9.0
TEAMGROUP Vulcan 32 GB,,"3,1600","4,8",,,11.25,9.0
TEAMGROUP Xtreem Dark 8 GB,,"3,1600","2,4",,Black / Silver,11.25,9.0
TEAMGROUP Xtreem LV 8 GB,,"3,2400","2,4",,,8.333,10.0
TEAMGROUP Xtreem 8 GB,,"3,2666","2,4",,Black / Red,8.252,11.0
Avexir Core 8 GB,,"3,1600","2,4",,Black / Red,11.25,9.0
Avexir Core 8 GB,,"3,1600","2,4",,Black / Yellow,11.25,9.0
Patriot Viper 3 16 GB,,"3,2133","2,8",,,10.314,11.0
Patriot Viper 3 8 GB,,"3,1866","2,4",,,9.646,9.0
ADATA XPG Gaming 4 GB,,"3,1600","1,4",,Black / Silver,11.25,9.0
G.Skill F3-1600C11D-16GSL 16 GB,734.4,"3,1600","2,8",2.295,Green,13.75,11.0
G.Skill F3-1600C11D-8GSL 8 GB,,"3,1600","2,4",,,13.75,11.0
G.Skill F3-1600C11S-4GSL 4 GB,,"3,1600","1,4",,,13.75,11.0
G.Skill F3-1600C9S-4GSL 4 GB,400.0,"3,1600","1,4",5.0,,11.25,9.0
Wintec AMPX 8 GB,,"3,1600","2,4",,Black / Silver,11.25,9.0
Wintec Value 4 GB,,"3,1600","1,4",,Green,11.25,9.0
Avexir Standard 8 GB,,"3,1333","2,4",,Black / Silver,13.503,9.0
Avexir Core 8 GB,,"3,1333","1,8",,Black / Blue,13.503,9.0
Avexir Platinum 8 GB,,"3,1333","1,8",,Black,13.503,9.0
Avexir Core 16 GB,,"3,1333","2,8",,Black / Blue,13.503,9.0
Avexir Standard 16 GB,,"3,1333","2,8",,Black / Silver,13.503,9.0
Avexir Core 8 GB,,"3,1600","2,4",,Black / Orange,11.25,9.0
Avexir Standard 16 GB,,"3,1600","2,8",,Black / Silver,12.5,10.0
Avexir Core 16 GB,,"3,1866","4,4",,Black / Blue,9.646,9.0
Avexir Core 8 GB,,"3,2000","2,4",,Black / Blue,9.0,9.0
Avexir Core 16 GB,,"3,2000","4,4",,Black / Blue,9.0,9.0
Corsair XMS 64 GB,,"3,1600","8,8",,Black / Silver,11.25,9.0
Corsair Vengeance Pro 32 GB,,"3,1600","4,8",,Black / Blue,11.25,9.0
Crucial Ballistix Sport 16 GB,,"3,1866","2,8",,,10.718,10.0
Crucial Ballistix Sport 8 GB,,"3,1866","1,8",,Black / Silver,10.718,10.0
Patriot Viper 3 16 GB,,"3,1866","2,8",,Black / Blue,10.718,10.0
Patriot Viper 3 8 GB,,"3,1600","2,4",,Black / Blue,11.25,9.0
Patriot Viper 3 8 GB,,"3,2133","2,4",,,10.314,11.0
Crucial Ballistix Sport 8 GB,,"3,1866","2,4",,,10.718,10.0
Crucial Ballistix Sport 4 GB,799.8,"3,1866","1,4",9.998,Black / Silver,10.718,10.0
Mushkin Blackline 16 GB,,"3,2666","4,4",,,9.002,12.0
Mushkin Stealth 16 GB,,"3,2666","4,4",,,9.002,12.0
Mushkin Blackline RADIOACTIVE 16 GB,,"3,2666","4,4",,,9.002,12.0
Mushkin Blackline 8 GB,,"3,2666","2,4",,,9.002,12.0
Mushkin Stealth 8 GB,,"3,2666","2,4",,,9.002,12.0
Mushkin Blackline RADIOACTIVE 8 GB,,"3,2666","2,4",,Yellow / Black,9.002,12.0
VisionTek 900390 2 GB,,"3,1600","1,2",,Black,10.0,8.0
VisionTek 900392 2 GB,,"3,1600","1,2",,Black,11.25,9.0
VisionTek Black Label 4 GB,,"3,1600","1,4",,Black,11.25,9.0
VisionTek 900408 8 GB,,"3,1600","2,4",,Black,11.25,9.0
Kingston KVR13S9S8K2/8 8 GB,840.0,"3,1333","1,8",5.25,Green,13.503,9.0
Corsair Vengeance LP 8 GB,,"3,1600","2,4",,Green,11.25,9.0
G.Skill Ripjaws 8 GB,503.6,"3,1600","2,4",3.147,Black / Red,11.25,9.0
G.Skill Ripjaws 8 GB,,"3,1866","2,4",,Black / Red,10.718,10.0
G.Skill Ripjaws 4 GB,,"3,1866","1,4",,Black / Red,10.718,10.0
Corsair CMSO16GX3M2C1600C11 16 GB,1699.6,"3,1600","2,8",5.311,Green,11.25,9.0
Corsair CMSO8GX3M1C1600C11 8 GB,759.8,"3,1600","1,8",4.749,Green,11.25,9.0
Corsair Vengeance 8 GB,,"3,1600","2,4",,Black / Gold,11.25,9.0
Patriot PV316G240C0KBL 16 GB,,"3,2400","2,8",,Black / Blue,8.333,10.0
Avexir SODIMM 16 GB,,"3,1333","2,8",,Black / Green,13.503,9.0
Avexir MSI Z77 MPOWER Optimized (Blue LED) 8GB 8 GB,,"3,2133","2,4",,Black / Yellow,8.439,9.0
Avexir AVEXIR Core Series 8GB Kit 8 GB,,"3,2800","4,2",,Black / Blue,8.571,12.0
G.Skill Ripjaws 16 GB,,"3,1866","2,8",,Black / Red,10.718,10.0
G.Skill Ripjaws 8 GB,,"3,1866","1,8",,Black / Red,10.718,10.0
AMD AE38G1609U2 8 GB,,"3,1600","1,8",,Black / Red,11.25,9.0
VisionTek 900616 4 GB,,"2,800","1,4",,Blue,15.0,6.0
Avexir Standard 8 GB,,"3,1333","1,8",,Black / Silver,13.503,9.0
Corsair Vengeance Pro 8 GB,,"3,1600","2,4",,,11.25,9.0
Avexir Standard 32 GB,,"3,1600","4,8",,Black / Silver,12.5,10.0
Avexir Core Series 16 GB,,"3,2800","4,4",,Black / Blue,8.571,12.0
Avexir Core Series 8 GB,,"3,2933","2,4",,Black / Blue,8.183,12.0
Avexir Core Series 8 GB,,"3,3000","2,4",,Black / Blue,8.0,12.0
ADATA XPG V2 8 GB,,"3,3100","2,4",,,7.742,12.0
ADATA XPG V2 8 GB,,"3,3100","2,4",,,7.742,12.0
OCZ OCZ2M8004GK 4 GB,581.0,"2,800","2,2",7.263,Green,12.5,5.0
Avexir Core 8 GB,,"3,3200","2,4",,Black / Blue,8.125,13.0
ADATA XPG V1.0 4 GB,,"3,1600","1,4",,Blue / Silver,13.75,11.0
ADATA XPG V1.0 8 GB,,"3,1866","2,4",,Red / Silver,10.718,10.0
Avexir Core 8 GB,,"3,2400","2,4",,,8.333,10.0
Corsair CMSO4GX3M1C1333C9 4 GB,392.0,"3,1333","1,4",4.9,,13.503,9.0
Corsair CMSO4GX3M1C1600C11 4 GB,659.59,"3,1600","1,4",8.245,Green,11.25,9.0
Corsair CMSO8GX3M1C1333C9 8 GB,959.59,"3,1333","1,8",5.997,Green,13.503,9.0
Corsair CMSO8GX3M2C1600C11 8 GB,586.0,"3,1600","2,4",3.663,Green,11.25,9.0
Corsair Vengeance Pro 16 GB,,"3,2800","4,4",,,8.571,12.0
Corsair Vengeance Pro 8 GB,,"3,2933","2,4",,,8.183,12.0
Crucial CT2KIT25664BA160B 4 GB,,"3,1600","2,2",,Green,13.75,11.0
G.Skill Ripjaws X 4 GB,,"3,1866","1,4",,,9.646,9.0
G.Skill Ares 4 GB,,"3,1600","1,4",,,11.25,9.0
G.Skill Ripjaws Z 64 GB,,"3,1866","8,8",,,10.718,10.0
G.Skill Ripjaws Z 32 GB,,"3,2133","4,8",,Black / Blue,9.376,10.0
G.Skill Ripjaws Z 64 GB,,"3,2133","8,8",,,9.376,10.0
G.Skill Ripjaws Z 16 GB,,"3,2133","4,4",,,8.439,9.0
G.Skill Ripjaws Z 64 GB,,"3,2400","8,8",,,9.167,11.0
PNY MN16384KD3-1600 16 GB,,"3,1600","2,8",,Green,13.75,11.0
PNY MN8192SD3-1600 8 GB,,"3,1600","1,8",,Green,13.75,11.0
Patriot Viper SODIMM 16 GB,,"3,1600","2,8",,Black / Silver,11.25,9.0
Patriot Viper SODIMM 4 GB,,"3,1600","1,4",,Black / Silver,11.25,9.0
Patriot Viper SODIMM 8 GB,,"3,1600","1,8",,Black / Silver,11.25,9.0
Patriot Viper SODIMM 8 GB,1028.19,"3,1600","2,4",6.426,Black / Silver,11.25,9.0
Corsair Vengeance Performance 16 GB,,"3,1866","2,8",,Black / Gold,10.718,10.0
G.Skill Ripjaws 8 GB,490.6,"3,1600","2,4",3.066,,13.75,11.0
G.Skill Ripjaws 4 GB,302.39,"3,1600","1,4",3.78,,13.75,11.0
G.Skill Ripjaws 8 GB,,"3,1866","2,4",,,11.79,11.0
G.Skill Ripjaws 4 GB,,"3,1866","1,4",,,11.79,11.0
G.Skill Ripjaws 8 GB,451.0,"3,1866","1,8",2.819,,11.79,11.0
Wintec Value 8 GB,,"3,1333","2,4",,,13.503,9.0
Corsair Vengeance Performance 8 GB,,"3,1600","2,4",,,11.25,9.0
G.Skill Aegis 8 GB,,"3,1333","2,4",,,13.503,9.0
G.Skill Aegis 8 GB,,"3,1333","2,4",,,13.503,9.0
G.Skill Aegis 8 GB,740.4,"3,1333","1,8",4.628,,13.503,9.0
Patriot Viper 16 GB,,"3,1866","2,8",,,10.718,10.0
Patriot Viper 8 GB,,"3,1866","1,8",,,10.718,10.0
Patriot Viper 3 8 GB,,"3,2400","2,4",,,9.167,11.0
Transcend TS512MSK64V3N 4 GB,754.2,"3,1333","1,4",9.428,,13.503,9.0
Wintec Value 4 GB,,"3,1333","1,4",,,13.503,9.0
Wintec Value 4 GB,,"3,1333","1,4",,,13.503,9.0
Wintec Value 4 GB,,"3,1600","1,4",,,13.75,11.0
Wintec Value 8 GB,,"3,1600","2,4",,,13.75,11.0
Wintec Value 4 GB,,"3,1600","1,4",,,13.75,11.0
Wintec Value 8 GB,,"3,1600","2,4",,,13.75,11.0
Crucial CT2K8G3ERSLS41339 16 GB,,"3,1333","2,8",,,13.503,9.0
GeIL EVO POTENZA 8GB 8 GB,,"3,2666","2,4",,,8.252,11.0
Corsair CML8GX3M2A1600C9R 8 GB,,"3,1600","2,4",,Black / Red,11.25,9.0
G.Skill Ripjaws Z 64 GB,,"3,2133","8,8",,Black / Blue,8.439,9.0
Kingston KVR16R11D4/16 16 GB,,"3,1600","1,16",,Black / Blue,13.75,11.0
Avexir Core 8 GB,,"3,2133","2,4",,Black / Blue,10.314,11.0
Corsair Vengeance Pro 64 GB,,"3,1866","8,8",,Black / Silver,9.646,9.0
Mushkin Redline 8 GB,,"3,2400","2,4",,Red / White,8.333,10.0
Silicon Power Xpower 8 GB,,"3,2400","2,4",,Green / Silver,9.167,11.0
Corsair Dominator Platinum 16 GB,,"3,2666","4,4",,Black / Silver,9.002,12.0
Corsair Dominator Platinum 8 GB,,"3,2666","2,4",,Black / Silver,9.002,12.0
Corsair Vengeance Performance 16 GB,,"3,2133","2,8",,Black / Gold,10.314,11.0
Corsair Vengeance Pro 8 GB,,"3,2800","2,4",,Black / Red,8.571,12.0
Crucial CT2KIT51264BA160BJ 8 GB,,"3,1600","2,4",,Black / Green,13.75,11.0
Crucial CT51264BF1339J 4 GB,,"3,1333","1,4",,Black / Green,13.503,9.0
G.Skill Ripjaws 4 GB,,"3,2133","1,4",,Black / Red,10.314,11.0
GeIL EVO POTENZA 8 GB,,"3,2133","2,4",,Black / Red,9.376,10.0
Mushkin Redline 16 GB,,"3,2400","4,4",,Red / White,8.333,10.0
Corsair Dominator Platinum 16 GB,,"3,2666","2,8",,Black / Silver,9.002,12.0
Corsair Dominator Platinum 8 GB,,"3,2800","2,4",,Black / Silver,8.571,12.0
Corsair Vengeance Pro 16 GB,,"3,2666","4,4",,Black / Red,9.002,12.0
Corsair Vengeance Pro 32 GB,,"3,2666","4,8",,Black / Red,9.002,12.0
G.Skill Ripjaws Z 16 GB,,"3,2666","4,4",,Black / Blue,8.252,11.0
G.Skill Trident X 16 GB,,"3,3000","4,4",,Black / Red,8.0,12.0
GeIL Green 8 GB,,"3,1333","2,4",,Black / Green,13.503,9.0
GeIL Green 8 GB,,"3,1333","1,8",,Black / Green,13.503,9.0
GeIL DRAGON 4 GB,,"3,1333","1,4",,Black,13.503,9.0
GeIL DRAGON 4 GB,,"3,1600","1,4",,Black,13.75,11.0
GeIL DRAGON 8 GB,,"3,1333","1,8",,Black,13.503,9.0
Corsair Mac Memory 16 GB,1679.8,"3,1333","2,8",5.249,Black / Green,13.503,9.0
Corsair Mac Memory 16 GB,1559.6,"3,1600","2,8",4.874,Black / Green,13.75,11.0
Corsair Mac Memory 4 GB,439.79,"3,1066","1,4",5.497,Black / Green,13.133,7.0
Corsair Mac Memory 8 GB,999.59,"3,1333","1,8",6.247,Black / Green,13.503,9.0
Corsair Mac Memory 8 GB,799.8,"3,1600","1,8",4.999,Black / Green,13.75,11.0
Corsair Mac Memory 8 GB,1059.59,"3,1066","2,4",6.622,Black / Green,13.133,7.0
Corsair Mac Memory 8 GB,859.8,"3,1333","2,4",5.374,Black / Green,13.503,9.0
Crucial CT12872BD1339 1 GB,,"3,1333","1,1",,Black / Green,13.503,9.0
Crucial CT2G3S1339M 2 GB,,"3,1333","1,2",,Black / Green,13.503,9.0
Crucial CT2K16G3R186DM 32 GB,,"3,1866","2,16",,Black / Green,13.934,13.0
Crucial CT2K4G3W186DM 8 GB,,"3,1866","2,4",,Black / Green,13.934,13.0
Crucial CT2K8G3W186DM 16 GB,,"3,1866","2,8",,Black / Green,13.934,13.0
Crucial CT2KIT25664BA1339A 4 GB,,"3,1333","2,2",,Black / Green,13.503,9.0
Crucial CT2KIT51272BA1067 8 GB,,"3,1066","2,4",,Black / Green,13.133,7.0
Crucial CT4G3W186DM 4 GB,,"3,1866","1,4",,Black / Green,13.934,13.0
Crucial CT51272BA1067 4 GB,,"3,1066","1,4",,Black / Green,13.133,7.0
Crucial CT8G3W186DM 8 GB,,"3,1866","1,8",,Black / Green,13.934,13.0
G.Skill FA-1333C9D-16GSQ 16 GB,,"3,1333","2,8",,Black / Green,13.503,9.0
G.Skill FA-1333C9S-8GSQ 8 GB,1340.0,"3,1333","1,8",8.375,Black / Green,13.503,9.0
G.Skill FA-1600C11D-16GSQ 16 GB,,"3,1600","2,8",,Black / Green,13.75,11.0
G.Skill FA-1600C11D-8GSQ 8 GB,1280.0,"3,1600","2,4",8.0,Black / Green,13.75,11.0
G.Skill FA-1600C11S-4GSQ 4 GB,,"3,1600","1,4",,Black / Green,13.75,11.0
G.Skill FA-1600C11S-8GSQ 8 GB,926.4,"3,1600","1,8",5.79,Black / Green,13.75,11.0
G.Skill FA-8500CL7D-8GBSQ 8 GB,547.6,"3,1066","2,4",3.422,Black / Green,13.133,7.0
G.Skill FA-8500CL7S-4GBSQ 4 GB,569.6,"3,1066","1,4",7.12,Black / Green,13.133,7.0
HP 647909-B21 8 GB,954.0,"3,1333","1,8",5.963,Black / Green,13.503,9.0
IBM 00D4959 8 GB,,"3,1600","1,8",,Black / Green,13.75,11.0
Mushkin 971643A 2 GB,,"3,1066","1,2",,Black / Blue,13.133,7.0
Mushkin 971644A 4 GB,,"3,1066","1,4",,Black / Blue,13.133,7.0
Mushkin 971699A 2 GB,467.0,"3,1066","1,2",11.675,Black / Green,13.133,7.0
Mushkin 971980A 16 GB,,"3,1333","1,16",,Black / Green,13.503,9.0
Mushkin 972020A 8 GB,,"3,1333","1,8",,Black / Green,13.503,9.0
Mushkin 972038A 8 GB,,"3,1600","1,8",,Black / Green,13.75,11.0
Mushkin 972044A 8 GB,,"3,1333","1,8",,Black / Green,13.503,9.0
Mushkin 973980A 64 GB,,"3,1333","4,16",,Black / Green,13.503,9.0
Mushkin 974044A 32 GB,,"3,1333","4,8",,Black / Green,13.503,9.0
Mushkin 976539A 4 GB,,"2,667","2,2",,Black / Green,14.993,5.0
Mushkin 977020A 16 GB,,"3,1333","2,8",,Black / Green,13.503,9.0
Mushkin 977033A 8 GB,,"3,1600","2,4",,Black / Green,13.75,11.0
Patriot Mac 16 GB,,"3,1333","2,8",,Black / Green,13.503,9.0
Mushkin Essentials 16 GB,,"3,1600","2,8",,Black / Green,13.75,11.0
Mushkin 976647A 8 GB,669.2,"3,1333","2,4",4.183,Black / Green,13.503,9.0
Corsair Vengeance Performance 16 GB,,"3,1600","2,8",,Black / Gold,11.25,9.0
Corsair Vengeance Pro 16 GB,,"3,2933","4,4",,Black / Red,8.183,12.0
Corsair Vengeance Pro 16 GB,,"3,2933","4,4",,Black / Red,8.183,12.0
Corsair Vengeance Pro 8 GB,,"3,2666","2,4",,Black / Red,8.252,11.0
GeIL EVO Leggera 2 GB,,"3,1333","1,2",,Black / Blue,13.503,9.0
GeIL EVO Leggera 2 GB,,"3,1600","1,2",,Black / Blue,11.25,9.0
GeIL EVO Leggara 8 GB,,"3,1333","2,4",,Black / Blue,13.503,9.0
GeIL EVO VELOCE 2 GB,,"3,1333","1,2",,Red / White,13.503,9.0
GeIL EVO VELOCE 2 GB,,"3,1600","1,2",,Red / White,11.25,9.0
GeIL Green 8 GB,1438.0,"3,1333","2,4",8.988,Black / Green,13.503,9.0
GeIL EVO CORSA 8 GB,,"3,1600","1,8",,Black / Yellow,11.25,9.0
GeIL EVO POTENZA 16 GB,,"3,1333","2,8",,Black / Red,13.503,9.0
GeIL EVO POTENZA 4 GB,,"3,1600","1,4",,Black / Red,11.25,9.0
GeIL EVO POTENZA 8 GB,,"3,1333","2,4",,Black / Red,13.503,9.0
GeIL EVO POTENZA 8 GB,,"3,1600","2,4",,Black / Red,11.25,9.0
GeIL EVO POTENZA 8 GB,,"3,1866","2,4",,Black / Red,9.646,9.0
GeIL EVO POTENZA 16 GB,,"3,1333","2,8",,Black / White,13.503,9.0
GeIL EVO POTENZA 4 GB,,"3,1333","1,4",,Black / White,13.503,9.0
GeIL EVO POTENZA 4 GB,,"3,1600","1,4",,Black / White,11.25,9.0
GeIL EVO POTENZA 8 GB,,"3,1333","2,4",,Black / White,13.503,9.0
GeIL EVO POTENZA 8 GB,,"3,1600","2,4",,Black / White,11.25,9.0
GeIL EVO POTENZA 8 GB,,"3,1866","2,4",,Black / White,9.646,9.0
GeIL EVO POTENZA 8 GB,,"3,2933","2,4",,Black / White,8.183,12.0
GeIL EVO POTENZA 8 GB,,"3,3000","2,4",,Black / White,8.0,12.0
AMD R9 Gamer 8 GB,,"3,2400","2,4",,Black / Silver,9.167,11.0
Corsair Dominator Platinum 16 GB,,"3,2400","4,4",,Black / Silver,7.5,9.0
Corsair Dominator Platinum 16 GB,,"3,2800","4,4",,Black / Silver,8.571,12.0
Corsair Dominator Platinum 64 GB,,"3,2400","8,8",,Black / Silver,8.333,10.0
Corsair Dominator Platinum 8 GB,,"3,2933","2,4",,Black / Silver,8.183,12.0
Crucial CT2KIT12872BA1067 2 GB,,"3,1066","2,1",,Black / Green,13.133,7.0
Kingston Predator 8 GB,,"3,2800","2,4",,Black / Blue,8.571,12.0
Mushkin 976643A 4 GB,634.0,"3,1066","2,2",7.925,Black / Blue,13.133,7.0
Mushkin 976644A 8 GB,,"3,1066","2,4",,Black / Green,13.133,7.0
Mushkin Proline 12 GB,,"3,1333","3,4",,Black / Green,13.503,9.0
Patriot Mac 8 GB,1499.0,"3,1333","2,4",9.369,Black / Blue,13.503,9.0
VisionTek 900642 8 GB,,"3,1600","1,8",,Black,13.75,11.0
Corsair Vengeance Pro 8 GB,,"3,2666","2,4",,Black / Red,9.002,12.0
Corsair Vengeance Pro 8 GB,,"3,2933","2,4",,Black / Red,8.183,12.0
GeIL EVO VELOCE 4 GB,,"3,1600","1,4",,White,13.75,11.0
GeIL Green 4 GB,,"3,1333","1,4",,Green / Black,13.503,9.0
GeIL Green 8 GB,,"3,1333","1,8",,Green / Black,13.503,9.0
Mushkin Proline 16 GB,,"3,1866","4,4",,Black / Green,13.934,13.0
Mushkin Proline 32 GB,,"3,1866","4,8",,Black / Green,13.934,13.0
Mushkin Essentials 8 GB,,"3,1866","2,4",,Black / Green,13.934,13.0
Mushkin Essentials 16 GB,,"3,1866","2,8",,Black / Green,13.934,13.0
Mushkin Proline 8 GB,,"3,1866","2,4",,Black / Green,13.934,13.0
Patriot Viper 3 Black 16 GB,,"3,1600","2,8",,Black / Silver,12.5,10.0
Patriot Viper 3 Low Profile Red 16 GB,,"3,1600","2,8",,Black / Red,12.5,10.0
Patriot Viper 3 Low Profile Black 16 GB,,"3,1600","2,8",,Black / Silver,11.25,9.0
Patriot Viper 3 Low Profile Blue 16 GB,,"3,1600","2,8",,Black / Blue,11.25,9.0
Patriot Viper 3 Low Profile Red 16 GB,,"3,1600","2,8",,Black / Red,11.25,9.0
Patriot Viper 3 Low Profile Black 16 GB,1979.4,"3,1866","2,8",6.186,Black / Silver,10.718,10.0
Patriot Viper 3 Low Profile Blue 16 GB,,"3,1866","2,8",,Black / Blue,10.718,10.0
Patriot Viper 3 Low Profile Black 16 GB,,"3,2133","2,8",,Black / Silver,10.314,11.0
Patriot Viper 3 Low Profile Blue 16 GB,,"3,2133","2,8",,Black / Blue,10.314,11.0
Patriot Viper 3 Low Profile Black 32 GB,,"3,1600","4,8",,Black / Silver,12.5,10.0
Patriot Viper 3 Low Profile Blue 32 GB,,"3,1600","4,8",,Black / Blue,12.5,10.0
Patriot Viper 3 Low Profile Red 32 GB,,"3,1600","4,8",,Black / Red,12.5,10.0
Patriot Viper 3 Low Profile Blue 32 GB,,"3,1600","4,8",,Black / Blue,11.25,9.0
Patriot Viper 3 Low Profile Red 32 GB,,"3,1600","4,8",,Black / Red,11.25,9.0
Patriot Viper 3 Low Profile Black 32 GB,,"3,1866","4,8",,Black / Silver,10.718,10.0
Patriot Viper 3 Low Profile Blue 32 GB,,"3,1866","4,8",,Black / Blue,10.718,10.0
Patriot Viper 3 Low Profile Red 32 GB,,"3,1866","4,8",,Black / Red,10.718,10.0
Patriot Viper 3 Low Profile Black 32 GB,,"3,2133","4,8",,Black / Silver,10.314,11.0
Patriot Viper 3 Low Profile Red 32 GB,,"3,2133","4,8",,Black / Red,10.314,11.0
Patriot Viper 3 Low Profile Black 8 GB,,"3,1600","2,4",,Black / Silver,12.5,10.0
Patriot Viper 3 Low Profile Blue 8 GB,,"3,1600","2,4",,Black / Blue,12.5,10.0
Patriot Viper 3 Low Profile Black 8 GB,1329.6,"3,1600","2,4",8.31,Black / Silver,11.25,9.0
Patriot Viper 3 Low Profile Blue 8 GB,,"3,1600","2,4",,Black / Blue,11.25,9.0
Patriot Viper 3 Low Profile Red 8 GB,1344.0,"3,1600","2,4",8.4,Black / Red,11.25,9.0
Patriot Viper 3 Low Profile Black 8 GB,,"3,1866","2,4",,Black / Silver,10.718,10.0
Patriot Viper 3 Low Profile Blue 8 GB,,"3,1866","2,4",,Black / Blue,10.718,10.0
Patriot Viper 3 Low Profile Red 8 GB,,"3,1866","2,4",,Black / Red,10.718,10.0
Patriot Viper 3 Low Profile Blue 8 GB,,"3,1866","2,4",,Black / Blue,9.646,9.0
Patriot Viper 3 Red 8 GB,1535.2,"3,1866","2,4",9.595,Black / Red,9.646,9.0
Patriot Viper 3 Low Profile Black 8 GB,1481.2,"3,2133","2,4",9.258,Black / Silver,10.314,11.0
Patriot Viper 3 Low Profile Red 8 GB,,"3,2133","2,4",,Black / Red,10.314,11.0
Kingston KHX18C10/8 8 GB,,"3,1866","1,8",,Blue / Silver,10.718,10.0
ADATA XPG V1.0 4 GB,,"3,1600","1,4",,Red / Silver,11.25,9.0
ADATA XPG V2 8 GB,,"3,1866","2,4",,Black / Silver,10.718,10.0
ADATA XPG V2 16 GB,,"3,1866","2,8",,Gold,10.718,10.0
G.Skill Ares 16 GB,,"3,2133","2,8",,Black / Red,10.314,11.0
Kingston KHX18C10K2/8 8 GB,,"3,1866","2,4",,Blue / Silver,10.718,10.0
Kingston Beast 16 GB,,"3,1866","4,4",,Black,10.718,10.0
Kingston KHX18LS11P1K2/16 16 GB,,"3,1866","2,8",,Silver,11.79,11.0
Kingston KHX18LS11P1K2/8 8 GB,,"3,1866","2,4",,Silver,11.79,11.0
Mushkin Essentials 8 GB,,"3,1866","2,4",,Black / Green,13.934,13.0
Mushkin Essentials 16 GB,,"3,1866","2,8",,Black / Blue,13.934,13.0
Patriot Signature 4 GB,,"3,1333","1,4",,Black / Green,13.503,9.0
Patriot Signature Line 8 GB,,"3,1333","2,4",,Blue / Silver,13.503,9.0
Patriot Viper 3 Low Profile Red 16 GB,,"3,1866","2,8",,Black / Red,10.718,10.0
Patriot Viper 3 Low Profile Red 16 GB,,"3,2133","2,8",,Black / Red,10.314,11.0
Kingston KAS-N3CL/8G 8 GB,,"3,1600","1,8",,Black / Green,13.75,11.0
Corsair Dominator Platinum 16 GB,,"3,1600","2,8",,Black / Silver,11.25,9.0
Corsair Dominator Platinum 16 GB,,"3,2133","4,4",,Black / Silver,8.439,9.0
Corsair Dominator Platinum 8 GB,,"3,1600","2,4",,Black / Silver,11.25,9.0
Corsair Dominator Platinum 8 GB,,"3,2133","2,4",,Black / Silver,8.439,9.0
Patriot PX34G1333C9 Bundle 8 GB,,"3,1333","2,4",,Black / Silver,13.503,9.0
Corsair Vengeance Pro 16 GB,,"3,2133","4,4",,Black / Red,8.439,9.0
Mushkin 976605 8 GB,,"2,667","2,4",,Blue / Silver,14.993,5.0
VisionTek 900471 4 GB,,"2,800","2,2",,Black / Green,12.5,5.0
ADATA XPG V1.0 16 GB,,"3,1866","2,8",,Red / Silver,10.718,10.0
GeIL EVO POTENZA 8 GB,,"3,1600","1,8",,Black / Red,11.25,9.0
Crucial CT51264BA160BJ 4 GB,,"3,1600","1,4",,Black / Green,13.75,11.0
Kingston HyperX Fury 4 GB,,"3,1333","1,4",,Red / Silver,13.503,9.0
Kingston HyperX Fury 8 GB,,"3,1333","1,8",,Red / Silver,13.503,9.0
Kingston HyperX Fury 8 GB,,"3,1333","1,8",,White / Silver,13.503,9.0
Kingston HyperX Fury 4 GB,,"3,1600","1,4",,White / Silver,12.5,10.0
Kingston HyperX Fury 8 GB,,"3,1600","1,8",,White / Silver,12.5,10.0
Kingston HyperX Fury 4 GB,,"3,1866","1,4",,Blue / Silver,10.718,10.0
Kingston HyperX Fury 4 GB,,"3,1866","1,4",,Red / Silver,10.718,10.0
Kingston HyperX Fury 4 GB,,"3,1866","1,4",,White / Silver,10.718,10.0
Kingston HyperX Fury 8 GB,,"3,1866","1,8",,White / Silver,10.718,10.0
Corsair Vengeance LP 8 GB,,"3,2133","2,4",,Black / Green,8.439,9.0
Corsair Vengeance Pro 16 GB,,"3,2666","2,8",,Black / Red,8.252,11.0
G.Skill Sniper 4 GB,,"3,1600","1,4",,Black / Red,11.25,9.0
G.Skill F3-1333C9D-8GSA 8 GB,,"3,1333","2,4",,Black,13.503,9.0
G.Skill Ripjaws 16 GB,,"3,2133","2,8",,Black / Red,10.314,11.0
Wintec One 16 GB,,"3,1600","2,8",,Black / Green,13.75,11.0
Wintec Value 16 GB,,"3,1600","2,8",,Black / Green,13.75,11.0
Wintec Value 8 GB,,"3,1600","1,8",,Black / Green,13.75,11.0
Transcend JetRam 8 GB,,"3,1333","1,8",,Black / Green,13.503,9.0
ADATA Premier 8 GB,,"3,1600","2,4",,Black / Green,13.75,11.0
ADATA XPG Gaming 4 GB,,"3,1333","2,2",,Black / Silver,13.503,9.0
Corsair Vengeance Pro 64 GB,,"3,2400","8,8",,Black / Red,9.167,11.0
Corsair Vengeance Pro 8 GB,,"3,2133","2,4",,Black / Red,8.439,9.0
AMD Radeon R3 Value 4 GB,,"3,1333","1,4",,Black / Red,13.503,9.0
AMD Radeon R3 Value 8 GB,,"3,1333","1,8",,Black / Red,13.503,9.0
AMD Radeon R3 Value 8 GB,,"3,1333","2,4",,Black / Red,13.503,9.0
Corsair Dominator Platinum 32 GB,,"3,2400","4,8",,Black / Silver,9.167,11.0
Crucial CT25672BD1339 2 GB,,"3,1333","1,2",,Black / Green,13.503,9.0
Mushkin Redline 16 GB,,"3,1600","4,4",,Red / Silver,8.75,7.0
Mushkin Redline 16 GB,,"3,1600","4,4",,Red / Silver,8.75,7.0
Mushkin Redline 16 GB,,"3,1866","4,4",,Red / Silver,8.574,8.0
Mushkin Redline 16 GB,,"3,1866","4,4",,Red / Silver,8.574,8.0
Mushkin Redline 8 GB,,"3,1600","2,4",,Red / Silver,8.75,7.0
Mushkin Redline 8 GB,,"3,1600","2,4",,Red / Silver,8.75,7.0
Mushkin Redline 8 GB,,"3,1866","2,4",,Red / Silver,8.574,8.0
Mushkin Redline 16 GB,,"3,2133","4,4",,Red / Silver,8.439,9.0
Mushkin Redline 16 GB,,"3,2133","4,4",,Red / Silver,8.439,9.0
Mushkin Redline 8 GB,,"3,2133","2,4",,Red / Silver,8.439,9.0
Mushkin Redline 8 GB,,"3,2133","2,4",,Red / Silver,8.439,9.0
Mushkin Redline 16 GB,,"3,1600","2,8",,Red / Silver,8.75,7.0
Mushkin Redline 16 GB,,"3,1866","2,8",,Red / Silver,8.574,8.0
Mushkin Redline 16 GB,,"3,2133","2,8",,Red / Silver,8.439,9.0
Mushkin Redline 16 GB,,"3,2133","2,8",,Red / Silver,8.439,9.0
Kingston KHX13C9B1B/8 8 GB,,"3,1333","1,8",,Black / Silver,13.503,9.0
Crucial CT25664BA1339A 2 GB,,"3,1333","1,2",,Black / Green,13.503,9.0
Kingston KVR16R11S4K4/32 32 GB,,"3,1600","4,8",,Black / Green,13.75,11.0
PNY MD16384KD3-2133-X11 16 GB,,"3,2133","2,8",,Black / Red,10.314,11.0
PNY MN4096SD3-1600-LV 4 GB,,"3,1600","1,4",,Black / Green,13.75,11.0
PNY MN8192SD3-1600-LV 8 GB,,"3,1600","1,8",,Black / Green,13.75,11.0
V7 V73T2GNZBII 2 GB,,"3,1333","1,2",,Black / Green,13.503,9.0
V7 V73T8GNAJKI 8 GB,,"3,1600","1,8",,Black / Green,13.75,11.0
AMD R5 Entertainment 16 GB,,"3,1600","2,8",,Black / Red,13.75,11.0
AMD R5 Entertainment 4 GB,,"3,1600","1,4",,Black / Red,13.75,11.0
AMD R5 Entertainment 8 GB,,"3,1600","2,4",,Black / Red,13.75,11.0
AMD R5 Entertainment 8 GB,,"3,1600","1,8",,Black / Red,13.75,11.0
Corsair CMSO2GX3M1C1600C11 2 GB,,"3,1600","1,2",,Black / Green,13.75,11.0
Crucial CT2KIT51264BF1339J 8 GB,,"3,1333","2,4",,Black / Green,13.503,9.0
Kingston KVR13LS9S6/2 2 GB,,"3,1333","1,2",,Black / Green,13.503,9.0
PNY MD32768K4D3-1600-X9 32 GB,,"3,1600","4,8",,Black / White,11.25,9.0
PNY MN16384KD3-1600-LV 16 GB,,"3,1600","2,8",,Black / Green,13.75,11.0
PNY MN8192KD3-1600-LV 8 GB,,"3,1600","2,4",,Black / Green,13.75,11.0
G.Skill Ripjaws 32 GB,,"3,1866","4,8",,Black / Red,10.718,10.0
G.Skill Ripjaws 32 GB,,"3,1866","4,8",,Black / Red,11.79,11.0
G.Skill Ripjaws 32 GB,,"3,2133","4,8",,Black / Red,10.314,11.0
TEAMGROUP Xtreem 16 GB,,"3,2666","2,8",,Blue / White,8.252,11.0
Corsair Vengeance LPX 16 GB,,"4,2666","4,4",,Black / Red,11.253,15.0
Corsair Vengeance LPX 16 GB,,"4,2800","4,4",,Black / Red,10.714,15.0
Corsair Vengeance LPX 16 GB,,"4,2800","4,4",,Black / Blue,10.714,15.0
Crucial CT4K8G4DFD8213 32 GB,,"4,2133","4,8",,Black / Green,14.065,15.0
G.Skill Ripjaws 16 GB,,"4,2133","4,4",,Red,14.065,15.0
G.Skill Ripjaws 16 GB,,"4,2133","4,4",,Blue,14.065,15.0
G.Skill Ripjaws 32 GB,,"4,2400","4,8",,Blue,12.5,15.0
G.Skill Ripjaws 32 GB,,"4,2666","4,8",,Red,11.253,15.0
G.Skill Ripjaws 32 GB,,"4,2133","4,8",,Blue,14.065,15.0
G.Skill Ripjaws 32 GB,,"4,2133","4,8",,Black / Red,14.065,15.0
G.Skill Value 16 GB,,"4,2400","4,4",,Black,12.5,15.0
ADATA XPG Z1 16 GB,,"4,2133","4,4",,Red / Black,12.189,13.0
ADATA XPG Z1 8 GB,,"4,2133","2,4",,Red / Black,14.065,15.0
ADATA XPG Z1 16 GB,,"4,2133","4,4",,Red / Black,14.065,15.0
ADATA XPG Z1 32 GB,,"4,2133","4,8",,Red / Black,14.065,15.0
ADATA XPG Z1 16 GB,,"4,2400","4,4",,Red / Black,13.333,16.0
Mushkin Redline 32 GB,,"3,1600","4,8",,Red / White,8.75,7.0
Mushkin Redline 32 GB,,"3,1866","4,8",,Red / White,8.574,8.0
Mushkin Redline 32 GB,,"3,1866","4,8",,Red / White,8.574,8.0
Mushkin Redline 32 GB,,"3,2133","4,8",,Red / White,8.439,9.0
G.Skill Ripjaws 4 16 GB,,"4,3200","4,4",,Black,10.0,16.0
G.Skill Ripjaws 4 16 GB,,"4,3333","4,4",,Black,9.601,16.0
Kingston HyperX Savage 4 GB,,"3,1600","1,4",,Black / Red,11.25,9.0
Kingston HyperX Savage 8 GB,,"3,1600","1,8",,Black / Red,11.25,9.0
Kingston HyperX Savage 4 GB,,"3,1866","1,4",,Black / Red,9.646,9.0
Kingston HyperX Savage 4 GB,,"3,2133","1,4",,Black / Red,10.314,11.0
Kingston HyperX Savage 4 GB,,"3,2400","1,4",,Black / Red,9.167,11.0
Transcend JM1333KSN-2G 2 GB,,"3,1333","1,2",,Black / Green,13.503,9.0
Mushkin Blackline 8 GB,,"3,1600","1,8",,Black / Gray,11.25,9.0
Mushkin Blackline 4 GB,,"3,1600","1,4",,Black / Green,11.25,9.0
TEAMGROUP Vulcan 8 GB,,"3,2400","2,4",,Yellow,9.167,11.0
Kingston HyperX Savage 8 GB,,"3,2133","1,8",,Red / Black,10.314,11.0
Mushkin Blackline 8 GB,,"3,1600","2,4",,Black,11.25,9.0
Mushkin Blackline 16 GB,,"3,1600","2,8",,Black / Blue,11.25,9.0
Samsung M393B2G70BH0-YH9 16 GB,979.8,"3,1333","1,16",,Black / Green,13.503,9.0
Mushkin Redline 32 GB,,"3,2133","4,8",,Red,8.439,9.0
Mushkin Proline 16 GB,,"3,1866","2,8",,Black / Green,13.934,13.0
Corsair Dominator Platinum 16 GB,,"3,3000","4,4",,Black / Silver,8.0,12.0
Corsair Dominator Platinum 16 GB,,"4,3000","4,4",,Black / Silver,10.0,15.0
Corsair Dominator Platinum 8 GB,,"3,3000","2,4",,Black / Silver,8.0,12.0
Crucial CT3K32G3ELSDQ4186D 96 GB,,"3,1866","3,32",,Blue / Silver,13.934,13.0
Crucial CT3K32G3ELSLQ4160B 96 GB,,"3,1600","3,32",,Blue / Silver,13.75,11.0
Kingston HyperX Predator 16 GB,,"3,1866","4,4",,Black / Blue,9.646,9.0
Kingston HyperX Beast 8 GB,,"3,1866","2,4",,Black / Blue,9.646,9.0
Kingston HyperX Beast 64 GB,,"3,2133","8,8",,Black,10.314,11.0
Kingston HyperX Beast 16 GB,,"3,2133","2,8",,Black,10.314,11.0
Kingston HyperX Predator 16 GB,,"3,2133","2,8",,Black / Blue,10.314,11.0
Kingston HyperX Beast 8 GB,,"3,2133","2,4",,Black,10.314,11.0
Kingston HyperX Beast 32 GB,,"3,2133","4,8",,Black,10.314,11.0
Kingston HyperX Predator 8 GB,,"3,2400","2,4",,Black / Blue,9.167,11.0
Kingston HyperX Beast 16 GB,,"3,2400","2,8",,Black,9.167,11.0
Kingston HyperX Beast 16 GB,,"3,2400","4,4",,Black,9.167,11.0
Kingston HyperX Beast 32 GB,,"3,2400","4,8",,Black,9.167,11.0
Kingston KVR16R11S4/8KF 8 GB,,"3,1600","1,8",,Black / Green,13.75,11.0
Kingston KVR21R15S4/8 8 GB,579.6,"4,2133","1,8",3.623,Black / Green,14.065,15.0
Mushkin Proline 32 GB,,"3,1866","4,8",,Black / Green,13.934,13.0
Mushkin Proline 16 GB,,"3,1866","2,8",,Black / Green,13.934,13.0
TEAMGROUP Elite 4 GB,,"3,1333","1,4",,Black / Green,13.503,9.0
TEAMGROUP TSD316G1333C9DC-E 16 GB,,"3,1333","2,8",,Black / Green,13.503,9.0
TEAMGROUP TSD316G1600C11DC-E 16 GB,,"3,1600","2,8",,Black / Green,13.75,11.0
TEAMGROUP Elite 4 GB,,"3,1066","1,4",,Black / Green,13.133,7.0
TEAMGROUP TSD34096M1333C9DC-E 4 GB,,"3,1333","2,2",,Black / Green,13.503,9.0
TEAMGROUP TSD38192M1066C7DC-E 8 GB,,"3,1066","2,4",,Black / Green,13.133,7.0
TEAMGROUP TSD38192M1333C9DC-E 8 GB,,"3,1333","2,4",,Black,13.503,9.0
TEAMGROUP TSD38192M1333C9-E 8 GB,,"3,1333","1,8",,Black / Green,13.503,9.0
TEAMGROUP TSD38192M1600C11DC-E 8 GB,,"3,1600","2,4",,Black / Green,13.75,11.0
TEAMGROUP TSD38192M1600C11-E 8 GB,,"3,1600","1,8",,Black / Green,13.75,11.0
TEAMGROUP Dark 8 GB,,"3,1600","1,8",,Red / Blue,11.25,9.0
TEAMGROUP Vulcan 16 GB,,"3,1600","2,8",,Orange,12.5,10.0
TEAMGROUP Vulcan 16 GB,,"3,1600","2,8",,Yellow,12.5,10.0
TEAMGROUP Vulcan 16 GB,,"3,2400","2,8",,Orange,9.167,11.0
ADATA XPG V1.0 8 GB,,"3,2133","2,4",,Black / Red,9.376,10.0
Corsair Dominator Platinum 16 GB,,"4,2666","4,4",,Black / Silver,11.253,15.0
Crucial Ballistix Tactical 8 GB,,"3,1600","1,8",,Black / Silver,10.0,8.0
Crucial CT16G4VFD4213 16 GB,1299.0,"4,2133","1,16",4.059,Black / Green,14.065,15.0
Crucial CT2K16G4VFD4213 32 GB,,"4,2133","2,16",,Black / Green,14.065,15.0
Crucial CT3KIT12864BA160B 3 GB,,"3,1600","3,1",,Black / Green,13.75,11.0
Crucial CT3KIT25664BA160B 6 GB,,"3,1600","3,2",,Black / Green,13.75,11.0
Crucial CT4K8G4VFS4213 32 GB,,"4,2133","4,8",,Black / Green,14.065,15.0
Crucial CT8G4VFS4213 8 GB,579.79,"4,2133","1,8",3.624,Black / Green,14.065,15.0
GeIL GPR416GB2800C16QC 16 GB,,"4,2800","4,4",,Black / Red,10.714,15.0
GeIL GPR432GB2133C15QC 32 GB,,"4,2133","4,8",,Black / Red,14.065,15.0
GeIL GPR432GB2800C16QC 32 GB,,"4,2800","4,8",,Black / Red,10.714,15.0
G.Skill Ripjaws 32 GB,,"3,1600","4,8",,Black / Red,13.75,11.0
G.Skill Ripjaws 32 GB,,"3,1600","4,8",,Black / Red,11.25,9.0
Kingston Impact Black 4 GB,,"3,1600","1,4",,Black,11.25,9.0
Kingston Impact Black 8 GB,,"3,1600","1,8",,Black,11.25,9.0
Kingston Impact Black 16 GB,,"3,1600","2,8",,Black,11.25,9.0
Kingston Impact Black 8 GB,,"3,1600","2,4",,Black,11.25,9.0
Kingston Impact Black 16 GB,,"3,1866","2,8",,Black,10.718,10.0
Kingston Impact Black 8 GB,,"3,1866","2,4",,Black,10.718,10.0
Kingston HyperX Predator 8 GB,,"3,2133","2,4",,Black / Blue,10.314,11.0
Kingston Impact Black 8 GB,,"3,2133","2,4",,Black,10.314,11.0
Kingston Predator 8 GB,,"3,1866","2,4",,Black / Blue,10.718,10.0
Kingston Predator 16 GB,,"3,1866","4,4",,Black / Blue,10.718,10.0
Kingston Beast 8 GB,,"3,1866","2,4",,Black,10.718,10.0
Mushkin Blackline 16 GB,,"3,1600","4,4",,Black,11.25,9.0
Mushkin Blackline 16 GB,,"3,1600","4,4",,Black / White,11.25,9.0
Mushkin Blackline 16 GB,,"3,2000","4,4",,Black / White,9.0,9.0
Mushkin Blackline 16 GB,,"3,2000","4,4",,Black,9.0,9.0
Mushkin Redline 16 GB,,"3,2133","4,4",,Red / White,8.439,9.0
Mushkin Redline 16 GB,,"3,1866","4,4",,Red,9.646,9.0
Mushkin Redline 16 GB,,"3,2400","4,4",,Red / White,8.333,10.0
Mushkin Blackline 16 GB,,"3,2400","4,4",,Yellow,9.167,11.0
Mushkin Blackline 16 GB,,"3,2400","4,4",,Black / White,9.167,11.0
Mushkin Blackline 32 GB,,"3,1600","4,8",,Black / White,11.25,9.0
Mushkin Blackline 32 GB,,"3,1600","4,8",,Black,11.25,9.0
Mushkin Redline 32 GB,,"3,1866","4,8",,Red,9.646,9.0
Mushkin Redline 32 GB,,"3,1866","4,8",,Red,9.646,9.0
Mushkin Blackline 32 GB,,"3,2400","4,8",,Black / White,9.167,11.0
Mushkin Proline 16 GB,,"3,1866","4,4",,Black / Green,13.934,13.0
Mushkin Proline 16 GB,,"3,1866","4,4",,Black / Green,13.934,13.0
Mushkin Blackline 16 GB,,"3,2133","4,4",,Black,9.376,10.0
Mushkin Blackline 16 GB,,"3,2133","4,4",,Yellow,9.376,10.0
Mushkin Redline 16 GB,,"3,1866","4,4",,Red / White,8.574,8.0
Mushkin Redline 16 GB,,"3,2133","4,4",,Red / White,8.439,9.0
Mushkin Redline 32 GB,,"3,2133","4,8",,Red / White,8.439,9.0
Mushkin Blackline 16 GB,,"3,2133","4,4",,Black / White,10.314,11.0
Mushkin Blackline 8 GB,,"3,1600","2,4",,Black,11.25,9.0
Mushkin Redline 8 GB,,"3,2133","2,4",,Red / White,8.439,9.0
Mushkin Blackline 16 GB,,"3,1600","2,8",,Yellow,11.25,9.0
Mushkin Redline 8 GB,,"3,2400","2,4",,Red / White,8.333,10.0
Mushkin Blackline 8 GB,,"3,2400","2,4",,Black / White,9.167,11.0
Mushkin Blackline 8 GB,,"3,2400","2,4",,Yellow,9.167,11.0
Mushkin Blackline 16 GB,,"3,1600","2,8",,Black / White,11.25,9.0
Mushkin Blackline 16 GB,,"3,1600","2,8",,Black,11.25,9.0
Mushkin Redline 16 GB,,"3,1866","2,8",,Red,9.646,9.0
Mushkin Redline 16 GB,,"3,1866","2,8",,Red,9.646,9.0
Mushkin Blackline 16 GB,,"3,2400","2,8",,Black / White,9.167,11.0
Mushkin Blackline 16 GB,,"3,2400","2,8",,Yellow,9.167,11.0
Mushkin Proline 8 GB,,"3,1866","2,4",,Black / Green,13.934,13.0
Mushkin Proline 8 GB,,"3,1866","2,4",,Black / Green,13.934,13.0
Mushkin Blackline 8 GB,,"3,2133","2,4",,Black,9.376,10.0
Mushkin Blackline 8 GB,,"3,2133","2,4",,Black,9.376,10.0
Mushkin Stealth 8 GB,,"3,2133","2,4",,Black,9.376,10.0
Mushkin Blackline 8 GB,,"3,2133","2,4",,Yellow,9.376,10.0
Mushkin Redline 8 GB,,"3,1866","2,4",,Red / White,8.574,8.0
Mushkin Redline 8 GB,,"3,2133","2,4",,Red / White,8.439,9.0
Mushkin Redline 16 GB,,"3,2133","2,8",,Red / White,8.439,9.0
Mushkin Blackline 8 GB,,"3,2133","2,4",,Black / White,10.314,11.0
Mushkin Blackline 12 GB,,"3,1600","3,4",,Black,12.5,10.0
TEAMGROUP Vulcan 8 GB,,"3,2133","2,4",,Orange,9.376,10.0
TEAMGROUP Vulcan 8 GB,,"3,2133","2,4",,Red,9.376,10.0
TEAMGROUP Vulcan 8 GB,,"3,2400","2,4",,Red,9.167,11.0
TEAMGROUP Vulcan 8 GB,,"3,2133","2,4",,Orange,9.376,10.0
TEAMGROUP Vulcan 8 GB,,"3,2133","2,4",,Orange,10.314,11.0
TEAMGROUP Elite Plus 16 GB,,"3,1333","2,8",,Black / Gold,13.503,9.0
TEAMGROUP Elite Plus 4 GB,,"3,1333","1,4",,Black / Gold,13.503,9.0
TEAMGROUP Elite Plus 8 GB,,"3,1600","1,8",,Black / Gold,13.75,11.0
TEAMGROUP Elite Plus 8 GB,,"3,1600","2,4",,Black / Gold,13.75,11.0
TEAMGROUP Elite 4 GB,,"3,1333","1,4",,Black / Green,13.503,9.0
TEAMGROUP Xtreem 8 GB,,"3,2400","2,4",,White / Blue,8.333,10.0
TEAMGROUP Xtreem 8 GB,,"3,2666","2,4",,White / Blue,8.252,11.0
TEAMGROUP Xtreem 8 GB,,"3,2800","2,4",,White / Blue,8.571,12.0
TEAMGROUP Zeus Blue 8 GB,,"3,1600","2,4",,Blue,11.25,9.0
TEAMGROUP Zeus Red 8 GB,,"3,2133","2,4",,Red,10.314,11.0
TEAMGROUP Zeus Yellow 8 GB,,"3,1600","2,4",,Yellow,11.25,9.0
TEAMGROUP Zeus Yellow 8 GB,,"3,2133","2,4",,Yellow,10.314,11.0
TEAMGROUP Dark 8 GB,,"3,1600","1,8",,Black / Blue,11.25,9.0
ADATA XPG V1.0 16 GB,,"3,1600","2,8",,Red / White,11.25,9.0
Crucial CT32G3ELSLQ4160B 32 GB,,"3,1600","1,32",,Blue / Silver,13.75,11.0
Crucial CT8G4RFS4213 8 GB,699.8,"4,2133","1,8",4.374,Black / Green,14.065,15.0
GeIL GPR416GB2133C15QC 16 GB,,"4,2133","4,4",,Black / Red,14.065,15.0
GeIL GPR416GB2400C15QC 16 GB,,"4,2400","4,4",,Black / Red,12.5,15.0
G.Skill Ripjaws 4 16 GB,,"4,3300","4,4",,Black / Red,9.697,16.0
G.Skill Ripjaws 4 16 GB,,"4,3333","4,4",,Black / Red,9.601,16.0
Kingston HX421C13PBK4/16 16 GB,,"4,2133","4,4",,Black,12.189,13.0
Kingston HX426C13PB2K4/16 16 GB,,"4,2666","4,4",,Black,9.752,13.0
Kingston HX428C14PB2K4/16 16 GB,,"4,2800","4,4",,Black,10.0,14.0
Mushkin Proline 32 GB,,"3,1866","4,8",,Black / Green,13.934,13.0
Mushkin Proline 16 GB,,"3,1866","2,8",,Black / Green,13.934,13.0
Samsung M393B1G70QH0-CMA08 8 GB,,"3,1866","1,8",,Black / Green,13.934,13.0
Wintec HMT31GR7CFR4C-PBD8 8 GB,,"3,1600","1,8",,Black,13.75,11.0
Wintec HMT31GR7EFR4C-RDT8 8 GB,,"3,1866","1,8",,Black / Blue,13.934,13.0
Wintec HMT325U7EFR8A-PB 2 GB,,"3,1600","1,2",,Black / Blue,13.75,11.0
Wintec HMT351R7CFR8A-H9T3 4 GB,,"3,1333","1,4",,Black / Blue,13.503,9.0
Wintec HMT351R7CFR8A-H9T8 4 GB,,"3,1333","1,4",,Black / Blue,13.503,9.0
Wintec HMT351R7EFR8A-PBT8 4 GB,,"3,1600","1,4",,Black / Blue,13.75,11.0
Wintec HMT41GR7MFR8C-PBT8 8 GB,,"3,1600","1,8",,Black / Blue,13.75,11.0
Wintec HMT41GV7AFR8C-RDT8 8 GB,,"3,1600","1,8",,Black / Blue,13.75,11.0
Wintec HMT42GR7MFR4C-H9T3 16 GB,,"3,1333","1,16",,Black / Blue,13.503,9.0
Wintec HMT42GR7MFR4C-PB 16 GB,,"3,1600","1,16",,Black / Blue,13.75,11.0
Apotop S3A4Gx1-13C9EB 4 GB,,"3,1333","1,4",,Black / Green,13.503,9.0
Apotop U3A8Gx2-16CACB 16 GB,,"3,1600","2,8",,Black / Purple,12.5,10.0
TEAMGROUP Elite 4 GB,,"3,1333","2,2",,Black / Silver,13.503,9.0
TEAMGROUP Vulcan Gold 16 GB,,"3,2133","2,8",,Gold,10.314,11.0
Apotop L3A4Gx1-16CBDA 4 GB,,"3,1600","1,4",,Black / Red,13.75,11.0
Apotop L3A4Gx2-16CBDA 8 GB,,"3,1600","2,4",,Black / Red,13.75,11.0
Apotop U3A4Gx2-16C9BB 8 GB,,"3,1600","2,4",,Black / Purple,11.25,9.0
Apotop U3A4Gx2-16CACB 8 GB,,"3,1600","2,4",,Black / Purple,12.5,10.0
Apotop U3A8Gx2-16C9AB 16 GB,,"3,1600","2,8",,Black / Purple,11.25,9.0
Apotop U3A8Gx2-16C9BB 16 GB,,"3,1600","2,8",,Black / Purple,11.25,9.0
Apotop U3A8Gx2-18C9AB 16 GB,,"3,1866","2,8",,Black / Purple,9.646,9.0
Apotop U3A8Gx2-21C9AC 16 GB,,"3,2133","2,8",,Black / Purple,8.439,9.0
Apotop U3A8Gx4-16C9AB 32 GB,,"3,1600","4,8",,Black / Purple,11.25,9.0
Apotop U3A8Gx4-16C9BB 32 GB,,"3,1600","4,8",,Black / Purple,11.25,9.0
Apotop U3A8Gx4-18C9AB 32 GB,,"3,1866","4,8",,Black / Purple,9.646,9.0
Apotop U3A8Gx4-21C9AC 32 GB,,"3,2133","4,8",,Black / Purple,8.439,9.0
Apotop U3A2Gx2-16C9BB 4 GB,,"3,1600","2,2",,Black / Purple,11.25,9.0
G.Skill Ripjaws 4 16 GB,,"4,2400","4,4",,Black / Red,12.5,15.0
G.Skill Ripjaws 4 32 GB,,"4,2400","4,8",,Black / Red,12.5,15.0
Patriot Extreme Performance 16 GB,,"4,2133","4,4",,Black / White,14.065,15.0
Patriot Extreme Performance 32 GB,3349.2,"4,2133","4,8",5.233,Black / White,14.065,15.0
Crucial Ballistix 16 GB,,"3,1866","2,8",,Black / White,9.646,9.0
Crucial Ballistix Elite 16 GB,,"3,1600","4,4",,Black / White,10.0,8.0
Crucial Ballistix Sport 4 GB,,"3,1600","2,2",,Black / Silver,11.25,9.0
Crucial Ballistix Sport 32 GB,,"3,1600","4,8",,Black / Silver,11.25,9.0
Crucial BLT2KIT4G3D1608DT1TX 8 GB,,"3,1600","2,4",,Black / Yellow,10.0,8.0
Crucial Ballistix Tactical Tracer 8 GB,,"3,1600","2,4",,Black / Silver,10.0,8.0
Crucial Ballistix Tactical Tracer 8 GB,,"3,1600","2,4",,Black / Silver,10.0,8.0
Crucial Ballistix 8 GB,,"3,1866","2,4",,Black / Yellow,9.646,9.0
Crucial Ballistix Tactical Tracer 8 GB,,"3,1866","2,4",,Black / Silver,9.646,9.0
Crucial Ballistix 16 GB,,"3,1600","2,8",,Black / Yellow,10.0,8.0
Crucial Ballistix Tactical 16 GB,,"3,1866","2,8",,Black / Yellow,9.646,9.0
Crucial Ballistix 12 GB,,"3,1600","3,4",,Black / Yellow,10.0,8.0
Crucial Ballistix Tactical Tracer 12 GB,,"3,1600","3,4",,Black / Silver,10.0,8.0
Crucial Ballistix Tactical Tracer 12 GB,,"3,1600","3,4",,Black / Silver,10.0,8.0
Crucial Ballistix Tactical 32 GB,,"3,1600","4,8",,Black / Yellow,10.0,8.0
G.Skill Ripjaws Z 64 GB,,"3,1600","8,8",,Black / Red,12.5,10.0
G.Skill Ripjaws Z 32 GB,,"3,2133","8,4",,Black / Red,10.314,11.0
G.Skill Ripjaws Z 64 GB,,"3,2133","8,8",,Black / Red,10.314,11.0
G.Skill Ripjaws Z 32 GB,,"3,2133","4,8",,Black / Red,10.314,11.0
G.Skill Ripjaws Z 64 GB,,"3,2400","8,8",,Black / Blue,8.333,10.0
Mushkin 974136A 32 GB,,"3,1866","4,8",,Black / Green,13.934,13.0
Mushkin 974146A 64 GB,,"3,1866","4,16",,Black,13.934,13.0
TEAMGROUP Xtreem 16 GB,,"3,2666","2,8",,White / Blue,8.252,11.0
Corsair Vengeance Pro 16 GB,,"3,2133","2,8",,Black / Blue,10.314,11.0
Crucial Ballistix Tactical Tracer 8 GB,,"3,1866","2,4",,Black / Silver,9.646,9.0
Crucial Ballistix 8 GB,,"3,1600","2,4",,Black / Silver,10.0,8.0
Mushkin Proline 8 GB,,"3,1600","1,8",,Black / Green,13.75,11.0
Mushkin Proline 8 GB,836.0,"3,1333","1,8",5.225,Black / Green,13.503,9.0
Mushkin Proline 16 GB,,"3,1333","1,16",,Black / Green,10.503,7.0
Mushkin Proline 64 GB,,"3,1866","4,16",,Black / Green,13.934,13.0
Mushkin Proline 16 GB,,"3,1333","2,8",,Black / Green,13.503,9.0
TEAMGROUP Elite Plus 8 GB,,"3,1333","1,8",,Black / Gold,13.503,9.0
Wintec 3RSH186613R4H-16GK 16 GB,,"3,1866","2,8",,Black / Silver,13.934,13.0
Wintec 3RSH186613R4H-32GQ 32 GB,,"3,1866","4,8",,Black / Silver,13.934,13.0
Wintec 3RSH186613R5H-64GQ 64 GB,,"3,1866","4,16",,Black / Silver,13.934,13.0
Wintec 3RSH186613R5H-32GK 32 GB,,"3,1866","1,32",,Black / Silver,13.934,13.0
Wintec 3RSL160011R9H-16GK 16 GB,,"3,1600","2,8",,Black / Silver,13.75,11.0
Mushkin 992082 32 GB,1837.4,"3,1333","1,32",2.871,Silver,13.503,9.0
TEAMGROUP Vulcan Orange 16 GB,,"3,2133","2,8",,Orange,10.314,11.0
Corsair Dominator Platinum 64 GB,,"4,2400","8,8",,Black / Silver,12.5,15.0
GeIL GPR416GB2666C15QC 16 GB,,"4,2666","4,4",,Black / Red,11.253,15.0
GeIL GPR432GB2400C15QC 32 GB,,"4,2400","4,8",,Black / Red,12.5,15.0
Kingston KVR16LE11K4/32I 32 GB,,"3,1600","4,8",,Black / Green,13.75,11.0
G.Skill Ripjaws 4 64 GB,,"4,2800","8,8",,Black,10.714,15.0
GeIL GPR432GB3000C15QC 32 GB,,"4,3000","4,8",,Black / Red,10.0,15.0
GeIL GPR416GB3200C16QC 16 GB,,"4,3200","4,4",,Black / Red,10.0,16.0
GeIL GPR416GB3000C15QC 16 GB,,"4,3000","4,4",,Black / Red,10.0,15.0
G.Skill Ripjaws 4 GB,,"3,1600","2,2",,Black / Red,8.75,7.0
AMD ASH1333U/8GB 8 GB,,"3,1333","1,8",,Black / Green,13.503,9.0
Apotop U3A4Gx2-16CBWB 8 GB,,"3,1600","2,4",,White / Purple,13.75,11.0
Apotop U3A8Gx1-16CBWB 8 GB,,"3,1600","1,8",,White / Purple,13.75,11.0
G.Skill Ripjaws 4 16 GB,,"4,2666","4,4",,Black / Blue,12.003,16.0
Kingston KHX12800D3K2/4G 4 GB,,"3,1600","2,2",,Blue / Silver,11.25,9.0
Mushkin Blackline 16 GB,,"4,2133","4,4",,Black / White,11.252,12.0
Mushkin Blackline 16 GB,,"4,2400","4,4",,Black / White,12.5,15.0
TEAMGROUP Elite 4 GB,,"4,2133","1,4",,Black,14.065,15.0
TEAMGROUP Elite 8 GB,,"4,2133","2,4",,Black,14.065,15.0
TEAMGROUP Elite Plus 16 GB,,"4,2133","4,4",,Black / Gold,14.065,15.0
TEAMGROUP Elite Plus 8 GB,,"4,2133","2,4",,Black / Gold,14.065,15.0
Apotop U3A4Gx1-16CBWB 4 GB,,"3,1600","1,4",,White / Purple,13.75,11.0
Apotop U3A8Gx2-16CBWB 16 GB,,"3,1600","2,8",,White / Purple,13.75,11.0
G.Skill Ripjaws 4 16 GB,,"4,3000","4,4",,Black / Blue,10.0,15.0
TEAMGROUP Elite 16 GB,,"4,2400","4,4",,Black / Green,12.5,15.0
TEAMGROUP Elite 32 GB,,"4,2400","4,8",,Black / Green,12.5,15.0
TEAMGROUP Elite 4 GB,,"4,2400","1,4",,Black / Green,12.5,15.0
TEAMGROUP Elite 8 GB,,"4,2400","2,4",,Black / Green,12.5,15.0
TEAMGROUP Elite Plus 16 GB,,"4,2400","4,4",,Black / Gold,13.333,16.0
TEAMGROUP Elite Plus 32 GB,,"4,2400","4,8",,Black / Gold,13.333,16.0
TEAMGROUP Elite Plus 8 GB,,"4,2400","2,4",,Black / Gold,13.333,16.0
Apotop U3A4Gx1-16C9GB 4 GB,,"3,1600","1,4",,Black / Gold,11.25,9.0
Apotop U3A4Gx2-18C9GB 8 GB,,"3,1866","2,4",,Black / Gold,9.646,9.0
Apotop U3A4Gx2-16C9GB 8 GB,,"3,1600","2,4",,Black / Gold,11.25,9.0
Apotop U3A4Gx2-18C9PB 8 GB,,"3,1866","2,4",,White / Purple,9.646,9.0
Apotop U3A4Gx2-21C9GC 8 GB,,"3,2133","2,4",,Black / Gold,8.439,9.0
Apotop U3A4Gx2-21C9PC 8 GB,,"3,2133","2,4",,White / Purple,8.439,9.0
Apotop U3A8Gx1-16C9GB 8 GB,,"3,1600","1,8",,Black / Gold,11.25,9.0
Apotop U3A8Gx2-18C9GB 16 GB,,"3,1866","2,8",,Black / Gold,9.646,9.0
Apotop U3A8Gx2-16C9GB 16 GB,,"3,1600","2,8",,Black / Gold,11.25,9.0
Apotop U3A8Gx2-18C9PB 16 GB,,"3,1866","2,8",,White / Purple,9.646,9.0
Apotop U3A8Gx2-21C9PC 16 GB,,"3,2133","2,8",,White / Purple,8.439,9.0
Corsair Vengeance LPX 16 GB,,"4,2400","4,4",,Red,12.5,15.0
Corsair Vengeance LPX 16 GB,,"4,2666","4,4",,Blue,11.253,15.0
Crucial Ballistix Tactical 8 GB,,"3,1600","1,8",,Black / Silver,10.0,8.0
Crucial CT12872AA80E 1 GB,,"2,800","1,1",,Black / Green,12.5,5.0
Crucial CT2KIT51272AF80E 8 GB,,"2,800","2,4",,Silver,12.5,5.0
TEAMGROUP Elite Plus 32 GB,,"4,2133","4,8",,Black / Gold,14.065,15.0
TEAMGROUP Elite Plus 8 GB,,"4,2133","1,8",,Black / Gold,14.065,15.0
Wintec Server 64 GB,,"3,1333","4,16",,Silver,13.503,9.0
Corsair Vengeance LPX 16 GB,,"4,2133","4,4",,Black / Blue,14.065,15.0
Corsair Vengeance LPX 16 GB,,"4,2133","4,4",,Black / Red,14.065,15.0
Corsair Vengeance LPX 64 GB,,"4,2133","8,8",,Black,14.065,15.0
Corsair Vengeance Pro 16 GB,,"3,2400","4,4",,Black / Red,7.5,9.0
Mushkin Redline 16 GB,,"4,2400","4,4",,Red / White,10.833,13.0
Mushkin Blackline 32 GB,,"4,2400","4,8",,Black / White,12.5,15.0
TEAMGROUP Elite 16 GB,,"4,2133","2,8",,Black / Green,14.065,15.0
TEAMGROUP Elite 16 GB,,"4,2133","4,4",,Black,14.065,15.0
TEAMGROUP Elite 32 GB,,"4,2133","4,8",,Black / Green,14.065,15.0
Patriot Viper Xtreme 4 GB,,"3,1600","1,4",,Black / Silver,13.75,11.0
Corsair Vengeance LPX 16 GB,,"4,2133","4,4",,Black,14.065,15.0
G.Skill Ripjaws 4 32 GB,,"4,2666","4,8",,Blue,12.003,16.0
G.Skill Ripjaws 4 32 GB,,"4,2800","4,8",,Black,11.429,16.0
Corsair Dominator Platinum 32 GB,,"4,3000","4,8",,Black / Silver,10.0,15.0
Crucial Ballistix 8 GB,,"3,1866","2,4",,Black / Silver,9.646,9.0
Crucial Ballistix Tactical 12 GB,,"3,1600","3,4",,Black / Silver,10.0,8.0
Crucial Ballistix Sport 8 GB,,"3,1333","2,4",,Black / Silver,13.503,9.0
Crucial Ballistix Sport 6 GB,,"3,1600","3,2",,Black / Silver,11.25,9.0
Crucial Ballistix Sport 12 GB,,"3,1600","3,4",,Black / Silver,11.25,9.0
GeIL GPR416GB3000C16QC 16 GB,,"4,3000","4,4",,Black / Red,10.667,16.0
Mushkin Blackline 32 GB,,"4,2133","4,8",,Black / White,11.252,12.0
Patriot PX416G266C5QK 16 GB,,"4,2666","4,4",,Black / Silver,11.253,15.0
Patriot PX432G280C6QK 32 GB,,"4,2800","4,8",,Black / Silver,10.714,15.0
Crucial Ballistix Smart Tracer 16 GB,,"3,1600","2,8",,Black / Silver,10.0,8.0
Mushkin Blackline 32 GB,,"3,2133","4,8",,Black / White,10.314,11.0
Mushkin Blackline 16 GB,,"3,1866","2,8",,Black / White,11.79,11.0
Mushkin Blackline 8 GB,,"3,2133","2,4",,Black / White,9.376,10.0
Mushkin Blackline 16 GB,,"3,1600","2,8",,Black,11.25,9.0
Corsair Dominator Platinum 16 GB,,"4,3300","4,4",,Black / Silver,9.697,16.0
Kingston KVR16E11S8/4HB 4 GB,,"3,1600","1,4",,Black / Green,13.75,11.0
Kingston KVR16LE11/8HB 8 GB,,"3,1600","1,8",,Black / Green,13.75,11.0
Mushkin Blackline 16 GB,,"3,1600","4,4",,Black / White,11.25,9.0
Mushkin Redline 32 GB,,"3,1866","4,8",,Black / White,10.718,10.0
Mushkin Blackline 32 GB,,"3,1600","4,8",,Black / White,11.25,9.0
Mushkin Blackline 32 GB,,"3,1866","4,8",,Black / White,11.79,11.0
Mushkin Redline 32 GB,,"3,1866","4,8",,Red / White,9.646,9.0
Mushkin Blackline 16 GB,,"3,2133","4,4",,Black / White,9.376,10.0
Mushkin Blackline 8 GB,,"3,1600","2,4",,Black / White,12.5,10.0
Mushkin Blackline 8 GB,,"3,1600","2,4",,Black / White,11.25,9.0
Mushkin Blackline 16 GB,,"3,1600","2,8",,Black / White,11.25,9.0
Mushkin Blackline 16 GB,,"3,1600","2,8",,Black / White,12.5,10.0
Mushkin Redline 16 GB,,"3,1866","2,8",,Red / White,10.718,10.0
Mushkin Redline 16 GB,,"3,1866","2,8",,Black / White,9.646,9.0
Mushkin Blackline 16 GB,,"3,2133","2,8",,Black / White,10.314,11.0
Mushkin Blackline 32 GB,,"3,1600","4,8",,Black / White,11.25,9.0
Mushkin Blackline 32 GB,,"3,2133","4,8",,Black / White,9.376,10.0
TEAMGROUP R-DIMM 4 GB,,"3,1600","1,4",,Black / Green,13.75,11.0
TEAMGROUP R-DIMM 8 GB,,"3,1333","1,8",,Black / Green,13.503,9.0
TEAMGROUP Elite 8 GB,,"3,1333","1,8",,Silver,13.503,9.0
TEAMGROUP Elite 8 GB,,"3,1600","1,8",,Silver,13.75,11.0
Mushkin Redline 16 GB,,"3,1866","4,4",,Black / White,9.646,9.0
Mushkin Redline 8 GB,,"3,1866","2,4",,Black / White,9.646,9.0
Kingston KVR16E11/8HB 8 GB,,"3,1600","1,8",,Black / Green,13.75,11.0
Corsair Vengeance LPX 16 GB,,"4,3000","4,4",,Black / Red,10.0,15.0
G.Skill Ripjaws 4 8 GB,,"4,2133","2,4",,Red,14.065,15.0
G.Skill Ripjaws 4 64 GB,,"4,2133","8,8",,Blue,14.065,15.0
G.Skill Ripjaws 4 64 GB,,"4,2133","8,8",,Red,14.065,15.0
G.Skill Ripjaws 4 64 GB,,"4,2400","8,8",,Black,12.5,15.0
G.Skill Ripjaws 4 64 GB,,"4,2666","8,8",,Blue,12.003,16.0
G.Skill Ripjaws 4 32 GB,,"4,2800","4,8",,Blue,10.714,15.0
Mushkin Redline 4 GB,,"4,3200","1,4",,Red / White,10.0,16.0
Mushkin Redline 4 GB,,"4,3000","1,4",,Red / White,10.0,15.0
Mushkin Blackline 16 GB,,"3,2133","4,4",,Black / White,9.376,10.0
Mushkin Redline 16 GB,,"4,3000","4,4",,Red / White,10.0,15.0
Mushkin Blackline 8 GB,,"3,2133","2,4",,Black / White,9.376,10.0
Mushkin Redline 8 GB,,"4,3200","2,4",,Red / White,10.0,16.0
Mushkin Redline 8 GB,,"4,3000","2,4",,Red / White,10.0,15.0
TEAMGROUP Vulcan Orange 8 GB,,"3,2133","2,4",,Orange,10.314,11.0
TEAMGROUP Vulcan 16 GB,,"3,2400","2,8",,Red,9.167,11.0
Kingston KVR16LR11D4/16HB 16 GB,,"3,1600","1,16",,Black / Green,13.75,11.0
Kingston KVR16LR11S4/8HB 8 GB,,"3,1600","1,8",,Black / Green,13.75,11.0
Kingston KVR16R11D4/16HB 16 GB,2153.4,"3,1600","1,16",6.729,Black / Green,13.75,11.0
Kingston KVR16R11S4/8HB 8 GB,2887.6,"3,1600","1,8",18.047,Black / Green,13.75,11.0
Patriot PSD34G1600L82S 4 GB,,"3,1600","1,4",,Black / Green,13.75,11.0
Mushkin Redline 8 GB,,"4,2666","1,8",,Red / White,11.253,15.0
Mushkin Redline 8 GB,,"4,3000","1,8",,Red / White,10.0,15.0
Mushkin Redline 32 GB,,"4,3000","4,8",,Red / White,10.0,15.0
Mushkin Redline 8 GB,,"4,2400","2,4",,Red / White,10.833,13.0
Mushkin Redline 16 GB,,"4,2666","2,8",,Red / White,11.253,15.0
Mushkin Redline 16 GB,,"4,3000","2,8",,Red / White,10.0,15.0
Wintec 3SH13339R5-8GR 8 GB,,"3,1333","1,8",,Black / Green,13.503,9.0
Corsair Dominator Platinum 16 GB,,"4,3000","4,4",,Black / Silver,10.0,15.0
Crucial Ballistix Elite 8 GB,,"4,2666","2,4",,Black,12.003,16.0
Crucial Ballistix Elite 4 GB,,"4,2666","1,4",,Black,12.003,16.0
Crucial Ballistix Elite 32 GB,,"4,2666","4,8",,Black,12.003,16.0
Crucial Ballistix Elite 8 GB,,"4,2666","1,8",,Black,12.003,16.0
Corsair TW3X4G1333C9A 4 GB,,"3,1333","2,2",,Black / Blue,13.503,9.0
Kingston KVR16LE11S8/4HB 4 GB,,"3,1600","1,4",,Black / Green,13.75,11.0
Mushkin Redline 4 GB,,"4,2800","1,4",,Red / White,10.714,15.0
Mushkin Blackline 4 GB,,"4,2800","1,4",,Black / White,11.429,16.0
Mushkin Redline 16 GB,,"4,2800","4,4",,Red / White,10.714,15.0
Mushkin Blackline 16 GB,,"4,2800","4,4",,Black / White,11.429,16.0
Mushkin Redline 8 GB,,"4,2400","2,4",,Red / White,12.5,15.0
Mushkin Redline 8 GB,,"4,2800","2,4",,Red / White,10.714,15.0
Mushkin Blackline 8 GB,,"4,2800","2,4",,Black / White,11.429,16.0
TEAMGROUP R-DIMM 32 GB,,"3,1333","1,32",,Silver,13.503,9.0
Patriot Viper 4 16 GB,,"4,2400","4,4",,Black / Red,12.5,15.0
Patriot Viper 4 16 GB,1975.6,"4,2666","4,4",6.174,Black / Red,11.253,15.0
Patriot Viper 4 16 GB,,"4,2800","4,4",,Black / Red,11.429,16.0
Patriot Viper 4 32 GB,,"4,2400","4,8",,Black / Red,12.5,15.0
Patriot Viper 4 32 GB,3362.6,"4,2666","4,8",5.254,Black / Red,11.253,15.0
Patriot Viper 4 32 GB,,"4,2800","4,8",,Black / Red,11.429,16.0
ADATA ADDS1600W4G11-S 4 GB,436.4,"3,1600","1,4",5.455,Black / Green,13.75,11.0
Corsair Dominator Platinum 16 GB,,"4,3333","4,4",,Black / Silver,9.601,16.0
Corsair Dominator Platinum 64 GB,,"4,2800","8,8",,Black / Silver,10.714,15.0
Samsung M393B1G73DB0-YK0 8 GB,,"3,1600","1,8",,Black / Green,13.75,11.0
Mushkin Blackline 16 GB,,"4,2800","2,8",,Black / White,11.429,16.0
Mushkin Blackline 32 GB,,"4,2800","4,8",,Black / White,11.429,16.0
Mushkin Blackline 8 GB,,"4,2800","1,8",,Black / White,11.429,16.0
GeIL GPW38GB3000C13DC 8 GB,,"3,3000","2,4",,Black / White,8.667,13.0
Kingston HX321LS11IB2K2/8 8 GB,,"3,2133","1,8",,Black / Silver,10.314,11.0
Silicon Power SP008GXLYU16ANDA 8 GB,,"3,1600","2,4",,Red,11.25,9.0
Silicon Power SP008GXLYU21ANDA 8 GB,,"3,2133","2,4",,Red,10.314,11.0
Silicon Power SP008GXLYU24ANDA 8 GB,,"3,2400","2,4",,Red,9.167,11.0
Silicon Power SP016GXLYU16ANDA 16 GB,,"3,1600","2,8",,Red,11.25,9.0
Silicon Power SP016GXLYU18ANDA 16 GB,,"3,1866","2,8",,Red,9.646,9.0
Silicon Power SP016GXLYU21ANDA 16 GB,,"3,2133","2,8",,Red,10.314,11.0
Silicon Power SP016GXLYU24ANDA 16 GB,,"3,2400","2,8",,Red,9.167,11.0
ADATA AX4U3300W4G16-QGZ 16 GB,,"4,3300","4,4",,Gold,9.697,16.0
ADATA AX4U3333W4G16-QGZ 16 GB,,"4,3333","4,4",,Gold,9.601,16.0
G.Skill Sniper 16 GB,,"3,1600","2,8",,Black / Red,12.5,10.0
Corsair Vengeance 8 GB,,"3,1866","2,4",,Black,9.646,9.0
Pareema MD316D81610L1 8 GB,,"3,1600","1,8",,Black / Green,12.5,10.0
Pareema MD316D81610L2 16 GB,,"3,1600","2,8",,Black / Green,12.5,10.0
Pareema MD316D81610S1 8 GB,,"3,1600","1,8",,Black / Green,12.5,10.0
Pareema MD316D81610S2 16 GB,,"3,1600","2,8",,Black / Green,12.5,10.0
Pareema MD316D81611L1 8 GB,,"3,1600","1,8",,Black / Green,13.75,11.0
Pareema MD316D81611L2 16 GB,,"3,1600","2,8",,Black / Green,13.75,11.0
Mushkin Redline 16 GB,,"3,1600","4,4",,Red / White,8.75,7.0
Mushkin Blackline 16 GB,,"3,1600","4,4",,Black / White,10.0,8.0
Mushkin Redline 8 GB,,"3,1600","2,4",,Red / White,8.75,7.0
Mushkin Blackline 8 GB,,"3,1600","2,4",,Black / White,10.0,8.0
Klevv Genuine 8 GB,,"3,1866","2,4",,Black / Silver,9.646,9.0
Klevv Genuine 8 GB,,"3,2133","2,4",,Black / Silver,9.376,10.0
Klevv Genuine 8 GB,,"3,2666","2,4",,Black / Silver,9.002,12.0
Klevv Genuine 8 GB,,"3,2933","2,4",,Black / Silver,8.183,12.0
Klevv Neo 8 GB,,"3,1600","2,4",,Silver,11.25,9.0
Klevv Neo 8 GB,,"3,1866","2,4",,Silver,9.646,9.0
Klevv Neo 8 GB,,"3,2133","2,4",,Silver,9.376,10.0
Klevv Neo 8 GB,,"3,2400","2,4",,Silver,9.167,11.0
Klevv Neo 16 GB,,"3,1600","2,8",,Silver,11.25,9.0
Klevv Neo 16 GB,,"3,1866","2,8",,Silver,9.646,9.0
Klevv Neo 16 GB,,"3,2133","2,8",,Silver,9.376,10.0
Klevv Neo 16 GB,,"3,2400","2,8",,Silver,9.167,11.0
Klevv Urbane 8 GB,,"3,1600","2,4",,Silver,11.25,9.0
Klevv Urbane 8 GB,,"3,1866","2,4",,Silver,9.646,9.0
Klevv Urbane 8 GB,,"3,2133","2,4",,Silver,9.376,10.0
Klevv Urbane 8 GB,,"3,2400","2,4",,Silver,9.167,11.0
Klevv Urbane 8 GB,,"3,2666","2,4",,Silver,9.002,12.0
Klevv Urbane 8 GB,,"3,2933","2,4",,Silver,8.183,12.0
Klevv Urbane 16 GB,,"3,1600","2,8",,Silver,11.25,9.0
Klevv Urbane 16 GB,,"3,1866","2,8",,Silver,9.646,9.0
Klevv Urbane 16 GB,,"3,2133","2,8",,Silver,9.376,10.0
Klevv Urbane 16 GB,,"3,2400","2,8",,Silver,9.167,11.0
Klevv Urbane 16 GB,,"3,2666","2,8",,Silver,9.002,12.0
Klevv CRAS 16 GB,,"4,2666","4,4",,Black / Silver,11.253,15.0
Klevv CRAS 16 GB,,"4,2800","4,4",,Black / Silver,11.429,16.0
Klevv CRAS 32 GB,,"4,2800","4,8",,Black / Silver,11.429,16.0
Klevv Genuine 16 GB,,"3,1600","4,4",,Black / Silver,11.25,9.0
Klevv Genuine 16 GB,,"3,1866","4,4",,Black / Silver,9.646,9.0
Klevv Genuine 16 GB,,"3,2133","4,4",,Black / Silver,9.376,10.0
Klevv Genuine 16 GB,,"3,2400","4,4",,Black / Silver,9.167,11.0
Klevv Genuine 16 GB,,"3,2666","4,4",,Black / Silver,9.002,12.0
Klevv Genuine 16 GB,,"3,2800","4,4",,Black / Silver,8.571,12.0
Klevv Genuine 16 GB,,"3,2933","4,4",,Black / Silver,8.183,12.0
Klevv Genuine 16 GB,,"3,1600","2,8",,Black / Silver,11.25,9.0
Klevv Genuine 16 GB,,"3,1866","2,8",,Black / Silver,9.646,9.0
Klevv Genuine 16 GB,,"3,2133","2,8",,Black / Silver,9.376,10.0
Klevv Genuine 16 GB,,"3,2400","2,8",,Black / Silver,9.167,11.0
Klevv Genuine 32 GB,,"3,1600","4,8",,Black / Silver,11.25,9.0
Klevv Genuine 32 GB,,"3,1866","4,8",,Black / Silver,9.646,9.0
Klevv Genuine 32 GB,,"3,2133","4,8",,Black / Silver,9.376,10.0
Klevv Genuine 32 GB,,"3,2400","4,8",,Black / Silver,9.167,11.0
Klevv Genuine 32 GB,,"3,2666","4,8",,Black / Silver,9.002,12.0
Klevv Neo 16 GB,,"3,1600","4,4",,Silver,11.25,9.0
Klevv Neo 16 GB,,"3,1866","4,4",,Silver,9.646,9.0
Klevv Neo 16 GB,,"3,2133","4,4",,Silver,9.376,10.0
Klevv Neo 16 GB,,"3,2400","4,4",,Silver,9.167,11.0
Klevv Neo 32 GB,,"3,1866","4,8",,Silver,9.646,9.0
Klevv Neo 8 GB,,"3,2133","2,4",,Silver,9.376,10.0
Klevv Neo 32 GB,,"3,2400","4,8",,Silver,9.167,11.0
Klevv Urbane 16 GB,,"3,1600","4,4",,Silver,11.25,9.0
Klevv Urbane 16 GB,,"3,2133","4,4",,Silver,9.376,10.0
Klevv Urbane 16 GB,,"3,2400","4,4",,Silver,9.167,11.0
Klevv Urbane 16 GB,,"3,2666","4,4",,Silver,9.002,12.0
Klevv Urbane 16 GB,,"3,2800","4,4",,Silver,8.571,12.0
Klevv Urbane 16 GB,,"3,2933","4,4",,Silver,8.183,12.0
Klevv Urbane 32 GB,,"3,1600","4,8",,Silver,11.25,9.0
Klevv Urbane 32 GB,,"3,1866","4,8",,Silver,9.646,9.0
Klevv Urbane 16 GB,,"3,2133","4,4",,Silver,9.376,10.0
Klevv Urbane 32 GB,,"3,2400","4,8",,Silver,9.167,11.0
Klevv Urbane 32 GB,,"3,2666","4,8",,Silver,9.002,12.0
Kingston HyperX Predator 8 GB,,"3,2666","2,4",,Black / Blue,8.252,11.0
Kingston KVR13LR9D4K3/48 48 GB,,"3,1333","3,16",,Black / Green,13.503,9.0
Kingston KVR18R13S8/4 4 GB,,"3,1866","1,4",,Black / Green,13.934,13.0
Kingston KVR18R13S8/4KF 4 GB,,"3,1866","1,4",,Black / Green,13.934,13.0
Mushkin Redline 16 GB,,"3,2400","2,8",,Red / White,8.333,10.0
Mushkin Redline 32 GB,,"3,2400","4,8",,Red / White,8.333,10.0
Crucial Ballistix Sport LT 32 GB,,"4,2400","4,8",,Silver,13.333,16.0
Corsair Dominator Platinum 16 GB,,"4,3200","4,4",,Black / Silver,9.375,15.0
Kingston KTH-PL421/8G 8 GB,490.4,"4,2133","1,8",3.065,Green,14.065,15.0
Kingston KTL-TS421/8G 8 GB,579.79,"4,2133","1,8",3.624,Green,14.065,15.0
Kingston KVR16LE11K3/24 24 GB,,"3,1600","3,8",,Green,13.75,11.0
Mushkin Proline 8 GB,,"3,1333","1,8",,Green,10.503,7.0
Crucial CT16G3ERSLD41339 16 GB,579.79,"3,1333","1,16",1.812,Green,13.503,9.0
Crucial CT16G3ERSLQ41067 16 GB,,"3,1066","1,16",,Black,13.133,7.0
Crucial CT16G3ERSLQ81067 16 GB,,"3,1066","1,16",,Green,13.133,7.0
Crucial CT2K4G4RFS8213 8 GB,,"4,2133","2,4",,Green,14.065,15.0
Crucial CT204872BB160B 16 GB,,"3,1600","1,16",,Green,13.75,11.0
Crucial CT2G3ERSLD81339 2 GB,,"3,1333","1,2",,Green,13.503,9.0
Crucial CT2G3ERSLS8160B 2 GB,,"3,1600","1,2",,Green,13.75,11.0
Crucial CT2G3ERVLS81339 2 GB,,"3,1333","1,2",,Green,13.503,9.0
Crucial CT2K4G3ERSLD8160B 8 GB,,"3,1600","2,4",,Green,13.75,11.0
Crucial CT2K8G3ERSLD4160B 16 GB,,"3,1600","2,8",,Green,13.75,11.0
Crucial CT2KIT102472BA160B 16 GB,,"3,1600","2,8",,Green,13.75,11.0
Crucial CT2KIT51272BB160B 8 GB,,"3,1600","2,4",,Green,13.75,11.0
Crucial CT2KIT51272BD160B 8 GB,,"3,1600","2,4",,Green,13.75,11.0
Crucial CT32G3ERSLQ41067 32 GB,,"3,1066","1,32",,Black,13.133,7.0
Crucial CT32G3ERSLQ41339 32 GB,,"3,1333","1,32",,Black,13.503,9.0
Crucial CT3K16G3ERSLD4160B 48 GB,,"3,1600","3,16",,Green,13.75,11.0
Crucial CT3K2G3ERSLS8160B 6 GB,,"3,1600","3,2",,Green,13.75,11.0
Crucial CT3K4G3ERSLD8160B 12 GB,,"3,1600","3,4",,Green,13.75,11.0
Crucial CT3K8G3ERSLD81339 24 GB,,"3,1333","3,8",,Green,13.503,9.0
Crucial CT3KIT102472BA160B 24 GB,,"3,1600","3,8",,Green,13.75,11.0
Crucial CT3KIT102472BD1339 24 GB,,"3,1333","3,8",,Green,13.503,9.0
Crucial CT3KIT51272BA1067 12 GB,,"3,1066","3,4",,Green,13.133,7.0
Crucial CT3KIT51272BD160B 12 GB,2604.4,"3,1600","3,4",,Green,13.75,11.0
Crucial CT4G3ERSLD8160B 4 GB,,"3,1600","1,4",,Green,13.75,11.0
Crucial CT4G3ERSLS41339 4 GB,,"3,1333","1,4",,Green,13.503,9.0
Crucial CT4G3ERSLS4160B 4 GB,,"3,1600","1,4",,Green,13.75,11.0
Crucial CT4G3ERVDD8186D 4 GB,,"3,1866","1,4",,Green,13.934,13.0
Crucial CT51272BB160B 4 GB,,"3,1600","1,4",,Green,13.75,11.0
Crucial CT8G3ERSLD41339 8 GB,464.79,"3,1333","1,8",2.905,Green,13.503,9.0
Crucial CT8G3ERSLD8160B 8 GB,1099.8,"3,1600","1,8",6.874,Green,13.75,11.0
Crucial CT8G3ERSLQ81067 8 GB,979.8,"3,1066","1,8",6.124,Green,13.133,7.0
Crucial CT8G3ERSLS41339 8 GB,,"3,1333","1,8",,Green,13.503,9.0
Crucial CT8G3ERSLS4160B 8 GB,499.79,"3,1600","1,8",3.124,Green,13.75,11.0
Kingston D1G72K111S 8 GB,,"3,1600","1,8",,Green,13.75,11.0
Kingston D1G72KL111S 8 GB,,"3,1600","1,8",,Green,13.75,11.0
Kingston D51272K110S 4 GB,,"3,1600","1,4",,Green,13.75,11.0
Kingston KFJ-PM316S8/4G 4 GB,,"3,1600","1,4",,Green,13.75,11.0
Kingston KTD-PE316S8/4G 4 GB,,"3,1600","1,4",,Green,13.75,11.0
Kingston KTH-PL316S8/4G 4 GB,479.79,"3,1600","1,4",5.997,Green,13.75,11.0
Kingston KVR18R13D4/16KF 16 GB,,"3,1866","1,16",,Green,13.934,13.0
Kingston KVR18R13D4K3/48 48 GB,,"3,1866","3,16",,Blue,13.934,13.0
Kingston KVR18R13D8/8 8 GB,,"3,1866","1,8",,Green,13.934,13.0
Kingston KVR18R13D8/8KF 8 GB,,"3,1866","1,8",,Green,13.934,13.0
Kingston KVR16R11S8/4EF 4 GB,1293.19,"3,1600","1,4",16.165,Green,13.75,11.0
Kingston KVR16R11S8/4I 4 GB,579.79,"3,1600","1,4",7.247,Green,13.75,11.0
Kingston KVR16R11S8/4KF 4 GB,419.0,"3,1600","1,4",5.237,Green,13.75,11.0
Kingston KVR16R11S8K3/6 6 GB,,"3,1600","3,2",,Green,13.75,11.0
Kingston KVR16R11S8K4/16I 16 GB,,"3,1600","4,4",,Green,13.75,11.0
Kingston KVR18E13/8KF 8 GB,,"3,1866","1,8",,Green,13.934,13.0
Kingston KVR18R13D4/16 16 GB,1838.6,"3,1866","1,16",5.746,Blue,13.934,13.0
Kingston KVR18R13S4/8 8 GB,,"3,1866","1,8",,Green,13.934,13.0
Kingston KVR18R13S4/8KF 8 GB,,"3,1866","1,8",,Green,13.934,13.0
Kingston KVR18R13S4K3/24 24 GB,,"3,1866","3,8",,Green,13.934,13.0
Kingston KVR18R13S4K4/32 32 GB,,"3,1866","4,8",,Green,13.934,13.0
Kingston KVR400D2S4R3K2/4G 4 GB,,"2,400","2,2",,Green,15.0,3.0
Kingston KVR667D2D4F5/4G 4 GB,,"2,667","1,4",,Black / Silver,14.993,5.0
Kingston KVR667D2D4F5/8G 8 GB,,"2,667","1,8",,Black / Silver,14.993,5.0
Kingston KVR667D2D4F5/8GI 8 GB,,"2,667","1,8",,Black / Silver,14.993,5.0
Kingston KVR16LR11S8K4/16 16 GB,,"3,1600","4,4",,Green,13.75,11.0
Kingston KVR16LSE11/4KF 4 GB,,"3,1600","1,4",,Green,13.75,11.0
Kingston KVR16R11D4K4/32 32 GB,2980.0,"3,1600","4,8",4.656,Green,13.75,11.0
Kingston KVR16R11D4K4/32I 32 GB,,"3,1600","4,8",,Green,13.75,11.0
Kingston KVR16R11D8/4 4 GB,,"3,1600","1,4",,Green,13.75,11.0
Kingston KVR16R11D8/4HC 4 GB,599.0,"3,1600","1,4",7.487,Green,13.75,11.0
Kingston KVR16R11D8/8I 8 GB,1538.8,"3,1600","1,8",9.617,Green,13.75,11.0
Kingston KVR16R11D8L/8 8 GB,1199.8,"3,1600","1,8",7.499,Green,13.75,11.0
Kingston KVR16R11S4/4 4 GB,,"3,1600","1,4",,Green,13.75,11.0
Kingston KVR16R11S4/8HA 8 GB,,"3,1600","1,8",,Green,13.75,11.0
Kingston KVR16R11S4K3/24 24 GB,,"3,1600","3,8",,Green,13.75,11.0
Kingston KVR16R11S4K4/16 16 GB,,"3,1600","4,4",,Green,13.75,11.0
Kingston KVR16R11S4K4/32I 32 GB,,"3,1600","4,8",,Green,13.75,11.0
Kingston KVR16R11S8/4 4 GB,390.0,"3,1600","1,4",4.875,Green,13.75,11.0
Kingston KVR16R11D8/8KF 8 GB,1159.59,"3,1600","1,8",7.247,Green,13.75,11.0
Kingston KVR16R11D8K4/32I 32 GB,4612.79,"3,1600","4,8",,Green,13.75,11.0
Kingston KVR16R11S4/4HE 4 GB,,"3,1600","1,4",,Green,13.75,11.0
Kingston KVR16R11S4/8I 8 GB,854.8,"3,1600","1,8",5.343,Green,13.75,11.0
Kingston KVR16R11S8/2 2 GB,,"3,1600","1,2",,Green,13.75,11.0
Kingston KVR16R11S4/8 8 GB,956.0,"3,1600","1,8",5.975,Green,13.75,11.0
Kingston KVR16R11D8K4/16 16 GB,,"3,1600","4,4",,Green,13.75,11.0
Kingston KVR16R11D4/8HE 8 GB,,"3,1600","1,8",,Green,13.75,11.0
Kingston KVR16R11D4/8HC 8 GB,588.8,"3,1600","1,8",3.68,Green,13.75,11.0
Kingston KVR16R11D4/8 8 GB,379.4,"3,1600","1,8",2.371,Green,13.75,11.0
Kingston KVR16LSE11/8KF 8 GB,,"3,1600","1,8",,Green,13.75,11.0
Kingston KVR16LSE11/8 8 GB,940.0,"3,1600","1,8",5.875,Green,13.75,11.0
Kingston KVR16LR11S8K3/12 12 GB,,"3,1600","3,4",,Green,13.75,11.0
Kingston KVR16LR11S8/4I 4 GB,,"3,1600","1,4",,Green,13.75,11.0
Kingston KVR16LR11S8/4EF 4 GB,,"3,1600","1,4",,Green,13.75,11.0
Kingston KVR16LR11S8/4 4 GB,1127.6,"3,1600","1,4",14.095,Green,13.75,11.0
Kingston KVR16LR11S4L/8 8 GB,,"3,1600","1,8",,Green,13.75,11.0
Kingston KVR16LR11S4K4/32I 32 GB,,"3,1600","4,8",,Green,13.75,11.0
Kingston KVR16LR11S4/8I 8 GB,,"3,1600","1,8",,Green,13.75,11.0
Kingston KVR16LR11S4/8 8 GB,,"3,1600","1,8",,Green,13.75,11.0
Kingston KVR16LR11D8K4/32I 32 GB,3999.8,"3,1600","4,8",6.25,Green,13.75,11.0
Kingston KVR16LR11D8K4/32 32 GB,,"3,1600","4,8",,Green,13.75,11.0
Kingston KVR16LR11D8K3/24I 24 GB,,"3,1600","3,8",,Green,13.75,11.0
Kingston KVR16LR11D8K3/24 24 GB,,"3,1600","3,8",,Green,13.75,11.0
Kingston KVR16LR11D8/8KF 8 GB,,"3,1600","1,8",,Green,13.75,11.0
Kingston KVR16LR11D8/8I 8 GB,,"3,1600","1,8",,Green,13.75,11.0
Kingston KVR16LR11D8/8 8 GB,,"3,1600","1,8",,Green,13.75,11.0
Kingston KVR16LR11D4L/16 16 GB,,"3,1600","1,16",,Green,13.75,11.0
Kingston KVR16LR11D4K3/48 48 GB,,"3,1600","3,16",,Green,13.75,11.0
Kingston KVR16LR11D4/8 8 GB,,"3,1600","1,8",,Green,13.75,11.0
Kingston KVR16LR11D4/16I 16 GB,,"3,1600","1,16",,Green,13.75,11.0
Kingston KVR16LR11D4/16 16 GB,451.0,"3,1600","1,16",1.409,Green,13.75,11.0
Kingston KVR16LL11Q4/32 32 GB,,"3,1600","1,32",,White,13.75,11.0
Kingston KVR16LE11S8/4KF 4 GB,651.59,"3,1600","1,4",8.145,Green,13.75,11.0
Kingston KVR16LE11S8/4I 4 GB,,"3,1600","1,4",,Green,13.75,11.0
Kingston KVR16LE11S8/4EF 4 GB,,"3,1600","1,4",,Green,13.75,11.0
Kingston KVR16LE11S8/4 4 GB,908.6,"3,1600","1,4",11.357,Green,13.75,11.0
Kingston KVR16LE11L/8 8 GB,1177.6,"3,1600","1,8",7.36,Green,13.75,11.0
Kingston KTL-TS316S/8G 8 GB,,"3,1600","1,8",,Green,13.75,11.0
Kingston KTM-SX316ES/4G 4 GB,,"3,1600","1,4",,Green,13.75,11.0
Kingston KTM-SX316LLVS/8G 8 GB,,"3,1600","1,8",,Green,13.75,11.0
Kingston KTM-SX316S8/4G 4 GB,,"3,1600","1,4",,Green,13.75,11.0
Kingston KTM-SX316S/8G 8 GB,1087.39,"3,1600","1,8",6.796,Green,13.75,11.0
Kingston ValueRAM 4 GB,,"3,1066","1,4",,Green,13.133,7.0
Kingston KVR1066D3S8E7S/2G 2 GB,399.6,"3,1066","1,2",9.99,Green,13.133,7.0
Kingston KVR1333D3D4R9S/4GED 4 GB,581.59,"3,1333","1,4",7.27,Green,13.503,9.0
Kingston KVR1333D3D4R9S/8G 8 GB,798.0,"3,1333","1,8",4.987,Green,13.503,9.0
Kingston KVR1333D3D4R9SK2/16G 16 GB,1490.0,"3,1333","2,8",4.656,Green,13.503,9.0
Kingston KVR1333D3D8R9S/4G 4 GB,,"3,1333","1,4",,Green,13.503,9.0
Kingston KVR1333D3D8R9SK2/8G 8 GB,,"3,1333","2,4",,Green,13.503,9.0
Kingston KVR1333D3D8R9SL/4G 4 GB,,"3,1333","1,4",,Green,13.503,9.0
Kingston KVR1333D3E9S/8G 8 GB,781.4,"3,1333","1,8",4.884,Green,13.503,9.0
Kingston KVR1333D3E9SK2/8G 8 GB,587.4,"3,1333","2,4",3.671,Green,13.503,9.0
Kingston KVR1333D3E9SK3/12G 12 GB,,"3,1333","3,4",,Green,13.503,9.0
Kingston KVR1333D3E9SK3/24G 24 GB,2099.79,"3,1333","3,8",4.375,Green,13.503,9.0
Kingston KVR1333D3LD8R9S/4G 4 GB,,"3,1333","1,4",,Green,13.503,9.0
Kingston KVR1333D3LQ8R9S/8G 8 GB,,"3,1333","1,8",,Green,13.503,9.0
Kingston KVR1333D3Q8R9S/8G 8 GB,579.0,"3,1333","1,8",3.619,Green,13.503,9.0
Kingston KVR1333D3S4R9S/4G 4 GB,,"3,1333","1,4",,Green,13.503,9.0
Kingston KVR1333D3S8R9S/2G 2 GB,239.8,"3,1333","1,2",5.995,Green,13.503,9.0
Kingston KVR13E9/2I 2 GB,872.2,"3,1333","1,2",21.805,Green,13.503,9.0
Kingston KVR13E9/4I 4 GB,579.79,"3,1333","1,4",7.247,Green,13.503,9.0
Kingston KVR13E9/8I 8 GB,1219.4,"3,1333","1,8",7.621,Green,13.503,9.0
Kingston KVR13E9K2/16I 16 GB,,"3,1333","2,8",,Green,13.503,9.0
Kingston KVR13E9K3/24I 24 GB,,"3,1333","3,8",,Green,13.503,9.0
Kingston KVR13LE9S8/4 4 GB,,"3,1333","1,4",,Green,13.503,9.0
Kingston KVR13LE9S8/4EF 4 GB,579.79,"3,1333","1,4",7.247,Green,13.503,9.0
Kingston KVR13LL9Q4/32I 32 GB,,"3,1333","1,32",,White,13.503,9.0
Kingston KVR13LR9D4/16 16 GB,799.8,"3,1333","1,16",2.499,Green,13.503,9.0
Kingston KVR13LR9D4/16HA 16 GB,979.8,"3,1333","1,16",3.062,Green,13.503,9.0
Kingston KVR13LR9D4/16I 16 GB,876.59,"3,1333","1,16",2.739,Green,13.503,9.0
Kingston KVR13LR9D4/8HE 8 GB,,"3,1333","1,8",,Green,13.503,9.0
Kingston KVR13LR9D4/8I 8 GB,,"3,1333","1,8",,Green,13.503,9.0
Kingston KVR13LR9D4K3/48I 48 GB,,"3,1333","3,16",,Green,13.503,9.0
Kingston KVR13LR9D4K4/64I 64 GB,,"3,1333","4,16",,Green,13.503,9.0
Kingston KVR13LR9D8/8 8 GB,,"3,1333","1,8",,Green,13.503,9.0
Kingston KVR13LR9D8/8EF 8 GB,,"3,1333","1,8",,Green,13.503,9.0
Kingston KVR13LR9D8K3/12 12 GB,,"3,1333","3,4",,Green,13.503,9.0
Kingston KVR13LR9D8K4/16 16 GB,,"3,1333","4,4",,Green,13.503,9.0
Kingston KVR13LR9Q4/32 32 GB,,"3,1333","1,32",,Beige,13.503,9.0
Kingston KVR13LR9Q8/16 16 GB,,"3,1333","1,16",,Green,13.503,9.0
Kingston KVR13LR9Q8/16EF 16 GB,,"3,1333","1,16",,Green,13.503,9.0
Kingston KVR13LR9S4/4 4 GB,,"3,1333","1,4",,Green,13.503,9.0
Kingston KVR13LR9S4/8 8 GB,499.79,"3,1333","1,8",3.124,Green,13.503,9.0
Kingston KVR13LR9S4/8HA 8 GB,579.79,"3,1333","1,8",3.624,Green,13.503,9.0
Kingston KVR13LR9S4K4/16 16 GB,,"3,1333","4,4",,Green,13.503,9.0
Kingston KVR13LR9S4L/8 8 GB,,"3,1333","1,8",,Green,13.503,9.0
Kingston KVR13LR9S8/2 2 GB,,"3,1333","1,2",,Green,13.503,9.0
Kingston KVR13LR9S8/4 4 GB,,"3,1333","1,4",,Green,13.503,9.0
Kingston KVR13LR9S8/4EF 4 GB,,"3,1333","1,4",,Green,13.503,9.0
Kingston KVR13LR9S8K4/8 8 GB,,"3,1333","4,2",,Green,13.503,9.0
Kingston KVR13LSE9/8 8 GB,2400.0,"3,1333","1,8",15.0,Green,13.503,9.0
Kingston KVR13LSE9S8/4 4 GB,,"3,1333","1,4",,Green,13.503,9.0
Kingston KVR13R9D4/16 16 GB,658.6,"3,1333","1,16",2.058,Green,13.503,9.0
Kingston KVR13R9D4/16I 16 GB,899.8,"3,1333","1,16",2.812,Green,13.503,9.0
Kingston KVR13R9D4/8I 8 GB,892.0,"3,1333","1,8",5.575,Green,13.503,9.0
Kingston KVR13R9D4K2/32I 32 GB,,"3,1333","2,16",,Green,13.503,9.0
Kingston KVR13R9D4K3/48 48 GB,1979.8,"3,1333","3,16",2.062,Green,13.503,9.0
Kingston KVR13R9D4K3/48I 48 GB,1979.8,"3,1333","3,16",2.062,Green,13.503,9.0
Kingston KVR13R9D4K4/64 64 GB,,"3,1333","4,16",,Green,13.503,9.0
Kingston KVR13R9D4K4/64I 64 GB,,"3,1333","4,16",,Green,13.503,9.0
Kingston KVR13R9D8/8 8 GB,1196.2,"3,1333","1,8",7.476,Green,13.503,9.0
Kingston KVR13R9S4/4I 4 GB,306.6,"3,1333","1,4",3.833,Green,13.503,9.0
Kingston KVR13R9S4L/8 8 GB,,"3,1333","1,8",,Green,13.503,9.0
Kingston KVR16E11/2 2 GB,,"3,1600","1,2",,Green,13.75,11.0
Kingston KVR16E11/4 4 GB,598.6,"3,1600","1,4",7.482,Green,13.75,11.0
Kingston KVR16E11/8EF 8 GB,,"3,1600","1,8",,Green,13.75,11.0
Kingston KVR16E11/8I 8 GB,900.0,"3,1600","1,8",5.625,Green,13.75,11.0
Kingston KVR16E11K3/24 24 GB,,"3,1600","3,8",,Green,13.75,11.0
Kingston KVR16E11K4/32I 32 GB,,"3,1600","4,8",,Green,13.75,11.0
Kingston KVR16E11S8/4EF 4 GB,,"3,1600","1,4",,Green,13.75,11.0
Kingston KVR16LE11/8EF 8 GB,,"3,1600","1,8",,Green,13.75,11.0
Kingston KVR16LE11L/4 4 GB,,"3,1600","1,4",,Green,13.75,11.0
Mushkin Proline 8 GB,,"3,1066","1,8",,Silver,13.133,7.0
Mushkin Proline 8 GB,595.6,"3,1333","1,8",3.723,Silver,13.503,9.0
Mushkin Proline 16 GB,,"3,1066","1,16",,Green,13.133,7.0
Mushkin Proline 16 GB,1473.4,"3,1333","1,16",4.604,Green,13.503,9.0
Mushkin Proline 16 GB,944.59,"3,1333","1,16",2.952,Blue,13.503,9.0
Mushkin Proline 16 GB,,"3,1600","1,16",,Green,13.75,11.0
Mushkin Proline 32 GB,,"3,1066","1,32",,Green,13.133,7.0
Mushkin Proline 4 GB,,"3,1866","1,4",,Green,13.934,13.0
Mushkin Proline 8 GB,959.8,"3,1866","1,8",5.999,Green,13.934,13.0
Crucial CT102472BD1339 8 GB,699.8,"3,1333","1,8",4.374,Green,13.503,9.0
Crucial CT2K4G3ERSLD81339 8 GB,,"3,1333","2,4",,Green,13.503,9.0
Crucial CT2K4G3ERVLD81339 8 GB,,"3,1333","2,4",,Green,13.503,9.0
Crucial CT2K8G3ERSLD41339 16 GB,,"3,1333","2,8",,Green,13.503,9.0
Crucial CT2K8G3ERSLD81339 16 GB,,"3,1333","2,8",,Green,13.503,9.0
Crucial CT2KIT25672BD1339 4 GB,,"3,1333","2,2",,Green,13.503,9.0
Crucial CT2KIT51272BD1339 8 GB,,"3,1333","2,4",,Green,13.503,9.0
Crucial CT3K16G3ERSLD41339 48 GB,,"3,1333","3,16",,Green,13.503,9.0
Crucial CT3K2G3ERSLD81339 6 GB,,"3,1333","3,2",,Green,13.503,9.0
Crucial CT3K4G3ERSLD81339 12 GB,,"3,1333","3,4",,Green,13.503,9.0
Crucial CT3K4G3ERVLD81339 12 GB,,"3,1333","3,4",,Green,13.503,9.0
Crucial CT3KIT51272BD1339 12 GB,,"3,1333","3,4",,Green,13.503,9.0
Crucial CT4G3ERSLD81339 4 GB,,"3,1333","1,4",,Green,13.503,9.0
Crucial CT4G3ERVLD81339 4 GB,,"3,1333","1,4",,Green,13.503,9.0
Crucial CT51272BD1339 4 GB,,"3,1333","1,4",,Green,13.503,9.0
Crucial CT51272BV1339 4 GB,,"3,1333","1,4",,Green,13.503,9.0
Crucial CT8G3ERSLD81339 8 GB,,"3,1333","1,8",,Green,13.503,9.0
Crucial CT8G4RFD8213 8 GB,539.79,"4,2133","1,8",3.374,Black / Green,14.065,15.0
Mushkin Stealth 4 GB,,"3,1600","1,4",,Black / Yellow,11.25,9.0
Mushkin Essentials 8 GB,347.2,"3,1600","1,8",2.17,Black / Green,13.75,11.0
Mushkin Stealth 8 GB,,"3,1600","1,8",,Black / Yellow,11.25,9.0
Avexir Raiden 16 GB,,"3,1600","2,8",,Black / Blue,12.5,10.0
Avexir Core 4 GB,,"3,1600","1,4",,Black / Red,13.75,11.0
Avexir Core 4 GB,,"3,1600","1,4",,Black / Blue,13.75,11.0
Avexir Core 8 GB,,"3,1600","2,4",,Black / Red,13.75,11.0
Avexir Core 16 GB,,"3,1600","2,8",,Black / Blue,13.75,11.0
Avexir Raiden 8 GB,,"3,2133","2,4",,White / Blue,8.439,9.0
Avexir Raiden 16 GB,,"3,2133","2,8",,White / Blue,8.439,9.0
Avexir Core 8 GB,,"3,2400","2,4",,Black / Blue,9.167,11.0
Avexir Core 8 GB,,"3,2400","2,4",,Black / Red,9.167,11.0
Avexir Core 8 GB,,"3,2400","2,4",,Black / White,9.167,11.0
Avexir Core 16 GB,,"3,2400","2,8",,Black / Red,9.167,11.0
Avexir Core 16 GB,,"3,2400","2,8",,Black / White,9.167,11.0
Avexir Core 16 GB,,"4,2666","4,4",,Black / Red,11.253,15.0
Avexir Core 32 GB,,"4,2666","4,8",,Black / Red,11.253,15.0
Avexir Core 8 GB,,"3,1600","1,8",,Black / Blue,13.75,11.0
Corsair Vengeance LPX 16 GB,,"4,2400","4,4",,Blue,12.5,15.0
Avexir Core 16 GB,,"3,2133","2,8",,Black / Blue,10.314,11.0
Avexir Raiden 8 GB,,"3,1600","2,4",,White / Blue,11.25,9.0
Avexir Core 16 GB,,"3,1600","2,8",,Black / Red,12.5,10.0
Avexir Core 8 GB,,"3,1866","2,4",,Black / Red,9.646,9.0
Avexir Core 16 GB,,"3,1866","2,8",,Black / Blue,9.646,9.0
Avexir Core 16 GB,,"3,1866","2,8",,Black / Red,9.646,9.0
Avexir Core 8 GB,,"3,2133","2,4",,Black / Red,10.314,11.0
Avexir Core 16 GB,,"3,2133","2,8",,Black / Red,10.314,11.0
Avexir Blitz 8 GB,,"3,2400","2,4",,Green / Silver,8.333,10.0
Avexir Blitz 8 GB,,"3,2400","2,4",,Black / White,8.333,10.0
Avexir Blitz 8 GB,,"3,1600","2,4",,Black / Red,11.25,9.0
Avexir Blitz 16 GB,,"3,1600","2,8",,Black / Red,11.25,9.0
Avexir Blitz 1.1 8 GB,,"3,1866","2,4",,Black / Red,11.79,11.0
Avexir Blitz 1.1 8 GB,,"3,2933","2,4",,Black / Red,8.183,12.0
Kingston D1G72L131 8 GB,,"3,1600","1,8",,Black / Green,13.75,11.0
Kingston KVR16R11S8K4/16 16 GB,,"3,1600","4,4",,Black / Green,13.75,11.0
ADATA Premier 16 GB,,"3,1600","2,8",,Black / Green,13.75,11.0
ADATA AX4U3200W4G16-QGZ 16 GB,,"4,3200","4,4",,Gold,10.0,16.0
Kingston HX318LS11IB/4 4 GB,,"3,1866","1,4",,Black / White,11.79,11.0
Kingston HX318LS11IB/8 8 GB,,"3,1866","1,8",,Black / White,11.79,11.0
Kingston HX318LS11IBK2/16 16 GB,,"3,1866","2,8",,Black / White,11.79,11.0
Kingston HX318LS11IBK2/8 8 GB,,"3,1866","2,4",,Black / White,11.79,11.0
Kingston HX424C12PBK4/32 32 GB,,"4,2400","4,8",,Black,10.0,12.0
Kingston HX428C14PBK4/32 32 GB,,"4,2800","4,8",,Black,10.0,14.0
Kingston HyperX Predator 64 GB,,"4,2800","8,8",,Black,10.0,14.0
Kingston HX430C15PBK4/32 32 GB,,"4,3000","4,8",,Black,10.0,15.0
TEAMGROUP Dark 8 GB,,"3,1600","1,8",,Blue,11.25,9.0
TEAMGROUP Dark 8 GB,,"3,1600","1,8",,Black,11.25,9.0
TEAMGROUP Dark 8 GB,,"3,1600","2,4",,Black,11.25,9.0
TEAMGROUP Dark 8 GB,,"3,1600","1,8",,Red,11.25,9.0
TEAMGROUP Dark 8 GB,,"3,1600","2,4",,Red,11.25,9.0
TEAMGROUP Vulcan 16 GB,,"3,1600","2,8",,Orange,12.5,10.0
TEAMGROUP Vulcan 8 GB,,"3,1600","2,4",,Orange,11.25,9.0
TEAMGROUP Vulcan 16 GB,,"3,1600","2,8",,Red,11.25,9.0
TEAMGROUP Vulcan 8 GB,,"3,1600","2,4",,Red,11.25,9.0
TEAMGROUP Vulcan 16 GB,,"3,1600","2,8",,Yellow,12.5,10.0
TEAMGROUP Vulcan 8 GB,,"3,1600","2,4",,Yellow,11.25,9.0
Mushkin Redline 32 GB,,"3,2133","4,8",,Red,8.439,9.0
Mushkin Redline 16 GB,,"3,2133","2,8",,Red,8.439,9.0
GeIL Super Luce 16 GB,,"4,3000","4,4",,Black / Blue,10.667,16.0
GeIL Super Luce 16 GB,,"4,3000","4,4",,Black / Red,10.667,16.0
GeIL Super Luce 16 GB,,"4,3000","4,4",,Black / White,10.667,16.0
Avexir Blitz1.1 8 GB,,"3,2133","2,4",,Black / Yellow,8.439,9.0
Avexir Blitz1.1 8 GB,,"3,1866","2,4",,Black / Red,9.646,9.0
Avexir Blitz1.1 8 GB,,"3,1866","2,4",,Black / Yellow,9.646,9.0
Avexir Blitz1.1 16 GB,,"3,1866","2,8",,Black / Red,9.646,9.0
Avexir Blitz1.1 16 GB,,"3,1866","2,8",,Black / Yellow,9.646,9.0
Avexir Blitz 1.1 16 GB,,"3,1866","2,8",,Black / Red,11.79,11.0
G.Skill Ripjaws 16 GB,,"4,3400","4,4",,Black,9.412,16.0
Wintec Server 16 GB,,"3,1600","2,8",,Black / Green,13.75,11.0
EVGA Superclocked 8 GB,,"3,1866","2,4",,Black,9.646,9.0
EVGA SSC 8 GB,,"3,2133","2,4",,Black,10.314,11.0
EVGA SSC 8 GB,,"3,2400","2,4",,Black,9.167,11.0
EVGA SSC 16 GB,,"3,2133","2,8",,Black,10.314,11.0
Patriot Viper 4 GB,,"3,1866","1,4",,Black / Green,9.646,9.0
Corsair CM3X8GSDKIT1066 8 GB,,"3,1066","2,4",,Black / Green,16.886,9.0
Corsair Vengeance LPX 16 GB,,"4,3300","4,4",,Black / Yellow,9.697,16.0
Corsair Vengeance LPX 64 GB,,"4,2666","8,8",,Black / Yellow,11.253,15.0
GeIL Super Luce 16 GB,,"4,3000","4,4",,White / Blue,10.667,16.0
GeIL Super Luce 16 GB,,"4,3400","4,4",,White / Blue,9.412,16.0
GeIL Super Luce 16 GB,,"4,3000","4,4",,White / Red,10.667,16.0
GeIL Super Luce 16 GB,,"4,3400","4,4",,White / Red,9.412,16.0
GeIL Super Luce 16 GB,,"4,3000","4,4",,White,10.667,16.0
GeIL Super Luce 16 GB,,"4,3400","4,4",,White,9.412,16.0
G.Skill Ripjaws 4 16 GB,,"4,3400","4,4",,Blue,9.412,16.0
Corsair CMV2GX3M1C1600C11 2 GB,,"3,1600","1,2",,Black / Green,13.75,11.0
Kingston D1G72M151 8 GB,,"4,2133","1,8",,Black / Green,14.065,15.0
Kingston HX321LS11IB2/4 4 GB,,"3,2133","1,4",,Black / Silver,10.314,11.0
Kingston KTD-PE421LQ/32G 32 GB,,"4,2133","1,32",,Black / Green,14.065,15.0
Kingston KVR16LR11S8/4HB 4 GB,1037.6,"3,1600","1,4",12.97,Black / Green,13.75,11.0
Kingston KVR16LSE11/4HB 4 GB,,"3,1600","1,4",,Black / Green,13.75,11.0
Kingston KVR16LSE11/8HB 8 GB,,"3,1600","1,8",,Black / Green,13.75,11.0
Kingston KVR16R11S8/4HB 4 GB,399.6,"3,1600","1,4",4.995,Black / Green,13.75,11.0
Patriot Viper 8 GB,,"3,2400","2,4",,Black,8.333,10.0
Corsair Dominator Platinum 128 GB,,"4,2400","8,16",,Black / Silver,12.5,15.0
Mushkin Blackline 8 GB,,"3,2666","2,4",,Black / Green,9.002,12.0
Crucial CT25664BA160BA 2 GB,,"3,1600","1,2",,Black / Green,13.75,11.0
Crucial CT4K8G4RFD8213 32 GB,,"4,2133","4,8",,Black / Green,14.065,15.0
Crucial BLT2KIT4G3D1608DT1TX0 8 GB,,"3,1600","2,4",,Black / Yellow,10.0,8.0
Corsair Dominator Platinum 128 GB,,"4,2666","8,16",,Black / Silver,11.253,15.0
Corsair Dominator Platinum 64 GB,,"4,2800","8,8",,Black / Silver,10.714,15.0
Crucial CT4G3ERVLD8160B 4 GB,,"3,1600","1,4",,Black / Green,13.75,11.0
GeIL GLR4128GB2400C14DQC 128 GB,,"4,2400","8,16",,Black / Red,11.667,14.0
GeIL Super Luce 16 GB,,"4,3000","4,4",,Black / Blue,10.667,16.0
GeIL GLR464GB3000C13QC 64 GB,,"4,3000","4,16",,Black / Red,8.667,13.0
G.Skill Trident X 32 GB,,"4,2800","4,8",,Black / Gold,10.714,15.0
Kingston D4G72M152Q 32 GB,,"4,2133","1,32",,Black / Green,14.065,15.0
Kingston HX321LS11IB2/8 8 GB,,"3,2133","1,8",,Black / Silver,10.314,11.0
Kingston KVR16LE11K3/24I 24 GB,,"3,1600","3,8",,Black / Green,13.75,11.0
Kingston KVR16LE11K4/32 32 GB,,"3,1600","4,8",,Black / Green,13.75,11.0
Kingston KVR16R11D8/8HB 8 GB,,"3,1600","1,8",,Black / Green,13.75,11.0
Mushkin ECO2 4 GB,,"3,1600","1,4",,Black / Silver,11.25,9.0
Mushkin ECO2 8 GB,,"3,1600","1,8",,Black / Silver,11.25,9.0
Mushkin ECO2 32 GB,,"3,1600","4,8",,Black / Silver,11.25,9.0
Mushkin ECO2 8 GB,,"3,1600","2,4",,Black / Silver,11.25,9.0
Mushkin ECO2 16 GB,,"3,1600","2,8",,Black / Silver,11.25,9.0
TEAMGROUP Dark 16 GB,,"3,1600","2,8",,Red / Silver,11.25,9.0
Toshiba PA5104U-1M4G 4 GB,,"3,1600","1,4",,Black / Blue,13.75,11.0
Avexir Notebook 4 GB,,"3,1600","1,4",,Black / Green,11.25,9.0
Avexir Notebook 8 GB,,"3,1600","1,8",,Black / Green,11.25,9.0
Avexir Notebook 4 GB,,"3,2133","1,4",,Black / Green,10.314,11.0
Avexir Notebook 8 GB,,"3,2133","1,8",,Black / Green,10.314,11.0
Avexir Blitz1.1 8 GB,,"3,1866","2,4",,Black / Yellow,9.646,9.0
Avexir Blitz1.1 16 GB,,"3,1866","2,8",,Black / Yellow,9.646,9.0
GeIL Super Luce 16 GB,,"4,3400","4,4",,Black / Blue,9.412,16.0
GeIL Super Luce 16 GB,,"4,3400","4,4",,Black / Red,9.412,16.0
GeIL Super Luce 16 GB,,"4,3400","4,4",,Black / White,9.412,16.0
G.Skill Ripjaws 4 16 GB,,"4,2800","2,8",,Red,11.429,16.0
G.Skill Ripjaws 4 8 GB,,"4,2800","2,4",,Red,11.429,16.0
G.Skill Ripjaws 4 8 GB,,"4,3000","2,4",,Blue,10.0,15.0
G.Skill Ripjaws 4 8 GB,,"4,3000","2,4",,Black,10.0,15.0
G.Skill Ripjaws 4 16 GB,,"4,3300","4,4",,Red,9.697,16.0
G.Skill Ripjaws 4 16 GB,,"4,3333","4,4",,Red,9.601,16.0
PNY Anarchy 16 GB,,"3,2400","2,8",,Black / Red,9.167,11.0
PNY Anarchy 8 GB,,"3,2400","2,4",,Black / Red,9.167,11.0
PNY Anarchy 8 GB,2145.4,"3,2800","2,4",,Black / Red,8.571,12.0
PNY Anarchy 8 GB,,"3,2933","2,4",,Black / Red,8.183,12.0
Kingston KVR16LR11D4K3/48I 48 GB,,"3,1600","3,16",,Black / Green,13.75,11.0
Kingston KVR16R11S8K3/12I 12 GB,,"3,1600","3,4",,Black / Green,13.75,11.0
Mushkin Essentials 4 GB,479.79,"4,2133","1,4",5.997,Black / Green,14.065,15.0
Mushkin ECO2 16 GB,,"3,1600","4,4",,Black / Green,11.25,9.0
Mushkin Essentials 16 GB,,"4,2133","4,4",,Black / Green,14.065,15.0
Mushkin Essentials 32 GB,,"4,2133","4,8",,Black / Green,14.065,15.0
PNY Anarchy 16 GB,,"3,1600","2,8",,Black / Blue,11.25,9.0
PNY Anarchy 16 GB,,"3,1600","2,8",,Black / Red,11.25,9.0
PNY Anarchy 16 GB,,"3,1866","2,8",,Black / Red,10.718,10.0
PNY Anarchy 16 GB,,"3,2133","2,8",,Black / Blue,9.376,10.0
PNY Anarchy 16 GB,,"3,2133","2,8",,Black / Red,9.376,10.0
PNY Anarchy X 16 GB,,"3,2400","2,8",,Black / Blue,9.167,11.0
PNY Anarchy X 16 GB,,"3,2666","2,8",,Black / Blue,9.002,12.0
PNY Anarchy 16 GB,,"3,1866","4,4",,Black / Blue,10.718,10.0
PNY Anarchy 16 GB,,"3,1866","4,4",,Black / Red,10.718,10.0
PNY Anarchy 16 GB,,"3,2133","4,4",,Black / Blue,9.376,10.0
PNY Anarchy 16 GB,,"3,2133","4,4",,Black / Red,9.376,10.0
PNY Anarchy X 16 GB,,"3,2400","4,4",,Black / Blue,9.167,11.0
PNY Anarchy X 16 GB,,"3,2400","4,4",,Black / Red,9.167,11.0
PNY Anarchy X 16 GB,,"3,2666","4,4",,Black / Blue,9.002,12.0
PNY Anarchy X 16 GB,,"3,2666","4,4",,Black / Red,9.002,12.0
PNY Anarchy X 16 GB,,"3,2800","4,4",,Black / Blue,8.571,12.0
PNY Anarchy X 16 GB,,"3,2800","4,4",,Black / Red,8.571,12.0
PNY Anarchy X 16 GB,,"3,2933","4,4",,Black / Blue,8.183,12.0
PNY Anarchy X 16 GB,,"3,2933","4,4",,Black / Red,8.183,12.0
PNY Anarchy 16 GB,,"4,2133","4,4",,Black / Blue,14.065,15.0
PNY Anarchy 16 GB,,"4,2133","4,4",,Black / Red,14.065,15.0
PNY Anarchy 16 GB,,"4,2400","4,4",,Black / Blue,12.5,15.0
PNY Anarchy 16 GB,,"4,2400","4,4",,Black / Red,12.5,15.0
PNY Anarchy 32 GB,,"3,2133","4,8",,Black / Blue,9.376,10.0
PNY Anarchy X 32 GB,,"3,2400","4,8",,Black / Blue,9.167,11.0
PNY Anarchy X 32 GB,,"3,2400","4,8",,Black / Red,9.167,11.0
PNY Anarchy 4 GB,,"3,1600","1,4",,Black / Blue,11.25,9.0
PNY Anarchy 4 GB,,"3,1600","1,4",,Black / Red,11.25,9.0
PNY Anarchy 4 GB,,"3,1866","1,4",,Black / Blue,10.718,10.0
PNY Anarchy 4 GB,,"3,1866","1,4",,Black / Red,10.718,10.0
PNY Anarchy 4 GB,,"4,2133","1,4",,Black / Blue,14.065,15.0
PNY Anarchy 4 GB,599.79,"4,2133","1,4",,Black / Red,14.065,15.0
PNY Anarchy 4 GB,,"4,2400","1,4",,Black / Blue,12.5,15.0
PNY Anarchy 4 GB,,"4,2400","1,4",,Black / Red,12.5,15.0
PNY Anarchy 8 GB,,"3,1600","2,4",,Black / Blue,11.25,9.0
PNY Anarchy 8 GB,,"3,1600","2,4",,Black / Red,11.25,9.0
PNY Anarchy 8 GB,,"3,1866","2,4",,Black / Blue,10.718,10.0
PNY Anarchy 8 GB,,"3,1866","2,4",,Black / Red,10.718,10.0
PNY Anarchy 8 GB,,"3,2133","2,4",,Black / Blue,9.376,10.0
PNY Anarchy X 8 GB,,"3,2400","2,4",,Black / Blue,9.167,11.0
PNY Anarchy X 8 GB,,"3,2800","2,4",,Black / Red,8.571,12.0
PNY Anarchy X 8 GB,,"3,2933","2,4",,Black / Blue,8.183,12.0
PNY Anarchy 8 GB,,"4,2133","2,4",,Black / Blue,14.065,15.0
PNY Anarchy 8 GB,,"4,2400","2,4",,Black / Red,12.5,15.0
PNY Anarchy 8 GB,,"3,1600","1,8",,Black / Blue,11.25,9.0
PNY Anarchy 8 GB,,"3,1866","1,8",,Black / Blue,10.718,10.0
PNY Anarchy 8 GB,,"3,1866","1,8",,Black / Red,10.718,10.0
PNY Anarchy 8 GB,,"4,2133","1,8",,Black / Blue,14.065,15.0
PNY Anarchy 8 GB,,"4,2133","1,8",,Black / Red,14.065,15.0
PNY Anarchy 8 GB,,"4,2400","1,8",,Black / Blue,12.5,15.0
Corsair Vengeance LPX 8 GB,,"4,3200","2,4",,Red,10.0,16.0
Corsair Vengeance LP 4 GB,,"3,1600","1,4",,Black / Yellow,13.75,11.0
Corsair Vengeance LP 8 GB,,"3,1600","1,8",,Black / Yellow,13.75,11.0
Corsair Vengeance LP 8 GB,,"3,1600","1,8",,Red,13.75,11.0
Corsair Vengeance Pro 16 GB,,"3,1600","2,8",,Black / Silver,13.75,11.0
Corsair Vengeance Pro 16 GB,,"3,1600","2,8",,Black / Red,13.75,11.0
Corsair Vengeance Pro 8 GB,,"3,1600","2,4",,Black / Silver,13.75,11.0
Corsair Vengeance Pro 8 GB,,"3,1600","2,4",,Black / Red,13.75,11.0
Kingston KCS-UC421LQ/32G 32 GB,,"4,2133","1,32",,Black / Green,14.065,15.0
G.Skill Ripjaws V 16 GB,,"4,2133","4,4",,Black / Red,14.065,15.0
Avexir Blitz1.1 8 GB,,"3,1600","2,4",,Green / Silver,11.25,9.0
Avexir Blitz1.1 8 GB,,"3,1600","2,4",,Red / Silver,11.25,9.0
Avexir Blitz1.1 8 GB,,"3,1600","2,4",,Black / White,11.25,9.0
Avexir Blitz1.1 16 GB,,"3,1600","2,8",,Green / Silver,12.5,10.0
Avexir Blitz1.1 16 GB,,"3,1600","2,8",,Red / Silver,12.5,10.0
Avexir Blitz1.1 16 GB,,"3,1600","2,8",,Black / White,12.5,10.0
Avexir Blitz1.1 8 GB,,"3,1866","2,4",,Green / Silver,9.646,9.0
Avexir Blitz1.1 8 GB,,"3,1866","2,4",,Red / Silver,9.646,9.0
Avexir Blitz1.1 8 GB,,"3,1866","2,4",,Black / White,9.646,9.0
Avexir Blitz1.1 16 GB,,"3,1866","2,8",,Green / Silver,9.646,9.0
Avexir Blitz1.1 16 GB,,"3,1866","2,8",,Red / Silver,9.646,9.0
Avexir Blitz1.1 16 GB,,"3,1866","2,8",,Black / White,9.646,9.0
Avexir Blitz1.1 8 GB,,"3,2000","2,4",,Black / Red,9.0,9.0
Avexir Blitz1.1 8 GB,,"3,2000","2,4",,Green / Silver,9.0,9.0
Avexir Blitz1.1 8 GB,,"3,2000","2,4",,Black / White,9.0,9.0
Avexir Blitz1.1 16 GB,,"3,2000","2,8",,Black / Red,9.0,9.0
Avexir Blitz1.1 16 GB,,"3,2000","2,8",,Green / Silver,9.0,9.0
Avexir Blitz1.1 16 GB,,"3,2000","2,8",,Black / White,9.0,9.0
Avexir Blitz1.1 8 GB,,"3,2133","2,4",,Red / Silver,8.439,9.0
Avexir Blitz1.1 8 GB,,"3,2133","2,4",,Green / Silver,8.439,9.0
Avexir Blitz1.1 8 GB,,"3,2133","2,4",,Black / White,8.439,9.0
Avexir Blitz1.1 16 GB,,"3,2133","2,8",,Red / Silver,8.439,9.0
Avexir Blitz1.1 16 GB,,"3,2133","2,8",,Green / Silver,8.439,9.0
Avexir Blitz1.1 16 GB,,"3,2133","2,8",,Black / White,8.439,9.0
Avexir Blitz1.1 8 GB,,"3,2400","2,4",,Red / Silver,8.333,10.0
Avexir Blitz1.1 16 GB,,"3,2400","2,8",,Red / Silver,8.333,10.0
Avexir Blitz1.1 16 GB,,"3,2400","2,8",,Green / Silver,8.333,10.0
Avexir Blitz1.1 16 GB,,"3,2400","2,8",,Black / White,8.333,10.0
G.Skill Ripjaws V 16 GB,,"4,2666","4,4",,Black / Red,11.253,15.0
G.Skill Ripjaws V 16 GB,,"4,2800","4,4",,Black / Red,10.714,15.0
G.Skill Ripjaws V 32 GB,,"4,2800","4,8",,Black / Red,10.714,15.0
G.Skill Ripjaws V 8 GB,,"4,3000","2,4",,Black / Red,10.0,15.0
G.Skill Ripjaws V 16 GB,,"4,3200","4,4",,Black,10.0,16.0
Kingston KVR16LR11S4K3/24 24 GB,,"3,1600","3,8",,Black / Green,13.75,11.0
Kingston KVR16LR11S4K3/24I 24 GB,,"3,1600","3,8",,Black / Green,13.75,11.0
Kingston KVR16LR11S4K4/32 32 GB,,"3,1600","4,8",,Black / Green,13.75,11.0
Kingston KVR16LR11S8K3/12I 12 GB,,"3,1600","3,4",,Black / Green,13.75,11.0
Kingston KVR16LR11S8K4/16I 16 GB,,"3,1600","4,4",,Black / Green,13.75,11.0
Kingston KVR16R11D8K3/24 24 GB,,"3,1600","3,8",,Black / Green,13.75,11.0
Kingston KVR16R11D8K3/24I 24 GB,3429.6,"3,1600","3,8",,Black / Green,13.75,11.0
Mushkin Blackline 8 GB,,"4,2400","1,8",,Black / Silver,12.5,15.0
Corsair Dominator Platinum 16 GB,,"4,3466","4,4",,Black / Silver,10.387,18.0
G.Skill Ripjaws V 8 GB,,"4,3466","2,4",,Black,9.233,16.0
G.Skill Ripjaws V 16 GB,,"4,3466","4,4",,Black,9.233,16.0
Kingston KVR16R11D8K4/32 32 GB,,"3,1600","4,8",,Black / Green,13.75,11.0
Kingston KVR16R11S4K3/24I 24 GB,,"3,1600","3,8",,Black / Green,13.75,11.0
Kingston KVR16R11S8K2/8 8 GB,,"3,1600","2,4",,Black / Green,13.75,11.0
Kingston KVR16R11S8K3/12 12 GB,,"3,1600","3,4",,Black / Green,13.75,11.0
Mushkin Blackline 4 GB,,"4,2400","1,4",,Black / Silver,12.5,15.0
Mushkin Redline 4 GB,,"4,2666","1,4",,Red / Silver,11.253,15.0
Mushkin Redline 4 GB,,"4,2800","1,4",,Red / Silver,10.714,15.0
Mushkin Redline 8 GB,,"4,3000","1,8",,Red / Silver,10.0,15.0
Mushkin Blackline 16 GB,,"4,2400","4,4",,Black / Silver,12.5,15.0
Mushkin Blackline 32 GB,,"4,2400","4,8",,Black / Silver,12.5,15.0
Mushkin Blackline 8 GB,,"4,2400","2,4",,Black / Silver,12.5,15.0
Mushkin Blackline 16 GB,,"4,2400","2,8",,Black / Silver,12.5,15.0
Patriot PSD48G2133K 8 GB,,"4,2133","2,4",,Black / Green,14.065,15.0
Mushkin Blackline 4 GB,,"4,2133","1,4",,Black / Silver,11.252,12.0
Mushkin Blackline 16 GB,,"4,2133","4,4",,Black / Silver,11.252,12.0
Mushkin Blackline 8 GB,,"4,2133","2,4",,Black / Silver,11.252,12.0
Patriot PV38G186C0KGN 8 GB,,"3,1866","2,4",,Green,10.718,10.0
ADATA AX4U3000W4G16-QGZ 16 GB,,"4,3000","4,4",,Black / Gold,10.667,16.0
ADATA AX4U3300W4G16-DGZ 8 GB,,"4,3300","2,4",,Black / Gold,9.697,16.0
ADATA AX4U3333W4G16-DGZ 8 GB,,"4,3333","2,4",,Black / Gold,9.601,16.0
Kingston KVR16LR11D8/8HB 8 GB,,"3,1600","1,8",,Black / Green,13.75,11.0
Mushkin Blackline 8 GB,,"4,2133","1,8",,Black / Silver,11.252,12.0
Mushkin Blackline 4 GB,,"4,2800","1,4",,Black / Silver,11.429,16.0
Mushkin Redline 16 GB,,"4,2666","4,4",,Red / Silver,11.253,15.0
Mushkin Blackline 16 GB,,"4,2800","4,4",,Black / Silver,11.429,16.0
Mushkin Redline 8 GB,,"4,2800","2,4",,Red / Silver,10.714,15.0
Mushkin Blackline 8 GB,,"4,2800","2,4",,Black / Silver,11.429,16.0
Patriot Signature Line 4 GB,,"3,1333","1,4",,Black / Green,13.503,9.0
Patriot PS34G16ER-B 4 GB,,"3,1600","1,4",,Black / Green,13.75,11.0
Patriot Signature Line 8 GB,,"3,1333","2,4",,Black / Green,13.503,9.0
TEAMGROUP TDWED416G3000HC16AQC01 16 GB,,"4,3000","4,4",,Black / White,10.667,16.0
Corsair Vengeance LPX 32 GB,,"4,2400","2,16",,Red,12.5,15.0
Kingston HyperX Fury 4 GB,,"3,1866","1,4",,Black,11.79,11.0
Corsair Vengeance Pro 32 GB,,"3,1600","4,8",,Black / Silver,13.75,11.0
Corsair Vengeance Pro 32 GB,,"3,1600","4,8",,Black / Red,13.75,11.0
Crucial Ballistix Sport 4 GB,,"3,1600","1,4",,Black / Silver,11.25,9.0
Crucial Ballistix Tactical 8 GB,,"4,2666","1,8",,Silver,12.003,16.0
Mushkin ECO2 4 GB,,"3,1600","1,4",,Black / Silver,13.75,11.0
Mushkin ECO2 8 GB,,"3,1600","1,8",,Black / Silver,13.75,11.0
Mushkin Redline 4 GB,,"4,3000","1,4",,Red / Silver,10.0,15.0
Mushkin Blackline 8 GB,,"4,2800","1,8",,Black / Silver,11.429,16.0
Mushkin ECO2 16 GB,,"3,1600","4,4",,Black / Silver,13.75,11.0
Mushkin ECO2 32 GB,,"3,1600","4,8",,Black / Silver,13.75,11.0
Mushkin Redline 32 GB,,"4,3000","4,8",,Red / Silver,10.0,15.0
Mushkin Blackline 32 GB,,"4,2800","4,8",,Black / Silver,11.429,16.0
Mushkin ECO2 8 GB,,"3,1600","2,4",,Black / Silver,13.75,11.0
Mushkin ECO2 16 GB,,"3,1600","2,8",,Black / Silver,13.75,11.0
Mushkin Redline 8 GB,,"4,3000","2,4",,Red / Silver,10.0,15.0
Mushkin Blackline 16 GB,,"4,2800","2,8",,Black / Silver,11.429,16.0
G.Skill Trident Z 16 GB,,"4,2800","2,8",,Red / Silver,10.714,15.0
G.Skill Trident Z 8 GB,,"4,2800","2,4",,Red / Silver,10.714,15.0
G.Skill Ripjaws V 16 GB,,"4,2800","4,4",,Black / Red,10.714,15.0
G.Skill Ripjaws V 32 GB,,"4,2800","4,8",,Black / Red,10.714,15.0
G.Skill Ripjaws V 16 GB,,"4,3000","4,4",,Black / Red,10.0,15.0
G.Skill Ripjaws V 32 GB,,"4,3000","4,8",,Black / Red,10.0,15.0
Kingston HyperX Savage 4 GB,,"4,2133","1,4",,Black / White,12.189,13.0
Kingston HyperX Savage 4 GB,,"4,2400","1,4",,Black / White,10.0,12.0
Kingston HyperX Savage 8 GB,,"4,2400","2,4",,Black / White,10.0,12.0
Kingston HyperX Savage 16 GB,,"4,2400","4,4",,Black / White,10.0,12.0
Kingston HyperX Savage 32 GB,,"4,2400","4,8",,Black / White,10.0,12.0
Kingston HyperX Savage 4 GB,,"4,2666","1,4",,Black / White,9.752,13.0
Kingston HyperX Savage 8 GB,,"4,2666","1,8",,Black / White,9.752,13.0
Kingston HyperX Savage 8 GB,,"4,2666","2,4",,Black / White,9.752,13.0
Kingston HyperX Savage 16 GB,,"4,2666","4,4",,Black / White,9.752,13.0
Kingston HyperX Savage 4 GB,,"4,2800","1,4",,Black / White,10.0,14.0
Kingston HyperX Savage 8 GB,,"4,2800","1,8",,Black / White,10.0,14.0
Kingston HyperX Savage 8 GB,,"4,2800","2,4",,Black / White,10.0,14.0
Kingston HyperX Savage 16 GB,,"4,2800","4,4",,Black / White,10.0,14.0
Kingston HyperX Savage 4 GB,,"4,3000","1,4",,Black / White,10.0,15.0
Kingston HyperX Savage 16 GB,,"4,3000","2,8",,Black / White,10.0,15.0
Kingston HyperX Savage 8 GB,,"4,3000","2,4",,Black / White,10.0,15.0
Kingston HyperX Savage 32 GB,,"4,3000","4,8",,Black / White,10.0,15.0
TEAMGROUP Dark 16 GB,,"4,2666","2,8",,Black / White,11.253,15.0
TEAMGROUP Dark 16 GB,,"4,3000","2,8",,Black / White,10.0,15.0
TEAMGROUP Dark 8 GB,,"4,2800","2,4",,Black / White,10.714,15.0
TEAMGROUP Dark 8 GB,,"4,2800","2,4",,Black / White,11.429,16.0
TEAMGROUP Dark 8 GB,,"4,3000","2,4",,Black / White,10.667,16.0
TEAMGROUP Xtreem 16 GB,,"4,3466","2,8",,Black / Red,9.81,17.0
Corsair Vengeance Pro 16 GB,,"3,2133","2,8",,Black / Red,10.314,11.0
Corsair Vengeance Pro 32 GB,,"3,2133","4,8",,Black / Red,10.314,11.0
Crucial Ballistix Sport 8 GB,,"3,1600","2,4",,Blue / Silver,11.25,9.0
G.Skill Ripjaws V 16 GB,,"4,2800","2,8",,Black / Red,11.429,16.0
G.Skill Ripjaws V 16 GB,,"4,2800","4,4",,Black / Red,11.429,16.0
G.Skill Trident Z 8 GB,,"4,3200","2,4",,Red / Silver,10.0,16.0
G.Skill Ripjaws V 16 GB,,"4,3200","4,4",,Black,10.0,16.0
G.Skill Trident Z 8 GB,,"4,4000","2,4",,Red / Silver,9.5,19.0
Kingston HyperX Savage 32 GB,,"4,2800","4,8",,Black / White,10.0,14.0
Mushkin Redline 32 GB,,"4,2666","4,8",,Red / Silver,11.253,15.0
Mushkin Redline 16 GB,,"4,2666","2,8",,Red / Silver,11.253,15.0
Patriot Viper 4 8 GB,,"4,2666","2,4",,Black / Red,11.253,15.0
TEAMGROUP Vulcan 16 GB,,"3,1600","2,8",,Black / Gold,11.25,9.0
TEAMGROUP Vulcan 8 GB,,"3,1600","1,8",,Black / Gold,11.25,9.0
G.Skill Ripjaws V 32 GB,,"4,2800","4,8",,Red,11.429,16.0
Kingston Impact 4 GB,,"4,2133","1,4",,Black / Silver,12.189,13.0
Kingston Impact 8 GB,,"4,2133","1,8",,Black / Silver,12.189,13.0
Kingston Impact 8 GB,,"4,2133","2,4",,Black / Silver,12.189,13.0
Kingston Impact 4 GB,,"4,2400","1,4",,Black / Silver,11.667,14.0
Kingston Impact 8 GB,,"4,2400","1,8",,Black / Silver,11.667,14.0
Kingston Impact 16 GB,,"4,2400","2,8",,Black / Silver,11.667,14.0
Kingston Impact 8 GB,,"4,2400","2,4",,Black / Silver,11.667,14.0
Kingston KVR21S15D8/8 8 GB,,"4,2133","1,8",,Black / Silver,14.065,15.0
Kingston KVR21S15S8/4 4 GB,,"4,2133","1,4",,Black / Silver,14.065,15.0
Kingston KVR21SE15S8/4 4 GB,,"4,2133","1,4",,Black / Silver,14.065,15.0
Mushkin Redline 8 GB,,"4,2800","1,8",,Red / Silver,10.714,15.0
Mushkin Essentials 8 GB,,"3,1866","1,8",,Black / Green,13.934,13.0
Mushkin Blackline 32 GB,,"4,2133","4,8",,Black / Silver,11.252,12.0
Mushkin Redline 32 GB,,"4,2800","4,8",,Red / Silver,10.714,15.0
Mushkin Blackline 16 GB,,"4,2133","2,8",,Black / Silver,11.252,12.0
Mushkin Redline 16 GB,,"4,2800","2,8",,Red / Silver,10.714,15.0
Mushkin Essentials 8 GB,,"3,1866","2,4",,Black / Green,13.934,13.0
Mushkin Essentials 16 GB,,"3,1866","2,8",,Black / Green,13.934,13.0
Panram Ninja-V 8 GB,,"4,2400","2,4",,Black / Silver,12.5,15.0
Panram Ninja-V 16 GB,,"4,2400","4,4",,White / Silver,12.5,15.0
Panram Ninja-V 16 GB,,"4,2400","2,8",,Black / Silver,12.5,15.0
Panram Ninja-V 16 GB,,"4,2400","4,4",,White / Silver,12.5,15.0
Panram Ninja-V 8 GB,,"4,3000","2,4",,Black / Silver,10.0,15.0
Panram Ninja-V 16 GB,,"4,3000","4,4",,White / Silver,10.0,15.0
Panram Ninja-V 16 GB,,"4,3000","2,8",,Black / Silver,10.0,15.0
Panram Ninja-V 16 GB,,"4,3200","4,4",,White / Silver,10.0,16.0
Corsair Vengeance LPX 16 GB,,"4,3000","4,4",,Blue,10.0,15.0
Corsair Vengeance Pro 16 GB,,"3,1866","2,8",,Black / Red,11.79,11.0
Corsair Vengeance Pro 32 GB,,"3,1866","4,8",,Black / Silver,11.79,11.0
Corsair Vengeance Pro 8 GB,,"3,1866","2,4",,Black / Red,11.79,11.0
GeIL Super Luce 16 GB,,"4,2400","2,8",,Black / White,12.5,15.0
GeIL Super Luce 16 GB,,"4,2666","2,8",,Black / White,11.253,15.0
GeIL Super Luce 32 GB,,"4,2400","2,16",,Black / White,11.667,14.0
GeIL Super Luce 8 GB,,"4,2400","2,4",,Black / White,12.5,15.0
GeIL Super Luce 128 GB,,"4,2400","8,16",,White,11.667,14.0
GeIL Super Luce 16 GB,,"4,2400","2,8",,White,12.5,15.0
GeIL Super Luce 16 GB,,"4,2666","2,8",,White,11.253,15.0
GeIL GLWW464GB2400C14QC 64 GB,,"4,2400","4,16",,White,11.667,14.0
GeIL Super Luce 8 GB,,"4,2400","2,4",,White,12.5,15.0
G.Skill Trident Z 8 GB,,"4,3466","2,4",,Red / Silver,9.233,16.0
G.Skill Trident Z 16 GB,,"4,3466","4,4",,Red / Silver,9.233,16.0
Mushkin Redline 4 GB,,"4,3200","1,4",,Red / Silver,10.0,16.0
Mushkin Redline 16 GB,,"4,3200","4,4",,Red / Silver,10.0,16.0
Mushkin Redline 16 GB,,"4,3000","4,4",,Red / Silver,10.0,15.0
Panram PSD31333C92G2VS 4 GB,,"3,1333","2,2",,Black / Green,13.503,9.0
Panram PSD31333C94G2VS 8 GB,,"3,1333","2,4",,Black / Green,13.503,9.0
Panram PSD31600C114G2VS 8 GB,,"3,1600","2,4",,Black / Green,13.75,11.0
Panram PSD31600C114GVS 4 GB,,"3,1600","1,4",,Black / Green,13.75,11.0
Panram PSD3L1600C114G2VS 8 GB,,"3,1600","2,4",,Black / Green,13.75,11.0
Panram PSD3L1600C114GVS 4 GB,,"3,1600","1,4",,Black / Green,13.75,11.0
Panram PSD3L1600C118G2VS 16 GB,,"3,1600","2,8",,Black / Green,13.75,11.0
Panram Ninja 16 GB,,"3,1600","2,8",,Black / White,12.5,10.0
Panram Ninja 8 GB,,"3,1600","1,8",,Black / White,12.5,10.0
Panram Falcon 8 GB,,"3,1600","2,4",,Black / Red,11.25,9.0
Panram Falcon 4 GB,,"3,1600","1,4",,Black / Red,11.25,9.0
Panram Ninja 4 GB,,"3,1600","1,4",,Black / White,11.25,9.0
Panram Falcon 16 GB,,"3,1600","2,8",,Black / Red,11.25,9.0
Panram Ninja 16 GB,,"3,1600","2,8",,Black / White,11.25,9.0
Panram Falcon 8 GB,,"3,1600","1,8",,Black / Red,11.25,9.0
Panram Hercules 8 GB,,"3,1600","1,8",,Black / Gold,11.25,9.0
Panram Ninja 8 GB,,"3,1600","1,8",,Black / White,11.25,9.0
Panram Ninja 8 GB,,"3,1866","2,4",,Black / White,10.718,10.0
Patriot Signature Line 4 GB,,"4,2400","1,4",,Blue / Silver,14.167,17.0
Avexir Core 16 GB,,"4,2400","2,8",,Black / Blue,13.333,16.0
Panram PSD31600C118GVS 8 GB,,"3,1600","1,8",,Black / Green,13.75,11.0
ADATA AX4U3200W4G16-DGZ 8 GB,,"4,3200","2,4",,Gold,10.0,16.0
G.Skill Ripjaws V 64 GB,,"4,2133","4,16",,Red,14.065,15.0
G.Skill Ripjaws V 64 GB,,"4,2666","4,16",,Red,11.253,15.0
G.Skill Ripjaws V 64 GB,,"4,2800","4,16",,Red,10.714,15.0
G.Skill Ripjaws V 64 GB,,"4,3000","4,16",,Red,10.0,15.0
G.Skill Trident Z 32 GB,,"4,3200","4,8",,Red / Silver,10.0,16.0
G.Skill Trident Z 16 GB,,"4,3600","4,4",,Red / Silver,9.444,17.0
Kingston KTL-TS421LQ/32G 32 GB,,"4,2133","1,32",,Black / Green,14.065,15.0
Kingston KVR21SE15D8/8 8 GB,,"4,2133","1,8",,Black / Green,14.065,15.0
Panram Falcon 8 GB,,"3,1866","2,4",,Black / Red,10.718,10.0
Panram Hercules 8 GB,,"3,1866","2,4",,Black / Red,10.718,10.0
Panram Falcon 16 GB,,"3,1866","2,8",,Black / Red,10.718,10.0
Panram Hercules 16 GB,,"3,1866","2,8",,Black / Red,10.718,10.0
Panram Ninja 16 GB,,"3,1866","2,8",,Black / Silver,10.718,10.0
Panram Falcon 8 GB,,"3,1866","1,8",,Black / Red,10.718,10.0
Panram Hercules 8 GB,,"3,2133","2,4",,Black / Red,9.376,10.0
Panram Falcon 16 GB,,"3,2133","2,8",,Black / Red,9.376,10.0
TEAMGROUP Dark 8 GB,,"4,3200","2,4",,Black / White,10.0,16.0
Corsair Vengeance Performance 8 GB,,"3,2133","2,4",,Black / Yellow,10.314,11.0
G.Skill Trident Z 8 GB,,"4,3733","2,4",,Red / Silver,9.108,17.0
G.Skill Trident Z 16 GB,,"4,3733","4,4",,Red / Silver,9.108,17.0
G.Skill Trident Z 16 GB,,"4,3866","4,4",,Red / Silver,9.312,18.0
G.Skill Trident Z 8 GB,,"4,4133","2,4",,Red / Silver,9.194,19.0
G.Skill Trident Z 8 GB,,"4,4200","2,4",,Red / Silver,9.048,19.0
G.Skill Trident Z 8 GB,,"4,4266","2,4",,Red / Silver,8.908,19.0
Avexir Core 32 GB,,"4,2400","4,8",,Black / Blue,13.333,16.0
G.Skill Trident Z 8 GB,,"4,3000","2,4",,Red / Silver,10.0,15.0
G.Skill Trident Z 16 GB,,"4,3200","4,4",,Red / Silver,10.0,16.0
Panram Ninja-V 16 GB,,"4,2400","2,8",,Red / Silver,12.5,15.0
Kingston D1G64KL110 8 GB,,"3,1600","1,8",,Black / Green,13.75,11.0
Panram Ninja 4 GB,,"3,1600","1,4",,Red / Silver,13.75,11.0
Panram Ninja 16 GB,,"3,1600","2,8",,Red / Silver,13.75,11.0
Panram Ninja 8 GB,,"3,1600","1,8",,Red / Silver,13.75,11.0
Panram Ninja 8 GB,,"3,1600","2,4",,Red / Silver,11.25,9.0
Panram Ninja 4 GB,,"3,1600","1,4",,Red / Silver,11.25,9.0
Panram Ninja 16 GB,,"3,1600","2,8",,Red / Silver,11.25,9.0
Panram Ninja 8 GB,,"3,1600","1,8",,Red / Silver,11.25,9.0
Panram Ninja-V 8 GB,,"4,2133","2,4",,Black / Silver,12.189,13.0
Panram Ninja-V 16 GB,,"4,2133","4,4",,Black / Silver,12.189,13.0
Panram Ninja-V 16 GB,,"4,2133","2,8",,Black / Silver,12.189,13.0
Panram Ninja-V 32 GB,,"4,2133","4,8",,Black / Silver,12.189,13.0
Panram Ninja-V 8 GB,,"4,2400","2,4",,Black / Silver,12.5,15.0
Panram Ninja-V 16 GB,,"4,2400","4,4",,Black / Silver,12.5,15.0
Panram Ninja-V 16 GB,,"4,2400","4,4",,Red / Silver,12.5,15.0
Panram Ninja-V 4 GB,,"4,2400","1,4",,Black / Silver,12.5,15.0
Panram Ninja-V 4 GB,,"4,2400","1,4",,Red / Silver,12.5,15.0
Panram Ninja-V 32 GB,,"4,2400","4,8",,Red / Silver,12.5,15.0
Panram Ninja-V 8 GB,,"4,2400","1,8",,Black / Silver,12.5,15.0
Panram Ninja-V 8 GB,,"4,2400","1,8",,Red / Silver,12.5,15.0
AMD R5 Entertainment 16 GB,,"3,1600","2,8",,Black / Red,13.75,11.0
AMD R5 Entertainment 4 GB,,"3,1600","1,4",,Black / Red,13.75,11.0
AMD R5 Entertainment 8 GB,,"3,1600","1,8",,Black / Red,13.75,11.0
AMD R5 Entertainment 8 GB,,"3,1600","2,4",,Black / Red,13.75,11.0
Avexir Budget 4 GB,,"4,2133","1,4",,Black / Green,14.065,15.0
Avexir Raiden 16 GB,,"4,2666","2,8",,White / Blue,11.253,15.0
Avexir Raiden 32 GB,,"4,2666","4,8",,White / Blue,11.253,15.0
Avexir Raiden 16 GB,,"4,2800","2,8",,White / Blue,10.714,15.0
Avexir Raiden 32 GB,,"4,2800","4,8",,White / Blue,10.714,15.0
Avexir Raiden 16 GB,,"4,3000","2,8",,White / Blue,10.0,15.0
Avexir Raiden 32 GB,,"4,3000","4,8",,White / Blue,10.0,15.0
GeIL SUPER HERO 16 GB,,"4,3866","4,4",,Black / White,9.312,18.0
GeIL SUPER HERO 8 GB,,"4,3466","2,4",,Black / White,9.233,16.0
GeIL SUPER HERO 8 GB,,"4,3600","2,4",,Black / White,9.444,17.0
GeIL Dragon RAM Combo 8 GB,,"4,3466","2,4",,White / Gold,9.233,16.0
PNY NHS 16 GB,,"3,1600","2,8",,Black / Green,13.75,11.0
PNY NHS 4 GB,,"3,1600","1,4",,Black / Green,13.75,11.0
PNY NHS 8 GB,,"3,1600","2,4",,Black / Green,13.75,11.0
GeIL SUPER HERO 16 GB,,"4,3600","4,4",,Black / White,9.444,17.0
Panram PSD3L1600C118GVS 8 GB,,"3,1600","1,8",,Black / Green,13.75,11.0
Panram Ninja 8 GB,,"3,1600","2,4",,Red / Silver,13.75,11.0
Panram Ninja 8 GB,,"3,1866","2,4",,Red / Silver,10.718,10.0
Panram Ninja 16 GB,,"3,1866","2,8",,Red / Silver,10.718,10.0
Panram Ninja-V 8 GB,,"4,2666","2,4",,Black / Silver,12.003,16.0
Panram Ninja-V 8 GB,,"4,2666","2,4",,Black / Silver,12.003,16.0
Panram Ninja-V 16 GB,,"4,2666","2,8",,Black / Silver,12.003,16.0
Panram Ninja-V 16 GB,,"4,2666","2,8",,Black / Silver,12.003,16.0
Mushkin 996580 4 GB,,"2,800","2,2",,Black,10.0,4.0
Crucial CT2K25664BA160BA 4 GB,,"3,1600","2,2",,Black / Green,13.75,11.0
G.Skill Ripjaws 8 GB,765.4,"4,2133","1,8",4.784,Black / Blue,14.065,15.0
Panram Ninja-V 8 GB,,"4,3000","2,4",,Black / Silver,10.0,15.0
Panram Ninja-V 16 GB,,"4,3000","2,8",,Black / Silver,10.0,15.0
Corsair Dominator Platinum 8 GB,,"3,2666","2,4",,Black / Silver,8.252,11.0
Kingston KVR18R13S8L/4 4 GB,,"3,1866","1,4",,Black / Green,13.934,13.0
Mushkin Essentials 16 GB,,"3,1600","1,16",,Black / Blue,13.75,11.0
Kingston Savage 64 GB,,"4,2400","4,16",,Black / Silver,11.667,14.0
Kingston Savage 64 GB,,"4,2666","4,16",,Black / Silver,11.253,15.0
AMD R7 Performance 4 GB,,"4,2400","1,4",,Black / Red,12.5,15.0
Avexir Core 32 GB,,"4,2133","4,8",,Black / Blue,14.065,15.0
Avexir Blitz1.1 8 GB,,"4,2800","2,4",,Black / Red,10.714,15.0
Avexir Blitz1.1 16 GB,,"4,2800","2,8",,Black / Red,10.714,15.0
Corsair Dominator Platinum 8 GB,,"4,3600","2,4",,Black / Silver,10.0,18.0
Corsair Vengeance LPX 16 GB,,"4,3333","4,4",,Black / Yellow,9.601,16.0
G.Skill Ripjaws 32 GB,,"4,2133","4,8",,Black,14.065,15.0
G.Skill Ripjaws 64 GB,,"4,2133","4,16",,Black,14.065,15.0
G.Skill Ripjaws 16 GB,,"4,2133","1,16",,Black,14.065,15.0
G.Skill Ripjaws 64 GB,,"4,2400","4,16",,Black,13.333,16.0
G.Skill Ripjaws 4 GB,344.79,"4,2400","1,4",4.31,Black,13.333,16.0
G.Skill Ripjaws 32 GB,,"4,2666","4,8",,Black,13.503,18.0
G.Skill Ripjaws 64 GB,,"4,2666","4,16",,Black,13.503,18.0
G.Skill Ripjaws 16 GB,1560.0,"4,2666","1,16",4.875,Black,13.503,18.0
G.Skill Ripjaws V 16 GB,,"4,3000","2,8",,Black,10.0,15.0
Mushkin Essentials 4 GB,,"4,2133","1,4",,Black / Green,14.065,15.0
Mushkin Essentials 8 GB,,"4,2133","1,8",,Black / Green,14.065,15.0
Panram Ninja-V 16 GB,,"4,3200","2,8",,Black / Silver,10.0,16.0
Panram Ninja-V 8 GB,,"4,3466","2,4",,Red / Silver,9.81,17.0
Panram Ninja-V 16 GB,,"4,3466","2,8",,Red / Silver,9.81,17.0
Panram Ninja-V 8 GB,,"4,3600","2,4",,Red / Silver,10.0,18.0
Panram Ninja-V 16 GB,,"4,3600","2,8",,Red / Silver,10.0,18.0
Panram Ninja-V 8 GB,,"4,3866","2,4",,Red / Silver,9.312,18.0
Patriot Viper 4 16 GB,,"4,3200","4,4",,Black / Red,10.0,16.0
Corsair Dominator Platinum 8 GB,,"4,3466","2,4",,Black / Silver,10.387,18.0
Avexir Budget 4 GB,,"3,1600","1,4",,Black,13.75,11.0
Avexir Budget 8 GB,,"3,1600","1,8",,Black,13.75,11.0
Corsair Dominator Platinum 16 GB,,"4,3200","4,4",,Black / Silver,9.375,15.0
Corsair Dominator Platinum 16 GB,,"4,3200","4,4",,Black / Silver,9.375,15.0
Corsair Dominator Platinum 64 GB,,"4,3000","4,16",,Black / Silver,10.0,15.0
Corsair Vengeance LPX 16 GB,,"4,3200","4,4",,Red,9.375,15.0
Corsair Vengeance LPX 8 GB,,"4,2400","2,4",,Red,13.333,16.0
Corsair Vengeance LPX 8 GB,,"4,3866","2,4",,Red,9.312,18.0
Corsair Vengeance LPX 8 GB,,"4,4133","2,4",,Black / Yellow,9.194,19.0
Corsair Vengeance Pro 16 GB,,"3,2133","2,8",,Black / Silver,10.314,11.0
GeIL EVO POTENZA 16 GB,,"4,3000","2,8",,Red,10.0,15.0
GeIL EVO POTENZA 16 GB,,"4,3200","2,8",,Red,10.0,16.0
G.Skill Ripjaws 8 GB,,"4,2400","1,8",,Black / Blue,13.333,16.0
G.Skill Trident Z 16 GB,,"4,3000","2,8",,Red / Silver,9.333,14.0
G.Skill Trident Z 32 GB,,"4,3000","2,16",,Red / Silver,9.333,14.0
G.Skill Ripjaws V 32 GB,,"4,3000","4,8",,Black,9.333,14.0
G.Skill Ripjaws V 64 GB,,"4,3000","4,16",,Black,9.333,14.0
G.Skill Trident Z 64 GB,,"4,3200","4,16",,Red / Silver,8.75,14.0
G.Skill Trident Z 16 GB,,"4,3200","2,8",,Red / Silver,9.375,15.0
G.Skill Trident Z 32 GB,,"4,3200","4,8",,Red / Silver,9.375,15.0
G.Skill Ripjaws V 32 GB,,"4,3200","4,8",,Black,9.375,15.0
G.Skill Trident Z 64 GB,,"4,3200","4,16",,Red / Silver,9.375,15.0
Klevv Fit 8 GB,,"3,1600","2,4",,Black / Silver,11.25,9.0
Klevv FIT Faker Edition 8 GB,,"3,1600","2,4",,Blue / White,11.25,9.0
Corsair Vengeance LPX 16 GB,,"4,2400","4,4",,Red,12.5,15.0
Corsair Vengeance LPX 32 GB,,"4,2400","4,8",,Red,12.5,15.0
Corsair Vengeance LPX 64 GB,,"4,3333","4,16",,Red,9.601,16.0
GeIL Super Luce 16 GB,,"4,3200","2,8",,Black / Blue,10.0,16.0
GeIL Super Luce 16 GB,,"4,2400","2,8",,Black / Red,12.5,15.0
GeIL Super Luce 16 GB,,"4,3000","2,8",,Black / Red,10.667,16.0
GeIL Super Luce 16 GB,,"4,3000","2,8",,Black / Red,10.667,16.0
GeIL Super Luce 16 GB,,"4,2400","2,8",,White / Blue,12.5,15.0
GeIL Super Luce 16 GB,,"4,3000","2,8",,White / Blue,10.667,16.0
GeIL Super Luce 16 GB,,"4,3000","2,8",,White / Blue,10.667,16.0
GeIL Super Luce 16 GB,,"4,2400","2,8",,White / Red,12.5,15.0
GeIL Super Luce 16 GB,,"4,3000","2,8",,White / Red,10.667,16.0
GeIL Super Luce 16 GB,,"4,3000","2,8",,White / Red,10.667,16.0
GeIL Super Luce 16 GB,,"4,3000","2,8",,White,10.667,16.0
GeIL Super Luce 16 GB,,"4,3000","2,8",,White,10.667,16.0
GeIL EVO POTENZA 16 GB,,"4,2400","2,8",,Black / Red,12.5,15.0
GeIL EVO POTENZA 16 GB,,"4,3000","2,8",,Black / Red,10.0,15.0
GeIL EVO POTENZA 8 GB,,"4,3000","2,4",,Black / Red,10.0,15.0
GeIL EVO POTENZA 8 GB,,"4,4000","2,4",,Black / Red,9.5,19.0
G.Skill Ripjaws 8 GB,,"4,2133","1,8",,Black / Blue,14.065,15.0
G.Skill Ripjaws 8 GB,,"4,2666","2,4",,Black / Blue,13.503,18.0
G.Skill Ripjaws 16 GB,,"4,2800","2,8",,Black / Blue,12.857,18.0
G.Skill Ripjaws 32 GB,,"4,2800","4,8",,Black / Blue,12.857,18.0
G.Skill Ripjaws 64 GB,,"4,2800","4,16",,Black / Blue,12.857,18.0
G.Skill Ripjaws 16 GB,,"4,2800","1,16",,Black / Blue,12.857,18.0
G.Skill Ripjaws 8 GB,,"4,2800","1,8",,Black / Blue,12.857,18.0
G.Skill Ripjaws V 32 GB,,"4,3000","4,8",,Red,9.333,14.0
G.Skill Ripjaws V 64 GB,,"4,3000","4,16",,Red,9.333,14.0
G.Skill Ripjaws V 64 GB,,"4,3200","4,16",,Red,8.75,14.0
Crucial CT2KIT25664BA160BJ 4 GB,699.8,"3,1600","2,2",8.748,Black / Green,13.75,11.0
Corsair Vengeance LPX 8 GB,,"4,4133","2,4",,Red,9.194,19.0
Corsair ValueSelect 32 GB,,"4,2133","2,16",,Black,14.065,15.0
Corsair Vengeance Performance 8 GB,,"4,2400","2,4",,Black,13.333,16.0
GeIL Super Luce 16 GB,,"4,2800","2,8",,Black / Blue,11.429,16.0
GeIL Super Luce 16 GB,,"4,2800","2,8",,Black / Red,11.429,16.0
GeIL Super Luce 16 GB,,"4,2800","2,8",,Black / White,11.429,16.0
GeIL Super Luce 16 GB,,"4,3000","2,8",,Black / White,10.667,16.0
GeIL Super Luce 16 GB,,"4,2800","2,8",,Black / Red,11.429,16.0
GeIL Super Luce 16 GB,,"4,2800","2,8",,Black / Red,11.429,16.0
GeIL EVO POTENZA 32 GB,,"4,2400","2,16",,Black / Red,11.667,14.0
GeIL POTENZA 32 GB,,"4,3000","4,8",,Black / Red,10.667,16.0
GeIL Dragon RAM 8 GB,,"4,3466","2,4",,White / Gold,9.233,16.0
GeIL Dragon RAM 8 GB,,"4,3866","2,4",,White / Gold,9.312,18.0
GeIL Dragon RAM 8 GB,,"4,4000","2,4",,White / Gold,9.5,19.0
G.Skill Trident Z 16 GB,,"4,4133","2,8",,Red / Silver,9.194,19.0
Kingston ValueRAM 16 GB,1179.0,"4,2133","1,16",3.684,Black / Green,14.065,15.0
Kingston ValueRAM 16 GB,979.8,"4,2133","1,16",3.062,Black / Green,14.065,15.0
Kingston ValueRAM 8 GB,695.2,"4,2133","1,8",4.345,Black / Green,14.065,15.0
Kingston KVR21R15S4/8I 8 GB,799.8,"4,2133","1,8",4.999,Black / Green,14.065,15.0
Kingston KVR21R15S4K4/32I 32 GB,,"4,2133","4,8",,Black / Green,14.065,15.0
Kingston ValueRAM 16 GB,,"4,2133","4,4",,Black / Green,14.065,15.0
Panram Ninja-V 8 GB,,"4,3000","2,4",,Black / Silver,10.667,16.0
Panram Ninja-V 8 GB,,"4,3000","2,4",,Red / Silver,10.667,16.0
Panram Ninja-V 16 GB,,"4,3000","4,4",,Black / Silver,10.667,16.0
Panram Ninja-V 16 GB,,"4,3000","2,8",,Black / Silver,10.667,16.0
Panram Ninja-V 8 GB,,"4,3866","2,4",,Black / Silver,9.312,18.0
Panram Value 8 GB,,"4,3000","1,8",,Black,10.667,16.0
Avexir Raiden 8 GB,,"4,2666","2,4",,White / Blue,11.253,15.0
Avexir Raiden 16 GB,,"4,2666","4,4",,White / Blue,11.253,15.0
Avexir Raiden 8 GB,,"4,2800","2,4",,White / Blue,10.714,15.0
Avexir Raiden 16 GB,,"4,2800","4,4",,White / Blue,10.714,15.0
Avexir Raiden 16 GB,,"4,3000","4,4",,White / Blue,10.0,15.0
Corsair Vengeance LPX 16 GB,,"4,3600","2,8",,Red,10.0,18.0
Corsair Vengeance LPX 32 GB,,"4,3600","4,8",,Red,10.0,18.0
Crucial CT2K4G4SFS8213 8 GB,,"4,2133","2,4",,Black / Green,14.065,15.0
Crucial CT2K8G4SFD8213 16 GB,,"4,2133","2,8",,Black / Green,14.065,15.0
GeIL EVO POTENZA 16 GB,,"4,3000","2,8",,Red,10.667,16.0
G.Skill Ripjaws V 64 GB,,"4,3400","4,16",,Black,9.412,16.0
G.Skill Trident Z 16 GB,,"4,3733","2,8",,Red / Silver,9.108,17.0
TEAMGROUP Xtreem 8 GB,,"4,3866","2,4",,Black / Red,9.312,18.0
Avexir Budget 4 GB,,"3,1333","1,4",,Black,13.503,9.0
Crucial Ballistix Elite 8 GB,,"3,2133","2,4",,Black,10.314,11.0
Crucial Ballistix Elite 16 GB,,"3,2133","2,8",,Black,10.314,11.0
Crucial Ballistix Elite 4 GB,,"3,2133","1,4",,Black,10.314,11.0
Crucial Ballistix Elite 8 GB,,"3,2133","1,8",,Black,10.314,11.0
Mushkin Essentials 4 GB,,"3,1600","1,4",,Black / Green,11.25,9.0
Mushkin Essentials 8 GB,,"3,1600","2,4",,Black / Green,11.25,9.0
Mushkin Essentials 8 GB,,"3,1600","1,8",,Black / Green,11.25,9.0
Mushkin Essentials 4 GB,,"3,1600","1,4",,Black / Green,11.25,9.0
Mushkin Essentials 8 GB,,"3,1600","2,4",,Black / Green,11.25,9.0
Mushkin Essentials 8 GB,,"3,1600","1,8",,Black / Green,11.25,9.0
Mushkin Essentials 16 GB,,"3,1600","2,8",,Black / Green,11.25,9.0
Samsung M393B2G70BH0-CMAQ8M 16 GB,,"3,1866","1,16",,Black / Green,13.934,13.0
TEAMGROUP Xtreem 8 GB,,"4,3733","2,4",,Black / Red,9.108,17.0
EVGA SuperSC 16 GB,,"4,2800","2,8",,Black,11.429,16.0
Corsair Vengeance LPX 16 GB,,"4,3200","4,4",,Black / Yellow,9.375,15.0
Corsair Vengeance LPX 32 GB,,"4,3466","4,8",,Red,9.233,16.0
G.Skill Ripjaws V 128 GB,,"4,3000","8,16",,Red,9.333,14.0
Kingston Savage 4 GB,,"4,2400","1,4",,Black,10.0,12.0
Kingston Savage 8 GB,,"4,2400","2,4",,Black,10.0,12.0
Kingston Savage 32 GB,,"4,2400","4,8",,Black,10.0,12.0
Kingston Savage 4 GB,,"4,2666","1,4",,Black,9.752,13.0
Kingston Savage 8 GB,,"4,2666","1,8",,Black,9.752,13.0
Kingston Savage 16 GB,,"4,2666","2,8",,Black,9.752,13.0
Kingston Savage 8 GB,,"4,2666","2,4",,Black,9.752,13.0
Kingston Savage 16 GB,,"4,2666","4,4",,Black,9.752,13.0
Kingston Savage 4 GB,,"4,2800","1,4",,Black,10.0,14.0
Kingston Savage 8 GB,,"4,2800","1,8",,Black,10.0,14.0
Kingston Savage 8 GB,,"4,2800","2,4",,Black,10.0,14.0
Kingston Savage 16 GB,,"4,2800","4,4",,Black,10.0,14.0
Kingston Savage 32 GB,,"4,2800","4,8",,Black,10.0,14.0
Kingston Savage 64 GB,,"4,2800","8,8",,Black,10.0,14.0
Kingston Savage 4 GB,,"4,3000","1,4",,Black,10.0,15.0
Kingston Savage 8 GB,,"4,3000","1,8",,Black,10.0,15.0
Kingston Savage 16 GB,,"4,3000","4,4",,Black,10.0,15.0
Kingston Savage 32 GB,,"4,2400","4,8",,Black,10.0,12.0
Kingston ValueRAM 8 GB,,"4,2133","1,8",,Black / Green,14.065,15.0
Kingston ValueRAM 4 GB,,"4,2133","1,4",,Black / Green,14.065,15.0
Kingston ValueRAM 4 GB,,"4,2133","1,4",,Black / Green,14.065,15.0
Kingston KVR21R15D8/8I 8 GB,,"4,2133","1,8",,Black / Green,14.065,15.0
TEAMGROUP Dark Pro 16 GB,,"4,3000","2,8",,Black / Red,10.0,15.0
TEAMGROUP Dark Pro 16 GB,,"4,3200","2,8",,Black / Red,10.0,16.0
TEAMGROUP Dark Pro 16 GB,,"4,3333","2,8",,Black / Red,10.201,17.0
TEAMGROUP Dark Pro 8 GB,,"4,3000","2,4",,Black / Red,10.0,15.0
TEAMGROUP Dark Pro 8 GB,,"4,3200","2,4",,Black / Red,10.0,16.0
TEAMGROUP Dark Pro 8 GB,,"4,3333","2,4",,Black / Red,10.201,17.0
Corsair Dominator Platinum 16 GB,,"4,2400","4,4",,Black / Silver,12.5,15.0
Corsair Dominator Platinum 64 GB,,"4,3333","4,16",,Black / Silver,9.601,16.0
Corsair Dominator Platinum 8 GB,,"4,3733","2,4",,Black / Silver,9.108,17.0
Corsair Vengeance LPX 8 GB,,"4,4200","2,4",,Red,9.048,19.0
Crucial Ballistix Tactical 8 GB,,"3,2133","2,4",,Yellow,10.314,11.0
Crucial CT2K8G3ERVLD8160B 16 GB,,"3,1600","2,8",,Black,13.75,11.0
Crucial CT2KIT51272BA186DJ 8 GB,,"3,1866","2,4",,Black / Green,13.934,13.0
G.Skill Trident Z 64 GB,,"4,3000","8,8",,Red / Silver,9.333,14.0
G.Skill Ripjaws V 64 GB,,"4,3000","8,8",,Black,9.333,14.0
G.Skill Ripjaws V 64 GB,,"4,3000","8,8",,Red,10.0,15.0
G.Skill Trident Z 64 GB,,"4,3200","8,8",,Red / Silver,8.75,14.0
G.Skill Ripjaws V 64 GB,,"4,3200","8,8",,Red,10.0,16.0
G.Skill Trident Z 16 GB,,"4,3333","2,8",,Red / Silver,9.601,16.0
G.Skill Ripjaws V 16 GB,,"4,3333","2,8",,Red,9.601,16.0
G.Skill Trident Z 32 GB,,"4,3333","4,8",,Red / Silver,9.601,16.0
G.Skill Ripjaws V 32 GB,,"4,3333","4,8",,Red / Silver,9.601,16.0
G.Skill Ripjaws V 32 GB,,"4,3333","4,8",,Red,9.601,16.0
G.Skill Trident Z 64 GB,,"4,3333","4,16",,Red / Silver,9.601,16.0
G.Skill Ripjaws V 64 GB,,"4,3333","4,16",,Black,9.601,16.0
G.Skill Ripjaws V 64 GB,,"4,3333","4,16",,Red,9.601,16.0
G.Skill Trident Z 16 GB,,"4,3466","2,8",,Red / Silver,9.233,16.0
G.Skill Ripjaws V 16 GB,,"4,3466","2,8",,Red,9.233,16.0
G.Skill Trident Z 32 GB,,"4,3466","4,8",,Red / Silver,9.233,16.0
G.Skill Ripjaws V 32 GB,,"4,3466","4,8",,Black,9.233,16.0
G.Skill Ripjaws V 32 GB,,"4,3466","4,8",,Red,9.233,16.0
G.Skill Trident Z 32 GB,,"4,3600","4,8",,Red / Silver,9.444,17.0
Kingston Predator 64 GB,,"4,3000","4,16",,Black,10.667,16.0
TEAMGROUP Vulcan 16 GB,,"4,3000","2,8",,Black / Red,10.0,15.0
TEAMGROUP Vulcan 8 GB,,"4,3000","2,4",,Black / Red,10.667,16.0
Avexir ROG Impact 8 GB,,"4,2666","2,4",,Black / Red,11.253,15.0
Mushkin Silverline 32 GB,,"4,2133","2,16",,Silver,14.065,15.0
Mushkin Redline 32 GB,,"4,3000","2,16",,Red / Silver,10.667,16.0
Mushkin Redline 64 GB,,"4,3000","4,16",,Red / Silver,10.667,16.0
Mushkin Silverline 32 GB,,"4,2133","4,8",,Silver,14.065,15.0
TEAMGROUP Delta 16 GB,,"4,3000","2,8",,Black / Red,10.667,16.0
Avexir ROG Red Tesla 8 GB,,"4,2666","2,4",,Black / Red,11.253,15.0
Avexir ROG Impact 16 GB,,"4,2666","4,4",,Black / Red,11.253,15.0
Avexir ROG Red Tesla 16 GB,,"4,2666","4,4",,Black / Red,11.253,15.0
Avexir ROG Impact 16 GB,,"4,2666","2,8",,Black / Red,11.253,15.0
Avexir ROG Red Tesla 16 GB,,"4,2666","2,8",,Black / Red,11.253,15.0
Avexir ROG Red Tesla 32 GB,,"4,2666","4,8",,Black / Red,11.253,15.0
Corsair Vengeance LPX 16 GB,,"4,3866","4,4",,Black / Yellow,9.312,18.0
Corsair Vengeance LPX 16 GB,,"4,3866","4,4",,Red,9.312,18.0
Corsair Vengeance LPX 32 GB,,"4,3600","4,8",,Red,8.889,16.0
Corsair Vengeance LPX 8 GB,,"4,4266","2,4",,Red,8.908,19.0
GeIL Super Luce 16 GB,,"4,3000","2,8",,Black / Blue,10.0,15.0
GeIL Super Luce 8 GB,,"4,2400","2,4",,Black / Blue,12.5,15.0
GeIL Super Luce 8 GB,,"4,3000","2,4",,Black / Blue,10.0,15.0
GeIL Super Luce 8 GB,,"4,2400","2,4",,Black / Red,12.5,15.0
GeIL Super Luce 8 GB,,"4,3000","2,4",,Black / Red,10.0,15.0
GeIL Super Luce 8 GB,,"4,3000","2,4",,Black / White,10.0,15.0
GeIL EVO POTENZA 8 GB,,"4,2400","2,4",,Red,12.5,15.0
Kingston D4G72M151 32 GB,,"4,2133","1,32",,Black / Green,14.065,15.0
Kingston FURY 16 GB,,"4,2133","2,8",,Black / Silver,13.127,14.0
Kingston FURY 64 GB,,"4,2400","4,16",,Black / Silver,12.5,15.0
Kingston KVR21R15D8K4/32I 32 GB,,"4,2133","4,8",,Black / Green,14.065,15.0
Kingston ValueRAM 4 GB,,"4,2133","1,4",,Black / Green,14.065,15.0
Mushkin Silverline 16 GB,,"4,2133","4,4",,Silver,14.065,15.0
Corsair Dominator Platinum 16 GB,,"4,3400","4,4",,Orange,9.412,16.0
Avexir Core 4 GB,,"3,1600","1,4",,Black / Green,13.75,11.0
Avexir Core 8 GB,,"3,1600","2,4",,Black / Green,13.75,11.0
Avexir Core 8 GB,,"3,1600","1,8",,Black / Green,13.75,11.0
Avexir Core 16 GB,,"3,1600","2,8",,Black / Green,13.75,11.0
Kingston KVR16E11K3/24I 24 GB,,"3,1600","3,8",,Black / Green,13.75,11.0
Kingston KVR16LR11D4K4/64I 64 GB,,"3,1600","4,16",,Black / Green,13.75,11.0
Avexir Core 8 GB,,"4,2400","2,4",,Black / Green,13.333,16.0
Avexir Core 8 GB,,"4,2400","2,4",,Black / Red,13.333,16.0
Avexir Core 8 GB,,"4,2400","2,4",,Black / White,13.333,16.0
Avexir Core 8 GB,,"4,2400","2,4",,Black / Yellow,13.333,16.0
Avexir Core 8 GB,,"4,2400","1,8",,Black / Green,13.333,16.0
Avexir Core 16 GB,,"4,2400","2,8",,Black / Blue,13.333,16.0
Avexir Core 16 GB,,"4,2400","2,8",,Black / Green,13.333,16.0
Avexir Core 16 GB,,"4,2400","2,8",,Black / Yellow,13.333,16.0
Avexir Core 8 GB,,"4,2666","2,4",,Black / Blue,12.753,17.0
Avexir Core 8 GB,,"4,2666","2,4",,Black / Yellow,12.753,17.0
Avexir Core 16 GB,,"4,2666","2,8",,Black / White,11.253,15.0
Avexir Core 16 GB,,"4,2666","2,8",,Black / Yellow,12.753,17.0
Avexir Blitz1.1 16 GB,,"4,3000","2,8",,Black / Red,10.667,16.0
Corsair Vengeance LED 32 GB,,"4,2666","4,8",,Black / Red,12.003,16.0
Corsair Vengeance LED 32 GB,,"4,3466","4,8",,Black / Red,9.233,16.0
Corsair Vengeance LED 64 GB,,"4,3000","4,16",,Black / Red,10.0,15.0
Corsair Vengeance LED 64 GB,,"4,3200","4,16",,Black / Red,10.0,16.0
Corsair Vengeance LED 32 GB,,"4,2666","2,16",,Black / White,12.003,16.0
Corsair Vengeance LED 32 GB,,"4,2666","4,8",,Black / White,12.003,16.0
Corsair Vengeance LED 32 GB,,"4,3200","4,8",,Black / White,10.0,16.0
Corsair Vengeance LED 32 GB,,"4,3466","4,8",,Black / White,9.233,16.0
Corsair Vengeance LED 64 GB,,"4,2666","4,16",,Black / White,12.003,16.0
Avexir Green Tesla 16 GB,,"4,2666","2,8",,Black / Green,11.253,15.0
Corsair Dominator Platinum ROG 16 GB,,"4,3200","4,4",,Black / Red,10.0,16.0
Patriot Viper Elite 16 GB,,"4,2666","2,8",,Black / Blue,11.253,15.0
Patriot Viper Elite 16 GB,,"4,2666","2,8",,Black / Red,11.253,15.0
TEAMGROUP Dark 16 GB,,"4,3000","2,8",,Black,10.667,16.0
Avexir Raiden 16 GB,,"4,3000","2,8",,White / Blue,10.667,16.0
G.Skill Trident Z 32 GB,,"4,3200","4,8",,Black / Yellow,10.0,16.0
G.Skill Trident Z 16 GB,,"4,3200","2,8",,Silver / Black,9.375,15.0
Avexir Green Tesla 16 GB,,"4,2666","4,4",,Black / Green,11.253,15.0
G.Skill Trident Z 32 GB,,"4,3200","4,8",,Silver / White,9.375,15.0
G.Skill Trident Z 32 GB,,"4,3300","4,8",,Red / Silver,9.697,16.0
G.Skill Trident Z 16 GB,,"4,3200","2,8",,Black / Yellow,8.75,14.0
G.Skill Trident Z 32 GB,,"4,3200","4,8",,Silver / White,8.75,14.0
G.Skill Trident Z 64 GB,9560.0,"4,3200","8,8",7.469,Silver / White,8.75,14.0
Corsair Mac Memory 16 GB,,"3,1866","2,8",,Green,11.79,11.0
Corsair Mac Memory 32 GB,,"3,1866","4,8",,Green,11.79,11.0
Corsair Vengeance LED 32 GB,,"4,3000","2,16",,Black / Blue,10.0,15.0
Corsair Vengeance LED 32 GB,,"4,3200","2,16",,Black / Blue,10.0,16.0
Corsair Vengeance LED 32 GB,,"4,3000","4,8",,Black / Blue,10.0,15.0
Corsair Vengeance LED 32 GB,,"4,3200","4,8",,Black / Blue,10.0,16.0
Corsair Vengeance LED 64 GB,,"4,3000","4,16",,Black / Blue,10.0,15.0
Corsair Vengeance LED 64 GB,,"4,3200","4,16",,Black / Blue,10.0,16.0
Corsair Vengeance LPX 16 GB,,"4,3733","2,8",,Red,9.108,17.0
GALAX HOF 16 GB,,"4,4000","2,8",,White,9.5,19.0
TEAMGROUP Elite 32 GB,,"4,2400","2,16",,Black,13.333,16.0
Patriot Viper 4 8 GB,,"4,2400","1,8",,Red,12.5,15.0
TEAMGROUP Dark 8 GB,,"4,2400","2,4",,Black / Silver,11.667,14.0
G.Skill Trident Z RGB 16 GB,,"4,3466","2,8",,Black,9.233,16.0
Avexir Green Tesla 32 GB,,"4,3000","4,8",,Black / Green,10.667,16.0
G.Skill Trident Z 32 GB,,"4,3866","4,8",,Black / White,9.312,18.0
G.Skill Trident Z 32 GB,,"4,3200","4,8",,Black / White,10.0,16.0
G.Skill Trident Z 16 GB,,"4,3333","2,8",,Silver / Black,9.601,16.0
TEAMGROUP T-Force / Night Hawk 16 GB,,"4,3200","2,8",,Black / White,10.0,16.0
TEAMGROUP T-Force / Night Hawk 16 GB,,"4,3200","2,8",,Black / Red,10.0,16.0
TEAMGROUP T-Force / Night Hawk 16 GB,,"4,3000","2,8",,Black / Red,10.667,16.0
Corsair Vengeance RGB 32 GB,,"4,2666","4,8",,Black,12.003,16.0
Corsair Vengeance RGB 64 GB,,"4,2666","8,8",,Black,12.003,16.0
G.Skill FORTIS 32 GB,,"4,2133","4,8",,Black / Red,14.065,15.0
G.Skill FORTIS 64 GB,,"4,2133","4,16",,Black / Red,14.065,15.0
G.Skill FORTIS 32 GB,,"4,2400","4,8",,Black / Red,12.5,15.0
G.Skill FORTIS 32 GB,2300.0,"4,2400","4,8",3.594,Black / Red,13.333,16.0
Kingston HyperX Predator 64 GB,,"4,3000","4,16",,Black,10.0,15.0
TEAMGROUP Dark Pro 16 GB,,"4,3000","2,8",,Black / Gray,9.333,14.0
TEAMGROUP Vulcan 32 GB,,"4,2400","2,16",,Black / Red,12.5,15.0
Avexir Green Tesla 32 GB,,"4,2800","4,8",,Black / Green,10.714,15.0
G.Skill Flare X 32 GB,,"4,2133","4,8",,Black,14.065,15.0
G.Skill Flare X 32 GB,,"4,2133","4,8",,Red,14.065,15.0
G.Skill Flare X 64 GB,,"4,2133","4,16",,Red,14.065,15.0
G.Skill Flare X 32 GB,,"4,2400","4,8",,Black,12.5,15.0
G.Skill Flare X 32 GB,,"4,2400","4,8",,Red,12.5,15.0
G.Skill Flare X 64 GB,,"4,2400","4,16",,Black,12.5,15.0
G.Skill Flare X 32 GB,,"4,2400","4,8",,Black,13.333,16.0
G.Skill Flare X 32 GB,,"4,2400","4,8",,Red,13.333,16.0
G.Skill Flare X 64 GB,,"4,2400","4,16",,Black,13.333,16.0
TEAMGROUP T-Force Xtreem 8 GB,,"4,3466","2,4",,Black / Silver,9.81,17.0
TEAMGROUP T-Force Xtreem 8 GB,,"4,3600","2,4",,Black / Silver,9.444,17.0
TEAMGROUP T-Force Xtreem 16 GB,,"4,3466","2,8",,Black / Gold,9.81,17.0
TEAMGROUP T-Force Xtreem 8 GB,,"4,3466","2,4",,Black / Gold,9.81,17.0
TEAMGROUP T-Force Xtreem 8 GB,,"4,3600","2,4",,Black / Gold,9.444,17.0
TEAMGROUP T-Force Xtreem 8 GB,,"4,3733","2,4",,Black / Gold,9.108,17.0
TEAMGROUP T-Force Xtreem 8 GB,,"4,3866","2,4",,Black / Gold,9.312,18.0
Avexir AVD4SZ121331508G-1B 8 GB,,"4,2133","1,8",,Black,14.065,15.0
Corsair Vengeance Performance 64 GB,,"4,2400","4,16",,Black / Yellow,13.333,16.0
Kingston Impact 16 GB,,"4,2133","1,16",,Black,12.189,13.0
Kingston Impact 32 GB,,"4,2133","2,16",,Black,12.189,13.0
Kingston Impact 16 GB,,"4,2133","4,4",,Black,13.127,14.0
Kingston Impact 32 GB,,"4,2133","4,8",,Black,13.127,14.0
Kingston HX421S14IBK4/32 64 GB,,"4,2133","4,16",,Black,13.127,14.0
Kingston Impact 16 GB,,"4,2400","4,4",,Black,12.5,15.0
Kingston Impact 32 GB,3999.8,"4,2400","4,8",6.25,Black,12.5,15.0
Kingston Impact 64 GB,,"4,2400","4,16",,Black,12.5,15.0
Kingston KCP421SD8/16 16 GB,,"4,2133","1,16",,Black / Green,14.065,15.0
Kingston ValueRAM 16 GB,1498.6,"4,2133","1,16",4.683,Black / Green,14.065,15.0
Mushkin Essentials 32 GB,,"4,2133","2,16",,Black / Green,14.065,15.0
Mushkin Essentials 8 GB,599.79,"4,2133","2,4",3.749,Green,14.065,15.0
TEAMGROUP Night Hawk RGB 16 GB,,"4,2800","2,8",,Black,11.429,16.0
TEAMGROUP Night Hawk RGB 16 GB,,"4,2666","2,8",,White,11.253,15.0
TEAMGROUP Night Hawk RGB 16 GB,,"4,2800","2,8",,White,11.429,16.0
Corsair Vengeance RGB 64 GB,,"4,2666","4,16",,Black,12.003,16.0
Corsair Vengeance RGB 32 GB,,"4,3333","4,8",,Black,9.601,16.0
TEAMGROUP Vulcan 16 GB,,"4,2400","1,16",,Black / Gray,12.5,15.0
TEAMGROUP Vulcan 16 GB,,"4,2800","2,8",,Black / Gray,11.429,16.0
TEAMGROUP Vulcan 32 GB,,"4,2666","2,16",,Black / Gray,11.253,15.0
TEAMGROUP Vulcan 32 GB,,"4,2800","2,16",,Black / Gray,11.429,16.0
TEAMGROUP Vulcan 4 GB,,"4,2400","1,4",,Black / Gray,11.667,14.0
TEAMGROUP Vulcan 8 GB,,"4,2400","1,8",,Black / Gray,11.667,14.0
TEAMGROUP Vulcan 8 GB,,"4,2666","2,4",,Black / Gray,11.253,15.0
TEAMGROUP Vulcan 8 GB,,"4,2800","2,4",,Black / Gray,11.429,16.0
TEAMGROUP Vulcan 16 GB,,"4,2800","2,8",,Black / Red,11.429,16.0
TEAMGROUP Vulcan 32 GB,,"4,2800","2,16",,Black / Red,11.429,16.0
TEAMGROUP Vulcan 32 GB,,"4,3000","2,16",,Black / Red,10.667,16.0
TEAMGROUP Vulcan 4 GB,,"4,2400","1,4",,Black / Red,11.667,14.0
TEAMGROUP Vulcan 8 GB,,"4,2400","2,4",,Black / Red,11.667,14.0
TEAMGROUP Vulcan 8 GB,,"4,2666","2,4",,Black / Red,11.253,15.0
TEAMGROUP Vulcan 8 GB,,"4,2800","2,4",,Black / Red,11.429,16.0
TEAMGROUP Vulcan 8 GB,,"4,3000","2,4",,Black / Red,10.667,16.0
TEAMGROUP Delta 8 GB,,"4,2400","2,4",,Black / Red,12.5,15.0
G.Skill Trident Z 16 GB,,"4,3200","2,8",,Silver / White,10.0,16.0
Patriot Viper 4 8 GB,,"4,3200","2,4",,Black / Red,10.0,16.0
Patriot Viper Elite 8 GB,,"4,2400","2,4",,Black / Blue,12.5,15.0
Patriot Viper Elite 8 GB,,"4,2666","2,4",,Black / Blue,11.253,15.0
Patriot Viper Elite 8 GB,,"4,2800","2,4",,Black / Blue,11.429,16.0
Patriot Viper Elite 8 GB,,"4,2800","2,4",,Black / Red,11.429,16.0
Patriot Viper Elite 8 GB,,"4,3000","2,4",,Black / Blue,10.667,16.0
Patriot Viper Elite 8 GB,,"4,3200","2,4",,Black / Gray,10.0,16.0
Patriot Viper Elite 8 GB,,"4,3200","2,4",,Black / Red,10.0,16.0
Patriot Viper Elite 8 GB,,"4,2133","1,8",,Black / Gray,13.127,14.0
Patriot Viper Elite 16 GB,,"4,3200","2,8",,Black / Gray,10.0,16.0
G.Skill Ripjaws V 16 GB,,"4,3333","2,8",,Black,9.601,16.0
GeIL EVO X AMD Edition 16 GB,,"4,3200","2,8",,Black,10.0,16.0
Patriot Viper Elite 16 GB,,"4,2800","2,8",,Black / Blue,11.429,16.0
Mushkin Essentials 8 GB,,"3,1333","2,4",,Black / Green,13.503,9.0
Kingston KCP316SD8/8 8 GB,380.0,"3,1600","1,8",2.375,Black / Green,13.75,11.0
Mushkin Essentials 16 GB,,"4,2133","2,8",,Black / Green,14.065,15.0
Patriot Viper Elite 16 GB,,"4,3000","2,8",,Black / Blue,10.667,16.0
Crucial Sport LT 16 GB,,"4,2666","2,8",,Gray,12.003,16.0
Crucial Ballistix Sport LT 16 GB,,"4,2666","2,8",,Red,12.003,16.0
Patriot Viper Elite 16 GB,,"4,3000","2,8",,Black / Gray,10.0,15.0
Apacer Panther-Golden 8 GB,,"4,2133","1,8",,Black / Gold,14.065,15.0
Apacer Panther-Golden 8 GB,,"4,2133","1,8",,Black / Gold,14.065,15.0
Apacer Panther Silver 8 GB,,"4,2400","1,8",,Black / Silver,13.333,16.0
Apacer Commando 16 GB,,"4,2400","4,4",,Black / Red,13.333,16.0
Apacer Commando 32 GB,,"4,2400","4,8",,Black / Red,13.333,16.0
Apacer Commando 16 GB,,"4,2666","4,4",,Black / Red,12.003,16.0
Apacer Commando 32 GB,,"4,2666","4,8",,Black / Red,12.003,16.0
Crucial Ballistix Tactical 8 GB,,"4,3000","2,4",,Black,10.0,15.0
Corsair Dominator Platinum 64 GB,,"4,3800","8,8",,Black / Silver,10.0,19.0
Corsair Dominator Platinum 16 GB,,"4,3200","2,8",,,8.75,14.0
Micron MT18KSF51272HZ-1G6K2 4 GB,,"3,1600","1,4",,,13.75,11.0
Patriot Signature Line 16 GB,,"4,2400","1,16",,Black / Green,14.167,17.0
GeIL SUPER LUCE RGB SYNC 8 GB,,"4,2400","2,4",,White,13.333,16.0
GeIL SUPER LUCE RGB SYNC 16 GB,,"4,3000","2,8",,White,10.667,16.0
Corsair Dominator Platinum 32 GB,,"4,3866","4,8",,,9.312,18.0
G.Skill Ripjaws 8 GB,,"4,3200","1,8",,Black / Blue,10.0,16.0
G.Skill Ripjaws 8 GB,,"4,3000","1,8",,Black / Blue,10.667,16.0
G.Skill Ripjaws 16 GB,3081.39,"4,3000","2,8",9.629,Black / Blue,10.667,16.0
G.Skill Ripjaws 16 GB,,"4,3000","1,16",,Black / Blue,10.667,16.0
G.Skill Ripjaws 32 GB,,"4,3000","2,16",,Black / Blue,10.667,16.0
Corsair Vengeance 16 GB,,"4,3000","2,8",,Black,10.667,16.0
G.Skill Trident Z 32 GB,,"4,3200","4,8",,Silver / Black,10.0,16.0
TEAMGROUP T-Force Dark 32 GB,,"4,3000","2,16",,Red / Black,10.667,16.0
Kingston KVR24R17S8/8MA 8 GB,1520.0,"4,2400","1,8",9.5,Green,14.167,17.0
Crucial Sport LT 8 GB,,"4,2400","1,8",,White,13.333,16.0
Corsair Vengeance RGB 16 GB,,"4,3000","2,8",,White,10.0,15.0
Corsair Vengeance RGB 32 GB,,"4,3000","4,8",,White,10.0,15.0
Corsair Vengeance RGB 128 GB,,"4,3000","8,16",,White,10.667,16.0
Corsair Dominator Platinum 16 GB,,"4,3466","2,8",,,9.233,16.0
TEAMGROUP T-Force Delta RGB 4 GB,,"4,2666","1,4",,Black,11.253,15.0
TEAMGROUP T-Force Delta RGB 8 GB,,"4,2666","1,8",,Black,11.253,15.0
TEAMGROUP T-Force Delta RGB 8 GB,,"4,2666","2,4",,Black,11.253,15.0
TEAMGROUP T-Force Delta RGB 4 GB,,"4,2666","1,4",,White,11.253,15.0
TEAMGROUP T-Force Delta RGB 8 GB,,"4,2666","2,4",,White,11.253,15.0
TEAMGROUP Night Hawk 32 GB,,"4,3000","2,16",,Black / Red,10.667,16.0
TEAMGROUP Night Hawk 32 GB,,"4,3200","2,16",,Black / Red,10.0,16.0
TEAMGROUP Night Hawk 32 GB,,"4,3000","2,16",,Black / White,10.667,16.0
TEAMGROUP Night Hawk 32 GB,,"4,3200","2,16",,Black / White,10.0,16.0
TEAMGROUP Night Hawk 32 GB,,"4,3000","2,16",,Black / Blue,10.667,16.0
TEAMGROUP Night Hawk 32 GB,,"4,3200","2,16",,Black / Blue,10.0,16.0
Mushkin Redline 32 GB,,"4,2666","2,16",,Red / White,12.003,16.0
Kingston ValueRAM 8 GB,,"4,2400","1,8",,,14.167,17.0
Crucial Ballistix Sport LT 64 GB,,"4,2666","4,16",,Red / Black,12.003,16.0
ADATA XPG V1.0 8 GB,,"3,1600","2,4",,Red / White,13.75,11.0
ADATA XPG V1.0 16 GB,,"3,1600","2,8",,Red / White,13.75,11.0
ADATA AX4U2400W4G16-DRG 8 GB,,"4,2400","2,4",,Red / White,13.333,16.0
ADATA XPG GAMMIX D10 8 GB,,"4,2666","2,4",,Black / White,12.003,16.0
ADATA AX4U2666W4G16-DRG 8 GB,,"4,2666","2,4",,Red / White,12.003,16.0
Corsair Vengeance LPX 16 GB,,"4,3333","2,8",,Black / Yellow,9.601,16.0
Corsair Vengeance LPX 32 GB,,"4,4266","4,8",,Black / Yellow,8.908,19.0
Corsair Vengeance LPX 64 GB,,"4,2933","8,8",,Black / Yellow,10.91,16.0
Corsair Vengeance RGB 16 GB,,"4,3000","2,8",,Black,10.667,16.0
Corsair Vengeance RGB 32 GB,,"4,3300","4,8",,White,9.697,16.0
Corsair CORSAIR Vengeance RGB 64GB (8 x 8GB) 288-Pin DDR4 SDRAM DDR4 2933 (PC4 23400) Desktop Memory Model CMR64GX4M8Z2933C16 64 GB,,"4,2933","8,8",,Black,10.91,16.0
Corsair Vengeance Performance 16 GB,,"3,1866","2,8",,Black / Yellow,11.79,11.0
Corsair Vengeance Performance 32 GB,,"4,3800","4,8",,Black / Yellow,9.474,18.0
Corsair Vengeance LED 16 GB,,"4,3000","2,8",,Black,10.667,16.0
Corsair Vengeance RGB 64 GB,,"4,3000","8,8",,Black,10.0,15.0
Corsair Vengeance LED 32 GB,,"4,3000","4,8",,Black / White,10.667,16.0
Corsair Vengeance LED 32 GB,,"4,3000","4,8",,Black / Blue,10.667,16.0
Corsair Vengeance LED 32 GB,,"4,3000","4,8",,Black / Red,10.667,16.0
Corsair Vengeance LED 32 GB,,"4,3200","4,8",,Black / Red,10.0,16.0
Corsair Vengeance LED 64 GB,,"4,2666","4,16",,Black / Blue,12.003,16.0
ADATA AX4U2400316G16-DRG 32 GB,,"4,2400","2,16",,Red / White,13.333,16.0
Corsair Vengeance RGB 128 GB,,"4,2933","8,16",,Black,10.91,16.0
Corsair Vengeance RGB 32 GB,,"4,3000","4,8",,Black,10.667,16.0
Corsair Vengeance LED 16 GB,,"4,3200","2,8",,Black / Red,10.0,16.0
Corsair Vengeance LED 32 GB,,"4,3000","2,16",,Black / Blue,10.667,16.0
Corsair Vengeance LED 32 GB,,"4,3200","2,16",,Black / Blue,10.0,16.0
Avexir Core Blue 32 GB,,"4,2400","4,8",,Black / Blue,13.333,16.0
Avexir Core White 32 GB,,"4,2400","4,8",,Black / White,13.333,16.0
Avexir Impact ROG 16 GB,,"4,2666","4,4",,Black / Red,11.253,15.0
Avexir Impact ROG 32 GB,,"4,2666","4,8",,Black / Red,11.253,15.0
Avexir Tesla ROG 32 GB,,"4,2666","4,8",,Black / Red,11.253,15.0
Avexir Core Blue 16 GB,,"4,2666","4,4",,Black / Blue,12.753,17.0
Avexir Core Blue 32 GB,,"4,2666","4,8",,Black / Blue,12.753,17.0
Avexir Raiden 8 GB,,"4,3000","2,4",,White / Blue,10.667,16.0
Avexir Raiden 8 GB,,"4,3000","2,4",,Black / Green,10.667,16.0
Avexir Raiden 16 GB,,"4,3000","4,4",,White / Blue,10.667,16.0
Avexir Raiden 16 GB,,"4,3000","4,4",,Black / Green,10.667,16.0
Avexir Raiden 16 GB,,"4,3000","2,8",,Black / Green,10.667,16.0
Avexir Raiden 32 GB,,"4,3000","4,8",,White / Blue,10.667,16.0
Avexir Blitz 8 GB,,"4,3200","2,4",,Red / Black,10.0,16.0
Avexir Blitz 8 GB,,"4,3200","2,4",,Black / Silver,10.0,16.0
Avexir Blitz 16 GB,,"4,3200","4,4",,Black / Red,10.0,16.0
Avexir Blitz 16 GB,,"4,3200","4,4",,Black / Silver,10.0,16.0
Avexir Blitz 32 GB,,"4,3200","4,8",,Black / Red,10.0,16.0
Avexir Blitz 32 GB,,"4,3200","4,8",,Black / Silver,10.0,16.0
Avexir Core 16 GB,,"3,1600","4,4",,Black / Green,11.25,9.0
Avexir Blitz 1.1 8 GB,,"3,2133","2,4",,Black / Red,8.439,9.0
Avexir Core 8 GB,,"3,2133","2,4",,Gold / Black,10.314,11.0
Avexir Core 8 GB,,"3,2133","2,4",,Black / Green,10.314,11.0
Avexir Blitz 1.1 16 GB,,"3,2133","2,8",,Black / Red,8.439,9.0
Avexir Core 16 GB,,"3,2133","2,8",,Black / Green,10.314,11.0
Avexir Blitz 1.1 8 GB,,"3,2400","2,4",,Black / Red,8.333,10.0
Avexir Blitz 1.1 8 GB,,"3,2400","2,4",,Black / Yellow,8.333,10.0
Avexir Core 16 GB,,"3,2400","4,4",,,8.333,10.0
Avexir Blitz 1.1 16 GB,,"3,2400","2,8",,Black / Red,8.333,10.0
Avexir Blitz 1.1 32 GB,,"3,2400","4,8",,Black / Yellow,8.333,10.0
Avexir MPower 8 GB,,"3,2666","2,4",,Yellow / Black,8.252,11.0
Avexir Core 8 GB,,"3,2666","2,4",,Black / Red,9.002,12.0
Avexir Core 8 GB,,"3,2933","2,4",,Red / Black,8.183,12.0
G.Skill Sniper X 16 GB,,"4,2400","2,8",,Black / Camo,14.167,17.0
G.Skill Sniper X 16 GB,,"4,2400","2,8",,Black / Camo,14.167,17.0
G.Skill Sniper X 32 GB,,"4,2400","2,16",,Black / Camo,14.167,17.0
G.Skill Sniper X 32 GB,,"4,2400","4,8",,Black / Camo,14.167,17.0
G.Skill Sniper X 64 GB,,"4,2400","4,16",,Black / Camo,14.167,17.0
G.Skill Sniper X 64 GB,,"4,2400","4,16",,Black / Camo,14.167,17.0
G.Skill Flare X 32 GB,,"4,2933","4,8",,Black,9.547,14.0
G.Skill Sniper X 16 GB,,"4,3000","2,8",,Black / Camo,10.667,16.0
G.Skill Sniper X 32 GB,,"4,3000","2,16",,Black / Camo,10.667,16.0
G.Skill Sniper X 32 GB,,"4,3000","4,8",,Black / Camo,10.667,16.0
G.Skill Sniper X 32 GB,,"4,3000","4,8",,Black / Camo,10.667,16.0
G.Skill Sniper X 64 GB,,"4,3000","4,16",,Black / Camo,10.667,16.0
G.Skill Trident Z 64 GB,,"4,3200","8,8",,Silver / White,9.375,15.0
Patriot Viper LED 8 GB,,"4,3000","2,4",,Black / Red,10.0,15.0
G.Skill Trident Z 64 GB,,"4,3333","8,8",,Silver / Red,9.601,16.0
G.Skill Trident Z 64 GB,,"4,3333","8,8",,Black / White,9.601,16.0
G.Skill Trident Z 64 GB,,"4,3466","8,8",,Silver / Red,9.233,16.0
G.Skill Trident Z 64 GB,,"4,3466","8,8",,Silver / White,9.233,16.0
G.Skill Sniper X 16 GB,,"4,3600","2,8",,Black / Camo,10.556,19.0
G.Skill Sniper X 16 GB,,"4,3600","2,8",,Black / Camo,10.556,19.0
G.Skill Sniper X 16 GB,,"4,3600","2,8",,Black / Camo,10.556,19.0
G.Skill Sniper X 32 GB,,"4,3600","4,8",,Black / Camo,10.556,19.0
G.Skill Sniper X 64 GB,,"4,3600","4,16",,Black / Camo,10.556,19.0
G.Skill Trident Z 32 GB,,"4,3733","2,16",,Silver / White,9.108,17.0
G.Skill Trident Z 32 GB,,"4,3733","4,8",,Black,9.108,17.0
G.Skill Trident Z 32 GB,,"4,3733","4,8",,Silver / White,9.108,17.0
G.Skill Trident Z 64 GB,,"4,4000","8,8",,Silver / White,9.0,18.0
G.Skill Flare X 32 GB,,"4,2933","4,8",,Black,10.91,16.0
G.Skill Flare X 64 GB,,"4,2933","8,8",,Black,10.91,16.0
G.Skill Sniper X 64 GB,,"4,3000","4,16",,Black / Camo,10.667,16.0
G.Skill Trident Z 64 GB,,"4,3200","8,8",,Silver / Red,9.375,15.0
G.Skill Sniper X 16 GB,,"4,3200","2,8",,Black / Camo,10.0,16.0
G.Skill Sniper X 32 GB,,"4,3200","4,8",,Black / Camo,10.0,16.0
G.Skill Sniper X 32 GB,3550.4,"4,3200","4,8",5.548,Black / Camo,10.0,16.0
G.Skill Sniper X 64 GB,,"4,3200","4,16",,Black / Camo,10.0,16.0
G.Skill Sniper X 64 GB,,"4,3200","4,16",,Black / Camo,10.0,16.0
G.Skill Trident Z 128 GB,,"4,3466","8,16",,Silver / White,9.233,16.0
G.Skill Sniper X 32 GB,,"4,3600","2,16",,Black / Camo,10.556,19.0
G.Skill Sniper X 64 GB,,"4,3600","4,16",,Black / Camo,10.556,19.0
G.Skill Trident Z 16 GB,,"4,3866","2,8",,Black / White,9.312,18.0
G.Skill Trident Z 16 GB,,"4,4000","2,8",,Black / White,9.0,18.0
G.Skill Trident Z 16 GB,,"4,4000","2,8",,Black / White,9.5,19.0
TEAMGROUP T-Force Dark 16 GB,,"4,2666","1,16",,Red / Black,11.253,15.0
TEAMGROUP T-Force Dark 32 GB,,"4,2666","2,16",,Red / Black,11.253,15.0
TEAMGROUP T-Force Dark 4 GB,,"4,2666","1,4",,Red / Black,11.253,15.0
TEAMGROUP T-Force Dark 8 GB,,"4,2666","1,8",,Red / Black,11.253,15.0
TEAMGROUP T-Force Night Hawk RGB 32 GB,,"4,3000","2,16",,White,10.667,16.0
TEAMGROUP T-Force Vulcan 8 GB,,"4,2666","1,8",,Black,11.253,15.0
TEAMGROUP Elite Plus 16 GB,,"4,2400","1,16",,Red / Black,13.333,16.0
TEAMGROUP T-Force Dark 16 GB,,"4,3000","2,8",,Black,10.667,16.0
TEAMGROUP T-Force Dark 8 GB,,"4,3200","2,4",,Silver / Black,10.0,16.0
TEAMGROUP T-Force Dark Pro 16 GB,,"4,3000","2,8",,Black / Silver,10.0,15.0
TEAMGROUP T-Force Dark Pro 16 GB,,"4,3200","2,8",,Black / Silver,10.0,16.0
TEAMGROUP T-Force Dark Pro 8 GB,,"4,3000","2,4",,Black / Silver,10.0,15.0
TEAMGROUP T-Force Dark Pro 8 GB,,"4,3200","2,4",,Black / Silver,10.0,16.0
TEAMGROUP T-Force Dark Pro 16 GB,,"4,3000","2,8",,Black / Red,10.0,15.0
TEAMGROUP T-Force Dark Pro 16 GB,,"4,3200","2,8",,Black / Red,10.0,16.0
TEAMGROUP T-Force Dark Pro 8 GB,,"4,3000","2,4",,Black / Red,10.0,15.0
TEAMGROUP T-Force Dark Pro 8 GB,,"4,3200","2,4",,Black / Red,10.0,16.0
TEAMGROUP Elite 4 GB,,"3,1333","1,4",,Green / Black,13.503,9.0
TEAMGROUP Vulcan 16 GB,,"3,1600","2,8",,Orange,11.25,9.0
TEAMGROUP T-Force Vulcan 16 GB,,"3,2133","2,8",,Orange,10.314,11.0
TEAMGROUP T-Force Vulcan 8 GB,,"4,3200","2,4",,Black / Silver,10.0,16.0
TEAMGROUP T-Force Vulcan 16 GB,,"4,3000","4,4",,Red,10.667,16.0
TEAMGROUP Xtreem LV 8 GB,,"3,2666","2,4",,Red / Black,7.502,10.0
G.Skill Sniper X 32 GB,,"4,2400","4,8",,Black / Camo,14.167,17.0
G.Skill Trident Z 64 GB,,"4,3300","8,8",,Silver / Red,9.697,16.0
G.Skill Trident Z 128 GB,,"4,3466","8,16",,Black,9.233,16.0
G.Skill Sniper X 32 GB,,"4,3600","4,8",,Black / Camo,10.556,19.0
G.Skill Flare X 64 GB,,"4,2933","8,8",,,9.547,14.0
G.Skill Sniper X 32 GB,,"4,3000","2,16",,Black / Camo,10.667,16.0
GeIL EVO FORZA 8 GB,,"4,2666","2,4",,Red / Black,12.003,16.0
GeIL Super Luce 16 GB,,"4,2133","2,8",,Black / Red,14.065,15.0
GeIL Super Luce 16 GB,,"4,2400","2,8",,Black / Red,13.333,16.0
GeIL Super Luce 32 GB,,"4,2133","2,16",,Black / Red,14.065,15.0
GeIL Super Luce 16 GB,,"4,2133","2,8",,Black,14.065,15.0
GeIL Super Luce 32 GB,,"4,2400","2,16",,Black / White,12.5,15.0
GeIL Super Luce 8 GB,,"4,2133","2,4",,Black / White,14.065,15.0
GeIL Super Luce 32 GB,,"4,2133","2,16",,White / Red,14.065,15.0
GeIL Super Luce 32 GB,,"4,2400","2,16",,White / Red,13.333,16.0
GeIL Super Luce 8 GB,,"4,2133","2,4",,White / Red,14.065,15.0
GeIL Super Luce 8 GB,,"4,2400","2,4",,White / Red,13.333,16.0
GeIL SUPER LUCE RGB 16 GB,,"4,2133","2,8",,White,14.065,15.0
GeIL SUPER LUCE RGB 16 GB,,"4,2400","2,8",,White,13.333,16.0
GeIL SUPER LUCE RGB 16 GB,,"4,2666","2,8",,White,12.003,16.0
GeIL SUPER LUCE RGB 16 GB,,"4,3000","2,8",,White,10.667,16.0
GeIL SUPER LUCE RGB 8 GB,,"4,2133","2,4",,White,14.065,15.0
GeIL SUPER LUCE RGB 8 GB,,"4,2400","2,4",,White,13.333,16.0
Crucial Ballistix Sport LT 32 GB,,"4,2666","4,8",,Gray,12.003,16.0
Crucial Ballistix Sport LT 32 GB,,"4,2666","4,8",,Gray,12.003,16.0
Crucial Ballistix Elite 8 GB,,"3,2000","2,4",,Black,9.0,9.0
Crucial Ballistix Sport LT 32 GB,,"4,2400","4,8",,Gray,13.333,16.0
Crucial Ballistix Sport LT 4 GB,,"4,2400","1,4",,Red,13.333,16.0
Corsair Vengeance LPX 64 GB,,"4,3000","4,16",,Black,10.667,16.0
Corsair Vengeance RGB 64 GB,,"4,3000","4,16",,Black,10.667,16.0
Corsair Vengeance LED 32 GB,,"4,3000","2,16",,Black / Red,10.667,16.0
Corsair Vengeance LPX 64 GB,,"4,3000","8,8",,Black,10.667,16.0
Crucial CT8G4RFS424A 8 GB,579.79,"4,2400","1,8",3.624,Green / Black,14.167,17.0
GeIL EVO FORZA 8 GB,,"4,2666","2,4",,Red / Black,12.003,16.0
GeIL SUPER LUCE RGB 16 GB,,"4,3200","2,8",,Black,10.0,16.0
GeIL SUPER LUCE RGB 16 GB,,"4,2133","2,8",,White,14.065,15.0
GeIL SUPER LUCE RGB 16 GB,,"4,2666","2,8",,White,12.003,16.0
GeIL SUPER LUCE RGB 8 GB,,"4,2133","2,4",,White,14.065,15.0
Crucial CT8G4RFS4266 8 GB,,"4,2666","1,8",,Green / Black,14.254,19.0
GeIL EVO POTENZA 16 GB,,"4,2133","2,8",,Red / Black,14.065,15.0
GeIL SUPER LUCE RGB 16 GB,,"4,2666","2,8",,Black,12.003,16.0
GeIL EVO POTENZA 8 GB,,"4,3000","2,4",,Red / Black,10.667,16.0
GeIL GS48GB2133C15SC 8 GB,,"4,2133","1,8",,Black,14.065,15.0
GeIL GS416GB2133C15DC 16 GB,,"4,2133","2,8",,Black,14.065,15.0
GeIL GS432GB2133C15DC 32 GB,,"4,2133","2,16",,Black,14.065,15.0
GeIL GS48GB2133C15DC 8 GB,,"4,2133","2,4",,Black,14.065,15.0
GeIL EVO POTENZA 8 GB,,"4,2133","2,4",,Black,14.065,15.0
GeIL EVO POTENZA 16 GB,,"4,2666","2,8",,Black,12.003,16.0
GeIL GS44GB2133C15SC 4 GB,,"4,2133","1,4",,Black,14.065,15.0
GeIL EVO POTENZA 8 GB,,"4,2666","2,4",,Black,12.003,16.0
Corsair Vengeance LED 32 GB,,"4,3000","2,16",,Black / Red,10.667,16.0
Corsair Vengeance LED 32 GB,,"4,3000","4,8",,Black / Blue,10.667,16.0
Corsair Vengeance LED 32 GB,,"4,3000","4,8",,Black / Red,10.667,16.0
Corsair Vengeance RGB 64 GB,,"4,3000","4,16",,Black,10.667,16.0
Corsair Vengeance LED 16 GB,,"4,3000","2,8",,Black / Red,10.667,16.0
Corsair Vengeance LED 32 GB,,"4,3000","2,16",,Black / White,10.667,16.0
Corsair Vengeance LED 32 GB,,"4,3000","2,16",,Black / Blue,10.667,16.0
Corsair Vengeance LED 32 GB,,"4,3000","4,8",,Black / White,10.667,16.0
TEAMGROUP Elite Plus 8 GB,,"4,2133","1,8",,Black / Gold,14.065,15.0
TEAMGROUP T-Force Xtreem 32 GB,,"4,3733","4,8",,Black / Silver,9.108,17.0
TEAMGROUP T-Force Xtreem 32 GB,,"4,3866","4,8",,Black / Silver,9.312,18.0
TEAMGROUP T-Force Dark 16 GB,,"4,3000","4,4",,Silver / Black,10.667,16.0
TEAMGROUP T-Force Dark 16 GB,,"4,3200","4,4",,Silver / Black,10.0,16.0
TEAMGROUP T-Force Dark 32 GB,,"4,2400","4,8",,Silver / Black,11.667,14.0
TEAMGROUP T-Force Dark 32 GB,,"4,3200","4,8",,Silver / Black,10.0,16.0
TEAMGROUP T-Force Dark 64 GB,,"4,2400","4,16",,Silver / Black,11.667,14.0
TEAMGROUP T-Force Dark 64 GB,,"4,3000","4,16",,Silver / Black,10.667,16.0
TEAMGROUP T-Force Dark 64 GB,,"4,3200","4,16",,Silver / Black,10.0,16.0
TEAMGROUP T-Force Dark 16 GB,,"4,2400","4,4",,Red / Black,11.667,14.0
TEAMGROUP T-Force Dark 16 GB,,"4,3000","4,4",,Red / Black,10.667,16.0
TEAMGROUP T-Force Dark 32 GB,,"4,2400","4,8",,Red / Black,11.667,14.0
TEAMGROUP T-Force Dark 64 GB,,"4,2400","4,16",,Red / Black,11.667,14.0
TEAMGROUP T-Force Dark 64 GB,,"4,3000","4,16",,Red / Black,10.667,16.0
TEAMGROUP T-Force Dark 32 GB,,"4,3000","4,8",,Red / Black,10.667,16.0
TEAMGROUP T-Force Dark 16 GB,,"4,3200","4,4",,Red / Black,10.0,16.0
TEAMGROUP T-Force Vulcan 4 GB,,"4,2666","1,4",,Silver / Black,11.253,15.0
TEAMGROUP T-Force Vulcan 16 GB,,"4,2400","4,4",,Silver / Black,11.667,14.0
TEAMGROUP T-Force Vulcan 16 GB,,"4,3200","4,4",,Silver / Black,10.0,16.0
TEAMGROUP T-Force Vulcan 16 GB,,"4,3000","4,4",,Red / Black,10.667,16.0
TEAMGROUP T-Force Vulcan 16 GB,,"4,3200","4,4",,Red / Black,10.0,16.0
TEAMGROUP T-Force Vulcan 32 GB,,"4,3200","4,8",,Red / Black,10.0,16.0
TEAMGROUP T-Force Vulcan 16 GB,,"4,2400","4,4",,Red / Black,11.667,14.0
Kingston HyperX Fury 32 GB,,"4,2133","2,16",,Red / Silver,13.127,14.0
Kingston HyperX Fury 64 GB,,"4,2133","4,16",,Red / Silver,13.127,14.0
Kingston HyperX Fury 32 GB,,"4,2133","4,8",,White / Silver,13.127,14.0
Kingston HyperX Fury 64 GB,,"4,2133","4,16",,White / Silver,13.127,14.0
Kingston HyperX Fury 64 GB,,"4,2400","4,16",,Red / Silver,12.5,15.0
Kingston HyperX Fury 32 GB,,"4,2666","4,8",,Red / Silver,12.003,16.0
Kingston HyperX Impact 16 GB,,"4,2666","1,16",,Black,11.253,15.0
Kingston HyperX Impact 16 GB,,"4,2666","2,8",,Black,11.253,15.0
Kingston HyperX Impact 32 GB,,"4,2666","2,16",,Black,11.253,15.0
Kingston KSM24RS4/16HAI 16 GB,1379.6,"4,2400","1,16",4.311,Green / Black,14.167,17.0
Mushkin Essentials 32 GB,2506.6,"4,2400","2,16",3.917,Green / Black,14.167,17.0
Mushkin Essentials 16 GB,,"4,2800","2,8",,Red,12.143,17.0
Patriot Signature Line 16 GB,1006.0,"4,2133","1,16",,Green / Black,14.065,15.0
Patriot Signature Line 4 GB,,"4,2400","1,4",,Green / Black,14.167,17.0
V7 V7192008GBS 8 GB,698.6,"4,2400","1,8",4.366,Green / Black,14.167,17.0
Patriot Signature Line 8 GB,,"4,2133","1,8",,Green / Black,14.065,15.0
Patriot Signature Line 8 GB,,"4,2400","1,8",,Green / Black,14.167,17.0
Mushkin Redline 32 GB,,"4,2800","2,16",,Red,12.143,17.0
GeIL SUPER LUCE RGB 8 GB,,"4,3000","2,4",,Black,10.667,16.0
GeIL SUPER LUCE RGB 8 GB,,"4,3000","2,4",,Black,10.667,16.0
Corsair Vengeance RGB 64 GB,,"4,3200","8,8",,Black,10.0,16.0
Corsair Vengeance RGB 128 GB,,"4,3200","8,16",,Black,10.0,16.0
Corsair Vengeance RGB 16 GB,,"4,3333","2,8",,Black,9.601,16.0
TEAMGROUP T-Force Vulcan 64 GB,,"4,3000","4,16",,Silver / Gray,10.667,16.0
TEAMGROUP T-Force Vulcan 32 GB,,"4,3000","4,8",,Red / Black,10.667,16.0
Kingston ValueRAM 8 GB,809.4,"4,2400","1,8",5.059,Green / Black,14.167,17.0
VisionTek 900384 2 GB,,"3,1333","1,2",,Black / Green,13.503,9.0
VisionTek 900849 8 GB,,"3,1866","1,8",,Green / Black,13.934,13.0
Crucial CT102464BF186D 8 GB,529.79,"3,1866","1,8",3.311,Green / Black,13.934,13.0
Crucial CT25664BD160BJ 2 GB,399.6,"3,1600","1,2",9.99,Green / Black,13.75,11.0
Crucial CT2K25664BD160BA 4 GB,,"3,1600","2,2",,Green / Black,13.75,11.0
Crucial CT2K8G3ERSLD8160B 16 GB,,"3,1600","2,8",,Green / Black,13.75,11.0
Crucial CT2K8G3ERSLS4160B 16 GB,3774.6,"3,1600","2,8",11.796,Green / Black,13.75,11.0
Crucial CT3K8G3ERSLD8160B 24 GB,,"3,1600","3,8",,Green / Black,13.75,11.0
Crucial CT8G3ERSDD8186D 8 GB,779.8,"3,1866","1,8",4.874,Green / Black,13.934,13.0
Patriot Signature Line 4 GB,968.8,"3,1600","1,4",12.11,Green / Black,13.75,11.0
Crucial CT102472BF160B 8 GB,899.8,"3,1600","1,8",5.624,Green / Black,13.75,11.0
G.Skill Ripjaws 32 GB,,"4,4000","4,8",,Black / Blue,9.0,18.0
G.Skill Ripjaws 16 GB,,"4,3200","1,16",,Black / Blue,11.25,18.0
Crucial Ballistix Sport LT 16 GB,,"4,2666","2,8",,White,12.003,16.0
Crucial CT8G4WFD8266 8 GB,,"4,2666","1,8",,Green,14.254,19.0
Crucial CT16G4WFD824A 16 GB,1459.6,"4,2400","1,16",4.561,Green,14.167,17.0
G.Skill Trident Z RGB 32 GB,,"4,3200","4,8",,Black,8.75,14.0
Corsair Vengeance RGB 64 GB,,"4,3600","8,8",,Black,10.0,18.0
G.Skill Ripjaws 8 GB,,"4,3200","1,8",,Black / Blue,11.25,18.0
Corsair Vengeance LED 16 GB,,"4,3333","2,8",,Black,9.601,16.0
Crucial Ballistix Tactical Tracer 32 GB,,"4,3000","2,16",,Silver,10.667,16.0
Crucial Ballistix Tactical Tracer 16 GB,,"4,3000","2,8",,Silver,10.667,16.0
Crucial Ballistix Tactical Tracer 64 GB,,"4,2666","4,16",,Silver,12.003,16.0
Crucial Ballistix Tactical Tracer 64 GB,,"4,3000","4,16",,Silver,10.667,16.0
Crucial Ballistix Tactical Tracer 32 GB,,"4,2666","4,8",,Silver,12.003,16.0
Crucial Ballistix Tactical Tracer 32 GB,,"4,3000","4,8",,Silver,10.667,16.0
Crucial Ballistix Sport LT 16 GB,,"4,2400","2,8",,Camo,13.333,16.0
Samsung M393A4K40CB1-CRC4Q 32 GB,,"4,2400","1,32",,Green / Black,14.167,17.0
Kingston KTL-TS424S8/8G 8 GB,,"4,2400","1,8",,Green / Black,14.167,17.0
Kingston KTH-PL426/16G 16 GB,2070.0,"4,2666","1,16",6.469,Green / Black,14.254,19.0
TEAMGROUP T-Force Xtreem 64 GB,,"4,3733","4,16",,Silver / Black,9.108,17.0
Crucial Ballistix Sport LT 32 GB,,"4,2400","4,8",,Silver / Gray,13.333,16.0
Crucial Ballistix Sport LT 32 GB,,"4,2400","4,8",,White / Camo,13.333,16.0
TEAMGROUP BLS4K8G4D240FSCK 4 GB,,"4,2400","1,4",,Black,13.333,16.0
Kingston KTH-PL426S8/8G 8 GB,1099.8,"4,2666","1,8",6.874,Green / Black,14.254,19.0
Kingston KCS-UC426/16G 16 GB,1679.8,"4,2666","1,16",5.249,Green / Black,14.254,19.0
G.Skill Trident Z RGB 32 GB,,"4,2933","2,16",,Black,10.91,16.0
GeIL SUPER LUCE RGB 8 GB,,"4,2666","2,4",,White,12.003,16.0
Kingston KCP424ES8/8DUP 8 GB,,"4,2400","1,8",,Green / Black,14.167,17.0
Corsair Vengeance RGB 16 GB,,"4,4266","2,8",,Black,8.908,19.0
Corsair Dominator Platinum 16 GB,,"4,4133","2,8",,Silver / Black,9.194,19.0
Corsair Vengeance LPX 32 GB,,"4,4133","4,8",,Black / Yellow,9.194,19.0
Corsair Vengeance LPX 16 GB,,"4,4266","2,8",,Black / Yellow,8.908,19.0
Crucial CT8G4RFS824A 8 GB,579.79,"4,2400","1,8",3.624,Green / Black,14.167,17.0
G.Skill Sniper X 32 GB,3960.0,"4,3600","4,8",6.188,Silver / Camo,10.556,19.0
Crucial CT2K4G4RFS8266 8 GB,,"4,2666","2,4",,Green / Black,14.254,19.0
G.Skill Sniper X 16 GB,,"4,2666","2,8",,Silver / Camo,14.254,19.0
G.Skill Ripjaws V 32 GB,,"4,3600","4,8",,Red / Black,10.556,19.0
ADATA XPG GAMMIX D10 16 GB,,"4,2400","1,16",,Black / White,13.333,16.0
ADATA XPG GAMMIX D10 64 GB,,"4,2400","4,16",,Black / White,13.333,16.0
ADATA XPG GAMMIX D10 32 GB,,"4,2400","4,8",,Black / White,13.333,16.0
ADATA XPG GAMMIX D10 8 GB,,"4,2400","2,4",,Black / White,13.333,16.0
ADATA XPG GAMMIX D10 16 GB,,"4,2400","4,4",,Black / White,13.333,16.0
ADATA XPG GAMMIX D10 4 GB,,"4,2400","1,4",,Black / White,13.333,16.0
ADATA XPG GAMMIX D10 4 GB,,"4,2666","1,4",,Black / White,12.003,16.0
ADATA XPG GAMMIX D10 16 GB,,"4,2666","4,4",,Black / White,12.003,16.0
ADATA XPG GAMMIX D10 64 GB,,"4,3000","4,16",,Black / White,10.667,16.0
ADATA XPG GAMMIX D10 4 GB,,"4,3000","1,4",,Black / White,10.667,16.0
ADATA XPG GAMMIX D10 16 GB,,"4,3000","4,4",,Black / White,10.667,16.0
ADATA XPG GAMMIX D10 4 GB,,"4,3000","1,4",,Black / White,10.667,16.0
ADATA XPG GAMMIX D10 16 GB,,"4,2400","1,16",,Red / White,13.333,16.0
ADATA XPG GAMMIX D10 64 GB,,"4,2400","4,16",,Red / White,13.333,16.0
ADATA XPG GAMMIX D10 16 GB,,"4,2400","1,16",,Red / White,13.333,16.0
ADATA XPG GAMMIX D10 32 GB,,"4,2400","4,8",,Red / White,13.333,16.0
ADATA XPG GAMMIX D10 4 GB,,"4,2400","1,4",,Red / White,13.333,16.0
ADATA XPG GAMMIX D10 16 GB,,"4,2400","4,4",,Red / White,13.333,16.0
ADATA XPG GAMMIX D10 4 GB,,"4,2400","1,4",,Red / White,13.333,16.0
ADATA XPG GAMMIX D10 64 GB,,"4,2666","4,16",,Red / White,12.003,16.0
ADATA XPG GAMMIX D10 8 GB,,"4,2666","1,8",,Red / White,12.003,16.0
ADATA XPG GAMMIX D10 32 GB,,"4,2666","4,8",,Red / White,12.003,16.0
ADATA XPG GAMMIX D10 16 GB,,"4,2666","4,4",,Red / White,12.003,16.0
ADATA XPG GAMMIX D10 4 GB,,"4,2666","1,4",,Red / White,12.003,16.0
ADATA XPG GAMMIX D10 16 GB,,"4,3000","1,16",,Red / White,10.667,16.0
ADATA XPG GAMMIX D10 16 GB,,"4,3000","1,16",,Red / White,10.667,16.0
ADATA XPG GAMMIX D10 32 GB,,"4,3000","4,8",,Red / White,10.667,16.0
ADATA XPG GAMMIX D10 4 GB,,"4,3000","1,4",,Red / White,10.667,16.0
ADATA XPG GAMMIX D10 4 GB,,"4,3000","1,4",,Red / White,10.667,16.0
Patriot Viper Venom RGB 16 GB,,"4,2666","2,8",,White / Black,11.253,15.0
G.Skill Trident Z 64 GB,,"4,3300","8,8",,Silver / White,9.697,16.0
GeIL EVO POTENZA 16 GB,,"4,2400","2,8",,Red,13.333,16.0
Corsair Vengeance LPX 16 GB,,"4,3333","2,8",,Black / Yellow,9.601,16.0
Corsair Vengeance LPX 16 GB,,"4,3466","2,8",,Black / Yellow,9.233,16.0
Corsair Vengeance RGB 16 GB,,"4,2933","2,8",,Black,10.91,16.0
Corsair Vengeance RGB Pro 64 GB,,"4,2666","8,8",,Black,12.003,16.0
Corsair Vengeance RGB Pro 64 GB,,"4,2666","8,8",,White,12.003,16.0
Corsair Vengeance RGB Pro 64 GB,,"4,3000","8,8",,White,10.0,15.0
Corsair Vengeance RGB Pro 64 GB,,"4,3200","8,8",,White,10.0,16.0
Corsair Vengeance RGB Pro 64 GB,,"4,3200","8,8",,Black,10.0,16.0
Corsair Vengeance RGB Pro 64 GB,,"4,3600","8,8",,Black,10.0,18.0
G.Skill Flare X 16 GB,,"4,2933","2,8",,Black,9.547,14.0
Patriot Viper Elite 16 GB,,"4,2666","1,16",,Silver / Black,12.003,16.0
Corsair Vengeance LED 64 GB,,"4,3000","4,16",,Black,10.667,16.0
G.Skill Sniper X 16 GB,,"4,3466","2,8",,Black / Camo,10.387,18.0
G.Skill Trident Z RGB 16 GB,,"4,3466","2,8",,Black,10.387,18.0
ADATA XPG SPECTRIX D41 16 GB,,"4,2666","2,8",,Red,12.003,16.0
TEAMGROUP T-Force Vulcan 16 GB,,"4,2400","1,16",,Black / Red,12.5,15.0
TEAMGROUP T-Force Vulcan 16 GB,,"4,2666","1,16",,Black / Red,13.503,18.0
TEAMGROUP T-Force Vulcan 4 GB,,"4,2400","1,4",,Black / Red,12.5,15.0
TEAMGROUP T-Force Vulcan 4 GB,,"4,2666","1,4",,Black / Red,13.503,18.0
TEAMGROUP T-Force Vulcan 8 GB,,"4,2400","1,8",,Black / Red,12.5,15.0
TEAMGROUP T-Force Vulcan 8 GB,,"4,2666","1,8",,Black / Red,13.503,18.0
Crucial Ballistix Sport LT 16 GB,,"4,2400","2,8",,Red / Black,13.333,16.0
Kingston KSM26RD8/16HAI 16 GB,,"4,2666","2,8",,Green / Black,14.254,19.0
Patriot Signature Line 16 GB,,"4,2400","1,16",,Green / Black,14.167,17.0
Crucial CT4G4RFS8266 4 GB,508.0,"4,2666","1,4",6.35,Green / Black,14.254,19.0
Corsair Vengeance RGB Pro 64 GB,,"4,3466","8,8",,Black,9.233,16.0
Corsair Vengeance RGB Pro 64 GB,,"4,2933","8,8",,Black,10.91,16.0
Corsair Dominator Platinum 16 GB,,"4,3333","2,8",,Silver / Black,9.601,16.0
Corsair Vengeance LED 16 GB,,"4,2933","2,8",,Black,10.91,16.0
Crucial Ballistix Tactical 16 GB,,"4,3000","1,16",,Black,10.0,15.0
G.Skill Trident Z 128 GB,,"4,3200","8,16",,Silver / Red,8.75,14.0
G.Skill Trident Z RGB 64 GB,,"4,3200","8,8",,Black,8.75,14.0
Crucial Ballistix Sport AT 16 GB,,"4,3000","2,8",,Silver / Black,11.333,17.0
Crucial Ballistix Sport AT 32 GB,,"4,3000","4,8",,Silver / Black,11.333,17.0
Crucial Ballistix Sport AT 8 GB,,"4,2666","1,8",,Silver / Black,12.003,16.0
Crucial Ballistix Sport AT 8 GB,,"4,3000","1,8",,Silver / Black,11.333,17.0
Crucial Ballistix Sport AT 32 GB,,"4,2666","4,8",,Silver / Black,12.003,16.0
Crucial Ballistix Sport AT 16 GB,,"4,3000","1,16",,Silver / Black,11.333,17.0
Crucial Ballistix Sport AT 64 GB,,"4,3000","4,16",,Silver / Black,11.333,17.0
Mushkin Essentials 16 GB,,"4,2133","2,8",,Green / Black,14.065,15.0
TEAMGROUP T-Force Dark Pro 16 GB,,"4,3466","2,8",,Black / Silver,9.233,16.0
TEAMGROUP T-Force Dark Pro 16 GB,,"4,3466","2,8",,Black / Red,9.233,16.0
GeIL TUF SUPER LUCE 16 GB,,"4,2400","2,8",,Black / Camo,13.333,16.0
GeIL TUF SUPER LUCE 16 GB,,"4,3000","2,8",,Black / Camo,10.667,16.0
GeIL TUF SUPER LUCE 8 GB,,"4,2400","2,4",,Black / Camo,13.333,16.0
GeIL TUF SUPER LUCE 8 GB,,"4,2666","2,4",,Black / Camo,14.254,19.0
GeIL TUF SUPER LUCE 16 GB,,"4,2666","2,8",,Black / Camo,14.254,19.0
G.Skill Trident Z RGB 32 GB,,"4,2400","4,8",,Black,12.5,15.0
Corsair Vengeance LED 32 GB,,"4,2933","4,8",,Black / White,10.91,16.0
Patriot Viper Elite 16 GB,,"4,2400","1,16",,Silver / Black,13.333,16.0
G.Skill Trident Z 16 GB,,"4,3200","2,8",,Silver / White,9.375,15.0
Corsair Vengeance RGB Pro 64 GB,,"4,3466","4,16",,White,9.233,16.0
Crucial Ballistix Sport LT 8 GB,,"4,2666","1,8",,Black / Silver,12.003,16.0
G.Skill Ripjaws 32 GB,,"4,2666","4,8",,Green,14.254,19.0
G.Skill Trident Z RGB 64 GB,,"4,3200","8,8",,Black,10.0,16.0
ADATA Premier 8 GB,,"4,2133","1,8",,Green / Black,14.065,15.0
G.Skill Trident Z RGB 128 GB,,"4,3000","8,16",,Black,9.333,14.0
Corsair CMSX4GX4M1A2400C16 4 GB,429.0,"4,2400","1,4",5.362,Black,13.333,16.0
Corsair Vengeance RGB Pro 128 GB,,"4,3000","8,16",,Black,10.667,16.0
Corsair Vengeance RGB Pro 128 GB,,"4,2666","8,16",,White,12.003,16.0
ADATA AD4S240038G17-R 8 GB,,"4,2400","1,8",,Green,14.167,17.0
ADATA AD4S266638G19-R 8 GB,,"4,2666","1,8",,Green,14.254,19.0
G.Skill Trident Z 32 GB,,"4,3200","2,16",,Black / Yellow,9.375,15.0
G.Skill Trident Z 32 GB,,"4,3200","2,16",,Black / White,9.375,15.0
G.Skill Trident Z 32 GB,,"4,3200","2,16",,Silver / White,9.375,15.0
G.Skill Trident Z 32 GB,,"4,3200","2,16",,Silver / Black,9.375,15.0
TEAMGROUP T-Force Night Hawk Legend RGB 16 GB,,"4,3466","2,8",,Gold,9.233,16.0
Corsair Vengeance RGB Pro 128 GB,,"4,3200","8,16",,Black,10.0,16.0
TEAMGROUP T-Force Xtreem 16 GB,,"4,3600","2,8",,Black / White,10.0,18.0
GeIL EVO FORZA 32 GB,,"4,2133","2,16",,Red / Black,14.065,15.0
GeIL EVO FORZA 32 GB,,"4,2400","2,16",,Red / Black,13.333,16.0
Kingston ValueRAM 16 GB,948.0,"4,2400","1,16",2.962,Green / Black,14.167,17.0
Kingston KCP424SS8/8 8 GB,540.0,"4,2400","1,8",3.375,Green / Black,14.167,17.0
TEAMGROUP Elite 4 GB,,"4,2666","1,4",,Black,14.254,19.0
Corsair Vengeance RGB Pro 64 GB,,"4,2933","4,16",,Black,10.91,16.0
Corsair Vengeance RGB Pro 64 GB,,"4,4000","8,8",,Black,9.5,19.0
Mushkin Silverline 32 GB,,"4,2666","2,16",,Silver / Green,14.254,19.0
Mushkin Silverline 16 GB,,"4,2400","2,8",,Silver / Green,14.167,17.0
Mushkin Silverline 16 GB,,"4,2666","2,8",,Silver / Green,14.254,19.0
Mushkin Essentials 32 GB,,"4,2400","2,16",,Silver / Green,14.167,17.0
Mushkin Silverline 32 GB,,"4,2133","2,16",,Silver / Green,14.065,15.0
Crucial Ballistix Sport LT 16 GB,,"4,2666","2,8",,Silver / Black,12.003,16.0
ADATA AD4S213338G15-2 16 GB,,"4,2133","2,8",,Green / Black,14.065,15.0
Crucial CT4G4SFS624A 4 GB,,"4,2400","1,4",,Green / Black,14.167,17.0
Klevv Fit 16 GB,,"3,2133","2,8",,Silver / Black,9.376,10.0
Crucial Ballistix Elite 32 GB,,"4,3200","2,16",,Black / White,10.0,16.0
G.Skill Trident Z Royal 16 GB,,"4,3200","2,8",,Gold,8.75,14.0
G.Skill Trident Z Royal 16 GB,,"4,3600","2,8",,Gold,9.444,17.0
G.Skill Trident Z Royal 16 GB,,"4,3000","2,8",,Silver,10.667,16.0
Crucial Ballistix Tactical Tracer 8 GB,,"4,3000","1,8",,Silver / Black,10.667,16.0
Corsair Vengeance LPX 64 GB,,"4,3333","4,16",,Black / Yellow,9.601,16.0
Corsair Vengeance RGB Pro 32 GB,,"4,3733","4,8",,Black,9.108,17.0
TEAMGROUP T-Force Vulcan 16 GB,,"4,2400","2,8",,Black / Red,12.5,15.0
TEAMGROUP T-Force Vulcan 16 GB,,"4,2400","2,8",,Black / Red,15.0,18.0
TEAMGROUP T-Force Vulcan 32 GB,,"4,2400","2,16",,Black / Red,12.5,15.0
TEAMGROUP T-Force Vulcan 32 GB,,"4,2666","2,16",,Black / Red,13.503,18.0
TEAMGROUP T-Force Vulcan 8 GB,,"4,2400","2,4",,Black / Red,12.5,15.0
TEAMGROUP T-Force Vulcan 8 GB,,"4,2666","2,4",,Black / Red,13.503,18.0
GeIL SUPER LUCE RGB SYNC 16 GB,,"4,3200","2,8",,White,8.75,14.0
GeIL SUPER LUCE RGB SYNC 16 GB,,"4,3200","2,8",,Black,8.75,14.0
ADATA AD4S2400316G17-2 32 GB,,"4,2400","2,16",,Green / Black,14.167,17.0
ADATA AD4S2666316G19-D 32 GB,,"4,2666","2,16",,Green / Black,14.254,19.0
GeIL SUPER LUCE RGB SYNC 16 GB,,"4,3600","2,8",,Black,8.889,16.0
GeIL SUPER LUCE RGB SYNC 16 GB,,"4,4133","2,8",,White,9.194,19.0
Silicon Power SU016GBSFU240B02NA 16 GB,,"4,2400","1,16",,Black,14.167,17.0
Silicon Power SU016GBSFU266B22NA 16 GB,,"4,2666","2,8",,Green / Black,14.254,19.0
GeIL SUPER LUCE RGB SYNC 16 GB,,"4,4133","2,8",,Black,9.194,19.0
GeIL SUPER LUCE RGB SYNC 16 GB,,"4,3600","2,8",,White,8.889,16.0
Crucial CT8G4RFD8266 8 GB,,"4,2666","1,8",,,14.254,19.0
Patriot Signature Line 4 GB,,"4,2400","1,4",,Green / Black,14.167,17.0
Silicon Power SU016GBLFU266B02NA 16 GB,,"4,2666","1,16",,Black,14.254,19.0
TEAMGROUP XCalibur Phantom Gaming RGB 16 GB,,"4,4000","2,8",,Black,9.0,18.0
TEAMGROUP XCalibur Phantom Gaming RGB 16 GB,,"4,3600","2,8",,Black,10.0,18.0
Super Talent F24EB16GS 16 GB,,"4,2400","1,16",,Green / Black,14.167,17.0
G.Skill Trident Z Royal 16 GB,,"4,4000","2,8",,Silver,8.5,17.0
GeIL GS48GB2400C16SC 8 GB,,"4,2400","1,8",,Black,13.333,16.0
Crucial Ballistix Sport LT 32 GB,,"4,3000","4,8",,Silver / Black,10.0,15.0
Crucial Ballistix Sport LT 8 GB,,"4,3200","1,8",,Silver / Black,10.0,16.0
Crucial Ballistix Sport AT 16 GB,,"4,3200","1,16",,Silver / Black,10.0,16.0
Crucial Ballistix Sport AT 32 GB,,"4,3200","2,16",,Silver / Black,10.0,16.0
Crucial Ballistix Sport LT 64 GB,,"4,3200","4,16",,Red / Black,10.0,16.0
Crucial Ballistix Sport LT 16 GB,,"4,3200","1,16",,Red / Black,10.0,16.0
Crucial Ballistix Sport AT 32 GB,,"4,3200","4,8",,Silver / Black,10.0,16.0
Crucial Ballistix Sport AT 8 GB,,"4,3200","1,8",,Silver / Black,10.0,16.0
Crucial Ballistix Sport LT 64 GB,,"4,3000","4,16",,Red / Black,10.0,15.0
Crucial Ballistix Sport LT 64 GB,,"4,3000","4,16",,Silver / Black,10.667,16.0
Crucial Ballistix Sport LT 32 GB,,"4,3200","4,8",,Red / Black,10.0,16.0
Crucial Ballistix Sport LT 16 GB,,"4,3000","1,16",,Silver / Black,10.667,16.0
Crucial Ballistix Sport LT 64 GB,,"4,3000","4,16",,Silver / Black,10.0,15.0
Crucial Ballistix Sport LT 16 GB,,"4,3000","2,8",,White / Silver,10.0,15.0
Crucial Ballistix Sport LT 32 GB,,"4,3000","4,8",,White / Silver,10.0,15.0
GeIL SUPER LUCE RGB SYNC 32 GB,,"4,3000","2,16",,Black,10.667,16.0
Crucial Ballistix Sport LT 16 GB,,"4,3000","1,16",,White / Silver,10.0,15.0
Mushkin Essentials 32 GB,2080.0,"4,2666","1,32",3.25,Green / Black,14.254,19.0
Crucial Ballistix Sport LT 64 GB,,"4,3000","4,16",,White / Silver,10.0,15.0
Crucial Ballistix Elite 16 GB,,"4,3000","1,16",,Black,10.0,15.0
Corsair Dominator Platinum RGB 64 GB,,"4,3200","8,8",,Black,10.0,16.0
Corsair Dominator Platinum RGB 32 GB,,"4,3000","4,8",,Black,10.0,15.0
Corsair Dominator Platinum RGB 64 GB,,"4,3000","4,16",,Black,10.0,15.0
Corsair Dominator Platinum RGB 16 GB,,"4,3600","2,8",,Black,8.889,16.0
Corsair Dominator Platinum RGB 16 GB,,"4,3466","2,8",,Black,9.233,16.0
Corsair Dominator Platinum RGB 64 GB,,"4,3000","8,8",,Black,10.0,15.0
Corsair Dominator Platinum RGB 128 GB,,"4,3200","8,16",,Black,10.0,16.0
G.Skill Trident Z Royal 32 GB,,"4,3200","4,8",,Silver,8.75,14.0
G.Skill Trident Z Royal 64 GB,,"4,3200","4,16",,Silver,8.75,14.0
G.Skill Trident Z Royal 32 GB,,"4,4000","4,8",,Silver,8.5,17.0
G.Skill Trident Z Royal 32 GB,,"4,3000","4,8",,Silver,10.667,16.0
G.Skill Trident Z Royal 32 GB,,"4,3600","4,8",,Silver,9.444,17.0
G.Skill Trident Z Royal 32 GB,,"4,3000","2,16",,Gold,10.667,16.0
G.Skill Flare X 16 GB,,"4,2933","2,8",,Black,10.91,16.0
GeIL EVO SPEAR 16 GB,,"4,2400","2,8",,Black / Orange,13.333,16.0
G.Skill Trident Z 16 GB,,"4,4000","2,8",,Silver / Red,9.0,18.0
G.Skill Trident Z 16 GB,,"4,4000","2,8",,Silver / White,9.5,19.0
G.Skill Trident Z 16 GB,,"4,3866","2,8",,Silver / White,9.312,18.0
G.Skill Trident Z 16 GB,,"4,3733","2,8",,Silver / White,9.108,17.0
G.Skill Trident Z 16 GB,,"4,3600","2,8",,Silver / White,9.444,17.0
G.Skill Trident Z 16 GB,,"4,3466","2,8",,Black / White,9.233,16.0
G.Skill Trident Z 16 GB,,"4,3466","2,8",,Silver / Black,9.233,16.0
GeIL EVO FORZA 16 GB,,"4,2400","2,8",,Red / Black,13.333,16.0
G.Skill Trident Z 16 GB,,"4,3333","2,8",,Black / White,9.601,16.0
G.Skill Trident Z 16 GB,,"4,3333","2,8",,Silver / Red,9.601,16.0
TEAMGROUP Elite Plus 16 GB,,"4,2400","2,8",,Red / Black,13.333,16.0
G.Skill Trident Z RGB 16 GB,,"4,2933","2,8",,Black,10.91,16.0
Corsair Dominator Platinum 16 GB,,"4,3866","2,8",,Black / Silver,9.312,18.0
Corsair Vengeance LPX 16 GB,,"4,4000","2,8",,Red,9.5,19.0
Crucial Ballistix Tactical Tracer 16 GB,,"4,3000","1,16",,Silver / Black,10.667,16.0
Crucial CT8G4RFS8293 8 GB,,"4,2933","1,8",,Green / Black,14.32,21.0
Crucial CT4G4DFS632A 4 GB,,"4,3200","1,4",,Green / Black,13.75,22.0
OLOy MD4MU081G82619D 16 GB,,"4,2666","2,8",,Red / Black,14.254,19.0
OLOy MD4MU081G83014D 16 GB,,"4,3000","2,8",,White / Gray,9.333,14.0
OLOy MD4MU081G83015D 16 GB,,"4,3000","2,8",,White / Gray,10.0,15.0
OLOy MD4U083015BASA 8 GB,,"4,3000","1,8",,White / Gray,10.0,15.0
OLOy MD4U083216BADA 16 GB,,"4,3200","2,8",,White / Gray,10.0,16.0
OLOy MD4MU081G83016DI 16 GB,,"4,3000","2,8",,White / Gray,10.667,16.0
OLOy MD4MU081G82417NI 8 GB,,"4,2400","1,8",,Red / Black,14.167,17.0
OLOy MD4U082417IBDA 16 GB,,"4,2400","2,8",,Red / Black,14.167,17.0
OLOy MD4U082417IBSA 8 GB,,"4,2400","1,8",,Red / Black,14.167,17.0
OLOy MD4U083618IADA 16 GB,,"4,3600","2,8",,White / Gray,10.0,18.0
OLOy MD4U042417IBSA 4 GB,,"4,2400","1,4",,Red / Black,14.167,17.0
OLOy MD4U083216BASA 8 GB,,"4,3200","1,8",,White / Gray,10.0,16.0
OLOy MD4U042417BBSA 4 GB,,"4,2400","1,4",,Red / Black,14.167,17.0
GeIL EVO POTENZA 16 GB,,"4,3000","2,8",,Black / Red,10.667,16.0
G.Skill Trident Z Royal 32 GB,,"4,3200","4,8",,Silver,10.0,16.0
G.Skill Trident Z Royal 32 GB,,"4,3000","4,8",,Silver,10.667,16.0
G.Skill Trident Z Royal 32 GB,,"4,3600","4,8",,Silver,9.444,17.0
Corsair Dominator Platinum RGB 16 GB,,"4,4000","2,8",,Black / Silver,9.5,19.0
Corsair Dominator Platinum RGB 16 GB,,"4,4600","2,8",,Black / Silver,8.261,19.0
Corsair Dominator Platinum RGB 32 GB,,"4,4000","4,8",,Black / Silver,9.5,19.0
Corsair Dominator Platinum RGB 32 GB,,"4,4266","4,8",,Black / Silver,8.908,19.0
OLOy MD4U082417BBDA 16 GB,,"4,2400","2,8",,Black / Red,14.167,17.0
OLOy MD4U162619BBDA 32 GB,,"4,2666","2,16",,Black / Red,14.254,19.0
OLOy MD4U083016IADA 16 GB,,"4,3000","2,8",,White / Silver,10.667,16.0
TEAMGROUP T-Force T1 8 GB,,"4,2666","1,8",,Black / Red,13.503,18.0
TEAMGROUP T-Force T1 16 GB,,"4,2400","2,8",,Black / Red,12.5,15.0
TEAMGROUP T-Force T1 4 GB,,"4,2400","1,4",,Black / Red,12.5,15.0
TEAMGROUP T-Force T1 4 GB,,"4,2666","1,4",,Black / Red,13.503,18.0
TEAMGROUP T-Force T1 8 GB,,"4,2400","2,4",,Black / Red,12.5,15.0
TEAMGROUP T-Force T1 8 GB,,"4,2666","2,4",,Black / Red,13.503,18.0
G.Skill Trident Z 32 GB,,"4,3300","4,8",,Black / White,9.697,16.0
TEAMGROUP Elite Plus 8 GB,,"4,2400","2,4",,Red / Black,13.333,16.0
TEAMGROUP T-Force Dark 8 GB,,"4,2400","2,4",,Red / Black,11.667,14.0
Mushkin Blackline 16 GB,,"4,2400","2,8",,Black / White,12.5,15.0
Mushkin Blackline 16 GB,,"4,2400","2,8",,Black / Silver,12.5,15.0
Crucial Ballistix Sport LT 32 GB,,"4,2400","4,8",,Red / Black,13.333,16.0
GeIL SUPER LUCE RGB SYNC 8 GB,,"4,2400","2,4",,Black,13.333,16.0
TEAMGROUP T-Force Vulcan Z 16 GB,,"4,3000","1,16",,Silver / Black,10.667,16.0
TEAMGROUP T-Force Vulcan Z 4 GB,,"4,3000","1,4",,Silver / Black,10.667,16.0
TEAMGROUP T-Force Vulcan Z 16 GB,,"4,3000","1,16",,Red / Black,10.667,16.0
TEAMGROUP T-Force Vulcan Z 4 GB,,"4,3000","1,4",,Red / Black,10.667,16.0
G.Skill Trident Z Royal 64 GB,,"4,3200","4,16",,Gold,8.75,14.0
G.Skill Trident Z Royal 128 GB,,"4,3200","8,16",,Gold,10.0,16.0
Kingston HyperX Predator 64 GB,,"4,3333","4,16",,Black,9.601,16.0
Supermicro MEM-DR416L-CV02-EU26 16 GB,,"4,2666","1,16",,Green / Black,14.254,19.0
Crucial CT16G4RFD4266-2G6E1 16 GB,,"4,2666","1,16",,Green / Black,14.254,19.0
G.Skill Trident Z Royal 32 GB,,"4,3000","4,8",,Gold,10.667,16.0
G.Skill Trident Z Royal 64 GB,,"4,3200","4,16",,Gold,10.0,16.0
Crucial CT16G4RFD832A 16 GB,,"4,3200","1,16",,Green / Black,13.75,22.0
G.Skill Trident Z Royal 64 GB,,"4,3200","8,8",,Gold,8.75,14.0
G.Skill Trident Z Royal 128 GB,,"4,3200","8,16",,Silver,10.0,16.0
G.Skill Trident Z Royal 64 GB,,"4,3200","8,8",,Gold,10.0,16.0
G.Skill Trident Z Royal 64 GB,,"4,3200","8,8",,Silver,10.0,16.0
G.Skill Trident Z Royal 128 GB,,"4,3200","8,16",,Silver,8.75,14.0
G.Skill Trident Z Royal 128 GB,,"4,3200","8,16",,Gold,8.75,14.0
G.Skill Trident Z Royal 64 GB,,"4,3200","8,8",,Silver,8.75,14.0
Corsair Dominator Platinum RGB 128 GB,,"4,3000","8,16",,Black,10.0,15.0
G.Skill Trident Z Royal 16 GB,,"4,4000","2,8",,Gold,8.5,17.0
G.Skill Trident Z Royal 32 GB,,"4,4000","4,8",,Gold,8.5,17.0
G.Skill Trident Z Royal 32 GB,,"4,3600","4,8",,Gold,9.444,17.0
G.Skill Trident Z Royal 64 GB,,"4,3600","8,8",,Gold,8.889,16.0
G.Skill Trident Z Royal 32 GB,,"4,4000","2,16",,Gold,9.5,19.0
G.Skill Trident Z Royal 64 GB,,"4,3600","8,8",,Silver,8.889,16.0
G.Skill Trident Z Neo 64 GB,,"4,3000","4,16",,Silver / Black,10.667,16.0
TEAMGROUP T-Force Vulcan Z 16 GB,,"4,2666","1,16",,Black,13.503,18.0
TEAMGROUP T-Force Vulcan Z 4 GB,,"4,3200","1,4",,Black,10.0,16.0
TEAMGROUP T-Force Vulcan Z 8 GB,,"4,2666","1,8",,Black,13.503,18.0
TEAMGROUP T-Force Vulcan Z 8 GB,,"4,2666","2,4",,Black,13.503,18.0
TEAMGROUP T-Force Vulcan Z 32 GB,,"4,2666","2,16",,Red,13.503,18.0
TEAMGROUP T-Force Vulcan Z 4 GB,,"4,2666","1,4",,Red,13.503,18.0
OLOy MD4U163016BADA 32 GB,,"4,3000","2,16",,White / Silver,10.667,16.0
OLOy MD4U163016BASA 16 GB,,"4,3000","1,16",,White / Silver,10.667,16.0
OLOy MD4U083015BADA 16 GB,,"4,3000","2,8",,White / Silver,10.0,15.0
OLOy WarHawk RGB 16 GB,,"4,3600","2,8",,Red / White,10.0,18.0
OLOy WarHawk RGB 32 GB,,"4,3200","2,16",,Red / White,10.0,16.0
OLOy WarHawk RGB 32 GB,,"4,3600","2,16",,Red / White,10.556,19.0
OLOy MD4U083618BFDA 16 GB,,"4,3600","2,8",,Red,10.0,18.0
OLOy WarHawk RGB 32 GB,,"4,3600","2,16",,Black / White,10.0,18.0
OLOy MD4U082417BBST 8 GB,,"4,2400","1,8",,Red,14.167,17.0
GeIL EVO SPEAR 16 GB,,"4,3200","2,8",,Black,10.0,16.0
GeIL EVO X II AMD 16 GB,,"4,3000","2,8",,White,10.667,16.0
Crucial Ballistix Tactical Tracer RGB 16 GB,,"4,3000","2,8",,Silver,10.0,15.0
Crucial Ballistix Tactical Tracer RGB 32 GB,,"4,3000","4,8",,Silver,10.0,15.0
Crucial Ballistix Tactical Tracer RGB 32 GB,,"4,3200","4,8",,Silver,10.0,16.0
Crucial Ballistix Tactical Tracer RGB 8 GB,,"4,3000","1,8",,Silver,10.0,15.0
Corsair Vengeance RGB Pro 16 GB,,"4,3000","2,8",,Black,10.0,15.0
GeIL EVO X II AMD 16 GB,,"4,3200","2,8",,White / Silver,10.0,16.0
Crucial Ballistix Tactical Tracer RGB 8 GB,,"4,3200","1,8",,Silver,10.0,16.0
OLOy MD4U083216BGDA 16 GB,,"4,3200","2,8",,Black,10.0,16.0
OLOy WarHawk RGB 16 GB,,"4,3200","1,16",,Black / Silver,10.0,16.0
OLOy WarHawk RGB 16 GB,,"4,3000","1,16",,Black / Silver,10.667,16.0
Kingston HyperX Fury RGB 8 GB,,"4,3466","1,8",,Black,9.233,16.0
Kingston HyperX Fury RGB 64 GB,,"4,2666","4,16",,Black,12.003,16.0
Kingston HyperX Fury RGB 16 GB,,"4,3000","1,16",,Black,10.0,15.0
Kingston HyperX Fury RGB 64 GB,,"4,3000","4,16",,Black,10.0,15.0
TEAMGROUP T-Force Dark Pro 16 GB,,"4,3866","2,8",,Black,9.312,18.0
V-Color TB416G24D817 16 GB,,"4,2400","1,16",,Black,14.167,17.0
TEAMGROUP T-Force Dark Z 16 GB,,"4,3000","1,16",,Silver,10.667,16.0
TEAMGROUP T-Force Dark Z 8 GB,,"4,3000","1,8",,Silver,10.667,16.0
TEAMGROUP T-Force Dark Z 8 GB,,"4,3200","1,8",,Silver,10.0,16.0
TEAMGROUP T-Force Dark Z 32 GB,,"4,3200","2,16",,Red,10.0,16.0
TEAMGROUP T-Force Dark Z 8 GB,,"4,3000","1,8",,Red,10.667,16.0
TEAMGROUP T-Force Dark Z 16 GB,,"4,2666","1,16",,Silver / Black,11.253,15.0
TEAMGROUP T-Force Dark Z 16 GB,,"4,3200","1,16",,Silver / Black,10.0,16.0
TEAMGROUP T-Force Dark Z 32 GB,,"4,2666","2,16",,Silver / Black,11.253,15.0
TEAMGROUP T-Force Dark Z 8 GB,,"4,2666","1,8",,Silver / Black,11.253,15.0
TEAMGROUP T-Force Dark Z 16 GB,,"4,2666","1,16",,Red / Black,11.253,15.0
TEAMGROUP T-Force Dark Z 16 GB,,"4,2666","2,8",,Red / Black,11.253,15.0
TEAMGROUP T-Force Dark Z 16 GB,,"4,3000","1,16",,Red / Black,10.667,16.0
TEAMGROUP T-Force Dark Z 16 GB,,"4,3200","1,16",,Red / Black,10.0,16.0
TEAMGROUP T-Force Dark Z 32 GB,,"4,2666","2,16",,Red / Black,11.253,15.0
TEAMGROUP T-Force Dark Z 32 GB,,"4,3000","2,16",,Red / Black,10.667,16.0
TEAMGROUP T-Force Dark Z 8 GB,,"4,2666","1,8",,Red / Black,11.253,15.0
Mushkin Redline 32 GB,,"4,3466","2,16",,Red / Silver,10.387,18.0
Mushkin Redline 16 GB,2751.2,"4,3466","2,8",8.598,Red / Silver,10.387,18.0
GeIL EVO POTENZA 32 GB,,"4,3000","2,16",,Black,10.667,16.0
GeIL EVO POTENZA 16 GB,,"4,3200","2,8",,Black,10.0,16.0
GeIL EVO POTENZA 32 GB,,"4,3000","2,16",,Red,10.667,16.0
GeIL EVO POTENZA 32 GB,,"4,3200","2,16",,Red,10.0,16.0
GeIL EVO X II AMD 32 GB,,"4,3000","2,16",,Black,10.667,16.0
Corsair Dominator Platinum Special Edition CONTRAST 32 GB,,"4,3466","4,8",,White / Black,9.233,16.0
G.Skill Flare X 64 GB,,"4,3200","4,16",,Black,8.75,14.0
ADATA XPG GAMMIX D30 32 GB,,"4,3000","2,16",,Silver / Red,10.667,16.0
ADATA XPG GAMMIX D30 32 GB,,"4,3200","2,16",,Silver / Black,10.0,16.0
ADATA XPG SPECTRIX D60G 16 GB,,"4,3600","2,8",,Silver / Black,9.444,17.0
G.Skill Trident Z Royal 16 GB,,"4,3600","2,8",,Gold,7.778,14.0
G.Skill Trident Z Royal 64 GB,,"4,3600","4,16",,Gold,10.0,18.0
G.Skill Trident Z Royal 32 GB,,"4,3600","4,8",,Silver,10.0,18.0
G.Skill Trident Z Royal 32 GB,,"4,3600","4,8",,Gold,10.0,18.0
G.Skill Trident Z Royal 32 GB,,"4,3600","2,16",,Gold,10.0,18.0
G.Skill Trident Z Royal 64 GB,,"4,3600","4,16",,Silver,8.889,16.0
G.Skill Trident Z Royal 64 GB,,"4,3600","4,16",,Silver,8.889,16.0
G.Skill Trident Z Royal 64 GB,,"4,3600","4,16",,Gold,8.889,16.0
G.Skill Trident Z Royal 32 GB,,"4,3600","4,8",,Silver,8.889,16.0
G.Skill Trident Z Royal 32 GB,,"4,3600","2,16",,Gold,8.889,16.0
G.Skill Trident Z Royal 16 GB,,"4,3600","2,8",,Gold,8.889,16.0
G.Skill Trident Z Royal 32 GB,,"4,3600","4,8",,Silver,7.778,14.0
G.Skill Trident Z Royal 32 GB,,"4,3600","4,8",,Gold,7.778,14.0
G.Skill Trident Z Royal 16 GB,,"4,3600","2,8",,Silver,7.778,14.0
Kingston KCP426SS6/4 4 GB,709.8,"4,2666","1,4",8.873,Green / Black,12.753,17.0
OLOy WarHawk RGB 32 GB,,"4,3000","2,16",,Gold / Black,10.667,16.0
OLOy WarHawk RGB 16 GB,,"4,3200","2,8",,Blue / White,10.0,16.0
OLOy WarHawk RGB 32 GB,,"4,3000","2,16",,Red / Silver,10.667,16.0
OLOy WarHawk RGB 32 GB,,"4,3200","2,16",,Blue / White,10.0,16.0
OLOy WarHawk RGB 32 GB,,"4,3600","2,16",,Black / White,10.0,18.0
Kingston HyperX Predator RGB 8 GB,,"4,4000","1,8",,Black,9.5,19.0
Kingston HyperX Predator RGB 64 GB,,"4,3000","4,16",,Black,10.0,15.0
Kingston HyperX Predator RGB 16 GB,,"4,3000","1,16",,Black,10.0,15.0
Kingston HyperX Predator RGB 32 GB,,"4,3000","4,8",,Black,10.0,15.0
Kingston HyperX Predator RGB 8 GB,,"4,3000","1,8",,Black,10.0,15.0
OLOy MD4U322616DJDA 64 GB,,"4,2666","2,32",,Black,12.003,16.0
G.Skill Trident Z Royal 32 GB,,"4,4000","4,8",,Gold,9.0,18.0
Silicon Power XPOWER Turbine 16 GB,,"4,2666","2,8",,Blue,12.003,16.0
Thermaltake TOUGHRAM 16 GB,,"4,3200","2,8",,Black / Silver,10.0,16.0
Thermaltake TOUGHRAM 16 GB,2691.2,"4,4000","2,8",8.41,Black / Silver,9.5,19.0
Thermaltake TOUGHRAM 16 GB,,"4,3600","2,8",,White / Silver,10.0,18.0
Thermaltake TOUGHRAM 16 GB,2691.2,"4,4000","2,8",8.41,White / Silver,9.5,19.0
Thermaltake TOUGHRAM 16 GB,,"4,4266","2,8",,White / Silver,8.908,19.0
Thermaltake TOUGHRAM RGB 16 GB,,"4,3000","2,8",,Black / Silver,10.667,16.0
Thermaltake TOUGHRAM RGB 16 GB,,"4,4266","2,8",,Black / Silver,8.908,19.0
Thermaltake TOUGHRAM RGB 16 GB,,"4,4000","2,8",,White / Silver,9.5,19.0
Thermaltake TOUGHRAM RGB 16 GB,,"4,4266","2,8",,White / Silver,8.908,19.0
Crucial Ballistix 64 GB,,"4,3600","2,32",,Red,8.889,16.0
Crucial Ballistix 64 GB,,"4,3200","2,32",,Black,10.0,16.0
Crucial Ballistix 32 GB,,"4,3000","2,16",,Black,10.667,16.0
Crucial Ballistix RGB 32 GB,,"4,3000","2,16",,White,10.0,15.0
Crucial Ballistix RGB 32 GB,,"4,3000","2,16",,Red,10.667,16.0
Crucial Ballistix RGB 64 GB,,"4,3200","2,32",,Red,10.0,16.0
Crucial Ballistix RGB 32 GB,,"4,3600","2,16",,Red,8.889,16.0
Crucial Ballistix RGB 64 GB,,"4,3600","2,32",,Red,8.889,16.0
Crucial Ballistix RGB 16 GB,,"4,3000","2,8",,Red,10.0,15.0
OLOy WarHawk RGB 64 GB,,"4,3200","2,32",,Black,10.0,16.0
G.Skill Trident Z Royal 64 GB,,"4,2666","2,32",,Gold,13.503,18.0
G.Skill Trident Z Royal 128 GB,,"4,2666","4,32",,Gold,13.503,18.0
G.Skill Trident Z Royal 128 GB,,"4,2666","4,32",,Silver,13.503,18.0
G.Skill Trident Z Royal 64 GB,,"4,3200","2,32",,Gold,10.0,16.0
G.Skill Trident Z Royal 256 GB,,"4,2666","8,32",,Gold,13.503,18.0
G.Skill Trident Z Royal 256 GB,,"4,2666","8,32",,Silver,13.503,18.0
G.Skill Trident Z Royal 64 GB,,"4,3600","8,8",,Gold,7.778,14.0
G.Skill Trident Z Royal 32 GB,,"4,4000","4,8",,Gold,7.5,15.0
G.Skill F4-4000C15Q-32GTRS 64 GB,,"4,4000","8,8",,Gold,7.5,15.0
G.Skill Trident Z Royal 64 GB,,"4,4000","8,8",,Silver,7.5,15.0
G.Skill Trident Z Neo 64 GB,,"4,3600","8,8",,Black / Silver,7.778,14.0
G.Skill Trident Z RGB 64 GB,,"4,4000","8,8",,Black,7.5,15.0
G.Skill Trident Z RGB 64 GB,,"4,3600","8,8",,Black,7.778,14.0
G.Skill Ripjaws V 64 GB,,"4,3600","8,8",,Black,7.778,14.0
GeIL EVO SPEAR Phantom Gaming 16 GB,,"4,3000","2,8",,Black,10.667,16.0
GeIL GeIL EVO POTENZA 16GB (2 x 8GB) 288-Pin DDR4 SDRAM DDR4 3600 (PC4 28800) Desktop Memory Model GPB416GB3600C18ADC 16 GB,,"4,3600","2,8",,Black,10.0,18.0
OLOy WarHawk RGB 64 GB,,"4,3000","2,32",,Black / Silver,10.667,16.0
OLOy WarHawk RGB 32 GB,,"4,3000","4,8",,Black / Silver,10.667,16.0
OLOy WarHawk RGB 64 GB,,"4,3000","4,16",,Red / Silver,10.667,16.0
OLOy WarHawk RGB 64 GB,,"4,3200","4,16",,Black / Silver,10.0,16.0
OLOy WarHawk RGB 32 GB,,"4,4000","2,16",,Black / Silver,9.5,19.0
OLOy MD4U163016CHSA 16 GB,,"4,3000","1,16",,Red,10.667,16.0
OLOy MD4U163016CJQA 64 GB,,"4,3000","4,16",,Black,10.667,16.0
OLOy MD4U163216CJQA 64 GB,,"4,3200","4,16",,Black,10.0,16.0
OLOy MD4U162417BGDA 32 GB,,"4,2400","2,16",,Red,14.167,17.0
OLOy MD4U083016BHDA 16 GB,,"4,3000","2,8",,Red,10.667,16.0
OLOy MD4U162417BFDA 32 GB,,"4,2400","2,16",,Red,14.167,17.0
OLOy MD4U082616BHDA 16 GB,,"4,2666","2,8",,Red,12.003,16.0
OLOy MD4U162619BHDA 32 GB,,"4,2666","2,16",,Red,14.254,19.0
OLOy MD4U1640190DJ0DA 32 GB,,"4,4000","2,16",,Black,9.5,19.0
Mushkin Essentials 64 GB,,"4,2666","2,32",,Green / Black,14.254,19.0
TEAMGROUP T-Force Xtreem ARGB 16 GB,,"4,3200","2,8",,Black,10.0,16.0
TEAMGROUP T-Force Dark Z 32 GB,,"4,3600","2,16",,Silver,10.0,18.0
TEAMGROUP T-Force Vulcan TUF Gaming Alliance 32 GB,,"4,3000","2,16",,Black / Gold,10.667,16.0
PNY Performance 4 GB,,"4,2666","1,4",,Black,14.254,19.0
PNY Performance 8 GB,759.59,"4,2666","1,8",,Black,14.254,19.0
Kingston KSM29RD4/32MEI 32 GB,,"4,2933","1,32",,Green / Black,14.32,21.0
ADATA XPG GAMMIX D10 16 GB,,"4,3600","2,8",,Red / Black,10.0,18.0
Kingston HyperX Impact 8 GB,,"4,2400","1,8",,Black / Silver,11.667,14.0
Kingston HyperX Impact 8 GB,,"4,2933","1,8",,Black / Silver,11.592,17.0
Kingston HyperX Impact 8 GB,,"4,3200","1,8",,Black / Silver,12.5,20.0
GeIL EVO POTENZA 16 GB,,"4,3600","2,8",,Red / Black,10.0,18.0
G.Skill Trident Z Royal 128 GB,,"4,3600","4,32",,Gold,10.0,18.0
TEAMGROUP T-Force Vulcan Z 32 GB,,"4,3000","1,32",,Gray,10.667,16.0
GeIL EVO X II 32 GB,,"4,3600","2,16",,White,10.0,18.0
OLOy MD4U3230161DHMQA 128 GB,,"4,3000","4,32",,Multicolor,10.667,16.0
TEAMGROUP T-Force Xtreem ARGB 32 GB,,"4,3200","2,16",,Black,10.0,16.0
TEAMGROUP T-Force Xtreem ARGB 16 GB,,"4,4000","2,8",,Black,9.0,18.0
OLOy OWL 32 GB,,"4,3000","2,16",,Orange,10.667,16.0
OLOy WarHawk RGB 64 GB,,"4,3600","2,32",,White,10.0,18.0
OLOy WarHawk RGB 64 GB,,"4,3600","4,16",,White,8.889,16.0
OLOy ND4U1632161DH0DA 32 GB,,"4,3200","2,16",,Red,10.0,16.0
G.Skill Trident Z RGB 16 GB,,"4,4000","2,8",,Black,8.0,16.0
Corsair Vengeance LPX 128 GB,,"4,3000","4,32",,Black,10.667,16.0
G.Skill Ripjaws V 16 GB,,"4,4000","2,8",,Black,8.5,17.0
ADATA XPG SPECTRIX D60G 16 GB,,"4,3600","2,8",,Black,7.778,14.0
Silicon Power SU016GBLFU240BD2AH 16 GB,,"4,2400","2,8",,Black / Red,14.167,17.0
Silicon Power SP016GXLZU320BDAAD 16 GB,,"4,3200","2,8",,Black / Silver,10.0,16.0
OLOy MD4U1630160DHKQA 64 GB,,"4,3000","4,16",,Black,10.667,16.0
Mushkin Redline 32 GB,,"4,3000","2,16",,Red,12.0,18.0
Neo Forza NMUD480E82-3200DB21 16 GB,,"4,3200","2,8",,Black,10.0,16.0
G.Skill Trident Z Royal 64 GB,,"4,3600","4,16",,Gold,7.778,14.0
Neo Forza FAYE 16 GB,,"4,3200","2,8",,Black,10.0,16.0
TEAMGROUP T-Force Vulcan Z 32 GB,,"4,3200","1,32",,Red / Black,10.0,16.0
G.Skill Trident Z 64 GB,,"4,3600","4,16",,Black,9.444,17.0
Silicon Power SP016GXLZU360BDAAD 16 GB,,"4,3600","2,8",,Black / Red,10.0,18.0
G.Skill Trident Z Royal 32 GB,,"4,3600","4,8",,Silver,8.889,16.0
G.Skill Trident Z Royal 64 GB,,"4,3600","2,32",,Gold,8.889,16.0
G.Skill Trident Z Royal 16 GB,,"4,4000","2,8",,Gold,8.5,17.0
G.Skill Trident Z Royal 16 GB,,"4,4000","2,8",,Silver,8.5,17.0
G.Skill Trident Z Royal 32 GB,,"4,4000","2,16",,Gold,8.5,17.0
G.Skill Trident Z Neo 32 GB,,"4,3800","4,8",,Black / Silver,9.474,18.0
Kingston KSM29RD4/64HAR 64 GB,,"4,2933","1,64",,,14.32,21.0
Kingston KSM26RS8/16MEI 16 GB,4760.0,"4,2666","1,16",14.875,,14.254,19.0
Kingston HyperX Fury 64 GB,,"4,3000","4,16",,Black,10.667,16.0
Kingston HyperX 128 GB,,"4,3600","4,32",,Black,10.0,18.0
Kingston HyperX Fury 64 GB,,"4,3466","4,16",,Black,9.81,17.0
Kingston HyperX Predator RGB 256 GB,,"4,3200","8,32",,Black,10.0,16.0
Apacer AU 4 GB,,"4,2666","1,4",,Black,14.254,19.0
Apacer AU 4 GB,,"4,2666","1,4",,Black,14.254,19.0
Apacer AU 8 GB,,"4,2400","1,8",,Black,14.167,17.0
Apacer AU 16 GB,,"4,2133","1,16",,Black,14.065,15.0
Apacer AU 4 GB,,"4,2133","1,4",,Black,14.065,15.0
Apacer AS 16 GB,,"4,2666","1,16",,Black,14.254,19.0
Apacer AS 8 GB,,"4,2666","1,8",,Black,14.254,19.0
Apacer AS 4 GB,,"4,2666","1,4",,Black,14.254,19.0
Apacer AS 4 GB,,"4,2666","1,4",,Black,14.254,19.0
Apacer AS 16 GB,,"4,2400","1,16",,Black,14.167,17.0
Apacer AS 8 GB,,"4,2400","1,8",,Black,14.167,17.0
Apacer AS 8 GB,,"4,2400","1,8",,Black,14.167,17.0
Apacer AS 4 GB,,"4,2400","1,4",,Black,14.167,17.0
Apacer AS 4 GB,,"4,2400","1,4",,Black,14.167,17.0
Apacer AS 16 GB,,"4,2133","1,16",,Black,14.065,15.0
Apacer AS 8 GB,,"4,2133","1,8",,Black,14.065,15.0
Apacer AS 4 GB,,"4,2133","1,4",,Black,14.065,15.0
Apacer AS 4 GB,,"4,2133","1,4",,Black,14.065,15.0
Apacer AS 8 GB,,"4,3200","1,8",,Black,13.75,22.0
Neo Forza NMUD340D81-1600CA10 4 GB,,"3,1600","1,4",,,13.75,11.0
Neo Forza MARS 64 GB,,"4,3000","2,32",,Gray / Black,10.0,15.0
Neo Forza MARS 16 GB,,"4,3600","2,8",,Gray / Black,10.0,18.0
Neo Forza FAYE 16 GB,,"4,3000","1,16",,Silver / Black,10.0,15.0
Neo Forza FAYE 64 GB,,"4,3000","2,32",,Silver / Black,10.0,15.0
Neo Forza FAYE 64 GB,,"4,3200","2,32",,Silver / Black,10.0,16.0
Neo Forza FAYE 16 GB,,"4,3600","1,16",,Silver / Black,10.0,18.0
Neo Forza FAYE 16 GB,,"4,4400","2,8",,Black / Silver,8.636,19.0
TEAMGROUP T-Force Dark Z 32 GB,,"4,3200","1,32",,Black,10.0,16.0
TEAMGROUP T-Force Dark Z 64 GB,,"4,3200","2,32",,Gray,10.0,16.0
TEAMGROUP T-Force Dark Z 32 GB,,"4,3200","1,32",,Red,10.0,16.0
TEAMGROUP T-Force Dark Z 64 GB,,"4,3200","2,32",,Red,10.0,16.0
GeIL Orion AMD Edition 32 GB,,"4,3000","2,16",,Red,10.667,16.0
Silicon Power SU016GBLFU266BD2J6 16 GB,,"4,2666","2,8",,Gray,14.254,19.0
Silicon Power SU032GBSFU266B22AB 32 GB,,"4,2666","2,16",,Black,14.254,19.0
Silicon Power SP016GBLTU160ND2J7 16 GB,,"3,1600","2,8",,Gray,13.75,11.0
Silicon Power XPOWER Turbine RGB 32 GB,,"4,3200","2,16",,Black,10.0,16.0
Silicon Power SP016GLSTU160N22IP 16 GB,,"3,1600","2,8",,Green,13.75,11.0
Silicon Power SP016GBSFU266B22 16 GB,,"4,2666","2,8",,Black,14.254,19.0
Kingston HyperX Predator RGB 16 GB,,"4,3600","2,8",,Black / Silver,9.444,17.0
GeIL Polaris RGB 32 GB,,"5,4800","2,16",,Black,16.667,40.0
G.Skill Trident Z5 32 GB,,"5,5600","2,16",,Silver / Black,14.286,40.0
G.Skill Trident Z5 32 GB,,"5,5600","2,16",,Black / Silver,14.286,40.0
G.Skill Trident Z5 32 GB,,"5,6000","2,16",,Silver / Black,13.333,40.0
Acer Predator Apollo RGB 16 GB,,"4,3600","2,8",,Silver / Black,7.778,14.0
Acer Predator Apollo RGB 32 GB,,"4,4000","2,16",,Silver / Black,8.5,17.0
Acer Predator Apollo RGB 64 GB,,"4,3600","2,32",,Silver / Black,10.0,18.0
Acer Predator Talos 32 GB,,"4,3200","2,16",,White / Black,10.0,16.0
Acer Predator Talos 16 GB,,"4,3000","2,8",,White / Black,10.667,16.0
Acer Predator Talos 8 GB,,"4,2666","1,8",,White / Black,13.503,18.0
Acer Predator Talos 8 GB,,"4,3000","1,8",,White / Black,10.667,16.0
Acer Predator Talos 8 GB,,"4,3200","1,8",,White / Black,10.0,16.0
Acer Predator Talos 8 GB,,"4,3200","1,8",,White / Black,8.75,14.0
Acer Predator Talos 8 GB,,"4,3600","1,8",,White / Black,10.0,18.0
Acer Predator Talos 8 GB,,"4,3600","1,8",,White / Black,8.889,16.0
Acer Predator Talos 16 GB,,"4,2666","1,16",,White / Black,13.503,18.0
Acer Predator Talos 16 GB,,"4,3000","1,16",,White / Black,10.667,16.0
Acer Predator Talos 16 GB,,"4,3200","2,8",,White / Black,8.75,14.0
Acer Predator Talos 16 GB,,"4,3600","1,16",,White / Black,10.0,18.0
Acer Predator Talos 16 GB,,"4,3600","2,8",,White / Black,8.889,16.0
Acer Predator Talos 32 GB,,"4,3000","2,16",,White / Black,10.667,16.0
Acer Predator Talos 32 GB,,"4,3200","1,32",,White / Black,10.0,16.0
Acer Predator Talos 32 GB,,"4,3600","2,16",,White / Black,10.0,18.0
Acer Predator Talos 32 GB,,"4,3600","2,16",,White / Black,8.889,16.0
Acer Predator Talos 64 GB,,"4,3200","2,32",,White / Black,10.0,16.0
G.Skill Trident Z Royal Elite 64 GB,,"4,3600","4,16",,Silver,7.778,14.0
G.Skill Trident Z Royal Elite 16 GB,,"4,3600","2,8",,Gold,7.778,14.0
G.Skill Trident Z Royal Elite 32 GB,,"4,3600","4,8",,Gold,8.889,16.0
G.Skill Trident Z Royal Elite 16 GB,,"4,4000","2,8",,Gold,7.0,14.0
G.Skill Trident Z Royal Elite 64 GB,,"4,4266","2,32",,Silver,8.908,19.0
G.Skill Trident Z Royal Elite 16 GB,,"4,4800","2,8",,Gold,7.917,19.0
G.Skill Trident Z Royal Elite 16 GB,,"4,4800","2,8",,Gold,8.333,20.0
G.Skill Trident Z Royal Elite 16 GB,,"4,4600","2,8",,Silver,8.696,20.0
G.Skill Trident Z Royal Elite 16 GB,,"4,4600","2,8",,Gold,8.696,20.0
G.Skill Trident Z Royal Elite 16 GB,,"4,4800","2,8",,Silver,7.917,19.0
G.Skill Trident Z Royal Elite 16 GB,,"4,5066","2,8",,Silver,7.896,20.0
G.Skill Trident Z Royal Elite 16 GB,,"4,5066","2,8",,Gold,7.896,20.0
G.Skill Trident Z Royal 32 GB,,"4,4400","2,16",,Gold,8.636,19.0
G.Skill Trident Z Royal 16 GB,,"4,4400","2,8",,Silver,8.182,18.0
G.Skill Trident Z Royal 16 GB,,"4,4400","2,8",,Silver,8.182,18.0
G.Skill Trident Z Royal 64 GB,,"4,3600","4,16",,Silver,7.778,14.0
G.Skill Trident Z Royal 32 GB,,"4,3600","4,8",,Gold,7.778,14.0
G.Skill Trident Z Royal 16 GB,,"4,3600","2,8",,Gold,7.778,14.0
G.Skill F4-3600C14Q2-128GTRGA 128 GB,,"4,3600","8,16",,Gold,7.778,14.0
G.Skill Trident Z Royal 16 GB,,"4,4266","2,8",,Gold,8.908,19.0
G.Skill Trident Z Royal 16 GB,,"4,4000","2,8",,Silver,8.0,16.0
G.Skill Trident Z Royal 16 GB,,"4,4800","2,8",,Gold,7.917,19.0
OLOy Blade RGB 32 GB,,"4,3200","2,16",,Silver,8.75,14.0
G.Skill Trident Z5 32 GB,,"5,5600","2,16",,Silver / Black,14.286,40.0
OLOy Blade RGB 16 GB,,"4,4000","2,8",,Silver,7.5,15.0
V-Color Manta XPrism RGB 32 GB,,"5,5600","2,16",,Black,12.857,36.0
V-Color Manta XPrism RGB 32 GB,,"5,6200","2,16",,Black,11.613,36.0
G.Skill Ripjaws V 16 GB,,"4,4000","2,8",,Black,8.0,16.0
G.Skill Ripjaws V 16 GB,,"4,4266","2,8",,Black,8.908,19.0
G.Skill Trident Z Royal Elite 128 GB,,"4,3600","8,16",,Gold,7.778,14.0
G.Skill Trident Z Royal Elite 32 GB,,"4,4000","2,16",,Gold,9.0,18.0
G.Skill Trident Z Royal 256 GB,,"4,2666","8,32",,Gold,14.254,19.0
G.Skill Trident Z Royal 256 GB,,"4,2666","8,32",,Silver,14.254,19.0
G.Skill Trident Z Royal 128 GB,,"4,3200","4,32",,Silver,8.75,14.0
G.Skill Trident Z Royal 128 GB,,"4,2666","4,32",,Silver,14.254,19.0
G.Skill Trident Z Royal 128 GB,,"4,2666","4,32",,Gold,14.254,19.0
G.Skill Trident Z Royal 64 GB,,"4,2666","2,32",,Silver,14.254,19.0
G.Skill Trident Z Royal 16 GB,,"4,4266","2,8",,Silver,8.908,19.0
G.Skill Trident Z Royal 32 GB,,"4,4266","2,16",,Gold,8.908,19.0
G.Skill Trident Z Royal 64 GB,,"4,2666","2,32",,Gold,14.254,19.0
G.Skill Trident Z Royal 64 GB,,"4,3600","8,8",,Gold,7.778,14.0
G.Skill Trident Z Royal 16 GB,,"4,5066","2,8",,Gold,7.896,20.0
G.Skill Trident Z Neo 32 GB,,"4,3600","4,8",,Black / White,7.778,14.0
G.Skill Trident Z Neo 128 GB,,"4,3600","8,16",,Black / White,7.778,14.0
G.Skill Trident Z Neo 64 GB,,"4,3600","8,8",,Black / White,7.778,14.0
G.Skill Trident Z Neo 16 GB,,"4,4000","2,8",,Black / White,8.0,16.0
G.Skill Trident Z Neo 16 GB,,"4,4000","2,8",,Black / White,7.0,14.0
G.Skill TridentZ RGB 64 GB,,"4,3600","8,8",,Black,7.778,14.0
Corsair Dominator Platinum RGB 16 GB,,"4,3200","2,8",,Black,10.0,16.0
Corsair Vengeance LPX 128 GB,,"4,3200","8,16",,Black,10.0,16.0
Corsair Vengeance LPX 16 GB,,"4,4000","2,8",,Red,9.0,18.0
HP V10 RGB 32 GB,,"4,3600","2,16",,Silver / Black,7.778,14.0
Kingston Fury Renegade RGB 8 GB,,"4,3200","1,8",,Black,10.0,16.0
Kingston FURY Renegade 16 GB,,"4,3200","1,16",,Black,10.0,16.0
Kingston FURY 16 GB,,"4,3466","1,16",,Black,9.81,17.0
Kingston FURY 16 GB,,"4,2400","1,16",,Black,12.5,15.0
Kingston FURY 64 GB,,"4,2400","4,16",,Black,12.5,15.0
GeIL Orion RGB AMD Edition 32 GB,,"4,2666","1,32",,Red,14.254,19.0
GeIL Orion RGB AMD Edition 16 GB,,"4,2666","1,16",,Red,14.254,19.0
GeIL Orion RGB AMD Edition 8 GB,,"4,2666","1,8",,Red,14.254,19.0
GeIL Orion RGB AMD Edition 32 GB,,"4,3200","1,32",,Red,10.0,16.0
GeIL Orion RGB AMD Edition 8 GB,,"4,3200","1,8",,Red,10.0,16.0
GeIL Orion RGB AMD Edition 8 GB,,"4,3200","1,8",,Red,10.0,16.0
GeIL Orion RGB AMD Edition 32 GB,,"4,3200","1,32",,Red,13.75,22.0
GeIL Orion RGB AMD Edition 16 GB,,"4,3200","1,16",,Red,13.75,22.0
GeIL Orion RGB AMD Edition 8 GB,,"4,3200","1,8",,Red,13.75,22.0
GeIL Orion RGB AMD Edition 32 GB,,"4,3200","1,32",,Red,11.25,18.0
GeIL Orion RGB AMD Edition 16 GB,,"4,3200","1,16",,Red,11.25,18.0
GeIL Orion RGB AMD Edition 32 GB,,"4,3200","1,32",,Red,11.25,18.0
GeIL Orion RGB AMD Edition 16 GB,,"4,3200","1,16",,Red,11.25,18.0
GeIL Orion RGB AMD Edition 8 GB,,"4,4000","1,8",,Red,9.0,18.0
GeIL Orion RGB AMD Edition 32 GB,,"4,3600","1,32",,Red,10.0,18.0
GeIL Orion RGB AMD Edition 16 GB,,"4,3600","1,16",,Red,10.0,18.0
GeIL Orion RGB AMD Edition 8 GB,,"4,3600","1,8",,Red,10.0,18.0
GeIL Orion RGB AMD Edition 16 GB,,"4,3600","1,16",,Red,10.0,18.0
GeIL Orion RGB AMD Edition 8 GB,,"4,3600","1,8",,Red,10.0,18.0
GeIL Orion RGB AMD Edition 32 GB,,"4,2666","1,32",,Gray,14.254,19.0
GeIL Orion RGB AMD Edition 16 GB,,"4,2666","1,16",,Gray,14.254,19.0
GeIL Orion RGB AMD Edition 16 GB,,"4,3200","1,16",,Gray,10.0,16.0
GeIL Orion RGB AMD Edition 8 GB,,"4,3200","1,8",,Gray,10.0,16.0
GeIL Orion RGB AMD Edition 16 GB,,"4,3000","1,16",,Gray,10.667,16.0
GeIL Orion RGB AMD Edition 8 GB,,"4,3200","1,8",,Gray,10.0,16.0
GeIL Orion RGB AMD Edition 32 GB,,"4,3200","1,32",,Gray,10.0,16.0
GeIL Orion RGB AMD Edition 16 GB,,"4,3200","1,16",,Gray,10.0,16.0
GeIL Orion RGB AMD Edition 8 GB,,"4,3200","1,8",,Gray,10.0,16.0
GeIL Orion RGB AMD Edition 32 GB,,"4,3200","1,32",,Gray,11.25,18.0
GeIL Orion RGB AMD Edition 16 GB,,"4,3200","1,16",,Gray,11.25,18.0
GeIL Orion RGB AMD Edition 32 GB,,"4,3200","1,32",,Gray,11.25,18.0
GeIL Orion RGB AMD Edition 16 GB,,"4,3200","1,16",,Gray,11.25,18.0
GeIL Orion RGB AMD Edition 32 GB,,"4,3200","1,32",,Gray,13.75,22.0
GeIL Orion RGB AMD Edition 16 GB,,"4,3200","1,16",,Gray,13.75,22.0
GeIL Orion RGB AMD Edition 8 GB,,"4,3200","1,8",,Gray,13.75,22.0
GeIL Orion RGB AMD Edition 16 GB,,"4,4000","1,16",,Gray,9.0,18.0
GeIL Orion RGB AMD Edition 8 GB,,"4,4000","1,8",,Gray,9.0,18.0
GeIL Orion RGB AMD Edition 32 GB,,"4,3600","1,32",,Gray,10.0,18.0
GeIL Orion RGB AMD Edition 16 GB,,"4,3600","1,16",,Gray,10.0,18.0
GeIL Orion RGB AMD Edition 8 GB,,"4,3600","1,8",,Gray,10.0,18.0
GeIL Orion RGB AMD Edition 16 GB,,"4,3600","1,16",,Gray,10.0,18.0
GeIL Orion RGB AMD Edition 8 GB,,"4,3600","1,8",,Gray,10.0,18.0
GeIL Orion RGB AMD Edition 16 GB,,"4,3600","2,8",,Red,10.0,18.0
GeIL Orion RGB AMD Edition 32 GB,,"4,3200","2,16",,Red,11.25,18.0
GeIL Orion RGB AMD Edition 32 GB,,"4,3000","2,16",,Red,10.667,16.0
GeIL Orion RGB AMD Edition 64 GB,,"4,2666","2,32",,Red,14.254,19.0
GeIL Orion RGB AMD Edition 32 GB,,"4,2666","2,16",,Red,14.254,19.0
GeIL Orion RGB AMD Edition 16 GB,,"4,2666","2,8",,Red,14.254,19.0
GeIL Orion RGB AMD Edition 16 GB,,"4,3000","2,8",,Red,10.667,16.0
GeIL Orion RGB AMD Edition 64 GB,,"4,3200","2,32",,Red,11.25,18.0
GeIL Orion RGB AMD Edition 32 GB,,"4,3200","2,16",,Red,11.25,18.0
GeIL Orion RGB AMD Edition 64 GB,,"4,3200","2,32",,Red,11.25,18.0
GeIL Orion RGB AMD Edition 16 GB,,"4,3200","2,8",,Red,13.75,22.0
GeIL Orion RGB AMD Edition 64 GB,,"4,3200","2,32",,Red,13.75,22.0
GeIL Orion RGB AMD Edition 32 GB,,"4,3200","2,16",,Red,13.75,22.0
GeIL Orion RGB AMD Edition 64 GB,,"4,3200","2,32",,Red,10.0,16.0
GeIL Orion RGB AMD Edition 16 GB,,"4,2666","2,8",,Red,12.003,16.0
GeIL Orion RGB AMD Edition 32 GB,,"4,3200","2,16",,Red,10.0,16.0
GeIL Orion RGB AMD Edition 16 GB,,"4,3200","2,8",,Red,10.0,16.0
GeIL Orion RGB AMD Edition 16 GB,,"4,4000","2,8",,Red,8.0,16.0
GeIL Orion RGB AMD Edition 64 GB,,"4,3600","2,32",,Red,10.0,18.0
GeIL Orion RGB AMD Edition 32 GB,,"4,3600","2,16",,Red,10.0,18.0
GeIL Orion RGB AMD Edition 16 GB,,"4,3600","2,8",,Red,10.0,18.0
GeIL Orion RGB AMD Edition 16 GB,,"4,4400","2,8",,Red,8.636,19.0
GeIL Orion RGB AMD Edition 16 GB,,"4,4400","2,8",,Red,8.182,18.0
GeIL Orion RGB AMD Edition 32 GB,,"4,4266","2,16",,Red,8.439,18.0
GeIL Orion RGB AMD Edition 16 GB,,"4,4266","2,8",,Red,8.439,18.0
GeIL Orion RGB AMD Edition 64 GB,,"4,4000","2,32",,Red,9.0,18.0
GeIL Orion RGB AMD Edition 16 GB,,"4,4000","2,8",,Red,9.0,18.0
GeIL Orion RGB AMD Edition 64 GB,,"4,2666","2,32",,Gray,14.254,19.0
GeIL Orion RGB AMD Edition 32 GB,,"4,2666","2,16",,Gray,14.254,19.0
GeIL Orion RGB AMD Edition 64 GB,,"4,3200","2,32",,Gray,11.25,18.0
GeIL Orion RGB AMD Edition 32 GB,,"4,3200","2,16",,Gray,11.25,18.0
GeIL Orion RGB AMD Edition 64 GB,,"4,3200","2,32",,Gray,11.25,18.0
GeIL Orion RGB AMD Edition 32 GB,,"4,3200","2,16",,Gray,11.25,18.0
GeIL Orion RGB AMD Edition 64 GB,,"4,3200","2,32",,Gray,10.0,16.0
GeIL Orion RGB AMD Edition 32 GB,,"4,3200","2,16",,Gray,10.0,16.0
GeIL Orion RGB AMD Edition 16 GB,,"4,3200","2,8",,Gray,10.0,16.0
GeIL Orion RGB AMD Edition 32 GB,,"4,3000","2,16",,Gray,10.667,16.0
GeIL Orion RGB AMD Edition 16 GB,,"4,3000","2,8",,Gray,10.667,16.0
GeIL Orion RGB AMD Edition 32 GB,,"4,3200","2,16",,Gray,13.75,22.0
GeIL Orion RGB AMD Edition 64 GB,,"4,4000","2,32",,Gray,9.0,18.0
GeIL Orion RGB AMD Edition 32 GB,,"4,4000","2,16",,Gray,9.0,18.0
GeIL Orion RGB AMD Edition 16 GB,,"4,4000","2,8",,Gray,9.0,18.0
GeIL Orion RGB AMD Edition 16 GB,,"4,4000","2,8",,Gray,8.0,16.0
GeIL Orion RGB AMD Edition 64 GB,,"4,3600","2,32",,Gray,10.0,18.0
GeIL Orion RGB AMD Edition 32 GB,,"4,3600","2,16",,Gray,10.0,18.0
GeIL Orion RGB AMD Edition 16 GB,,"4,4400","2,8",,Gray,8.636,19.0
GeIL Orion RGB AMD Edition 16 GB,,"4,4400","2,8",,Gray,8.182,18.0
GeIL Orion RGB AMD Edition 32 GB,,"4,4266","2,16",,Gray,8.439,18.0
GeIL Orion RGB AMD Edition 32 GB,,"4,2666","4,8",,Red,14.254,19.0
GeIL Orion RGB AMD Edition 64 GB,,"4,2666","4,16",,Red,14.254,19.0
GeIL Orion RGB AMD Edition 128 GB,,"4,2666","4,32",,Red,14.254,19.0
GeIL Orion RGB AMD Edition 32 GB,,"4,3000","4,8",,Red,10.667,16.0
GeIL Orion RGB AMD Edition 64 GB,,"4,3000","4,16",,Red,10.667,16.0
GeIL Orion RGB AMD Edition 32 GB,,"4,3200","4,8",,Red,10.0,16.0
GeIL Orion RGB AMD Edition 64 GB,,"4,3200","4,16",,Red,10.0,16.0
GeIL Orion RGB AMD Edition 32 GB,,"4,3200","4,8",,Red,10.0,16.0
GeIL Orion RGB AMD Edition 128 GB,,"4,3200","4,32",,Red,10.0,16.0
GeIL Orion RGB AMD Edition 64 GB,,"4,3200","4,16",,Red,11.25,18.0
GeIL Orion RGB AMD Edition 128 GB,,"4,3200","4,32",,Red,11.25,18.0
GeIL Orion RGB AMD Edition 64 GB,,"4,3200","4,16",,Red,11.25,18.0
GeIL Orion RGB AMD Edition 128 GB,,"4,3200","4,32",,Red,11.25,18.0
GeIL Orion RGB AMD Edition 32 GB,,"4,3200","4,8",,Red,13.75,22.0
GeIL Orion RGB AMD Edition 64 GB,,"4,3200","4,16",,Red,13.75,22.0
GeIL Orion RGB AMD Edition 32 GB,,"4,3600","4,8",,Red,10.0,18.0
GeIL Orion RGB AMD Edition 64 GB,,"4,3600","4,16",,Red,10.0,18.0
GeIL Orion RGB AMD Edition 128 GB,,"4,3600","4,32",,Red,10.0,18.0
GeIL Orion RGB AMD Edition 32 GB,,"4,4000","4,8",,Red,9.0,18.0
GeIL Orion RGB AMD Edition 32 GB,,"4,4000","4,8",,Gray,9.0,18.0
GeIL Orion RGB AMD Edition 128 GB,,"4,3600","4,32",,Gray,10.0,18.0
GeIL Orion RGB AMD Edition 64 GB,,"4,3600","4,16",,Gray,10.0,18.0
GeIL Orion RGB AMD Edition 32 GB,,"4,3600","4,8",,Gray,10.0,18.0
GeIL Orion RGB AMD Edition 128 GB,,"4,3200","4,32",,Gray,13.75,22.0
GeIL Orion RGB AMD Edition 64 GB,,"4,3200","4,16",,Gray,13.75,22.0
GeIL Orion RGB AMD Edition 32 GB,,"4,3200","4,8",,Gray,13.75,22.0
GeIL Orion RGB AMD Edition 128 GB,,"4,3200","4,32",,Gray,11.25,18.0
GeIL Orion RGB AMD Edition 64 GB,,"4,3200","4,16",,Gray,11.25,18.0
GeIL Orion RGB AMD Edition 128 GB,,"4,3200","4,32",,Gray,11.25,18.0
GeIL Orion RGB AMD Edition 64 GB,,"4,3200","4,16",,Gray,11.25,18.0
GeIL Orion RGB AMD Edition 128 GB,,"4,3200","4,32",,Gray,10.0,16.0
GeIL Orion RGB AMD Edition 64 GB,,"4,3200","4,16",,Gray,10.0,16.0
GeIL Orion RGB AMD Edition 32 GB,,"4,3200","4,8",,Gray,10.0,16.0
GeIL Orion RGB AMD Edition 64 GB,,"4,3200","4,16",,Gray,10.0,16.0
GeIL Orion RGB AMD Edition 32 GB,,"4,3200","4,8",,Gray,10.0,16.0
GeIL Orion RGB AMD Edition 64 GB,,"4,3000","4,16",,Gray,10.667,16.0
GeIL Orion RGB AMD Edition 32 GB,,"4,3000","4,8",,Gray,10.667,16.0
GeIL Orion RGB AMD Edition 128 GB,,"4,2666","4,32",,Gray,14.254,19.0
GeIL Orion RGB AMD Edition 64 GB,,"4,2666","4,16",,Gray,14.254,19.0
GeIL Orion RGB AMD Edition 32 GB,,"4,2666","4,8",,Gray,14.254,19.0
GeIL Orion AMD Edition 16 GB,,"4,2666","2,8",,Red,14.254,19.0
GeIL Orion AMD Edition 64 GB,,"4,2666","2,32",,Red,14.254,19.0
GeIL Orion AMD Edition 32 GB,,"4,2666","2,16",,Red,14.254,19.0
GeIL Orion AMD Edition 32 GB,,"4,3200","2,16",,Red,10.0,16.0
GeIL Orion AMD Edition 64 GB,,"4,3200","2,32",,Red,10.0,16.0
GeIL Orion AMD Edition 32 GB,,"4,3200","2,16",,Red,10.0,16.0
GeIL Orion AMD Edition 16 GB,,"4,3200","2,8",,Red,10.0,16.0
GeIL Orion AMD Edition 64 GB,,"4,3200","2,32",,Red,13.75,22.0
GeIL Orion AMD Edition 32 GB,,"4,3200","2,16",,Red,13.75,22.0
GeIL Orion AMD Edition 16 GB,,"4,3200","2,8",,Red,13.75,22.0
GeIL Orion AMD Edition 32 GB,,"4,3600","2,16",,Red,10.0,18.0
GeIL Orion AMD Edition 64 GB,,"4,3600","2,32",,Red,10.0,18.0
GeIL Orion AMD Edition 16 GB,,"4,3600","2,8",,Red,10.0,18.0
GeIL Orion AMD Edition 16 GB,,"4,4000","2,8",,Red,8.0,16.0
GeIL Orion AMD Edition 64 GB,,"4,4000","2,32",,Red,9.0,18.0
GeIL Orion AMD Edition 32 GB,,"4,4000","2,16",,Red,9.0,18.0
GeIL Orion AMD Edition 16 GB,,"4,4000","2,8",,Red,9.0,18.0
GeIL Orion AMD Edition 16 GB,,"4,4400","2,8",,Red,8.182,18.0
GeIL Orion AMD Edition 32 GB,,"4,4266","2,16",,Red,8.439,18.0
GeIL Orion AMD Edition 16 GB,,"4,4266","2,8",,Red,8.439,18.0
GeIL Orion AMD Edition 64 GB,,"4,2666","2,32",,Gray,14.254,19.0
GeIL Orion AMD Edition 32 GB,,"4,2666","2,16",,Gray,14.254,19.0
GeIL Orion AMD Edition 16 GB,,"4,2666","2,8",,Gray,14.254,19.0
GeIL Orion AMD Edition 32 GB,,"4,3000","2,16",,Gray,10.667,16.0
GeIL Orion AMD Edition 32 GB,,"4,3200","2,16",,Gray,10.0,16.0
GeIL Orion AMD Edition 64 GB,,"4,3200","2,32",,Gray,10.0,16.0
GeIL Orion AMD Edition 16 GB,,"4,3200","2,8",,Gray,10.0,16.0
GeIL Orion AMD Edition 64 GB,,"4,3200","2,32",,Gray,13.75,22.0
GeIL Orion AMD Edition 32 GB,,"4,3200","2,16",,Gray,13.75,22.0
GeIL Orion AMD Edition 16 GB,,"4,3200","2,8",,Gray,13.75,22.0
GeIL Orion AMD Edition 32 GB,,"4,3600","2,16",,Gray,10.0,18.0
GeIL Orion AMD Edition 64 GB,,"4,3600","2,32",,Gray,10.0,18.0
GeIL Orion AMD Edition 16 GB,,"4,4000","2,8",,Gray,8.0,16.0
GeIL Orion AMD Edition 16 GB,,"4,4000","2,8",,Gray,9.0,18.0
GeIL Orion AMD Edition 32 GB,,"4,4000","2,16",,Gray,9.0,18.0
GeIL Orion AMD Edition 64 GB,,"4,4000","2,32",,Gray,9.0,18.0
GeIL Orion AMD Edition 16 GB,,"4,4266","2,8",,Gray,8.439,18.0
GeIL Orion AMD Edition 32 GB,,"4,4266","2,16",,Gray,8.439,18.0
GeIL Orion AMD Edition 16 GB,,"4,4400","2,8",,Gray,8.182,18.0
GeIL EVO Potenza AMD Edition 8 GB,,"4,2133","2,4",,Black,14.065,15.0
GeIL EVO Potenza AMD Edition 32 GB,,"4,2133","2,16",,Black,14.065,15.0
GeIL EVO Potenza AMD Edition 32 GB,,"4,2400","2,16",,Black,13.333,16.0
GeIL EVO Potenza AMD Edition 32 GB,,"4,2666","2,16",,Black,12.003,16.0
GeIL EVO Potenza AMD Edition 32 GB,,"4,2666","2,16",,Black,14.254,19.0
GeIL EVO Potenza AMD Edition 16 GB,,"4,2666","2,8",,Black,14.254,19.0
GeIL EVO Potenza AMD Edition 8 GB,,"4,2666","2,4",,Black,14.254,19.0
GeIL EVO Potenza AMD Edition 16 GB,,"4,3000","2,8",,Black,9.333,14.0
GeIL EVO Potenza AMD Edition 8 GB,,"4,3000","2,4",,Black,9.333,14.0
GeIL EVO Potenza AMD Edition 8 GB,,"4,3000","2,4",,Black,10.667,16.0
GeIL EVO Potenza AMD Edition 8 GB,,"4,3200","2,4",,Black,10.0,16.0
GeIL EVO Potenza AMD Edition 16 GB,,"4,3600","2,8",,Black,7.778,14.0
GeIL EVO Potenza AMD Edition 8 GB,,"4,3600","2,4",,Black,7.778,14.0
GeIL EVO Potenza AMD Edition 8 GB,,"4,3600","2,4",,Black,8.889,16.0
GeIL EVO Potenza AMD Edition 16 GB,,"4,3600","2,8",,Black,8.889,16.0
GeIL EVO Potenza AMD Edition 32 GB,,"4,3600","2,16",,Black,10.0,18.0
GeIL EVO Potenza AMD Edition 8 GB,,"4,3600","2,4",,Black,10.0,18.0
GeIL EVO Potenza AMD Edition 16 GB,,"4,3600","2,8",,Black,10.0,18.0
GeIL EVO Potenza AMD Edition 32 GB,,"4,3600","2,16",,Black,10.0,18.0
GeIL EVO Potenza AMD Edition 64 GB,,"4,3600","2,32",,Black,10.0,18.0
GeIL EVO Potenza AMD Edition 8 GB,,"4,4000","2,4",,Black,9.0,18.0
GeIL EVO Potenza AMD Edition 16 GB,,"4,4000","2,8",,Black,9.0,18.0
GeIL EVO Potenza AMD Edition 8 GB,,"4,2400","2,4",,Red,13.333,16.0
GeIL EVO Potenza AMD Edition 16 GB,,"4,2133","2,8",,Red,14.065,15.0
GeIL EVO Potenza AMD Edition 32 GB,,"4,2400","2,16",,Red,13.333,16.0
GeIL EVO Potenza AMD Edition 8 GB,,"4,2400","2,4",,Red,14.167,17.0
GeIL EVO Potenza AMD Edition 32 GB,,"4,2666","2,16",,Red,12.003,16.0
GeIL EVO Potenza AMD Edition 16 GB,,"4,2666","2,8",,Red,12.003,16.0
GeIL EVO Potenza AMD Edition 8 GB,,"4,2666","2,4",,Red,12.003,16.0
GeIL EVO Potenza AMD Edition 8 GB,,"4,3000","2,4",,Red,10.667,16.0
GeIL EVO Potenza AMD Edition 32 GB,,"4,3200","2,16",,Red,10.0,16.0
GeIL EVO Potenza AMD Edition 8 GB,,"4,3200","2,4",,Red,10.0,16.0
GeIL EVO Potenza AMD Edition 32 GB,,"4,2666","2,16",,Red,14.254,19.0
GeIL EVO Potenza AMD Edition 16 GB,,"4,2666","2,8",,Red,14.254,19.0
GeIL EVO Potenza AMD Edition 8 GB,,"4,2666","2,4",,Red,14.254,19.0
GeIL EVO Potenza AMD Edition 16 GB,,"4,3000","2,8",,Red,9.333,14.0
GeIL EVO Potenza AMD Edition 8 GB,,"4,3600","2,4",,Red,7.778,14.0
GeIL EVO Potenza AMD Edition 64 GB,,"4,3200","2,32",,Red,11.25,18.0
GeIL EVO Potenza AMD Edition 32 GB,,"4,3200","2,16",,Red,10.0,16.0
GeIL EVO Potenza AMD Edition 16 GB,,"4,3600","2,8",,Red,8.889,16.0
GeIL EVO Potenza AMD Edition 8 GB,,"4,3600","2,4",,Red,8.889,16.0
GeIL EVO Potenza AMD Edition 32 GB,,"4,3600","2,16",,Red,10.0,18.0
GeIL EVO Potenza AMD Edition 8 GB,,"4,3600","2,4",,Red,10.0,18.0
GeIL EVO Potenza AMD Edition 32 GB,,"4,3600","2,16",,Red,10.0,18.0
GeIL EVO Potenza AMD Edition 64 GB,,"4,3600","2,32",,Red,10.0,18.0
GeIL EVO Potenza AMD Edition 8 GB,,"4,4000","2,4",,Red,9.0,18.0
GeIL EVO Potenza AMD Edition 16 GB,,"4,4000","2,8",,Red,9.0,18.0
GeIL Polaris RGB 8 GB,,"5,4800","1,8",,Red,16.667,40.0
GeIL Polaris RGB 32 GB,,"5,4800","1,32",,Gray,16.667,40.0
GeIL Polaris RGB 16 GB,,"5,4800","1,16",,Gray,16.667,40.0
GeIL Polaris RGB 8 GB,,"5,4800","1,8",,Gray,16.667,40.0
GeIL Polaris RGB 16 GB,,"5,4800","1,16",,White,16.667,40.0
GeIL Polaris RGB 8 GB,,"5,4800","1,8",,White,16.667,40.0
GeIL Polaris RGB 16 GB,,"5,4800","2,8",,Red,16.667,40.0
GeIL Polaris RGB 64 GB,,"5,4800","2,32",,Red,16.667,40.0
GeIL Polaris RGB 64 GB,,"5,4800","2,32",,White,16.667,40.0
GeIL Polaris RGB 16 GB,,"5,5200","1,16",,Red,13.077,34.0
GeIL Polaris RGB 16 GB,,"5,5200","1,16",,White,13.077,34.0
GeIL Polaris RGB 16 GB,,"5,5600","1,16",,Red,13.571,38.0
GeIL Polaris RGB 16 GB,,"5,5600","1,16",,Gray,13.571,38.0
GeIL Polaris RGB 16 GB,,"5,5600","1,16",,White,13.571,38.0
GeIL Polaris RGB 32 GB,,"5,5600","2,16",,Red,13.571,38.0
Kingston Fury Renegade RGB 64 GB,,"4,3200","4,16",,Black / Silver,10.0,16.0
Kingston Fury Renegade RGB 64 GB,,"4,3600","2,32",,Black / Silver,10.0,18.0
Kingston Fury Renegade RGB 128 GB,,"4,3600","4,32",,Black / Silver,10.0,18.0
Kingston Fury Renegade RGB 8 GB,,"4,4000","1,8",,Black / Silver,9.5,19.0
Kingston Fury Renegade RGB 16 GB,,"4,4000","2,8",,Black / Silver,9.5,19.0
Addlink Spider 4 8 GB,,"4,3600","1,8",,Black,10.0,18.0
Addlink Spider 4 32 GB,,"4,3200","2,16",,Black,10.0,16.0
Addlink Spider 4 16 GB,,"4,3600","2,8",,Black,10.0,18.0
Addlink Spider 4 32 GB,,"4,3600","2,16",,Black,10.0,18.0
Addlink Spider X4 8 GB,,"4,3200","1,8",,Black,10.0,16.0
Addlink Spider X4 16 GB,,"4,3200","1,16",,Black,10.0,16.0
Addlink Spider X4 8 GB,,"4,3600","1,8",,Black,10.0,18.0
Addlink Spider X4 16 GB,,"4,3600","1,16",,Black,10.0,18.0
Addlink Spider X4 32 GB,,"4,3600","2,16",,Black,10.0,18.0
Addlink Spider N4 8 GB,,"4,3200","1,8",,Green / Black,13.75,22.0
Addlink Spider N4 16 GB,,"4,3200","1,16",,Green / Black,13.75,22.0
Addlink Spider N4 32 GB,,"4,3200","1,32",,Green / Black,13.75,22.0
Addlink Spider N4 16 GB,,"4,3200","2,8",,Green / Black,13.75,22.0
Addlink Spider N4 32 GB,,"4,3200","2,16",,Green / Black,13.75,22.0
Addlink Spider N4 64 GB,,"4,3200","2,32",,Green / Black,13.75,22.0
TEAMGROUP T-Force Vulcan Z 32 GB,,"4,2666","1,32",,Red,13.503,18.0
TEAMGROUP T-Force Vulcan Z 8 GB,,"4,3000","1,8",,Red,10.667,16.0
TEAMGROUP T-Force Vulcan Z 32 GB,,"4,3000","1,32",,Red,10.667,16.0
TEAMGROUP T-Force Vulcan Z 16 GB,,"4,3000","1,16",,Red,10.667,16.0
TEAMGROUP T-Force Vulcan Z 32 GB,,"4,2666","1,32",,Gray,13.503,18.0
TEAMGROUP T-Force Vulcan Z 32 GB,,"4,3000","1,32",,Gray,10.667,16.0
TEAMGROUP T-Force Vulcan Z 16 GB,,"4,3000","1,16",,Gray,10.667,16.0
TEAMGROUP T-Force Vulcan Z 8 GB,,"4,3600","1,8",,Gray,11.111,20.0
TEAMGROUP T-Force Vulcan Z 64 GB,,"4,2666","2,32",,Red,13.503,18.0
TEAMGROUP T-Force Vulcan Z 64 GB,,"4,3000","2,32",,Red,10.667,16.0
TEAMGROUP T-Force Vulcan Z 64 GB,,"4,3600","2,32",,Red,10.0,18.0
TEAMGROUP T-Force Vulcan Z 64 GB,,"4,2666","2,32",,Gray,13.503,18.0
TEAMGROUP T-Force Vulcan Z 64 GB,,"4,3000","2,32",,Gray,10.667,16.0
TEAMGROUP T-Force Vulcan Z 32 GB,,"4,3000","2,16",,Gray,10.667,16.0
TEAMGROUP T-Force Vulcan Z 16 GB,,"4,3600","2,8",,Red,11.111,20.0
TEAMGROUP T-Force Delta RGB 8 GB,,"4,2666","1,8",,Black,12.003,16.0
TEAMGROUP T-Force Delta RGB 16 GB,,"4,2666","1,16",,Black,12.003,16.0
TEAMGROUP T-Force Delta RGB 8 GB,,"4,2666","1,8",,White,12.003,16.0
TEAMGROUP T-Force Delta RGB 16 GB,,"4,2666","1,16",,White,12.003,16.0
TEAMGROUP T-Force Delta RGB 16 GB,,"4,2666","2,8",,White,12.003,16.0
TEAMGROUP T-Force Delta RGB 32 GB,,"4,2666","1,32",,Black,13.503,18.0
TEAMGROUP T-Force Delta RGB 64 GB,,"4,2666","2,32",,White,13.503,18.0
TEAMGROUP T-Force Delta RGB 32 GB,,"4,2666","1,32",,White,13.503,18.0
TEAMGROUP T-Force Delta RGB 32 GB,,"4,3000","1,32",,Black,10.667,16.0
TEAMGROUP T-Force Delta RGB 8 GB,,"4,3000","1,8",,Black,10.667,16.0
TEAMGROUP T-Force Delta RGB 8 GB,,"4,3000","1,8",,White,10.667,16.0
TEAMGROUP T-Force Delta RGB 32 GB,,"4,3200","1,32",,White,10.0,16.0
TEAMGROUP T-Force Delta RGB 32 GB,,"4,3000","1,32",,White,10.667,16.0
TEAMGROUP T-Force Delta RGB 64 GB,,"4,3200","2,32",,Black,10.0,16.0
TEAMGROUP T-Force Delta RGB 8 GB,,"4,3200","1,8",,White,10.0,16.0
TEAMGROUP T-Force Delta RGB 32 GB,,"4,3200","1,32",,White,10.0,16.0
TEAMGROUP T-Force Delta RGB 32 GB,,"4,2666","1,32",,Black,13.503,18.0
TEAMGROUP T-Force Delta RGB 16 GB,,"4,2666","1,16",,White,13.503,18.0
Kingston FURY Renegade 16 GB,,"4,2666","1,16",,Black,9.752,13.0
Kingston FURY Renegade 32 GB,,"4,2666","1,32",,Black,11.253,15.0
G.Skill Trident Z5 RGB 64 GB,,"5,5600","2,32",,White / Black,10.714,30.0
G.Skill Trident Z5 RGB 64 GB,,"5,5600","2,32",,White / Black,10.714,30.0
G.Skill Trident Z5 RGB 32 GB,,"5,5200","2,16",,White / Black,15.385,40.0
G.Skill Trident Z5 RGB 32 GB,,"5,5600","2,16",,White / Black,10.714,30.0
G.Skill Trident Z5 RGB 32 GB,,"5,5600","2,16",,Black,12.857,36.0
G.Skill Trident Z5 RGB 32 GB,,"5,5600","2,16",,White / Black,12.857,36.0
G.Skill Trident Z5 RGB 32 GB,,"5,5600","2,16",,Black,14.286,40.0
G.Skill Trident Z5 RGB 32 GB,,"5,5600","2,16",,White / Black,14.286,40.0
G.Skill Trident Z5 RGB 32 GB,,"5,5600","2,16",,White / Black,14.286,40.0
G.Skill Trident Z5 RGB 32 GB,,"5,5600","2,16",,Black,14.286,40.0
G.Skill Trident Z5 RGB 32 GB,,"5,5600","2,16",,Black,14.286,40.0
G.Skill Trident Z5 RGB 32 GB,,"5,6000","2,16",,Black,13.333,40.0
G.Skill Trident Z5 RGB 32 GB,,"5,6000","2,16",,White / Black,13.333,40.0
G.Skill Trident Z5 RGB 32 GB,,"5,6000","2,16",,Black,13.333,40.0
G.Skill Trident Z5 RGB 32 GB,,"5,6000","2,16",,White / Black,13.333,40.0
G.Skill Trident Z5 RGB 32 GB,,"5,6000","2,16",,Black,12.0,36.0
Kingston Server Premier 16 GB,1826.2,"4,2666","1,16",5.707,,14.254,19.0
Kingston Server Premier 16 GB,1755.8,"4,2666","1,16",5.487,,14.254,19.0
Kingston Server Premier 8 GB,,"4,2933","1,8",,,14.32,21.0
Kingston Server Premier 8 GB,,"4,2933","1,8",,,14.32,21.0
Kingston Server Premier 16 GB,,"4,2933","1,16",,,14.32,21.0
Kingston Server Premier 16 GB,,"4,2933","1,16",,,14.32,21.0
Kingston Server Premier 32 GB,2799.8,"4,2666","1,32",,,14.254,19.0
Kingston Server Premier 32 GB,,"4,2666","1,32",,,14.254,19.0
Kingston Server Premier 32 GB,4237.0,"4,2666","1,32",6.62,,14.254,19.0
Kingston Server Premier 32 GB,2579.8,"4,2666","1,32",,,14.254,19.0
Kingston Server Premier 32 GB,2399.79,"4,2666","1,32",3.75,,14.254,19.0
Kingston Server Premier 16 GB,1767.8,"4,2666","1,16",5.524,,14.254,19.0
Kingston Server Premier 16 GB,2377.6,"4,2666","1,16",7.43,,14.254,19.0
Kingston Server Premier 16 GB,1799.8,"4,2666","1,16",5.624,,14.254,19.0
Kingston Server Premier 16 GB,1499.6,"4,2666","1,16",4.686,,14.254,19.0
Kingston Server Premier 16 GB,5120.0,"4,2666","1,16",16.0,,14.254,19.0
Kingston Server Premier 8 GB,1145.8,"4,2666","1,8",7.161,,14.254,19.0
Kingston Server Premier 8 GB,,"4,2933","1,8",,,14.32,21.0
Kingston Server Premier 16 GB,,"4,2933","1,16",,,14.32,21.0
Kingston Server Premier 32 GB,3799.8,"4,2933","1,32",5.937,,14.32,21.0
Kingston Server Premier 16 GB,1782.4,"4,3200","1,16",5.57,,13.75,22.0
Kingston Server Premier 16 GB,2378.0,"4,3200","1,16",7.431,,13.75,22.0
Kingston Server Premier 16 GB,2119.79,"4,3200","1,16",6.624,,13.75,22.0
Kingston Server Premier 16 GB,2019.8,"4,3200","1,16",6.312,,13.75,22.0
Kingston Server Premier 32 GB,4281.0,"4,3200","1,32",6.689,,13.75,22.0
Kingston Server Premier 32 GB,,"4,3200","1,32",,,13.75,22.0
Kingston Server Premier 32 GB,2299.6,"4,3200","1,32",3.593,,13.75,22.0
Kingston Server Premier 32 GB,2995.4,"4,3200","1,32",4.68,,13.75,22.0
Kingston FURY Beast 16 GB,,"4,2666","4,4",,Black,12.003,16.0
Kingston FURY Beast 64 GB,,"4,2666","4,16",,Black,12.003,16.0
Kingston ValueRAM 32 GB,,"5,4800","2,16",,,16.667,40.0
Kingston ValueRAM 32 GB,1858.8,"5,4800","1,32",2.904,,16.667,40.0
Kingston ValueRAM 64 GB,4796.2,"5,4800","2,32",3.747,,16.667,40.0
Kingston ValueRAM 16 GB,1085.4,"4,2666","1,16",3.392,,14.254,19.0
Kingston ValueRAM 8 GB,780.0,"4,2666","1,8",4.875,,14.254,19.0
Kingston FURY Beast 16 GB,,"4,3200","4,4",,Black,10.0,16.0
G.Skill Ripjaws S5 32 GB,,"5,5200","2,16",,White,10.769,28.0
G.Skill Ripjaws S5 64 GB,,"5,5200","2,32",,White,13.846,36.0
G.Skill Ripjaws S5 64 GB,,"5,5600","2,32",,White,10.0,28.0
G.Skill Ripjaws S5 32 GB,,"5,5600","2,16",,White,10.714,30.0
G.Skill Ripjaws S5 32 GB,,"5,5600","2,16",,White,12.857,36.0
G.Skill Ripjaws S5 32 GB,,"5,5600","2,16",,Black,12.857,36.0
G.Skill Ripjaws S5 32 GB,,"5,5600","2,16",,White,14.286,40.0
G.Skill Ripjaws S5 32 GB,,"5,5600","2,16",,Black,14.286,40.0
G.Skill Ripjaws S5 64 GB,,"5,6000","2,32",,White,10.0,30.0
ADATA XPG GAMMIX D20 16 GB,,"4,3200","1,16",,Black / Silver,10.0,16.0
ADATA XPG GAMMIX D20 16 GB,,"4,3600","1,16",,Black / Silver,10.0,18.0
ADATA XPG GAMMIX D20 16 GB,,"4,3600","1,16",,Black / Silver,10.0,18.0
ADATA XPG GAMMIX D20 8 GB,,"4,4133","1,8",,Black / Silver,9.194,19.0
ADATA XPG GAMMIX D20 16 GB,,"4,3200","2,8",,Black / Silver,10.0,16.0
ADATA XPG GAMMIX D20 32 GB,,"4,3600","2,16",,Black / Silver,10.0,18.0
ADATA XPG GAMMIX D20 8 GB,,"4,3200","1,8",,Gray / Silver,10.0,16.0
ADATA XPG GAMMIX D20 8 GB,,"4,3200","1,8",,Gray / Silver,10.0,16.0
ADATA XPG GAMMIX D20 16 GB,,"4,3200","1,16",,Gray / Silver,10.0,16.0
ADATA XPG GAMMIX D20 16 GB,,"4,3200","1,16",,Gray / Silver,10.0,16.0
ADATA XPG GAMMIX D20 32 GB,,"4,3200","1,32",,Gray / Silver,10.0,16.0
ADATA XPG GAMMIX D20 8 GB,,"4,3600","1,8",,Gray / Silver,10.0,18.0
ADATA XPG GAMMIX D20 16 GB,,"4,3600","1,16",,Gray / Silver,10.0,18.0
ADATA XPG GAMMIX D20 16 GB,,"4,3600","1,16",,Gray / Silver,10.0,18.0
ADATA XPG GAMMIX D20 16 GB,,"4,3600","1,16",,Gray / Silver,10.0,18.0
ADATA XPG GAMMIX D20 8 GB,,"4,4133","1,8",,Gray / Silver,9.194,19.0
ADATA XPG GAMMIX D20 16 GB,,"4,3200","2,8",,Gray / Silver,10.0,16.0
ADATA XPG GAMMIX D20 16 GB,,"4,3200","2,8",,Gray / Silver,10.0,16.0
ADATA XPG GAMMIX D20 16 GB,,"4,3200","2,8",,Gray / Silver,10.0,16.0
ADATA XPG GAMMIX D20 32 GB,,"4,3200","2,16",,Gray / Silver,10.0,16.0
ADATA XPG GAMMIX D20 64 GB,,"4,3200","2,32",,Gray / Silver,10.0,16.0
ADATA XPG GAMMIX D20 16 GB,,"4,3600","2,8",,Gray / Silver,10.0,18.0
ADATA XPG GAMMIX D20 32 GB,,"4,3600","2,16",,Gray / Silver,10.0,18.0
ADATA XPG GAMMIX D20 32 GB,,"4,3600","2,16",,Gray / Silver,10.0,18.0
ADATA XPG GAMMIX D20 32 GB,,"4,3600","2,16",,Gray / Silver,10.0,18.0
ADATA XPG GAMMIX D20 16 GB,,"4,4133","2,8",,Gray / Silver,9.194,19.0
V-Color XSky RGB 32 GB,,"5,6000","2,16",,White,12.0,36.0
V-Color XSky RGB 32 GB,,"5,6000","2,16",,Gold,12.0,36.0
V-Color XSky RGB 32 GB,,"5,6000","2,16",,Silver,12.0,36.0
V-Color XSky RGB 32 GB,,"5,6400","2,16",,Black,10.0,32.0
V-Color XSky RGB 32 GB,,"5,6400","2,16",,Gold,10.0,32.0
V-Color XSky RGB 32 GB,,"5,6600","2,16",,Black,9.697,32.0
TEAMGROUP T-Force Xtreem ARGB 16 GB,,"4,4533","2,8",,Black,7.942,18.0
TEAMGROUP T-Force Xtreem ARGB 64 GB,,"4,3200","8,8",,Black,10.0,16.0
TEAMGROUP T-Force Xtreem ARGB 128 GB,,"4,3600","8,16",,Black,10.0,18.0
Lexar Hades RGB 32 GB,,"4,3200","2,16",,Black,11.25,18.0
Lexar Hades OC 8 GB,,"4,3200","1,8",,Gray / Black,11.25,18.0
Lexar Hades OC 32 GB,,"4,3200","2,16",,Gray / Black,11.25,18.0
Lexar Hades OC 8 GB,,"4,3600","1,8",,Gray / Black,10.0,18.0
Lexar Hades OC 32 GB,,"4,3200","2,16",,Gray / Black,11.25,18.0
TEAMGROUP T-Force Vulcan 32 GB,,"5,5600","2,16",,Black,14.286,40.0
TEAMGROUP T-Force Vulcan 32 GB,,"5,5200","2,16",,Red,14.615,38.0
TEAMGROUP T-Force Vulcan 16 GB,,"5,5200","2,8",,Red,15.385,40.0
TEAMGROUP T-Force Vulcan 32 GB,,"5,5600","2,16",,Red,14.286,40.0
V-Color Prism Pro 32 GB,,"4,3600","2,16",,Silver,10.0,18.0
V-Color SKYWALKER PLUS 64 GB,,"4,3200","2,32",,Silver,10.0,16.0
TEAMGROUP T-Force Delta RGB 32 GB,,"4,3200","1,32",,Black,10.0,16.0
TEAMGROUP T-Force Delta RGB 8 GB,,"4,4000","1,8",,Black,10.0,20.0
TEAMGROUP T-Force Delta RGB 8 GB,,"4,4000","1,8",,White,10.0,20.0
TEAMGROUP T-Force Delta RGB 16 GB,,"4,4000","2,8",,Black,8.0,16.0
TEAMGROUP T-Force Delta RGB 16 GB,,"4,4000","2,8",,Black,10.0,20.0
TEAMGROUP T-Force Delta RGB 16 GB,,"4,4000","2,8",,White,10.0,20.0
TEAMGROUP T-Force Dark Za 32 GB,,"4,4000","2,16",,Black,9.0,18.0
TEAMGROUP T-Force Dark Z 32 GB,,"4,2666","2,16",,Red,12.003,16.0
TEAMGROUP T-Force Dark Z 32 GB,,"4,2666","2,16",,Gray,12.003,16.0
TEAMGROUP T-Force Dark Z 16 GB,,"4,2666","2,8",,Gray,12.003,16.0
TEAMGROUP T-Force Dark Z 64 GB,,"4,3000","2,32",,Red,10.667,16.0
TEAMGROUP T-Force Dark Z 64 GB,,"4,3200","2,32",,Gray,10.0,16.0
TEAMGROUP T-Force Dark Z 32 GB,,"4,3200","2,16",,Gray,10.0,16.0
TEAMGROUP T-Force Dark Z 64 GB,,"4,3600","2,32",,Gray,8.889,16.0
TEAMGROUP T-Force Dark Z 16 GB,,"4,3200","2,8",,Red,10.0,16.0
TEAMGROUP T-Force Dark Z 64 GB,,"4,3200","2,32",,Red,10.0,16.0
TEAMGROUP T-Force Dark Z 64 GB,,"4,2666","2,32",,Gray,13.503,18.0
TEAMGROUP T-Force Dark Z 64 GB,,"4,3600","2,32",,Red,10.0,18.0
TEAMGROUP Elite 4 GB,,"4,2133","1,4",,Black,14.065,15.0
TEAMGROUP Elite 8 GB,,"4,2133","1,8",,Black,14.065,15.0
TEAMGROUP Elite 32 GB,,"4,2133","4,8",,Black,14.065,15.0
TEAMGROUP Elite 16 GB,,"4,2133","4,4",,Black,14.065,15.0
TEAMGROUP Elite 32 GB,,"4,2133","2,16",,Black,14.065,15.0
TEAMGROUP Elite 16 GB,,"4,2133","2,8",,Black,14.065,15.0
TEAMGROUP Elite 32 GB,,"4,2400","1,32",,Black,13.333,16.0
TEAMGROUP Elite 4 GB,,"4,2400","1,4",,Black,13.333,16.0
TEAMGROUP Elite 32 GB,,"4,2400","4,8",,Black,13.333,16.0
TEAMGROUP Elite 16 GB,,"4,2400","4,4",,Black,13.333,16.0
TEAMGROUP Elite 4 GB,,"4,2666","1,4",,Black,14.254,19.0
TEAMGROUP Elite 32 GB,,"4,2666","4,8",,Black,14.254,19.0
TEAMGROUP Elite 16 GB,,"4,2666","4,4",,Black,14.254,19.0
TEAMGROUP Elite 16 GB,,"4,2666","2,8",,Black,14.254,19.0
TEAMGROUP Elite 8 GB,,"4,2666","2,4",,Black,14.254,19.0
TEAMGROUP Elite 4 GB,,"4,3200","1,4",,Black,13.75,22.0
TEAMGROUP Elite 8 GB,,"4,3200","2,4",,Black,13.75,22.0
TEAMGROUP Elite 16 GB,,"4,3200","2,8",,Black,13.75,22.0
TEAMGROUP T-Force Delta TUF Gaming Alliance RGB 16 GB,,"4,2400","1,16",,Black / Gold,13.333,16.0
TEAMGROUP T-Force Delta TUF Gaming Alliance RGB 32 GB,,"4,2400","2,16",,Black / Gold,13.333,16.0
TEAMGROUP T-Force Delta TUF Gaming Alliance RGB 32 GB,,"4,2666","2,16",,Black / Gold,13.503,18.0
TEAMGROUP T-Force Delta TUF Gaming Alliance RGB 16 GB,,"4,2666","2,8",,Black / Gold,13.503,18.0
TEAMGROUP T-Force Delta TUF Gaming Alliance RGB 8 GB,,"4,2666","1,8",,Black / Gold,13.503,18.0
TEAMGROUP T-Force Delta TUF Gaming Alliance RGB 8 GB,,"4,2933","1,8",,Black / Gold,10.91,16.0
TEAMGROUP T-Force Delta TUF Gaming Alliance RGB 32 GB,,"4,2933","2,16",,Black / Gold,10.91,16.0
TEAMGROUP T-Force Delta TUF Gaming Alliance RGB 8 GB,,"4,3200","1,8",,Black / Gold,10.0,16.0
TEAMGROUP T-Force Delta TUF Gaming Alliance RGB 16 GB,,"4,3200","1,16",,Black / Gold,10.0,16.0
TEAMGROUP T-Force Delta TUF Gaming Alliance RGB 32 GB,,"4,3200","1,32",,Black / Gold,10.0,16.0
TEAMGROUP T-Force Vulcan TUF Gaming Alliance 16 GB,,"4,2666","2,8",,Black / Gold,13.503,18.0
TEAMGROUP T-Force Vulcan TUF Gaming Alliance 32 GB,,"4,2666","2,16",,Black / Gold,13.503,18.0
ADATA XPG GAMMIX D45 64 GB,,"4,3200","2,32",,White,10.0,16.0
ADATA XPG GAMMIX D45 16 GB,,"4,3600","1,16",,White,10.0,18.0
ADATA XPG GAMMIX D45 32 GB,,"4,3200","1,32",,White,10.0,16.0
ADATA XPG GAMMIX D45 16 GB,,"4,3200","1,16",,White,10.0,16.0
ADATA XPG GAMMIX D45 8 GB,,"4,3200","1,8",,White,10.0,16.0
ADATA XPG GAMMIX D45 32 GB,,"4,3600","2,16",,Black,10.0,18.0
ADATA XPG SPECTRIX D50 8 GB,,"4,3000","1,8",,Black,10.667,16.0
ADATA XPG SPECTRIX D50 8 GB,,"4,3600","1,8",,Black,10.0,18.0
ADATA XPG SPECTRIX D50 16 GB,,"4,4133","1,16",,Black,9.194,19.0
ADATA XPG SPECTRIX D50 64 GB,,"4,3200","2,32",,Black,10.0,16.0
ADATA XPG SPECTRIX D50 16 GB,,"4,3600","2,8",,Black,10.0,18.0
ADATA XPG SPECTRIX D50 32 GB,,"4,4133","2,16",,Black,9.194,19.0
ADATA XPG SPECTRIX D50 8 GB,,"4,3600","1,8",,White,10.0,18.0
V-Color XSky RGB 32 GB,,"5,6200","2,16",,Gold,11.613,36.0
V-Color XSky RGB 32 GB,,"5,6200","2,16",,Silver,11.613,36.0
Mushkin Redline Lumina 16 GB,,"4,2666","2,8",,White,12.003,16.0
Mushkin Redline Lumina 64 GB,,"4,2800","2,32",,White,12.143,17.0
Mushkin Redline Lumina 16 GB,,"4,2800","2,8",,White,12.143,17.0
Mushkin Redline Lumina 32 GB,,"4,3000","2,16",,White,10.667,16.0
Mushkin Redline Lumina 64 GB,,"4,3000","2,32",,White,10.667,16.0
Mushkin Redline Lumina 16 GB,,"4,3000","2,8",,White,10.667,16.0
Mushkin Redline Lumina 16 GB,,"4,3200","2,8",,White,8.75,14.0
Mushkin Redline Lumina 32 GB,,"4,3200","2,16",,White,10.0,16.0
Mushkin Redline Lumina 16 GB,,"4,3200","2,8",,White,10.0,16.0
Mushkin Redline Lumina 16 GB,,"4,3600","2,8",,White,7.778,14.0
Mushkin Redline Lumina 32 GB,,"4,4000","2,16",,White,9.0,18.0
Mushkin Redline Lumina 16 GB,,"4,4000","2,8",,White,9.0,18.0
Mushkin Redline Lumina 16 GB,,"4,4133","2,8",,White,9.194,19.0
Mushkin Redline Lumina 64 GB,,"4,2800","2,32",,Black,12.143,17.0
Mushkin Redline Lumina 16 GB,,"4,2800","2,8",,Black,12.143,17.0
Mushkin Redline Lumina 32 GB,,"4,3000","2,16",,Black,10.667,16.0
Mushkin Redline Lumina 64 GB,,"4,3000","2,32",,Black,10.667,16.0
Mushkin Redline 32 GB,,"4,2400","2,16",,White,12.5,15.0
Mushkin Redline 16 GB,,"4,2400","2,8",,White,12.5,15.0
Mushkin Redline 32 GB,,"4,2666","2,16",,White,12.003,16.0
Mushkin Redline 64 GB,,"4,2666","2,32",,White,12.003,16.0
Mushkin Redline 16 GB,,"4,2666","2,8",,White,12.003,16.0
Mushkin Redline 32 GB,,"4,2800","2,16",,White,12.143,17.0
Mushkin Redline 64 GB,,"4,2800","2,32",,White,12.143,17.0
Mushkin Redline 16 GB,,"4,2800","2,8",,White,12.143,17.0
Mushkin Redline 64 GB,,"4,3000","2,32",,White,10.667,16.0
Mushkin Redline 16 GB,,"4,3000","2,8",,White,10.667,16.0
Mushkin Redline 16 GB,,"4,3200","2,8",,White,8.75,14.0
Mushkin Redline 32 GB,,"4,3600","2,16",,White,7.778,14.0
Mushkin Redline 16 GB,,"4,3600","2,8",,White,7.778,14.0
Mushkin Redline 32 GB,,"4,3600","2,16",,White,8.889,16.0
Mushkin Redline 32 GB,,"4,3600","2,16",,White,10.0,18.0
Mushkin Redline 64 GB,,"4,3600","2,32",,White,10.0,18.0
Mushkin Redline 16 GB,,"4,3600","2,8",,White,10.0,18.0
Mushkin Redline 32 GB,,"4,4133","2,16",,White,9.194,19.0
Mushkin Redline 16 GB,,"4,3600","2,8",,Black,10.0,18.0
Mushkin Redline 64 GB,,"4,3600","2,32",,Black,10.0,18.0
Mushkin Redline 32 GB,,"4,3600","2,16",,Black,10.0,18.0
Mushkin Redline 16 GB,,"4,3200","2,8",,Black,10.0,16.0
Mushkin Redline 64 GB,,"4,3200","2,32",,Black,10.0,16.0
Mushkin Redline 32 GB,,"4,3200","2,16",,Black,10.0,16.0
Mushkin Redline 16 GB,,"4,3200","2,8",,Black,8.75,14.0
Mushkin Redline 16 GB,,"4,3000","2,8",,Black,10.667,16.0
Mushkin Redline 64 GB,,"4,3000","2,32",,Black,10.667,16.0
Mushkin Redline 32 GB,,"4,3000","2,16",,Black,10.667,16.0
Mushkin Redline 64 GB,,"4,2800","2,32",,Black,12.143,17.0
Mushkin Redline 32 GB,3599.8,"4,2800","2,16",5.625,Black,12.143,17.0
Mushkin Redline 32 GB,,"4,2666","2,16",,Black,12.003,16.0
Mushkin Redline 32 GB,,"4,2400","2,16",,Black,12.5,15.0
Mushkin Redline 16 GB,,"3,2400","2,8",,Black,9.167,11.0
Mushkin Redline 8 GB,,"3,2400","2,4",,Black,9.167,11.0
Mushkin Redline 8 GB,,"3,2133","2,4",,Black,9.376,10.0
Mushkin Redline 16 GB,,"3,2133","2,8",,Black,9.376,10.0
Mushkin Redline 16 GB,,"3,1600","2,8",,Black,11.25,9.0
Mushkin Redline 8 GB,,"3,1600","2,4",,Black,11.25,9.0
Mushkin Redline 64 GB,,"4,3600","2,32",,Black,8.889,16.0
Mushkin Redline Lumina 32 GB,,"4,3600","2,16",,Black,8.889,16.0
Mushkin Redline 32 GB,,"4,2666","2,16",,,12.003,16.0
Mushkin Redline 64 GB,,"4,2666","2,32",,,12.003,16.0
Mushkin Redline 32 GB,1819.8,"4,2666","2,16",2.843,,14.254,19.0
Mushkin Redline 64 GB,,"4,2666","2,32",,,14.254,19.0
Mushkin Redline 16 GB,,"4,2666","2,8",,,14.254,19.0
Mushkin Redline 16 GB,,"4,2933","2,8",,,11.592,17.0
Mushkin Redline 32 GB,,"4,2933","2,16",,,14.32,21.0
Mushkin Redline 64 GB,,"4,2933","2,32",,,14.32,21.0
Mushkin Redline 16 GB,,"4,2933","2,8",,,14.32,21.0
Mushkin Redline 32 GB,,"4,3000","2,16",,,10.667,16.0
Mushkin Redline 64 GB,,"4,3000","2,32",,,10.667,16.0
Mushkin Redline 16 GB,,"4,3000","2,8",,,10.667,16.0
Mushkin Redline 32 GB,,"4,3200","2,16",,,10.0,16.0
Mushkin Redline Lumina 32 GB,,"4,2666","2,16",,Black,12.003,16.0
Mushkin Redline Lumina 64 GB,,"4,3200","2,32",,Black,10.0,16.0
Mushkin Redline Lumina 64 GB,,"4,3600","2,32",,Black,10.0,18.0
Mushkin Redline Lumina 32 GB,,"4,4000","2,16",,Black,9.0,18.0
Mushkin Redline 64 GB,,"4,3200","2,32",,Black,8.75,14.0
Mushkin Redline 32 GB,,"4,3600","2,16",,Black,8.889,16.0
Mushkin Redline 64 GB,,"4,3600","2,32",,Black,8.889,16.0
Mushkin Redline 32 GB,,"4,4000","2,16",,Black,9.0,18.0
Mushkin Redline 32 GB,,"4,4133","2,16",,Black,9.194,19.0
Mushkin Redline 64 GB,,"4,2666","2,32",,Red,12.003,16.0
Mushkin Redline 16 GB,,"4,3466","2,8",,Red,9.233,16.0
Mushkin Redline 32 GB,5410.4,"4,3200","2,16",8.454,Red,10.0,16.0
Mushkin Redline 64 GB,,"4,3000","2,32",,Red,12.0,18.0
Mushkin Redline 64 GB,,"4,2800","2,32",,Red,12.143,17.0
Mushkin Redline 64 GB,,"4,2666","2,32",,Red,12.003,16.0
Mushkin Redline 16 GB,,"4,3600","2,8",,Red,10.0,18.0
Mushkin Redline 64 GB,,"4,3600","2,32",,Red,10.0,18.0
Mushkin Redline 32 GB,,"4,3600","2,16",,Red,10.0,18.0
Mushkin Redline 16 GB,,"4,3466","2,8",,Red,10.387,18.0
Mushkin Redline 32 GB,,"4,3466","2,16",,Red,10.387,18.0
Mushkin Redline 64 GB,,"4,3200","2,32",,Red,12.5,20.0
Mushkin Redline 64 GB,,"4,3200","2,32",,Red,10.0,16.0
Mushkin Redline 32 GB,,"4,3200","2,16",,Red,10.0,16.0
Mushkin Redline 64 GB,,"4,3000","2,32",,Red,12.0,18.0
Mushkin Redline 16 GB,,"4,3200","2,8",,Red,10.0,16.0
Mushkin Redline 32 GB,,"4,3200","2,16",,Red,12.5,20.0
Mushkin Redline 16 GB,,"4,3466","2,8",,Red,9.233,16.0
Mushkin Redline 16 GB,,"4,3200","2,8",,Red,12.5,20.0
Mushkin Redline 32 GB,4646.39,"4,2800","2,16",7.26,Red,12.143,17.0
Mushkin Redline 16 GB,1293.19,"4,2666","2,8",4.041,Red,12.003,16.0
Mushkin Redline 16 GB,,"4,2800","2,8",,Red,12.143,17.0
Mushkin Redline 16 GB,,"4,3000","2,8",,Red,12.0,18.0
Mushkin Redline 32 GB,,"4,3200","2,16",,Red,12.5,20.0
Mushkin Redline 16 GB,,"4,3200","2,8",,Red,12.5,20.0
Mushkin Redline 16 GB,,"4,4000","2,8",,Black,9.0,18.0
Mushkin Redline 16 GB,,"4,3600","2,8",,Black,8.889,16.0
Mushkin Redline 16 GB,,"4,3600","2,8",,White,8.889,16.0
Mushkin Redline 32 GB,,"4,3200","2,16",,White,8.75,14.0
Mushkin Blackline 4 GB,,"4,2400","1,4",,Black,12.5,15.0
Mushkin Blackline 16 GB,,"4,2400","1,16",,Black,12.5,15.0
Mushkin Blackline 4 GB,,"4,2400","1,4",,Black,12.5,15.0
Mushkin Blackline 8 GB,,"4,2133","1,8",,Black,11.252,12.0
Mushkin Silverline 64 GB,,"4,2133","4,16",,Silver,14.065,15.0
Mushkin Silverline 4 GB,,"4,2133","1,4",,Silver,14.065,15.0
Mushkin Silverline 4 GB,649.4,"4,2133","1,4",8.117,Silver,14.065,15.0
Mushkin Silverline 8 GB,1514.6,"4,2133","2,4",9.466,Silver,14.065,15.0
Mushkin Silverline 32 GB,,"4,2133","4,8",,Silver,14.065,15.0
Mushkin Silverline 8 GB,,"4,2133","1,8",,Silver,14.065,15.0
Mushkin Silverline 8 GB,,"4,2133","1,8",,Silver,14.065,15.0
Mushkin Silverline 32 GB,,"4,2133","4,8",,Silver,14.065,15.0
Mushkin Silverline 64 GB,,"4,2400","4,16",,Silver,14.167,17.0
Mushkin Silverline 4 GB,,"4,2400","1,4",,Silver,14.167,17.0
Mushkin Silverline 8 GB,,"4,2400","2,4",,Silver,14.167,17.0
Mushkin Silverline 16 GB,,"4,2400","4,4",,Silver,14.167,17.0
Mushkin Silverline 8 GB,834.8,"4,2400","1,8",5.218,Silver,14.167,17.0
Mushkin Silverline 32 GB,,"4,2400","4,8",,Silver,14.167,17.0
Mushkin Silverline 16 GB,,"4,2666","1,16",,Silver,14.254,19.0
Mushkin Silverline 4 GB,,"4,2666","1,4",,Silver,14.254,19.0
Mushkin Silverline 8 GB,,"4,2666","1,8",,Silver,14.254,19.0
Mushkin Silverline 16 GB,,"4,3200","1,16",,Silver,13.75,22.0
Mushkin Proline 16 GB,,"4,2666","1,16",,,14.254,19.0
Mushkin Proline 32 GB,,"4,2666","1,32",,,14.254,19.0
Mushkin Proline 16 GB,,"4,2933","1,16",,,14.32,21.0
Mushkin Proline 32 GB,,"4,2933","1,32",,,14.32,21.0
Mushkin Proline 8 GB,881.8,"4,2133","1,8",5.511,,14.065,15.0
Mushkin Proline 8 GB,,"4,2133","1,8",,,14.065,15.0
Mushkin Proline 16 GB,,"4,2933","1,16",,,14.32,21.0
Mushkin Proline 16 GB,,"4,2400","1,16",,,14.167,17.0
G.Skill Trident Z Royal 32 GB,,"4,4600","2,16",,Gold,8.261,19.0
G.Skill Trident Z Royal 64 GB,,"4,3600","8,8",,White,7.778,14.0
G.Skill Trident Z Royal Elite 64 GB,,"4,3600","8,8",,,7.778,14.0
G.Skill Ripjaws V 64 GB,,"4,3600","8,8",,Black,7.778,14.0
G.Skill Trident Z 32 GB,,"5,5600","2,16",,White / Black,14.286,40.0
G.Skill Trident Z 32 GB,,"5,5600","2,16",,White / Black,12.857,36.0
G.Skill Trident Z 32 GB,,"5,5600","2,16",,White / Black,14.286,40.0
G.Skill Trident Z 32 GB,,"5,6000","2,16",,White / Black,13.333,40.0
G.Skill Trident Z 32 GB,,"5,6000","2,16",,White / Black,12.0,36.0
G.Skill Trident Z 32 GB,,"5,6000","2,16",,White / Black,13.333,40.0
G.Skill Trident Z 32 GB,,"5,5600","2,16",,Black,12.857,36.0
G.Skill Trident Z 32 GB,,"5,5600","2,16",,Black,14.286,40.0
G.Skill Trident Z 32 GB,,"5,5600","2,16",,Black,14.286,40.0
G.Skill Trident Z 32 GB,,"5,6000","2,16",,Black,12.0,36.0
G.Skill Trident Z 32 GB,,"5,6000","2,16",,Black,12.0,36.0
G.Skill Ripjaws V 128 GB,,"4,2400","8,16",,Red,12.5,15.0
G.Skill Ripjaws V 128 GB,,"4,3000","8,16",,Red,10.667,16.0
G.Skill Ripjaws V 128 GB,,"4,2666","8,16",,Red,12.003,16.0
G.Skill Ripjaws V 128 GB,,"4,3000","8,16",,Red,10.667,16.0
G.Skill Sniper X 16 GB,,"4,2400","2,8",,Black / White,14.167,17.0
G.Skill Sniper X 32 GB,,"4,2400","2,16",,Black / White,14.167,17.0
G.Skill Sniper X 64 GB,,"4,2400","4,16",,Black / White,14.167,17.0
G.Skill Sniper X 32 GB,,"4,3000","4,8",,Black / White,10.667,16.0
G.Skill Sniper X 64 GB,,"4,3000","4,16",,Black / White,10.667,16.0
G.Skill Sniper X 32 GB,,"4,3200","4,8",,Black / White,10.0,16.0
G.Skill Sniper X 64 GB,,"4,3200","4,16",,Black / White,10.0,16.0
G.Skill Sniper X 64 GB,,"4,3600","4,16",,Black / White,10.556,19.0
G.Skill Sniper X 8 GB,,"4,3600","1,8",,Black / White,10.556,19.0
G.Skill Sniper X 16 GB,,"4,3600","2,8",,White,10.0,18.0
G.Skill Trident Z Royal 16 GB,,"4,4000","2,8",,Gold,8.0,16.0
G.Skill Trident Z Royal 32 GB,,"4,4000","2,16",,Gold,8.0,16.0
G.Skill Trident Z Royal 32 GB,,"4,4000","4,8",,Silver,8.5,17.0
G.Skill Trident Z Royal Elite 128 GB,,"4,3600","8,16",,Gold,7.778,14.0
G.Skill Trident Z Royal Elite 64 GB,,"4,3600","8,8",,Gold,7.778,14.0
G.Skill Trident Z Royal Elite 32 GB,,"4,4000","2,16",,Gold,8.0,16.0
G.Skill Trident Z RGB 64 GB,,"4,2400","4,16",,Black,12.5,15.0
G.Skill Trident Z RGB 128 GB,,"4,3200","8,16",,,9.375,15.0
G.Skill Trident Z RGB 64 GB,,"4,3200","8,8",,,9.375,15.0
G.Skill Trident Z RGB 16 GB,,"4,4000","2,8",,,8.5,17.0
G.Skill Trident Z RGB 64 GB,,"4,4000","8,8",,,9.0,18.0
G.Skill F4-3200C15D-16GTZKY 16 GB,,"4,3200","2,8",,Black / Yellow,9.375,15.0
G.Skill F4-3200C15Q-64GTZSW 64 GB,,"4,3200","4,16",,Gray / White,9.375,15.0
G.Skill F4-3200C15Q2-128GTZ 128 GB,,"4,3200","8,16",,Gray / Red,9.375,15.0
G.Skill F4-3200C15Q2-128GTZSW 128 GB,,"4,3200","8,16",,Gray / White,9.375,15.0
G.Skill F4-3200C16D-32GTZKO 32 GB,,"4,3200","2,16",,Black / Orange,10.0,16.0
G.Skill F4-3200C16D-32GTZKY 32 GB,,"4,3200","2,16",,Black / Yellow,10.0,16.0
G.Skill F4-3200C16Q-32GTZKO 32 GB,,"4,3200","4,8",,Black / Orange,10.0,16.0
G.Skill F4-3200C16Q-64GTZ 64 GB,,"4,3200","4,16",,Silver / Red,10.0,16.0
G.Skill F4-3200C16Q-64GTZKY 64 GB,,"4,3200","4,16",,Black / Yellow,10.0,16.0
G.Skill F4-3200C16Q-64GTZSK 64 GB,6580.0,"4,3200","4,16",5.141,Gray / Black,10.0,16.0
G.Skill F4-3200C16Q-64GTZSW 64 GB,,"4,3200","4,16",,Gray / White,10.0,16.0
G.Skill F4-3200C16Q2-128GTZSW 128 GB,,"4,3200","8,16",,Gray / White,10.0,16.0
G.Skill F4-3200C16Q2-64GTZB 64 GB,,"4,3200","8,8",,Gray / Red,10.0,16.0
G.Skill F4-3200C16Q2-64GTZKO 64 GB,,"4,3200","8,8",,Gray / Orange,10.0,16.0
G.Skill F4-3200C16Q2-64GTZKW 64 GB,,"4,3200","8,8",,Black / White,10.0,16.0
G.Skill F4-3200C16Q2-64GTZSW 64 GB,,"4,3200","8,8",,Gray / White,10.0,16.0
G.Skill F4-3600C16Q2-64GTZSW 64 GB,8741.6,"4,3600","8,8",6.829,Gray / White,8.889,16.0
G.Skill F4-3600C17Q-64GTZ 64 GB,,"4,3600","4,16",,Gray / Red,9.444,17.0
G.Skill F4-3866C18Q-32GTZ 32 GB,,"4,3866","4,8",,Gray / Red,9.312,18.0
G.Skill F4-3866C18Q-32GTZSW 32 GB,,"4,3866","4,8",,Gray / White,9.312,18.0
G.Skill F4-3866C19Q2-128GTZSW 128 GB,,"4,3866","8,16",,Gray / White,9.829,19.0
G.Skill F4-4000C18Q-32GTZSW 32 GB,,"4,4000","4,8",,Gray / White,9.0,18.0
G.Skill F4-4000C18Q2-64GTZKK 64 GB,,"4,4000","8,8",,Black,9.0,18.0
G.Skill Ares 8 GB,,"3,1600","1,8",,Blue,11.25,9.0
G.Skill Ares 4 GB,,"3,1600","1,4",,Orange,11.25,9.0
G.Skill Ares 32 GB,,"3,1600","4,8",,Blue,11.25,9.0
G.Skill Ares 64 GB,,"3,1333","8,8",,Orange,13.503,9.0
G.Skill Trident Z Neo 32 GB,,"4,2666","4,8",,Black / White,13.503,18.0
G.Skill Trident Z Neo 32 GB,,"4,4000","2,16",,Black / White,8.0,16.0
G.Skill Trident Z RGB (For AMD) 64 GB,,"4,2400","8,8",,Black,12.5,15.0
G.Skill Trident Z RGB (For AMD) 64 GB,,"4,2933","8,8",,Black,9.547,14.0
G.Skill Trident Z RGB (For AMD) 128 GB,,"4,2933","8,16",,Black,10.91,16.0
G.Skill Trident Z RGB (For AMD) 64 GB,,"4,2933","8,8",,Black,10.91,16.0
G.Skill Ripjaws 4 16 GB,,"4,3000","2,8",,Red,10.667,16.0
G.Skill Ripjaws 4 8 GB,,"4,3000","1,8",,Red,10.667,16.0
G.Skill Ripjaws S5 32 GB,,"5,5200","2,16",,White,15.385,40.0
G.Skill Flare X 128 GB,,"4,2933","8,16",,Black,10.91,16.0
G.Skill Flare X 128 GB,,"4,2933","8,16",,Black,9.547,14.0
TEAMGROUP Elite Plus 8 GB,,"5,4800","1,8",,Black,16.667,40.0
TEAMGROUP Elite Plus 8 GB,,"5,4800","1,8",,Silver,16.667,40.0
TEAMGROUP Elite Plus 16 GB,,"5,4800","1,16",,Silver,16.667,40.0
TEAMGROUP Elite Plus 16 GB,,"5,6000","1,16",,Silver,13.333,40.0
TEAMGROUP Elite Plus 64 GB,,"5,4800","2,32",,Black,16.667,40.0
TEAMGROUP Elite Plus 32 GB,,"5,4800","2,16",,Silver,16.667,40.0
Kingston FURY Renegade 16 GB,1903.19,"5,6400","1,16",5.947,Silver / Black,10.0,32.0
Acer UD100 4 GB,,"4,2666","1,4",,Black,14.254,19.0
Acer Predator Apollo RGB 16 GB,,"4,4133","2,8",,Silver / Black,9.194,19.0
Corsair Vengeance RGB Pro SL 128 GB,,"4,3200","8,16",,Black,10.0,16.0
Corsair Dominator Platinum RGB 16 GB,1919.8,"4,3600","2,8",5.999,Black,10.0,18.0
Patriot Signature Line 32 GB,,"4,2666","1,32",,Black,14.254,19.0
Patriot Signature Line 16 GB,799.8,"4,2666","1,16",2.499,,14.254,19.0
Patriot Viper 4 Blackout 16 GB,,"4,4133","2,8",,Black,8.71,18.0
Patriot Viper 4 Blackout 16 GB,,"4,4266","2,8",,Black,8.439,18.0
Patriot Viper Elite 32 GB,,"4,2666","1,32",,Black / Silver,12.003,16.0
Patriot Viper Steel 32 GB,,"4,3000","1,32",,Gray,10.667,16.0
Patriot Viper Steel 64 GB,,"4,3000","2,32",,Gray,10.667,16.0
Silicon Power XPOWER Zenith Gaming 16 GB,,"4,3600","1,16",,Black,10.0,18.0
Silicon Power XPOWER Zenith Gaming 16 GB,,"4,3600","1,16",,Black,10.0,18.0
Silicon Power XPOWER Zenith Gaming 16 GB,,"4,3200","1,16",,Black,10.0,16.0
Silicon Power XPOWER Zenith Gaming 16 GB,,"4,3200","1,16",,Black,10.0,16.0
Kingston ValueRAM 16 GB,1499.6,"4,2133","1,16",4.686,,14.065,15.0
Silicon Power XPOWER Zenith RGB Gaming 8 GB,,"5,5200","1,8",,Black,14.615,38.0
Silicon Power XPOWER Zenith RGB Gaming 8 GB,,"5,5200","1,8",,White,14.615,38.0
Silicon Power XPOWER Zenith RGB Gaming 8 GB,,"5,5600","1,8",,Black,14.286,40.0
Silicon Power XPOWER Zenith RGB Gaming 8 GB,,"5,5600","1,8",,White,14.286,40.0
Silicon Power XPOWER Zenith RGB Gaming 16 GB,,"5,5200","1,16",,Black,14.615,38.0
Silicon Power XPOWER Zenith RGB Gaming 16 GB,,"5,5200","1,16",,White,14.615,38.0
Silicon Power XPOWER Zenith RGB Gaming 16 GB,,"5,5200","2,8",,Black,14.615,38.0
Silicon Power XPOWER Zenith RGB Gaming 16 GB,,"5,5200","2,8",,White,14.615,38.0
Silicon Power XPOWER Zenith RGB Gaming 16 GB,,"5,5600","1,16",,Black,14.286,40.0
Silicon Power XPOWER Zenith RGB Gaming 16 GB,,"5,5600","1,16",,White,14.286,40.0
Silicon Power XPOWER Zenith RGB Gaming 16 GB,,"5,5600","2,8",,Black,14.286,40.0
Silicon Power XPOWER Zenith RGB Gaming 32 GB,,"5,5200","1,32",,Black,14.615,38.0
Silicon Power XPOWER Zenith RGB Gaming 32 GB,,"5,5200","1,32",,White,14.615,38.0
Silicon Power XPOWER Zenith RGB Gaming 32 GB,,"5,5600","2,16",,Black,14.286,40.0
Silicon Power XPOWER Zenith RGB Gaming 32 GB,,"5,5600","2,16",,White,14.286,40.0
Silicon Power XPOWER Zenith RGB Gaming 32 GB,,"5,5600","1,32",,Black,14.286,40.0
Silicon Power XPOWER Zenith RGB Gaming 32 GB,,"5,5600","1,32",,White,14.286,40.0
Silicon Power XPOWER Zenith RGB Gaming 64 GB,,"5,5200","2,32",,Black,14.615,38.0
Silicon Power XPOWER Zenith RGB Gaming 64 GB,,"5,5200","2,32",,White,14.615,38.0
Silicon Power XPOWER Zenith RGB Gaming 64 GB,,"5,5600","2,32",,Black,14.286,40.0
Silicon Power XPOWER Zenith RGB Gaming 64 GB,,"5,5600","2,32",,White,14.286,40.0
Silicon Power XPOWER Turbine RGB 8 GB,,"4,3200","1,8",,Silver / Black,10.0,16.0
Silicon Power XPOWER Turbine RGB 8 GB,,"4,3600","1,8",,Silver / Black,10.0,18.0
Silicon Power XPOWER Turbine RGB 8 GB,,"4,4133","1,8",,Silver / Black,9.194,19.0
Silicon Power XPOWER Turbine RGB 16 GB,,"4,3200","1,16",,Silver / Black,10.0,16.0
Silicon Power XPOWER Turbine RGB 16 GB,,"4,3600","1,16",,Silver / Black,10.0,18.0
Silicon Power XPOWER Turbine RGB 16 GB,,"4,4133","2,8",,Silver / Black,9.194,19.0
Silicon Power XPOWER Turbine RGB 16 GB,,"4,4133","1,16",,Silver / Black,9.194,19.0
Silicon Power XPOWER Turbine RGB 32 GB,,"4,3200","2,16",,Silver / Black,10.0,16.0
Silicon Power XPOWER Turbine RGB 32 GB,,"4,4133","2,16",,Silver / Black,9.194,19.0
Silicon Power XPOWER Zenith RGB Gaming 8 GB,,"4,3600","1,8",,Black,10.0,18.0
Silicon Power XPOWER Zenith RGB Gaming 16 GB,,"4,3600","1,16",,Black,10.0,18.0
Silicon Power XPOWER Zenith RGB Gaming 32 GB,,"4,3200","2,16",,Black,10.0,16.0
Silicon Power XPOWER Zenith RGB Gaming 32 GB,,"4,3600","2,16",,Black,10.0,18.0
Silicon Power XPOWER Zenith Gaming 8 GB,,"5,5200","1,8",,Black,14.615,38.0
Silicon Power XPOWER Zenith Gaming 8 GB,,"5,5200","1,8",,White,14.615,38.0
Silicon Power XPOWER Zenith Gaming 16 GB,,"5,5200","1,16",,Black,14.615,38.0
Silicon Power XPOWER Zenith Gaming 16 GB,,"5,5200","1,16",,White,14.615,38.0
Silicon Power XPOWER Zenith Gaming 16 GB,,"5,5200","2,8",,Black,14.615,38.0
Silicon Power XPOWER Zenith Gaming 32 GB,,"5,5200","2,16",,Black,14.615,38.0
Silicon Power XPOWER Zenith Gaming 32 GB,,"5,5200","2,16",,White,14.615,38.0
Silicon Power XPOWER Zenith Gaming 32 GB,,"5,5200","1,32",,Black,14.615,38.0
Silicon Power XPOWER Zenith Gaming 64 GB,,"5,5200","2,32",,Black,14.615,38.0
Silicon Power XPOWER Zenith Gaming 64 GB,,"5,5200","2,32",,White,14.615,38.0
Silicon Power XPOWER Zenith Gaming 64 GB,,"5,5600","2,32",,Black,14.286,40.0
Silicon Power XPOWER AirCool 8 GB,,"4,2666","1,8",,,12.003,16.0
Silicon Power XPOWER AirCool 8 GB,,"4,3000","1,8",,,10.667,16.0
Silicon Power XPOWER AirCool 8 GB,,"4,3600","1,8",,,10.0,18.0
Silicon Power XPOWER AirCool 8 GB,,"4,4133","1,8",,,9.194,19.0
Silicon Power XPOWER AirCool 16 GB,,"4,2666","1,16",,,12.003,16.0
Silicon Power XPOWER AirCool 16 GB,,"4,2666","2,8",,,12.003,16.0
Silicon Power XPOWER AirCool 16 GB,,"4,3000","1,16",,,10.667,16.0
Silicon Power XPOWER AirCool 16 GB,,"4,3000","2,8",,,10.667,16.0
Silicon Power XPOWER AirCool 16 GB,,"4,3000","1,16",,,10.667,16.0
Silicon Power XPOWER AirCool 16 GB,,"4,3200","1,16",,,10.0,16.0
Silicon Power XPOWER AirCool 16 GB,,"4,3200","2,8",,,10.0,16.0
Silicon Power XPOWER AirCool 16 GB,,"4,3600","1,16",,,10.0,18.0
Silicon Power XPOWER AirCool 16 GB,,"4,3600","2,8",,,10.0,18.0
Silicon Power XPOWER AirCool 16 GB,,"4,4133","1,16",,,9.194,19.0
Silicon Power XPOWER AirCool 16 GB,,"4,4133","2,8",,,9.194,19.0
Silicon Power XPOWER AirCool 32 GB,,"4,2666","2,16",,,12.003,16.0
Silicon Power XPOWER AirCool 32 GB,,"4,3000","2,16",,,10.667,16.0
Silicon Power XPOWER AirCool 32 GB,,"4,3000","2,16",,,10.667,16.0
Silicon Power XPOWER AirCool 32 GB,,"4,3600","2,16",,,10.0,18.0
Silicon Power XPOWER AirCool 32 GB,,"4,4133","2,16",,,9.194,19.0
Silicon Power XPOWER Turbine 8 GB,,"4,2666","1,8",,Blue / Black,12.003,16.0
Silicon Power XPOWER Turbine 8 GB,,"4,3000","1,8",,Blue / Black,10.667,16.0
Silicon Power XPOWER Turbine 8 GB,,"4,3600","1,8",,Blue / Black,10.0,18.0
Silicon Power XPOWER Turbine 8 GB,,"4,4133","1,8",,Blue / Black,9.194,19.0
Silicon Power XPOWER Turbine 16 GB,,"4,2666","1,16",,Blue / Black,12.003,16.0
Silicon Power XPOWER Turbine 16 GB,,"4,3000","1,16",,Blue / Black,10.667,16.0
Silicon Power XPOWER Turbine 16 GB,,"4,3000","1,16",,Blue / Black,10.667,16.0
Silicon Power XPOWER Turbine 16 GB,,"4,3600","1,16",,Blue / Black,10.0,18.0
Silicon Power XPOWER Turbine 16 GB,,"4,4133","1,16",,Blue / Black,9.194,19.0
Silicon Power XPOWER Turbine 32 GB,,"4,3000","2,16",,Blue / Black,10.667,16.0
Silicon Power XPOWER Turbine 32 GB,,"4,3000","2,16",,Blue / Black,10.667,16.0
Silicon Power XPOWER Turbine 32 GB,,"4,4133","2,16",,Blue / Black,9.194,19.0
Silicon Power XPOWER Zenith Gaming 8 GB,,"5,5600","1,8",,Black,14.286,40.0
Silicon Power XPOWER Zenith Gaming 8 GB,,"5,5600","1,8",,White,14.286,40.0
Silicon Power XPOWER Zenith Gaming 16 GB,,"5,5600","1,16",,Black,14.286,40.0
Silicon Power XPOWER Zenith Gaming 32 GB,,"5,5600","1,32",,Black,14.286,40.0
Silicon Power XPOWER Zenith Gaming 32 GB,,"5,5600","1,32",,White,14.286,40.0
Silicon Power SP004GBLFU213N01 4 GB,,"4,2133","1,4",,,14.065,15.0
Silicon Power SP004GBLFU213N02 4 GB,,"4,2133","1,4",,,14.065,15.0
Silicon Power SP004GBLFU240N01 4 GB,,"4,2400","1,4",,,14.167,17.0
Silicon Power SP004GBLFU240X02 4 GB,,"4,2400","1,4",,,14.167,17.0
Silicon Power SP004GBLFU266N02 4 GB,,"4,2666","1,4",,,14.254,19.0
Silicon Power SP008GBLFU213B01 8 GB,,"4,2133","1,8",,,14.065,15.0
Silicon Power SP008GBLFU213N02 8 GB,,"4,2133","1,8",,,14.065,15.0
Silicon Power SP008GBLFU213N21 8 GB,,"4,2133","2,4",,,14.065,15.0
Silicon Power SP008GBLFU213N22 8 GB,,"4,2133","2,4",,,14.065,15.0
Silicon Power SP008GBLFU213X02 8 GB,,"4,2133","1,8",,,14.065,15.0
Silicon Power SP008GBLFU213X22 8 GB,,"4,2133","2,4",,,14.065,15.0
Silicon Power SP008GBLFU240B01 8 GB,,"4,2400","1,8",,,14.167,17.0
Silicon Power SP008GBLFU240B02 8 GB,,"4,2400","1,8",,,14.167,17.0
Silicon Power SP008GBLFU240N02 8 GB,,"4,2400","1,8",,,14.167,17.0
Silicon Power SP008GBLFU240N21 8 GB,,"4,2400","2,4",,,14.167,17.0
Silicon Power SP008GBLFU240N22 8 GB,,"4,2400","2,4",,,14.167,17.0
Silicon Power SP008GBLFU240X22 8 GB,,"4,2400","2,4",,,14.167,17.0
Silicon Power SP008GBLFU266B01 8 GB,,"4,2666","1,8",,,14.254,19.0
Silicon Power SP008GBLFU266N22 8 GB,,"4,2666","2,4",,,14.254,19.0
Silicon Power SP008GBLFU320B01 8 GB,,"4,3200","1,8",,,13.75,22.0
Silicon Power SP016GBLFU213B01 16 GB,,"4,2133","1,16",,,14.065,15.0
Silicon Power SP016GBLFU213B21 16 GB,,"4,2133","2,8",,,14.065,15.0
Silicon Power SP016GBLFU213B22 16 GB,,"4,2133","2,8",,,14.065,15.0
Silicon Power SP016GBLFU213N42 16 GB,,"4,2133","4,4",,,14.065,15.0
Silicon Power SP016GBLFU213X02 16 GB,,"4,2133","1,16",,,14.065,15.0
Silicon Power SP016GBLFU213X22 16 GB,,"4,2133","2,8",,,14.065,15.0
Silicon Power SP016GBLFU240B01 16 GB,,"4,2400","1,16",,,14.167,17.0
Silicon Power SP016GBLFU240B02 16 GB,,"4,2400","1,16",,,14.167,17.0
Silicon Power SP016GBLFU240B21 16 GB,,"4,2400","2,8",,,14.167,17.0
Silicon Power SP016GBLFU240B22 16 GB,,"4,2400","2,8",,,14.167,17.0
Silicon Power SP016GBLFU240F02 16 GB,,"4,2400","1,16",,,14.167,17.0
Silicon Power SP016GBLFU240X22 16 GB,,"4,2400","2,8",,,14.167,17.0
Silicon Power SP016GBLFU266B01 16 GB,,"4,2666","1,16",,,14.254,19.0
Silicon Power SP016GBLFU266B22 16 GB,,"4,2666","2,8",,,14.254,19.0
Silicon Power SP016GBLFU266F01 16 GB,,"4,2666","1,16",,,14.254,19.0
Silicon Power SP016GBLFU320B01 16 GB,,"4,3200","1,16",,,13.75,22.0
Silicon Power SP016GBLFU320B21 16 GB,,"4,3200","2,8",,,13.75,22.0
Silicon Power SP016GBLFU320F01 16 GB,,"4,3200","1,16",,,13.75,22.0
Silicon Power SP016GBLFU320F02 16 GB,,"4,3200","1,16",,,13.75,22.0
Silicon Power SP032GBLFU213B21 32 GB,,"4,2133","2,16",,,14.065,15.0
Silicon Power SP032GBLFU213B22 32 GB,,"4,2133","2,16",,,14.065,15.0
Silicon Power SP032GBLFU213X22 32 GB,,"4,2133","2,16",,,14.065,15.0
Silicon Power SP032GBLFU240B21 32 GB,,"4,2400","2,16",,,14.167,17.0
Silicon Power SP032GBLFU240B22 32 GB,,"4,2400","2,16",,,14.167,17.0
Silicon Power SP032GBLFU266B22 32 GB,,"4,2666","2,16",,,14.254,19.0
Silicon Power SP032GBLFU266F01 32 GB,,"4,2666","1,32",,,14.254,19.0
Silicon Power SP032GBLFU266F02 32 GB,,"4,2666","1,32",,,14.254,19.0
Silicon Power SP032GBLFU266F21 32 GB,,"4,2666","2,16",,,14.254,19.0
Silicon Power SP032GBLFU266F22 32 GB,,"4,2666","2,16",,,14.254,19.0
Silicon Power SP032GBLFU266X02 32 GB,,"4,2666","1,32",,,14.254,19.0
Silicon Power SP032GBLFU320B21 32 GB,,"4,3200","2,16",,,13.75,22.0
Silicon Power SP032GBLFU320B22 32 GB,,"4,3200","2,16",,,13.75,22.0
Silicon Power SP032GBLFU320F01 32 GB,,"4,3200","1,32",,,13.75,22.0
Silicon Power SP032GBLFU320F02 32 GB,,"4,3200","1,32",,,13.75,22.0
Silicon Power SP032GBLFU320F21 32 GB,,"4,3200","2,16",,,13.75,22.0
Silicon Power SP032GBLFU320F22 32 GB,,"4,3200","2,16",,,13.75,22.0
Silicon Power SP064GBLFU266F21 64 GB,,"4,2666","2,32",,,14.254,19.0
Silicon Power SP064GBLFU266F22 64 GB,,"4,2666","2,32",,,14.254,19.0
Silicon Power SP064GBLFU266X22 64 GB,,"4,2666","2,32",,,14.254,19.0
Silicon Power SP064GBLFU320F21 64 GB,,"4,3200","2,32",,,13.75,22.0
Silicon Power SP008GBSVU480G02 8 GB,,"5,4800","1,8",,,16.667,40.0
Silicon Power SP016GBSVU480G22 16 GB,,"5,4800","2,8",,,16.667,40.0
Silicon Power SP064GBSVU480F22 64 GB,,"5,4800","2,32",,,16.667,40.0
Silicon Power SP004GBSFU213N01 4 GB,,"4,2133","1,4",,,14.065,15.0
Silicon Power SP004GBSFU213N02 4 GB,,"4,2133","1,4",,,14.065,15.0
Silicon Power SP004GBSFU213X02 4 GB,,"4,2133","1,4",,,14.065,15.0
Silicon Power SP004GBSFU240N01 4 GB,,"4,2400","1,4",,,14.167,17.0
Silicon Power SP004GBSFU266N02 4 GB,,"4,2666","1,4",,,14.254,19.0
Silicon Power SP004GBSFU266C02 4 GB,,"4,2666","1,4",,,14.254,19.0
Silicon Power SP004GBSFU240X02 4 GB,,"4,2400","1,4",,,14.167,17.0
Silicon Power SP004GBSFU240N02 4 GB,,"4,2400","1,4",,,14.167,17.0
Silicon Power SP008GBSFU213B01 8 GB,,"4,2133","1,8",,,14.065,15.0
Silicon Power SP008GBSFU213B02 8 GB,,"4,2133","1,8",,,14.065,15.0
Silicon Power SP008GBSFU213N02 8 GB,,"4,2133","1,8",,,14.065,15.0
Silicon Power SP008GBSFU213N21 8 GB,,"4,2133","2,4",,,14.065,15.0
Silicon Power SP008GBSFU213N22 8 GB,,"4,2133","2,4",,,14.065,15.0
Silicon Power SP008GBSFU213X02 8 GB,,"4,2133","1,8",,,14.065,15.0
Silicon Power SP008GBSFU213X22 8 GB,,"4,2133","2,4",,,14.065,15.0
Silicon Power SP008GBSFU240B01 8 GB,,"4,2400","1,8",,,14.167,17.0
Silicon Power SP008GBSFU240N02 8 GB,,"4,2400","1,8",,,14.167,17.0
Silicon Power SP008GBSFU240N21 8 GB,,"4,2400","2,4",,,14.167,17.0
Silicon Power SP008GBSFU240N22 8 GB,,"4,2400","2,4",,,14.167,17.0
Silicon Power SP008GBSFU240X02 8 GB,,"4,2400","1,8",,,14.167,17.0
Silicon Power SP008GBSFU240X22 8 GB,,"4,2400","2,4",,,14.167,17.0
Silicon Power SP008GBSFU266B01 8 GB,,"4,2666","1,8",,,14.254,19.0
Silicon Power SP008GBSFU266N22 8 GB,,"4,2666","2,4",,,14.254,19.0
Silicon Power SP008GBSFU266X22 8 GB,,"4,2666","2,4",,,14.254,19.0
Silicon Power SP008GBSFU320B01 8 GB,,"4,3200","1,8",,,13.75,22.0
Silicon Power SP008GBSFU320B02 8 GB,,"4,3200","1,8",,,13.75,22.0
Silicon Power SP016GBSFU213B01 16 GB,,"4,2133","1,16",,,14.065,15.0
Silicon Power SP016GBSFU213B21 16 GB,,"4,2133","2,8",,,14.065,15.0
Silicon Power SP016GBSFU213B22 16 GB,,"4,2133","2,8",,,14.065,15.0
Silicon Power SP016GBSFU213X02 16 GB,,"4,2133","1,16",,,14.065,15.0
Silicon Power SP016GBSFU213X22 16 GB,,"4,2133","2,8",,,14.065,15.0
Silicon Power SP016GBSFU240B01 16 GB,,"4,2400","1,16",,,14.167,17.0
Silicon Power SP016GBSFU240B02 16 GB,,"4,2400","1,16",,,14.167,17.0
Silicon Power SP016GBSFU240B21 16 GB,,"4,2400","2,8",,,14.167,17.0
Silicon Power SP016GBSFU240F02 16 GB,,"4,2400","1,16",,,14.167,17.0
Silicon Power SP016GBSFU240X02 16 GB,,"4,2400","1,16",,,14.167,17.0
Silicon Power SP016GBSFU240X22 16 GB,,"4,2400","2,8",,,14.167,17.0
Silicon Power SP016GBSFU266B01 16 GB,,"4,2666","1,16",,,14.254,19.0
Silicon Power SP016GBSFU266B02 16 GB,,"4,2666","1,16",,,14.254,19.0
Silicon Power SP016GBSFU266F01 16 GB,,"4,2666","1,16",,,14.254,19.0
Silicon Power SP016GBSFU266X02 16 GB,,"4,2666","1,16",,,14.254,19.0
Silicon Power SP016GBSFU266X22 16 GB,,"4,2666","2,8",,,14.254,19.0
Silicon Power SP016GBSFU320B01 16 GB,,"4,3200","1,16",,,13.75,22.0
Silicon Power SP016GBSFU320B02 16 GB,,"4,3200","1,16",,,13.75,22.0
Silicon Power SP016GBSFU320B21 16 GB,,"4,3200","2,8",,,13.75,22.0
Silicon Power SP016GBSFU320B22 16 GB,,"4,3200","2,8",,,13.75,22.0
Silicon Power SP016GBSFU320F01 16 GB,,"4,3200","1,16",,,13.75,22.0
Silicon Power SP016GBSFU320F02 16 GB,,"4,3200","1,16",,,13.75,22.0
Silicon Power SP032GBSFU213B21 32 GB,,"4,2133","2,16",,,14.065,15.0
Silicon Power SP032GBSFU213B22 32 GB,,"4,2133","2,16",,,14.065,15.0
Silicon Power SP032GBSFU213X22 32 GB,,"4,2133","2,16",,,14.065,15.0
Silicon Power SP032GBSFU240B21 32 GB,,"4,2400","2,16",,,14.167,17.0
Silicon Power SP032GBSFU240B22 32 GB,,"4,2400","2,16",,,14.167,17.0
Silicon Power SP032GBSFU240X22 32 GB,,"4,2400","2,16",,,14.167,17.0
Silicon Power SP032GBSFU266B22 32 GB,,"4,2666","2,16",,,14.254,19.0
Silicon Power SP032GBSFU266F01 32 GB,,"4,2666","1,32",,,14.254,19.0
Silicon Power SP032GBSFU266F02 32 GB,,"4,2666","1,32",,,14.254,19.0
Silicon Power SP032GBSFU266F21 32 GB,,"4,2666","2,16",,,14.254,19.0
Silicon Power SP032GBSFU266X02 32 GB,,"4,2666","1,32",,,14.254,19.0
Silicon Power SP032GBSFU266X22 32 GB,,"4,2666","2,16",,,14.254,19.0
Silicon Power SP032GBSFU320B21 32 GB,,"4,3200","2,16",,,13.75,22.0
Silicon Power SP032GBSFU320B22 32 GB,,"4,3200","2,16",,,13.75,22.0
Silicon Power SP032GBSFU320F01 32 GB,,"4,3200","1,32",,,13.75,22.0
Silicon Power SP032GBSFU320F21 32 GB,,"4,3200","2,16",,,13.75,22.0
Silicon Power SP032GBSFU320F22 32 GB,,"4,3200","2,16",,,13.75,22.0
Silicon Power SP064GBSFU266F21 64 GB,,"4,2666","2,32",,,14.254,19.0
Silicon Power SP064GBSFU266F22 64 GB,,"4,2666","2,32",,,14.254,19.0
Silicon Power SP064GBSFU320F21 64 GB,,"4,3200","2,32",,,13.75,22.0
Silicon Power SP064GBSFU320F22 64 GB,,"4,3200","2,32",,,13.75,22.0
TEAMGROUP T-Force Vulcan 16 GB,,"5,5200","1,16",,Black,14.615,38.0
TEAMGROUP T-Force Vulcan 16 GB,,"5,5600","1,16",,Black,14.286,40.0
TEAMGROUP T-Force Vulcan 8 GB,,"5,5200","1,8",,Red,15.385,40.0
TEAMGROUP T-Force Vulcan 32 GB,,"5,5200","1,32",,Red,15.385,40.0
TEAMGROUP T-Force Vulcan 16 GB,,"5,5600","1,16",,Red,11.429,32.0
TEAMGROUP T-Force Vulcan 16 GB,,"5,5600","1,16",,Red,12.857,36.0
TEAMGROUP T-Force Vulcan 16 GB,,"5,5600","1,16",,Red,14.286,40.0
TEAMGROUP Night Hawk RGB Gen 2 32 GB,,"4,3000","2,16",,White,10.667,16.0
TEAMGROUP Night Hawk RGB Gen 2 16 GB,,"4,3000","2,8",,White,10.667,16.0
TEAMGROUP Night Hawk RGB Gen 2 16 GB,,"4,3200","2,8",,Black,10.0,16.0
TEAMGROUP Night Hawk RGB Gen 2 16 GB,,"4,3600","2,8",,White,10.0,18.0
TEAMGROUP Night Hawk RGB Gen 2 32 GB,,"4,3600","2,16",,White,10.0,18.0
TEAMGROUP Night Hawk RGB Gen 2 16 GB,,"4,4000","2,8",,Black,9.0,18.0
TEAMGROUP Night Hawk RGB Gen 2 32 GB,,"4,4000","2,16",,Black,9.0,18.0
TEAMGROUP Night Hawk RGB Gen 2 32 GB,,"4,4000","2,16",,White,9.0,18.0
Thermaltake TOUGHRAM XG RGB 16 GB,,"4,3600","2,8",,Black / Silver,10.0,18.0
Thermaltake TOUGHRAM XG RGB 32 GB,,"4,4000","2,16",,White / Silver,9.5,19.0
Samsung M393B1G73BH0-CK0 8 GB,,"3,1600","1,8",,Green / Black,13.75,11.0
ADATA XPG GAMMIX D10 32 GB,,"4,3200","2,16",,Silver,10.0,16.0
Silicon Power SP032GBLFU240BD2 32 GB,,"4,2400","2,16",,Gray,14.167,17.0
Silicon Power SP016GBLFU240BD2 16 GB,,"4,2400","2,8",,Gray,14.167,17.0
Silicon Power SP008GBLFU240ND2 8 GB,,"4,2400","2,4",,Gray,14.167,17.0
Silicon Power SP016GBLFU240BS2 16 GB,,"4,2400","1,16",,Gray,14.167,17.0
Silicon Power SP008GBLFU240BS2 8 GB,,"4,2400","1,8",,Gray,14.167,17.0
Silicon Power SP004GBLFU240NS2 4 GB,,"4,2400","1,4",,Gray,14.167,17.0
GeIL EVO V RGB 32 GB,,"5,6600","2,16",,Black,11.515,38.0
GeIL EVO V RGB 32 GB,,"5,6600","2,16",,White,11.515,38.0
Mushkin Redline 32 GB,,"5,6000","2,16",,Black,12.0,36.0
Mushkin Redline 32 GB,,"5,5600","2,16",,Black,12.857,36.0
Mushkin Redline 32 GB,,"5,5200","2,16",,Black,13.846,36.0
Mushkin Redline 32 GB,,"5,5200","2,16",,Black,15.385,40.0
TEAMGROUP Elite 16 GB,,"4,2400","2,8",,Black,13.333,16.0
Neo Forza FAYE 32 GB,,"4,3600","2,16",,Black / Silver,10.0,18.0
Neo Forza FAYE 64 GB,,"4,3600","2,32",,Black / Silver,10.0,18.0
Neo Forza FAYE 64 GB,,"4,3600","2,32",,Black / Silver,10.0,18.0
Neo Forza FAYE 16 GB,,"4,3600","2,8",,Black / Silver,10.0,18.0
Neo Forza FAYE 64 GB,,"4,4000","2,32",,Black / Silver,9.5,19.0
Neo Forza FAYE 16 GB,,"4,4600","2,8",,Black / Silver,8.261,19.0
TEAMGROUP T-Force Delta RGB 64 GB,,"5,5600","2,32",,White / Silver,14.286,40.0
V-Color Manta XPrism RGB 32 GB,,"5,7800","2,16",,Silver,9.744,38.0
Neo Forza MARS 32 GB,,"4,3600","2,16",,Gray / Black,10.0,18.0
Neo Forza MARS 32 GB,,"4,3600","2,16",,Gray / Black,10.0,18.0
Neo Forza MARS 32 GB,,"4,3600","2,16",,Gray / Black,10.0,18.0
Neo Forza MARS 32 GB,,"4,3600","2,16",,Gray / Black,10.0,18.0
Neo Forza MARS 32 GB,,"4,4000","2,16",,Gray / Black,9.5,19.0
Neo Forza MARS 32 GB,,"4,4000","2,16",,Gray / Black,9.5,19.0
Neo Forza MARS 16 GB,,"4,4000","2,8",,Gray / Black,9.5,19.0
TEAMGROUP Elite Plus 32 GB,,"5,5200","1,32",,Silver,16.154,42.0
TEAMGROUP Elite Plus 16 GB,,"5,5200","2,8",,Silver,16.154,42.0
TEAMGROUP Elite Plus 16 GB,,"5,5200","1,16",,Silver,16.154,42.0
TEAMGROUP Elite Plus 64 GB,,"5,5200","2,32",,Black,16.154,42.0
TEAMGROUP Elite Plus 32 GB,,"5,5200","2,16",,Black,16.154,42.0
TEAMGROUP Elite Plus 32 GB,,"5,5200","1,32",,Black,16.154,42.0
TEAMGROUP Elite Plus 8 GB,,"5,5200","1,8",,Silver,16.154,42.0
TEAMGROUP Elite Plus 64 GB,,"5,5200","2,32",,Silver,16.154,42.0
OLOy Blade RGB 64 GB,,"5,5600","2,32",,Black,12.857,36.0
OLOy Blade RGB 32 GB,,"5,6600","2,16",,Black,12.121,40.0
GeIL EVO V RGB 32 GB,,"5,6400","2,16",,White,11.875,38.0
GeIL EVO V RGB 32 GB,,"5,6400","2,16",,Black,11.875,38.0
OLOy Blade RGB 32 GB,,"5,6200","2,16",,Platinum,10.323,32.0
TEAMGROUP Elite 64 GB,,"4,2666","2,32",,Black,14.254,19.0
TEAMGROUP Elite 64 GB,,"4,2400","2,32",,Black,13.333,16.0
TEAMGROUP Elite 32 GB,,"4,2400","2,16",,Black,13.333,16.0
TEAMGROUP Elite 8 GB,,"4,2400","2,4",,Black,13.333,16.0
TEAMGROUP Elite 32 GB,,"4,2133","2,16",,Black,14.065,15.0
TEAMGROUP Elite 16 GB,,"4,2133","2,8",,Black,14.065,15.0
TEAMGROUP Elite 8 GB,,"4,2133","2,4",,Black,14.065,15.0
TEAMGROUP Elite 32 GB,,"4,2666","1,32",,Black,14.254,19.0
TEAMGROUP Elite 32 GB,,"4,2400","1,32",,Black,13.333,16.0
TEAMGROUP Elite 16 GB,,"4,2400","1,16",,Black,13.333,16.0
TEAMGROUP Elite 16 GB,,"4,2133","1,16",,Black,14.065,15.0
TEAMGROUP Elite 8 GB,,"4,2133","1,8",,Black,14.065,15.0
TEAMGROUP Elite 4 GB,,"4,2133","1,4",,Black,14.065,15.0
TEAMGROUP T-Create Classic 8 GB,,"4,2666","1,8",,Silver / Black,14.254,19.0
TEAMGROUP T-Create Classic 16 GB,,"4,2666","1,16",,Silver / Black,14.254,19.0
TEAMGROUP T-Create Classic 8 GB,,"4,3200","1,8",,Silver / Black,13.75,22.0
TEAMGROUP T-Create Classic 16 GB,,"4,3200","1,16",,Silver / Black,13.75,22.0
TEAMGROUP T-Create Classic 32 GB,,"4,3200","1,32",,Silver / Black,13.75,22.0
TEAMGROUP T-Create Classic 16 GB,,"4,2666","2,8",,Silver / Black,14.254,19.0
TEAMGROUP T-Create Classic 32 GB,,"4,2666","2,16",,Silver / Black,14.254,19.0
TEAMGROUP T-Create Classic 64 GB,,"4,2666","2,32",,Silver / Black,14.254,19.0
TEAMGROUP T-Create Classic 16 GB,,"4,3200","2,8",,Silver / Black,13.75,22.0
TEAMGROUP T-Create Classic 64 GB,,"4,3200","2,32",,Silver / Black,13.75,22.0
TEAMGROUP T-Force Zeus 64 GB,,"4,3200","2,32",,Red / Black,10.0,16.0
TEAMGROUP T-Force Zeus 32 GB,,"4,3200","2,16",,Red / Black,10.0,16.0
TEAMGROUP T-Force Zeus 16 GB,,"4,3200","2,8",,Red / Black,10.0,16.0
TEAMGROUP T-Force Zeus 64 GB,,"4,3200","2,32",,Red / Black,13.75,22.0
TEAMGROUP T-Force Zeus 32 GB,,"4,3200","2,16",,Red / Black,13.75,22.0
TEAMGROUP T-Force Zeus 64 GB,,"4,2666","2,32",,Red / Black,14.254,19.0
TEAMGROUP T-Force Zeus 32 GB,,"4,2666","2,16",,Red / Black,14.254,19.0
TEAMGROUP T-Force Zeus 16 GB,,"4,2666","2,8",,Red / Black,14.254,19.0
TEAMGROUP T-Force Zeus 32 GB,,"4,3200","1,32",,Red / Black,10.0,16.0
TEAMGROUP T-Force Zeus 16 GB,,"4,3200","1,16",,Red / Black,10.0,16.0
TEAMGROUP T-Force Zeus 32 GB,,"4,3200","1,32",,Red / Black,13.75,22.0
TEAMGROUP T-Force Zeus 8 GB,,"4,3200","1,8",,Red / Black,13.75,22.0
TEAMGROUP T-Force Zeus 32 GB,,"4,2666","1,32",,Red / Black,14.254,19.0
TEAMGROUP T-Force Zeus 16 GB,,"4,2666","1,16",,Red / Black,14.254,19.0
TEAMGROUP T-Force Zeus 8 GB,,"4,2666","1,8",,Red / Black,14.254,19.0
Silicon Power XPOWER Zenith RGB Gaming 64 GB,,"5,6000","2,32",,Black,13.333,40.0
Silicon Power XPOWER Zenith RGB Gaming 64 GB,,"5,6000","2,32",,White,13.333,40.0
Silicon Power XPOWER Zenith RGB Gaming 32 GB,,"5,6000","1,32",,White,13.333,40.0
Silicon Power XPOWER Zenith RGB Gaming 32 GB,,"5,6000","1,32",,Black,13.333,40.0
Silicon Power XPOWER Zenith RGB Gaming 16 GB,,"5,6000","1,16",,White,13.333,40.0
Silicon Power XPOWER Zenith RGB Gaming 16 GB,,"5,6000","1,16",,Black,13.333,40.0
Kingston ValueRAM 16 GB,,"4,2933","1,16",,Green,14.32,21.0
Kingston FURY Impact 8 GB,,"4,2666","1,8",,Black,11.253,15.0
Kingston FURY Impact 16 GB,,"4,2666","1,16",,Black,12.003,16.0
Kingston FURY Impact 64 GB,,"4,2666","2,32",,Black,12.003,16.0
PROXMEM SPEAR 32 GB,,"5,6800","2,16",,Black / Silver,11.176,38.0
PROXMEM KERBEROS 32 GB,,"4,3600","2,16",,Black / Silver,10.0,18.0
PROXMEM KERBEROS 16 GB,,"4,3600","2,8",,Black / Silver,10.0,18.0
PROXMEM KERBEROS 32 GB,,"5,5600","2,16",,Black / Silver,12.857,36.0
PROXMEM KERBEROS 32 GB,,"5,6400","2,16",,Black / Silver,11.875,38.0
Timetec PINNACLE 16 GB,,"4,3600","2,8",,White / Silver,10.0,18.0
Timetec PINNACLE Konduit RGB 32 GB,,"4,3200","1,32",,Black,10.0,16.0
Timetec PINNACLE Konduit RGB 16 GB,,"4,3200","1,16",,Black,10.0,16.0
Timetec PINNACLE Konduit RGB 8 GB,,"4,3200","1,8",,Black,10.0,16.0
Timetec PINNACLE Konduit 8 GB,,"4,3600","1,8",,Black,10.0,18.0
Timetec PINNACLE Konduit RGB 64 GB,,"4,3600","2,32",,Black,10.0,18.0
Timetec PINNACLE Konduit RGB 16 GB,,"4,3600","1,16",,Black,10.0,18.0
Timetec PINNACLE Konduit RGB 8 GB,,"4,3600","1,8",,Black,10.0,18.0
PROXMEM UNDERWORLD TUF 32 GB,,"5,6800","2,16",,Black / Gray,10.0,34.0
PROXMEM UNDERWORLD TUF 32 GB,,"5,6400","2,16",,Black / Gray,10.0,32.0
Thermaltake TOUGHRAM RC 32 GB,,"5,4800","2,16",,Black,16.667,40.0
GeIL Polaris RGB 32 GB,,"5,6400","2,16",,Red,11.875,38.0
GeIL Polaris RGB 32 GB,,"5,6000","2,16",,Red,12.667,38.0
GeIL Polaris RGB 32 GB,,"5,6400","2,16",,Black,11.875,38.0
GeIL Polaris 32 GB,,"5,5600","2,16",,Red,16.429,46.0
TEAMGROUP T-Force DELTAα RGB 8 GB,,"5,5200","1,8",,Black,14.615,38.0
TEAMGROUP T-Force DELTAα RGB 8 GB,,"5,5200","1,8",,White,14.615,38.0
TEAMGROUP T-Force DELTAα RGB 16 GB,,"5,5200","2,8",,White,14.615,38.0
TEAMGROUP T-Force DELTAα RGB 16 GB,,"5,5600","1,16",,White,14.286,40.0
TEAMGROUP T-Force DELTAα RGB 16 GB,,"5,6000","1,16",,Black,12.667,38.0
TEAMGROUP T-Force Delta RGB Valkyrie Edition 32 GB,,"5,5600","2,16",,Black,14.286,40.0
TEAMGROUP T-Force Vulcanα 16 GB,,"5,6000","1,16",,Red,12.667,38.0
TEAMGROUP T-Force Vulcanα 16 GB,,"5,6000","1,16",,Black,12.667,38.0
TEAMGROUP T-Force Vulcanα 32 GB,,"5,5600","2,16",,Red,14.286,40.0
TEAMGROUP T-Force Vulcanα 16 GB,,"5,5600","1,16",,Red,14.286,40.0
TEAMGROUP T-Force Vulcanα 16 GB,,"5,5200","2,8",,Red,14.615,38.0
TEAMGROUP T-Force Vulcanα 16 GB,,"5,5200","2,8",,Black,14.615,38.0
TEAMGROUP T-Force Vulcanα 8 GB,,"5,5200","1,8",,Red,14.615,38.0
TEAMGROUP T-Force Vulcanα 8 GB,,"5,5200","1,8",,Black,14.615,38.0
TEAMGROUP T-Force Vulcanα 16 GB,,"5,5200","2,8",,Red,14.615,38.0
TEAMGROUP T-Force Vulcanα 8 GB,,"5,5200","1,8",,Red,14.615,38.0
TEAMGROUP T-Force Vulcanα 8 GB,,"5,5200","1,8",,Black,14.615,38.0
Mushkin Enhanced Redline 64 GB,,"5,5600","2,32",,Black,12.857,36.0
OLOy Blade RGB 32 GB,,"5,7200","2,16",,Black,10.0,36.0
OLOy Blade RGB 32 GB,,"5,7800","2,16",,Black,9.231,36.0
Mushkin Enhanced Redline Stiletto 16 GB,,"4,4000","2,8",,Black,9.0,18.0
Mushkin Enhanced Redline Stiletto 16 GB,,"4,3200","2,8",,Black,8.75,14.0
Mushkin Enhanced Redline Stiletto 64 GB,,"4,3200","2,32",,Black,8.75,14.0
Mushkin Enhanced Redline Stiletto 32 GB,,"4,3600","2,16",,Black,10.0,18.0
Mushkin Enhanced Redline Stiletto 32 GB,,"4,4133","2,16",,Black,9.194,19.0
Mushkin Enhanced Redline Stiletto 32 GB,,"4,3200","2,16",,Black,8.75,14.0
OLOy Blade RGB 32 GB,,"4,3200","2,16",,Black / Silver,10.0,16.0
OLOy Blade RGB 16 GB,,"4,3200","2,8",,Black / Silver,10.0,16.0
OLOy Blade RGB 16 GB,,"4,4266","2,8",,Silver,8.439,18.0
OLOy Blade RGB 32 GB,,"4,4000","2,16",,Black / Silver,9.0,18.0
OLOy Blade RGB 32 GB,,"4,4600","2,16",,Black / Silver,8.261,19.0
OLOy Blade RGB 16 GB,,"4,4000","2,8",,Silver,8.0,16.0
OLOy Blade RGB 16 GB,,"4,3600","2,8",,White,10.0,18.0
OLOy Blade RGB 16 GB,,"4,3200","2,8",,Black,10.0,16.0
OLOy Blade RGB 16 GB,,"4,3200","2,8",,Silver,8.75,14.0
OLOy Blade RGB 16 GB,,"4,4600","2,8",,Black / Silver,7.826,18.0
OLOy Blade RGB 16 GB,,"4,4400","2,8",,Black / Silver,8.182,18.0
OLOy Blade RGB 16 GB,,"4,4000","2,8",,Silver,9.0,18.0
OLOy Blade RGB 64 GB,,"4,3200","2,32",,Black / Silver,10.0,16.0
OLOy Blade RGB 32 GB,,"4,3200","2,16",,Black,10.0,16.0
Silicon Power XPOWER Zenith Gaming 32 GB,,"5,6000","1,32",,White,13.333,40.0
Silicon Power XPOWER Zenith Gaming 32 GB,,"5,6000","1,32",,Black,13.333,40.0
Silicon Power XPOWER Zenith Gaming 16 GB,,"5,6000","1,16",,Black,13.333,40.0
Silicon Power XPOWER Zenith Gaming 16 GB,,"5,6000","1,16",,White,13.333,40.0
OLOy WarHawk RGB 32 GB,,"4,3200","2,16",,Black / Silver,10.0,16.0
OLOy WarHawk RGB 32 GB,,"4,3200","2,16",,White / Silver,10.0,16.0
OLOy WarHawk RGB 32 GB,,"4,3600","2,16",,Black / Silver,10.0,18.0
OLOy WarHawk RGB 32 GB,,"4,3600","2,16",,Black / Silver,10.0,18.0
OLOy WarHawk RGB 32 GB,,"4,4000","2,16",,White / Silver,9.0,18.0
GeIL ORION V RGB 32 GB,,"5,5200","2,16",,Red,13.077,34.0
GeIL ORION V RGB 16 GB,,"5,5200","1,16",,Red,13.077,34.0
GeIL ORION V RGB 32 GB,,"5,5200","2,16",,Black,16.154,42.0
GeIL ORION V RGB 32 GB,,"5,5200","2,16",,Red,16.154,42.0
GeIL ORION V RGB 16 GB,,"5,5200","1,16",,Black,16.154,42.0
GeIL ORION V RGB 16 GB,,"5,5200","1,16",,Red,16.154,42.0
GeIL ORION V RGB 32 GB,,"5,5600","2,16",,Black,13.571,38.0
GeIL ORION V RGB 32 GB,,"5,5600","2,16",,Red,13.571,38.0
GeIL ORION V RGB 16 GB,,"5,5600","1,16",,Black,13.571,38.0
GeIL ORION V RGB 16 GB,,"5,5600","1,16",,Red,13.571,38.0
GeIL ORION V RGB 32 GB,,"5,5600","2,16",,Black,16.429,46.0
GeIL ORION V RGB 32 GB,,"5,5600","2,16",,Red,16.429,46.0
GeIL ORION V RGB 16 GB,,"5,5600","1,16",,Black,16.429,46.0
GeIL ORION V RGB 16 GB,,"5,5600","1,16",,Red,16.429,46.0
GeIL ORION V RGB 32 GB,,"5,6000","2,16",,Black,10.667,32.0
GeIL ORION V RGB 32 GB,,"5,6000","2,16",,Red,10.667,32.0
GeIL ORION V RGB 16 GB,,"5,6000","1,16",,Black,10.667,32.0
GeIL ORION V RGB 16 GB,,"5,6000","1,16",,Red,10.667,32.0
GeIL ORION V RGB 32 GB,,"5,6000","2,16",,Red,12.667,38.0
GeIL ORION V RGB 16 GB,,"5,6000","1,16",,Black,12.667,38.0
GeIL ORION V RGB 16 GB,,"5,6000","1,16",,Red,12.667,38.0
GeIL ORION V RGB 16 GB,,"5,6400","1,16",,Black,11.875,38.0
GeIL ORION V RGB 16 GB,,"5,6400","1,16",,Red,11.875,38.0
GeIL ORION V RGB 32 GB,,"5,6800","2,16",,Black,10.588,36.0
GeIL ORION V RGB 32 GB,,"5,6800","2,16",,Red,10.588,36.0
GeIL ORION V RGB 16 GB,,"5,6800","1,16",,Black,10.588,36.0
GeIL ORION V RGB 16 GB,,"5,6800","1,16",,Red,10.588,36.0
GeIL ORION V RGB 32 GB,,"5,7200","2,16",,Red,10.0,36.0
GeIL ORION V RGB 16 GB,,"5,7200","1,16",,Black,10.0,36.0
GeIL ORION V RGB 16 GB,,"5,7200","1,16",,Red,10.0,36.0
GeIL ORION V RGB 32 GB,,"5,7600","2,16",,Black,9.474,36.0
GeIL ORION V RGB 32 GB,,"5,7600","2,16",,Red,9.474,36.0
GeIL ORION V RGB 32 GB,,"5,8000","2,16",,Red,9.5,38.0
GeIL ORION V 32 GB,,"5,5200","2,16",,Black,13.077,34.0
GeIL ORION V 32 GB,,"5,5200","2,16",,Red,13.077,34.0
GeIL ORION V 16 GB,,"5,5200","1,16",,Black,13.077,34.0
GeIL ORION V 16 GB,,"5,5200","1,16",,Red,13.077,34.0
GeIL ORION V 32 GB,,"5,5200","2,16",,Black,16.154,42.0
GeIL ORION V 32 GB,,"5,5200","2,16",,Red,16.154,42.0
GeIL ORION V 16 GB,,"5,5200","1,16",,Black,16.154,42.0
GeIL ORION V 16 GB,,"5,5200","1,16",,Red,16.154,42.0
GeIL ORION V 32 GB,,"5,5600","2,16",,Black,13.571,38.0
GeIL ORION V 32 GB,,"5,5600","2,16",,Red,13.571,38.0
GeIL ORION V 16 GB,,"5,5600","1,16",,Black,13.571,38.0
GeIL ORION V 16 GB,,"5,5600","1,16",,Red,13.571,38.0
GeIL ORION V 32 GB,,"5,5600","2,16",,Black,16.429,46.0
GeIL ORION V 32 GB,,"5,5600","2,16",,Red,16.429,46.0
GeIL ORION V 16 GB,,"5,5600","1,16",,Black,16.429,46.0
GeIL ORION V 16 GB,,"5,5600","1,16",,Red,16.429,46.0
GeIL ORION V 32 GB,,"5,6000","2,16",,Red,10.667,32.0
GeIL ORION V 16 GB,,"5,6000","1,16",,Black,10.667,32.0
GeIL ORION V 16 GB,,"5,6000","1,16",,Red,10.667,32.0
GeIL ORION V 32 GB,,"5,6000","2,16",,Red,12.667,38.0
GeIL ORION V 16 GB,,"5,6000","1,16",,Black,12.667,38.0
GeIL ORION V 16 GB,,"5,6000","1,16",,Red,12.667,38.0
GeIL ORION V 32 GB,,"5,6400","2,16",,Black,11.875,38.0
GeIL ORION V 32 GB,,"5,6400","2,16",,Red,11.875,38.0
GeIL ORION V 16 GB,,"5,6400","1,16",,Black,11.875,38.0
GeIL ORION V 16 GB,,"5,6400","1,16",,Red,11.875,38.0
GeIL ORION V 32 GB,,"5,6800","2,16",,Black,10.588,36.0
GeIL ORION V 32 GB,,"5,6800","2,16",,Red,10.588,36.0
GeIL ORION V 16 GB,,"5,6800","1,16",,Black,10.588,36.0
GeIL ORION V 16 GB,,"5,6800","1,16",,Red,10.588,36.0
GeIL ORION V 32 GB,,"5,7200","2,16",,Black,10.0,36.0
GeIL ORION V 32 GB,,"5,7200","2,16",,Red,10.0,36.0
GeIL ORION V 16 GB,,"5,7200","1,16",,Black,10.0,36.0
GeIL ORION V 16 GB,,"5,7200","1,16",,Red,10.0,36.0
GeIL ORION V 32 GB,,"5,7600","2,16",,Black,9.474,36.0
GeIL ORION V 32 GB,,"5,7600","2,16",,Red,9.474,36.0
GeIL ORION V 32 GB,,"5,8000","2,16",,Black,9.5,38.0
GeIL ORION V 32 GB,,"5,8000","2,16",,Red,9.5,38.0
GeIL ORION V RGB AMD 32 GB,,"5,5200","2,16",,Black,16.154,42.0
GeIL ORION V RGB AMD 16 GB,,"5,5200","1,16",,Red,16.154,42.0
GeIL ORION V RGB AMD 32 GB,,"5,5200","2,16",,Black,13.077,34.0
GeIL ORION V RGB AMD 32 GB,,"5,5200","2,16",,Red,13.077,34.0
GeIL ORION V RGB AMD 16 GB,,"5,5200","1,16",,Black,13.077,34.0
GeIL ORION V RGB AMD 16 GB,,"5,5200","1,16",,Red,13.077,34.0
GeIL ORION V RGB AMD 16 GB,,"5,5600","1,16",,Black,13.571,38.0
GeIL ORION V RGB AMD 16 GB,,"5,5600","1,16",,Red,13.571,38.0
GeIL ORION V RGB AMD 32 GB,,"5,5600","2,16",,Black,16.429,46.0
GeIL ORION V RGB AMD 32 GB,,"5,5600","2,16",,Red,16.429,46.0
GeIL ORION V RGB AMD 16 GB,,"5,5600","1,16",,Black,16.429,46.0
GeIL ORION V RGB AMD 32 GB,,"5,6000","2,16",,Red,10.667,32.0
GeIL ORION V RGB AMD 16 GB,,"5,6000","1,16",,Red,10.667,32.0
GeIL ORION V RGB AMD 32 GB,,"5,6000","2,16",,Black,12.667,38.0
GeIL ORION V RGB AMD 32 GB,,"5,6000","2,16",,Red,12.667,38.0
GeIL ORION V RGB AMD 16 GB,,"5,6000","1,16",,Black,12.667,38.0
GeIL ORION V RGB AMD 16 GB,,"5,6000","1,16",,Red,12.667,38.0
GeIL ORION V AMD 32 GB,,"5,5200","2,16",,Black,16.154,42.0
GeIL ORION V AMD 16 GB,,"5,5200","1,16",,Black,16.154,42.0
GeIL ORION V AMD 16 GB,,"5,5200","1,16",,Red,16.154,42.0
GeIL ORION V AMD 32 GB,,"5,5200","2,16",,Black,13.077,34.0
GeIL ORION V AMD 32 GB,,"5,5200","2,16",,Red,13.077,34.0
GeIL ORION V AMD 16 GB,,"5,5200","1,16",,Black,13.077,34.0
GeIL ORION V AMD 16 GB,,"5,5200","1,16",,Red,13.077,34.0
GeIL ORION V AMD 32 GB,,"5,5600","2,16",,Red,13.571,38.0
GeIL ORION V AMD 16 GB,,"5,5600","1,16",,Black,13.571,38.0
GeIL ORION V AMD 16 GB,,"5,5600","1,16",,Red,13.571,38.0
GeIL ORION V AMD 32 GB,,"5,5600","2,16",,Black,16.429,46.0
GeIL ORION V AMD 32 GB,,"5,5600","2,16",,Red,16.429,46.0
GeIL ORION V AMD 16 GB,,"5,5600","1,16",,Black,16.429,46.0
GeIL ORION V AMD 16 GB,,"5,5600","1,16",,Red,16.429,46.0
GeIL ORION V AMD 32 GB,,"5,6000","2,16",,Black,10.667,32.0
GeIL ORION V AMD 32 GB,,"5,6000","2,16",,Red,10.667,32.0
GeIL ORION V AMD 16 GB,,"5,6000","1,16",,Black,10.667,32.0
GeIL ORION V AMD 32 GB,,"5,6000","2,16",,Black,12.667,38.0
GeIL ORION V AMD 32 GB,,"5,6000","2,16",,Red,12.667,38.0
GeIL ORION V AMD 16 GB,,"5,6000","1,16",,Red,12.667,38.0
TEAMGROUP Elite Plus 16 GB,,"4,2666","1,16",,Black / Gold,14.254,19.0
TEAMGROUP Elite Plus 4 GB,,"4,2666","1,4",,Black / Gold,14.254,19.0
TEAMGROUP TPD432G3200HC2201 32 GB,,"4,3200","1,32",,Black / Gold,13.75,22.0
TEAMGROUP TPD48G3200HC22016 8 GB,,"4,3200","1,8",,Black / Gold,13.75,22.0
TEAMGROUP TPD44G3200HC2201 4 GB,,"4,3200","1,4",,Black / Gold,13.75,22.0
TEAMGROUP Elite Plus 4 GB,,"4,2133","1,4",,Black / Gold,14.065,15.0
TEAMGROUP Elite Plus 8 GB,,"4,2133","1,8",,Black / Gold,14.065,15.0
TEAMGROUP Elite Plus 16 GB,,"4,2133","1,16",,Black / Gold,14.065,15.0
TEAMGROUP Elite Plus 32 GB,,"4,2400","1,32",,Black / Gold,13.333,16.0
TEAMGROUP Elite Plus 8 GB,,"4,2400","1,8",,Black / Gold,13.333,16.0
TEAMGROUP Elite Plus 4 GB,,"4,2400","1,4",,Black / Gold,13.333,16.0
TEAMGROUP Elite Plus 32 GB,,"4,2400","1,32",,Black / Gold,13.333,16.0
TEAMGROUP Elite Plus 16 GB,,"4,2400","1,16",,Black / Gold,13.333,16.0
TEAMGROUP Elite Plus 8 GB,,"4,2400","1,8",,Black / Gold,13.333,16.0
TEAMGROUP Elite Plus 4 GB,,"4,2400","1,4",,Black / Gold,13.333,16.0
TEAMGROUP Elite Plus 32 GB,,"4,2666","1,32",,Black / Gold,14.254,19.0
TEAMGROUP Elite Plus 16 GB,,"4,2666","1,16",,Black / Gold,14.254,19.0
TEAMGROUP Elite Plus 8 GB,,"4,2666","1,8",,Black / Gold,14.254,19.0
TEAMGROUP Elite Plus 8 GB,,"4,2666","1,8",,Black / Gold,14.254,19.0
TEAMGROUP Elite Plus 4 GB,,"4,2666","1,4",,Black / Gold,14.254,19.0
TEAMGROUP Elite Plus 32 GB,,"4,3200","1,32",,Black / Gold,13.75,22.0
TEAMGROUP Elite Plus 8 GB,,"4,3200","1,8",,Black / Gold,13.75,22.0
TEAMGROUP Elite Plus 8 GB,,"4,3200","1,8",,Black / Gold,13.75,22.0
TEAMGROUP Elite Plus 4 GB,,"4,3200","1,4",,Black / Gold,13.75,22.0
TEAMGROUP Elite Plus 8 GB,,"4,2133","2,4",,Black / Gold,14.065,15.0
TEAMGROUP Elite Plus 16 GB,,"4,2133","2,8",,Black / Gold,14.065,15.0
TEAMGROUP Elite Plus 32 GB,,"4,2133","2,16",,Black / Gold,14.065,15.0
TEAMGROUP Elite Plus 16 GB,,"4,2133","4,4",,Black / Gold,14.065,15.0
TEAMGROUP Elite Plus 32 GB,,"4,2133","4,8",,Black / Gold,14.065,15.0
TEAMGROUP Elite Plus 32 GB,,"4,2400","4,8",,Black / Gold,13.333,16.0
TEAMGROUP Elite Plus 16 GB,,"4,2400","4,4",,Black / Gold,13.333,16.0
TEAMGROUP Elite Plus 64 GB,,"4,2400","2,32",,Black / Gold,13.333,16.0
TEAMGROUP Elite Plus 64 GB,,"4,2666","2,32",,Black / Gold,14.254,19.0
TEAMGROUP Elite Plus 16 GB,,"4,2666","4,4",,Black / Gold,14.254,19.0
TEAMGROUP Elite Plus 32 GB,,"4,2666","4,8",,Black / Gold,14.254,19.0
TEAMGROUP Elite Plus 64 GB,,"4,3200","2,32",,Black / Gold,13.75,22.0
TEAMGROUP Elite Plus 16 GB,,"4,3200","2,8",,Black / Gold,13.75,22.0
TEAMGROUP Elite Plus 64 GB,,"4,2400","2,32",,Black / Gold,13.333,16.0
TEAMGROUP Elite Plus 32 GB,,"4,2400","2,16",,Black / Gold,13.333,16.0
TEAMGROUP Elite Plus 8 GB,,"4,2400","2,4",,Black / Gold,13.333,16.0
TEAMGROUP Elite Plus 64 GB,,"4,2666","2,32",,Black / Gold,14.254,19.0
TEAMGROUP Elite Plus 16 GB,,"4,2666","2,8",,Black / Gold,14.254,19.0
TEAMGROUP Elite Plus 16 GB,,"4,2666","2,8",,Black / Gold,14.254,19.0
TEAMGROUP Elite Plus 8 GB,,"4,2666","2,4",,Black / Gold,14.254,19.0
TEAMGROUP Elite Plus 64 GB,,"4,3200","2,32",,Black / Gold,13.75,22.0
TEAMGROUP Elite Plus 32 GB,,"4,3200","2,16",,Black / Gold,13.75,22.0
TEAMGROUP Elite Plus 16 GB,,"4,3200","2,8",,Black / Gold,13.75,22.0
TEAMGROUP Elite Plus 16 GB,,"4,3200","2,8",,Black / Gold,13.75,22.0
TEAMGROUP Elite Plus 8 GB,,"4,3200","2,4",,Black / Gold,13.75,22.0
TEAMGROUP Elite Plus 16 GB,,"4,2133","1,16",,Red / Black,14.065,15.0
TEAMGROUP Elite Plus 8 GB,,"4,2133","1,8",,Red / Black,14.065,15.0
TEAMGROUP Elite Plus 4 GB,,"4,2133","1,4",,Red / Black,14.065,15.0
TEAMGROUP Elite Plus 32 GB,,"4,2400","1,32",,Red / Black,13.333,16.0
TEAMGROUP Elite Plus 32 GB,,"4,2666","1,32",,Red / Black,14.254,19.0
TEAMGROUP Elite Plus 16 GB,,"4,2666","1,16",,Red / Black,14.254,19.0
TEAMGROUP Elite Plus 8 GB,,"4,2666","1,8",,Red / Black,14.254,19.0
TEAMGROUP Elite Plus 8 GB,,"4,2666","1,8",,Red / Black,14.254,19.0
TEAMGROUP Elite Plus 4 GB,,"4,2666","1,4",,Red / Black,14.254,19.0
TEAMGROUP TPRD432G3200HC2201 32 GB,,"4,3200","1,32",,Red / Black,13.75,22.0
TEAMGROUP TPRD416G3200HC2201 16 GB,,"4,3200","1,16",,Red / Black,13.75,22.0
TEAMGROUP TPRD48G3200HC2201 8 GB,,"4,3200","1,8",,Red / Black,13.75,22.0
TEAMGROUP TPRD44G3200HC2201 4 GB,,"4,3200","1,4",,Red / Black,13.75,22.0
TEAMGROUP Elite Plus 32 GB,,"4,2400","1,32",,Red / Black,13.333,16.0
TEAMGROUP Elite Plus 16 GB,,"4,2400","1,16",,Red / Black,13.333,16.0
TEAMGROUP Elite Plus 8 GB,,"4,2400","1,8",,Red / Black,13.333,16.0
TEAMGROUP Elite Plus 4 GB,,"4,2400","1,4",,Red / Black,13.333,16.0
TEAMGROUP Elite Plus 32 GB,,"4,2666","1,32",,Red / Black,14.254,19.0
TEAMGROUP Elite Plus 16 GB,,"4,2666","1,16",,Red / Black,14.254,19.0
TEAMGROUP Elite Plus 8 GB,,"4,2666","1,8",,Red / Black,14.254,19.0
TEAMGROUP Elite Plus 8 GB,,"4,2666","1,8",,Red / Black,14.254,19.0
TEAMGROUP Elite Plus 4 GB,,"4,2666","1,4",,Red / Black,14.254,19.0
TEAMGROUP Elite Plus 32 GB,,"4,3200","1,32",,Red / Black,13.75,22.0
TEAMGROUP Elite Plus 8 GB,,"4,3200","1,8",,Red / Black,13.75,22.0
TEAMGROUP Elite Plus 4 GB,,"4,3200","1,4",,Red / Black,13.75,22.0
TEAMGROUP Elite Plus 32 GB,,"4,2133","4,8",,Red / Black,14.065,15.0
TEAMGROUP Elite Plus 16 GB,,"4,2133","4,4",,Red / Black,14.065,15.0
TEAMGROUP Elite Plus 32 GB,,"4,2133","2,16",,Red / Black,14.065,15.0
TEAMGROUP Elite Plus 8 GB,,"4,2133","2,4",,Red / Black,14.065,15.0
TEAMGROUP Elite Plus 32 GB,,"4,2400","4,8",,Red / Black,13.333,16.0
TEAMGROUP Elite Plus 16 GB,,"4,2400","4,4",,Red / Black,13.333,16.0
TEAMGROUP Elite Plus 64 GB,,"4,2400","2,32",,Red / Black,13.333,16.0
TEAMGROUP Elite Plus 32 GB,,"4,2400","2,16",,Red / Black,13.333,16.0
TEAMGROUP Elite Plus 8 GB,,"4,2666","2,4",,Red / Black,14.254,19.0
TEAMGROUP Elite Plus 16 GB,,"4,2666","2,8",,Red / Black,14.254,19.0
TEAMGROUP Elite Plus 32 GB,,"4,2666","2,16",,Red / Black,14.254,19.0
TEAMGROUP Elite Plus 64 GB,,"4,2666","2,32",,Red / Black,14.254,19.0
TEAMGROUP Elite Plus 16 GB,,"4,2666","4,4",,Red / Black,14.254,19.0
TEAMGROUP Elite Plus 32 GB,,"4,2666","4,8",,Red / Black,14.254,19.0
TEAMGROUP Elite Plus 64 GB,,"4,3200","2,32",,Red / Black,13.75,22.0
TEAMGROUP Elite Plus 16 GB,,"4,3200","2,8",,Red / Black,13.75,22.0
TEAMGROUP Elite Plus 16 GB,,"4,3200","2,8",,Red / Black,13.75,22.0
TEAMGROUP Elite Plus 8 GB,,"4,3200","2,4",,Red / Black,13.75,22.0
TEAMGROUP Elite Plus 64 GB,,"4,2400","2,32",,Red / Black,13.333,16.0
TEAMGROUP Elite Plus 32 GB,,"4,2400","2,16",,Red / Black,13.333,16.0
TEAMGROUP Elite Plus 8 GB,,"4,2400","2,4",,Red / Black,13.333,16.0
TEAMGROUP Elite Plus 64 GB,,"4,2666","2,32",,Red / Black,14.254,19.0
TEAMGROUP Elite Plus 32 GB,,"4,2666","2,16",,Red / Black,14.254,19.0
TEAMGROUP Elite Plus 16 GB,,"4,2666","2,8",,Red / Black,14.254,19.0
TEAMGROUP Elite Plus 16 GB,,"4,2666","2,8",,Red / Black,14.254,19.0
TEAMGROUP Elite Plus 8 GB,,"4,2666","2,4",,Red / Black,14.254,19.0
TEAMGROUP Elite Plus 64 GB,,"4,3200","2,32",,Red / Black,13.75,22.0
TEAMGROUP Elite Plus 32 GB,,"4,3200","2,16",,Red / Black,13.75,22.0
TEAMGROUP Elite Plus 16 GB,,"4,3200","2,8",,Red / Black,13.75,22.0
TEAMGROUP Elite Plus 8 GB,,"4,3200","2,4",,Red / Black,13.75,22.0
TEAMGROUP T-Force Delta TUF Gaming Alliance RGB 16 GB,,"5,6400","1,16",,Black,12.5,40.0
TEAMGROUP T-Force Delta TUF Gaming Alliance RGB 32 GB,,"5,6000","1,32",,Black,12.667,38.0
TEAMGROUP T-Force Delta TUF Gaming Alliance RGB 16 GB,,"5,6000","1,16",,Black,12.667,38.0
TEAMGROUP T-Force Delta TUF Gaming Alliance RGB 32 GB,,"5,5600","1,32",,Black,12.857,36.0
TEAMGROUP T-Force Delta TUF Gaming Alliance RGB 16 GB,,"5,5600","1,16",,Black,12.857,36.0
TEAMGROUP T-Force Delta TUF Gaming Alliance RGB 16 GB,,"5,5200","1,16",,Black,15.385,40.0
GeIL ORION V 32 GB,,"5,6000","2,16",,Black,10.0,30.0
GeIL ORION V AMD 32 GB,,"5,6000","2,16",,Red,10.0,30.0
TEAMGROUP Elite 8 GB,,"5,5200","1,8",,Black,16.154,42.0
TEAMGROUP Elite 16 GB,,"5,5200","2,8",,Black,16.154,42.0
Klevv CRAS V RGB 32 GB,,"5,8000","2,16",,Black,9.5,38.0
GeIL EVO V RGB 64 GB,,"5,4800","2,32",,White,16.667,40.0
GeIL EVO V RGB 32 GB,,"5,4800","2,16",,White,16.667,40.0
GeIL EVO V RGB 64 GB,,"5,4800","2,32",,Black,16.667,40.0
GeIL EVO V RGB 32 GB,,"5,4800","2,16",,Black,16.667,40.0
GeIL EVO V RGB 16 GB,,"5,4800","2,8",,Black,16.667,40.0
GeIL EVO V RGB 32 GB,,"5,4800","1,32",,White,16.667,40.0
GeIL EVO V RGB 16 GB,,"5,4800","1,16",,White,16.667,40.0
GeIL EVO V RGB 32 GB,,"5,4800","1,32",,Black,16.667,40.0
GeIL EVO V RGB 16 GB,,"5,4800","1,16",,Black,16.667,40.0
GeIL EVO V RGB 8 GB,,"5,4800","1,8",,Black,16.667,40.0
GeIL EVO V RGB 64 GB,,"5,5200","2,32",,White,13.077,34.0
GeIL EVO V RGB 32 GB,,"5,5200","2,16",,White,13.077,34.0
GeIL EVO V RGB 64 GB,,"5,5200","2,32",,Black,13.077,34.0
GeIL EVO V RGB 32 GB,,"5,5200","2,16",,Black,13.077,34.0
GeIL EVO V RGB 32 GB,,"5,5200","1,32",,White,13.077,34.0
GeIL EVO V RGB 32 GB,,"5,5200","1,32",,Black,13.077,34.0
GeIL EVO V RGB 16 GB,,"5,5200","1,16",,Black,13.077,34.0
GeIL EVO V RGB 64 GB,,"5,5200","2,32",,White,16.154,42.0
GeIL EVO V RGB 64 GB,,"5,5200","2,32",,Black,16.154,42.0
GeIL EVO V RGB 32 GB,,"5,5200","2,16",,White,16.154,42.0
GeIL EVO V RGB 32 GB,,"5,5200","2,16",,Black,16.154,42.0
GeIL EVO V RGB 32 GB,,"5,5200","1,32",,White,16.154,42.0
GeIL EVO V RGB 16 GB,,"5,5200","1,16",,White,16.154,42.0
GeIL EVO V RGB 32 GB,,"5,5200","1,32",,Black,16.154,42.0
GeIL EVO V RGB 16 GB,,"5,5200","1,16",,Black,16.154,42.0
GeIL EVO V RGB 64 GB,,"5,5600","2,32",,White,13.571,38.0
GeIL EVO V RGB 64 GB,,"5,5600","2,32",,Black,13.571,38.0
GeIL EVO V RGB 32 GB,,"5,5600","2,16",,Black,13.571,38.0
GeIL EVO V RGB 32 GB,,"5,5600","1,32",,White,13.571,38.0
GeIL EVO V RGB 16 GB,,"5,5600","1,16",,White,13.571,38.0
GeIL EVO V RGB 32 GB,,"5,5600","1,32",,Black,13.571,38.0
GeIL EVO V RGB 64 GB,,"5,5600","2,32",,White,16.429,46.0
GeIL EVO V RGB 32 GB,,"5,5600","2,16",,White,16.429,46.0
GeIL EVO V RGB 64 GB,,"5,5600","2,32",,Black,16.429,46.0
GeIL EVO V RGB 32 GB,,"5,5600","2,16",,Black,16.429,46.0
GeIL EVO V RGB 32 GB,,"5,5600","1,32",,White,16.429,46.0
GeIL EVO V RGB 16 GB,,"5,5600","1,16",,White,16.429,46.0
GeIL EVO V RGB 32 GB,,"5,5600","1,32",,Black,16.429,46.0
GeIL EVO V RGB 32 GB,,"5,6000","2,16",,White,10.0,30.0
GeIL EVO V RGB 16 GB,,"5,6000","1,16",,White,10.0,30.0
GeIL EVO V RGB 16 GB,,"5,6000","1,16",,Black,10.0,30.0
GeIL EVO V RGB 32 GB,,"5,6000","2,16",,White,10.667,32.0
GeIL EVO V RGB 32 GB,,"5,6000","2,16",,Black,10.667,32.0
GeIL EVO V RGB 16 GB,,"5,6000","1,16",,White,10.667,32.0
GeIL EVO V RGB 16 GB,,"5,6000","1,16",,Black,10.667,32.0
GeIL EVO V RGB 32 GB,,"5,6000","2,16",,White,12.667,38.0
GeIL EVO V RGB 16 GB,,"5,6000","1,16",,White,12.667,38.0
GeIL EVO V RGB 16 GB,,"5,6000","1,16",,Black,12.667,38.0
GeIL EVO V RGB 32 GB,,"5,6200","2,16",,White,10.968,34.0
GeIL EVO V RGB 32 GB,,"5,6200","2,16",,Black,10.968,34.0
GeIL EVO V RGB 16 GB,,"5,6200","1,16",,White,10.968,34.0
GeIL EVO V RGB 16 GB,,"5,6200","1,16",,Black,10.968,34.0
GeIL EVO V RGB 96 GB,,"5,6400","2,48",,White,11.875,38.0
GeIL EVO V RGB 96 GB,,"5,6400","2,48",,Black,11.875,38.0
GeIL EVO V RGB 16 GB,,"5,6600","1,16",,White,11.515,38.0
GeIL EVO V RGB 48 GB,,"5,6400","1,48",,White,11.875,38.0
GeIL EVO V RGB 16 GB,,"5,6400","1,16",,White,11.875,38.0
GeIL EVO V RGB 16 GB,,"5,6600","1,16",,Black,11.515,38.0
GeIL EVO V RGB 16 GB,,"5,6400","1,16",,Black,11.875,38.0
GeIL EVO V RGB 96 GB,,"5,6800","2,48",,White,10.588,36.0
GeIL EVO V RGB 32 GB,,"5,6800","2,16",,White,10.588,36.0
GeIL EVO V RGB 32 GB,,"5,6800","2,16",,Black,10.588,36.0
GeIL EVO V RGB 16 GB,,"5,6800","1,16",,White,10.588,36.0
GeIL EVO V RGB 16 GB,,"5,6800","1,16",,Black,10.588,36.0
GeIL EVO V RGB 48 GB,,"5,7200","2,24",,White,10.0,36.0
GeIL EVO V RGB 32 GB,,"5,7200","2,16",,White,10.0,36.0
GeIL EVO V RGB 48 GB,,"5,7200","2,24",,Black,10.0,36.0
GeIL EVO V RGB 32 GB,,"5,7200","2,16",,Black,10.0,36.0
GeIL EVO V RGB 16 GB,,"5,7200","1,16",,White,10.0,36.0
GeIL EVO V RGB 24 GB,,"5,7200","1,24",,Black,10.0,36.0
GeIL EVO V RGB 16 GB,,"5,7200","1,16",,Black,10.0,36.0
GeIL EVO V RGB 32 GB,,"5,7600","2,16",,Black,9.474,36.0
GeIL EVO V RGB 16 GB,,"5,7600","1,16",,White,9.474,36.0
GeIL EVO V RGB 48 GB,,"5,8000","2,24",,White,10.0,40.0
GeIL EVO V RGB 48 GB,,"5,8000","2,24",,Black,10.0,40.0
GeIL EVO V RGB 48 GB,,"5,8200","2,24",,White,9.756,40.0
GeIL EVO V RGB 48 GB,,"5,8200","2,24",,Black,9.756,40.0
Silicon Power XPOWER Zenith Gaming 32 GB,,"5,5600","2,16",,White,14.286,40.0
GOODRAM IRP-4000D4V64L18S/8G 8 GB,,"4,4000","1,8",,Black / Gold,9.0,18.0
GOODRAM IRP-W4000D4V64L18S/16GDC 16 GB,,"4,4000","2,8",,White,9.0,18.0
GOODRAM IRP-W4000D4V64L18S/8G 8 GB,,"4,4000","1,8",,White,9.0,18.0
Silicon Power SP032GXLWU600FDEAE 32 GB,,"5,6000","2,16",,Black,13.333,40.0
ADATA XPG LANCER RGB 16 GB,,"5,6800","1,16",,Black,10.0,34.0
ADATA XPG LANCER RGB 16 GB,,"5,6800","1,16",,White,10.0,34.0
ADATA XPG Lancer Blade RGB 64 GB,,"5,6400","2,32",,Black,10.0,32.0
ADATA XPG Lancer Blade RGB 64 GB,,"5,6400","2,32",,White,10.0,32.0
Netac Shadow II 8 GB,,"4,3600","1,8",,Black,10.0,18.0
TEAMGROUP T-Force Vulcan 64 GB,,"5,6000","2,32",,Black,11.333,34.0
TEAMGROUP T-Force Vulcan 64 GB,,"5,5600","2,32",,Black,14.286,40.0
TEAMGROUP T-Force Vulcan 64 GB,,"5,5600","2,32",,Black,12.857,36.0
TEAMGROUP T-Force Vulcan 32 GB,,"5,7000","2,16",,Black,9.143,32.0
TEAMGROUP T-Force Vulcan 32 GB,,"5,6400","1,32",,Black,10.625,34.0
TEAMGROUP T-Force Vulcan 32 GB,,"5,6000","1,32",,Black,11.333,34.0
TEAMGROUP T-Force Vulcan 32 GB,,"5,5600","1,32",,Black,14.286,40.0
TEAMGROUP T-Force Vulcan 32 GB,,"5,5600","1,32",,Black,12.857,36.0
TEAMGROUP T-Force Vulcan 16 GB,,"5,7000","1,16",,Black,9.143,32.0
TEAMGROUP T-Force Vulcan 16 GB,,"5,6400","1,16",,Black,12.5,40.0
TEAMGROUP T-Force Vulcan 16 GB,,"5,4800","1,16",,Black,15.833,38.0
TEAMGROUP T-Force Vulcan 8 GB,,"5,5600","1,8",,Black,14.286,40.0
TEAMGROUP T-Force Vulcan 8 GB,,"5,5200","1,8",,Black,15.385,40.0
TEAMGROUP T-Force Vulcan 16 GB,,"5,4800","1,16",,Red,15.833,38.0
TEAMGROUP T-Force Vulcan 8 GB,,"5,5200","1,8",,Red,15.385,40.0
TEAMGROUP T-Force Vulcan 8 GB,,"5,5600","1,8",,Red,14.286,40.0
TEAMGROUP T-Force Vulcan 32 GB,,"5,5600","1,32",,Red,14.286,40.0
TEAMGROUP T-Force Vulcan 32 GB,,"5,6000","1,32",,Red,14.667,44.0
TEAMGROUP T-Force Vulcan 16 GB,,"5,6400","1,16",,Red,9.375,30.0
TEAMGROUP T-Force Vulcan 16 GB,,"5,6400","1,16",,Red,10.0,32.0
TEAMGROUP T-Force Vulcan 16 GB,,"5,7000","1,16",,Red,9.143,32.0
TEAMGROUP T-Force Vulcan 16 GB,,"5,5200","2,8",,Red,15.385,40.0
TEAMGROUP T-Force Vulcan 64 GB,,"5,5600","2,32",,Red,14.286,40.0
TEAMGROUP T-Force Vulcan 32 GB,,"5,6000","2,16",,Red,9.333,28.0
TEAMGROUP T-Force Vulcan 32 GB,,"5,7000","2,16",,Red,9.143,32.0
Lexar LD4AS032G-R2666U 32 GB,,"4,2666","1,32",,Black,14.254,19.0
Lexar LD4AS016G-R2666U 16 GB,,"4,2666","1,16",,Black,14.254,19.0
Lexar LD4AS008G-R2666U 8 GB,,"4,2666","1,8",,Black,14.254,19.0
Lexar LD4AS016G-R3200GSST 16 GB,,"4,3200","1,16",,Black,13.75,22.0
Lexar LD4AS008G-R3200GSST 8 GB,,"4,3200","1,8",,Black,13.75,22.0
Lexar LD4AS032G-R2666G 32 GB,,"4,2666","1,32",,Black,14.254,19.0
Lexar LD4AS032G-R2666GSST 32 GB,,"4,2666","1,32",,Black,14.254,19.0
Lexar LD4AS016G-R2666G 16 GB,,"4,2666","1,16",,Black,14.254,19.0
Lexar LD4AS016G-R2666GSST 16 GB,,"4,2666","1,16",,Black,14.254,19.0
Lexar LD4AS008G-R2666G 8 GB,,"4,2666","1,8",,Black,14.254,19.0
Lexar LD4AS008G-R2666GSST 8 GB,,"4,2666","1,8",,Black,14.254,19.0
Lexar LD4AS004G-R2666G 4 GB,,"4,2666","1,4",,Black,14.254,19.0
Lexar LD4AS004G-R2666GSST 4 GB,,"4,2666","1,4",,Black,14.254,19.0
Lexar LD4AS016G-R3200CSST 16 GB,,"4,3200","1,16",,Black,13.75,22.0
Lexar LD4AS008G-R3200CSST 8 GB,,"4,3200","1,8",,Black,13.75,22.0
Lexar LD4AS032G-R2666C 32 GB,,"4,2666","1,32",,Black,14.254,19.0
Lexar LD4AS032G-R2666CSST 32 GB,,"4,2666","1,32",,Black,14.254,19.0
Lexar LD4AS016G-R2666C 16 GB,,"4,2666","1,16",,Black,14.254,19.0
Lexar LD4AS016G-R2666CSST 16 GB,,"4,2666","1,16",,Black,14.254,19.0
Lexar LD4AS008G-R2666C 8 GB,,"4,2666","1,8",,Black,14.254,19.0
Lexar LD4AS008G-R2666CSST 8 GB,,"4,2666","1,8",,Black,14.254,19.0
Lexar LD4AS004G-R2666C 4 GB,,"4,2666","1,4",,Black,14.254,19.0
Lexar LD4AS004G-R2666CSST 4 GB,,"4,2666","1,4",,Black,14.254,19.0
GeIL EVO X II AMD 32 GB,,"4,3200","2,16",,Black,10.0,16.0
GeIL EVO X II AMD 8 GB,,"4,4000","1,8",,Black,10.0,20.0
GeIL EVO X II AMD 8 GB,,"4,4000","1,8",,Black,9.0,18.0
GeIL EVO X II AMD 32 GB,,"4,3600","1,32",,Black,10.0,18.0
GeIL EVO X II AMD 4 GB,,"4,4000","1,4",,Black,9.0,18.0
GeIL EVO X II AMD 16 GB,,"4,3600","1,16",,Black,10.0,18.0
GeIL EVO X II AMD 8 GB,,"4,3600","1,8",,Black,10.0,18.0
GeIL EVO X II AMD 4 GB,,"4,3600","1,4",,Black,10.0,18.0
GeIL EVO X II AMD 16 GB,,"4,3600","1,16",,Black,10.0,18.0
GeIL EVO X II AMD 8 GB,,"4,3600","1,8",,Black,10.0,18.0
GeIL EVO X II AMD 4 GB,,"4,3600","1,4",,Black,10.0,18.0
GeIL EVO X II AMD 8 GB,,"4,3600","1,8",,Black,8.889,16.0
GeIL EVO X II AMD 4 GB,,"4,3600","1,4",,Black,8.889,16.0
GeIL EVO X II AMD 8 GB,,"4,3600","1,8",,Black,8.889,16.0
GeIL EVO X II AMD 4 GB,,"4,3600","1,4",,Black,8.889,16.0
GeIL EVO X II AMD 8 GB,,"4,3600","1,8",,Black,7.778,14.0
GeIL EVO X II AMD 4 GB,,"4,3600","1,4",,Black,7.778,14.0
GeIL EVO X II AMD 16 GB,,"4,3200","1,16",,Black,13.75,22.0
GeIL EVO X II AMD 8 GB,,"4,3200","1,8",,Black,13.75,22.0
GeIL EVO X II AMD 4 GB,,"4,3200","1,4",,Black,13.75,22.0
GeIL EVO X II AMD 16 GB,,"4,3200","1,16",,Black,11.25,18.0
GeIL EVO X II AMD 8 GB,,"4,3200","1,8",,Black,11.25,18.0
GeIL EVO X II AMD 16 GB,,"4,3200","1,16",,Black,10.0,16.0
GeIL EVO X II AMD 8 GB,,"4,3200","1,8",,Black,10.0,16.0
GeIL EVO X II AMD 16 GB,,"4,3200","1,16",,Black,10.0,16.0
GeIL EVO X II AMD 8 GB,,"4,3200","1,8",,Black,10.0,16.0
GeIL EVO X II AMD 4 GB,,"4,3200","1,4",,Black,10.0,16.0
GeIL EVO X II AMD 16 GB,,"4,3000","1,16",,Black,10.667,16.0
GeIL EVO X II AMD 8 GB,,"4,3000","1,8",,Black,10.667,16.0
GeIL EVO X II AMD 4 GB,,"4,3000","1,4",,Black,10.667,16.0
GeIL EVO X II AMD 16 GB,,"4,2666","1,16",,Black,14.254,19.0
GeIL EVO X II AMD 8 GB,,"4,2666","1,8",,Black,14.254,19.0
GeIL EVO X II AMD 4 GB,,"4,2666","1,4",,Black,14.254,19.0
GeIL EVO X II AMD 16 GB,,"4,2400","1,16",,Black,15.833,19.0
GeIL EVO X II AMD 16 GB,,"4,2400","1,16",,Black,13.333,16.0
GeIL EVO X II AMD 4 GB,,"4,2400","1,4",,Black,13.333,16.0
GeIL EVO X II AMD 8 GB,,"4,4000","1,8",,White,10.0,20.0
GeIL EVO X II AMD 8 GB,,"4,3600","1,8",,White,10.0,18.0
GeIL EVO X II AMD 4 GB,,"4,3600","1,4",,White,10.0,18.0
GeIL EVO X II AMD 16 GB,,"4,3600","1,16",,White,10.0,18.0
GeIL EVO X II AMD 8 GB,,"4,3600","1,8",,White,10.0,18.0
GeIL EVO X II AMD 4 GB,,"4,3600","1,4",,White,10.0,18.0
GeIL EVO X II AMD 8 GB,,"4,3600","1,8",,White,8.889,16.0
GeIL EVO X II AMD 4 GB,,"4,3600","1,4",,White,8.889,16.0
GeIL EVO X II AMD 16 GB,,"4,3200","1,16",,White,13.75,22.0
GeIL EVO X II AMD 8 GB,,"4,3200","1,8",,White,13.75,22.0
GeIL EVO X II AMD 4 GB,,"4,3200","1,4",,White,13.75,22.0
GeIL EVO X II AMD 8 GB,,"4,3200","1,8",,White,11.25,18.0
GeIL EVO X II AMD 16 GB,,"4,3200","1,16",,White,10.0,16.0
GeIL EVO X II AMD 16 GB,,"4,3200","1,16",,White,10.0,16.0
GeIL EVO X II AMD 8 GB,,"4,3200","1,8",,White,10.0,16.0
GeIL EVO X II AMD 4 GB,,"4,3200","1,4",,White,10.0,16.0
GeIL EVO X II AMD 8 GB,,"4,3000","1,8",,White,12.0,18.0
GeIL EVO X II AMD 16 GB,,"4,3000","1,16",,White,10.667,16.0
GeIL EVO X II AMD 8 GB,,"4,3000","1,8",,White,10.667,16.0
GeIL EVO X II AMD 4 GB,,"4,3000","1,4",,White,10.667,16.0
GeIL EVO X II AMD 16 GB,,"4,2666","1,16",,White,14.254,19.0
GeIL EVO X II AMD 8 GB,,"4,2666","1,8",,White,14.254,19.0
GeIL EVO X II AMD 4 GB,,"4,2666","1,4",,White,14.254,19.0
GeIL EVO X II AMD 16 GB,,"4,2400","1,16",,White,15.833,19.0
GeIL EVO X II AMD 8 GB,,"4,2400","1,8",,White,15.833,19.0
GeIL EVO X II AMD 4 GB,,"4,2400","1,4",,White,15.833,19.0
GeIL EVO X II AMD 16 GB,,"4,2400","1,16",,White,13.333,16.0
GeIL EVO X II AMD 8 GB,,"4,2400","1,8",,White,13.333,16.0
GeIL EVO X II AMD 4 GB,,"4,2400","1,4",,White,13.333,16.0
GeIL EVO X II AMD 16 GB,,"4,4400","2,8",,Black,8.182,18.0
GeIL EVO X II AMD 16 GB,,"4,4266","2,8",,Black,8.439,18.0
GeIL EVO X II AMD 16 GB,,"4,4000","8,2",,Black,10.0,20.0
GeIL EVO X II AMD 64 GB,,"4,4000","2,32",,Black,9.0,18.0
GeIL EVO X II AMD 32 GB,,"4,4000","2,16",,Black,9.0,18.0
GeIL EVO X II AMD 16 GB,,"4,4000","2,8",,Black,9.0,18.0
GeIL EVO X II AMD 16 GB,,"4,4000","2,8",,Black,9.0,18.0
GeIL EVO X II AMD 8 GB,,"4,4000","2,4",,Black,9.0,18.0
GeIL EVO X II AMD 64 GB,,"4,3600","2,32",,Black,10.0,18.0
GeIL EVO X II AMD 32 GB,,"4,3600","2,16",,Black,10.0,18.0
GeIL EVO X II AMD 16 GB,,"4,3600","2,8",,Black,10.0,18.0
GeIL EVO X II AMD 8 GB,,"4,3600","2,4",,Black,10.0,18.0
GeIL EVO X II AMD 32 GB,,"4,3600","2,16",,Black,10.0,18.0
GeIL EVO X II AMD 8 GB,,"4,3600","2,4",,Black,10.0,18.0
GeIL EVO X II AMD 16 GB,,"4,3600","2,8",,Black,8.889,16.0
GeIL EVO X II AMD 8 GB,,"4,3600","2,4",,Black,8.889,16.0
GeIL EVO X II AMD 16 GB,,"4,3600","8,2",,Black,8.889,16.0
GeIL EVO X II AMD 16 GB,,"4,3600","2,8",,Black,7.778,14.0
GeIL EVO X II AMD 8 GB,,"4,3600","2,4",,Black,7.778,14.0
GeIL EVO X II AMD 32 GB,,"4,3200","2,16",,Black,13.75,22.0
GeIL EVO X II AMD 8 GB,,"4,3200","2,4",,Black,13.75,22.0
GeIL EVO X II AMD 64 GB,,"4,3200","2,32",,Black,11.25,18.0
GeIL EVO X II AMD 16 GB,,"4,3200","2,8",,Black,13.75,22.0
GeIL EVO X II AMD 32 GB,,"4,3200","2,16",,Black,10.0,16.0
GeIL EVO X II AMD 16 GB,,"4,3200","2,8",,Black,10.0,16.0
GeIL EVO X II AMD 64 GB,,"4,3200","2,32",,Black,10.0,16.0
GeIL EVO X II AMD 32 GB,,"4,3200","2,16",,Black,10.0,16.0
GeIL EVO X II AMD 8 GB,,"4,3200","2,4",,Black,10.0,16.0
GeIL EVO X II AMD 16 GB,,"4,3000","2,8",,Black,12.0,18.0
GeIL EVO X II AMD 8 GB,,"4,3000","2,4",,Black,10.667,16.0
GeIL EVO X II AMD 64 GB,,"4,2666","2,32",,Black,14.254,19.0
GeIL EVO X II AMD 32 GB,,"4,2666","2,16",,Black,14.254,19.0
GeIL EVO X II AMD 16 GB,,"4,2666","2,8",,Black,14.254,19.0
GeIL EVO X II AMD 16 GB,,"4,2400","2,8",,Black,15.833,19.0
GeIL EVO X II AMD 8 GB,,"4,2400","2,4",,Black,15.833,19.0
GeIL EVO X II AMD 32 GB,,"4,2400","2,16",,Black,13.333,16.0
GeIL EVO X II AMD 16 GB,,"4,2400","2,8",,Black,13.333,16.0
GeIL EVO X II AMD 8 GB,,"4,2400","2,4",,Black,13.333,16.0
GeIL EVO X II AMD 16 GB,,"4,4000","2,8",,White,10.0,20.0
GeIL EVO X II AMD 64 GB,,"4,3600","2,32",,White,10.0,18.0
GeIL EVO X II AMD 32 GB,,"4,3600","2,16",,White,10.0,18.0
GeIL EVO X II AMD 16 GB,,"4,3600","2,8",,White,10.0,18.0
GeIL EVO X II AMD 8 GB,,"4,3600","2,4",,White,10.0,18.0
GeIL EVO X II AMD 32 GB,,"4,3600","2,16",,White,10.0,18.0
GeIL EVO X II AMD 16 GB,,"4,3600","2,8",,White,10.0,18.0
GeIL EVO X II AMD 8 GB,,"4,3600","2,4",,White,10.0,18.0
GeIL EVO X II AMD 16 GB,,"4,3600","2,8",,White,8.889,16.0
GeIL EVO X II AMD 8 GB,,"4,3600","2,4",,White,8.889,16.0
GeIL EVO X II AMD 32 GB,,"4,3200","2,16",,White,13.75,22.0
GeIL EVO X II AMD 16 GB,,"4,3200","2,8",,White,13.75,22.0
GeIL EVO X II AMD 8 GB,,"4,3200","2,4",,White,13.75,22.0
GeIL EVO X II AMD 16 GB,,"4,3200","2,8",,White,11.25,18.0
GeIL EVO X II AMD 32 GB,,"4,3200","2,16",,White,10.0,16.0
GeIL EVO X II AMD 32 GB,,"4,3200","2,16",,White,10.0,16.0
GeIL EVO X II AMD 8 GB,,"4,3200","2,4",,White,10.0,16.0
GeIL EVO X II AMD 16 GB,,"4,3000","2,8",,White,12.0,18.0
GeIL EVO X II AMD 32 GB,,"4,3000","2,16",,White,10.667,16.0
GeIL EVO X II AMD 8 GB,,"4,3000","2,4",,White,10.667,16.0
GeIL EVO X II AMD 32 GB,,"4,2666","2,16",,White,14.254,19.0
GeIL EVO X II AMD 16 GB,,"4,2666","2,8",,White,14.254,19.0
GeIL EVO X II AMD 8 GB,,"4,2666","2,4",,White,14.254,19.0
GeIL EVO X II AMD 32 GB,,"4,2400","2,16",,White,15.833,19.0
GeIL EVO X II AMD 16 GB,,"4,2400","2,8",,White,15.833,19.0
GeIL EVO X II AMD 8 GB,,"4,2400","2,4",,White,15.833,19.0
GeIL EVO X II AMD 32 GB,,"4,2400","2,16",,White,13.333,16.0
GeIL EVO X II AMD 16 GB,,"4,2400","2,8",,White,13.333,16.0
GeIL EVO X II AMD 8 GB,,"4,2400","2,4",,White,13.333,16.0
Silicon Power XPOWER Zenith RGB Gaming 16 GB,,"5,6800","1,16",,Black,11.765,40.0
Silicon Power XPOWER Zenith RGB Gaming 16 GB,,"5,6800","1,16",,White,11.765,40.0
Silicon Power XPOWER Zenith RGB Gaming 32 GB,,"5,6800","2,16",,White,11.765,40.0
Silicon Power XPOWER Zenith RGB Gaming 32 GB,,"5,6800","2,16",,Black,11.765,40.0
Silicon Power XPOWER Zenith RGB Gaming 16 GB,,"5,6400","1,16",,Black,12.5,40.0
Silicon Power XPOWER Zenith RGB Gaming 32 GB,,"5,6400","2,16",,Black,12.5,40.0
Silicon Power XPOWER Zenith RGB Gaming 32 GB,,"5,6400","2,16",,White,12.5,40.0
Silicon Power XPOWER Zenith RGB Gaming 16 GB,,"5,6000","1,16",,Black,10.0,30.0
Silicon Power XPOWER Zenith RGB Gaming 16 GB,,"5,6000","1,16",,White,10.0,30.0
Silicon Power XPOWER Zenith RGB Gaming 32 GB,,"5,6000","1,32",,Black,10.0,30.0
ADATA XPG GAMMIX D10 32 GB,,"4,3200","1,32",,Black,10.0,16.0
ADATA XPG GAMMIX D10 64 GB,,"4,3200","2,32",,Black,10.0,16.0
ADATA XPG GAMMIX D10 16 GB,,"4,3200","1,16",,White,10.0,16.0
ADATA XPG GAMMIX D10 32 GB,,"4,3200","2,16",,White,10.0,16.0
VisionTek 901343 8 GB,,"4,2933","1,8",,Black,14.32,21.0
VisionTek 901344 16 GB,,"4,2933","1,16",,Black,14.32,21.0
OLOy OWL RGB 64 GB,,"4,3600","2,32",,Black,10.0,18.0
OLOy OWL 128 GB,,"4,3200","4,32",,,10.0,16.0
OLOy ND4U1632161DJ0SA 16 GB,,"4,3200","1,16",,Black,10.0,16.0
OLOy Blade 64 GB,,"4,3600","2,32",,Black,10.0,18.0
OLOy Blade 32 GB,,"4,4000","2,16",,Black,9.0,18.0
OLOy Blade 16 GB,,"4,4000","2,8",,Black,9.0,18.0
OLOy Blade 16 GB,,"4,4000","2,8",,Black,8.0,16.0
OLOy MD4U1640180BJ0DA 32 GB,,"4,4000","2,16",,Black,9.0,18.0
OLOy Blade 16 GB,,"4,3600","2,8",,Black,10.0,18.0
G.Skill Performance 4 GB,,"3,1333","2,2",,Blue,13.503,9.0
G.Skill Sniper 8 GB,,"3,1333","2,4",,Black,13.503,9.0
G.Skill Performance 2 GB,,"3,1333","1,2",,Red,13.503,9.0
G.Skill Sniper 4 GB,,"3,1333","1,4",,Black,13.503,9.0
G.Skill Ripjaws X 4 GB,,"3,1333","1,4",,Red,13.503,9.0
G.Skill Sniper 16 GB,,"3,1600","4,4",,Black,8.75,7.0
G.Skill Performance 2 GB,,"3,1600","1,2",,Red,11.25,9.0
G.Skill Value 2 GB,,"3,1600","1,2",,Black,11.25,9.0
G.Skill Value 4 GB,,"3,1600","1,4",,Black,11.25,9.0
G.Skill Sniper 16 GB,,"3,1866","4,4",,Black,9.646,9.0
G.Skill Value 16 GB,,"3,1866","2,8",,Black,11.79,11.0
G.Skill Value 8 GB,,"3,1866","1,8",,Black,11.79,11.0
G.Skill Ripjaws X 8 GB,,"3,1866","1,8",,Blue,9.646,9.0
G.Skill Sniper 8 GB,,"3,2133","1,8",,Black,9.376,10.0
G.Skill Trident X 8 GB,,"3,2800","2,4",,Red / Black,7.857,11.0
G.Skill Ripjaws S5 64 GB,,"5,6000","2,32",,White,10.667,32.0
Silicon Power SP016GBSVU520F02 16 GB,,"5,5200","1,16",,Black,16.154,42.0
Silicon Power SP016GBSVU560F02 16 GB,1188.4,"5,5600","1,16",3.714,Black,16.429,46.0
Silicon Power SP024GBSVU520P02 24 GB,,"5,5200","1,24",,Black,16.154,42.0
Silicon Power SP024GBSVU560P02 24 GB,,"5,5600","1,24",,Black,16.429,46.0
Silicon Power SP032GBSVU520F02 32 GB,,"5,5200","1,32",,Black,16.154,42.0
Silicon Power SP032GBSVU520F22 32 GB,,"5,5200","2,16",,Black,16.154,42.0
Silicon Power SP032GBSVU560F02 32 GB,,"5,5600","1,32",,Black,16.429,46.0
Silicon Power SP048GBSVU520P02 48 GB,,"5,5200","1,48",,Black,16.154,42.0
Silicon Power SP048GBSVU520P22 48 GB,,"5,5200","2,24",,Black,16.154,42.0
Silicon Power SP048GBSVU560P02 48 GB,,"5,5600","1,48",,Black,16.429,46.0
Silicon Power SP048GBSVU560P22 48 GB,,"5,5600","2,24",,Black,16.429,46.0
Silicon Power SP096GBSVU520P22 96 GB,,"5,5200","2,48",,Black,16.154,42.0
Silicon Power SP096GBSVU560P22 96 GB,,"5,5600","2,48",,Black,16.429,46.0
Silicon Power SP016GBLVU520F02 16 GB,,"5,5200","1,16",,Black,16.154,42.0
Silicon Power SP024GBLVU520P02 24 GB,,"5,5200","1,24",,Black,16.154,42.0
Silicon Power SP024GBLVU560P02 24 GB,,"5,5600","1,24",,Black,16.429,46.0
Silicon Power SP032GBLVU520F22 32 GB,,"5,5200","2,16",,Black,16.154,42.0
Silicon Power SP048GBLVU560P22 48 GB,,"5,5600","2,24",,Black,16.429,46.0
Silicon Power SP064GBLVU520F22 64 GB,,"5,5200","2,32",,Black,16.154,42.0
Silicon Power SP096GBLVU560P22 96 GB,,"5,5600","2,48",,Black,16.429,46.0
Silicon Power XPOWER Zenith Gaming 16 GB,,"5,6000","1,16",,Black,10.0,30.0
Silicon Power XPOWER Zenith Gaming 16 GB,,"5,6800","1,16",,Black,11.765,40.0
Silicon Power XPOWER Zenith Gaming 16 GB,,"5,6800","1,16",,White,11.765,40.0
Silicon Power XPOWER Zenith Gaming 32 GB,,"5,6400","2,16",,Black,12.5,40.0
Silicon Power XPOWER Zenith Gaming 32 GB,,"5,6400","2,16",,White,12.5,40.0
Silicon Power XPOWER Zenith Gaming 32 GB,,"5,6800","2,16",,Black,11.765,40.0
Silicon Power XPOWER Zenith Gaming 32 GB,,"5,6800","2,16",,White,11.765,40.0
Mushkin Proline 32 GB,,"3,1866","2,16",,,13.934,13.0
Mushkin Proline 32 GB,,"3,1866","2,16",,,13.934,13.0
Mushkin Proline 16 GB,,"3,1866","2,8",,,13.934,13.0
Mushkin Proline 16 GB,,"3,1866","2,8",,,13.934,13.0
Mushkin Proline 4 GB,,"3,1866","1,4",,,13.934,13.0
Mushkin Proline 4 GB,,"3,1866","1,4",,,13.934,13.0
Mushkin Proline 4 GB,,"3,1866","1,4",,,13.934,13.0
Mushkin Proline 8 GB,,"3,1866","1,8",,,13.934,13.0
Mushkin Proline 8 GB,,"3,1866","1,8",,,13.934,13.0
Mushkin Proline 8 GB,,"3,1866","1,8",,,13.934,13.0
Mushkin Proline 8 GB,,"3,1866","1,8",,,13.934,13.0
Mushkin Proline 16 GB,,"3,1866","1,16",,,13.934,13.0
Mushkin Proline 16 GB,,"3,1866","1,16",,,13.934,13.0
Mushkin Proline 16 GB,,"3,1866","4,4",,,13.934,13.0
Mushkin Proline 32 GB,,"3,1866","4,8",,,13.934,13.0
Mushkin Proline 32 GB,,"3,1866","4,8",,,13.934,13.0
Mushkin Proline 64 GB,,"3,1866","4,16",,,13.934,13.0
Mushkin Proline 64 GB,,"3,1866","4,16",,,13.934,13.0
Mushkin Proline 8 GB,,"3,1866","2,4",,,13.934,13.0
Mushkin Proline 12 GB,,"3,1333","3,4",,,13.503,9.0
Mushkin Proline 12 GB,,"3,1333","3,4",,,13.503,9.0
Mushkin Proline 12 GB,,"3,1066","3,4",,,13.133,7.0
Mushkin Proline 24 GB,,"3,1333","3,8",,,13.503,9.0
Mushkin Proline 12 GB,,"3,1333","3,4",,,13.503,9.0
Mushkin Proline 6 GB,,"3,1333","3,2",,,13.503,9.0
Mushkin Proline 2 GB,,"3,1333","1,2",,,13.503,9.0
Mushkin Proline 3 GB,,"3,1333","3,1",,,13.503,9.0
Mushkin Proline 24 GB,,"3,1066","3,8",,,13.133,7.0
Mushkin Proline 12 GB,,"3,1066","3,4",,,13.133,7.0
Mushkin Proline 6 GB,,"3,1066","3,2",,,13.133,7.0
Mushkin Proline 8 GB,,"3,1333","2,4",,,13.503,9.0
Mushkin Proline 8 GB,,"3,1333","2,4",,,13.503,9.0
Mushkin Proline 8 GB,,"3,1333","2,4",,,13.503,9.0
Mushkin Proline 8 GB,,"3,1066","2,4",,,13.133,7.0
Mushkin Proline 4 GB,,"3,1333","1,4",,,13.503,9.0
Mushkin Proline 4 GB,,"3,1066","1,4",,,13.133,7.0
Mushkin Proline 4 GB,,"3,1333","1,4",,,13.503,9.0
Mushkin Proline 4 GB,,"3,1066","1,4",,,13.133,7.0
Mushkin Proline 16 GB,,"3,1066","1,16",,,13.133,7.0
Mushkin Proline 4 GB,,"3,1333","1,4",,,13.503,9.0
Mushkin Proline 4 GB,,"3,1333","1,4",,,13.503,9.0
Mushkin Proline 4 GB,,"3,1066","1,4",,,13.133,7.0
Mushkin Proline 4 GB,,"3,1333","1,4",,,13.503,9.0
Mushkin Proline 2 GB,,"3,1333","1,2",,,13.503,9.0
Mushkin Proline 2 GB,,"3,1333","1,2",,,13.503,9.0
Mushkin Proline 1 GB,,"3,1333","1,1",,,13.503,9.0
Mushkin Proline 4 GB,,"3,1066","1,4",,,13.133,7.0
Mushkin Proline 2 GB,,"3,1066","1,2",,,13.133,7.0
Mushkin Proline 1 GB,,"3,1066","1,1",,,13.133,7.0
Mushkin Redline Pro 32 GB,,"5,5600","1,32",,Black,16.429,46.0
Mushkin Redline Pro 32 GB,,"5,5600","2,16",,Black,16.429,46.0
Mushkin Redline Pro 32 GB,,"5,4800","1,32",,Black,16.667,40.0
Mushkin Redline 32 GB,,"5,5200","2,16",,Black,16.154,42.0
Mushkin Redline 64 GB,,"5,5200","2,32",,Black,16.154,42.0
Mushkin Redline 96 GB,,"5,5200","2,48",,Black,16.154,42.0
Mushkin Redline 32 GB,,"5,5600","2,16",,Black,16.429,46.0
Mushkin Redline 32 GB,,"5,5600","2,16",,Black,16.429,46.0
Mushkin Redline ST 16 GB,,"3,2400","2,8",,Black,9.167,11.0
Mushkin Redline ST 8 GB,,"3,2400","2,4",,Black,9.167,11.0
Mushkin Redline ST 8 GB,,"3,2133","2,4",,Black,9.376,10.0
Mushkin Redline ST 16 GB,,"3,2133","2,8",,Black,9.376,10.0
Mushkin Redline ST 16 GB,,"3,1600","2,8",,Black,11.25,9.0
Mushkin Redline ST 8 GB,,"3,1600","2,4",,Black,11.25,9.0
Mushkin Redline Lumina White 64 GB,,"5,6000","2,32",,White,10.0,30.0
Mushkin Redline Lumina White 32 GB,,"5,6000","2,16",,White,12.0,36.0
Mushkin Redline Lumina White 64 GB,,"5,6000","2,32",,White,12.0,36.0
Mushkin Redline Lumina White 32 GB,,"5,6800","2,16",,White,9.412,32.0
Mushkin Redline Lumina White 32 GB,,"5,6800","2,16",,White,10.0,34.0
Mushkin Redline Lumina 64 GB,,"5,5600","2,32",,Black,12.857,36.0
Mushkin Redline Lumina 32 GB,,"5,6000","2,16",,Black,12.0,36.0
Mushkin Redline Lumina 64 GB,,"5,6000","2,32",,Black,12.0,36.0
Mushkin Redline Lumina 32 GB,,"5,6800","2,16",,Black,9.412,32.0
Mushkin Redline Pro 64 GB,,"5,4800","2,32",,Black / White,16.667,40.0
Mushkin Redline Pro 32 GB,,"5,5600","1,32",,Black / White,16.429,46.0
Mushkin Redline ST 64 GB,,"5,5200","2,32",,Black,15.385,40.0
Mushkin Redline ST 64 GB,,"5,5200","2,32",,Black,13.846,36.0
Mushkin Redline ST 64 GB,,"5,6000","2,32",,Black,10.0,30.0
Mushkin Redline ST 64 GB,,"5,6000","2,32",,Black,12.0,36.0
Mushkin Redline ST 64 GB,,"5,6400","2,32",,Black,10.0,32.0
Mushkin Redline ST 32 GB,,"5,6800","2,16",,Black,10.0,34.0
Mushkin Redline 32 GB,,"4,2666","2,16",,Black,14.254,19.0
Mushkin Redline 64 GB,,"4,2666","2,32",,Black,14.254,19.0
Mushkin Redline 16 GB,,"4,2666","2,8",,Black,14.254,19.0
Mushkin Redline 32 GB,,"4,3200","2,16",,Black,13.75,22.0
Mushkin Redline 16 GB,,"4,3200","2,8",,Black,13.75,22.0
Mushkin Redline 32 GB,,"5,5200","2,16",,Black,16.154,42.0
Mushkin Redline 64 GB,,"5,5200","2,32",,Black,16.154,42.0
Mushkin Redline 96 GB,,"5,5200","2,48",,Black,16.154,42.0
Mushkin Redline 32 GB,,"5,5600","2,16",,Black,16.429,46.0
Mushkin Redline 64 GB,,"5,5600","2,32",,Black,16.429,46.0
Mushkin Redline ST 32 GB,,"4,2666","2,16",,Black,12.003,16.0
Mushkin Redline ST 64 GB,,"4,2666","2,32",,Black,12.003,16.0
Mushkin Redline ST 16 GB,,"4,2666","2,8",,Black,12.003,16.0
Mushkin Redline ST 16 GB,,"4,3200","2,8",,Black,8.75,14.0
Mushkin Redline ST 16 GB,,"4,3600","2,8",,Black,8.889,16.0
Mushkin MES4S266KF8GX2 16 GB,1243.4,"4,2666","2,8",3.886,,14.254,19.0
Mushkin MES4S266KF8G 8 GB,740.2,"4,2666","1,8",4.626,,14.254,19.0
Mushkin MES4S266KF16G 16 GB,815.0,"4,2666","1,16",2.547,,14.254,19.0
Mushkin MES4S240HF8G 8 GB,455.2,"4,2400","1,8",2.845,,14.167,17.0
Mushkin MES4S266KF4G 4 GB,723.4,"4,2666","1,4",9.043,,14.254,19.0
Mushkin MES4S266KF4GX2 8 GB,848.8,"4,2666","2,4",5.305,,14.254,19.0
Mushkin MES4S240HF4GX2 8 GB,1705.8,"4,2400","2,4",10.661,,14.167,17.0
Mushkin MES4S240HF4G 4 GB,338.6,"4,2400","1,4",4.232,,14.167,17.0
Mushkin MES4S240HF16G 16 GB,671.2,"4,2400","1,16",2.098,,14.167,17.0
YEYIAN Vetra 16 GB,,"4,2666","1,16",,Black,14.254,19.0
Crucial CT8G52C42S5 8 GB,,"5,5200","1,8",,Black,16.154,42.0
TEAMGROUP T-Force Vulcan Eco 32 GB,,"5,6000","2,16",,Silver,12.667,38.0
TEAMGROUP T-Force Vulcan Eco 32 GB,,"5,5600","2,16",,Silver,14.286,40.0
TEAMGROUP T-Force Vulcan Eco 32 GB,,"5,5600","2,16",,Silver,12.857,36.0
Acer Predator Pallas II 32 GB,,"5,6400","2,16",,Silver,10.0,32.0
Acer Predator Pallas II 32 GB,,"5,6600","2,16",,Silver,10.303,34.0
Acer Predator Pallas II 32 GB,,"5,6800","2,16",,Silver,9.412,32.0
Acer Predator Vesta II RGB 64 GB,,"5,6000","2,32",,Black,10.667,32.0
Acer Predator Vesta II RGB 32 GB,,"5,6000","2,16",,Black,10.667,32.0
Acer Predator Vesta II RGB 32 GB,,"5,6000","2,16",,Silver,11.333,34.0
Acer Predator Hermes RGB 48 GB,,"5,6800","2,24",,Black,10.588,36.0
Acer Predator Hermes RGB 32 GB,,"5,6400","2,16",,Silver,10.0,32.0
Acer Predator Hermes RGB 32 GB,,"5,6600","2,16",,White,10.303,34.0
Acer Predator Hermes RGB 32 GB,,"5,6600","2,16",,Black,10.303,34.0
Acer Predator Hermes RGB 32 GB,,"5,6600","2,16",,Silver,10.303,34.0
Acer Predator Hermes RGB 32 GB,,"5,7200","2,16",,Silver,9.444,34.0
Acer Predator Hermes RGB 32 GB,,"5,7600","2,16",,White,9.474,36.0
Acer Predator Hermes RGB 32 GB,,"5,7600","2,16",,Silver,9.474,36.0
Acer Predator Hermes RGB 32 GB,,"5,8000","2,16",,Silver,9.0,36.0
TEAMGROUP T-Create Classic 64 GB,,"5,5600","2,32",,Black,16.429,46.0
TEAMGROUP T-Create Classic 16 GB,,"5,5600","2,8",,Black,16.429,46.0
TEAMGROUP T-Create Classic 64 GB,,"5,5200","2,32",,Black,16.154,42.0
TEAMGROUP T-Create Classic 16 GB,,"5,5600","1,16",,Black,16.429,46.0
TEAMGROUP T-Create Classic 8 GB,,"5,5600","1,8",,Black,16.429,46.0
TEAMGROUP T-Create Classic 32 GB,,"5,5200","1,32",,Black,16.154,42.0
TEAMGROUP T-Create Classic 16 GB,,"5,5200","1,16",,Black,16.154,42.0
TEAMGROUP T-Create Master 128 GB,21999.8,"5,6800","8,16",8.594,Black,10.0,34.0
V-Color TRA516G56S836Q 64 GB,9119.79,"5,5600","4,16",7.125,White,12.857,36.0
V-Color TRA516G66S834Q 64 GB,11999.8,"5,6600","4,16",9.375,White,10.303,34.0
V-Color TRA516G68S834Q 64 GB,13439.8,"5,6800","4,16",10.5,White,10.0,34.0
V-Color TRA516G76S838Q 64 GB,17599.8,"5,7600","4,16",13.75,White,10.0,38.0
V-Color TRA524G66S834Q 96 GB,15839.8,"5,6600","4,24",8.25,White,10.303,34.0
V-Color TRA524G68S834Q 96 GB,17279.8,"5,6800","4,24",9.0,White,10.0,34.0
V-Color TRA524G70S834R3Q 96 GB,19199.8,"5,7000","4,24",10.0,White,9.714,34.0
V-Color TRA524G72S834R3Q 96 GB,21119.8,"5,7200","4,24",11.0,White,9.444,34.0
Kingston FURY Renegade 24 GB,,"5,6400","1,24",,Silver / Black,10.0,32.0
Kingston FURY Renegade Pro 128 GB,19800.0,"5,4800","8,16",7.734,Black,15.0,36.0
Kingston FURY Renegade Pro 128 GB,,"5,6000","8,16",,Black,10.667,32.0
Kingston FURY Renegade Pro 128 GB,,"5,6400","8,16",,Black,10.0,32.0
Kingston FURY Renegade Pro 256 GB,34580.0,"5,6000","8,32",6.754,Black,10.667,32.0
V-Color TRA516G60S832O 128 GB,20359.8,"5,6000","8,16",7.953,Black,10.667,32.0
V-Color TRA516G64S832O 128 GB,21879.8,"5,6400","8,16",8.547,Black,10.0,32.0
V-Color TRA516G66S834O 128 GB,23999.8,"5,6600","8,16",9.375,Black,10.303,34.0
V-Color TRA516G68S834O 128 GB,26679.8,"5,6800","8,16",10.422,Black,10.0,34.0
V-Color TRA516G70S834O 128 GB,29559.8,"5,7000","8,16",11.547,Black,9.714,34.0
V-Color TRA524G60S832O 192 GB,26679.8,"5,6000","8,24",6.948,Black,10.667,32.0
V-Color TRA524G66S834O 192 GB,31479.8,"5,6600","8,24",8.198,Black,10.303,34.0
V-Color TRA524G68S834O 192 GB,34359.8,"5,6800","8,24",8.948,Black,10.0,34.0
V-Color TRA532G56S436O 256 GB,31639.8,"5,5600","8,32",6.18,Black,12.857,36.0
V-Color TRA532G62D832O 256 GB,38199.8,"5,6200","8,32",7.461,Black,10.968,34.0
V-Color TRA532G64D832O 256 GB,42039.8,"5,6400","8,32",8.211,Black,10.0,32.0
PNY XLR8 Gaming MAKO 32 GB,,"5,5600","2,16",,Black,14.286,40.0
ADATA XPG SPECTRIX D35G RGB 64 GB,,"4,3600","2,32",,Black,10.0,18.0
Silicon Power XPOWER Pulse Gaming 16 GB,,"5,7200","1,16",,Black / White,9.444,34.0
Silicon Power XPOWER Pulse Gaming 32 GB,,"5,7200","2,16",,Black / White,9.444,34.0
Silicon Power XPOWER Pulse Gaming 16 GB,,"5,6800","1,16",,Black / White,10.0,34.0
Silicon Power XPOWER Pulse Gaming 32 GB,,"5,6800","1,32",,Black / White,10.0,34.0
Silicon Power XPOWER Pulse Gaming 32 GB,,"5,6800","2,16",,Black / White,10.0,34.0
Silicon Power XPOWER Pulse Gaming 64 GB,,"5,6800","2,32",,Black / White,10.0,34.0
Silicon Power XPOWER Pulse Gaming 16 GB,,"5,5600","1,16",,Black / White,14.286,40.0
Silicon Power XPOWER Pulse Gaming 32 GB,,"5,5600","1,32",,Black / White,14.286,40.0
Klevv KD5AGU880-64A340Q 16 GB,,"5,6400","1,16",,White,10.625,34.0
Klevv KD5AGU880-64A340F 32 GB,,"5,6400","2,16",,White,10.625,34.0
TEAMGROUP T-Force Delta RGB Eco 64 GB,,"5,6000","2,32",,Silver,12.667,38.0
TEAMGROUP T-Force Delta RGB Eco 32 GB,,"5,6400","2,16",,Silver,12.5,40.0
TEAMGROUP T-Force Delta RGB Eco 32 GB,,"5,5600","2,16",,Silver,14.286,40.0
TEAMGROUP T-Force Delta RGB Eco 32 GB,,"5,5600","2,16",,Silver,12.857,36.0
TEAMGROUP T-Force Delta RGB Eco 32 GB,,"5,5600","2,16",,Silver,11.429,32.0
Silicon Power XPOWER Storm RGB 16 GB,,"5,7600","1,16",,Black,9.474,36.0
Silicon Power XPOWER Storm RGB 16 GB,,"5,7600","1,16",,White,9.474,36.0
Silicon Power XPOWER Storm RGB 32 GB,,"5,7600","2,16",,Black,9.474,36.0
Silicon Power XPOWER Storm RGB 32 GB,,"5,7600","2,16",,White,9.474,36.0
Silicon Power XPOWER Storm RGB 16 GB,,"5,7200","1,16",,Black,9.444,34.0
Silicon Power XPOWER Storm RGB 16 GB,,"5,7200","1,16",,White,9.444,34.0
Silicon Power XPOWER Storm RGB 32 GB,,"5,7200","1,32",,Black,9.444,34.0
Silicon Power XPOWER Storm RGB 16 GB,,"5,6800","1,16",,Black,10.0,34.0
Silicon Power XPOWER Storm RGB 16 GB,,"5,6800","1,16",,White,10.0,34.0
Silicon Power XPOWER Storm RGB 32 GB,,"5,6800","1,32",,Black,10.0,34.0
Silicon Power XPOWER Storm RGB 32 GB,,"5,6800","1,32",,White,10.0,34.0
Silicon Power XPOWER Storm RGB 32 GB,,"5,6800","2,16",,Black,10.0,34.0
Silicon Power XPOWER Storm RGB 64 GB,,"5,6800","2,32",,Black,10.0,34.0
Silicon Power XPOWER Storm RGB 64 GB,,"5,6800","2,32",,White,10.0,34.0
Silicon Power XPOWER Storm RGB 16 GB,,"5,6400","1,16",,Black,10.0,32.0
Silicon Power XPOWER Storm RGB 32 GB,,"5,6400","1,32",,Black,10.0,32.0
Silicon Power XPOWER Storm RGB 32 GB,,"5,6400","1,32",,White,10.0,32.0
Silicon Power XPOWER Storm RGB 16 GB,,"5,6000","1,16",,Black,10.0,30.0
Silicon Power XPOWER Storm RGB 32 GB,,"5,6000","1,32",,Black,10.0,30.0
TEAMGROUP T-Force Xtreem 32 GB,,"5,6800","2,16",,Pink,10.0,34.0
TEAMGROUP T-Force DELTAα RGB 64 GB,,"5,5600","2,32",,Black,13.571,38.0
TEAMGROUP T-Force DELTAα RGB 64 GB,,"5,5200","2,32",,Black,15.385,40.0
TEAMGROUP T-Force DELTAα RGB 32 GB,,"5,5600","2,16",,Black,13.571,38.0
TEAMGROUP T-Force DELTAα RGB 16 GB,,"5,6400","2,8",,Black,12.5,40.0
TEAMGROUP T-Force DELTAα RGB 32 GB,,"5,6000","1,32",,Black,12.667,38.0
TEAMGROUP T-Force DELTAα RGB 32 GB,,"5,5600","1,32",,Black,14.286,40.0
TEAMGROUP T-Force DELTAα RGB 32 GB,,"5,5600","1,32",,Black,13.571,38.0
TEAMGROUP T-Force DELTAα RGB 32 GB,,"5,5600","1,32",,Black,12.857,36.0
TEAMGROUP T-Force DELTAα RGB 32 GB,,"5,5200","1,32",,Black,15.385,40.0
TEAMGROUP T-Force DELTAα RGB 16 GB,,"5,6000","1,16",,Black,10.0,30.0
TEAMGROUP T-Force DELTAα RGB 8 GB,,"5,6400","1,8",,Black,12.5,40.0
TEAMGROUP T-Force DELTAα RGB 8 GB,,"5,6000","1,8",,Black,12.667,38.0
TEAMGROUP T-Force DELTAα RGB 8 GB,,"5,5200","1,8",,Black,15.385,40.0
TEAMGROUP T-Force DELTAα RGB 64 GB,,"5,5600","2,32",,White,14.286,40.0
TEAMGROUP T-Force DELTAα RGB 64 GB,,"5,5600","2,32",,White,12.857,36.0
TEAMGROUP T-Force DELTAα RGB 64 GB,,"5,5200","2,32",,White,15.385,40.0
TEAMGROUP T-Force DELTAα RGB 32 GB,,"5,5600","2,16",,White,13.571,38.0
TEAMGROUP T-Force DELTAα RGB 16 GB,,"5,5200","2,8",,White,15.385,40.0
TEAMGROUP T-Force DELTAα RGB 32 GB,,"5,6000","1,32",,White,12.667,38.0
TEAMGROUP T-Force DELTAα RGB 32 GB,,"5,5600","1,32",,White,13.571,38.0
TEAMGROUP T-Force DELTAα RGB 32 GB,,"5,5200","1,32",,White,15.385,40.0
TEAMGROUP T-Force DELTAα RGB 16 GB,,"5,6000","1,16",,White,12.667,38.0
TEAMGROUP T-Force DELTAα RGB 16 GB,,"5,5600","1,16",,White,13.571,38.0
TEAMGROUP T-Force DELTAα RGB 16 GB,,"5,5200","1,16",,White,15.385,40.0
TEAMGROUP T-Force DELTAα RGB 8 GB,,"5,6400","1,8",,White,12.5,40.0
TEAMGROUP T-Force DELTAα RGB 8 GB,,"5,6000","1,8",,White,12.667,38.0
TEAMGROUP T-Force DELTAα RGB 8 GB,,"5,5200","1,8",,White,15.385,40.0
TEAMGROUP Xtreem ARGB 32 GB,,"5,6800","2,16",,Black,10.0,34.0
TEAMGROUP Xtreem ARGB 32 GB,,"5,6000","2,16",,Black,12.667,38.0
TEAMGROUP Xtreem 32 GB,,"5,6800","2,16",,Black,10.0,34.0
TEAMGROUP Xtreem 48 GB,,"5,7600","2,24",,White,9.474,36.0
TEAMGROUP Xtreem 48 GB,,"5,6800","2,24",,White,10.0,34.0
TEAMGROUP Xtreem 32 GB,,"5,6800","2,16",,White,10.0,34.0
TEAMGROUP Xtreem 32 GB,,"5,6400","2,16",,White,10.0,32.0
TEAMGROUP Xtreem 32 GB,,"5,6000","2,16",,White,12.667,38.0
TEAMGROUP Xtreem 32 GB,,"5,6000","2,16",,White,10.0,30.0
TEAMGROUP T-Force Delta RGB 32 GB,,"5,6000","1,32",,Black,12.667,38.0
TEAMGROUP T-Force Delta RGB 32 GB,,"5,6000","1,32",,Black,11.333,34.0
TEAMGROUP T-Force Delta RGB 32 GB,,"5,5600","1,32",,Black,14.286,40.0
TEAMGROUP T-Force Delta RGB 32 GB,,"5,5600","1,32",,Black,13.571,38.0
TEAMGROUP T-Force Delta RGB 16 GB,,"5,7000","1,16",,Black,9.143,32.0
TEAMGROUP T-Force Delta RGB 16 GB,,"5,6400","1,16",,Black,10.0,32.0
TEAMGROUP T-Force Delta RGB 16 GB,,"5,6400","1,16",,Black,9.375,30.0
TEAMGROUP T-Force Delta RGB 16 GB,,"5,6200","1,16",,Black,12.258,38.0
TEAMGROUP T-Force Delta RGB 16 GB,,"5,6000","1,16",,Black,9.333,28.0
TEAMGROUP T-Force Delta RGB 16 GB,,"5,5600","1,16",,Black,14.286,40.0
TEAMGROUP T-Force Delta RGB 16 GB,,"5,5600","1,16",,Black,13.571,38.0
TEAMGROUP T-Force Delta RGB 16 GB,,"5,5600","1,16",,Black,11.429,32.0
TEAMGROUP T-Force Delta RGB 16 GB,,"5,5200","1,16",,Black,15.385,40.0
TEAMGROUP T-Force Delta RGB 16 GB,,"5,5200","2,8",,White,15.385,40.0
TEAMGROUP T-Force Delta RGB 32 GB,,"5,6000","1,32",,White,12.667,38.0
TEAMGROUP T-Force Delta RGB 32 GB,,"5,6000","1,32",,White,11.333,34.0
TEAMGROUP T-Force Delta RGB 32 GB,,"5,5600","1,32",,White,14.286,40.0
TEAMGROUP T-Force Delta RGB 32 GB,,"5,5600","1,32",,White,13.571,38.0
TEAMGROUP T-Force Delta RGB 32 GB,,"5,5600","1,32",,White,12.857,36.0
TEAMGROUP T-Force Delta RGB 32 GB,,"5,5200","1,32",,White,15.385,40.0
TEAMGROUP T-Force Delta RGB 16 GB,,"5,7000","1,16",,White,9.143,32.0
TEAMGROUP T-Force Delta RGB 16 GB,,"5,6400","1,16",,White,10.0,32.0
TEAMGROUP T-Force Delta RGB 16 GB,,"5,6400","1,16",,White,9.375,30.0
TEAMGROUP T-Force Delta RGB 16 GB,,"5,6200","1,16",,White,12.258,38.0
TEAMGROUP T-Force Delta RGB 16 GB,,"5,6000","1,16",,White,12.667,38.0
TEAMGROUP T-Force Delta RGB 16 GB,,"5,5600","1,16",,White,14.286,40.0
TEAMGROUP T-Force Delta RGB 16 GB,,"5,5600","1,16",,White,12.857,36.0
TEAMGROUP T-Force Delta RGB 8 GB,,"5,5600","1,8",,White,14.286,40.0
TEAMGROUP T-Force Delta TUF Gaming Alliance RGB 32 GB,,"5,5600","1,32",,Black,14.286,40.0
TEAMGROUP T-Force Delta TUF Gaming Alliance RGB 64 GB,,"5,5200","2,32",,Black,15.385,40.0
TEAMGROUP T-Force Delta TUF Gaming Alliance RGB 64 GB,,"5,5600","2,32",,Black,14.286,40.0
TEAMGROUP T-Force Vulcan 16 GB,,"5,5600","1,16",,Black,13.571,38.0
TEAMGROUP T-Force Vulcan 32 GB,,"5,5600","1,32",,Black,13.571,38.0
TEAMGROUP T-Force Vulcan 16 GB,,"5,6000","1,16",,Black,12.667,38.0
TEAMGROUP T-Force Vulcan 32 GB,,"5,6000","1,32",,Black,12.667,38.0
TEAMGROUP T-Force Vulcan 8 GB,,"5,6400","1,8",,Black,12.5,40.0
TEAMGROUP T-Force Vulcan 32 GB,,"5,5600","1,32",,Red,13.571,38.0
TEAMGROUP T-Force Vulcan 32 GB,,"5,6400","1,32",,Red,10.625,34.0
TEAMGROUP T-Force Vulcan 8 GB,,"5,6400","1,8",,Red,12.5,40.0
TEAMGROUP T-Force Vulcan 16 GB,,"5,6400","1,16",,Red,12.5,40.0
TEAMGROUP T-Force Vulcan 64 GB,,"5,5600","2,32",,Red,12.857,36.0
TEAMGROUP T-Force Vulcan 32 GB,,"5,5600","2,16",,Red,13.571,38.0
TEAMGROUP T-Force Vulcan 64 GB,,"5,5600","2,32",,Red,13.571,38.0
TEAMGROUP T-Force Vulcanα 16 GB,,"5,5200","1,16",,Black,15.385,40.0
TEAMGROUP T-Force Vulcanα 32 GB,,"5,5200","1,32",,Black,15.385,40.0
TEAMGROUP T-Force Vulcanα 32 GB,,"5,5600","1,32",,Black,12.857,36.0
TEAMGROUP T-Force Vulcanα 32 GB,,"5,5600","1,32",,Black,14.286,40.0
TEAMGROUP T-Force Vulcanα 16 GB,,"5,6000","1,16",,Black,10.0,30.0
TEAMGROUP T-Force Vulcanα 8 GB,,"5,6000","1,8",,Black,12.667,38.0
TEAMGROUP T-Force Vulcanα 8 GB,,"5,6400","1,8",,Black,12.5,40.0
TEAMGROUP T-Force Vulcanα 8 GB,,"5,5200","1,8",,Red,15.385,40.0
TEAMGROUP T-Force Vulcanα 32 GB,,"5,5200","1,32",,Red,15.385,40.0
TEAMGROUP T-Force Vulcanα 32 GB,,"5,5600","1,32",,Red,12.857,36.0
TEAMGROUP T-Force Vulcanα 32 GB,,"5,5600","1,32",,Red,14.286,40.0
TEAMGROUP T-Force Vulcanα 8 GB,,"5,6000","1,8",,Red,12.667,38.0
TEAMGROUP T-Force Vulcanα 8 GB,,"5,6400","1,8",,Red,12.5,40.0
TEAMGROUP T-Force Vulcanα 16 GB,,"5,5200","2,8",,Black,15.385,40.0
TEAMGROUP T-Force Vulcanα 32 GB,,"5,5200","2,16",,Black,15.385,40.0
TEAMGROUP T-Force Vulcanα 64 GB,,"5,5200","2,32",,Black,15.385,40.0
TEAMGROUP T-Force Vulcanα 64 GB,,"5,5600","2,32",,Black,12.857,36.0
TEAMGROUP T-Force Vulcanα 64 GB,,"5,5600","2,32",,Black,14.286,40.0
TEAMGROUP T-Force Vulcanα 16 GB,,"5,6000","2,8",,Black,12.667,38.0
TEAMGROUP T-Force Vulcanα 16 GB,,"5,5200","2,8",,Red,15.385,40.0
TEAMGROUP T-Force Vulcanα 32 GB,,"5,5200","2,16",,Red,15.385,40.0
TEAMGROUP T-Force Vulcanα 64 GB,,"5,5200","2,32",,Red,15.385,40.0
TEAMGROUP T-Force Vulcanα 64 GB,,"5,5600","2,32",,Red,12.857,36.0
TEAMGROUP T-Force Vulcanα 64 GB,,"5,5600","2,32",,Red,14.286,40.0
TEAMGROUP T-Force Vulcanα 64 GB,,"5,5600","2,32",,Black,13.571,38.0
TEAMGROUP T-Force Vulcanα 32 GB,,"5,5600","2,16",,Black,13.571,38.0
TEAMGROUP T-Force Vulcanα 32 GB,,"5,6000","1,32",,Black,12.667,38.0
TEAMGROUP T-Force Vulcanα 32 GB,,"5,5600","1,32",,Black,13.571,38.0
TEAMGROUP T-Force Vulcanα 16 GB,,"5,6000","1,16",,Black,12.667,38.0
TEAMGROUP T-Force Vulcanα 16 GB,,"5,5600","1,16",,Black,13.571,38.0
TEAMGROUP T-Force Vulcanα 64 GB,,"5,5600","2,32",,Red,13.571,38.0
TEAMGROUP T-Force Vulcanα 32 GB,,"5,6000","2,16",,Red,12.667,38.0
TEAMGROUP T-Force Vulcanα 32 GB,,"5,5600","2,16",,Red,13.571,38.0
TEAMGROUP T-Force Vulcanα 16 GB,,"5,6400","2,8",,Red,12.5,40.0
TEAMGROUP T-Force Vulcanα 16 GB,,"5,6000","2,8",,Red,12.667,38.0
TEAMGROUP T-Force Vulcanα 32 GB,,"5,6000","1,32",,Red,12.667,38.0
TEAMGROUP T-Force Vulcanα 32 GB,,"5,5600","1,32",,Red,13.571,38.0
TEAMGROUP T-Force Vulcanα 16 GB,,"5,6000","1,16",,Red,12.667,38.0
TEAMGROUP T-Force Vulcanα 16 GB,,"5,5600","1,16",,Red,13.571,38.0
TEAMGROUP T-Create Expert 64 GB,,"5,5600","2,32",,White,13.571,38.0
TEAMGROUP Xtreem ARGB 32 GB,,"5,6800","2,16",,White,10.0,34.0
Klevv Urbane V RGB 48 GB,,"5,7200","2,24",,White,9.444,34.0
Klevv Urbane V RGB 48 GB,,"5,7600","2,24",,White,9.474,36.0
Klevv Urbane V RGB 32 GB,,"5,8000","2,16",,White,9.5,38.0
Klevv Urbane V RGB 48 GB,,"5,8200","2,24",,White,9.268,38.0
TEAMGROUP Elite Plus 16 GB,,"5,5200","2,8",,Black,16.154,42.0
TEAMGROUP Elite Plus 32 GB,,"5,6400","1,32",,Black,16.25,52.0
TEAMGROUP Elite Plus 16 GB,,"5,6400","1,16",,Black,16.25,52.0
TEAMGROUP Elite Plus 32 GB,,"5,6000","1,32",,Black,16.0,48.0
TEAMGROUP Elite Plus 8 GB,,"5,5600","1,8",,Black,16.429,46.0
TEAMGROUP Elite Plus 8 GB,,"5,5200","1,8",,Black,16.154,42.0
Klevv CRAS V RGB 32 GB,,"5,6400","2,16",,Black,10.0,32.0
Klevv CRAS V RGB 48 GB,,"5,8000","2,24",,Black,9.5,38.0
Klevv CRAS V RGB 48 GB,,"5,7600","2,24",,White,9.474,36.0
Klevv CRAS V RGB 32 GB,,"5,8000","2,16",,White,9.5,38.0
Klevv CRAS V RGB 48 GB,,"5,8000","2,24",,White,9.5,38.0
Klevv CRAS V RGB 48 GB,,"5,8200","2,24",,White,9.268,38.0
Acer Predator Hera RGB 32 GB,,"5,6400","2,16",,Silver,10.0,32.0
Acer Predator Hera RGB 32 GB,,"5,6800","2,16",,Silver,9.412,32.0
Acer Predator Hera RGB 32 GB,,"5,7200","2,16",,Silver / Black,9.444,34.0
Acer Predator Hera RGB 48 GB,,"5,6800","2,24",,Black,10.0,34.0
Acer Predator Hera RGB 48 GB,,"5,6800","2,24",,Silver,10.0,34.0
Acer Predator Hera RGB 48 GB,,"5,7200","2,24",,Silver / Black,10.0,36.0
Acer Predator Hera RGB 48 GB,,"5,7200","2,24",,Black,10.0,36.0
Acer Predator Hera RGB 48 GB,,"5,8200","2,24",,Silver / Black,9.756,40.0
Acer Predator Hera RGB 48 GB,,"5,8200","2,24",,Black,9.756,40.0
Corsair Vengeance RGB Pro SL 16 GB,,"4,3600","2,8",,Black,11.111,20.0
Acer Predator Pallas II 32 GB,,"5,6400","2,16",,Silver,10.0,32.0
Acer Predator Pallas II 32 GB,,"5,6800","2,16",,Silver,9.412,32.0
Acer Predator Pallas II 32 GB,,"5,7200","2,16",,Black,9.444,34.0
Acer Predator Pallas II 32 GB,,"5,8000","2,16",,Silver,9.0,36.0
Acer Predator Pallas II 32 GB,,"5,8200","2,16",,Silver,8.78,36.0
Lexar Ares RGB 2nd Gen 48 GB,,"5,8000","2,24",,Silver,10.0,40.0
Lexar Ares RGB 2nd Gen 32 GB,,"5,8000","2,16",,Silver,9.5,38.0
Lexar Ares RGB 2nd Gen 48 GB,,"5,7600","2,24",,Silver,10.0,38.0
Lexar Ares RGB 2nd Gen 48 GB,,"5,7200","2,24",,Black,10.0,36.0
Lexar Ares RGB 2nd Gen 48 GB,,"5,7200","2,24",,Silver,10.0,36.0
Lexar Ares RGB 2nd Gen 32 GB,,"5,6800","2,16",,Silver,10.0,34.0
Lexar Ares RGB 2nd Gen 32 GB,,"5,6400","2,16",,Silver,10.0,32.0
Lexar Ares RGB 2nd Gen 32 GB,,"5,6400","2,16",,Silver,9.375,30.0
Biwin Black Opal HX100 32 GB,,"5,6400","2,16",,Silver,11.25,36.0
Biwin Black Opal HX100 32 GB,,"5,6400","2,16",,Black,10.0,32.0
Biwin Black Opal HX100 32 GB,,"5,6600","2,16",,Black,10.303,34.0
Biwin Black Opal HX100 32 GB,,"5,7200","2,16",,Black,9.444,34.0
Biwin Black Opal HX100 32 GB,,"5,6400","2,16",,Silver,10.0,32.0
Biwin Black Opal HX100 32 GB,,"5,6600","2,16",,Silver,10.303,34.0
Biwin Black Opal HX100 32 GB,,"5,6800","2,16",,Silver,10.0,34.0
Biwin Black Opal HX100 32 GB,,"5,7200","2,16",,Silver,9.444,34.0
Biwin Black Opal HX100 64 GB,,"5,6000","2,32",,Black,10.0,30.0
Biwin Black Opal HX100 64 GB,,"5,6000","2,32",,Silver,10.0,30.0
Biwin Black Opal HX100 64 GB,,"5,6400","2,32",,Black,10.0,32.0
Biwin Black Opal HX100 64 GB,,"5,6400","2,32",,Silver,10.0,32.0
Biwin Black Opal HX100 48 GB,,"5,6400","2,24",,Black,10.0,32.0
Biwin Black Opal HX100 48 GB,,"5,6400","2,24",,Silver,10.0,32.0
Biwin Black Opal HX100 48 GB,,"5,6800","2,24",,Black,10.0,34.0
Biwin Black Opal HX100 48 GB,,"5,6800","2,24",,Silver,10.0,34.0
Biwin Black Opal HX100 48 GB,,"5,7200","2,24",,Black,10.0,36.0
Biwin Black Opal HX100 48 GB,,"5,7200","2,24",,Silver,10.0,36.0
Biwin Black Opal DW100 RGB 32 GB,,"5,6400","2,16",,White,10.0,32.0
Biwin Black Opal DW100 RGB 32 GB,,"5,6600","2,16",,Black,10.303,34.0
Biwin Black Opal DW100 RGB 32 GB,,"5,6800","2,16",,Black,9.412,32.0
Biwin Black Opal DW100 RGB 32 GB,,"5,6800","2,16",,White,9.412,32.0
Biwin Black Opal DW100 RGB 32 GB,,"5,7600","2,16",,Black,9.474,36.0
Biwin Black Opal DW100 RGB 32 GB,,"5,8000","2,16",,Black,9.5,38.0
Biwin Black Opal DW100 RGB 48 GB,,"5,6400","2,24",,White,10.0,32.0
Biwin Black Opal DW100 RGB 48 GB,,"5,6800","2,24",,White,10.0,34.0
Biwin Black Opal DW100 RGB 48 GB,,"5,7200","2,24",,Black,10.0,36.0
Biwin Black Opal DW100 RGB 48 GB,,"5,7200","2,24",,White,10.0,36.0
Biwin Black Opal DW100 RGB 48 GB,,"5,8000","2,24",,Black,10.0,40.0
Biwin Black Opal DW100 RGB 48 GB,,"5,8000","2,24",,White,10.0,40.0
Biwin Black Opal DW100 RGB 48 GB,,"5,8000","2,24",,Black,9.5,38.0
Biwin Black Opal DW100 RGB 48 GB,,"5,8000","2,24",,White,9.5,38.0
Biwin Black Opal DW100 RGB 48 GB,,"5,8200","2,24",,Black,9.756,40.0
Biwin Black Opal DW100 RGB 48 GB,,"5,8200","2,24",,White,9.756,40.0
Biwin Black Opal DW100 RGB 64 GB,,"5,6400","2,32",,White,10.0,32.0
ADATA XPG Lancer Blade 32 GB,,"5,6400","1,32",,Black,10.0,32.0
ADATA XPG Lancer Blade 64 GB,,"5,6000","2,32",,Black,11.333,34.0
ADATA XPG Lancer Blade 16 GB,,"5,5600","1,16",,White,16.429,46.0
ADATA XPG Lancer Blade 32 GB,,"5,5600","1,32",,White,16.429,46.0
ADATA XPG Lancer Blade 32 GB,,"5,6000","1,32",,White,11.333,34.0
ADATA XPG Lancer Blade 32 GB,,"5,6400","1,32",,White,10.0,32.0
Thermaltake TOUGHRAM RGB D5 32 GB,,"5,5600","2,16",,Blue / Silver,12.857,36.0
