name,price,speed,color,cas_latency,module_count,module_capacity_gb,brand
Corsair Vengeance RGB 32 GB,1899.8,"5,6000",Black,36.0,2,16,Corsair
G.Skill Flare X5 32 GB,1799.8,"5,6000",Black,36.0,2,16,G.Skill
Corsair Vengeance LPX 16 GB,919.8,"4,3200",Black / Yellow,16.0,2,8,Corsair
Corsair Vengeance 32 GB,2599.8,"5,6000",Black / Gray,30.0,2,16,Corsair
TEAMGROUP T-Create Expert 32 GB,1979.8,"5,6000",Black,30.0,2,16,TeamGroup
Corsair Vengeance LPX 32 GB,1559.6,"4,3600",Black / Yellow,18.0,2,16,Corsair
Crucial Pro Overclocking 32 GB,1699.8,"5,6000",Black,36.0,2,16,Crucial
G.Skill Trident Z5 RGB 64 GB,4699.8,"5,6400",Black / Silver,32.0,2,32,G.Skill
Corsair Vengeance RGB 64 GB,4599.8,"5,6000",Black,30.0,2,32,Corsair
TEAMGROUP T-Force Delta RGB 32 GB,2119.79,"5,6000",White,30.0,2,16,TeamGroup
G.Skill Trident Z5 Neo RGB 32 GB,2399.79,"5,6000",Black,30.0,2,16,G.Skill
Patriot Viper Venom 32 GB,1719.8,"5,6000",Black / White,30.0,2,16,Patriot
Corsair Vengeance RGB Pro 32 GB,2300.0,"4,3600",Black,18.0,2,16,Corsair
TEAMGROUP T-Force Delta RGB 32 GB,2119.79,"5,6000",Black,30.0,2,16,TeamGroup
Corsair Vengeance RGB 32 GB,1919.8,"5,6000",White / Silver,36.0,2,16,Corsair
Silicon Power GAMING 16 GB,659.4,"4,3200",Black / Gray,16.0,2,8,Silicon Power
TEAMGROUP T-Force Vulcan Z 16 GB,779.8,"4,3200",Black,16.0,2,8,TeamGroup
Corsair Vengeance LPX 32 GB,1439.6,"4,3200",Black / Yellow,16.0,2,16,Corsair
Kingston FURY Beast 32 GB,2459.79,"5,6000",Black,30.0,2,16,Kingston
G.Skill Trident Z5 Neo RGB 64 GB,4159.8,"5,6000",Black / Silver,30.0,2,32,G.Skill
G.Skill Ripjaws V 32 GB,1439.6,"4,3200",Black,16.0,2,16,G.Skill
TEAMGROUP T-Create Expert 32 GB,1979.8,"5,6000",White,30.0,2,16,TeamGroup
G.Skill Flare X5 32 GB,2199.79,"5,6000",Black,30.0,2,16,G.Skill
Kingston FURY Beast 16 GB,1258.59,"5,5200",Black,40.0,2,8,Kingston
Corsair Vengeance RGB Pro 16 GB,1099.8,"4,3200",Black,16.0,2,8,Corsair
Silicon Power Value Gaming 32 GB,1819.4,"5,6000",Black,30.0,2,16,Silicon Power
Corsair Vengeance 64 GB,3125.6,"5,5200",Black,40.0,2,32,Corsair
G.Skill Flare X5 64 GB,3879.6,"5,6000",Black,30.0,2,32,G.Skill
TEAMGROUP T-Force Vulcan 32 GB,1939.8,"5,6000",Black,30.0,2,16,TeamGroup
Silicon Power GAMING 32 GB,1219.8,"4,3200",Black,16.0,2,16,Silicon Power
Corsair Vengeance RGB 32 GB,2499.79,"5,6000",Gray,30.0,2,16,Corsair
Patriot Viper Venom 32 GB,1539.8,"5,6000",Black / White,36.0,2,16,Patriot
Corsair Dominator Titanium 64 GB,5728.8,"5,6600",White,32.0,2,32,Corsair
G.Skill Ripjaws V 64 GB,27038.0,"4,3200",Black,14.0,4,16,G.Skill
Crucial Pro Overclocking 32 GB,1799.8,"5,6000",White,36.0,2,16,Crucial
G.Skill Trident Z5 Royal Neo RGB 32 GB,2999.8,"5,6000",Silver,28.0,2,16,G.Skill
Corsair Vengeance 64 GB,3999.8,"5,6000",Black / Gray,30.0,2,32,Corsair
G.Skill Trident Z RGB 32 GB,1659.8,"4,3600",Black,18.0,2,16,G.Skill
Kingston FURY Beast 16 GB,1572.2,"4,3200",Black,16.0,2,8,Kingston
G.Skill Ripjaws V 16 GB,919.8,"4,3200",Black,16.0,2,8,G.Skill
Crucial Classic 16 GB,879.8,"5,5600",Black,46.0,2,8,Crucial
Silicon Power XPOWER Zenith Gaming 32 GB,1739.8,"5,6000",White,30.0,2,16,Silicon Power
Corsair Vengeance RGB 32 GB,1899.8,"5,6400",Black,36.0,2,16,Corsair
G.Skill Ripjaws S5 32 GB,2199.79,"5,6000",Black,30.0,2,16,G.Skill
Corsair Vengeance LPX 64 GB,3099.8,"4,3200",Black / Yellow,16.0,2,32,Corsair
Crucial Pro 32 GB,1659.8,"5,5600",Black,46.0,2,16,Crucial
Kingston FURY Beast RGB 32 GB,2699.8,"5,6000",Black,30.0,2,16,Kingston
Corsair Dominator Titanium 64 GB,6124.6,"5,6600",Black,32.0,2,32,Corsair
Crucial Pro 32 GB,1579.6,"4,3200",Black,22.0,2,16,Crucial
Patriot Venom 64 GB,3159.8,"5,6000",Black,30.0,2,32,Patriot
Crucial Pro 64 GB,2799.8,"5,5600",Black,46.0,2,32,Crucial
Corsair Vengeance 32 GB,2199.79,"5,6000",Black,36.0,2,16,Corsair
Corsair Vengeance RGB 192 GB,12299.8,"5,5200",Black,38.0,4,48,Corsair
G.Skill Ripjaws V 16 GB,999.8,"4,3600",Black,16.0,2,8,G.Skill
Silicon Power XPOWER Zenith Gaming 32 GB,1739.8,"5,6000",Black,30.0,2,16,Silicon Power
TEAMGROUP T-Force Delta RGB 16 GB,1019.8,"4,3600",White,18.0,2,8,TeamGroup
Kingston FURY Beast 32 GB,2316.19,"4,3200",Black,16.0,2,16,Kingston
Kingston FURY Beast 64 GB,4679.8,"5,6000",Black,30.0,2,32,Kingston
G.Skill Trident Z5 RGB 48 GB,5199.8,"5,8400",Black,40.0,2,24,G.Skill
Patriot Viper Venom 64 GB,3799.8,"5,6400",Black / White,32.0,2,32,Patriot
G.Skill Trident Z5 RGB 32 GB,2339.79,"5,6400",Black,32.0,2,16,G.Skill
Corsair Vengeance 32 GB,2299.79,"5,6000",Black / Silver,30.0,2,16,Corsair
Timetec PINNACLE Konduit 16 GB,639.79,"4,3200",Black,16.0,2,8,Timetec
Corsair Dominator Titanium 32 GB,3619.8,"5,6000",White,30.0,2,16,Corsair
Patriot Viper Steel 32 GB,1199.8,"4,3200",Silver / Black,16.0,2,16,Patriot
G.Skill Flare X5 64 GB,4699.8,"5,6000",Black,28.0,2,32,G.Skill
Corsair Vengeance 16 GB,1299.6,"5,5200",Black,40.0,2,8,Corsair
G.Skill Ripjaws S5 64 GB,3099.8,"5,6000",Black,36.0,2,32,G.Skill
Crucial CP2K64G56C46U5 128 GB,5999.8,"5,5600",Black,46.0,2,64,Crucial
TEAMGROUP T-Create Expert 32 GB,1759.8,"5,6000",Black,38.0,2,16,TeamGroup
Patriot Viper Venom 32 GB,1759.8,"5,6400",Black / White,32.0,2,16,Patriot
G.Skill Flare X5 32 GB,2559.79,"5,6000",Black,28.0,2,16,G.Skill
Crucial Pro 32 GB,1639.8,"5,6400",Black,38.0,2,16,Crucial
Corsair Vengeance RGB 128 GB,11039.8,"5,5600",Black,40.0,4,32,Corsair
Corsair Vengeance RGB Pro SL 32 GB,2199.79,"4,3600",White / Black,18.0,2,16,Corsair
Corsair Dominator Titanium 96 GB,8499.79,"5,6600",Black,32.0,2,48,Corsair
Corsair Vengeance 64 GB,4599.8,"5,6400",Black / Gray,32.0,2,32,Corsair
Kingston FURY Beast 16 GB,1359.6,"5,6000",Black,30.0,2,8,Kingston
TEAMGROUP T-Create Classic 32 GB,1499.8,"5,5600",Black,46.0,2,16,TeamGroup
Corsair Vengeance 32 GB,1739.8,"5,6000",Black,36.0,2,16,Corsair
Patriot Viper Elite 5 RGB 32 GB,2059.79,"5,6000",White,30.0,2,16,Patriot
TEAMGROUP T-Force Delta RGB 64 GB,3699.8,"5,6000",White,38.0,2,32,TeamGroup
Corsair Vengeance RGB 64 GB,5199.8,"5,6000",White / Silver,30.0,2,32,Corsair
G.Skill Trident Z5 Royal 32 GB,3099.8,"5,6400",White,30.0,2,16,G.Skill
Kingston FURY Beast 32 GB,2132.6,"5,5600",Black,36.0,2,16,Kingston
Corsair Vengeance RGB 32 GB,1939.8,"5,5200",White,40.0,2,16,Corsair
TEAMGROUP T-Force Vulcan Z 32 GB,1320.6,"4,3200",Gray,16.0,2,16,TeamGroup
G.Skill Ripjaws V 32 GB,1799.8,"4,3600",Black,16.0,2,16,G.Skill
TEAMGROUP T-Force Delta RGB 16 GB,1019.8,"4,3600",Black,18.0,2,8,TeamGroup
G.Skill Trident Z RGB 16 GB,1099.8,"4,3600",Black,18.0,2,8,G.Skill
Kingston FURY Beast RGB 32 GB,2823.8,"5,6000",White,30.0,2,16,Kingston
Corsair Vengeance 128 GB,7459.8,"5,6400",Black,42.0,2,64,Corsair
Corsair Vengeance RGB 16 GB,1359.6,"5,5200",Black / Gray,40.0,2,8,Corsair
Crucial CT2K8G48C40U5 16 GB,839.8,"5,4800",Black,40.0,2,8,Crucial
G.Skill Trident Z5 Neo 64 GB,4099.8,"5,6000",Black / Silver,30.0,2,32,G.Skill
Silicon Power XPOWER Pulse Gaming 32 GB,1599.4,"5,6000",Black,36.0,2,16,Silicon Power
Corsair Vengeance RGB 32 GB,2959.8,"5,6000",Black,28.0,2,16,Corsair
Silicon Power SP016GLLTU160N22 16 GB,339.0,"3,1600",Green,11.0,2,8,Silicon Power
PNY XLR8 Gaming RGB 32 GB,1899.8,"5,6000",Black,36.0,2,16,PNY
G.Skill Trident Z5 RGB 32 GB,2799.8,"5,7200",Black,34.0,2,16,G.Skill
Kingston FURY Beast 8 GB,597.79,"4,3200",Black,16.0,1,8,Kingston
Corsair Vengeance 32 GB,1939.8,"5,5200",Black,40.0,2,16,Corsair
TEAMGROUP T-Create Expert 32 GB,1259.8,"4,3200",Gray,16.0,2,16,TeamGroup
Silicon Power XPOWER Pulse Gaming 32 GB,1699.8,"5,6400",Black,32.0,2,16,Silicon Power
Corsair Dominator Titanium 96 GB,8559.79,"5,7000",Black,40.0,2,48,Corsair
Corsair Vengeance LPX 16 GB,1839.8,"4,3600",Black,18.0,2,8,Corsair
Corsair Vengeance RGB Pro 16 GB,1958.19,"4,3200",White,16.0,2,8,Corsair
Patriot Viper Venom 16 GB,1059.8,"5,5200",Black / White,36.0,2,8,Patriot
G.Skill Trident Z5 Royal 64 GB,5199.8,"5,6400",Silver,32.0,2,32,G.Skill
Crucial Pro 64 GB,2519.79,"4,3200",Black / Green,22.0,2,32,Crucial
Corsair Dominator Titanium 96 GB,8399.79,"5,6600",White,32.0,2,48,Corsair
ADATA XPG Lancer Blade RGB 32 GB,2699.8,"5,6000",Black,30.0,2,16,ADATA
Corsair Vengeance RGB 32 GB,2899.8,"5,6000",White / Silver,30.0,2,16,Corsair
Patriot Signature Line 32 GB,1439.6,"5,4800",Black,40.0,2,16,Patriot
Crucial CT2K16G48C40U5 32 GB,1479.6,"5,4800",Black,40.0,2,16,Crucial
G.Skill Trident Z5 Neo RGB 96 GB,8299.79,"5,6000",Black,28.0,2,48,G.Skill
TEAMGROUP T-Force Delta RGB 32 GB,1799.8,"5,6000",White,38.0,2,16,TeamGroup
Crucial Pro Overclocking 64 GB,3999.8,"5,6400",Black,40.0,2,32,Crucial
G.Skill Trident Z5 Neo RGB 64 GB,5099.8,"5,6000",Black,28.0,2,32,G.Skill
Corsair Vengeance RGB Pro 32 GB,1659.8,"4,3200",Black,16.0,2,16,Corsair
Corsair Vengeance 96 GB,6499.8,"5,6000",Black / Silver,30.0,2,48,Corsair
Corsair Vengeance LPX 8 GB,739.8,"4,2400",Black / Yellow,16.0,1,8,Corsair
Silicon Power XPOWER Zenith Gaming 64 GB,3299.8,"5,6000",Black,30.0,2,32,Silicon Power
Lexar Ares RGB 32 GB,2299.79,"5,6000",Black,30.0,2,16,Lexar
Crucial CT2K8G4DFRA32A 16 GB,1130.8,"4,3200",Green,22.0,2,8,Crucial
Corsair Dominator Titanium 32 GB,3599.8,"5,6000",Black,30.0,2,16,Corsair
Crucial CT8G4DFS824A 8 GB,399.6,"4,2400",Green,17.0,1,8,Crucial
Timetec PINNACLE Konduit 32 GB,1199.8,"4,3200",White,16.0,2,16,Timetec
Kingston FURY Beast RGB 64 GB,4899.8,"5,6000",Black,30.0,2,32,Kingston
Corsair Vengeance RGB 64 GB,4359.8,"5,6000",Black,30.0,2,32,Corsair
Corsair Vengeance 192 GB,12299.8,"5,5200",Black,38.0,4,48,Corsair
G.Skill Trident Z5 RGB 64 GB,5099.8,"5,6800",Black,34.0,2,32,G.Skill
TEAMGROUP T-Force Vulcan 32 GB,1659.8,"5,6000",Black,38.0,2,16,TeamGroup
G.Skill Trident Z5 Neo 32 GB,2339.79,"5,6000",Black,30.0,2,16,G.Skill
G.Skill Aegis 16 GB,899.8,"4,3200",Red / Black,16.0,2,8,G.Skill
PNY XLR8 32 GB,1199.8,"4,3600",Black,18.0,2,16,PNY
TEAMGROUP Elite 16 GB,579.79,"4,2666",Black,19.0,2,8,TeamGroup
Silicon Power XPOWER Zenith RGB Gaming 32 GB,1999.8,"5,6000",Black,30.0,2,16,Silicon Power
G.Skill Ripjaws S5 32 GB,1799.8,"5,6000",Black,36.0,2,16,G.Skill
OLOy ND4U1632161DJ0DA 32 GB,1399.8,"4,3200",Black,16.0,2,16,OLOy
Corsair Vengeance RGB Pro 32 GB,2859.8,"4,3200",White,16.0,2,16,Corsair
ADATA XPG Lancer Blade 32 GB,3044.2,"5,6000",Black,30.0,2,16,ADATA
G.Skill Ripjaws V 32 GB,1479.6,"4,3600",Black,18.0,2,16,G.Skill
Crucial Pro 64 GB,3426.8,"5,6000",Black,40.0,2,32,Crucial
Silicon Power XPOWER Turbine 16 GB,679.4,"4,3200",Blue,16.0,2,8,Silicon Power
G.Skill Trident Z5 Royal Neo RGB 64 GB,5199.8,"5,6000",Silver,30.0,2,32,G.Skill
Crucial CT16G48C40U5 16 GB,777.2,"5,4800",Black,40.0,1,16,Crucial
Patriot Viper Steel 64 GB,3299.8,"4,3600",Silver / Black,18.0,2,32,Patriot
G.Skill Trident Z5 Neo RGB 32 GB,2699.8,"5,6400",Black,30.0,2,16,G.Skill
Klevv FIT V 32 GB,1699.8,"5,6000",White,32.0,2,16,Klevv
TEAMGROUP T-Create Expert 32 GB,1459.8,"5,6000",White,38.0,2,16,TeamGroup
Kingston FURY Beast RGB 16 GB,1519.6,"5,6000",Black,36.0,2,8,Kingston
Corsair Vengeance 32 GB,2299.79,"5,6400",Black,32.0,2,16,Corsair
Corsair Vengeance RGB 96 GB,6999.8,"5,6000",Black / Silver,30.0,2,48,Corsair
Corsair Vengeance RGB 32 GB,3899.8,"5,8000",Black / Gray,36.0,2,16,Corsair
Corsair Vengeance LPX 32 GB,3219.8,"4,3600",Black / Yellow,18.0,2,16,Corsair
Patriot Viper Xtreme 5 32 GB,2699.8,"5,8200",Black,38.0,2,16,Patriot
TEAMGROUP T-Force Delta RGB 32 GB,2733.8,"4,3600",Black,18.0,2,16,TeamGroup
G.Skill Ripjaws V 16 GB,919.8,"4,3600",Black,18.0,2,8,G.Skill
G.Skill Trident Z Neo 32 GB,1999.8,"4,3600",Black / Silver,16.0,2,16,G.Skill
Timetec PINNACLE Konduit 32 GB,1199.8,"4,3200",Black,16.0,2,16,Timetec
Patriot Viper Venom RGB 32 GB,1819.8,"5,6000",Black / Silver,30.0,2,16,Patriot
Kingston FURY Beast 128 GB,8059.8,"5,5600",White,40.0,4,32,Kingston
Corsair Vengeance 48 GB,3599.8,"5,6000",Black / Gray,30.0,2,24,Corsair
Kingston FURY Beast 16 GB,1299.8,"5,5600",Black / Silver,36.0,2,8,Kingston
G.Skill Trident Z5 Royal Neo RGB 96 GB,8999.79,"5,6000",Silver,28.0,2,48,G.Skill
TEAMGROUP T-Force Delta RGB 32 GB,2159.79,"5,6400",Black,32.0,2,16,TeamGroup
G.Skill Ripjaws S5 96 GB,5699.8,"5,6400",Black,32.0,2,48,G.Skill
TEAMGROUP T-Force Delta RGB 32 GB,1498.8,"4,3200",Black,16.0,2,16,TeamGroup
G.Skill Trident Z5 RGB 32 GB,1919.6,"5,6000",Black,36.0,2,16,G.Skill
G.Skill Trident Z5 Neo RGB 32 GB,2699.8,"5,6400",White,30.0,2,16,G.Skill
G.Skill Ripjaws S5 32 GB,1999.8,"5,5600",Black,28.0,2,16,G.Skill
Corsair Vengeance LPX 64 GB,2579.8,"4,3600",Black,18.0,2,32,Corsair
Patriot Viper Venom 32 GB,2299.79,"5,7000",Black / White,32.0,2,16,Patriot
TEAMGROUP T-Force Delta RGB 32 GB,2159.79,"5,6400",White,32.0,2,16,TeamGroup
G.Skill Aegis 32 GB,1399.6,"4,3200",Red / Black,16.0,2,16,G.Skill
TEAMGROUP T-Create Expert 32 GB,1799.8,"5,6400",Black,32.0,2,16,TeamGroup
Kingston FURY Beast RGB 64 GB,4799.8,"5,6000",White,30.0,2,32,Kingston
Lexar THOR OC 32 GB,2099.79,"5,6000",Black / Gold,32.0,2,16,Lexar
Silicon Power XPOWER Zenith RGB Gaming 64 GB,3399.8,"5,6000",White,30.0,2,32,Silicon Power
Corsair Vengeance 64 GB,4399.8,"5,6000",Black / Gray,30.0,2,32,Corsair
TEAMGROUP T-Create Expert 64 GB,3539.8,"5,6000",Black,34.0,2,32,TeamGroup
Corsair Vengeance RGB 32 GB,2899.8,"5,6000",Black / Gray,30.0,2,16,Corsair
Kingston FURY Beast 128 GB,6799.8,"5,5600",Black,36.0,2,64,Kingston
Patriot Viper Venom 16 GB,999.8,"5,6400",Black / Red,32.0,2,8,Patriot
Timetec PINNACLE Konduit 16 GB,639.79,"4,3200",White,16.0,2,8,Timetec
G.Skill Trident Z5 RGB 64 GB,3199.8,"5,6000",Black,36.0,2,32,G.Skill
Corsair Dominator Titanium 64 GB,5999.8,"5,6000",White,30.0,2,32,Corsair
Patriot Viper Venom 16 GB,979.8,"5,6000",Black / White,30.0,1,16,Patriot
Silicon Power XPOWER Zenith RGB Gaming 32 GB,1999.8,"5,6000",White,30.0,2,16,Silicon Power
Corsair Vengeance RGB 64 GB,4899.8,"5,6400",Black / Gray,32.0,2,32,Corsair
Corsair Vengeance 64 GB,2999.8,"5,5600",Black,40.0,2,32,Corsair
G.Skill Trident Z RGB 32 GB,2110.6,"4,3200",Black,16.0,2,16,G.Skill
Kingston KCP424NS6/4 4 GB,199.8,"4,2400",Green / Black,17.0,1,4,Kingston
G.Skill Trident Z5 Royal 48 GB,5599.8,"5,8400",Silver,40.0,2,24,G.Skill
Corsair Vengeance LPX 32 GB,1717.6,"4,3600",Black / Yellow,16.0,2,16,Corsair
G.Skill Trident Z5 RGB 48 GB,4299.8,"5,8000",Black,40.0,2,24,G.Skill
Corsair Vengeance 128 GB,10819.8,"5,5600",Black,40.0,4,32,Corsair
Kingston FURY Beast RGB 128 GB,7999.8,"5,5200",Black,40.0,4,32,Kingston
G.Skill Flare X5 32 GB,2099.79,"5,6000",Black,32.0,2,16,G.Skill
TEAMGROUP Elite 32 GB,1579.6,"4,3200",Black,22.0,2,16,TeamGroup
TEAMGROUP T-Force Delta RGB 32 GB,1799.8,"5,6000",Black,38.0,2,16,TeamGroup
ADATA XPG SPECTRIX D35G RGB 16 GB,1099.8,"4,3200",Black,16.0,2,8,ADATA
Crucial Pro 32 GB,1899.8,"5,6400",White,38.0,2,16,Crucial
G.Skill Trident Z RGB 64 GB,2999.8,"4,3600",Black,18.0,2,32,G.Skill
TEAMGROUP T-Force Vulcan Z 16 GB,779.8,"4,3200",Gray,16.0,2,8,TeamGroup
Patriot Viper Venom 64 GB,3199.8,"5,6000",Black / White,36.0,2,32,Patriot
Corsair Vengeance RGB 32 GB,2439.79,"5,6000",White,40.0,2,16,Corsair
Crucial CT51264BA160B 4 GB,205.8,"3,1600",Green,11.0,1,4,Crucial
Corsair Vengeance LPX 16 GB,1719.8,"4,3000",Black / Yellow,15.0,2,8,Corsair
Silicon Power XPOWER Turbine 32 GB,1219.8,"4,3200",Blue,16.0,2,16,Silicon Power
TEAMGROUP T-Force Delta RGB 16 GB,1559.8,"5,6000",White,38.0,2,8,TeamGroup
Corsair Dominator Titanium 64 GB,6399.8,"5,6000",Black,30.0,2,32,Corsair
G.Skill Ripjaws S5 32 GB,2199.79,"5,6400",Black,32.0,2,16,G.Skill
G.Skill Flare X5 96 GB,3699.8,"5,5200",Black,40.0,2,48,G.Skill
Klevv BOLT V 32 GB,1879.8,"5,6000",Black,30.0,2,16,Klevv
G.Skill Ripjaws M5 Neo RGB 32 GB,1899.8,"5,6000",Black,36.0,2,16,G.Skill
Corsair Vengeance RGB 32 GB,2359.79,"5,6400",Black / Gray,32.0,2,16,Corsair
Corsair Vengeance 32 GB,2719.8,"5,6000",Black,28.0,2,16,Corsair
TEAMGROUP Vulcan Z 16 GB,859.8,"4,3600",Black,18.0,2,8,TeamGroup
Silicon Power GAMING 16 GB,759.4,"4,3600",Gray / Silver,18.0,2,8,Silicon Power
TEAMGROUP T-Create Expert 96 GB,5839.8,"5,6400",Black / Gold,32.0,2,48,TeamGroup
G.Skill Ripjaws S5 32 GB,1699.8,"5,5200",Black,40.0,2,16,G.Skill
Corsair Vengeance RGB 64 GB,3699.8,"5,6000",Black,40.0,2,32,Corsair
TEAMGROUP T-Create Expert 32 GB,2219.79,"5,7200",Black,34.0,2,16,TeamGroup
Corsair Vengeance 96 GB,6599.8,"5,6400",Black,32.0,2,48,Corsair
Patriot Signature Line 16 GB,699.8,"5,4800",Black,40.0,1,16,Patriot
Corsair Vengeance RGB 64 GB,5559.8,"5,6400",White,32.0,2,32,Corsair
Crucial CT2K64G56C46U5 128 GB,5599.8,"5,5600",Black,46.0,2,64,Crucial
G.Skill Trident Z RGB 16 GB,1099.8,"4,3200",Black,16.0,2,8,G.Skill
TEAMGROUP T-Force Delta RGB 32 GB,1799.8,"5,6400",Black,40.0,2,16,TeamGroup
Silicon Power XPOWER Zenith Gaming 64 GB,3299.8,"5,6000",White,30.0,2,32,Silicon Power
Kingston FURY Beast RGB 128 GB,6999.8,"5,5600",Black,36.0,2,64,Kingston
Patriot Viper Venom 16 GB,979.8,"5,6000",Black / Silver,36.0,2,8,Patriot
Corsair Vengeance RGB Pro 32 GB,2579.8,"4,3200",Black,16.0,4,8,Corsair
G.Skill Ripjaws M5 RGB 32 GB,2299.79,"5,6000",White,30.0,2,16,G.Skill
Kingston FURY Beast 16 GB,1490.8,"4,3200",Black,16.0,1,16,Kingston
G.Skill Flare X5 96 GB,6599.8,"5,6000",Black,30.0,2,48,G.Skill
Kingston FURY Beast 32 GB,1879.8,"5,5200",Black / Silver,40.0,2,16,Kingston
Patriot Viper Venom 32 GB,1679.8,"5,5600",Black / White,36.0,2,16,Patriot
Silicon Power XPOWER Storm RGB 32 GB,1899.4,"5,6400",Black,32.0,2,16,Silicon Power
Corsair Vengeance LPX 16 GB,979.8,"4,3600",Black / Yellow,16.0,2,8,Corsair
Corsair Dominator Platinum RGB 64 GB,7559.8,"5,6600",Black,32.0,4,16,Corsair
Silicon Power XPOWER Storm RGB 32 GB,1719.8,"5,6000",White,36.0,2,16,Silicon Power
TEAMGROUP Elite 16 GB,979.8,"4,3200",Black,22.0,2,8,TeamGroup
Klevv BOLT X 32 GB,1619.6,"4,3600",Black,18.0,2,16,Klevv
Crucial Classic 64 GB,2619.8,"5,5600",Black,46.0,2,32,Crucial
Corsair Vengeance RGB 32 GB,1899.8,"5,6000",Black / Gray,36.0,2,16,Corsair
TEAMGROUP T-Create Expert 16 GB,919.8,"4,3200",Gray,16.0,2,8,TeamGroup
Klevv BOLT X 16 GB,959.8,"4,3600",Black,18.0,2,8,Klevv
Corsair Vengeance 32 GB,1899.8,"5,4800",Black,40.0,2,16,Corsair
G.Skill Aegis 16 GB,739.8,"4,3000",Black / Red,16.0,2,8,G.Skill
TEAMGROUP Elite 32 GB,1519.6,"5,5600",Black,46.0,2,16,TeamGroup
Corsair Vengeance 32 GB,1799.8,"5,5600",Black / Gray,40.0,2,16,Corsair
Patriot Viper Venom RGB 32 GB,1699.8,"5,6000",Black / White,36.0,2,16,Patriot
Timetec PINNACLE Konduit 16 GB,679.8,"4,3600",White,18.0,2,8,Timetec
Patriot Viper 4 Blackout 64 GB,24077.19,"4,3000",Black,16.0,2,32,Patriot
Crucial CT64G4YFQ426S 64 GB,12999.0,"4,2666",Green / Black,19.0,1,64,Crucial
G.Skill Ripjaws S5 64 GB,3859.8,"5,6000",Black,30.0,2,32,G.Skill
Corsair Vengeance RGB 32 GB,2439.79,"5,5600",Black / Gray,40.0,2,16,Corsair
TEAMGROUP T-Force Delta RGB 32 GB,1799.8,"5,6400",White,40.0,2,16,TeamGroup
Crucial CT64G56C46U5 64 GB,3139.8,"5,5600",Black,46.0,1,64,Crucial
TEAMGROUP T-Force DELTAα RGB 16 GB,1399.8,"5,6000",White,38.0,2,8,TeamGroup
G.Skill Ripjaws V 32 GB,1999.8,"4,4000",Black,18.0,2,16,G.Skill
TEAMGROUP T-Force Delta RGB 64 GB,3699.8,"5,6000",Black,38.0,2,32,TeamGroup
Klevv KD5AGU880-56K300F 32 GB,1619.6,"5,5600",White,30.0,2,16,Klevv
Crucial CT8G48C40U5 8 GB,499.6,"5,4800",Black,40.0,1,8,Crucial
Acer Predator Vesta II RGB 32 GB,2876.0,"5,6000",Black,30.0,2,16,Acer
Silicon Power XPOWER Zenith RGB Gaming 32 GB,1359.8,"4,3600",Black,18.0,2,16,Silicon Power
Kingston FURY Beast RGB 32 GB,3201.0,"4,3600",Black,18.0,2,16,Kingston
TEAMGROUP T-Force Delta RGB 32 GB,2499.79,"5,6000",Black,28.0,2,16,TeamGroup
Corsair Vengeance 96 GB,7099.8,"5,6000",Black,30.0,2,48,Corsair
Lexar Ares RGB 32 GB,2359.79,"5,6400",Black / Silver,32.0,2,16,Lexar
G.Skill Flare X5 128 GB,7999.8,"5,6000",Black,34.0,2,64,G.Skill
Crucial Pro 96 GB,4199.8,"5,5600",Black,46.0,2,48,Crucial
Corsair Vengeance RGB Pro 16 GB,2079.79,"4,3600",Black,18.0,2,8,Corsair
G.Skill Trident Z5 RGB 96 GB,6799.8,"5,6800",Black,34.0,2,48,G.Skill
PNY XLR8 16 GB,639.79,"4,3200",Black / Red,16.0,2,8,PNY
Patriot Viper Steel 16 GB,1039.8,"4,3600",Silver / Black,17.0,2,8,Patriot
Crucial CT2K8G4DFS824A 16 GB,627.0,"4,2400",Green / Black,17.0,2,8,Crucial
Kingston FURY Beast RGB 64 GB,9920.2,"5,6400",Black,32.0,2,32,Kingston
TEAMGROUP T-Force Delta RGB 16 GB,999.8,"4,3200",White,16.0,2,8,TeamGroup
TEAMGROUP T-Create Expert 48 GB,2919.8,"5,6400",Black / Gold,32.0,2,24,TeamGroup
Crucial Classic 8 GB,439.79,"5,5600",Black,46.0,1,8,Crucial
Corsair Vengeance LPX 256 GB,14075.0,"4,3200",Black / Yellow,16.0,8,32,Corsair
Crucial CT8G4DFRA32A 8 GB,514.4,"4,3200",Green,22.0,1,8,Crucial
G.Skill Trident Z5 Neo RGB 64 GB,6999.8,"5,6000",White / Black,26.0,2,32,G.Skill
G.Skill Trident Z RGB 32 GB,1580.0,"4,3200",Black,16.0,4,8,G.Skill
Patriot Viper 3 16 GB,519.79,"3,1866",Black / Silver,10.0,2,8,Patriot
Patriot Viper Venom 32 GB,1899.8,"5,6000",Black / White,30.0,1,32,Patriot
Corsair Dominator Titanium 64 GB,7559.8,"5,6400",White,32.0,4,16,Corsair
Corsair Dominator Platinum RGB 32 GB,3459.8,"5,6200",Black,36.0,2,16,Corsair
TEAMGROUP T-Create Expert 64 GB,3619.8,"5,6400",Black,34.0,2,32,TeamGroup
TEAMGROUP Elite 16 GB,979.8,"4,3200",Black,22.0,1,16,TeamGroup
TEAMGROUP T-Force Delta RGB 32 GB,1859.8,"5,6000",White,38.0,2,16,TeamGroup
Corsair Vengeance LPX 32 GB,1619.0,"4,3200",Black / Yellow,16.0,2,16,Corsair
Crucial Ballistix MAX 16 GB,19900.0,"4,5100",Black,19.0,2,8,Crucial
G.Skill Ripjaws S5 64 GB,3799.8,"5,5600",Black,28.0,2,32,G.Skill
G.Skill Trident Z5 Royal Neo RGB 96 GB,8999.79,"5,6000",Gold,28.0,2,48,G.Skill
Crucial CT2K16G56C46U5 32 GB,1559.6,"5,5600",Black,46.0,2,16,Crucial
TEAMGROUP T-Create Expert 32 GB,1319.6,"4,3600",Gray,18.0,2,16,TeamGroup
Corsair Vengeance LPX 128 GB,6318.0,"4,3200",Black / Yellow,16.0,4,32,Corsair
G.Skill Trident Z5 RGB 32 GB,2859.8,"5,7600",Black,36.0,2,16,G.Skill
Corsair Vengeance LPX 32 GB,2399.79,"4,2133",Black / Yellow,13.0,2,16,Corsair
Samsung M378A2K43CB1-CTD 16 GB,580.0,"4,2666",Green / Black,19.0,1,16,Samsung
Kingston FURY Beast 32 GB,2591.6,"5,6000",White,30.0,2,16,Kingston
G.Skill Trident Z5 RGB 48 GB,5199.8,"5,8400",White,40.0,2,24,G.Skill
Corsair Vengeance RGB 32 GB,2059.79,"5,5200",Black,40.0,2,16,Corsair
G.Skill Ripjaws S5 64 GB,4859.8,"5,6800",Black,34.0,2,32,G.Skill
Patriot Viper Venom 16 GB,1079.8,"5,5600",Black / White,40.0,2,8,Patriot
ADATA XPG SPECTRIX D35G RGB 32 GB,1999.8,"4,3200",Black,16.0,2,16,ADATA
G.Skill Trident Z5 Royal Neo RGB 32 GB,2999.8,"5,6400",Silver,30.0,2,16,G.Skill
G.Skill Trident Z5 RGB 32 GB,3299.8,"5,8000",Black,38.0,2,16,G.Skill
G.Skill Ripjaws M5 Neo RGB 32 GB,1899.8,"5,6000",White,36.0,2,16,G.Skill
Corsair Dominator Titanium 64 GB,6399.8,"5,6000",Black,30.0,2,32,Corsair
G.Skill Trident Z5 RGB 64 GB,4399.8,"5,6000",Black,30.0,2,32,G.Skill
Samsung M378A1K43CB2-CRC 8 GB,461.6,"4,2400",Green,17.0,1,8,Samsung
G.Skill Flare X5 32 GB,2559.79,"5,6000",White,28.0,2,16,G.Skill
Corsair Vengeance 64 GB,4379.8,"5,5600",Black,36.0,4,16,Corsair
Kingston FURY Beast 16 GB,1467.2,"5,6000",Black / Silver,36.0,2,8,Kingston
G.Skill Trident Z5 Neo RGB 32 GB,2799.8,"5,6000",Silver / Black,30.0,2,16,G.Skill
Corsair Vengeance 32 GB,2099.79,"5,6400",Black,36.0,2,16,Corsair
G.Skill Trident Z5 Neo RGB 64 GB,5099.8,"5,6000",White / Black,28.0,2,32,G.Skill
Kingston FURY Beast RGB 64 GB,10476.4,"5,6400",White,32.0,2,32,Kingston
TEAMGROUP T-Force Delta RGB 32 GB,2499.79,"5,6000",White,28.0,2,16,TeamGroup
G.Skill Ripjaws M5 RGB 48 GB,2199.79,"5,5200",White,40.0,2,24,G.Skill
Corsair Vengeance 64 GB,5700.0,"5,6600",Black / Gray,32.0,2,32,Corsair
Corsair Vengeance LPX 16 GB,919.8,"4,3200",Black,16.0,2,8,Corsair
G.Skill Ripjaws S5 32 GB,2199.79,"5,6000",White,30.0,2,16,G.Skill
TEAMGROUP T-Create Expert 64 GB,3619.8,"5,6400",White,34.0,2,32,TeamGroup
Corsair Vengeance LPX 16 GB,959.8,"4,2666",Black / Yellow,16.0,2,8,Corsair
Corsair Dominator Titanium 64 GB,7559.8,"5,6400",Black,32.0,4,16,Corsair
G.Skill Flare X5 64 GB,4699.8,"5,6000",White,28.0,2,32,G.Skill
Patriot Viper Steel 64 GB,2537.19,"4,3200",Gray,16.0,2,32,Patriot
G.Skill Ripjaws M5 RGB 96 GB,3599.8,"5,5200",Black,40.0,2,48,G.Skill
Corsair Vengeance 16 GB,1179.59,"5,5200",Black,40.0,1,16,Corsair
G.Skill Trident Z5 RGB 32 GB,2399.79,"5,6000",Black,30.0,2,16,G.Skill
Kingston FURY Beast RGB 16 GB,1120.0,"4,3600",Black,17.0,2,8,Kingston
G.Skill Ripjaws M5 Neo RGB 32 GB,1779.6,"5,6000",Black,36.0,2,16,G.Skill
Corsair Vengeance 16 GB,1519.6,"3,1600",Black / Yellow,9.0,2,8,Corsair
Corsair Vengeance RGB 32 GB,2399.79,"5,6400",White / Black,36.0,2,16,Corsair
G.Skill Trident Z RGB 128 GB,6599.8,"4,3600",Black,18.0,4,32,G.Skill
Kingston FURY Beast 32 GB,2980.0,"4,3600",Black,18.0,2,16,Kingston
G.Skill Trident Z RGB 32 GB,1799.8,"4,4000",Black,18.0,2,16,G.Skill
TEAMGROUP T-Create Classic 32 GB,1099.8,"4,3200",Silver,22.0,2,16,TeamGroup
Kingston FURY 128 GB,8559.79,"5,5600",White,40.0,4,32,Kingston
TEAMGROUP T-Force Delta RGB 32 GB,2399.79,"5,7200",Black / White,34.0,2,16,TeamGroup
PNY XLR8 Gaming RGB 32 GB,1799.8,"5,6400",Black,36.0,2,16,PNY
TEAMGROUP T-Create Expert 32 GB,1459.8,"5,5600",Black / Gold,38.0,2,16,TeamGroup
Kingston FURY Beast 32 GB,2039.8,"5,5600",Black,40.0,2,16,Kingston
G.Skill Ripjaws V 8 GB,1399.6,"4,2400",Red,15.0,1,8,G.Skill
G.Skill Trident Z RGB 96 GB,6999.8,"5,6400",Black,32.0,2,48,G.Skill
Corsair Vengeance LPX 16 GB,1799.8,"4,3200",White,16.0,2,8,Corsair
Crucial CT16G56C46U5 16 GB,819.8,"5,5600",Black,46.0,1,16,Crucial
TEAMGROUP T-Force Vulcan 32 GB,1599.8,"5,5200",Black,40.0,2,16,TeamGroup
G.Skill Trident Z5 Neo 128 GB,8399.79,"5,6000",Black,34.0,2,64,G.Skill
Patriot Viper Xtreme 5 48 GB,3339.8,"5,8200",Black,38.0,2,24,Patriot
Crucial CT16G4DFRA32A 16 GB,1034.59,"4,3200",Green,22.0,1,16,Crucial
Corsair Vengeance RGB Pro 64 GB,19707.4,"4,3200",Black,16.0,4,16,Corsair
Patriot Signature 8 GB,379.6,"3,1600",Black / Green,11.0,1,8,Patriot
G.Skill Ripjaws S5 64 GB,4599.8,"5,6400",Black,32.0,2,32,G.Skill
Patriot Viper Steel 32 GB,1299.8,"4,3600",Silver / Black,18.0,2,16,Patriot
Kingston FURY Beast 16 GB,1115.8,"5,5200",Black / Silver,36.0,2,8,Kingston
Crucial CT2K32G48C40U5 64 GB,3379.8,"5,4800",Black,40.0,2,32,Crucial
Corsair Vengeance RGB 32 GB,2299.79,"5,5600",Black / Gray,40.0,2,16,Corsair
TEAMGROUP T-Create Expert 32 GB,1639.8,"5,5600",White,38.0,2,16,TeamGroup
G.Skill Trident Z RGB 128 GB,9288.6,"4,4000",Black,18.0,4,32,G.Skill
Patriot Viper Venom 64 GB,2999.8,"5,5600",Black / White,36.0,2,32,Patriot
PNY XLR8 16 GB,659.8,"4,3600",Black,18.0,2,8,PNY
Corsair Vengeance RGB Pro 64 GB,10220.0,"4,3200",Black,16.0,2,32,Corsair
Corsair Dominator Platinum RGB 32 GB,3459.8,"5,6200",White,36.0,2,16,Corsair
TEAMGROUP T-Force DELTAα RGB 16 GB,1559.8,"5,6000",Black,38.0,2,8,TeamGroup
G.Skill Trident Z5 Royal 48 GB,5959.8,"5,8400",Gold,40.0,2,24,G.Skill
G.Skill Trident Z5 Neo RGB 32 GB,1999.8,"5,6000",Black,36.0,2,16,G.Skill
OLOy MD4U083016BJDA 16 GB,699.8,"4,3000",Black,16.0,2,8,OLOy
Kingston FURY Beast RGB 32 GB,2754.6,"5,5600",Black,36.0,2,16,Kingston
G.Skill Trident Z Neo 16 GB,1299.6,"4,3600",Black / Silver,16.0,2,8,G.Skill
Kingston FURY Beast RGB 16 GB,1453.8,"5,5600",Black,40.0,2,8,Kingston
G.Skill Trident Z5 Neo RGB 32 GB,2739.8,"5,6400",Black,30.0,2,16,G.Skill
TEAMGROUP T-Force Delta RGB 16 GB,939.8,"4,3200",Black,16.0,2,8,TeamGroup
G.Skill Trident Z5 Neo RGB 32 GB,2799.8,"5,6000",Silver / Black,28.0,2,16,G.Skill
Silicon Power XPOWER Storm RGB 32 GB,1679.8,"5,6000",Gray,36.0,2,16,Silicon Power
TEAMGROUP T-Create Expert 16 GB,819.8,"4,3600",Gray,18.0,2,8,TeamGroup
Kingston FURY Beast RGB 16 GB,1579.6,"5,6000",Black,30.0,2,8,Kingston
G.Skill Ripjaws S5 32 GB,2099.79,"5,6000",Black,30.0,2,16,G.Skill
TEAMGROUP T-Create Expert 32 GB,1799.8,"5,6400",White,32.0,2,16,TeamGroup
Corsair Dominator Titanium 48 GB,5179.8,"5,7600",Black,36.0,2,24,Corsair
Patriot Viper Venom 32 GB,1799.8,"5,6200",Black / White,40.0,2,16,Patriot
PNY XLR8 Gaming EPIC-X RGB 16 GB,879.8,"4,3200",Black,16.0,2,8,PNY
Corsair Vengeance RGB Pro SL 32 GB,2199.79,"4,3600",Black,18.0,2,16,Corsair
Silicon Power XPOWER Zenith RGB Gaming 64 GB,3399.8,"5,6000",Black,30.0,2,32,Silicon Power
Corsair Vengeance 32 GB,1939.8,"5,5200",White,40.0,2,16,Corsair
G.Skill Trident Z RGB 256 GB,17980.0,"4,2666",Black,18.0,8,32,G.Skill
Kingston FURY Beast 16 GB,980.0,"4,3600",Black,17.0,2,8,Kingston
Corsair Vengeance 32 GB,1659.8,"5,5200",Black,40.0,1,32,Corsair
TEAMGROUP T-Force Delta RGB 32 GB,1859.8,"5,6000",Black,38.0,2,16,TeamGroup
Silicon Power XPOWER Zenith RGB Gaming 16 GB,799.4,"4,3600",Black,18.0,2,8,Silicon Power
ADATA XPG SPECTRIX D50 16 GB,1399.6,"4,3200",White,16.0,2,8,ADATA
Crucial CT32G56C46U5 32 GB,1405.8,"5,5600",Black,46.0,1,32,Crucial
G.Skill Ripjaws X 16 GB,739.8,"3,1600",Black / Red,10.0,2,8,G.Skill
G.Skill Trident Z5 Neo RGB 48 GB,3599.8,"5,6400",Black,32.0,2,24,G.Skill
G.Skill Ripjaws M5 RGB 64 GB,4299.8,"5,6000",White,30.0,2,32,G.Skill
Kingston FURY Beast 64 GB,4060.0,"5,5600",Black,36.0,2,32,Kingston
Kingston FURY Beast 16 GB,999.8,"5,5200",Black / Silver,40.0,1,16,Kingston
Corsair Vengeance LPX 32 GB,2199.79,"4,3600",Black / Yellow,18.0,4,8,Corsair
Crucial Pro 48 GB,2479.79,"5,6000",Black,48.0,2,24,Crucial
TEAMGROUP T-Force Vulcan 32 GB,1889.8,"5,6400",Black / Silver,32.0,2,16,TeamGroup
G.Skill Ripjaws V 64 GB,3159.8,"4,3600",Black,18.0,2,32,G.Skill
Crucial CT2K16G4DFRA32A 32 GB,1999.8,"4,3200",Green / Black,22.0,2,16,Crucial
Kingston FURY Beast 32 GB,2623.8,"5,6000",Black,30.0,2,16,Kingston
TEAMGROUP T-Force Vulcan Z 16 GB,1180.0,"4,3200",Red,16.0,2,8,TeamGroup
G.Skill Trident Z Royal 32 GB,1999.8,"4,3600",Silver,19.0,2,16,G.Skill
G.Skill Ripjaws S5 96 GB,6199.8,"5,6800",Black,34.0,2,48,G.Skill
G.Skill Trident Z5 Royal 96 GB,6399.8,"5,6400",Silver,32.0,2,48,G.Skill
G.Skill Trident Z5 Neo RGB 64 GB,3399.8,"5,6000",Black,36.0,2,32,G.Skill
G.Skill Flare X5 32 GB,1699.8,"5,5600",Black,36.0,2,16,G.Skill
Corsair Vengeance LPX 16 GB,1408.0,"4,2133",Black / Yellow,13.0,2,8,Corsair
Corsair Vengeance RGB 32 GB,2819.8,"5,6200",White,36.0,2,16,Corsair
Corsair Vengeance RGB 32 GB,2534.19,"5,7200",Black,34.0,2,16,Corsair
TEAMGROUP Elite Plus 16 GB,839.8,"5,6000",Black,40.0,1,16,TeamGroup
Corsair Dominator Titanium 96 GB,9419.79,"5,6400",Black,32.0,4,24,Corsair
TEAMGROUP T-Create Expert 48 GB,2799.8,"5,6400",White,32.0,2,24,TeamGroup
G.Skill Ripjaws V 16 GB,859.8,"4,3200",Black,16.0,1,16,G.Skill
G.Skill Trident Z5 Neo RGB 32 GB,3299.8,"5,8000",Black,38.0,2,16,G.Skill
Patriot Viper Elite 5 RGB 16 GB,959.8,"5,6000",White,42.0,1,16,Patriot
V-Color TRA564G60D436O 512 GB,74749.79,"5,6000",Black,36.0,8,64,V-Color
G.Skill Trident Z5 Neo RGB 64 GB,4999.8,"5,6000",Silver / Black,30.0,2,32,G.Skill
Corsair Dominator Platinum RGB 64 GB,6399.8,"5,6800",Black,40.0,2,32,Corsair
Corsair Dominator Titanium 48 GB,5039.8,"5,7200",White,36.0,2,24,Corsair
G.Skill Ripjaws V 64 GB,3199.8,"4,3200",Black,16.0,4,16,G.Skill
G.Skill Ripjaws M5 RGB 64 GB,4599.8,"5,6400",White,32.0,2,32,G.Skill
Kingston FURY Beast 64 GB,4912.6,"5,6000",White,30.0,2,32,Kingston
Corsair Vengeance RGB Pro 32 GB,2079.79,"4,3600",Black,18.0,2,16,Corsair
Corsair Vengeance RGB 48 GB,3799.8,"5,6000",Black / Gray,30.0,2,24,Corsair
TEAMGROUP T-Create Expert 48 GB,3379.8,"5,7200",Black,34.0,2,24,TeamGroup
Kingston FURY Beast 32 GB,2279.79,"5,5200",Black,36.0,2,16,Kingston
G.Skill Ripjaws M5 Neo RGB 96 GB,6199.8,"5,6000",White,30.0,2,48,G.Skill
Corsair Vengeance RGB 96 GB,7179.8,"5,6600",Black / Silver,32.0,2,48,Corsair
G.Skill Trident Z5 RGB 64 GB,4799.8,"5,6400",White / Black,32.0,2,32,G.Skill
Corsair Vengeance LPX 16 GB,1479.6,"4,2400",Black / Yellow,16.0,2,8,Corsair
Crucial CT32G48C40U5 32 GB,1399.6,"5,4800",Black,40.0,1,32,Crucial
TEAMGROUP T-Force Vulcan Eco 32 GB,1939.8,"5,6000",Silver,30.0,2,16,TeamGroup
G.Skill Aegis 16 GB,679.8,"4,3200",Red / Black,16.0,1,16,G.Skill
Corsair Vengeance 64 GB,3259.8,"5,5200",White,40.0,2,32,Corsair
TEAMGROUP T-Force Delta RGB 32 GB,2599.8,"5,7200",White / Gray,34.0,2,16,TeamGroup
Corsair Dominator Titanium 32 GB,4319.8,"5,7200",Black,34.0,2,16,Corsair
ADATA XPG LANCER RGB 32 GB,2999.8,"5,6400",White,32.0,2,16,ADATA
G.Skill Aegis 8 GB,552.79,"4,3200",Red / Black,16.0,1,8,G.Skill
Corsair Vengeance 64 GB,3819.8,"5,6000",Black,38.0,2,32,Corsair
G.Skill Trident Z5 Royal Neo RGB 32 GB,3599.8,"5,8000",Silver,38.0,2,16,G.Skill
TEAMGROUP T-Force Vulcan Z 16 GB,779.8,"4,3600",Red,18.0,2,8,TeamGroup
Corsair Vengeance 32 GB,2219.79,"5,6000",White,36.0,2,16,Corsair
G.Skill Ripjaws M5 RGB 64 GB,4299.8,"5,6000",Black,30.0,2,32,G.Skill
Corsair Dominator Titanium 32 GB,3599.8,"5,7200",White,34.0,2,16,Corsair
Kingston FURY Beast 16 GB,1793.0,"5,6000",Black,30.0,1,16,Kingston
Corsair Vengeance LPX 64 GB,3599.8,"4,3200",Black / Yellow,16.0,4,16,Corsair
Corsair Vengeance RGB 64 GB,6359.8,"5,6600",Black / Gray,32.0,4,16,Corsair
G.Skill F5-6000J3636F32GX2-FX5 64 GB,3099.8,"5,6000",Black,36.0,2,32,G.Skill
G.Skill Trident Z5 Neo RGB 32 GB,2699.8,"5,6400",White,30.0,2,16,G.Skill
G.Skill Trident Z5 RGB 32 GB,2199.79,"5,5600",Black,28.0,2,16,G.Skill
Kingston FURY Beast 64 GB,5199.8,"5,6400",Black,32.0,2,32,Kingston
Patriot Viper Elite II 32 GB,1899.8,"4,4000",Red / Black,20.0,2,16,Patriot
G.Skill Trident Z Neo 64 GB,4299.8,"4,3600",Black / Silver,16.0,4,16,G.Skill
Corsair Vengeance RGB 64 GB,5199.8,"5,6000",White / Gray,30.0,2,32,Corsair
TEAMGROUP T-Force Vulcan 16 GB,1059.8,"5,5200",Black,40.0,2,8,TeamGroup
Corsair Vengeance 96 GB,4919.8,"5,5600",Black,40.0,2,48,Corsair
Corsair Vengeance 32 GB,2299.79,"5,6400",Black / Gray,32.0,2,16,Corsair
Corsair Vengeance RGB 64 GB,5399.8,"5,6600",Black / Gray,32.0,2,32,Corsair
Corsair Dominator Titanium 32 GB,3799.8,"5,6600",Black,32.0,2,16,Corsair
G.Skill Trident Z RGB 32 GB,1959.8,"4,3600",Black,16.0,2,16,G.Skill
G.Skill Trident Z RGB 64 GB,3399.8,"4,4000",Black,18.0,2,32,G.Skill
Silicon Power XPOWER Zenith RGB Gaming 32 GB,1459.6,"4,3600",Black,18.0,2,16,Silicon Power
G.Skill Trident Z5 Royal Neo RGB 32 GB,3599.8,"5,6000",Gold,28.0,2,16,G.Skill
Corsair Vengeance 64 GB,5999.8,"5,6600",Black / Gray,32.0,4,16,Corsair
G.Skill Trident Z5 RGB 64 GB,3399.8,"5,6000",White / Black,36.0,2,32,G.Skill
Silicon Power XPOWER Storm RGB 32 GB,1999.4,"5,7200",Black,34.0,2,16,Silicon Power
G.Skill Ripjaws X 8 GB,650.4,"3,1600",Black / Red,9.0,2,4,G.Skill
Corsair Vengeance RGB RS 16 GB,1659.8,"4,3200",Black / Gray,16.0,2,8,Corsair
Patriot Viper Venom 64 GB,2899.8,"5,5200",Black / White,40.0,2,32,Patriot
Corsair Vengeance LPX 32 GB,2007.2,"4,3200",Black / Yellow,16.0,4,8,Corsair
Timetec PINNACLE Konduit 8 GB,359.79,"4,3600",White,18.0,1,8,Timetec
G.Skill Flare X5 256 GB,15599.8,"5,6000",Black,36.0,4,64,G.Skill
Corsair Vengeance 32 GB,1939.8,"5,5200",Gray,40.0,2,16,Corsair
Corsair Dominator Platinum RGB 32 GB,3439.8,"5,6000",Black,30.0,2,16,Corsair
Crucial Pro 48 GB,2101.6,"5,5600",Black,46.0,2,24,Crucial
TEAMGROUP T-Create Expert 96 GB,5839.8,"5,6400",White,32.0,2,48,TeamGroup
Corsair Vengeance 96 GB,5719.8,"5,5600",Black / Silver,40.0,4,24,Corsair
Corsair Vengeance 32 GB,2299.79,"5,6000",Gray,36.0,2,16,Corsair
Patriot Viper Xtreme 5 RGB 48 GB,3379.6,"5,8000",Black,38.0,2,24,Patriot
Kingston FURY Beast 64 GB,2999.8,"4,3200",Black / Silver,16.0,2,32,Kingston
Patriot Signature Line 8 GB,559.6,"5,4800",Black,40.0,1,8,Patriot
G.Skill Ripjaws M5 RGB 48 GB,2199.79,"5,5200",Black,40.0,2,24,G.Skill
TEAMGROUP T-Force Delta RGB 16 GB,1559.8,"5,6000",Black,38.0,2,8,TeamGroup
G.Skill Trident Z5 RGB 32 GB,3099.8,"5,7800",Black,36.0,2,16,G.Skill
G.Skill Aegis 8 GB,547.6,"4,3000",Black / Red,16.0,1,8,G.Skill
TEAMGROUP T-Create Expert 32 GB,1619.8,"5,5600",Black / Gold,38.0,2,16,TeamGroup
Patriot Viper Elite II 16 GB,999.8,"4,4000",Red / Black,20.0,2,8,Patriot
Timetec 75TT133U2R8-8G 8 GB,239.8,"3,1333",Green / Black,9.0,1,8,Timetec
TEAMGROUP T-Force Vulcan 32 GB,1599.8,"5,6000",Black,38.0,2,16,TeamGroup
Corsair Dominator Platinum RGB 64 GB,5799.8,"5,6000",Black,30.0,2,32,Corsair
Corsair Vengeance RGB Pro 32 GB,2180.0,"4,3200",Black,16.0,2,16,Corsair
Corsair Vengeance 64 GB,3919.8,"5,6000",Gray,40.0,2,32,Corsair
Crucial CT2K16G56C46S5 32 GB,1559.8,"5,5600",Black,46.0,2,16,Crucial
Corsair Vengeance RGB 64 GB,5519.8,"5,6000",Black,36.0,4,16,Corsair
Kingston FURY Beast RGB 32 GB,2595.0,"5,6000",Black,36.0,2,16,Kingston
TEAMGROUP T-Force Delta RGB 32 GB,1819.8,"5,5600",White,36.0,2,16,TeamGroup
Kingston FURY Beast RGB 16 GB,1279.8,"5,5200",Black,40.0,2,8,Kingston
G.Skill Trident Z5 RGB 96 GB,6999.8,"5,6400",White / Black,32.0,2,48,G.Skill
G.Skill Trident Z5 Royal 32 GB,3139.8,"5,7200",Silver,34.0,2,16,G.Skill
Patriot Viper Steel 16 GB,959.8,"4,3600",Gray,18.0,2,8,Patriot
G.Skill Ripjaws V 16 GB,799.8,"4,3200",Red,16.0,2,8,G.Skill
Corsair Vengeance RGB Pro SL 16 GB,2059.79,"4,3600",Black,18.0,2,8,Corsair
TEAMGROUP Elite 16 GB,999.8,"5,4800",Black,40.0,2,8,TeamGroup
TEAMGROUP T-Force Delta RGB 32 GB,1819.8,"5,5600",Black,36.0,2,16,TeamGroup
Patriot Viper Venom 32 GB,2299.79,"5,7200",Black / White,34.0,2,16,Patriot
Corsair Vengeance 64 GB,3099.8,"5,4800",Black,40.0,2,32,Corsair
Corsair Vengeance 96 GB,6999.8,"5,6600",Black / Silver,32.0,2,48,Corsair
Silicon Power XPOWER Pulse Gaming 64 GB,3399.8,"5,6000",Black / White,30.0,2,32,Silicon Power
Corsair Vengeance RGB 48 GB,2899.8,"5,6000",Black / Silver,36.0,2,24,Corsair
Corsair Dominator Titanium 32 GB,4199.8,"5,7000",White,34.0,2,16,Corsair
Patriot Signature Premium 16 GB,839.8,"4,2666",Black,19.0,1,16,Patriot
Patriot Viper Xtreme 5 48 GB,3199.8,"5,7600",Black,36.0,2,24,Patriot
TEAMGROUP T-Force Vulcan 32 GB,1659.8,"5,6000",Red,38.0,2,16,TeamGroup
Patriot Signature 8 GB,299.8,"3,1600",Blue / Silver,11.0,1,8,Patriot
Mushkin Redline ST 64 GB,4199.8,"5,6400",Black,30.0,2,32,Mushkin
Patriot Viper Xtreme 5 32 GB,2199.79,"5,7600",Black,36.0,2,16,Patriot
Corsair Vengeance 96 GB,4599.8,"5,5200",Black,38.0,2,48,Corsair
G.Skill Ripjaws S5 32 GB,1999.8,"5,6000",Black,32.0,2,16,G.Skill
G.Skill Ripjaws S5 48 GB,2599.8,"5,6400",Black,36.0,2,24,G.Skill
G.Skill Aegis 32 GB,1379.6,"4,3000",Red / Black,16.0,2,16,G.Skill
Patriot Viper Steel 16 GB,839.8,"4,3200",Silver / Black,16.0,1,16,Patriot
Patriot Viper Steel RGB 32 GB,1919.8,"4,3600",Black,20.0,2,16,Patriot
Corsair Vengeance LPX 16 GB,1299.6,"4,3000",Black,16.0,1,16,Corsair
G.Skill Trident Z Neo 64 GB,3599.8,"4,3600",Black / Silver,16.0,2,32,G.Skill
Patriot Viper Elite 5 RGB TUF GAMING ALLIANCE 48 GB,2599.8,"5,6000",White,36.0,2,24,Patriot
Corsair Vengeance RGB RT 32 GB,2399.79,"4,3600",Black,16.0,2,16,Corsair
Silicon Power XPOWER Pulse Gaming 64 GB,2959.8,"5,6000",Black,38.0,2,32,Silicon Power
Patriot Viper Elite 5 RGB 32 GB,1639.8,"5,5600",White,38.0,1,32,Patriot
Patriot Viper Elite 5 RGB TUF GAMING ALLIANCE 32 GB,1959.8,"5,6000",White,36.0,2,16,Patriot
Kingston FURY Renegade 96 GB,5799.0,"5,6000",Silver / Black,32.0,2,48,Kingston
Kingston Fury Renegade RGB 32 GB,3380.0,"5,6400",Silver / Black,32.0,2,16,Kingston
TEAMGROUP T-Create Expert 64 GB,3539.8,"5,6000",White,34.0,2,32,TeamGroup
TEAMGROUP Xtreem 48 GB,4759.8,"5,8200",Black,38.0,2,24,TeamGroup
Patriot Viper Elite 5 RGB TUF GAMING ALLIANCE 32 GB,2099.79,"5,6600",White,34.0,2,16,Patriot
Corsair Vengeance 32 GB,3299.8,"5,7200",Gray,34.0,2,16,Corsair
Corsair Vengeance RGB 64 GB,4739.8,"5,5600",Black / Gray,36.0,4,16,Corsair
TEAMGROUP T-Create Expert 32 GB,1759.8,"5,6000",White,38.0,2,16,TeamGroup
Corsair Dominator Titanium 96 GB,8399.79,"5,6400",Black,32.0,2,48,Corsair
Corsair Dominator Titanium 96 GB,9319.79,"5,6000",Black,30.0,4,24,Corsair
TEAMGROUP Elite 16 GB,339.6,"3,1600",Black,11.0,2,8,TeamGroup
G.Skill Trident Z5 Neo RGB 96 GB,8499.79,"5,6000",Silver / Black,28.0,2,48,G.Skill
Corsair Dominator Platinum RGB 32 GB,2759.2,"4,3200",Black,16.0,2,16,Corsair
G.Skill Trident Z5 RGB 32 GB,2399.79,"5,6400",White / Black,32.0,2,16,G.Skill
G.Skill Ripjaws M5 RGB 96 GB,3759.8,"5,5200",White,40.0,2,48,G.Skill
Corsair Dominator Platinum RGB 64 GB,4599.8,"5,5600",White,40.0,2,32,Corsair
Klevv CRAS X RGB 16 GB,999.8,"4,3200",Black,16.0,2,8,Klevv
ADATA XPG Lancer Blade RGB 32 GB,3799.6,"5,6400",Black,32.0,2,16,ADATA
Kingston FURY Beast 32 GB,2008.6,"5,5600",Black,40.0,1,32,Kingston
Kingston FURY Beast 8 GB,906.59,"5,6000",Black,30.0,1,8,Kingston
Silicon Power XPOWER Zenith RGB Gaming 32 GB,1959.8,"5,6000",Black,30.0,2,16,Silicon Power
Kingston FURY Beast 64 GB,3779.8,"5,5600",Black,40.0,2,32,Kingston
Corsair Dominator Titanium 32 GB,3799.8,"5,6600",White,32.0,2,16,Corsair
G.Skill Trident Z5 Royal Neo RGB 48 GB,4799.8,"5,8000",Silver,40.0,2,24,G.Skill
TEAMGROUP Elite 8 GB,491.0,"4,3200",Black,22.0,1,8,TeamGroup
Crucial CT25664AA667 2 GB,220.0,"2,667",Green,5.0,1,2,Crucial
Crucial CT2K32G4DFD832A 64 GB,3799.8,"4,3200",Green / Black,22.0,2,32,Crucial
Corsair Vengeance RGB Pro 16 GB,1359.6,"4,3600",White,18.0,2,8,Corsair
Corsair Vengeance RGB Pro 32 GB,2399.79,"4,3200",White,16.0,4,8,Corsair
G.Skill Ripjaws M5 RGB 96 GB,6399.8,"5,6400",White,32.0,2,48,G.Skill
Lexar Ares RGB 16 GB,899.8,"4,3600",Black,18.0,2,8,Lexar
PNY XLR8 Gaming Low Profile 32 GB,1399.6,"4,3200",Black / Red,16.0,2,16,PNY
Corsair Vengeance LPX 8 GB,699.8,"4,2400",Black / Yellow,16.0,2,4,Corsair
Crucial CT4G4DFS824A 4 GB,279.8,"4,2400",Black / Green,17.0,1,4,Crucial
G.Skill Flare X5 64 GB,3199.8,"5,5600",Black / White,36.0,2,32,G.Skill
G.Skill Trident Z5 32 GB,2299.79,"5,6400",Black,32.0,2,16,G.Skill
Corsair Vengeance LPX 8 GB,919.8,"4,3200",Black,16.0,1,8,Corsair
G.Skill Trident Z RGB 32 GB,1659.8,"4,3200",Black,16.0,2,16,G.Skill
Corsair Vengeance LPX 16 GB,1839.8,"4,3200",Black,16.0,2,8,Corsair
Corsair Vengeance RGB RS 32 GB,1899.8,"4,3600",Black / Gray,18.0,2,16,Corsair
Corsair Vengeance LPX 32 GB,2499.79,"4,2666",Black / Yellow,16.0,2,16,Corsair
G.Skill Trident Z5 RGB 48 GB,3299.8,"5,6400",Black,32.0,2,24,G.Skill
PNY XLR8 Gaming MAKO 32 GB,2199.79,"5,6000",Black,40.0,2,16,PNY
TEAMGROUP T-Force Delta RGB 32 GB,3199.8,"5,8000",White,38.0,2,16,TeamGroup
G.Skill Trident Z5 RGB 32 GB,1999.8,"5,6000",White / Black,36.0,2,16,G.Skill
Kingston FURY Beast 32 GB,2799.8,"5,6400",Black,32.0,2,16,Kingston
G.Skill Ripjaws V 128 GB,5379.8,"4,3200",Black,16.0,4,32,G.Skill
G.Skill Trident Z5 RGB 48 GB,4599.8,"5,8200",Black,40.0,2,24,G.Skill
Patriot Viper Venom RGB 32 GB,1799.8,"5,5600",Black / White,36.0,1,32,Patriot
Kingston FURY Beast 16 GB,1116.0,"5,5600",Black,40.0,1,16,Kingston
Kingston FURY Beast 16 GB,1319.6,"5,5600",Black,40.0,2,8,Kingston
G.Skill Ripjaws V 64 GB,3199.8,"4,4000",Black,18.0,2,32,G.Skill
Kingston FURY Beast 32 GB,2740.0,"4,3200",Black,16.0,1,32,Kingston
Patriot Viper Venom 16 GB,959.8,"5,5600",Black / White,36.0,1,16,Patriot
G.Skill Trident Z5 Royal 32 GB,2799.8,"5,6400",Silver,32.0,2,16,G.Skill
Lexar Ares RGB 32 GB,5399.0,"5,6400",White,32.0,2,16,Lexar
Kingston FURY Beast RGB 16 GB,1487.6,"5,5600",Black,36.0,2,8,Kingston
Kingston FURY Beast RGB 16 GB,2685.4,"4,3200",Black,16.0,2,8,Kingston
G.Skill Aegis 32 GB,1463.19,"4,3200",Red / Black,16.0,4,8,G.Skill
Kingston Fury Renegade RGB 48 GB,4283.6,"5,6400",Silver / Black,32.0,1,48,Kingston
Corsair Vengeance RGB 32 GB,3119.8,"5,6400",White / Silver,32.0,2,16,Corsair
Corsair Vengeance RGB 96 GB,5099.8,"5,5600",Black,40.0,2,48,Corsair
Corsair Dominator Titanium 96 GB,8399.79,"5,6400",White,32.0,2,48,Corsair
Timetec PINNACLE Konduit 16 GB,619.79,"4,3200",Black,16.0,1,16,Timetec
Kingston FURY Beast RGB 32 GB,2236.6,"5,5200",Black,40.0,2,16,Kingston
Timetec PINNACLE Konduit 8 GB,359.79,"4,3200",Black,16.0,1,8,Timetec
Corsair Vengeance LPX 256 GB,13406.2,"4,3600",Black / Yellow,18.0,8,32,Corsair
G.Skill Trident Z5 RGB 64 GB,4399.8,"5,6000",White / Black,30.0,2,32,G.Skill
Crucial CT64G4LFQ424A 64 GB,3199.8,"4,2400",Black / Green,17.0,1,64,Crucial
Corsair Vengeance RGB 64 GB,4059.8,"5,6000",Black,38.0,2,32,Corsair
G.Skill Flare X5 32 GB,2259.79,"5,6400",Black,32.0,2,16,G.Skill
Samsung M378B5173DB0-CK0 4 GB,377.8,"3,1600",Green,11.0,1,4,Samsung
G.Skill Ripjaws M5 RGB 32 GB,1959.8,"5,6400",White,36.0,2,16,G.Skill
Kingston FURY Beast 128 GB,6613.0,"5,5600",Black,40.0,2,64,Kingston
Corsair Dominator Titanium 64 GB,6599.8,"5,6000",White,36.0,4,16,Corsair
TEAMGROUP T-Create Expert 32 GB,2339.79,"5,7200",White,34.0,2,16,TeamGroup
Corsair Vengeance RGB 48 GB,3139.8,"5,6000",Black / Silver,36.0,2,24,Corsair
TEAMGROUP T-Force Delta RGB 48 GB,3139.8,"5,6400",Black,32.0,2,24,TeamGroup
Patriot Viper Elite II 32 GB,1699.8,"4,3600",Red / Black,20.0,2,16,Patriot
Corsair Vengeance LPX 16 GB,1839.8,"4,3600",Black / Yellow,18.0,2,8,Corsair
ADATA XPG Lancer Blade 32 GB,2985.6,"5,6400",Black,32.0,2,16,ADATA
ADATA XPG SPECTRIX D50 32 GB,2199.79,"4,3200",White,16.0,2,16,ADATA
TEAMGROUP T-Force Vulcan 32 GB,1939.8,"5,6000",Red,30.0,2,16,TeamGroup
Corsair Dominator Titanium 48 GB,4199.8,"5,6000",White,30.0,2,24,Corsair
Corsair Vengeance 64 GB,5299.8,"5,6000",Black,36.0,4,16,Corsair
ADATA XPG Lancer Blade 16 GB,1388.19,"5,5600",Black,46.0,1,16,ADATA
G.Skill Ripjaws S5 32 GB,1699.8,"5,5200",White,40.0,2,16,G.Skill
Patriot Viper Venom RGB 32 GB,1959.8,"5,6000",Black / White,30.0,1,32,Patriot
Patriot Viper Venom 32 GB,2399.79,"5,7400",Black / White,36.0,2,16,Patriot
Kingston FURY Beast RGB 16 GB,1442.2,"5,5200",Black,36.0,2,8,Kingston
G.Skill TridentZ RGB 32 GB,8360.0,"4,4800",Black,20.0,2,16,G.Skill
G.Skill Ripjaws S5 64 GB,9856.79,"5,6000",White,30.0,2,32,G.Skill
Kingston FURY Beast 16 GB,1579.0,"5,6000",Black,30.0,2,8,Kingston
Kingston ValueRAM 8 GB,519.79,"4,2666",Green / Black,19.0,1,8,Kingston
G.Skill Ripjaws V 32 GB,1599.6,"4,3600",Red / Black,19.0,2,16,G.Skill
PNY XLR8 Gaming EPIC-X RGB 32 GB,1399.6,"4,3200",Black,16.0,2,16,PNY
Corsair Dominator Titanium 32 GB,3599.8,"5,6000",Gray,30.0,2,16,Corsair
Corsair Vengeance LPX 32 GB,2599.8,"4,4000",Black / Yellow,18.0,2,16,Corsair
Corsair Vengeance RGB Pro SL 64 GB,4399.8,"4,3600",White,18.0,4,16,Corsair
Corsair Vengeance RGB Pro 64 GB,4399.8,"4,3600",Black,18.0,4,16,Corsair
Corsair Dominator Titanium 48 GB,4679.8,"5,6000",Black,30.0,2,24,Corsair
Patriot Viper Xtreme 5 RGB 32 GB,2939.8,"5,8000",Black,38.0,2,16,Patriot
G.Skill Trident Z5 Neo RGB 32 GB,2239.6,"5,5600",Black,28.0,2,16,G.Skill
GOODRAM IRDM PRO 32 GB,2934.4,"4,3600",Black,18.0,2,16,GOODRAM
Corsair Vengeance RGB Pro SL 32 GB,2819.8,"4,3200",White / Black,16.0,2,16,Corsair
ADATA XPG LANCER RGB 32 GB,3899.8,"5,6000",Black,30.0,2,16,ADATA
G.Skill Trident Z5 RGB 48 GB,3799.8,"5,7200",Black,36.0,2,24,G.Skill
Crucial Pro Overclocking 16 GB,1613.6,"5,6000",Black,36.0,1,16,Crucial
Kingston FURY Beast 32 GB,5330.8,"5,4800",Black / Silver,38.0,2,16,Kingston
G.Skill Trident Z Neo 64 GB,3399.8,"4,3600",Silver / Black,18.0,2,32,G.Skill
Corsair Vengeance LPX 32 GB,1657.8,"4,2400",Black / Yellow,16.0,2,16,Corsair
G.Skill Ripjaws S5 32 GB,2399.79,"5,6800",Black,34.0,2,16,G.Skill
Kingston FURY Beast 64 GB,4419.8,"5,6000",Black / Silver,36.0,2,32,Kingston
Corsair Dominator Titanium 64 GB,6599.8,"5,6400",Black,32.0,2,32,Corsair
Corsair Vengeance RGB 96 GB,6997.0,"5,6400",Black / Silver,32.0,2,48,Corsair
Patriot Viper Venom 32 GB,3085.6,"5,6600",Black / White,34.0,2,16,Patriot
Corsair Vengeance LPX 16 GB,1619.6,"4,3600",Black,18.0,1,16,Corsair
TEAMGROUP T-Create Expert 96 GB,6919.8,"5,6800",Black,36.0,2,48,TeamGroup
G.Skill Trident Z5 Neo RGB 48 GB,3399.8,"5,6400",White / Black,32.0,2,24,G.Skill
Corsair Vengeance RGB 48 GB,4279.8,"5,7600",Black,36.0,2,24,Corsair
Corsair Vengeance LPX 32 GB,2579.8,"4,3000",Black,16.0,2,16,Corsair
Samsung Green 8 GB,479.79,"4,2133",Green / Black,15.0,1,8,Samsung
ADATA XPG SPECTRIX D35G RGB 16 GB,1765.2,"4,3600",Black,18.0,2,8,ADATA
TEAMGROUP Elite 16 GB,759.8,"5,5600",Black,46.0,1,16,TeamGroup
G.Skill Trident Z5 Neo RGB 64 GB,4399.8,"5,6000",Black / Silver,32.0,2,32,G.Skill
Patriot Viper Elite 5 RGB 64 GB,3599.8,"5,6200",White,42.0,2,32,Patriot
Patriot Viper Venom RGB 16 GB,1059.8,"5,6000",Black / White,30.0,1,16,Patriot
G.Skill Trident Z5 RGB 48 GB,2799.8,"5,6400",Black,36.0,2,24,G.Skill
Corsair Dominator Titanium 32 GB,4199.8,"5,7000",Black,34.0,2,16,Corsair
G.Skill Flare X5 32 GB,2299.79,"5,6000",Black,30.0,2,16,G.Skill
G.Skill Ripjaws M5 RGB 32 GB,1959.8,"5,6400",Black,36.0,2,16,G.Skill
Corsair Vengeance RGB RS 32 GB,2759.8,"4,3200",Black / Gray,16.0,2,16,Corsair
TEAMGROUP Elite 32 GB,1579.6,"5,4800",Black,40.0,2,16,TeamGroup
Corsair Vengeance RGB Pro SL 16 GB,1199.8,"4,3600",White / Black,18.0,2,8,Corsair
Corsair Vengeance LPX 16 GB,1479.6,"4,3000",Black,16.0,2,8,Corsair
Crucial CT8G4DFRA266 8 GB,379.6,"4,2666",Green,19.0,1,8,Crucial
Corsair Dominator Titanium 48 GB,4999.8,"5,7200",Black,36.0,2,24,Corsair
Patriot Signature Premium 16 GB,859.8,"4,2666",Black,19.0,2,8,Patriot
Thermaltake TOUGHRAM XG RGB D5 32 GB,3099.6,"5,6000",Black / Silver,36.0,2,16,Thermaltake
TEAMGROUP T-Create Classic 16 GB,799.8,"4,3200",Silver,22.0,2,8,TeamGroup
Kingston FURY Beast 32 GB,2865.4,"4,3600",Black,17.0,1,32,Kingston
G.Skill Trident Z5 Neo RGB 32 GB,2699.8,"5,7200",Silver / Black,34.0,2,16,G.Skill
G.Skill Trident Z Neo 32 GB,1899.8,"4,3600",Black / Silver,18.0,2,16,G.Skill
G.Skill Trident Z Royal 32 GB,2399.79,"4,4000",Silver,18.0,2,16,G.Skill
G.Skill Ripjaws V 16 GB,1059.8,"4,4000",Black,18.0,2,8,G.Skill
G.Skill Flare X5 64 GB,2859.8,"5,5200",Black / White,36.0,2,32,G.Skill
Corsair Dominator Platinum RGB 64 GB,5739.8,"5,5600",Black,36.0,4,16,Corsair
Kingston FURY Renegade 32 GB,3094.4,"4,3600",Silver / Black,16.0,2,16,Kingston
Crucial CT32G4DFD832A 32 GB,1959.6,"4,3200",Green / Black,22.0,1,32,Crucial
Patriot Viper Venom 32 GB,1479.6,"5,5600",Black / White,36.0,1,32,Patriot
G.Skill Ripjaws V 32 GB,1399.6,"4,2400",Red,15.0,2,16,G.Skill
Kingston FURY Beast RGB 64 GB,5629.8,"5,6400",White,32.0,2,32,Kingston
Kingston FURY Beast 8 GB,679.8,"5,5600",Black,40.0,1,8,Kingston
Corsair Vengeance LPX 8 GB,739.8,"4,3000",Black,16.0,1,8,Corsair
Corsair Dominator Platinum RGB 64 GB,5999.8,"5,6600",Black,32.0,2,32,Corsair
Corsair Vengeance LPX 8 GB,919.59,"4,3200",Black / Yellow,16.0,1,8,Corsair
G.Skill Trident Z5 Neo RGB 48 GB,4399.8,"5,8000",Black,40.0,2,24,G.Skill
Crucial CT2KIT51264BD160B 8 GB,417.8,"3,1600",Green,11.0,2,4,Crucial
Corsair Vengeance RGB 32 GB,2699.8,"5,7000",Black / Gray,36.0,2,16,Corsair
G.Skill Trident Z5 Neo RGB 32 GB,2499.79,"5,6000",Black,32.0,2,16,G.Skill
G.Skill Ripjaws V 64 GB,3099.8,"4,3200",Black,16.0,2,32,G.Skill
G.Skill Trident Z Royal 16 GB,1599.6,"4,3200",Silver,16.0,2,8,G.Skill
Corsair Vengeance 32 GB,2859.8,"5,7000",Black / Silver,40.0,2,16,Corsair
TEAMGROUP T-Force Delta RGB 48 GB,3139.8,"5,6400",White,32.0,2,24,TeamGroup
G.Skill Trident Z5 RGB 48 GB,4499.8,"5,8000",Black,38.0,2,24,G.Skill
Corsair Dominator Titanium 32 GB,3779.8,"5,6400",White,32.0,2,16,Corsair
G.Skill Aegis 32 GB,1499.8,"4,2666",Black / Red,19.0,2,16,G.Skill
TEAMGROUP T-Force Vulcan 64 GB,3399.8,"5,6000",Black,38.0,2,32,TeamGroup
Patriot Viper Elite II 32 GB,1699.8,"4,3200",Red / Black,18.0,2,16,Patriot
ADATA XPG GAMMIX D20 16 GB,759.8,"4,3200",Black / Silver,16.0,2,8,ADATA
Corsair Vengeance RGB 32 GB,3179.8,"5,6600",Black,32.0,2,16,Corsair
G.Skill Ripjaws S5 32 GB,1759.8,"5,5600",Black,36.0,2,16,G.Skill
Kingston FURY Beast RGB 8 GB,779.8,"5,5200",Black,40.0,1,8,Kingston
Patriot Venom RGB 64 GB,3799.8,"5,6000",Black,30.0,2,32,Patriot
Corsair Dominator Platinum RGB 64 GB,5799.8,"5,6000",Black,30.0,2,32,Corsair
Patriot Viper 3 16 GB,519.79,"3,1600",Black / Silver,9.0,2,8,Patriot
Kingston KVR21R15D4K4/64 64 GB,2171.39,"4,2133",Black / Green,15.0,4,16,Kingston
Corsair Vengeance 96 GB,7598.0,"5,6000",Black,30.0,4,24,Corsair
Kingston FURY Beast RGB 32 GB,2919.8,"5,6400",Black,32.0,2,16,Kingston
TEAMGROUP T-Force Vulcan Z 8 GB,910.0,"4,3200",Black,16.0,1,8,TeamGroup
OLOy WarHawk RGB 16 GB,879.8,"4,3200",Black / Gold,16.0,2,8,OLOy
Corsair Dominator Titanium 64 GB,6599.8,"5,6400",White,32.0,2,32,Corsair
TEAMGROUP T-Create Expert 64 GB,5162.0,"4,3200",Gray,16.0,2,32,TeamGroup
Kingston FURY Beast RGB 32 GB,2278.19,"5,5600",White,36.0,2,16,Kingston
G.Skill Value 8 GB,516.79,"4,2400",Black,17.0,2,4,G.Skill
G.Skill Ripjaws S5 64 GB,2999.8,"5,5600",White,36.0,2,32,G.Skill
Corsair Vengeance 96 GB,6799.8,"5,6800",Black,40.0,2,48,Corsair
Corsair Vengeance RGB 96 GB,7579.8,"5,6800",Black / Silver,40.0,2,48,Corsair
Patriot Viper Venom RGB 16 GB,959.8,"5,5600",Black / White,36.0,1,16,Patriot
Corsair Vengeance 32 GB,2199.79,"5,6000",White / Gray,36.0,2,16,Corsair
Patriot Viper Venom RGB 32 GB,1699.8,"5,5600",Black / White,36.0,2,16,Patriot
Corsair Vengeance RGB 64 GB,3399.8,"5,5200",White / Gray,40.0,2,32,Corsair
G.Skill Ripjaws M5 RGB 32 GB,2299.79,"5,6400",Black,32.0,2,16,G.Skill
Kingston Fury Renegade RGB 64 GB,5559.6,"5,6400",Silver / Black,32.0,2,32,Kingston
ADATA XPG GAMMIX D10 8 GB,983.0,"4,3200",Black,16.0,1,8,ADATA
G.Skill Trident Z5 Neo 32 GB,2199.79,"5,5600",Black,28.0,2,16,G.Skill
G.Skill Ripjaws V 128 GB,6199.8,"4,3600",Black,18.0,4,32,G.Skill
Corsair Vengeance LPX 16 GB,1439.6,"4,3200",White,16.0,2,8,Corsair
TEAMGROUP T-Force Delta RGB 32 GB,1639.8,"5,5600",White,38.0,2,16,TeamGroup
Timetec FBA_75TT160UL1R8-4G 16 GB,339.6,"3,1600",Black,11.0,2,8,Timetec
TEAMGROUP T-Force Delta RGB 64 GB,3599.8,"5,6000",White,38.0,2,32,TeamGroup
Kingston FURY 128 GB,7860.0,"5,5200",White,40.0,4,32,Kingston
Kingston FURY Beast 32 GB,2643.8,"4,3200",Black,16.0,2,16,Kingston
Corsair Vengeance 48 GB,3599.8,"5,6000",White / Gray,30.0,2,24,Corsair
G.Skill Trident Z5 Neo RGB 48 GB,5299.8,"5,6000",White / Black,26.0,2,24,G.Skill
G.Skill Ripjaws M5 RGB 32 GB,2299.79,"5,6400",White,32.0,2,16,G.Skill
TEAMGROUP T-Create Expert 96 GB,6919.8,"5,6800",White,36.0,2,48,TeamGroup
Corsair Vengeance RGB 32 GB,1999.8,"5,6400",Black / Gray,36.0,2,16,Corsair
Crucial CT16G4DFD824A 16 GB,700.0,"4,2400",Green / Black,17.0,1,16,Crucial
G.Skill Ripjaws S5 64 GB,3199.8,"5,5200",Black,40.0,2,32,G.Skill
Kingston FURY 64 GB,4859.8,"5,5600",White,40.0,4,16,Kingston
TEAMGROUP Xtreem 32 GB,2119.79,"5,6000",Black,30.0,2,16,TeamGroup
G.Skill Ripjaws S5 48 GB,2099.79,"5,5200",Black,40.0,2,24,G.Skill
G.Skill Trident Z5 32 GB,2299.79,"5,6000",Black,30.0,2,16,G.Skill
TEAMGROUP T-Force Delta RGB Eco 32 GB,1699.8,"5,6000",Silver,38.0,2,16,TeamGroup
TEAMGROUP T-Force Delta RGB 32 GB,1759.8,"5,5200",White,40.0,2,16,TeamGroup
G.Skill Trident Z Neo 32 GB,1919.8,"4,4000",Black / Silver,18.0,2,16,G.Skill
Kingston FURY Beast RGB 64 GB,5399.8,"5,6400",Black,32.0,2,32,Kingston
TEAMGROUP Elite Plus 16 GB,819.8,"5,5600",Black,40.0,1,16,TeamGroup
G.Skill Trident Z Royal 128 GB,9291.79,"4,4000",Silver,18.0,4,32,G.Skill
Corsair Vengeance 32 GB,2781.8,"5,6400",White / Gray,32.0,2,16,Corsair
ADATA XPG Lancer Blade 32 GB,3258.6,"5,6000",White,30.0,2,16,ADATA
Kingston FURY Beast RGB 64 GB,4445.0,"5,6000",Black,36.0,2,32,Kingston
Corsair Vengeance LPX 64 GB,2899.8,"4,2666",Black / Yellow,16.0,4,16,Corsair
PNY Performance 16 GB,639.79,"4,3200",Black,22.0,1,16,PNY
Corsair Vengeance 64 GB,5519.8,"5,6200",Black / Gray,32.0,4,16,Corsair
Samsung M386A4G40DM0-CPB 32 GB,999.8,"4,2133",Black / Green,15.0,1,32,Samsung
Corsair Vengeance RGB Pro 8 GB,1059.59,"4,3200",Black,16.0,1,8,Corsair
Kingston KVR1333D3N9HK2/8G 8 GB,999.8,"3,1333",Green,9.0,2,4,Kingston
Corsair Vengeance 32 GB,2489.79,"5,6000",Black,36.0,2,16,Corsair
Corsair Vengeance RGB 32 GB,2399.79,"5,6000",White / Silver,36.0,2,16,Corsair
Patriot Viper Xtreme 5 RGB 48 GB,3159.8,"5,7600",Black,36.0,2,24,Patriot
Patriot Viper Xtreme 5 RGB 32 GB,2559.79,"5,7600",Black,36.0,2,16,Patriot
Corsair Dominator Platinum RGB 64 GB,6399.8,"5,6400",Black,32.0,2,32,Corsair
Corsair Vengeance 32 GB,2179.79,"5,6200",Black,36.0,2,16,Corsair
Corsair Vengeance 8 GB,1219.59,"3,1600",Black / Silver,9.0,2,4,Corsair
G.Skill TridentZ RGB 16 GB,3780.0,"4,4000",Black,17.0,2,8,G.Skill
TEAMGROUP T-Force Xtreem 32 GB,3099.8,"5,7600",Pink,36.0,2,16,TeamGroup
PNY XLR8 Gaming EPIC-X RGB 16 GB,799.8,"4,3600",Black,18.0,2,8,PNY
TEAMGROUP T-Force Vulcanα 32 GB,1649.8,"5,5600",Black / Silver,40.0,2,16,TeamGroup
Corsair Vengeance RGB 32 GB,2359.79,"5,6200",Black,36.0,2,16,Corsair
Kingston Fury Renegade RGB 96 GB,7399.8,"5,6400",Silver / Black,32.0,2,48,Kingston
Kingston KCP424SS6/4 4 GB,100.0,"4,2400",Green / Black,17.0,1,4,Kingston
Corsair Vengeance RGB 64 GB,3380.0,"5,5200",Black / Gray,40.0,2,32,Corsair
ADATA XPG LANCER RGB 64 GB,5925.4,"5,6400",Black,32.0,2,32,ADATA
Corsair Vengeance LPX 16 GB,755.8,"4,2400",Black,14.0,1,16,Corsair
Corsair Vengeance LPX 16 GB,1459.6,"4,3200",Black / Yellow,16.0,1,16,Corsair
G.Skill Trident Z5 32 GB,1959.8,"5,6000",Black,36.0,2,16,G.Skill
G.Skill Ripjaws M5 RGB 32 GB,1799.8,"5,5200",Black,40.0,2,16,G.Skill
Corsair Vengeance RGB 96 GB,5899.8,"5,6000",Black,40.0,4,24,Corsair
Kingston FURY Beast 16 GB,1300.0,"5,4800",Black,38.0,2,8,Kingston
Patriot Signature Premium 8 GB,399.6,"4,2400",Black,17.0,1,8,Patriot
TEAMGROUP T-Force DELTAα RGB 32 GB,1849.8,"5,6000",Black,38.0,2,16,TeamGroup
G.Skill Trident Z Neo 32 GB,2339.79,"4,3600",Silver / Black,18.0,4,8,G.Skill
Timetec PINNACLE Konduit 16 GB,619.79,"4,3600",White,18.0,1,16,Timetec
G.Skill Trident Z Royal 128 GB,15980.0,"4,3600",Gold,16.0,4,32,G.Skill
Kingston FURY Beast 32 GB,2786.8,"5,6000",White,30.0,2,16,Kingston
G.Skill Ripjaws M5 RGB 64 GB,3099.8,"5,5200",White,40.0,2,32,G.Skill
TEAMGROUP T-Force Delta RGB 64 GB,3599.8,"5,6000",Black,38.0,2,32,TeamGroup
TEAMGROUP T-Force Delta RGB 32 GB,3199.8,"5,8000",Black / Silver,38.0,2,16,TeamGroup
G.Skill Trident Z RGB 16 GB,1139.8,"4,3000",Black,16.0,2,8,G.Skill
Kingston Server Premier 32 GB,3659.8,"5,5600",Green / Black,46.0,1,32,Kingston
Kingston FURY Beast RGB 32 GB,2995.4,"5,6000",Black,30.0,2,16,Kingston
G.Skill Trident Z5 RGB 48 GB,4580.6,"5,6000",Black,40.0,2,24,G.Skill
G.Skill Ripjaws M5 RGB 32 GB,1999.8,"5,6000",White,36.0,2,16,G.Skill
Corsair Vengeance RGB 64 GB,3799.8,"5,5600",Black / Gray,40.0,2,32,Corsair
Corsair Vengeance 64 GB,2999.8,"5,5200",Gray,40.0,2,32,Corsair
Corsair Vengeance LPX 32 GB,2499.79,"4,2400",Black / Yellow,14.0,2,16,Corsair
Timetec PINNACLE Konduit RGB 16 GB,799.8,"4,3600",White,18.0,2,8,Timetec
Samsung M393A8G40MB2-CVF 64 GB,2999.8,"4,2933",Green / Black,21.0,1,64,Samsung
G.Skill Trident Z5 Neo RGB 48 GB,5689.0,"5,6000",Black,40.0,2,24,G.Skill
G.Skill Trident Z RGB 16 GB,1179.8,"4,4000",Black,18.0,2,8,G.Skill
Thermaltake TOUGHRAM XG RGB D5 32 GB,3099.6,"5,6000",White / Silver,36.0,2,16,Thermaltake
Corsair Vengeance RGB 96 GB,7959.8,"5,6400",Black / Gray,32.0,4,24,Corsair
PNY Performance 8 GB,326.39,"4,3200",Black,22.0,1,8,PNY
G.Skill Trident Z5 RGB 32 GB,1859.8,"5,5600",Black,36.0,2,16,G.Skill
TEAMGROUP T-Force Delta RGB 32 GB,2759.8,"5,7600",Black / Silver,36.0,2,16,TeamGroup
G.Skill Trident Z5 Royal 32 GB,3199.8,"5,7600",Silver,36.0,2,16,G.Skill
G.Skill Value 4 GB,294.4,"3,1600",Green,11.0,1,4,G.Skill
TEAMGROUP Xtreem 32 GB,2439.79,"5,7200",Black,34.0,2,16,TeamGroup
G.Skill Ripjaws V 32 GB,1399.6,"4,3200",Black,16.0,1,32,G.Skill
Klevv CRAS X RGB 16 GB,1039.8,"4,3600",Black,18.0,2,8,Klevv
TEAMGROUP T-Force Delta RGB 16 GB,879.8,"4,3200",Black,16.0,2,8,TeamGroup
Patriot Viper Elite 5 RGB 48 GB,2799.8,"5,6000",White,42.0,2,24,Patriot
Corsair Dominator Platinum RGB 32 GB,3728.39,"4,3600",White,18.0,4,8,Corsair
TEAMGROUP T-Force Vulcan 16 GB,1711.8,"5,5200",Red,40.0,1,16,TeamGroup
Samsung M393A4K40CB1-CRC 32 GB,1199.59,"4,2400",Green / Black,17.0,1,32,Samsung
G.Skill Trident Z5 Royal 32 GB,3699.8,"5,7200",Gold,34.0,2,16,G.Skill
G.Skill Flare X5 48 GB,2659.8,"5,6000",Black,40.0,2,24,G.Skill
Kingston FURY Beast 32 GB,2477.4,"5,6000",Black,30.0,1,32,Kingston
Silicon Power XPOWER Storm RGB 64 GB,3199.8,"5,6000",Gray,38.0,2,32,Silicon Power
Crucial Ballistix Elite 16 GB,3199.2,"4,2666",Black,16.0,2,8,Crucial
Corsair Dominator Titanium 32 GB,3779.8,"5,6400",Black,32.0,2,16,Corsair
Kingston FURY Beast 64 GB,3499.8,"5,5200",Black,40.0,2,32,Kingston
Corsair Dominator Platinum RGB 32 GB,4219.8,"5,7600",Black,36.0,2,16,Corsair
Kingston FURY Beast 8 GB,698.0,"5,5200",Black,40.0,1,8,Kingston
G.Skill Trident Z5 RGB 64 GB,4399.8,"5,6000",White / Black,30.0,2,32,G.Skill
G.Skill Ripjaws S5 32 GB,2199.79,"5,6000",White,30.0,2,16,G.Skill
Kingston FURY Beast 64 GB,4818.6,"5,6000",Black,30.0,2,32,Kingston
Corsair Vengeance RGB Pro 32 GB,2699.8,"4,3600",Black,18.0,4,8,Corsair
TEAMGROUP T-Force Delta RGB 48 GB,4999.8,"5,8200",Black,38.0,2,24,TeamGroup
Corsair Vengeance 32 GB,1979.8,"5,5600",Black / Gray,40.0,1,32,Corsair
Kingston FURY Renegade 96 GB,7969.8,"5,6400",Silver / Black,32.0,2,48,Kingston
Crucial CT8G4DFS8213 8 GB,380.0,"4,2133",Black / Green,15.0,1,8,Crucial
Kingston FURY Beast RGB 32 GB,2791.2,"5,6000",White,36.0,2,16,Kingston
Patriot Viper Steel RGB 64 GB,3459.8,"4,3600",Black,20.0,2,32,Patriot
TEAMGROUP T-Force Delta RGB 48 GB,3599.8,"5,7200",Black,34.0,2,24,TeamGroup
Kingston FURY Beast 64 GB,5600.0,"4,3600",Black / Silver,18.0,2,32,Kingston
Kingston FURY Beast 16 GB,1116.0,"5,5600",Black,36.0,1,16,Kingston
Samsung M471B5273DH0-CK0 4 GB,205.0,"3,1600",Green,11.0,1,4,Samsung
Corsair Vengeance RGB 48 GB,4039.8,"5,6000",Black / Silver,30.0,2,24,Corsair
Crucial CT2K16G4RFD4213 32 GB,1125.0,"4,2133",Green,15.0,2,16,Crucial
Corsair Vengeance LPX 8 GB,698.6,"4,2666",Black / Yellow,16.0,2,4,Corsair
Kingston FURY 128 GB,5499.8,"5,5200",White,40.0,4,32,Kingston
TEAMGROUP T-Force Delta RGB 48 GB,4299.8,"5,8000",White,38.0,2,24,TeamGroup
TEAMGROUP T-Force Vulcan 32 GB,1759.8,"5,5600",Black,36.0,2,16,TeamGroup
Corsair Dominator Titanium 48 GB,4799.8,"5,7000",White,36.0,2,24,Corsair
Corsair Vengeance 32 GB,2214.6,"5,6000",Black,40.0,2,16,Corsair
Patriot Viper Elite 5 RGB 32 GB,2159.79,"5,7000",White,38.0,2,16,Patriot
G.Skill Ripjaws M5 RGB 32 GB,1799.8,"5,5200",White,40.0,2,16,G.Skill
Kingston FURY Beast RGB 64 GB,3599.8,"5,5600",Black,36.0,2,32,Kingston
ADATA Premier 16 GB,1149.0,"5,4800",Black,40.0,1,16,ADATA
ADATA XPG SPECTRIX D35G RGB 16 GB,1940.2,"4,3200",Black,16.0,1,16,ADATA
Timetec PINNACLE Konduit RGB 16 GB,739.8,"4,3200",White,16.0,2,8,Timetec
Crucial CT2K32G56C46S5 64 GB,4926.6,"5,5600",Black,46.0,2,32,Crucial
G.Skill Ripjaws S5 32 GB,2099.79,"5,6000",Black,32.0,2,16,G.Skill
Corsair Dominator Platinum RGB 32 GB,2819.8,"5,5200",Black / Silver,40.0,2,16,Corsair
G.Skill Aegis 16 GB,694.4,"4,2400",Black / Red,17.0,2,8,G.Skill
G.Skill Flare X5 32 GB,2676.0,"5,5600",Black,30.0,2,16,G.Skill
TEAMGROUP T-Force Vulcan 64 GB,3319.8,"5,6000",Red,38.0,2,32,TeamGroup
Corsair Vengeance 48 GB,2679.8,"5,5200",Black,38.0,2,24,Corsair
Corsair Vengeance RGB 48 GB,3899.8,"5,7200",Black,36.0,2,24,Corsair
Corsair Vengeance RGB 96 GB,8013.8,"5,6000",Black,30.0,4,24,Corsair
Crucial CT102464BD160B 8 GB,339.6,"3,1600",Black / Green,11.0,1,8,Crucial
Crucial CT8G4DFD8213 8 GB,499.79,"4,2133",Black / Green,15.0,1,8,Crucial
TEAMGROUP Xtreem 48 GB,4359.8,"5,8000",Black,38.0,2,24,TeamGroup
Kingston FURY Beast RGB 16 GB,1720.8,"5,6000",Black,30.0,2,8,Kingston
ADATA XPG SPECTRIX D35G RGB 32 GB,2631.6,"4,3600",Black,18.0,2,16,ADATA
Corsair Vengeance 32 GB,2859.8,"5,6600",Black,32.0,2,16,Corsair
ADATA XPG Lancer Blade RGB 64 GB,6549.4,"5,6000",Black,30.0,2,32,ADATA
G.Skill Trident Z5 Royal Neo RGB 32 GB,3999.8,"5,8000",Gold,38.0,2,16,G.Skill
Klevv CRAS X RGB 32 GB,1759.8,"4,3600",Black,18.0,2,16,Klevv
Corsair Vengeance 64 GB,3959.8,"5,5600",Black / Gray,40.0,2,32,Corsair
Patriot Viper Steel 16 GB,719.8,"4,3600",Gray,18.0,1,16,Patriot
ADATA XPG Lancer Blade 64 GB,6795.0,"5,6000",Black,30.0,2,32,ADATA
Corsair Vengeance 64 GB,3219.8,"5,4400",Black / Gray,36.0,2,32,Corsair
Patriot Viper Venom 32 GB,1459.6,"5,5200",Black / White,36.0,1,32,Patriot
Corsair Dominator Platinum RGB 64 GB,3999.8,"5,5200",Black,40.0,2,32,Corsair
Corsair Vengeance RGB 64 GB,5440.0,"5,6200",Black / Gray,32.0,4,16,Corsair
G.Skill Trident Z5 RGB 32 GB,2739.8,"5,6800",Black / Silver,34.0,2,16,G.Skill
TEAMGROUP Elite 16 GB,819.8,"5,4800",Black,40.0,1,16,TeamGroup
G.Skill Trident Z5 64 GB,4099.8,"5,6000",Black,32.0,2,32,G.Skill
TEAMGROUP T-Create Classic 32 GB,1759.8,"5,6000",Black,48.0,2,16,TeamGroup
Kingston FURY Beast RGB 32 GB,2379.79,"5,5600",Black,40.0,2,16,Kingston
G.Skill Ripjaws S5 64 GB,3599.8,"5,5600",Black,30.0,2,32,G.Skill
G.Skill Trident Z5 RGB 48 GB,2199.79,"5,5600",Black,40.0,2,24,G.Skill
Corsair Vengeance RGB Pro 16 GB,1759.8,"4,3600",Black,18.0,1,16,Corsair
TEAMGROUP T-Create Classic 64 GB,3199.8,"5,6000",Black,48.0,2,32,TeamGroup
Klevv BOLT V 32 GB,2059.79,"5,6800",Black,34.0,2,16,Klevv
Corsair Vengeance LPX 32 GB,1651.2,"4,3000",Black / Yellow,16.0,1,32,Corsair
Kingston FURY Renegade 48 GB,3479.8,"5,6000",Silver / Black,32.0,1,48,Kingston
TEAMGROUP T-Force Delta RGB 48 GB,4999.8,"5,8200",White,38.0,2,24,TeamGroup
Patriot Viper Steel RGB 16 GB,1059.8,"4,3600",Black,20.0,2,8,Patriot
Corsair Vengeance 16 GB,2981.2,"3,1600",Black / Yellow,9.0,4,4,Corsair
V-Color TRA564G60D434Q 256 GB,36799.8,"5,6000",White,34.0,4,64,V-Color
Corsair Vengeance RGB Pro SL 16 GB,1199.8,"4,3200",Black,16.0,2,8,Corsair
Corsair Vengeance RGB 32 GB,2699.8,"5,6800",Black,40.0,2,16,Corsair
Kingston FURY Renegade 32 GB,2899.8,"5,6400",Silver / Black,32.0,2,16,Kingston
Kingston FURY Beast RGB 64 GB,3999.8,"5,5600",Black,40.0,2,32,Kingston
Kingston FURY Renegade 32 GB,3492.8,"5,6400",White / Silver,32.0,2,16,Kingston
Crucial Pro Overclocking 16 GB,1139.8,"5,6000",White,36.0,1,16,Crucial
TEAMGROUP Elite 8 GB,359.6,"4,2666",Black,19.0,1,8,TeamGroup
G.Skill Trident Z Neo 256 GB,12599.8,"4,3600",Silver / Black,18.0,8,32,G.Skill
G.Skill Ripjaws M5 Neo RGB 32 GB,1839.8,"5,6000",White,36.0,2,16,G.Skill
G.Skill Flare X5 96 GB,4799.8,"5,5600",Black,40.0,2,48,G.Skill
Corsair Dominator Titanium First Edition 64 GB,6579.8,"5,6600",White,32.0,2,32,Corsair
G.Skill Trident Z5 RGB 64 GB,4799.8,"5,6400",Silver / Black,32.0,2,32,G.Skill
Corsair Vengeance RGB 32 GB,2759.8,"5,6000",Black / Silver,36.0,2,16,Corsair
Corsair Vengeance RGB Pro 128 GB,7636.2,"4,3200",Black,16.0,4,32,Corsair
Corsair Dominator Platinum RGB 32 GB,3999.8,"5,7200",Black,34.0,2,16,Corsair
G.Skill Flare X5 48 GB,2099.79,"5,5200",Black,40.0,2,24,G.Skill
G.Skill Ripjaws S5 64 GB,2859.8,"5,5200",Black,36.0,2,32,G.Skill
G.Skill Trident Z5 64 GB,5219.6,"5,6000",Black,30.0,2,32,G.Skill
G.Skill Trident Z5 RGB 32 GB,1959.8,"5,6000",Silver / Black,36.0,2,16,G.Skill
Kingston FURY Beast RGB 64 GB,3559.6,"4,3600",Black,18.0,2,32,Kingston
G.Skill Ripjaws M5 RGB 64 GB,4599.8,"5,6400",Black,32.0,2,32,G.Skill
Corsair Vengeance 32 GB,2199.79,"5,5600",Gray,36.0,2,16,Corsair
Patriot Viper Elite II 16 GB,879.8,"4,3200",Red / Black,18.0,2,8,Patriot
G.Skill Trident Z5 RGB 32 GB,4203.0,"5,6000",White / Black,30.0,2,16,G.Skill
G.Skill Trident Z5 Royal Neo RGB 32 GB,3599.8,"5,6400",Gold,30.0,2,16,G.Skill
Corsair Vengeance RGB Pro 32 GB,4560.0,"4,3200",White,16.0,2,16,Corsair
Kingston FURY Beast 32 GB,1958.8,"5,5200",Black,40.0,1,32,Kingston
Corsair Vengeance RGB 32 GB,2439.79,"5,6000",Black,40.0,2,16,Corsair
Corsair Vengeance RGB 32 GB,2210.2,"5,5600",White / Gray,40.0,2,16,Corsair
G.Skill Trident Z5 RGB 32 GB,2419.6,"5,6400",Silver / Black,32.0,2,16,G.Skill
G.Skill Trident Z 32 GB,3465.0,"4,3200",Black / White,16.0,2,16,G.Skill
Corsair Vengeance 48 GB,2819.8,"5,5600",Black,40.0,2,24,Corsair
G.Skill Flare X5 32 GB,1699.8,"5,5200",Black / White,36.0,2,16,G.Skill
Kingston FURY Renegade 32 GB,4726.6,"5,8000",Silver / Black,38.0,2,16,Kingston
Kingston FURY Beast 16 GB,1490.6,"4,3200",Black,16.0,1,16,Kingston
Corsair Vengeance RGB Pro SL 32 GB,2819.8,"4,3600",White,18.0,4,8,Corsair
TEAMGROUP T-Force Vulcanα 32 GB,3148.6,"5,6000",Black / Silver,38.0,2,16,TeamGroup
Corsair Vengeance 64 GB,3919.8,"5,6000",Gray,40.0,2,32,Corsair
G.Skill Trident Z Royal 64 GB,3999.8,"4,3600",Silver,18.0,2,32,G.Skill
Corsair Vengeance RGB 32 GB,2759.8,"5,6000",White / Silver,36.0,2,16,Corsair
Patriot Viper Elite 5 RGB 96 GB,5499.8,"5,6000",White,42.0,2,48,Patriot
G.Skill Ripjaws M5 RGB 64 GB,3099.8,"5,5200",Black,40.0,2,32,G.Skill
Kingston FURY Impact 32 GB,1839.8,"5,5600",Black,40.0,2,16,Kingston
Kingston FURY Beast 64 GB,4140.0,"5,6000",White,36.0,2,32,Kingston
G.Skill Ripjaws V 128 GB,5199.8,"4,2666",Black,18.0,4,32,G.Skill
Corsair Vengeance 32 GB,3198.0,"5,7000",Gray,34.0,2,16,Corsair
G.Skill Trident Z5 RGB 32 GB,2799.8,"5,7200",Silver / Black,34.0,2,16,G.Skill
Crucial CT8G4DFD824A 8 GB,400.79,"4,2400",Green,17.0,1,8,Crucial
Kingston FURY Beast 32 GB,3014.8,"4,3200",Black,16.0,4,8,Kingston
Kingston FURY Impact 64 GB,3399.8,"5,5600",Black,40.0,2,32,Kingston
Crucial CT2K16G48C40S5 32 GB,1421.2,"5,4800",Black,40.0,2,16,Crucial
Kingston Fury Renegade RGB 96 GB,6399.8,"5,6000",Silver / Black,32.0,2,48,Kingston
Corsair Vengeance RGB Pro 32 GB,2033.4,"4,3000",Black,16.0,2,16,Corsair
Patriot Viper Elite II 16 GB,959.8,"4,4000",Red / Black,20.0,1,16,Patriot
Kingston FURY Beast 8 GB,898.8,"4,3600",Black,17.0,1,8,Kingston
Corsair Dominator Platinum RGB 16 GB,1919.8,"4,3600",Black,18.0,2,8,Corsair
Corsair Vengeance 48 GB,3599.8,"5,7000",Black,40.0,2,24,Corsair
G.Skill Trident Z5 RGB 96 GB,4799.8,"5,5600",Black,40.0,2,48,G.Skill
Corsair Vengeance LPX 16 GB,1039.8,"4,2933",Black / Yellow,16.0,2,8,Corsair
G.Skill Ripjaws S5 32 GB,1759.8,"5,5600",White,36.0,2,16,G.Skill
Kingston FURY Renegade 32 GB,3999.8,"5,7200",White / Silver,38.0,2,16,Kingston
Kingston KVR16N11/8 8 GB,487.2,"3,1600",Green,11.0,1,8,Kingston
Silicon Power SP032GBSVU560F22 32 GB,1499.8,"5,5600",Black,46.0,2,16,Silicon Power
TEAMGROUP Xtreem 32 GB,3799.8,"5,8000",Black,38.0,2,16,TeamGroup
G.Skill Ripjaws S5 96 GB,4799.8,"5,5600",Black,40.0,2,48,G.Skill
Corsair Vengeance RGB Pro SL 32 GB,2819.8,"4,3200",Black,16.0,2,16,Corsair
Corsair Vengeance RGB 32 GB,3019.8,"5,7000",Black / Silver,40.0,2,16,Corsair
TEAMGROUP T-Force Xtreem ARGB 16 GB,1059.8,"4,3600",White,18.0,2,8,TeamGroup
G.Skill Ripjaws V 32 GB,1399.6,"4,2666",Red,15.0,2,16,G.Skill
TEAMGROUP T-Create Expert 48 GB,3379.8,"5,7200",White,34.0,2,24,TeamGroup
G.Skill Zeta R5 Neo 192 GB,25599.8,"5,6400",Black,32.0,4,48,G.Skill
Corsair Vengeance 64 GB,3919.8,"5,6000",White / Gray,40.0,2,32,Corsair
Kingston FURY Beast 32 GB,4781.6,"5,6400",White,32.0,2,16,Kingston
G.Skill Flare X5 48 GB,9141.4,"5,6000",Black,30.0,2,24,G.Skill
TEAMGROUP T-Force Vulcan 64 GB,3379.8,"5,6000",Red,38.0,2,32,TeamGroup
Kingston FURY Beast RGB 32 GB,2399.79,"5,5200",Black,36.0,2,16,Kingston
Patriot Viper Elite II 8 GB,439.79,"4,3600",Red / Black,20.0,1,8,Patriot
Corsair Vengeance RGB Pro 128 GB,7130.8,"4,3600",Black,18.0,4,32,Corsair
TEAMGROUP T-Force Vulcan 32 GB,1799.8,"5,6400",Black,40.0,2,16,TeamGroup
G.Skill Trident Z RGB 256 GB,11599.8,"4,3200",Black,16.0,8,32,G.Skill
ADATA XPG GAMMIX D10 16 GB,1903.4,"4,3200",Black,16.0,2,8,ADATA
G.Skill Trident Z Royal 32 GB,1999.8,"4,3200",Silver,16.0,2,16,G.Skill
Corsair Dominator Platinum RGB 32 GB,3598.0,"5,6400",Black,32.0,2,16,Corsair
PNY XLR8 Gaming EPIC-X RGB 32 GB,1599.6,"4,3600",Black,18.0,2,16,PNY
TEAMGROUP T-Force Delta RGB 48 GB,3599.8,"5,7200",White,34.0,2,24,TeamGroup
Kingston FURY Beast RGB 64 GB,6890.6,"5,6000",White,30.0,2,32,Kingston
Patriot Viper Xtreme 5 RGB 32 GB,2599.8,"5,7800",Black,38.0,2,16,Patriot
Timetec PINNACLE Konduit RGB 32 GB,1119.8,"4,3200",White,16.0,1,32,Timetec
Silicon Power XPOWER Storm RGB 32 GB,1999.4,"5,7200",Black,34.0,2,16,Silicon Power
G.Skill Trident Z5 Neo 48 GB,4399.8,"5,8000",Black,40.0,2,24,G.Skill
Corsair Vengeance RGB 64 GB,3559.8,"5,5200",Gray,40.0,2,32,Corsair
Corsair Vengeance RGB Pro 16 GB,1719.8,"4,3000",Black,16.0,2,8,Corsair
Samsung M393A2G40EB1-CRC 16 GB,456.0,"4,2400",Black / Green,17.0,1,16,Samsung
G.Skill TridentZ RGB 32 GB,13550.4,"4,4000",Black,16.0,2,16,G.Skill
Corsair Dominator Platinum RGB 64 GB,5019.8,"5,6000",Black,40.0,2,32,Corsair
G.Skill Ripjaws X 16 GB,992.2,"3,1600",Black / Blue,9.0,2,8,G.Skill
Corsair Vengeance LPX 32 GB,2199.79,"4,3600",Black / Yellow,16.0,4,8,Corsair
TEAMGROUP T-Force DELTAα RGB 32 GB,1849.8,"5,6000",White,38.0,2,16,TeamGroup
Corsair Dominator Platinum RGB 32 GB,3760.8,"4,3600",Black,18.0,4,8,Corsair
TEAMGROUP T-Force Delta RGB 96 GB,6919.8,"5,6800",Black,36.0,2,48,TeamGroup
Corsair Vengeance RGB Pro SL 64 GB,4199.8,"4,3600",Black,18.0,4,16,Corsair
G.Skill Ripjaws S5 96 GB,3699.8,"5,5200",White,40.0,2,48,G.Skill
G.Skill Trident Z Neo 128 GB,9344.19,"4,3600",Black / Silver,16.0,4,32,G.Skill
Corsair Dominator Platinum RGB 32 GB,3894.4,"5,5600",Black,36.0,2,16,Corsair
Corsair CMV4GX4M1A2133C15 4 GB,375.6,"4,2133",Black,15.0,1,4,Corsair
G.Skill F5-5600J2834F32GX2-TZ5RK 64 GB,3999.8,"5,5600",Black,28.0,2,32,G.Skill
Crucial CT4G4DFS8213 4 GB,351.0,"4,2133",Black / Green,15.0,1,4,Crucial
TEAMGROUP T-Force Delta RGB 16 GB,959.8,"5,5200",Black,40.0,2,8,TeamGroup
TEAMGROUP Xtreem ARGB 48 GB,3739.8,"5,7200",Black,34.0,2,24,TeamGroup
Patriot Viper Steel 16 GB,1615.0,"4,3733",Silver / Black,17.0,2,8,Patriot
ADATA XPG Lancer Blade 16 GB,1465.2,"5,6000",Black,30.0,1,16,ADATA
Corsair ValueSelect 8 GB,919.59,"4,2666",Black / Yellow,18.0,1,8,Corsair
Crucial CT16G56C46S5 16 GB,819.8,"5,5600",Black,46.0,1,16,Crucial
Corsair Vengeance 32 GB,2498.0,"5,6800",Black,40.0,2,16,Corsair
G.Skill Ripjaws V 16 GB,799.8,"4,2666",Black / Red,15.0,2,8,G.Skill
Kingston FURY Beast 16 GB,1379.6,"5,6000",Black,30.0,1,16,Kingston
Corsair Vengeance LPX 16 GB,1259.8,"4,2666",Black / Yellow,16.0,1,16,Corsair
OLOy MD4U082417BBSA 8 GB,399.6,"4,2400",Red / Black,17.0,1,8,OLOy
G.Skill Trident Z5 RGB 64 GB,4099.8,"5,6000",Black,32.0,2,32,G.Skill
TEAMGROUP T-Force Vulcan 32 GB,1659.8,"5,6000",Red,38.0,2,16,TeamGroup
Corsair Dominator Platinum RGB 64 GB,4219.8,"5,5200",White,40.0,2,32,Corsair
Kingston FURY Beast RGB 8 GB,899.8,"5,6000",Black,30.0,1,8,Kingston
G.Skill Trident Z5 Neo RGB 256 GB,16199.8,"5,6000",Black,36.0,4,64,G.Skill
Corsair Vengeance RGB 32 GB,2739.8,"5,6600",Black,38.0,2,16,Corsair
TEAMGROUP T-Force Delta RGB 32 GB,1759.8,"5,5200",Black,40.0,2,16,TeamGroup
G.Skill Trident Z RGB 64 GB,3199.8,"4,3200",Black,16.0,2,32,G.Skill
G.Skill Trident Z5 Neo 32 GB,1999.8,"5,6000",Black,36.0,2,16,G.Skill
ADATA XPG SPECTRIX D50 16 GB,2320.6,"4,3200",Black,16.0,2,8,ADATA
G.Skill NS 2 GB,254.0,"3,1333",Green,9.0,1,2,G.Skill
G.Skill Trident Z5 RGB 32 GB,2399.79,"5,6000",Black,30.0,2,16,G.Skill
TEAMGROUP T-Force Vulcan 64 GB,2999.8,"5,5200",Black,40.0,2,32,TeamGroup
G.Skill Ripjaws S5 96 GB,3699.8,"5,5200",Black,40.0,2,48,G.Skill
Timetec PINNACLE Konduit RGB 8 GB,399.79,"4,3200",White,16.0,1,8,Timetec
Corsair ValueSelect 4 GB,724.0,"3,1600",Black / Green,11.0,1,4,Corsair
Mushkin Silverline 8 GB,2462.8,"2,800",Gray / Silver,6.0,2,4,Mushkin
G.Skill Ripjaws V 64 GB,2799.8,"4,2666",Black,18.0,2,32,G.Skill
Crucial CT16G4WFD8213 16 GB,1081.8,"4,2133",Green,15.0,1,16,Crucial
Corsair Vengeance RGB 32 GB,2059.79,"5,5200",Black,40.0,2,16,Corsair
Corsair Vengeance RGB 32 GB,2379.79,"5,5600",Black,36.0,2,16,Corsair
PNY XLR8 Gaming MAKO EPIC-X RGB 32 GB,3245.6,"5,6000",Black,40.0,2,16,PNY
Patriot Viper 4 Blackout 16 GB,819.8,"4,3600",Black,18.0,2,8,Patriot
Kingston Server Premier 32 GB,3340.0,"5,5200",Green / Black,42.0,1,32,Kingston
G.Skill Ripjaws M5 RGB 96 GB,6399.8,"5,6400",Black,32.0,2,48,G.Skill
Patriot Viper Venom RGB 64 GB,3299.8,"5,5600",Black / White,40.0,2,32,Patriot
Silicon Power XPOWER Turbine RGB 16 GB,899.8,"4,3200",Silver / Black,16.0,2,8,Silicon Power
Corsair Vengeance LPX 64 GB,3292.8,"4,3000",Black,16.0,4,16,Corsair
Corsair Vengeance LPX 8 GB,739.8,"4,2400",Black / Yellow,14.0,1,8,Corsair
G.Skill Trident Z5 RGB 48 GB,3799.8,"5,7600",Black,38.0,2,24,G.Skill
Crucial CT2K64G56C46S5 128 GB,5599.8,"5,5600",Black,46.0,2,64,Crucial
TEAMGROUP T-Force Delta RGB 32 GB,2259.79,"5,6800",Black / Silver,34.0,2,16,TeamGroup
Corsair Dominator Platinum RGB 32 GB,3159.8,"4,4000",Black,18.0,2,16,Corsair
Kingston FURY Beast 64 GB,3799.8,"4,3200",Black,16.0,4,16,Kingston
Kingston Server Premier 16 GB,2199.79,"5,5200",Green / Black,42.0,1,16,Kingston
Kingston ValueRAM 4 GB,295.2,"4,3200",Green,22.0,1,4,Kingston
Kingston Fury Renegade RGB 32 GB,3139.8,"5,6000",Silver / Black,32.0,2,16,Kingston
Kingston FURY Renegade 48 GB,4332.2,"5,6400",Silver / Black,32.0,1,48,Kingston
G.Skill Flare X5 128 GB,7799.8,"5,6000",Black,36.0,2,64,G.Skill
Patriot Viper Venom RGB 64 GB,3699.8,"5,6000",Black / White,36.0,2,32,Patriot
ADATA XPG LANCER RGB 64 GB,6632.79,"5,6400",White,32.0,2,32,ADATA
TEAMGROUP T-Force Xtreem 48 GB,3639.8,"5,7200",Pink,34.0,2,24,TeamGroup
Corsair Vengeance RGB 64 GB,6399.8,"5,6400",Black / Gray,32.0,4,16,Corsair
Kingston FURY Beast 32 GB,4976.0,"5,6400",Black,32.0,1,32,Kingston
Corsair Dominator Platinum RGB 32 GB,3699.8,"5,6600",Black,32.0,2,16,Corsair
Patriot Viper Steel RGB 16 GB,1039.8,"4,3200",Black,18.0,2,8,Patriot
Kingston FURY Beast RGB 16 GB,1091.2,"5,5200",Black,36.0,1,16,Kingston
Kingston KVR1333D3N9/4G 4 GB,424.4,"3,1333",Green,9.0,1,4,Kingston
Corsair Dominator Platinum RGB 32 GB,3479.8,"5,6000",White,36.0,2,16,Corsair
G.Skill Ripjaws X 32 GB,1967.4,"3,1600",Black / Blue,9.0,4,8,G.Skill
G.Skill Trident Z5 Royal 48 GB,4399.8,"5,8000",Silver,40.0,2,24,G.Skill
Corsair Vengeance RGB Pro 16 GB,1659.8,"4,2666",Black,16.0,2,8,Corsair
Thermaltake TOUGHRAM RGB 16 GB,2275.8,"4,3200",White / Silver,16.0,2,8,Thermaltake
G.Skill Trident Z Neo 256 GB,16357.4,"4,3200",Black / Silver,16.0,8,32,G.Skill
Corsair Dominator Platinum RGB 32 GB,3439.8,"5,6000",Black,30.0,2,16,Corsair
Patriot Viper Elite II 16 GB,799.8,"4,3200",Red / Black,18.0,1,16,Patriot
Corsair Vengeance RGB 64 GB,4199.8,"5,6000",White / Black,40.0,2,32,Corsair
Kingston FURY Beast 128 GB,10506.4,"4,3200",Black,16.0,4,32,Kingston
Timetec PINNACLE Konduit 16 GB,619.79,"4,3200",White,16.0,1,16,Timetec
Crucial CT32G4RFD432A 32 GB,1299.6,"4,3200",Green / Black,22.0,1,32,Crucial
G.Skill Aegis 8 GB,780.0,"4,2133",Black / Red,15.0,1,8,G.Skill
Corsair Vengeance RGB 32 GB,3299.8,"5,7000",Black,36.0,2,16,Corsair
Kingston ValueRAM 4 GB,645.79,"2,800",Green,6.0,2,2,Kingston
TEAMGROUP T-Force Delta RGB 32 GB,2759.8,"5,7600",White / Silver,36.0,2,16,TeamGroup
Kingston FURY Beast 16 GB,1389.0,"5,6000",White,30.0,1,16,Kingston
G.Skill Trident Z5 RGB 48 GB,4999.8,"5,8200",White / Black,40.0,2,24,G.Skill
Patriot Viper Steel 32 GB,1599.6,"4,3200",Gray,16.0,1,32,Patriot
Kingston FURY Beast 64 GB,5308.2,"5,6400",Black,32.0,2,32,Kingston
Crucial CT8G4DFS8266 8 GB,390.0,"4,2666",Green / Black,19.0,1,8,Crucial
Corsair Dominator Platinum RGB 32 GB,2851.0,"4,3600",Black,18.0,2,16,Corsair
Patriot Viper Elite II 16 GB,839.8,"4,3600",Red / Black,20.0,1,16,Patriot
Corsair Vengeance 64 GB,6179.8,"5,6400",Black / Gray,32.0,4,16,Corsair
Crucial Ballistix Sport 16 GB,1999.4,"3,1600",Black / Silver,9.0,2,8,Crucial
Kingston FURY Beast RGB 8 GB,803.4,"5,5600",Black,40.0,1,8,Kingston
Crucial CT2K4G4DFS8266 8 GB,1469.6,"4,2666",Green,19.0,2,4,Crucial
G.Skill Trident Z5 64 GB,3800.0,"5,6000",Black / Silver,32.0,2,32,G.Skill
G.Skill Trident Z Neo 64 GB,3299.8,"4,3200",Black / Silver,16.0,2,32,G.Skill
Corsair Vengeance 32 GB,1699.8,"5,4800",Black / White,40.0,2,16,Corsair
Corsair Vengeance 48 GB,3478.39,"5,6400",Black / Gray,36.0,2,24,Corsair
Kingston FURY Beast RGB 32 GB,1999.8,"5,6400",White,32.0,2,16,Kingston
Corsair Dominator Platinum RGB 32 GB,3439.8,"5,6000",Black,30.0,2,16,Corsair
ADATA XPG CASTER RGB 32 GB,9499.0,"5,6400",Black / Silver,40.0,2,16,ADATA
PNY XLR8 Gaming EPIC-X RGB 8 GB,667.2,"4,3200",Black,16.0,1,8,PNY
Corsair Dominator Titanium 64 GB,6799.8,"5,6000",Black,36.0,4,16,Corsair
G.Skill Trident Z Neo 32 GB,9596.4,"4,3600",Black / Silver,14.0,2,16,G.Skill
G.Skill Trident Z5 Neo RGB 96 GB,4599.8,"5,5600",Black,40.0,2,48,G.Skill
TEAMGROUP T-Force Vulcan 64 GB,3319.8,"5,6000",Black,38.0,2,32,TeamGroup
TEAMGROUP Xtreem 32 GB,3099.8,"5,7600",Black,36.0,2,16,TeamGroup
G.Skill Ripjaws V 64 GB,3430.4,"4,3600",Black,16.0,4,16,G.Skill
TEAMGROUP T-Force Delta RGB 48 GB,4199.8,"5,7600",White,36.0,2,24,TeamGroup
Kingston FURY Renegade Pro 256 GB,43428.8,"5,6800",Black,34.0,8,32,Kingston
Corsair Vengeance RGB Pro SL 32 GB,2688.2,"4,3200",Black,16.0,2,16,Corsair
G.Skill Trident Z5 RGB 48 GB,3399.8,"5,6800",Black,34.0,2,24,G.Skill
Corsair Vengeance LPX 16 GB,1599.6,"4,4000",Black / Yellow,19.0,2,8,Corsair
Patriot Signature Premium 8 GB,559.79,"4,2666",Black,19.0,1,8,Patriot
Crucial CT2KIT12864BA160B 2 GB,19900.0,"3,1600",Black / Green,11.0,2,1,Crucial
G.Skill Trident Z RGB 96 GB,8855.0,"5,6400",Silver / Black,32.0,2,48,G.Skill
Corsair Vengeance RGB 64 GB,5519.8,"5,6200",Black / Silver,32.0,2,32,Corsair
TEAMGROUP Elite Plus 16 GB,799.8,"5,4800",Black,40.0,2,8,TeamGroup
Patriot Signature Line 16 GB,979.59,"5,4800",Black,40.0,2,8,Patriot
Corsair Vengeance LPX 8 GB,739.8,"4,2666",Black / Yellow,16.0,1,8,Corsair
Crucial CT2K8G4DFS8266 16 GB,730.0,"4,2666",Green,19.0,2,8,Crucial
Corsair Vengeance RGB Pro SL 32 GB,2865.2,"4,4000",Black,18.0,2,16,Corsair
G.Skill Ripjaws S5 64 GB,3199.8,"5,5600",Black,36.0,2,32,G.Skill
Corsair Vengeance LPX 16 GB,1479.6,"4,2666",Black,16.0,2,8,Corsair
Kingston FURY Beast RGB 32 GB,2932.6,"5,5600",Black,36.0,1,32,Kingston
Kingston FURY Beast 16 GB,1139.8,"4,3600",Black,18.0,1,16,Kingston
Kingston ValueRAM 8 GB,514.2,"4,2400",Green,17.0,1,8,Kingston
V-Color XSky RGB 32 GB,3299.8,"5,6000",Black,36.0,2,16,V-Color
Kingston FURY Beast RGB 64 GB,6708.8,"5,6000",Black,30.0,2,32,Kingston
Corsair Dominator Platinum RGB 32 GB,2819.8,"5,5200",White,40.0,2,16,Corsair
Kingston FURY Beast 64 GB,5199.8,"5,6400",White,32.0,2,32,Kingston
Corsair Vengeance 32 GB,2219.79,"5,5600",White / Gray,40.0,2,16,Corsair
TEAMGROUP T-Force Vulcan Z 16 GB,1323.0,"4,3200",Gray,16.0,1,16,TeamGroup
Corsair Dominator Platinum RGB 64 GB,4879.8,"4,3200",Black,16.0,4,16,Corsair
Crucial Ballistix Sport 8 GB,780.0,"4,2400",Gray / Silver,16.0,1,8,Crucial
G.Skill Trident Z5 Neo RGB 32 GB,3299.8,"5,8000",Silver / Black,38.0,2,16,G.Skill
TEAMGROUP T-Force Vulcan 64 GB,3719.8,"5,6400",Black,34.0,2,32,TeamGroup
Corsair Vengeance RGB 64 GB,3798.0,"5,5600",White / Gray,40.0,2,32,Corsair
G.Skill Flare X 32 GB,1910.4,"4,3200",Black,16.0,2,16,G.Skill
Kingston FURY Beast 32 GB,8443.79,"5,6000",Black,40.0,2,16,Kingston
G.Skill Trident Z RGB 64 GB,9100.59,"4,3200",Black,16.0,4,16,G.Skill
Patriot Viper Steel RGB 8 GB,499.79,"4,3200",Black,18.0,1,8,Patriot
G.Skill Ripjaws 32 GB,1659.8,"5,4800",Black / Silver,34.0,2,16,G.Skill
Corsair Vengeance RGB RS 64 GB,3682.4,"4,3200",Black / Gray,16.0,2,32,Corsair
G.Skill Ripjaws S5 64 GB,4099.8,"5,6000",Black,32.0,2,32,G.Skill
TEAMGROUP T-Force Vulcan 32 GB,2529.19,"5,5600",Black,32.0,2,16,TeamGroup
G.Skill Trident Z5 Neo 128 GB,8099.8,"5,6000",Black,36.0,2,64,G.Skill
Corsair Vengeance LPX 16 GB,959.8,"4,2666",White,16.0,2,8,Corsair
G.Skill Ripjaws V 16 GB,799.8,"4,3000",Red / Black,16.0,2,8,G.Skill
G.Skill Aegis 16 GB,719.8,"4,2666",Black / Red,19.0,1,16,G.Skill
Corsair Vengeance RGB 48 GB,3779.8,"5,6400",Black,36.0,2,24,Corsair
G.Skill Trident Z5 RGB 64 GB,5817.0,"5,5600",Black,36.0,2,32,G.Skill
Corsair Vengeance RGB Pro 16 GB,1939.8,"4,3000",Black,15.0,2,8,Corsair
Corsair Vengeance RGB Pro SL 32 GB,2199.79,"4,3600",Black,18.0,2,16,Corsair
TEAMGROUP Xtreem ARGB 32 GB,3799.8,"5,7600",Black,36.0,2,16,TeamGroup
Corsair Vengeance LPX 16 GB,1479.6,"4,2400",Black / Yellow,14.0,2,8,Corsair
TEAMGROUP Xtreem ARGB 32 GB,3999.8,"5,8000",Black,38.0,2,16,TeamGroup
Patriot Viper Venom RGB 32 GB,1979.8,"5,6400",Black / White,40.0,2,16,Patriot
G.Skill Trident X 32 GB,3694.0,"3,2400",Black / Red,10.0,4,8,G.Skill
Lexar Ares RGB 2nd Gen 48 GB,4199.8,"5,8000",Black,40.0,2,24,Lexar
TEAMGROUP Elite 16 GB,1019.8,"5,5200",Black,42.0,2,8,TeamGroup
Corsair Vengeance 8 GB,1695.0,"3,1600",Black / Blue,9.0,2,4,Corsair
Corsair CMV8GX4M1A2133C15 8 GB,699.8,"4,2133",Black,15.0,1,8,Corsair
G.Skill Ripjaws V 8 GB,479.79,"4,2666",Red / Black,19.0,1,8,G.Skill
G.Skill NS 4 GB,381.0,"3,1600",Black,11.0,1,4,G.Skill
Kingston ValueRAM 32 GB,2093.0,"5,5600",Green / Black,46.0,1,32,Kingston
PNY Performance 16 GB,4155.6,"5,4800",Black,40.0,1,16,PNY
ADATA XPG LANCER NEON RGB 32 GB,3144.2,"5,6400",Black,32.0,2,16,ADATA
Corsair Vengeance LPX 32 GB,1635.2,"4,2666",Black / Yellow,16.0,1,32,Corsair
G.Skill Trident Z Neo 32 GB,1799.8,"4,3200",Silver / Black,16.0,2,16,G.Skill
TEAMGROUP T-Force Delta RGB 32 GB,1859.8,"5,6200",Black,38.0,2,16,TeamGroup
TEAMGROUP T-Force Delta RGB 16 GB,1221.2,"4,3200",White,16.0,2,8,TeamGroup
Crucial CT8G4DFS832A 8 GB,575.2,"4,3200",Green / Black,22.0,1,8,Crucial
G.Skill Trident Z5 RGB 48 GB,4199.8,"5,8000",White / Black,40.0,2,24,G.Skill
Corsair Vengeance RGB RS 16 GB,1284.6,"4,3600",Black / Gray,18.0,2,8,Corsair
Corsair Vengeance RGB Pro 8 GB,1059.8,"4,3200",Black,16.0,1,8,Corsair
Corsair Vengeance RGB RT 32 GB,1899.8,"4,3600",White / Black,18.0,2,16,Corsair
Corsair Vengeance RGB 96 GB,5259.8,"5,5200",Black,38.0,2,48,Corsair
Silicon Power XPOWER Storm RGB 64 GB,3399.8,"5,6000",Gold,38.0,2,32,Silicon Power
TEAMGROUP T-Force Delta RGB 32 GB,2059.79,"5,5600",White,32.0,2,16,TeamGroup
Kingston FURY 32 GB,2048.4,"5,5600",White,40.0,1,32,Kingston
G.Skill Trident Z5 Royal 48 GB,4299.8,"5,7200",Gold,36.0,2,24,G.Skill
TEAMGROUP Elite 16 GB,739.8,"4,2666",Black,19.0,1,16,TeamGroup
Kingston FURY Beast RGB 32 GB,5580.0,"5,6000",Black,40.0,2,16,Kingston
Kingston Fury Renegade RGB 32 GB,4799.2,"5,8000",Silver / Black,38.0,2,16,Kingston
Crucial CT2K4G4DFS824A 8 GB,599.79,"4,2400",Green,17.0,2,4,Crucial
Timetec PINNACLE Konduit 32 GB,999.8,"4,3600",White,18.0,1,32,Timetec
ADATA XPG LANCER RGB 32 GB,2499.79,"5,5600",Black,36.0,2,16,ADATA
Crucial CT32G48C40S5 32 GB,1499.8,"5,4800",Black,40.0,1,32,Crucial
TEAMGROUP T-Force Delta RGB 48 GB,4299.8,"5,8000",Black,38.0,2,24,TeamGroup
TEAMGROUP T-Force Delta RGB 32 GB,2999.8,"5,7800",Black / Silver,38.0,2,16,TeamGroup
Kingston FURY 64 GB,4591.8,"5,6000",White,36.0,2,32,Kingston
Corsair Vengeance RGB Pro 32 GB,2819.8,"4,2666",Black,16.0,2,16,Corsair
Kingston FURY Beast 32 GB,2692.6,"5,6000",Black,30.0,1,32,Kingston
Corsair Vengeance LP 16 GB,1599.6,"3,1600",Black / Yellow,10.0,2,8,Corsair
Corsair Vengeance 32 GB,2299.79,"5,6600",Black / Silver,38.0,2,16,Corsair
Corsair Vengeance LPX 32 GB,2959.8,"4,2666",Black / Yellow,16.0,4,8,Corsair
TEAMGROUP T-Force Vulcan 16 GB,1059.8,"5,5200",Black,40.0,2,8,TeamGroup
V-Color TD48G26S819-VC 8 GB,379.6,"4,2666",Black,19.0,1,8,V-Color
G.Skill Ripjaws V 8 GB,1360.0,"4,3200",Black,16.0,2,4,G.Skill
Crucial CT102464BA160B 8 GB,360.0,"3,1600",Green,11.0,1,8,Crucial
G.Skill Trident Z5 RGB 32 GB,2399.79,"5,6000",White / Black,30.0,2,16,G.Skill
Crucial CT48G56C46S5 48 GB,2039.8,"5,5600",Black,46.0,1,48,Crucial
Crucial CT8G48C40S5 8 GB,419.79,"5,4800",Black,40.0,1,8,Crucial
G.Skill Trident Z5 RGB 32 GB,3876.39,"5,7800",Silver / Black,36.0,2,16,G.Skill
Crucial CT2K102464BD186D 16 GB,585.79,"3,1866",Green / Black,13.0,2,8,Crucial
G.Skill Trident Z5 RGB 32 GB,3308.8,"5,6600",Black,34.0,2,16,G.Skill
Kingston FURY Beast RGB 16 GB,1215.59,"5,5600",Black,36.0,1,16,Kingston
G.Skill NT 4 GB,600.6,"4,2133",Black,15.0,1,4,G.Skill
Kingston FURY Renegade 16 GB,3159.8,"5,7200",White / Silver,38.0,1,16,Kingston
G.Skill Trident Z5 RGB 48 GB,3899.8,"5,7200",White / Black,36.0,2,24,G.Skill
Kingston KSM48E40BD8KM-32HM 32 GB,4999.8,"5,4800",Green,40.0,1,32,Kingston
TEAMGROUP Elite 16 GB,1019.8,"5,6000",Black,48.0,1,16,TeamGroup
Kingston FURY Beast RGB 16 GB,1965.2,"5,6000",White,30.0,1,16,Kingston
Kingston FURY Beast 32 GB,1991.2,"5,5600",Black / Silver,36.0,1,32,Kingston
ADATA AD5U480016G-DT 32 GB,2797.4,"5,4800",Black,40.0,2,16,ADATA
Klevv CRAS XR5 RGB 32 GB,3557.6,"5,7200",White / Black,36.0,2,16,Klevv
TEAMGROUP T-Create Classic 64 GB,2299.79,"4,3200",Silver,22.0,2,32,TeamGroup
G.Skill Trident Z5 Neo RGB 48 GB,2199.79,"5,5600",Black,40.0,2,24,G.Skill
Patriot Viper 3 16 GB,519.79,"3,1600",Black / Silver,10.0,2,8,Patriot
Corsair Vengeance LPX 64 GB,4979.8,"4,2400",Black / Yellow,14.0,4,16,Corsair
G.Skill Trident Z Neo 16 GB,1099.8,"4,3600",Black / Silver,18.0,2,8,G.Skill
Corsair Vengeance 32 GB,2759.8,"5,6200",Black / Silver,32.0,2,16,Corsair
G.Skill Aegis 16 GB,1290.0,"4,2133",Black / Red,15.0,2,8,G.Skill
Corsair Vengeance RGB RT 16 GB,1459.6,"4,3600",Black,16.0,2,8,Corsair
TEAMGROUP T-Force Vulcan Z 8 GB,829.59,"4,3200",Gray,16.0,1,8,TeamGroup
Kingston HyperX Fury 64 GB,7980.0,"4,3600",Black / Silver,18.0,2,32,Kingston
Kingston KTD-PE421/8G 8 GB,397.8,"4,2133",Green,15.0,1,8,Kingston
Crucial CT2K16G4DFD8266 32 GB,1440.0,"4,2666",Green / Black,19.0,2,16,Crucial
Corsair Vengeance 32 GB,2143.4,"5,5600",Black / Gray,40.0,2,16,Corsair
Kingston FURY 32 GB,2439.79,"5,5600",White,40.0,2,16,Kingston
Kingston FURY Beast 32 GB,3740.0,"5,6400",Black,32.0,2,16,Kingston
G.Skill Trident Z Neo 16 GB,1099.8,"4,3200",Silver / Black,16.0,2,8,G.Skill
Kingston FURY Beast RGB 64 GB,7589.6,"5,6000",Black,40.0,2,32,Kingston
Kingston KVR1333D3/2GR 2 GB,442.0,"3,1333",Green,9.0,1,2,Kingston
Patriot PSD34G160081 4 GB,279.6,"3,1600",Green,11.0,1,4,Patriot
Corsair Vengeance LPX 8 GB,919.8,"4,3600",Black,18.0,1,8,Corsair
Corsair Dominator Platinum RGB 64 GB,7599.8,"5,6400",Black,32.0,4,16,Corsair
TEAMGROUP T-Force Vulcan 64 GB,3719.8,"5,6400",Red,34.0,2,32,TeamGroup
Patriot Viper Steel RGB 64 GB,2599.8,"4,3200",Black,18.0,2,32,Patriot
G.Skill Ripjaws V 16 GB,2198.8,"4,3200",Black,16.0,2,8,G.Skill
Patriot Viper Venom RGB 64 GB,3099.8,"5,5200",Black / White,40.0,2,32,Patriot
G.Skill Ripjaws S5 48 GB,3499.8,"5,6800",Black,34.0,2,24,G.Skill
Kingston FURY Beast 64 GB,5838.4,"4,3600",Black,18.0,4,16,Kingston
G.Skill Ripjaws X 16 GB,1283.8,"3,2400",Black / Blue,11.0,2,8,G.Skill
Lexar Ares RGB 32 GB,4468.6,"5,7200",Black / Silver,34.0,2,16,Lexar
Patriot Viper Steel RGB 32 GB,1839.8,"4,3200",Black,18.0,2,16,Patriot
Kingston FURY Beast 16 GB,1612.0,"5,5200",Black,36.0,1,16,Kingston
Kingston FURY 16 GB,1287.4,"5,5200",White,40.0,1,16,Kingston
Kingston Fury Beast RGB Special Edition 8 GB,599.79,"4,3200",White,16.0,1,8,Kingston
Timetec PINNACLE Konduit 8 GB,359.79,"4,3200",White,16.0,1,8,Timetec
TEAMGROUP T-Force Delta RGB Eco 32 GB,1959.8,"5,6400",Silver,38.0,2,16,TeamGroup
G.Skill Ripjaws V 64 GB,4332.0,"4,3600",Black,16.0,2,32,G.Skill
OLOy WarHawk RGB 16 GB,919.8,"4,3600",Black / White,18.0,2,8,OLOy
G.Skill Trident Z5 Royal 48 GB,5199.8,"5,8000",Gold,40.0,2,24,G.Skill
TEAMGROUP T-Force Xtreem 48 GB,3999.8,"5,7600",Pink,36.0,2,24,TeamGroup
Corsair Vengeance RGB Pro 64 GB,8309.0,"4,3000",White,15.0,4,16,Corsair
Thermaltake TOUGHRAM Z-ONE RGB 16 GB,2799.6,"4,3600",Black,18.0,2,8,Thermaltake
ADATA XPG LANCER RGB 32 GB,3465.8,"5,6400",Black,32.0,2,16,ADATA
TEAMGROUP T-Force Vulcan 32 GB,1889.8,"5,6400",Red,32.0,2,16,TeamGroup
G.Skill Trident Z Neo 128 GB,6599.8,"4,3200",Black / Silver,16.0,4,32,G.Skill
Corsair Vengeance 64 GB,5519.8,"5,6200",Black / Gray,32.0,2,32,Corsair
TEAMGROUP T-Create Expert 32 GB,1799.8,"5,6400",White,40.0,2,16,TeamGroup
Kingston FURY Beast RGB 8 GB,963.4,"5,6000",Black,30.0,1,8,Kingston
G.Skill Trident Z5 32 GB,1859.8,"5,5600",Black,36.0,2,16,G.Skill
Corsair Vengeance RGB Pro 16 GB,2079.79,"4,3600",Black,18.0,2,8,Corsair
Kingston FURY 64 GB,5606.2,"5,5200",White,40.0,4,16,Kingston
Kingston Fury Renegade RGB 64 GB,5499.8,"5,6400",Silver / White,32.0,2,32,Kingston
G.Skill Trident Z 16 GB,1386.8,"4,3200",Red / Silver,16.0,2,8,G.Skill
G.Skill Aegis 8 GB,451.0,"4,2400",Black / Red,15.0,1,8,G.Skill
TEAMGROUP Elite 4 GB,330.4,"3,1600",Black,11.0,1,4,TeamGroup
Corsair Vengeance RGB 64 GB,3599.4,"5,5600",Black / Gray,40.0,2,32,Corsair
G.Skill Trident Z Neo 128 GB,6799.8,"4,3600",Silver / Black,18.0,4,32,G.Skill
Corsair Vengeance RGB 32 GB,2480.0,"5,6000",Black / Gray,36.0,2,16,Corsair
Corsair Vengeance RGB 48 GB,3599.8,"5,7000",Black,40.0,2,24,Corsair
Corsair Vengeance 64 GB,3559.8,"5,5600",White / Gray,40.0,2,32,Corsair
Corsair Dominator Titanium 48 GB,4799.8,"5,7000",Black,36.0,2,24,Corsair
Thermaltake TOUGHRAM XG RGB 64 GB,11099.6,"4,4000",White / Silver,19.0,2,32,Thermaltake
V-Color TRA548G70D834Q 192 GB,37399.8,"5,7000",White,34.0,4,48,V-Color
Crucial CT64G56C46S5 64 GB,3139.8,"5,5600",Black,46.0,1,64,Crucial
Corsair Vengeance LPX 64 GB,3167.2,"4,3000",Black / Yellow,16.0,2,32,Corsair
G.Skill Ripjaws S5 64 GB,3199.8,"5,5600",Black,36.0,2,32,G.Skill
G.Skill Trident Z RGB 16 GB,2714.2,"4,3600",Black,16.0,2,8,G.Skill
G.Skill Ripjaws V 16 GB,739.8,"4,2400",Red,17.0,2,8,G.Skill
Kingston FURY Beast 16 GB,1607.4,"5,6400",Black,32.0,1,16,Kingston
Kingston Fury Renegade RGB 32 GB,2292.19,"5,6400",Silver / Black,32.0,1,32,Kingston
Kingston FURY Beast RGB 32 GB,3779.8,"5,6000",Black,30.0,1,32,Kingston
G.Skill Ripjaws M5 RGB 64 GB,4199.8,"5,6000",White,32.0,2,32,G.Skill
Corsair Vengeance 32 GB,2879.8,"5,6400",Black,32.0,2,16,Corsair
G.Skill Trident Z Royal 32 GB,3410.6,"4,3200",Silver,16.0,4,8,G.Skill
Kingston FURY Beast 32 GB,2387.6,"5,6000",Black / Silver,36.0,1,32,Kingston
Kingston FURY Beast RGB 16 GB,1215.59,"5,5600",Black,40.0,1,16,Kingston
ADATA XPG LANCER RGB 48 GB,4471.6,"5,7200",Black,34.0,2,24,ADATA
Corsair Vengeance RGB 64 GB,4199.8,"5,6000",Black,40.0,2,32,Corsair
Corsair Vengeance 32 GB,2399.79,"5,6000",Black,36.0,2,16,Corsair
G.Skill Trident Z 16 GB,2710.6,"4,3200",Black / White,16.0,2,8,G.Skill
Corsair Vengeance RGB Pro SL 64 GB,5399.8,"4,3600",Black,18.0,2,32,Corsair
Corsair Vengeance RGB 48 GB,2819.8,"5,5200",Black,38.0,2,24,Corsair
G.Skill Trident X 16 GB,2723.2,"3,2400",Black / Red,10.0,2,8,G.Skill
Crucial CT25664BA160B 2 GB,259.4,"3,1600",Green,11.0,1,2,Crucial
Kingston Fury Renegade RGB 48 GB,7732.2,"5,7200",Silver / Black,38.0,2,24,Kingston
ADATA XPG LANCER RGB 32 GB,4178.2,"5,5200",Black,38.0,2,16,ADATA
Crucial CT2K8G48C40S5 16 GB,839.8,"5,4800",Black,40.0,2,8,Crucial
Samsung M393B2G70DB0-YK0 16 GB,350.2,"3,1600",Black / Green,11.0,1,16,Samsung
Mushkin Enhanced Redline Stiletto 16 GB,979.59,"4,4133",Black,19.0,2,8,Mushkin
TEAMGROUP Xtreem ARGB 48 GB,3739.8,"5,7200",White,34.0,2,24,TeamGroup
Corsair Vengeance RGB Pro SL 16 GB,1679.8,"4,3200",White / Black,16.0,2,8,Corsair
Corsair ValueSelect 16 GB,1199.8,"4,2133",Black,15.0,1,16,Corsair
Crucial Ballistix Sport 8 GB,1194.2,"3,1600",Black / Silver,9.0,1,8,Crucial
Corsair Dominator Platinum RGB 64 GB,7039.8,"5,6200",Black,32.0,4,16,Corsair
Corsair Vengeance RGB Pro SL 32 GB,2477.6,"4,3600",Black,18.0,4,8,Corsair
Samsung M391A2K43BB1-CPB 16 GB,860.0,"4,2133",Black / Green,15.0,1,16,Samsung
Corsair Vengeance RGB 48 GB,3343.8,"5,7000",Black,36.0,2,24,Corsair
Patriot Viper Elite II 16 GB,899.8,"4,3600",Red / Black,20.0,2,8,Patriot
Corsair Vengeance RGB Pro 16 GB,1939.8,"4,3000",White,15.0,2,8,Corsair
Corsair Dominator Titanium First Edition 32 GB,4679.8,"5,7200",Black,34.0,2,16,Corsair
Kingston FURY Beast 64 GB,8786.4,"5,6400",White,32.0,2,32,Kingston
Kingston FURY Beast RGB 64 GB,3873.8,"5,5200",Black,40.0,2,32,Kingston
G.Skill Trident Z5 RGB 32 GB,6599.8,"5,5600",Black,36.0,2,16,G.Skill
Crucial CT2K16G4SFRA32A 32 GB,1999.8,"4,3200",Green,22.0,2,16,Crucial
Silicon Power SU016GLSTU160N22AH 16 GB,339.0,"3,1600",Green,11.0,2,8,Silicon Power
Corsair Vengeance 64 GB,3219.8,"5,4800",Black / White,40.0,2,32,Corsair
G.Skill Trident Z5 RGB 32 GB,3517.0,"5,5600",White / Black,28.0,2,16,G.Skill
Crucial CT24G56C46S5 24 GB,1079.8,"5,5600",Black,46.0,1,24,Crucial
Corsair Vengeance RGB 32 GB,2599.8,"5,6400",Black,38.0,2,16,Corsair
G.Skill Trident Z 32 GB,11790.4,"4,3200",Silver / White,14.0,2,16,G.Skill
Patriot Signature Line 16 GB,799.8,"4,2400",Green / Black,17.0,1,16,Patriot
G.Skill Value 16 GB,726.59,"3,1600",Black,11.0,2,8,G.Skill
Patriot Viper Elite II 64 GB,3299.8,"4,3600",Red / Black,20.0,2,32,Patriot
Thermaltake TOUGHRAM XG RGB 16 GB,1465.0,"4,4400",Black / Silver,19.0,2,8,Thermaltake
G.Skill Trident Z5 RGB 32 GB,2128.0,"5,5600",Black,36.0,2,16,G.Skill
G.Skill Flare X 16 GB,858.0,"4,2400",Black,15.0,2,8,G.Skill
Crucial CT2K8G4DFRA266 16 GB,820.0,"4,2666",Green,19.0,2,8,Crucial
Mushkin 996573 4 GB,367.8,"3,1066",Green,7.0,2,2,Mushkin
Crucial CT16G52C42U5 16 GB,1195.0,"5,5200",Black,42.0,1,16,Crucial
Kingston FURY Beast RGB 32 GB,5156.59,"5,6400",White,32.0,1,32,Kingston
G.Skill Flare X5 32 GB,2299.79,"5,6400",Black,32.0,2,16,G.Skill
Kingston FURY Beast RGB 32 GB,2999.8,"5,6400",Black,32.0,2,16,Kingston
Kingston FURY Renegade Pro 128 GB,18099.4,"5,6000",Black,32.0,4,32,Kingston
Kingston HyperX Savage 16 GB,632.79,"4,2133",Black / White,13.0,4,4,Kingston
Kingston FURY Beast RGB 32 GB,3582.4,"5,6000",White,30.0,1,32,Kingston
TEAMGROUP Elite 32 GB,1319.6,"4,3200",Black,22.0,1,32,TeamGroup
Kingston FURY Renegade 64 GB,5795.2,"5,6400",Silver / Black,32.0,2,32,Kingston
G.Skill Sniper 8 GB,703.4,"3,1600",Black / Red,9.0,2,4,G.Skill
Silicon Power XPOWER Pulse Gaming 16 GB,1250.4,"5,6000",Black / White,30.0,1,16,Silicon Power
Corsair Vengeance RGB RT 32 GB,1799.8,"4,3200",Black,16.0,2,16,Corsair
Thermaltake TOUGHRAM XG RGB 16 GB,1344.0,"4,4400",White / Silver,19.0,2,8,Thermaltake
TEAMGROUP Xtreem 48 GB,4199.8,"5,7600",Black,36.0,2,24,TeamGroup
TEAMGROUP T-Force Delta RGB 32 GB,2059.79,"5,5600",Black,32.0,2,16,TeamGroup
ADATA XPG CASTER RGB 32 GB,7701.4,"5,6000",Black / Silver,40.0,2,16,ADATA
G.Skill Ripjaws X 16 GB,1145.0,"3,1600",Black / Red,9.0,4,4,G.Skill
Kingston HyperX Fury 64 GB,8980.0,"4,3466",Black,17.0,2,32,Kingston
G.Skill Trident Z5 RGB 32 GB,2899.8,"5,7600",Silver / Black,36.0,2,16,G.Skill
TEAMGROUP Xtreem 32 GB,2439.79,"5,7200",White,34.0,2,16,TeamGroup
G.Skill Ripjaws S5 64 GB,3199.8,"5,5600",White,36.0,2,32,G.Skill
TEAMGROUP T-Force Delta RGB 32 GB,2629.4,"5,6200",White,38.0,2,16,TeamGroup
Corsair Vengeance LPX 64 GB,3237.4,"4,2400",Black / Yellow,16.0,2,32,Corsair
G.Skill Trident Z 32 GB,4999.8,"5,6000",Black,30.0,2,16,G.Skill
TEAMGROUP T-Create Expert 32 GB,1799.8,"5,6400",Black,40.0,2,16,TeamGroup
Corsair Vengeance RGB 32 GB,2819.8,"5,6200",Black,36.0,2,16,Corsair
TEAMGROUP Xtreem 32 GB,2119.79,"5,6400",Black,32.0,2,16,TeamGroup
Samsung M393A2G40DB0-CPB 16 GB,1299.6,"4,2133",Black / Green,15.0,1,16,Samsung
TEAMGROUP T-Force Delta RGB 32 GB,2999.8,"5,7800",White / Silver,38.0,2,16,TeamGroup
TEAMGROUP Elite 32 GB,1539.8,"5,4800",Black,40.0,1,32,TeamGroup
ADATA XPG SPECTRIX D35G RGB 16 GB,1464.4,"4,3600",Black,18.0,1,16,ADATA
Corsair Dominator Platinum RGB 16 GB,1984.4,"4,3200",Black,16.0,2,8,Corsair
Patriot Signature Line 4 GB,497.2,"4,2666",Green,19.0,1,4,Patriot
Kingston FURY Renegade 64 GB,5600.0,"5,6000",Silver / Black,32.0,2,32,Kingston
Corsair Vengeance 8 GB,799.8,"3,1600",Black / Silver,10.0,1,8,Corsair
Micron MT8JTF51264AZ-1G6E1 4 GB,239.8,"3,1600",Black / Green,11.0,1,4,Micron
Crucial CT16G4DFD8266 16 GB,940.0,"4,2666",Green / Black,19.0,1,16,Crucial
Thermaltake TOUGHRAM XG RGB D5 32 GB,3299.6,"5,5600",Black / Silver,36.0,2,16,Thermaltake
G.Skill Trident Z Royal 32 GB,3255.6,"4,3600",Silver,16.0,2,16,G.Skill
Patriot Viper Venom RGB 32 GB,2399.79,"5,6800",Black / White,40.0,2,16,Patriot
Mushkin Redline Lumina 64 GB,5620.4,"4,3200",Black,14.0,2,32,Mushkin
TEAMGROUP T-Force DELTAα RGB 32 GB,1799.8,"5,5600",Black,40.0,2,16,TeamGroup
G.Skill Trident Z5 RGB 32 GB,3299.8,"5,8000",Silver / Black,38.0,2,16,G.Skill
TEAMGROUP Elite 64 GB,3219.8,"5,5600",Black,46.0,2,32,TeamGroup
TEAMGROUP T-Force DELTAα RGB 32 GB,1799.8,"5,5600",White,40.0,2,16,TeamGroup
TEAMGROUP T-Force Xtreem ARGB 16 GB,1699.8,"4,4000",Black,18.0,2,8,TeamGroup
G.Skill Trident Z5 RGB 32 GB,2712.2,"5,5200",Black,36.0,2,16,G.Skill
Corsair Dominator Platinum RGB 32 GB,3488.8,"4,3200",Black,16.0,4,8,Corsair
Kingston ValueRAM 1 GB,498.0,"3,1333",Green,9.0,1,1,Kingston
Timetec PINNACLE Konduit RGB 8 GB,439.79,"4,3600",White,18.0,1,8,Timetec
TEAMGROUP T-Force Delta RGB 64 GB,3199.8,"5,5600",Black,38.0,2,32,TeamGroup
Crucial CT16G48C40S5 16 GB,755.6,"5,4800",Black,40.0,1,16,Crucial
Patriot Viper Steel 32 GB,1439.8,"4,3600",Gray,18.0,1,32,Patriot
G.Skill Ripjaws V 64 GB,4925.6,"4,3600",Black,18.0,4,16,G.Skill
Corsair Vengeance RGB Pro SL 16 GB,1581.6,"4,3600",Black,16.0,2,8,Corsair
Patriot Viper Elite II 32 GB,1599.6,"4,3600",Red / Black,20.0,1,32,Patriot
TEAMGROUP T-Force Delta RGB 32 GB,2259.79,"5,6800",White / Black,34.0,2,16,TeamGroup
G.Skill Trident Z5 RGB 48 GB,4199.8,"5,8000",Silver / Black,40.0,2,24,G.Skill
TEAMGROUP Xtreem ARGB 32 GB,3999.8,"5,8000",White,38.0,2,16,TeamGroup
Corsair Vengeance RGB Pro 32 GB,5920.0,"4,3600",White,18.0,4,8,Corsair
G.Skill Trident Z Neo 16 GB,11997.4,"4,3800",Black / Silver,14.0,2,8,G.Skill
Kingston FURY Beast 32 GB,3335.0,"4,3600",Black,18.0,4,8,Kingston
Patriot Viper Elite II 16 GB,759.8,"4,2666",Red / Black,16.0,1,16,Patriot
Patriot Viper Steel RGB 16 GB,979.8,"4,3600",Black,20.0,1,16,Patriot
Corsair Dominator Platinum 32 GB,7510.8,"3,1600",Black / Silver,7.0,4,8,Corsair
Crucial CT16G4DFD832A 16 GB,1099.8,"4,3200",Green / Black,22.0,1,16,Crucial
Kingston ValueRAM 2 GB,344.6,"2,800",Green,6.0,1,2,Kingston
Kingston ValueRAM 16 GB,2599.8,"4,2133",Black / Green,15.0,2,8,Kingston
TEAMGROUP Elite 16 GB,919.8,"4,3200",Black,22.0,2,8,TeamGroup
Corsair Vengeance RGB RT 64 GB,3644.8,"4,3200",White / Black,16.0,2,32,Corsair
G.Skill Trident Z RGB 16 GB,963.6,"4,3200",Black,16.0,2,8,G.Skill
G.Skill Ripjaws S5 64 GB,3699.8,"5,5600",White,30.0,2,32,G.Skill
G.Skill Trident Z5 Neo 32 GB,3650.4,"5,5600",Black,30.0,2,16,G.Skill
G.Skill Trident Z5 Neo 32 GB,2399.79,"5,6000",Black,32.0,2,16,G.Skill
Timetec 75TT21NU 8 GB,599.79,"4,2133",Black,15.0,2,4,Timetec
TEAMGROUP T-Create Classic 64 GB,3119.8,"5,5600",Black,46.0,2,32,TeamGroup
Kingston FURY Beast 64 GB,4959.2,"5,6000",White,30.0,2,32,Kingston
G.Skill Trident Z RGB 16 GB,1099.8,"4,3600",Black,18.0,2,8,G.Skill
Kingston FURY Renegade 16 GB,2466.6,"5,8000",Silver / Black,38.0,1,16,Kingston
Corsair Vengeance LPX 16 GB,1674.4,"4,4000",Black,18.0,2,8,Corsair
G.Skill Ripjaws V 128 GB,10087.4,"4,4000",Black,18.0,4,32,G.Skill
G.Skill Value 32 GB,1464.4,"4,2400",Black,15.0,4,8,G.Skill
Corsair Vengeance RGB Pro 64 GB,5719.8,"4,3200",Black,16.0,4,16,Corsair
V-Color TRA524G72S836O 192 GB,42039.8,"5,7200",Black,36.0,8,24,V-Color
V-Color TRA564G56D436O 512 GB,72449.79,"5,5600",Black,36.0,8,64,V-Color
Kingston ValueRAM 1 GB,248.4,"2,667",Green,5.0,1,1,Kingston
Corsair Dominator Platinum 16 GB,8462.0,"3,2400",Black / Silver,9.0,4,4,Corsair
TEAMGROUP T-Force Delta RGB 48 GB,6919.8,"5,6800",White,36.0,2,24,TeamGroup
Kingston FURY Beast RGB 32 GB,3260.4,"5,6400",White,32.0,2,16,Kingston
ADATA XPG LANCER NEON RGB 32 GB,5213.4,"5,8000",Black,38.0,2,16,ADATA
G.Skill Ripjaws S5 32 GB,2199.79,"5,6600",Black,34.0,2,16,G.Skill
Patriot Viper Venom RGB 32 GB,2559.79,"5,7200",Black / White,40.0,2,16,Patriot
Corsair Vengeance RGB Pro SL 16 GB,2059.79,"4,3600",Black,18.0,2,8,Corsair
Kingston FURY Beast RGB 16 GB,1499.6,"5,6000",Black,30.0,1,16,Kingston
G.Skill Ripjaws M5 RGB 96 GB,4599.8,"5,5600",White,40.0,2,48,G.Skill
Corsair Dominator Platinum RGB 32 GB,2630.4,"4,3466",Black,16.0,2,16,Corsair
Kingston FURY Renegade Pro 128 GB,14899.8,"5,5600",Black,28.0,4,32,Kingston
Kingston Fury Beast RGB Special Edition 16 GB,1643.0,"4,3600",White,17.0,2,8,Kingston
Kingston FURY Renegade 16 GB,1218.59,"5,6800",White / Silver,36.0,1,16,Kingston
Corsair Vengeance RGB Pro 16 GB,2039.6,"4,4000",Black,18.0,2,8,Corsair
Kingston KVR16N11K2/16 16 GB,1299.6,"3,1600",Green,11.0,2,8,Kingston
Corsair Vengeance RGB Pro 16 GB,2079.79,"4,3600",White,18.0,2,8,Corsair
Kingston FURY Renegade 32 GB,3816.0,"5,7200",Silver / Black,38.0,2,16,Kingston
Crucial Ballistix Sport 4 GB,580.0,"3,1600",Black / Silver,9.0,1,4,Crucial
G.Skill Trident Z 32 GB,2299.79,"5,6400",Black,32.0,2,16,G.Skill
Corsair Vengeance RGB RS 8 GB,1019.8,"4,3600",Black,18.0,1,8,Corsair
Corsair Vengeance RGB Pro SL 64 GB,3122.6,"4,3200",White,16.0,4,16,Corsair
Corsair Vengeance RGB Pro 32 GB,2106.39,"4,2933",Black,16.0,2,16,Corsair
Crucial CT2K8G56C46S5 16 GB,879.8,"5,5600",Black,46.0,2,8,Crucial
Corsair ValueSelect 32 GB,1348.4,"4,2666",Black,18.0,1,32,Corsair
Kingston FURY Beast 16 GB,1473.6,"5,6000",White,30.0,1,16,Kingston
G.Skill Trident Z 16 GB,3580.0,"4,4400",Black,19.0,2,8,G.Skill
ADATA XPG Lancer Blade RGB 32 GB,4753.39,"5,6000",Black,30.0,1,32,ADATA
Corsair Vengeance RGB 32 GB,3813.0,"5,5200",Black / Gray,40.0,2,16,Corsair
Corsair Vengeance 16 GB,1139.8,"5,4800",Black / White,40.0,2,8,Corsair
G.Skill Sniper 16 GB,3980.0,"3,1866",Black / Red,9.0,2,8,G.Skill
PNY Performance 32 GB,1769.8,"4,3200",Black,22.0,1,32,PNY
GOODRAM IRDM PRO 16 GB,1834.0,"4,3600",Black,18.0,1,16,GOODRAM
G.Skill Trident Z5 RGB 32 GB,1999.8,"5,6000",Black,36.0,2,16,G.Skill
Corsair Vengeance RGB 16 GB,1099.4,"4,3200",Black,16.0,2,8,Corsair
Kingston FURY Beast RGB 16 GB,1582.8,"5,6000",White,30.0,1,16,Kingston
G.Skill Trident Z RGB 32 GB,4100.0,"4,3600",Black,17.0,2,16,G.Skill
Corsair Vengeance RGB Pro 16 GB,1242.8,"4,3200",Black,16.0,2,8,Corsair
Corsair Vengeance RGB 64 GB,4399.8,"5,5600",Gray,36.0,2,32,Corsair
Kingston ValueRAM 4 GB,299.8,"4,2666",Green / Black,19.0,1,4,Kingston
Kingston FURY Beast RGB 32 GB,2046.0,"5,5600",Black,40.0,1,32,Kingston
TEAMGROUP Elite 8 GB,489.4,"3,1600",Black,11.0,1,8,TeamGroup
G.Skill Trident Z Royal 32 GB,5592.6,"4,3600",Gold,16.0,2,16,G.Skill
G.Skill Ripjaws X 4 GB,504.6,"3,1600",Black / Red,9.0,2,2,G.Skill
Micron MT16JTF1G64AZ-1G6E1 8 GB,485.79,"3,1600",Green,11.0,1,8,Micron
Kingston FURY Renegade Pro 256 GB,33700.0,"5,6000",Black,32.0,8,32,Kingston
Kingston FURY Impact 16 GB,1539.6,"5,6400",Black,38.0,1,16,Kingston
Crucial CT2K16G64C52CU5 32 GB,3180.0,"5,6400",Black,52.0,2,16,Crucial
Corsair Dominator Platinum RGB 32 GB,3479.8,"5,6000",Black,36.0,2,16,Corsair
G.Skill Trident Z5 RGB 32 GB,2299.79,"5,6000",Black,32.0,2,16,G.Skill
G.Skill Trident Z Royal 16 GB,5580.0,"4,4600",Silver,18.0,2,8,G.Skill
Kingston KVR21R15D4/16 16 GB,599.6,"4,2133",Black / Green,15.0,1,16,Kingston
Samsung M393A4K40CB2-CTD 32 GB,1180.0,"4,2666",Green / Black,19.0,1,32,Samsung
Corsair Vengeance RGB RS 16 GB,1379.6,"4,3200",Black / Gray,16.0,1,16,Corsair
Mushkin Redline Lumina 64 GB,4115.0,"4,3600",White,18.0,2,32,Mushkin
Corsair Vengeance 64 GB,5719.8,"5,6000",Black / Silver,36.0,4,16,Corsair
Kingston Fury Renegade RGB 16 GB,1799.8,"5,6800",Silver / Black,36.0,1,16,Kingston
Kingston Fury Renegade RGB 32 GB,4241.2,"5,7600",Silver / White,38.0,2,16,Kingston
Kingston ValueRAM 16 GB,792.0,"4,2666",Green,19.0,1,16,Kingston
Timetec PINNACLE Konduit 16 GB,679.8,"4,3600",Black,18.0,2,8,Timetec
G.Skill Trident Z Royal 64 GB,5320.8,"4,3600",Silver,16.0,4,16,G.Skill
Kingston FURY Beast 64 GB,7313.6,"5,6000",Black,40.0,2,32,Kingston
Patriot Viper Venom RGB 32 GB,2599.8,"5,7400",Black / White,40.0,2,16,Patriot
Corsair Vengeance RGB Pro 32 GB,12576.0,"4,3200",Black,14.0,4,8,Corsair
Kingston FURY Beast RGB 16 GB,1199.8,"5,5200",Black,40.0,1,16,Kingston
Kingston FURY 32 GB,2415.4,"5,5200",White,40.0,2,16,Kingston
Lexar Ares RGB 16 GB,1519.4,"4,4000",White,18.0,2,8,Lexar
Corsair Dominator Platinum RGB 16 GB,1758.4,"4,3200",White,16.0,2,8,Corsair
Corsair Vengeance RGB RS 8 GB,839.8,"4,3200",Black / Gray,16.0,1,8,Corsair
Kingston FURY Renegade 32 GB,2998.0,"5,6800",Silver / White,36.0,2,16,Kingston
Crucial CT2K16G4DFD8213 32 GB,1660.0,"4,2133",Black / Green,15.0,2,16,Crucial
G.Skill Trident Z Royal 64 GB,9562.0,"4,3200",Silver,16.0,4,16,G.Skill
V-Color TRA532G72D834Q 128 GB,25919.8,"5,7200",White,34.0,4,32,V-Color
G.Skill Value 8 GB,424.79,"3,1600",Black,11.0,1,8,G.Skill
Thermaltake TOUGHRAM RGB 16 GB,2266.0,"4,3600",Black / Silver,18.0,2,8,Thermaltake
Thermaltake TOUGHRAM Z-ONE RGB 16 GB,2599.6,"4,3200",Black,16.0,2,8,Thermaltake
Kingston FURY Impact 32 GB,2810.6,"4,3200",Black,20.0,2,16,Kingston
Crucial CT32G56C46S5 32 GB,2285.0,"5,5600",Black,46.0,1,32,Crucial
G.Skill Trident Z5 RGB 32 GB,2399.79,"5,6400",Black,32.0,2,16,G.Skill
G.Skill Ripjaws S5 32 GB,5200.2,"5,5600",White,28.0,2,16,G.Skill
Kingston FURY Renegade 32 GB,4591.8,"5,8000",Silver / White,38.0,2,16,Kingston
Patriot Viper Steel RGB 32 GB,1759.8,"4,3600",Black,20.0,1,32,Patriot
Crucial CT2K16G52C42U5 32 GB,1919.8,"5,5200",Black,42.0,2,16,Crucial
Corsair Vengeance 64 GB,4825.4,"5,5600",Gray,36.0,4,16,Corsair
Patriot Signature 8 GB,2016.0,"3,1333",Green,9.0,1,8,Patriot
G.Skill Value 16 GB,703.6,"3,1333",Black,9.0,2,8,G.Skill
TEAMGROUP T-Force Vulcan Z 16 GB,1589.6,"4,3600",Gray / Black,18.0,1,16,TeamGroup
ADATA XPG GAMMIX D10 16 GB,2771.39,"4,3600",Black,18.0,2,8,ADATA
Kingston FURY Renegade Pro 32 GB,4148.8,"5,5600",Black,36.0,1,32,Kingston
G.Skill Ripjaws S5 48 GB,2099.79,"5,5200",White,40.0,2,24,G.Skill
Corsair Vengeance RGB RT 64 GB,3039.8,"4,3200",Black,16.0,2,32,Corsair
TEAMGROUP Xtreem 32 GB,3799.8,"5,8000",White,38.0,2,16,TeamGroup
Kingston FURY Beast RGB 16 GB,1683.6,"5,6400",Black,32.0,1,16,Kingston
Kingston FURY Renegade 16 GB,7847.6,"4,4800",Black,19.0,2,8,Kingston
Corsair Vengeance LPX 8 GB,677.6,"4,2666",Red,15.0,2,4,Corsair
Kingston FURY 16 GB,1215.59,"5,5600",White,40.0,1,16,Kingston
PNY XLR8 Gaming MAKO RGB 32 GB,3209.4,"5,6400",Black,40.0,2,16,PNY
Patriot Signature Line 8 GB,559.79,"4,2666",Green,19.0,1,8,Patriot
Kingston ValueRAM 1 GB,239.0,"2,667",Green,5.0,1,1,Kingston
G.Skill Trident Z RGB 16 GB,3980.0,"4,4400",Black,18.0,2,8,G.Skill
Kingston Fury Renegade RGB 48 GB,6791.6,"5,6400",Silver / Black,32.0,2,24,Kingston
G.Skill Ripjaws X 16 GB,3109.4,"3,1600",Black / Blue,9.0,4,4,G.Skill
Kingston KCP421ND8/16 16 GB,952.8,"4,2133",Green / Black,15.0,1,16,Kingston
TEAMGROUP Xtreem ARGB 32 GB,2799.8,"5,7200",White,34.0,2,16,TeamGroup
Corsair Dominator Platinum RGB 16 GB,4312.39,"4,4000",Black,16.0,2,8,Corsair
Samsung M393A4K40BB1-CRC 32 GB,1299.6,"4,2400",Green,17.0,1,32,Samsung
Kingston Fury Renegade RGB 16 GB,2005.4,"5,6400",Silver / Black,32.0,1,16,Kingston
Crucial CT2K16G4DFRA266 32 GB,1739.8,"4,2666",Green,19.0,2,16,Crucial
TEAMGROUP Xtreem ARGB 48 GB,4599.8,"5,7600",Black,36.0,2,24,TeamGroup
Kingston KVR16R11D4K4/64 64 GB,2287.19,"3,1600",Green,11.0,4,16,Kingston
Corsair Dominator Platinum RGB 64 GB,4599.8,"5,5600",Black,40.0,2,32,Corsair
G.Skill Value 4 GB,288.2,"3,1333",Green,9.0,1,4,G.Skill
Corsair Vengeance RGB 48 GB,2959.8,"5,5600",Black,40.0,2,24,Corsair
Mushkin Enhanced Essentials 32 GB,2748.2,"4,3200",Black,22.0,2,16,Mushkin
G.Skill Sniper X 16 GB,1064.4,"4,3200",Black / White,16.0,2,8,G.Skill
Kingston FURY Renegade 48 GB,5105.4,"5,7200",Silver / Black,38.0,2,24,Kingston
Kingston KVR16LN11K2/8 8 GB,1247.2,"3,1600",Black / Green,11.0,2,4,Kingston
ADATA XPG GAMMIX D20 32 GB,2818.8,"4,3200",Black,16.0,2,16,ADATA
G.Skill Trident Z5 RGB 32 GB,2431.8,"5,5600",Black,40.0,2,16,G.Skill
Corsair Dominator Platinum RGB 64 GB,7600.6,"5,5200",Gray / Black,40.0,2,32,Corsair
Kingston FURY 64 GB,6322.4,"5,5600",White,40.0,4,16,Kingston
G.Skill Ripjaws 32 GB,1899.8,"5,5600",Black / White,40.0,2,16,G.Skill
G.Skill Ripjaws 16 GB,659.8,"3,1600",Black / Red,9.0,2,8,G.Skill
Patriot Viper Venom RGB 32 GB,3460.6,"5,7000",Black / White,40.0,2,16,Patriot
Corsair Vengeance RGB Pro 32 GB,2899.8,"4,3600",Black,16.0,4,8,Corsair
Corsair Dominator Platinum RGB 32 GB,2879.8,"5,5600",Gray / Black,36.0,2,16,Corsair
Corsair Dominator Platinum RGB 32 GB,2599.8,"5,5200",Gray / Black,40.0,2,16,Corsair
G.Skill Ripjaws M5 RGB 96 GB,4799.8,"5,5600",Black,40.0,2,48,G.Skill
Corsair Vengeance RGB Pro 16 GB,1659.8,"4,2666",White,16.0,2,8,Corsair
Corsair Vengeance RGB 32 GB,2899.8,"5,6000",White,30.0,2,16,Corsair
Corsair Vengeance RGB Pro 16 GB,1613.4,"4,3600",Black,16.0,2,8,Corsair
Kingston FURY Beast RGB 32 GB,1913.0,"5,5200",Black,40.0,1,32,Kingston
Kingston FURY Renegade 64 GB,3768.2,"4,3200",Black,16.0,2,32,Kingston
Kingston KVR16N11H/8 8 GB,300.0,"3,1600",Green,11.0,1,8,Kingston
G.Skill Ripjaws V 32 GB,4599.8,"4,3600",Black,18.0,4,8,G.Skill
Kingston FURY Beast 16 GB,2610.19,"5,4800",Black / Silver,38.0,1,16,Kingston
Kingston FURY Beast 64 GB,6630.4,"4,3200",Black,16.0,4,16,Kingston
Patriot Viper Steel RGB 8 GB,499.79,"4,3600",Black,20.0,1,8,Patriot
ADATA XPG CASTER RGB 16 GB,1669.4,"5,6400",Black / Silver,40.0,1,16,ADATA
Kingston FURY Beast 16 GB,1919.8,"5,6000",Black / Silver,40.0,1,16,Kingston
G.Skill Ripjaws V 256 GB,15094.8,"4,3200",Black,16.0,8,32,G.Skill
Crucial Classic 8 GB,559.6,"5,5200",Black,42.0,1,8,Crucial
Kingston Fury Renegade RGB 32 GB,4288.2,"5,7600",Silver / Black,38.0,2,16,Kingston
Kingston FURY Beast RGB 32 GB,3016.6,"5,6400",Black,32.0,1,32,Kingston
G.Skill Ripjaws 32 GB,1559.6,"4,3200",Black,22.0,2,16,G.Skill
G.Skill Ripjaws 32 GB,1299.6,"4,2666",Black,18.0,2,16,G.Skill
Crucial CT2K32G48C40S5 64 GB,3299.2,"5,4800",Black,40.0,2,32,Crucial
Kingston FURY Impact 16 GB,1095.0,"5,5600",Black,40.0,1,16,Kingston
Crucial CT2K16G3ERSLD4160B 32 GB,2199.4,"3,1600",Green,11.0,2,16,Crucial
G.Skill Trident Z5 RGB 48 GB,3499.8,"5,7200",Silver / Black,36.0,2,24,G.Skill
Mushkin Enhanced Redline 64 GB,3799.8,"5,5600",Black,28.0,2,32,Mushkin
G.Skill Trident Z5 RGB 32 GB,2619.6,"5,6800",Silver / Black,34.0,2,16,G.Skill
ADATA XPG SPECTRIX D35G RGB 64 GB,3799.8,"4,3200",Black,16.0,2,32,ADATA
Kingston Fury Renegade RGB 32 GB,4046.39,"5,7200",Silver / Black,38.0,2,16,Kingston
Corsair Vengeance LPX 32 GB,5836.2,"4,3200",Black / Yellow,16.0,2,16,Corsair
G.Skill Trident Z Royal 32 GB,3255.6,"4,3600",Silver,18.0,2,16,G.Skill
G.Skill Ripjaws S5 64 GB,7297.79,"5,5200",White,36.0,2,32,G.Skill
G.Skill Sniper 8 GB,774.4,"3,2400",Black / Red,11.0,2,4,G.Skill
TEAMGROUP T-Force Vulcan 32 GB,1599.8,"5,5200",Red,40.0,2,16,TeamGroup
Crucial CT32G4RFD4293 32 GB,1264.59,"4,2933",Green / Black,21.0,1,32,Crucial
Kingston FURY Renegade 16 GB,1902.4,"5,7200",Silver / White,38.0,1,16,Kingston
G.Skill Ripjaws Z 32 GB,2341.39,"3,1866",Black / Red,10.0,4,8,G.Skill
G.Skill Aegis 4 GB,380.0,"4,2400",Black / Red,15.0,1,4,G.Skill
Crucial CT4K16G4DFD824A 64 GB,3999.8,"4,2400",Green / Black,17.0,4,16,Crucial
Corsair Vengeance 64 GB,4059.8,"5,5600",Black / Gray,36.0,2,32,Corsair
Corsair Dominator Titanium First Edition 48 GB,5479.8,"5,7200",White,36.0,2,24,Corsair
Corsair Vengeance RGB Pro 16 GB,2119.79,"4,3200",Black,16.0,2,8,Corsair
G.Skill Ripjaws S5 32 GB,4718.2,"5,5200",Black,36.0,2,16,G.Skill
Kingston FURY Beast RGB 16 GB,3607.0,"5,6000",Black,40.0,2,8,Kingston
ADATA XPG SPECTRIX D50 32 GB,4046.8,"4,3200",Black,16.0,2,16,ADATA
Kingston Fury Renegade RGB 32 GB,4656.39,"5,8000",Silver / White,38.0,2,16,Kingston
Kingston ValueRAM 16 GB,832.0,"4,2666",Green,19.0,1,16,Kingston
Kingston FURY Beast RGB 32 GB,2699.8,"5,6000",Black,30.0,1,32,Kingston
Kingston Fury Renegade RGB 48 GB,3646.39,"5,6000",Silver / Black,32.0,1,48,Kingston
Crucial CT2K8G4SFS832A 16 GB,1099.8,"4,3200",Green / Black,22.0,2,8,Crucial
Crucial CT32G52C42U5 32 GB,1709.0,"5,5200",Black,42.0,1,32,Crucial
Corsair Vengeance 32 GB,2410.0,"5,6000",White / Gray,36.0,2,16,Corsair
G.Skill Ripjaws V 32 GB,1516.2,"4,2666",Red / Black,19.0,4,8,G.Skill
TEAMGROUP T-Force Xtreem ARGB 32 GB,2567.6,"4,3200",White,16.0,2,16,TeamGroup
Corsair CMV16GX3M2A1333C9 16 GB,995.8,"3,1333",Green,9.0,2,8,Corsair
G.Skill Trident Z Neo 64 GB,3471.6,"4,3200",Silver / Black,16.0,4,16,G.Skill
Corsair Vengeance LPX 8 GB,952.4,"4,2400",Red,16.0,1,8,Corsair
Corsair ValueSelect 16 GB,1399.6,"4,2666",Black,18.0,1,16,Corsair
G.Skill Trident Z5 32 GB,1859.8,"5,5600",Silver / Black,36.0,2,16,G.Skill
Crucial CT51264BD160B 4 GB,259.8,"3,1600",Green,11.0,1,4,Crucial
Kingston Fury Renegade RGB 32 GB,3340.0,"5,6800",Silver / Black,36.0,2,16,Kingston
Kingston FURY 64 GB,4220.0,"5,5600",White,40.0,2,32,Kingston
Kingston FURY Renegade Pro 128 GB,22580.0,"5,6800",Black,34.0,4,32,Kingston
ADATA XPG SPECTRIX D35G RGB 32 GB,1825.8,"4,3600",Black,18.0,1,32,ADATA
Kingston Fury Renegade RGB 16 GB,1999.8,"4,3200",Black,16.0,2,8,Kingston
Kingston Fury Renegade RGB 16 GB,2400.0,"4,3600",Black,16.0,2,8,Kingston
TEAMGROUP T-Force Vulcan 16 GB,1711.6,"5,5200",Black,40.0,1,16,TeamGroup
Kingston FURY Beast RGB 32 GB,2599.8,"5,6000",Black,36.0,1,32,Kingston
TEAMGROUP Elite 16 GB,899.8,"4,3200",Black,22.0,1,16,TeamGroup
Silicon Power SP064GBSVU560F22 64 GB,2919.8,"5,5600",Black,46.0,2,32,Silicon Power
G.Skill Trident Z 32 GB,2299.79,"5,6400",White / Black,32.0,2,16,G.Skill
TEAMGROUP Elite Plus 32 GB,2284.6,"5,4800",Black,40.0,2,16,TeamGroup
Corsair Vengeance RGB Pro SL 128 GB,7360.8,"4,3200",Black,16.0,4,32,Corsair
Corsair Vengeance RGB RT 64 GB,4099.8,"4,3200",Black,16.0,4,16,Corsair
G.Skill Trident Z5 64 GB,3999.8,"5,6000",Silver / Black,32.0,2,32,G.Skill
Thermaltake TOUGHRAM XG RGB 16 GB,4399.8,"4,4600",White / Silver,19.0,2,8,Thermaltake
G.Skill Trident Z5 RGB 32 GB,2299.79,"5,6000",White / Black,32.0,2,16,G.Skill
Corsair Vengeance RGB Pro 16 GB,1179.8,"4,2933",Black,16.0,2,8,Corsair
G.Skill Ripjaws S5 64 GB,5128.2,"5,5200",Black,36.0,2,32,G.Skill
TEAMGROUP T-Force Dark 16 GB,3180.0,"4,2400",Red / Black,14.0,2,8,TeamGroup
Kingston FURY Beast 128 GB,8599.79,"4,3600",Black,18.0,4,32,Kingston
Kingston FURY Beast RGB 16 GB,1704.19,"5,6400",White,32.0,1,16,Kingston
Patriot Viper Elite II 64 GB,3279.8,"4,3200",Red / Black,18.0,2,32,Patriot
Corsair Dominator Platinum 8 GB,5417.2,"3,2800",Black / Silver,12.0,2,4,Corsair
G.Skill Trident Z Royal 128 GB,7399.8,"4,3600",Silver,18.0,4,32,G.Skill
Corsair Dominator Platinum RGB 32 GB,3459.8,"5,6400",Black,38.0,2,16,Corsair
Corsair XMS3 4 GB,715.8,"3,1333",Black / White,9.0,1,4,Corsair
Corsair Vengeance 8 GB,1019.8,"3,1600",Black / Yellow,9.0,2,4,Corsair
Corsair Vengeance RGB Pro SL 32 GB,3359.8,"4,3200",White / Black,16.0,4,8,Corsair
Kingston FURY Renegade Pro 128 GB,14499.8,"5,4800",Black,36.0,4,32,Kingston
Corsair Vengeance 16 GB,2588.0,"3,1600",Black / Blue,9.0,4,4,Corsair
Corsair Vengeance LPX 16 GB,2500.0,"4,3200",Black,16.0,2,8,Corsair
V-Color TRA532G72D834O 256 GB,59599.8,"5,7200",Black,34.0,8,32,V-Color
TEAMGROUP Elite 8 GB,579.79,"4,3200",Black,22.0,1,8,TeamGroup
Corsair Vengeance RGB Pro 128 GB,6910.8,"4,3000",Black,16.0,4,32,Corsair
Corsair Vengeance RGB Pro 16 GB,1499.6,"4,3600",Black,18.0,2,8,Corsair
G.Skill Trident Z Royal 16 GB,3380.0,"4,4000",Silver,15.0,2,8,G.Skill
Corsair Dominator Platinum RGB 32 GB,3521.2,"4,3200",White,16.0,4,8,Corsair
Corsair Dominator Platinum RGB 32 GB,4019.8,"5,7000",Black,34.0,2,16,Corsair
Kingston FURY Renegade 32 GB,2799.8,"5,6400",Silver / White,32.0,2,16,Kingston
G.Skill Ripjaws S5 32 GB,3921.8,"5,5200",White,36.0,2,16,G.Skill
TEAMGROUP T-Force Vulcan 32 GB,1699.8,"5,5600",Black,38.0,2,16,TeamGroup
G.Skill Ripjaws 16 GB,1193.59,"3,1066",Black / Red,7.0,4,4,G.Skill
G.Skill Ripjaws X 16 GB,1131.2,"3,1866",Black / Red,10.0,2,8,G.Skill
Thermaltake TOUGHRAM XG RGB 16 GB,4499.59,"4,4600",Black / Silver,19.0,2,8,Thermaltake
Timetec PINNACLE Konduit 32 GB,1399.8,"4,3200",Black,16.0,1,32,Timetec
TEAMGROUP T-Force Vulcan 64 GB,2999.8,"5,5200",Red,40.0,2,32,TeamGroup
G.Skill F3-12800CL9S-2GBSQ 2 GB,273.6,"3,1600",Green,9.0,1,2,G.Skill
G.Skill Ares 16 GB,859.8,"3,1600",Blue,9.0,2,8,G.Skill
Crucial CT2K8G4DFS832A 16 GB,1289.6,"4,3200",Green / Black,22.0,2,8,Crucial
Silicon Power SP016GBLVU560F02 16 GB,1089.0,"5,5600",Black,46.0,1,16,Silicon Power
Patriot Signature Line 4 GB,429.79,"4,2400",Black / Green,16.0,1,4,Patriot
G.Skill Aegis 16 GB,1206.0,"4,3000",Red / Black,16.0,1,16,G.Skill
G.Skill Ripjaws 16 GB,680.0,"4,2400",Black / Blue,16.0,1,16,G.Skill
Patriot Signature Line 16 GB,759.8,"5,4800",Black,46.0,1,16,Patriot
Crucial CT32G52C42S5 32 GB,1999.8,"5,5200",Black,42.0,1,32,Crucial
Kingston Fury Renegade RGB 24 GB,4217.6,"5,7200",Silver / Black,38.0,1,24,Kingston
G.Skill Ripjaws S5 32 GB,2099.79,"5,6000",White,32.0,2,16,G.Skill
Kingston FURY Beast 16 GB,2418.6,"5,6400",White,32.0,1,16,Kingston
Corsair Vengeance LPX 32 GB,3459.8,"4,3200",Black / Yellow,16.0,4,8,Corsair
TEAMGROUP Elite 64 GB,3199.8,"4,3200",Black,22.0,2,32,TeamGroup
G.Skill Trident Z Royal 64 GB,5267.4,"4,3600",Silver,16.0,2,32,G.Skill
TEAMGROUP Elite Plus 32 GB,1579.6,"5,4800",Silver,40.0,1,32,TeamGroup
G.Skill Trident Z5 Neo RGB 32 GB,3741.39,"5,5600",Black,30.0,2,16,G.Skill
Kingston Fury Renegade RGB 24 GB,2575.19,"5,6400",Silver / Black,32.0,1,24,Kingston
Crucial CT3KIT51264BA160B 12 GB,739.4,"3,1600",Black / Green,11.0,3,4,Crucial
Kingston KCP426NS8/8 8 GB,569.79,"4,2666",Green / Black,19.0,1,8,Kingston
Crucial CT2K16G4RFS4266 32 GB,1899.8,"4,2666",Green / Black,19.0,2,16,Crucial
G.Skill Trident Z Neo 64 GB,8420.0,"4,3600",Silver / Black,18.0,4,16,G.Skill
Mushkin Enhanced Redline Stiletto 16 GB,878.0,"4,3200",Black,16.0,2,8,Mushkin
G.Skill Value 8 GB,778.4,"4,2400",Black,17.0,1,8,G.Skill
Corsair Vengeance RGB 32 GB,2399.79,"5,5600",Black / Gray,36.0,2,16,Corsair
Corsair Vengeance LP 16 GB,1559.6,"3,1600",Black / Yellow,9.0,2,8,Corsair
Kingston KVR21L15Q4/32 32 GB,3598.6,"4,2133",Black / Green,15.0,1,32,Kingston
G.Skill Aegis 8 GB,648.0,"4,2400",Black / Red,15.0,2,4,G.Skill
Crucial CT2K8G4DFS8213 16 GB,1999.6,"4,2133",Black / Green,15.0,2,8,Crucial
Corsair Vengeance RGB Pro SL 32 GB,3359.8,"4,3200",Black,16.0,4,8,Corsair
Kingston FURY Beast 16 GB,1524.4,"4,3733",Black,19.0,1,16,Kingston
TEAMGROUP Elite 16 GB,859.8,"5,5600",Black,46.0,1,16,TeamGroup
Kingston FURY Impact 16 GB,1359.4,"5,6000",Black,38.0,1,16,Kingston
Mushkin Redline ST 32 GB,2299.79,"5,6400",Black,32.0,2,16,Mushkin
Corsair Vengeance RGB Pro SL 64 GB,3633.0,"4,3200",Black,16.0,2,32,Corsair
Kingston FURY 64 GB,4034.2,"5,5200",White,40.0,2,32,Kingston
TEAMGROUP T-Force Delta RGB 48 GB,4199.8,"5,7600",Black,36.0,2,24,TeamGroup
Corsair Vengeance LPX 32 GB,3159.8,"4,4000",Black / Yellow,19.0,4,8,Corsair
Crucial MTA18ASF4G72AZ-3G2B1 32 GB,3598.6,"4,3200",Green,22.0,1,32,Crucial
Patriot Viper Steel RGB 16 GB,939.8,"4,3200",Black,18.0,1,16,Patriot
Crucial CT2K16G4DFD832A 32 GB,2099.79,"4,3200",Green / Black,22.0,2,16,Crucial
Thermaltake TOUGHRAM XG RGB 64 GB,11099.6,"4,4000",Black / Silver,19.0,2,32,Thermaltake
Kingston Fury Renegade RGB 16 GB,2519.79,"5,8000",Silver / Black,38.0,1,16,Kingston
TEAMGROUP T-Force Delta RGB Eco 32 GB,2159.79,"5,6400",Silver,32.0,2,16,TeamGroup
G.Skill Ripjaws X 32 GB,2406.0,"3,2133",Black / Blue,10.0,4,8,G.Skill
Kingston FURY Renegade 32 GB,1999.8,"4,3200",Black,16.0,1,32,Kingston
Kingston FURY Renegade Pro 128 GB,18720.0,"5,6400",Black,32.0,4,32,Kingston
Kingston FURY Beast RGB 32 GB,4330.2,"5,6000",Black,30.0,2,16,Kingston
Corsair Dominator 8 GB,3700.0,"3,1600",Black / Blue,8.0,4,2,Corsair
Crucial CT2KIT51264BA160B 8 GB,624.0,"3,1600",Green,11.0,2,4,Crucial
Crucial CT2KIT204864BF160B 32 GB,5995.8,"3,1600",Black / Green,11.0,2,16,Crucial
Kingston KSM26ED8/32ME 32 GB,2977.6,"4,2666",Green,19.0,1,32,Kingston
Corsair Dominator Platinum RGB 32 GB,2979.8,"5,5600",Black / Silver,36.0,2,16,Corsair
V-Color TRA524G80S840R3Q 96 GB,27839.8,"5,8000",White,40.0,4,24,V-Color
G.Skill NS 4 GB,408.8,"3,1333",Green,9.0,2,2,G.Skill
Crucial Ballistix Sport 8 GB,758.0,"3,1600",Black / Silver,9.0,2,4,Crucial
Kingston KVR16N11/2 2 GB,490.6,"3,1600",Green,11.0,1,2,Kingston
G.Skill Trident Z Royal 32 GB,5380.0,"4,3200",Gold,16.0,4,8,G.Skill
G.Skill Trident Z Royal Elite 64 GB,7048.6,"4,3600",Gold,16.0,4,16,G.Skill
G.Skill Ripjaws V 32 GB,2891.8,"4,2666",Black,19.0,1,32,G.Skill
TEAMGROUP T-Force Vulcan Z 32 GB,3093.8,"4,3600",Gray,18.0,1,32,TeamGroup
Kingston FURY Beast RGB 8 GB,2118.0,"5,5600",Black,40.0,1,8,Kingston
Crucial CT16G4DFRA266 16 GB,729.4,"4,2666",Green,19.0,1,16,Crucial
Kingston FURY Impact 32 GB,1999.8,"5,5600",Black,40.0,1,32,Kingston
Kingston FURY Impact 16 GB,1200.0,"4,3200",Black,20.0,2,8,Kingston
G.Skill Ripjaws 64 GB,4099.8,"5,5600",Black,40.0,2,32,G.Skill
G.Skill Trident Z5 RGB 32 GB,3484.6,"5,5600",White / Black,30.0,2,16,G.Skill
Kingston FURY Impact 16 GB,1214.59,"4,3200",Black,20.0,1,16,Kingston
G.Skill Trident Z RGB 64 GB,6018.8,"4,3600",Black,16.0,2,32,G.Skill
Corsair Dominator Platinum RGB 64 GB,4599.8,"5,5600",Black,40.0,2,32,Corsair
Kingston FURY Renegade 32 GB,3541.8,"5,6800",White / Silver,36.0,2,16,Kingston
Kingston FURY Renegade Pro 32 GB,4119.8,"5,5600",Black,28.0,1,32,Kingston
G.Skill Trident Z RGB 16 GB,2498.4,"4,3600",Black,17.0,2,8,G.Skill
Samsung M391A2K43BB1-CRC 16 GB,1179.59,"4,2400",Green,17.0,1,16,Samsung
G.Skill Sniper 16 GB,1214.2,"3,2400",Black / Red,11.0,2,8,G.Skill
Kingston FURY Renegade 16 GB,2496.0,"5,8000",Silver / White,38.0,1,16,Kingston
G.Skill Trident Z5 RGB 32 GB,2560.6,"5,6000",Silver / Black,40.0,2,16,G.Skill
Kingston FURY Beast 8 GB,1198.8,"5,4800",Black,38.0,1,8,Kingston
G.Skill Sniper X 32 GB,2414.79,"4,3600",Black / White,19.0,2,16,G.Skill
Crucial CT2K32G52C42U5 64 GB,3799.0,"5,5200",Black,42.0,2,32,Crucial
Kingston FURY Renegade Pro 16 GB,2299.79,"5,4800",Black,36.0,1,16,Kingston
G.Skill Ripjaws X 8 GB,652.0,"3,1866",Black / Red,10.0,1,8,G.Skill
Crucial CT102472BA186D 8 GB,799.4,"3,1866",Green / Black,13.0,1,8,Crucial
Thermaltake TOUGHRAM RGB 16 GB,2900.0,"4,4400",White / Silver,19.0,2,8,Thermaltake
G.Skill Trident Z Royal 64 GB,14390.4,"4,3600",Silver,14.0,8,8,G.Skill
Kingston FURY Impact 32 GB,1899.8,"5,4800",Black,38.0,2,16,Kingston
Kingston FURY Renegade 32 GB,4079.6,"5,7600",Silver / Black,38.0,2,16,Kingston
Kingston FURY Beast 16 GB,1559.6,"5,6400",Black,32.0,1,16,Kingston
Kingston ValueRAM 2 GB,269.8,"2,667",Green,5.0,1,2,Kingston
Kingston KVR16N11S8/4 4 GB,391.4,"3,1600",Green,11.0,1,4,Kingston
Corsair Dominator Platinum 8 GB,3366.8,"4,2800",Black / Silver,15.0,2,4,Corsair
Corsair Dominator Platinum RGB 32 GB,2238.6,"4,3200",Black,16.0,2,16,Corsair
TEAMGROUP T-Create Classic 32 GB,1499.6,"5,5600",Black,46.0,1,32,TeamGroup
Kingston FURY Beast 32 GB,2959.8,"5,6400",Black,32.0,1,32,Kingston
Crucial CT2KIT25664AA800 4 GB,629.79,"2,800",Green,6.0,2,2,Crucial
Crucial CT25664BA1339 2 GB,299.8,"3,1333",Green,9.0,1,2,Crucial
Kingston KTD-PE316LLQ/32G 32 GB,5017.0,"3,1600",Silver,11.0,1,32,Kingston
G.Skill Trident Z RGB 16 GB,5895.8,"4,3200",Black,14.0,2,8,G.Skill
Kingston Fury Renegade RGB 64 GB,9840.0,"4,3600",Black / Silver,16.0,4,16,Kingston
PNY XLR8 Gaming EPIC-X RGB 16 GB,2161.8,"4,3200",White,16.0,2,8,PNY
Kingston FURY Renegade 24 GB,2586.19,"5,7200",Silver / Black,38.0,1,24,Kingston
Crucial CT32G4RFD4266 32 GB,1299.6,"4,2666",Green / Black,19.0,1,32,Crucial
Corsair Vengeance 32 GB,2639.8,"5,6200",Black,36.0,2,16,Corsair
TEAMGROUP Xtreem 48 GB,3639.8,"5,7200",White,34.0,2,24,TeamGroup
Samsung M471A4G43MB1 32 GB,1679.4,"4,2666",Green / Black,19.0,1,32,Samsung
G.Skill Ares 16 GB,1881.2,"3,2400",Black / Blue,11.0,2,8,G.Skill
G.Skill Trident Z 32 GB,2300.0,"4,3200",Silver / White,16.0,2,16,G.Skill
G.Skill Trident Z5 RGB 64 GB,4199.8,"5,6000",White / Black,32.0,2,32,G.Skill
TEAMGROUP T-Force Delta RGB 64 GB,3379.8,"5,5600",Black,36.0,2,32,TeamGroup
Kingston FURY Renegade Pro 32 GB,3936.0,"5,4800",Black,36.0,1,32,Kingston
Kingston KVR16E11K4/32 32 GB,2475.6,"3,1600",Green,11.0,4,8,Kingston
TEAMGROUP T-Force Vulcan 32 GB,1859.8,"5,5600",Red,32.0,2,16,TeamGroup
TEAMGROUP T-Create Master 64 GB,8419.79,"5,6000",Black,32.0,4,16,TeamGroup
G.Skill Sniper 16 GB,1425.8,"3,2400",Black / Red,11.0,4,4,G.Skill
Corsair Vengeance RGB Pro 16 GB,1199.8,"4,3200",Black,16.0,2,8,Corsair
Klevv CRAS XR5 RGB 32 GB,2685.8,"5,7000",White / Black,36.0,2,16,Klevv
Kingston Fury Renegade RGB 16 GB,2519.79,"5,8000",Silver / White,38.0,1,16,Kingston
Corsair Vengeance 12 GB,1699.6,"3,1600",Black / Silver,9.0,3,4,Corsair
Crucial CT51264BD160BJ 4 GB,230.0,"3,1600",Black / Green,11.0,1,4,Crucial
Kingston ValueRAM 8 GB,859.0,"4,2133",Black / Green,15.0,1,8,Kingston
Corsair Vengeance RGB RT 16 GB,1199.8,"4,3600",Black,18.0,2,8,Corsair
Mushkin Silverline 16 GB,2142.4,"4,2133",Silver,15.0,1,16,Mushkin
Kingston FURY 32 GB,2796.8,"5,5200",White,40.0,1,32,Kingston
Silicon Power XPOWER Pulse Gaming 32 GB,2156.39,"5,5600",Black / White,40.0,2,16,Silicon Power
Kingston FURY Beast 32 GB,2883.0,"5,6400",White,32.0,1,32,Kingston
Kingston KVR13N9S8/4 4 GB,310.39,"3,1333",Green,9.0,1,4,Kingston
Patriot Viper 3 32 GB,3683.39,"3,1866",Black / Silver,10.0,4,8,Patriot
Kingston KVR13N9K3/24 24 GB,1999.8,"3,1333",Green,9.0,3,8,Kingston
Crucial CT4K16G4DFD8213 64 GB,7199.2,"4,2133",Black / Green,15.0,4,16,Crucial
TEAMGROUP Elite Plus 32 GB,1579.6,"5,4800",Black,40.0,1,32,TeamGroup
TEAMGROUP Elite 32 GB,1619.6,"4,3200",Black,22.0,2,16,TeamGroup
Lexar LD4AS032G-B3200GSST 32 GB,2630.6,"4,3200",Black,22.0,1,32,Lexar
Crucial CT16G3ERSLD4160B 16 GB,449.79,"3,1600",Black / Green,11.0,1,16,Crucial
G.Skill Trident Z RGB 128 GB,6499.8,"4,3200",Black,16.0,4,32,G.Skill
Crucial CT8G4SFS824A 8 GB,565.0,"4,2400",Green / Black,17.0,1,8,Crucial
Corsair Vengeance RGB Pro 32 GB,3960.0,"4,3000",Black,15.0,2,16,Corsair
Kingston FURY Beast 32 GB,3036.6,"5,6400",White,32.0,2,16,Kingston
Kingston FURY Beast 32 GB,4563.8,"5,6000",White,30.0,1,32,Kingston
Corsair Vengeance RGB RS 16 GB,1719.8,"4,3600",Black,18.0,1,16,Corsair
Patriot Viper Elite 5 RGB 32 GB,2199.79,"5,6600",White,36.0,2,16,Patriot
Kingston FURY Renegade Pro 16 GB,2392.19,"5,6000",Black,32.0,1,16,Kingston
Kingston Fury Beast RGB Special Edition 8 GB,799.8,"4,3600",White,17.0,1,8,Kingston
G.Skill NT 8 GB,1070.0,"4,2133",Black,15.0,2,4,G.Skill
Corsair Dominator Platinum RGB 16 GB,2033.8,"4,4000",White,19.0,2,8,Corsair
Kingston FURY Beast RGB 32 GB,3079.8,"5,6400",Black,32.0,1,32,Kingston
Crucial CT32G4DFD8266 32 GB,2553.0,"4,2666",Green / Black,19.0,1,32,Crucial
Corsair Vengeance RGB Pro SL 16 GB,1679.8,"4,3200",Black,16.0,2,8,Corsair
Corsair Vengeance RGB RT 16 GB,1473.4,"4,4000",Black,18.0,2,8,Corsair
Kingston ValueRAM 32 GB,1980.0,"4,2666",Green,19.0,1,32,Kingston
Kingston KSM48R40BS4TMM-32HMR 32 GB,2457.19,"5,4800",Green,40.0,1,32,Kingston
Corsair Vengeance RGB 64 GB,4279.8,"5,5600",White / Black,36.0,2,32,Corsair
Kingston FURY Renegade 16 GB,4186.39,"5,6000",Silver / White,32.0,1,16,Kingston
V-Color TRA548G68D834O 384 GB,67399.79,"5,6800",Black,34.0,8,48,V-Color
Kingston FURY Beast 32 GB,2610.0,"5,6000",White,30.0,1,32,Kingston
G.Skill Ripjaws 8 GB,690.6,"3,1600",Black / Red,9.0,2,4,G.Skill
Kingston KVR1333D3K2/2GR 2 GB,592.2,"3,1333",Green,9.0,2,1,Kingston
Kingston KVR21R15S4K4/32 32 GB,2572.4,"4,2133",Black / Green,15.0,4,8,Kingston
Corsair Vengeance LPX 4 GB,620.6,"4,2400",Black / Yellow,16.0,1,4,Corsair
Crucial CT4K8G4DFS8266 32 GB,2599.8,"4,2666",Green,19.0,4,8,Crucial
Corsair Vengeance RGB Pro 64 GB,11782.0,"4,3466",Black,16.0,4,16,Corsair
Kingston FURY Beast 4 GB,858.2,"4,3200",Black,16.0,1,4,Kingston
G.Skill Ripjaws 64 GB,2979.8,"4,3200",Blue / Black,22.0,2,32,G.Skill
Kingston FURY Impact 64 GB,4599.8,"4,3200",Black,20.0,2,32,Kingston
TEAMGROUP T-Create Classic 32 GB,1619.6,"5,5600",Black,46.0,2,16,TeamGroup
Patriot Signature Line 32 GB,1499.6,"5,4800",Black,46.0,1,32,Patriot
Corsair Vengeance RGB Pro 16 GB,6163.6,"4,4000",Black,16.0,2,8,Corsair
G.Skill Trident Z Royal 16 GB,3380.0,"4,4000",Gold,15.0,2,8,G.Skill
TEAMGROUP T-Force Vulcanα 64 GB,3309.8,"5,6000",Red,38.0,2,32,TeamGroup
Corsair Vengeance Performance 32 GB,2480.0,"4,2666",Black / Yellow,18.0,2,16,Corsair
G.Skill Trident Z Neo 16 GB,2480.0,"4,3200",Silver / Black,14.0,2,8,G.Skill
Crucial CT8G3S160BM 8 GB,347.8,"3,1600",Black / Green,11.0,1,8,Crucial
G.Skill Ripjaws S5 32 GB,2099.79,"5,6000",White,32.0,2,16,G.Skill
G.Skill Sniper 32 GB,2457.4,"3,2133",Black / Red,10.0,4,8,G.Skill
Crucial CT2KIT102472BD160B 16 GB,1989.8,"3,1600",Black / Green,11.0,2,8,Crucial
G.Skill Ripjaws 16 GB,1374.0,"4,2666",Red,15.0,4,4,G.Skill
G.Skill Ripjaws V 16 GB,4999.8,"4,3600",Black,16.0,2,8,G.Skill
G.Skill Trident Z5 32 GB,1959.8,"5,6000",Silver / Black,36.0,2,16,G.Skill
G.Skill Sniper X 32 GB,1503.0,"4,2400",Black / White,17.0,4,8,G.Skill
Kingston FURY Renegade Pro 128 GB,16969.59,"5,6000",Black,32.0,4,32,Kingston
G.Skill Ripjaws X 8 GB,504.6,"3,1333",Black / Red,9.0,1,8,G.Skill
G.Skill Flare X 64 GB,4829.59,"4,3200",Black,16.0,4,16,G.Skill
Patriot Viper Elite II 32 GB,1559.6,"4,3200",Red / Black,18.0,1,32,Patriot
Kingston FURY Renegade 16 GB,1938.6,"5,6400",Silver / White,32.0,1,16,Kingston
G.Skill Value 8 GB,476.0,"3,1600",Black,11.0,2,4,G.Skill
G.Skill NT 16 GB,1670.0,"4,2400",Black,15.0,2,8,G.Skill
Corsair Vengeance LED 32 GB,5187.2,"4,3333",Black,16.0,2,16,Corsair
Patriot Viper Steel 16 GB,1079.8,"4,3000",Silver / Black,16.0,2,8,Patriot
G.Skill Trident Z5 RGB 32 GB,3412.0,"5,6600",White / Black,34.0,2,16,G.Skill
Kingston FURY Renegade 16 GB,2901.0,"5,6000",White / Silver,32.0,1,16,Kingston
G.Skill Zeta R5 128 GB,32708.6,"5,6000",Black / White,30.0,8,16,G.Skill
G.Skill Ripjaws X 8 GB,1038.8,"3,2133",Black / Blue,9.0,2,4,G.Skill
G.Skill NT 8 GB,1180.0,"4,2133",Black,15.0,1,8,G.Skill
Corsair Vengeance RGB 32 GB,6025.2,"4,3000",Black,15.0,4,8,Corsair
Corsair Dominator Platinum RGB 16 GB,1810.4,"4,3200",Black,16.0,2,8,Corsair
Thermaltake H-ONE 16 GB,1436.8,"4,3200",Black / Silver,16.0,2,8,Thermaltake
Kingston FURY Beast RGB 16 GB,1961.8,"5,4800",Black,38.0,1,16,Kingston
Kingston FURY Renegade 128 GB,7599.8,"4,3200",Black,16.0,4,32,Kingston
Patriot Viper Venom RGB 16 GB,5787.2,"4,4000",Black,19.0,2,8,Patriot
Kingston Fury Renegade RGB 16 GB,2180.0,"5,7200",Silver / Black,38.0,1,16,Kingston
Kingston FURY Renegade 16 GB,1944.0,"5,6800",Silver / White,36.0,1,16,Kingston
Kingston FURY Beast RGB 16 GB,1610.4,"5,6400",Black,32.0,1,16,Kingston
TEAMGROUP Elite 32 GB,1379.6,"4,2666",Black,19.0,2,16,TeamGroup
Silicon Power SP008GLSTU160N02 8 GB,319.8,"3,1600",Green,11.0,1,8,Silicon Power
Mushkin Redline 64 GB,2999.8,"5,4800",Black,40.0,2,32,Mushkin
G.Skill Ripjaws M5 RGB 64 GB,4199.8,"5,6000",Black,32.0,2,32,G.Skill
G.Skill Trident Z RGB 32 GB,8980.0,"4,4133",Black,17.0,4,8,G.Skill
G.Skill Trident Z 32 GB,2980.0,"4,3200",Silver / Black,16.0,2,16,G.Skill
G.Skill Ripjaws X 8 GB,503.6,"3,1600",Black / Red,10.0,1,8,G.Skill
G.Skill Ripjaws X 16 GB,1983.6,"3,2133",Black / Blue,10.0,2,8,G.Skill
PNY NHS 8 GB,359.6,"3,1600",Black / Green,11.0,1,8,PNY
Corsair Vengeance LPX 16 GB,1791.4,"4,3600",Black / Yellow,20.0,2,8,Corsair
G.Skill Aegis 16 GB,1194.4,"4,2400",Black / Red,17.0,1,16,G.Skill
Kingston FURY Beast 8 GB,1351.2,"4,3200",Black / Silver,16.0,2,4,Kingston
Patriot Viper Venom RGB 32 GB,4035.0,"5,6600",Black / White,40.0,2,16,Patriot
G.Skill Ripjaws X 8 GB,545.2,"3,1333",Black / Red,9.0,2,4,G.Skill
Patriot Signature 8 GB,2451.39,"3,1600",Green,11.0,1,8,Patriot
G.Skill Sniper Gaming 16 GB,1079.2,"3,1866",Black / Red,10.0,2,8,G.Skill
Corsair Vengeance LED 16 GB,3400.0,"4,2400",Black / White,16.0,2,8,Corsair
Thermaltake TOUGHRAM RGB 16 GB,3075.8,"4,4400",Black / Silver,19.0,2,8,Thermaltake
Kingston ValueRAM 8 GB,528.6,"4,2666",Green,19.0,1,8,Kingston
Kingston FURY Renegade 64 GB,4399.8,"4,3600",Black,18.0,2,32,Kingston
Corsair CMV4GX3M1A1333C9 4 GB,639.6,"3,1333",Black / Silver,9.0,1,4,Corsair
G.Skill F3-12800CL9D-4GBSQ 4 GB,432.8,"3,1600",Green,9.0,2,2,G.Skill
Corsair Vengeance 8 GB,819.8,"3,1600",Black / Silver,9.0,1,8,Corsair
Corsair XMS3 4 GB,727.0,"3,1600",Black / White,11.0,1,4,Corsair
G.Skill Ripjaws 32 GB,1606.2,"4,2400",Red,15.0,4,8,G.Skill
Kingston D2G72M151 16 GB,3991.8,"4,2133",Black / Green,15.0,1,16,Kingston
Micron MT16KTF1G64AZ-1G6E1 8 GB,495.2,"3,1600",Green,11.0,1,8,Micron
TEAMGROUP T-Force Xtreem ARGB 16 GB,5594.6,"4,3200",White,14.0,2,8,TeamGroup
Kingston KSM48R40BD8KMM-32HMR 32 GB,4001.8,"5,4800",Green,40.0,1,32,Kingston
Kingston Fury Renegade RGB 16 GB,2235.2,"5,7600",Silver / Black,38.0,1,16,Kingston
V-Color TRA548G64D832O 384 GB,62599.8,"5,6400",Black,32.0,8,48,V-Color
TEAMGROUP Elite 32 GB,1527.4,"4,3200",Black,22.0,1,32,TeamGroup
Crucial CT2K8G4SFS8266 16 GB,749.8,"4,2666",Green / Black,19.0,2,8,Crucial
Crucial CT2K8G3S160BM 16 GB,569.0,"3,1600",Black / Green,11.0,2,8,Crucial
Crucial CT2K16G4SFD8213 32 GB,1400.0,"4,2133",Black / Green,15.0,2,16,Crucial
G.Skill Trident Z Neo 16 GB,6499.8,"4,3600",Black / Silver,14.0,2,8,G.Skill
Kingston FURY Beast RGB 32 GB,2994.2,"5,6400",White,32.0,1,32,Kingston
Kingston KVR16R11D4/8I 8 GB,239.8,"3,1600",Green,11.0,1,8,Kingston
TEAMGROUP T-Force Vulcan 32 GB,1799.8,"5,6400",Red,40.0,2,16,TeamGroup
Corsair Dominator Platinum RGB 32 GB,3259.8,"5,6200",Black,36.0,2,16,Corsair
ADATA XPG SPECTRIX D50 32 GB,2170.4,"4,3600",Black,18.0,1,32,ADATA
Kingston FURY Renegade Pro 16 GB,2599.2,"5,6400",Black / Gray,32.0,1,16,Kingston
Kingston ValueRAM 16 GB,1175.59,"4,2400",Black / Green,17.0,1,16,Kingston
Corsair Vengeance LPX 16 GB,2470.0,"4,3000",Black / Yellow,16.0,4,4,Corsair
G.Skill Trident Z 16 GB,2180.0,"4,3200",Black / White,15.0,2,8,G.Skill
G.Skill Trident Z Neo 32 GB,5980.0,"4,3200",Black / Silver,14.0,4,8,G.Skill
G.Skill Trident Z5 RGB 32 GB,4093.6,"5,5600",Silver / Black,36.0,2,16,G.Skill
Corsair Vengeance RGB Pro SL 64 GB,5619.8,"4,3200",Black,16.0,4,16,Corsair
Patriot Signature Line 16 GB,799.8,"4,2666",Black,19.0,1,16,Patriot
Timetec PINNACLE Konduit 32 GB,1399.8,"4,3200",White,16.0,1,32,Timetec
G.Skill Ripjaws 4 GB,501.8,"3,1600",Black / Red,9.0,2,2,G.Skill
Corsair XMS 64 GB,6816.79,"3,1333",Black / Silver,9.0,8,8,Corsair
Kingston KVR13N9K2/16 16 GB,1990.0,"3,1333",Green,9.0,2,8,Kingston
Kingston KCP421NS8/8 8 GB,797.0,"4,2133",Black / Green,15.0,1,8,Kingston
G.Skill Trident Z 64 GB,17542.2,"4,3200",Black / Yellow,16.0,8,8,G.Skill
G.Skill Trident Z 16 GB,1130.4,"4,3200",Silver / Black,16.0,2,8,G.Skill
Crucial CT16G4XFD8266 16 GB,1397.8,"4,2666",Green / Black,19.0,1,16,Crucial
G.Skill F4-3600C17Q2-128GTZSW 128 GB,9932.79,"4,3600",Gray / White,17.0,8,16,G.Skill
Thermaltake TOUGHRAM XG RGB 32 GB,5999.8,"4,3600",Black / Silver,18.0,2,16,Thermaltake
Thermaltake TOUGHRAM XG RGB 32 GB,6099.6,"4,3600",White / Silver,18.0,2,16,Thermaltake
Kingston FURY Renegade 32 GB,2813.0,"5,6400",Silver / Black,32.0,1,32,Kingston
TEAMGROUP T-Force Vulcan 32 GB,1759.8,"5,5600",Red,36.0,2,16,TeamGroup
Crucial CT8G56C46S5 8 GB,519.6,"5,5600",Black,46.0,1,8,Crucial
G.Skill Ripjaws 16 GB,799.8,"4,2666",Green,19.0,2,8,G.Skill
Kingston FURY Beast RGB 32 GB,2591.6,"5,6000",White,30.0,1,32,Kingston
TEAMGROUP Elite 16 GB,919.8,"4,2666",Black,19.0,1,16,TeamGroup
Corsair ValueSelect 4 GB,397.2,"4,2133",Black / Yellow,15.0,1,4,Corsair
G.Skill F4-3200C16D-32GTZ 32 GB,1806.6,"4,3200",Gray / Red,16.0,2,16,G.Skill
Kingston FURY Renegade Pro 64 GB,10300.0,"5,6000",Black,32.0,4,16,Kingston
GeIL EVO V RGB 32 GB,4419.8,"5,8000",White,38.0,2,16,GeIL
Samsung M471A1K43BB1-CRC 8 GB,460.0,"4,2400",Green,17.0,1,8,Samsung
Corsair Vengeance Performance 16 GB,1259.8,"4,2400",Black / Yellow,16.0,1,16,Corsair
Corsair Dominator Platinum ROG Edition 32 GB,7029.8,"4,3200",Black / Red,16.0,4,8,Corsair
Corsair Dominator Platinum RGB 32 GB,3499.8,"4,3600",Black,18.0,4,8,Corsair
TEAMGROUP Elite Plus 16 GB,919.8,"5,4800",Black,40.0,1,16,TeamGroup
Corsair CMV8GX3M2A1333C9 8 GB,782.2,"3,1333",Green,9.0,2,4,Corsair
Corsair CMV16GX3M2A1600C11 16 GB,1590.8,"3,1600",Green,9.0,2,8,Corsair
Silicon Power SP004GBLTU160N02 4 GB,260.59,"3,1600",Black / Green,11.0,1,4,Silicon Power
G.Skill NT 8 GB,1848.0,"4,2400",Black,15.0,1,8,G.Skill
Corsair Dominator Platinum RGB 16 GB,1775.0,"4,3600",White,18.0,2,8,Corsair
Kingston FURY Renegade 16 GB,2119.6,"5,7600",Silver / Black,38.0,1,16,Kingston
Kingston FURY Renegade 32 GB,3799.8,"5,7200",Silver / White,38.0,2,16,Kingston
Kingston FURY Renegade Pro 256 GB,31360.0,"5,5600",Black,28.0,8,32,Kingston
Kingston FURY Beast RGB 16 GB,2257.0,"5,6400",White,32.0,1,16,Kingston
Kingston ValueRAM 2 GB,776.4,"2,667",Green,5.0,2,1,Kingston
Patriot Viper Xtreme 6 GB,1718.19,"3,2000",Black / Silver,9.0,3,2,Patriot
G.Skill Ripjaws X 8 GB,907.0,"3,1866",Black / Red,9.0,2,4,G.Skill
Crucial CT2K4G4DFS8213 8 GB,1399.6,"4,2133",Black / Green,15.0,2,4,Crucial
Kingston KVR16N11S8K2/8 8 GB,700.0,"3,1600",Green,11.0,2,4,Kingston
Kingston Savage 16 GB,7780.0,"4,3000",Black,15.0,2,8,Kingston
Corsair Vengeance LED 64 GB,9992.2,"4,2666",Black / Red,16.0,4,16,Corsair
Patriot Signature Line 8 GB,539.79,"4,2400",Green / Black,17.0,1,8,Patriot
Crucial CT2K8G4RFS424A 16 GB,2399.79,"4,2400",Green / Black,17.0,2,8,Crucial
G.Skill Trident Z Royal 16 GB,5580.0,"4,4400",Gold,18.0,2,8,G.Skill
G.Skill Trident Z Royal 64 GB,5182.0,"4,4000",Silver,18.0,2,32,G.Skill
Kingston FURY Beast 32 GB,4249.8,"5,4800",Black,38.0,1,32,Kingston
Kingston Fury Renegade RGB 8 GB,1259.8,"4,3600",Black,16.0,1,8,Kingston
Kingston ValueRAM 8 GB,703.0,"4,2666",Green,19.0,1,8,Kingston
Kingston FURY Impact 16 GB,1454.6,"5,4800",Black,38.0,2,8,Kingston
Kingston FURY Renegade Pro 256 GB,28500.0,"5,4800",Black,36.0,8,32,Kingston
G.Skill Ripjaws 32 GB,1539.6,"4,2400",Black / Blue,16.0,2,16,G.Skill
Crucial CT16G4SFD824A 16 GB,679.4,"4,2400",Black / Green,17.0,1,16,Crucial
Corsair Vengeance Performance 16 GB,1339.6,"4,2400",Black,16.0,2,8,Corsair
HP 647901-B21 16 GB,560.0,"3,1333",Black / Green,9.0,1,16,HP
Crucial CT16G4SFD8266 16 GB,709.8,"4,2666",Green / Black,19.0,1,16,Crucial
Patriot Signature Line 4 GB,335.0,"3,1600",Black / Green,11.0,1,4,Patriot
G.Skill Ripjaws V 16 GB,2580.0,"4,3200",Black,16.0,2,8,G.Skill
Corsair Dominator Platinum RGB 32 GB,3154.2,"4,4000",Black,18.0,2,16,Corsair
Kingston FURY Renegade Pro 128 GB,14900.0,"5,5600",Black,36.0,4,32,Kingston
G.Skill Sniper X 32 GB,2115.0,"4,3200",Black / Camo,16.0,2,16,G.Skill
G.Skill Trident Z5 RGB 32 GB,4584.2,"5,6000",White / Black,32.0,2,16,G.Skill
OCZ Fatal1ty Edition 4 GB,2399.19,"2,800",Black,5.0,2,2,OCZ
G.Skill Ares 8 GB,1199.8,"3,1600",Black / Blue,9.0,2,4,G.Skill
Crucial CT16G4RFD8266 16 GB,839.0,"4,2666",Green / Black,19.0,1,16,Crucial
Kingston FURY Renegade Pro 64 GB,8800.0,"5,5600",Black,28.0,4,16,Kingston
Kingston ValueRAM 48 GB,1499.6,"3,1600",Black / Green,11.0,3,16,Kingston
Samsung M393B5170FH0-CH9 4 GB,235.39,"3,1333",Black / Green,9.0,1,4,Samsung
G.Skill Trident Z RGB 128 GB,9176.6,"4,3600",Black,16.0,4,32,G.Skill
Kingston HyperX 8 GB,2490.4,"3,1600",Blue / Silver,9.0,2,4,Kingston
G.Skill Ares 16 GB,1296.8,"3,1600",Black / Orange,9.0,4,4,G.Skill
G.Skill Ares 16 GB,1064.4,"3,1600",Black / Red,9.0,2,8,G.Skill
Kingston KVR21N15D8/8 8 GB,1000.0,"4,2133",Black / Green,15.0,1,8,Kingston
Patriot Viper 4 16 GB,1649.8,"4,2400",Black / Red,15.0,2,8,Patriot
PNY XLR8 Gaming EPIC-X RGB 16 GB,1719.8,"4,4000",Black,18.0,2,8,PNY
Corsair Dominator Platinum RGB 64 GB,4599.8,"5,5600",Black,40.0,2,32,Corsair
Kingston FURY Impact 8 GB,854.8,"4,3200",Black,20.0,1,8,Kingston
Kingston FURY Renegade 32 GB,4069.4,"5,7600",Silver / White,38.0,2,16,Kingston
G.Skill Ares 16 GB,1980.4,"3,2133",Black / Blue,10.0,2,8,G.Skill
Transcend JetRam 8 GB,922.0,"3,1600",Black / Green,11.0,1,8,Transcend
Silicon Power SP008GBLTU160N02 8 GB,396.0,"3,1600",Black / Green,11.0,1,8,Silicon Power
Mushkin Essentials 8 GB,568.6,"4,2133",Black / Green,15.0,2,4,Mushkin
Kingston ValueRAM 4 GB,599.79,"4,2133",Black / Green,15.0,1,4,Kingston
Kingston KCP316ND8/8 8 GB,399.6,"3,1600",Black / Green,11.0,1,8,Kingston
Crucial CT4K16G4DFD8266 64 GB,5271.0,"4,2666",Green,19.0,4,16,Crucial
Corsair Vengeance RGB 16 GB,2725.0,"4,3200",Black,16.0,2,8,Corsair
Samsung M393A1G40EB1-CRC 8 GB,352.4,"4,2400",Green / Black,17.0,1,8,Samsung
Crucial CT16G4WFD8266 16 GB,1755.4,"4,2666",Green,19.0,1,16,Crucial
Crucial Ballistix Sport AT 16 GB,1799.8,"4,2666",Silver / Black,16.0,1,16,Crucial
Crucial CT4K8G4DFD824A 32 GB,2577.6,"4,2400",Green / Black,17.0,4,8,Crucial
Kingston Fury Renegade RGB 32 GB,2179.79,"4,3200",Black / Silver,16.0,1,32,Kingston
Kingston FURY Renegade 8 GB,2351.8,"4,3600",Black,16.0,1,8,Kingston
G.Skill Ripjaws V 256 GB,15363.8,"4,2666",Red,19.0,8,32,G.Skill
Corsair Vengeance RGB Pro SL 16 GB,1959.8,"4,4000",Black,18.0,2,8,Corsair
Kingston FURY Renegade 16 GB,1603.6,"5,7200",Silver / Black,38.0,1,16,Kingston
Kingston FURY Renegade 16 GB,1545.4,"5,6800",Silver / Black,36.0,1,16,Kingston
Kingston FURY 16 GB,2291.0,"5,5600",White,40.0,1,16,Kingston
G.Skill Ripjaws S5 48 GB,4473.6,"5,5600",Black,40.0,2,24,G.Skill
Mushkin Essentials 64 GB,5753.6,"4,3200",Green / Black,22.0,2,32,Mushkin
Crucial CT8G4SFS8266 8 GB,397.8,"4,2666",Green / Black,19.0,1,8,Crucial
Crucial CT2K32G4SFD8266 64 GB,4327.6,"4,2666",Green / Black,19.0,2,32,Crucial
Lexar LD4AS016G-B3200GSST 16 GB,1645.6,"4,3200",Black,22.0,1,16,Lexar
Crucial CT32G4RFD4213 32 GB,1179.59,"4,2133",Green / Black,15.0,1,32,Crucial
Mushkin Redline 96 GB,4499.8,"5,4800",Black,40.0,2,48,Mushkin
Crucial CT2K8G4DFD824A 16 GB,780.0,"4,2400",Green,17.0,2,8,Crucial
Kingston FURY Renegade Pro 64 GB,8700.0,"5,4800",Black,36.0,4,16,Kingston
G.Skill Ares 32 GB,2535.0,"3,2133",Black / Red,11.0,4,8,G.Skill
Corsair ValueSelect 8 GB,733.4,"4,2133",Black / Yellow,15.0,1,8,Corsair
Kingston Fury Renegade RGB 32 GB,2318.6,"4,3600",Black,18.0,1,32,Kingston
IBM 00D4968 16 GB,1499.6,"3,1600",Black / Green,11.0,1,16,IBM
Lexar Hades RGB 16 GB,1399.6,"4,3600",Black,18.0,2,8,Lexar
Kingston FURY Renegade 16 GB,1719.8,"5,6400",White / Silver,32.0,1,16,Kingston
Corsair Vengeance 4 GB,719.59,"3,1600",Black / Silver,9.0,1,4,Corsair
Mushkin Essentials 8 GB,489.4,"3,1600",Green,11.0,2,4,Mushkin
G.Skill Ares 16 GB,855.4,"3,1600",Black / Orange,10.0,2,8,G.Skill
G.Skill Trident X 8 GB,1191.59,"3,2400",Black / Red,10.0,2,4,G.Skill
Kingston KVR16LS11/8 8 GB,472.6,"3,1600",Green,11.0,1,8,Kingston
G.Skill Aegis 32 GB,2220.2,"4,2133",Black / Red,15.0,4,8,G.Skill
Crucial CT4K8G4DFS8213 32 GB,3180.0,"4,2133",Black / Green,15.0,4,8,Crucial
Thermaltake TOUGHRAM XG RGB 16 GB,3099.6,"4,3600",Black / Silver,18.0,2,8,Thermaltake
Kingston FURY Renegade 32 GB,5199.6,"5,6000",White / Silver,32.0,2,16,Kingston
Crucial CT2K32G4DFD8266 64 GB,3580.0,"4,2666",Green,19.0,2,32,Crucial
Kingston FURY Renegade Pro 32 GB,4078.0,"5,6000",Black,32.0,1,32,Kingston
Kingston FURY Renegade Pro 32 GB,4831.0,"5,6400",Black,32.0,1,32,Kingston
Kingston FURY Renegade Pro 64 GB,8179.0,"5,5600",Black,36.0,4,16,Kingston
TEAMGROUP T-Force Vulcan 64 GB,3399.8,"5,5600",Black,38.0,2,32,TeamGroup
Kingston ValueRAM 2 GB,385.0,"2,800",Green,5.0,1,2,Kingston
Kingston HyperX 16 GB,5537.79,"3,1600",Blue / Silver,9.0,4,4,Kingston
Patriot Viper Xtreme 4 GB,1339.6,"3,2000",Black / Silver,9.0,2,2,Patriot
Kingston KVR1333D3N9K2/8G 8 GB,990.0,"3,1333",Green,9.0,2,4,Kingston
Kingston KVR1333D3S8N9/2G 2 GB,488.4,"3,1333",Green,9.0,1,2,Kingston
G.Skill Ripjaws Z 32 GB,2591.39,"3,1600",Black / Red,9.0,8,4,G.Skill
G.Skill Ares 8 GB,703.4,"3,1600",Black / Orange,9.0,2,4,G.Skill
Kingston KVR16N11S6/2 2 GB,1925.2,"3,1600",Black / Green,11.0,1,2,Kingston
Mushkin Essentials 32 GB,2567.6,"4,2133",Black / Green,15.0,2,16,Mushkin
Crucial CT8G4WFS824A 8 GB,2128.4,"4,2400",Green,17.0,1,8,Crucial
Crucial CT16G4TFD8266 16 GB,1799.8,"4,2666",Green / Black,19.0,1,16,Crucial
Mushkin Silverline 32 GB,2279.79,"4,3200",Silver,22.0,1,32,Mushkin
Thermaltake TOUGHRAM XG RGB 64 GB,10899.6,"4,3600",White / Silver,18.0,2,32,Thermaltake
Corsair WS 64 GB,10079.79,"5,5600",Black / Green,40.0,4,16,Corsair
Kingston FURY Renegade Pro 256 GB,30080.0,"5,5600",Black,36.0,8,32,Kingston
TEAMGROUP Xtreem ARGB 32 GB,2399.79,"5,6400",White,32.0,2,16,TeamGroup
Kingston FURY 32 GB,2043.6,"5,5200",White,40.0,1,32,Kingston
G.Skill Ripjaws 16 GB,844.0,"4,2400",Black,16.0,2,8,G.Skill
Crucial CT16G4RFD424A 16 GB,779.8,"4,2400",Green / Black,17.0,1,16,Crucial
Patriot Viper Steel 16 GB,779.8,"4,2400",Black,18.0,1,16,Patriot
Kingston FURY Impact 32 GB,4046.6,"4,2666",Black,16.0,1,32,Kingston
TEAMGROUP T-Create Master 64 GB,9019.79,"5,6400",Black,32.0,4,16,TeamGroup
G.Skill Ares 8 GB,785.8,"3,2400",Black / Blue,11.0,2,4,G.Skill
G.Skill Aegis 16 GB,1367.8,"4,2133",Black / Red,15.0,4,4,G.Skill
VisionTek 900848 16 GB,3100.8,"3,1600",Green / Black,11.0,1,16,VisionTek
Mushkin Redline 16 GB,1153.0,"4,3600",White,16.0,2,8,Mushkin
Mushkin Redline Lumina 16 GB,1419.6,"4,2666",Black,16.0,2,8,Mushkin
Kingston ValueRAM 1 GB,607.2,"2,800",Green,5.0,1,1,Kingston
G.Skill Ripjaws X 16 GB,2440.4,"3,1866",Black / Red,9.0,4,4,G.Skill
Crucial CT32G3ELSDQ4186D 32 GB,1179.8,"3,1866",Blue / Silver,11.0,1,32,Crucial
Kingston KVR16E11S8/4 4 GB,578.2,"3,1600",Green,11.0,1,4,Kingston
Corsair Vengeance Performance 8 GB,679.8,"4,2400",Black / Yellow,16.0,1,8,Corsair
G.Skill Trident Z 16 GB,2980.0,"4,4266",Silver / Red,19.0,2,8,G.Skill
G.Skill Trident Z Royal 64 GB,4980.0,"4,2666",Silver,18.0,2,32,G.Skill
G.Skill Ripjaws V 64 GB,11380.0,"4,4000",Black,15.0,8,8,G.Skill
V-Color TRA548G64D832Q 192 GB,25999.8,"5,6400",White,32.0,4,48,V-Color
G.Skill Zeta R5 Neo 64 GB,15267.8,"5,6000",Black,30.0,4,16,G.Skill
Corsair XMS2 4 GB,2100.0,"2,800",Black / White,5.0,2,2,Corsair
Corsair XMS2 2 GB,599.0,"2,800",Black / White,5.0,2,1,Corsair
Crucial CT25664BA1067 2 GB,399.6,"3,1066",Green,7.0,1,2,Crucial
Patriot Extreme Performance 4 GB,1863.4,"2,800",Black / Green,5.0,2,2,Patriot
"Patriot Viper Xtreme Series, Division 2 4 GB",1046.4,"3,1600",Black / Silver,8.0,2,2,Patriot
Kingston KVR1333D3N9K3/12G 12 GB,1799.8,"3,1333",Green,9.0,3,4,Kingston
Patriot Signature 4 GB,1768.0,"3,1333",Green,9.0,1,4,Patriot
Kingston Value 1 GB,459.79,"2,400",Green,3.0,1,1,Kingston
G.Skill Ripjaws Z 32 GB,3920.2,"3,2133",Black / Blue,9.0,8,4,G.Skill
Mushkin Essentials 4 GB,530.79,"3,1600",Green,11.0,2,2,Mushkin
Kingston KHX1600C9D3LK2/8GX 8 GB,999.8,"3,1600",Green / Silver,9.0,2,4,Kingston
G.Skill Ripjaws X 8 GB,547.6,"3,1600",Black / Blue,9.0,1,8,G.Skill
"Patriot Viper Xtreme Series, Division 4 16 GB",4400.0,"3,2133",Black / Silver,11.0,4,4,Patriot
G.Skill NS 4 GB,387.8,"3,1333",Black,9.0,1,4,G.Skill
Crucial CT2K2G3S1067M 4 GB,719.8,"3,1066",Black / Green,7.0,2,2,Crucial
G.Skill Value 16 GB,1364.4,"4,2133",Black,15.0,4,4,G.Skill
Crucial CT4G4RFS8213 4 GB,999.8,"4,2133",Black / Green,15.0,1,4,Crucial
Kingston KVR1333D3N9K4/32G 32 GB,2942.0,"3,1333",Green,9.0,4,8,Kingston
Crucial CT2K102464BF186D 16 GB,573.6,"3,1866",Black / Green,13.0,2,8,Crucial
Kingston KCP313NS8/4 4 GB,593.4,"3,1333",Black / Green,9.0,1,4,Kingston
G.Skill Trident Z RGB 32 GB,6980.0,"4,4000",Black,17.0,4,8,G.Skill
G.Skill Trident Z Royal 16 GB,4180.0,"4,3600",Silver,16.0,2,8,G.Skill
G.Skill Trident Z 16 GB,2980.0,"4,4133",Silver / Red,19.0,2,8,G.Skill
Mushkin Redline 16 GB,1435.6,"4,3200",Red / Silver,16.0,2,8,Mushkin
Antec Katana RGB 16 GB,2001.4,"4,3200",Black,16.0,2,8,Antec
TEAMGROUP T-Force Xtreem ARGB 16 GB,1962.4,"4,3200",White,16.0,2,8,TeamGroup
Mushkin Redline Lumina 32 GB,3013.6,"4,3600",White,18.0,2,16,Mushkin
Mushkin Redline Lumina 16 GB,1147.39,"4,3600",White,18.0,2,8,Mushkin
G.Skill F4-3600C16Q2-64GTZKK 64 GB,8516.2,"4,3600",Black,16.0,8,8,G.Skill
Thermaltake TOUGHRAM XG RGB 16 GB,3499.6,"4,4000",Black / Silver,19.0,2,8,Thermaltake
G.Skill Zeta R5 64 GB,12424.2,"5,6400",Black / White,32.0,4,16,G.Skill
G.Skill Ripjaws S5 48 GB,4065.6,"5,6000",Black,40.0,2,24,G.Skill
Samsung M393B1G70BH0-CK0 8 GB,519.79,"3,1600",Green,11.0,1,8,Samsung
Silicon Power SP064GBLVU560FD2AD 64 GB,3744.6,"5,5600",Black,46.0,2,32,Silicon Power
V-Color TRA548G68D834Q 192 GB,33399.8,"5,6800",White,34.0,4,48,V-Color
Kingston FURY Renegade 16 GB,2119.6,"5,7600",Silver / White,38.0,1,16,Kingston
Corsair WS 128 GB,18859.8,"5,5600",Black / Green,40.0,4,32,Corsair
Kingston FURY Renegade Pro 128 GB,20700.0,"5,6400",Black,32.0,4,32,Kingston
Kingston FURY Renegade Pro 128 GB,29568.0,"5,5600",Black,28.0,8,16,Kingston
Kingston FURY Renegade Pro 256 GB,36860.0,"5,6400",Black,32.0,8,32,Kingston
Kingston FURY Impact 32 GB,1400.0,"4,3200",Black,20.0,1,32,Kingston
Crucial CT2K16G4SFD8266 32 GB,1700.0,"4,2666",Green / Black,19.0,2,16,Crucial
Corsair ValueSelect 16 GB,1379.6,"4,2133",Black / Yellow,15.0,2,8,Corsair
Mushkin Redline 96 GB,4799.8,"5,5600",Black,46.0,2,48,Mushkin
Kingston FURY Impact 8 GB,759.8,"5,4800",Black,38.0,1,8,Kingston
Kingston FURY Impact 16 GB,1084.59,"5,4800",Black,38.0,1,16,Kingston
Samsung M393B2G70DB0-CMA 16 GB,675.8,"3,1866",Black / Green,13.0,1,16,Samsung
Corsair Vengeance 16 GB,1779.8,"3,1600",Black / Silver,9.0,2,8,Corsair
Crucial CT2KIT102464BF160B 16 GB,500.0,"3,1600",Green,11.0,2,8,Crucial
G.Skill Ripjaws 32 GB,1599.8,"5,4800",Black / Silver,40.0,2,16,G.Skill
Corsair Vengeance Performance 8 GB,879.59,"4,2666",Black / Yellow,18.0,1,8,Corsair
G.Skill Ripjaws V 16 GB,3299.0,"4,2666",Blue,15.0,2,8,G.Skill
Kingston KCP424SD8/16 16 GB,839.8,"4,2400",Green / Black,17.0,1,16,Kingston
Kingston ValueRAM 16 GB,1175.59,"4,2400",Green / Black,17.0,1,16,Kingston
G.Skill Trident Z Neo 32 GB,1852.8,"4,3000",Silver / Black,16.0,2,16,G.Skill
Corsair XMS2 2 GB,1499.0,"2,800",Black / Purple,4.0,2,1,Corsair
G.Skill Ripjaws 4 GB,343.2,"3,1333",Black / Red,9.0,1,4,G.Skill
Patriot Viper Xtreme Division 4 8 GB,3000.0,"3,1866",Black / Silver,9.0,4,2,Patriot
Corsair Vengeance 8 GB,1785.2,"3,2133",Black / Red,9.0,2,4,Corsair
Kingston ValueRAM 16 GB,1199.8,"4,2133",Green,15.0,1,16,Kingston
Mushkin Redline Lumina 16 GB,1333.8,"4,4133",Black,19.0,2,8,Mushkin
Silicon Power SP032GBLVU560F22 32 GB,2181.19,"5,5600",Black,46.0,2,16,Silicon Power
Corsair WS 64 GB,11239.8,"5,6400",Black,32.0,4,16,Corsair
TEAMGROUP T-Create Classic 64 GB,3599.8,"5,5600",Black,46.0,2,32,TeamGroup
V-Color TRA532G60S432Q 128 GB,17279.8,"5,6000",White,32.0,4,32,V-Color
Kingston Fury Renegade RGB 32 GB,3778.2,"5,6400",Silver / White,32.0,1,32,Kingston
Kingston FURY Renegade Pro 32 GB,4602.2,"5,6400",Black,32.0,1,32,Kingston
Kingston FURY Renegade Pro 32 GB,5694.4,"5,6800",Black,34.0,1,32,Kingston
Corsair XMS2 2 GB,1898.0,"2,800",Black / Purple,4.0,2,1,Corsair
Corsair XMS2 4 GB,1015.4,"2,800",Black / Blue,5.0,2,2,Corsair
Crucial CT2KIT12864AA800 2 GB,499.79,"2,800",Green,6.0,2,1,Crucial
Kingston ValueRAM 2 GB,347.8,"2,667",Green,5.0,1,2,Kingston
G.Skill Ripjaws 4 GB,402.0,"3,1600",Black / Red,9.0,1,4,G.Skill
Patriot Viper Xtreme 8 GB,1905.8,"3,2000",Black / Silver,9.0,2,4,Patriot
G.Skill Value 8 GB,407.6,"3,1333",Black,9.0,1,8,G.Skill
Corsair CMV8GX3M2A1600C11 8 GB,1059.59,"3,1600",Green,11.0,2,4,Corsair
Kingston KVR13N9S8K2/8 8 GB,999.8,"3,1333",Green,9.0,2,4,Kingston
Corsair Mac Memory 4 GB,317.39,"3,1333",Black / Green,9.0,1,4,Corsair
G.Skill FA-1333C9Q-32GSQ 32 GB,1618.19,"3,1333",Black / Green,9.0,4,8,G.Skill
Patriot Viper 4 8 GB,1193.59,"4,2800",Black / Red,16.0,2,4,Patriot
G.Skill Ripjaws 4 GB,423.6,"4,2666",Black / Blue,18.0,1,4,G.Skill
Crucial CT102472BD160B 8 GB,842.6,"3,1600",Black / Green,11.0,1,8,Crucial
G.Skill Sniper X 32 GB,2029.8,"4,2400",Black / Camo,17.0,2,16,G.Skill
G.Skill Sniper X 16 GB,7863.4,"4,3400",Camo / Black,16.0,2,8,G.Skill
Corsair Vengeance RGB Pro 64 GB,7960.0,"4,3600",Black,18.0,4,16,Corsair
Kingston KSM24RS8/8MEI 8 GB,964.59,"4,2400",Green / Black,17.0,1,8,Kingston
Kingston KCP426NS6/4 4 GB,424.6,"4,2666",Green / Black,19.0,1,4,Kingston
Thermaltake TOUGHRAM 16 GB,2512.4,"4,3600",Black / Silver,18.0,2,8,Thermaltake
Thermaltake TOUGHRAM 16 GB,3999.8,"4,4400",White / Silver,19.0,2,8,Thermaltake
G.Skill Trident Z Royal 128 GB,7761.0,"4,3200",Silver,16.0,4,32,G.Skill
Kingston KSM24ED8/16ME 16 GB,1580.0,"4,2400",Green / Black,17.0,1,16,Kingston
G.Skill Trident Z RGB 32 GB,4980.0,"4,3733",Black,17.0,2,16,G.Skill
G.Skill Ripjaws V 32 GB,4211.8,"4,4000",Red,17.0,4,8,G.Skill
G.Skill Zeta R5 128 GB,18599.8,"5,6400",Black / White,32.0,8,16,G.Skill
Kingston FURY Renegade Pro 16 GB,3180.4,"5,6800",Black,34.0,1,16,Kingston
Kingston FURY Renegade Pro 16 GB,4281.2,"5,5600",Black,38.0,1,16,Kingston
Kingston FURY Renegade Pro 32 GB,4474.59,"5,6000",Black,32.0,1,32,Kingston
Kingston FURY Renegade Pro 64 GB,9645.0,"5,6000",Black,32.0,4,16,Kingston
Kingston FURY Renegade Pro 128 GB,20600.0,"5,6400",Black,32.0,8,16,Kingston
V-Color TRA524G70S834O 192 GB,38199.8,"5,7000",Black,34.0,8,24,V-Color
V-Color TRA524G56S836O 192 GB,24759.8,"5,5600",Black,36.0,8,24,V-Color
Mushkin Essentials 16 GB,805.2,"4,2666",Green / Black,19.0,1,16,Mushkin
Kingston FURY Beast 16 GB,2660.4,"5,6400",White,32.0,1,16,Kingston
Kingston FURY Impact 64 GB,3719.8,"5,4800",Black,38.0,2,32,Kingston
Lexar LD4AS008G-B3200GSST 8 GB,1215.0,"4,3200",Black,22.0,1,8,Lexar
Kingston KVR26S19D8/16 16 GB,875.8,"4,2666",Green / Black,19.0,1,16,Kingston
Patriot Signature Line 8 GB,539.79,"4,2133",Green,15.0,1,8,Patriot
Kingston FURY Renegade Pro 16 GB,2330.8,"5,5600",Black,36.0,1,16,Kingston
Crucial CT32G4LFD424A 32 GB,1439.6,"4,2400",Green / Black,17.0,1,32,Crucial
Patriot Viper Steel RGB 32 GB,1719.8,"4,3200",Black,18.0,1,32,Patriot
Mushkin Redline 64 GB,2870.6,"5,4800",Black,40.0,2,32,Mushkin
Crucial CT2KIT51264BF160BJ 8 GB,1079.8,"3,1600",Black / Green,11.0,2,4,Crucial
Kingston KVR400D2D4R3/4G 4 GB,579.79,"2,400",Green,3.0,1,4,Kingston
Patriot Signature Line 64 GB,5105.0,"4,3200",Black,22.0,2,32,Patriot
Corsair Dominator Platinum 8 GB,3040.8,"3,2666",Black / Silver,11.0,2,4,Corsair
Crucial Ballistix Sport 32 GB,3299.8,"3,1600",Black / Silver,9.0,4,8,Crucial
Crucial CT32G4LFQ4213 32 GB,1650.0,"4,2133",Black / Green,15.0,1,32,Crucial
Crucial CT51264BF160B 4 GB,219.8,"3,1600",Black / Green,11.0,1,4,Crucial
Corsair Vengeance Performance 64 GB,5243.6,"4,2666",Black / Yellow,18.0,4,16,Corsair
Corsair Vengeance 8 GB,703.0,"4,2666",Black / Yellow,18.0,2,4,Corsair
G.Skill Trident Z RGB 32 GB,6980.0,"4,4000",Black,18.0,4,8,G.Skill
TEAMGROUP Elite 16 GB,919.8,"4,2666",Black,19.0,2,8,TeamGroup
G.Skill Trident Z 16 GB,2380.0,"4,4000",Silver / White,18.0,2,8,G.Skill
G.Skill Trident Z5 RGB 32 GB,2399.79,"5,6600",White / Black,34.0,2,16,G.Skill
Mushkin Silverline 16 GB,1176.4,"4,2400",Silver,17.0,1,16,Mushkin
G.Skill Ripjaws 32 GB,1699.8,"5,4800",Black / Silver,38.0,2,16,G.Skill
Kingston FURY Renegade 32 GB,2975.4,"5,6400",Silver / White,32.0,1,32,Kingston
Crucial CT2KIT25664BA1339 4 GB,499.79,"3,1333",Green,9.0,2,2,Crucial
Kingston ValueRAM 2 GB,339.6,"3,1066",Green,7.0,1,2,Kingston
Kingston ValueRAM 1 GB,499.0,"2,533",Green,4.0,1,1,Kingston
Kingston ValueRAM 1 GB,468.0,"2,533",Green,4.0,1,1,Kingston
OCZ Value 1 GB,699.0,"2,667",Green,5.0,1,1,OCZ
G.Skill Ripjaws 8 GB,581.19,"3,1333",Black / Red,9.0,2,4,G.Skill
Crucial CT51264BD1339 4 GB,522.2,"3,1333",Green,9.0,1,4,Crucial
G.Skill Sniper Gaming 16 GB,1993.19,"3,2133",Black / Red,9.0,4,4,G.Skill
Corsair Vengeance 4 GB,519.79,"3,1600",Black / Yellow,9.0,1,4,Corsair
Corsair CMV8GX3M1A1333C9 8 GB,939.59,"3,1333",Green,9.0,1,8,Corsair
Patriot Signature 8 GB,938.4,"3,1333",Blue / Silver,9.0,1,8,Patriot
Corsair Dominator Platinum 16 GB,5767.79,"3,2666",Black / Silver,11.0,4,4,Corsair
Crucial CT51264BA1339J 4 GB,487.4,"3,1333",Black / Green,9.0,1,4,Crucial
G.Skill Ripjaws 4 8 GB,755.0,"4,2400",Red,15.0,2,4,G.Skill
Crucial CT8G3ERSLD4160B 8 GB,339.6,"3,1600",Green,11.0,1,8,Crucial
Kingston KVR16E11/8 8 GB,626.79,"3,1600",Green,11.0,1,8,Kingston
Mushkin Essentials 8 GB,552.4,"4,2133",Black / Green,15.0,1,8,Mushkin
Crucial CT2K51264BD160BJ 8 GB,660.0,"3,1600",Black / Green,11.0,2,4,Crucial
G.Skill Trident Z 32 GB,2584.4,"4,3200",Red / Silver,16.0,4,8,G.Skill
Kingston HyperX Savage 8 GB,1352.2,"4,2133",Black / White,13.0,2,4,Kingston
Samsung M471B5273DH0-CH9 4 GB,519.6,"3,1333",Black / Green,9.0,1,4,Samsung
Corsair ValueSelect 8 GB,1126.4,"4,2133",Black / Yellow,15.0,2,4,Corsair
Kingston KCP316NS8/4 4 GB,503.2,"3,1600",Black / Green,11.0,1,4,Kingston
Crucial CT51272BA186DJ 4 GB,799.8,"3,1866",Black / Green,13.0,1,4,Crucial
Kingston KTD-PE426S8/8G 8 GB,1177.0,"4,2666",Green / Black,19.0,1,8,Kingston
G.Skill Ripjaws V 64 GB,4980.0,"4,3600",Red / Black,19.0,4,16,G.Skill
Corsair Vengeance LPX 32 GB,3747.0,"4,3333",Black / Yellow,16.0,4,8,Corsair
G.Skill Trident Z Royal 16 GB,4180.0,"4,4400",Silver,18.0,2,8,G.Skill
G.Skill Trident Z 16 GB,3780.0,"4,3466",Silver / White,16.0,2,8,G.Skill
Mushkin Essentials 32 GB,1603.4,"4,2666",Green / Black,19.0,1,32,Mushkin
G.Skill Trident Z5 RGB 32 GB,2483.4,"5,5600",Silver / Black,40.0,2,16,G.Skill
G.Skill Trident Z5 32 GB,2443.19,"5,5600",Black,40.0,2,16,G.Skill
Corsair Dominator Platinum RGB 32 GB,3667.6,"4,3200",Black,16.0,4,8,Corsair
V-Color XSky RGB 32 GB,3499.8,"5,6200",Black,36.0,2,16,V-Color
Mushkin Silverline 8 GB,1903.4,"4,2133",Silver,15.0,1,8,Mushkin
Patriot Signature Line 8 GB,499.79,"5,4800",Black,46.0,1,8,Patriot
Kingston FURY Renegade 16 GB,1982.6,"5,6000",White / Silver,32.0,1,16,Kingston
Kingston KTD-PE426E/8G 8 GB,979.8,"4,2666",Green,19.0,1,8,Kingston
TEAMGROUP T-Create Master 128 GB,19999.8,"5,6400",Black,32.0,8,16,TeamGroup
V-Color TRA516G72S834Q 64 GB,15919.8,"5,7200",White,34.0,4,16,V-Color
V-Color TRA532G56S436Q 128 GB,15919.8,"5,5600",White,36.0,4,32,V-Color
V-Color TRA532G64D832Q 128 GB,21119.8,"5,6400",White,32.0,4,32,V-Color
V-Color TRA548G56D846Q 192 GB,25999.8,"5,5600",White,46.0,4,48,V-Color
Kingston FURY Renegade Pro 16 GB,4300.0,"5,6400",Black,32.0,1,16,Kingston
Kingston FURY Renegade Pro 64 GB,11380.0,"5,6400",Black,32.0,4,16,Kingston
Kingston FURY Renegade Pro 64 GB,13980.0,"5,6800",Black,48.0,4,16,Kingston
Kingston FURY Renegade Pro 128 GB,18780.0,"5,6000",Black,32.0,8,16,Kingston
Corsair Vengeance Performance 16 GB,1339.6,"4,2666",Black / Yellow,18.0,2,8,Corsair
Crucial CT16G4RFD4266 16 GB,699.8,"4,2666",Green / Black,19.0,1,16,Crucial
Crucial CT16G4RFD4213 16 GB,659.4,"4,2133",Black / Green,15.0,1,16,Crucial
Patriot Signature 8 GB,379.6,"3,1600",Black,11.0,1,8,Patriot
Crucial CT204864BF160B 16 GB,2779.4,"3,1600",Black / Green,11.0,1,16,Crucial
Kingston KTH-PL426/32G 32 GB,1496.6,"4,2666",Green / Black,19.0,1,32,Kingston
Crucial CT4G3S1339M 4 GB,379.0,"3,1333",Black / Green,9.0,1,4,Crucial
G.Skill Ripjaws 4 GB,356.0,"4,2133",Black / Blue,15.0,1,4,G.Skill
Crucial CT16G3ERVLD4160B 16 GB,779.8,"3,1333",Green / Black,11.0,1,16,Crucial
Samsung M393A1G40EB1-CPB 8 GB,508.8,"4,2133",Green / Black,15.0,1,8,Samsung
Kingston Server Premier 32 GB,1980.0,"4,2666",Green / Black,19.0,1,32,Kingston
G.Skill F3-12800CL9D-8GBSQ 8 GB,485.4,"3,1600",Green,9.0,2,4,G.Skill
G.Skill F3-12800CL11D-8GBSQ 8 GB,469.4,"3,1600",Green,11.0,2,4,G.Skill
Corsair CMSO16GX3M2A1333C9 16 GB,1699.6,"3,1333",Green,9.0,2,8,Corsair
Mushkin Essentials 8 GB,428.2,"3,1600",Green,11.0,2,4,Mushkin
Crucial CT2K8G3S1339M 16 GB,1599.6,"3,1333",Green,9.0,2,8,Crucial
G.Skill F3-1600C9D-8GSL 8 GB,500.79,"3,1600",Green,9.0,2,4,G.Skill
Crucial CT4G3S1067M 4 GB,565.4,"3,1066",Black / Green,7.0,1,4,Crucial
Crucial CT8G3S1339M 8 GB,627.6,"3,1333",Black / Green,9.0,1,8,Crucial
Crucial CT51264BF160BJ 4 GB,341.4,"3,1600",Black / Green,11.0,1,4,Crucial
Crucial CT8G4RFD824A 8 GB,2550.2,"4,2400",Green / Black,17.0,1,8,Crucial
Kingston KTH-PL426D8/16G 16 GB,828.4,"4,2666",Green / Black,19.0,1,16,Kingston
Kingston ValueRAM 16 GB,976.4,"4,2400",Green / Black,17.0,1,16,Kingston
G.Skill Ripjaws 8 GB,560.4,"4,2666",Green,19.0,1,8,G.Skill
G.Skill Trident Z Royal 32 GB,6980.0,"4,4000",Silver,17.0,4,8,G.Skill
G.Skill Trident Z Royal 16 GB,4577.39,"4,4000",Silver,18.0,2,8,G.Skill
Patriot Viper Steel 16 GB,799.8,"4,2666",Silver / Black,18.0,1,16,Patriot
Mushkin Redline 16 GB,1349.0,"4,4000",White,18.0,2,8,Mushkin
Corsair Dominator Platinum RGB 16 GB,2168.0,"4,3200",White,16.0,2,8,Corsair
Thermaltake TOUGHRAM XG RGB 64 GB,10799.8,"4,3600",Black / Silver,18.0,2,32,Thermaltake
Thermaltake TOUGHRAM XG RGB 16 GB,2875.8,"4,4000",White / Silver,19.0,2,8,Thermaltake
TEAMGROUP Elite 32 GB,1399.6,"5,4800",Black,40.0,2,16,TeamGroup
Kingston KTD-PE426D8/16G 16 GB,1830.0,"4,2666",Green,19.0,1,16,Kingston
V-Color TRA524G64S832Q 96 GB,14399.8,"5,6400",White,32.0,4,24,V-Color
Kingston FURY Renegade 32 GB,4523.6,"5,6000",Silver / White,32.0,1,32,Kingston
G.Skill Zeta R5 Neo 64 GB,15899.8,"5,6400",Black,32.0,4,16,G.Skill
Kingston FURY Renegade Pro 16 GB,2504.79,"5,6000",Black,32.0,1,16,Kingston
V-Color TRA516G72S834O 128 GB,32439.8,"5,7200",Black,34.0,8,16,V-Color
V-Color TRA532G60S432O 256 GB,34359.8,"5,6000",Black,32.0,8,32,V-Color
Crucial CT12864AA667 1 GB,380.0,"2,667",Green,5.0,1,1,Crucial
Kingston ValueRAM 4 GB,619.79,"3,1333",Green,9.0,2,2,Kingston
Crucial CT2KIT51272AF667 8 GB,1179.8,"2,667",Green,5.0,2,4,Crucial
G.Skill F3-12800CL9D-4GBNQ 4 GB,1240.0,"3,1600",Red / Silver,9.0,2,2,G.Skill
Patriot Gamer 6 GB,1609.4,"3,1600",Black / Green,9.0,3,2,Patriot
Patriot Viper II Sector 7 Edition 12 GB,3531.6,"3,1600",Black / Blue,8.0,3,4,Patriot
Crucial CT51264BA1339 4 GB,340.0,"3,1333",Black / Green,9.0,1,4,Crucial
G.Skill Ripjaws 8 GB,638.8,"3,1066",Black / Red,7.0,2,4,G.Skill
G.Skill Ripjaws X 4 GB,999.59,"3,1333",Black / Red,9.0,2,2,G.Skill
Patriot Gamer 2 4 GB,981.8,"3,1333",Black / Blue,9.0,2,2,Patriot
Patriot Gamer 2 4 GB,1073.19,"3,1600",Black / Blue,9.0,2,2,Patriot
Mushkin Essentials 4 GB,552.4,"3,1333",Green,9.0,2,2,Mushkin
G.Skill F3-8500CL7D-8GBSQ 8 GB,3639.8,"3,1066",Green,7.0,2,4,G.Skill
Kingston ValueRAM 1 GB,815.4,"2,533",Green,4.0,1,1,Kingston
Kingston KVR800D2S6/2G 2 GB,234.8,"2,800",Green,6.0,1,2,Kingston
Mushkin 991643 2 GB,338.6,"3,1066",Green,7.0,1,2,Mushkin
Corsair Vengeance 16 GB,5197.79,"3,1600",Black / Blue,9.0,4,4,Corsair
Mushkin 991556 2 GB,399.6,"2,667",Green,5.0,1,2,Mushkin
Crucial CT2KIT102464BF1339 16 GB,1399.6,"3,1333",Green,9.0,2,8,Crucial
Kingston Value 4 GB,491.2,"3,1333",Green,9.0,1,4,Kingston
Crucial CT25664BF1339 2 GB,299.8,"3,1333",Green,9.0,1,2,Crucial
Mushkin Essentials 4 GB,450.4,"3,1600",Green,11.0,1,4,Mushkin
G.Skill Ares 8 GB,1038.8,"3,2133",Black / Blue,9.0,2,4,G.Skill
G.Skill Ares 8 GB,1199.8,"3,1866",Black / Blue,9.0,2,4,G.Skill
G.Skill Ares 32 GB,4080.0,"3,1600",Black / Orange,10.0,4,8,G.Skill
G.Skill Ripjaws Z 8 GB,1090.4,"3,2400",Black / Blue,10.0,2,4,G.Skill
Kingston KVR16S11/8 8 GB,654.0,"3,1600",Green,11.0,1,8,Kingston
Kingston KVR13S9S8/4 4 GB,393.2,"3,1333",Green,9.0,1,4,Kingston
Kingston Blu Red 4 GB,939.59,"3,1600",Red / Silver,9.0,1,4,Kingston
Mushkin Silverline 8 GB,597.6,"3,1600",Gray / Silver,11.0,1,8,Mushkin
Kingston KVR16S11K2/16 16 GB,1679.6,"3,1600",Green,11.0,2,8,Kingston
Kingston KVR16N11H/4 4 GB,439.79,"3,1600",Green,11.0,1,4,Kingston
G.Skill NS 8 GB,817.6,"3,1333",Black,9.0,2,4,G.Skill
Crucial Ballistix Sport 8 GB,1397.8,"3,1333",Black / Silver,9.0,1,8,Crucial
Kingston KVR16LS11/4 4 GB,419.6,"3,1600",Green,11.0,1,4,Kingston
Patriot PV316G240C0KRD 16 GB,2681.6,"3,2400",Black / Red,10.0,2,8,Patriot
Crucial CT2G3S1067M 2 GB,399.6,"3,1066",Black / Green,7.0,1,2,Crucial
IBM 00D4955 4 GB,3399.8,"3,1600",Black / Green,11.0,1,4,IBM
Patriot Signature Apple Line 8 GB,1017.6,"3,1600",Black / Green,11.0,2,4,Patriot
Patriot Viper 3 Low Profile Black 8 GB,1548.0,"3,1866",Black / Silver,9.0,2,4,Patriot
Kingston ValueRAM 48 GB,7992.0,"3,1600",Black / Green,11.0,3,16,Kingston
Kingston KVR1333D3E9S/4G 4 GB,376.0,"3,1333",Black / Green,9.0,1,4,Kingston
Mushkin Proline 32 GB,2016.6,"3,1333",Silver,9.0,1,32,Mushkin
Samsung M393A1G43DB0-CPB0 8 GB,443.6,"4,2133",Black / Green,15.0,1,8,Samsung
Kingston KTL-TS421/16G 16 GB,2998.0,"4,2133",Green,15.0,1,16,Kingston
Kingston KVR18L13Q4/32 32 GB,1379.6,"3,1866",Gray,13.0,1,32,Kingston
Kingston KVR1333D3E9SK2/16G 16 GB,2500.0,"3,1333",Green,9.0,2,8,Kingston
Kingston KVR16LE11/8I 8 GB,779.8,"3,1600",Green,11.0,1,8,Kingston
G.Skill Ripjaws 4 8 GB,770.6,"4,2666",Black / Red,15.0,2,4,G.Skill
G.Skill NT 8 GB,1180.0,"4,2400",Black,15.0,2,4,G.Skill
Patriot Viper 3 8 GB,1638.8,"3,2400",Red / Silver,10.0,2,4,Patriot
Patriot Viper 4 8 GB,1113.59,"4,2400",Black / Red,15.0,2,4,Patriot
Crucial CT51264BF186DJ 4 GB,329.6,"3,1866",Black / Green,13.0,1,4,Crucial
Crucial CT2KIT102464BF186D 16 GB,573.6,"3,1866",Black / Green,13.0,2,8,Crucial
G.Skill Ripjaws 8 GB,612.0,"4,2400",Black,16.0,2,4,G.Skill
Corsair ValueSelect 16 GB,1459.6,"4,2133",Black,15.0,1,16,Corsair
Kingston ValueRAM 8 GB,399.6,"4,2133",Black / Green,15.0,1,8,Kingston
Crucial CT2K51264BF186DJ 8 GB,799.8,"3,1866",Black / Green,13.0,2,4,Crucial
Kingston KCP421NS8/4 4 GB,659.8,"4,2133",Black / Green,15.0,1,4,Kingston
Patriot Viper 4 8 GB,1550.8,"4,3600",Red / Black,17.0,2,4,Patriot
Kingston ValueRAM 16 GB,1799.0,"4,2400",Green,17.0,1,16,Kingston
Kingston KVR24S17S6/4 4 GB,490.0,"4,2400",Green / Black,17.0,1,4,Kingston
Corsair Dominator Platinum RGB 32 GB,3537.2,"4,3200",Black,16.0,4,8,Corsair
Crucial CT16G4RFS4293 16 GB,875.0,"4,2933",Green / Black,21.0,1,16,Crucial
Supermicro MEM-DR432L-HL01-ER26 32 GB,1599.0,"4,2666",Green / Black,19.0,1,32,Supermicro
PNY Performance 16 GB,1201.2,"4,2666",Black,19.0,1,16,PNY
Corsair Dominator Platinum RGB 16 GB,2648.8,"4,4000",Black,18.0,2,8,Corsair
Mushkin Redline Lumina 16 GB,1339.6,"4,3600",White,16.0,2,8,Mushkin
Mushkin Redline 16 GB,1966.6,"4,4133",White,19.0,2,8,Mushkin
Mushkin Redline 16 GB,1537.2,"4,2800",Black,17.0,2,8,Mushkin
Mushkin Redline 32 GB,5288.4,"4,2666",Red,16.0,2,16,Mushkin
Mushkin Redline 64 GB,9873.6,"4,2800",Red,17.0,2,32,Mushkin
TEAMGROUP Elite 32 GB,2873.2,"5,5200",Black,42.0,2,16,TeamGroup
Kingston FURY 32 GB,2779.8,"5,5600",White,40.0,1,32,Kingston
Mushkin Enhanced Essentials 64 GB,4614.0,"4,2933",Black,21.0,2,32,Mushkin
TEAMGROUP T-Create Master 128 GB,17999.8,"5,6000",Black,32.0,8,16,TeamGroup
TEAMGROUP T-Create Master 64 GB,10999.8,"5,6800",Black,34.0,4,16,TeamGroup
V-Color TRA516G60S832Q 64 GB,10079.79,"5,6000",White,32.0,4,16,V-Color
V-Color TRA516G64S832Q 64 GB,11039.8,"5,6400",White,32.0,4,16,V-Color
V-Color TRA532G62D832Q 128 GB,19199.8,"5,6200",White,32.0,4,32,V-Color
V-Color TRA532G68D834Q 128 GB,23039.8,"5,6800",White,34.0,4,32,V-Color
Kingston Fury Renegade RGB 32 GB,4099.59,"5,6000",Silver / Black,32.0,1,32,Kingston
Corsair WS 128 GB,19819.8,"5,5600",Black / Green,40.0,8,16,Corsair
Kingston FURY Renegade Pro 64 GB,11300.0,"5,6400",Black,32.0,4,16,Kingston
Kingston FURY Renegade Pro 128 GB,17480.0,"5,5600",Black,36.0,8,16,Kingston
Kingston FURY Renegade Pro 256 GB,37840.0,"5,6400",Black,32.0,8,32,Kingston
V-Color TRA516G56S836O 128 GB,18039.8,"5,5600",Black,36.0,8,16,V-Color
V-Color TRA524G64S832O 192 GB,28599.8,"5,6400",Black,32.0,8,24,V-Color
V-Color TRA532G68D834O 256 GB,44799.8,"5,6800",Black,34.0,8,32,V-Color
Silicon Power XPOWER Pulse Gaming 64 GB,3869.2,"5,5600",Black / White,40.0,2,32,Silicon Power
Crucial CT32G4SFD8266 32 GB,1985.8,"4,2666",Green / Black,19.0,1,32,Crucial
Patriot Signature Line 8 GB,399.6,"4,2400",Green / Black,17.0,1,8,Patriot
Mushkin Essentials 16 GB,727.2,"4,2400",Green / Black,17.0,2,8,Mushkin
TEAMGROUP Elite 8 GB,635.6,"4,2666",Black,19.0,1,8,TeamGroup
Mushkin Redline Lumina White 32 GB,2819.8,"5,6400",White,32.0,2,16,Mushkin
Mushkin Essentials 8 GB,343.6,"3,1066",Green,7.0,1,8,Mushkin
Corsair Vengeance Pro 8 GB,2384.0,"3,2133",Black / Red,8.0,2,4,Corsair
Samsung M393B2G70DB0-CK0 16 GB,638.4,"3,1600",Black / Green,11.0,1,16,Samsung
Kingston ValueRAM 16 GB,599.79,"3,1600",Green,11.0,1,16,Kingston
Mushkin Essentials 16 GB,3739.8,"3,1866",Black / Blue,13.0,1,16,Mushkin
Kingston ValueRAM 8 GB,559.79,"4,2133",Green / Black,15.0,1,8,Kingston
Corsair Vengeance Performance 16 GB,1259.8,"4,2666",Black / Yellow,18.0,1,16,Corsair
Kingston KVR26S19S8/8 8 GB,427.6,"4,2666",Green / Black,19.0,1,8,Kingston
Kingston FURY Impact 32 GB,1899.0,"5,4800",Black,38.0,1,32,Kingston
V-Color TRA524G60S832Q 96 GB,13439.8,"5,6000",White,32.0,4,24,V-Color
Kingston ValueRAM 3 GB,509.6,"3,1333",Green,9.0,3,1,Kingston
Mushkin 996647 8 GB,440.0,"3,1333",Green,9.0,2,4,Mushkin
Crucial CT2KIT51264BF1339 8 GB,651.8,"3,1333",Green,9.0,2,4,Crucial
G.Skill F3-10666CL9D-16GBSQ 16 GB,728.0,"3,1333",Green,9.0,2,8,G.Skill
G.Skill Trident X 16 GB,2146.19,"3,2400",Black / Red,10.0,4,4,G.Skill
Crucial CT16G3R186DM 16 GB,859.8,"3,1866",Black / Green,13.0,1,16,Crucial
Kingston KVR13N9S6/2 2 GB,399.6,"3,1333",Black / Green,9.0,1,2,Kingston
Samsung M393A1G40DB0-CPB 8 GB,568.4,"4,2133",Black / Green,15.0,1,8,Samsung
Kingston KTD-PE421/16G 16 GB,879.8,"4,2133",Green,15.0,1,16,Kingston
Kingston KTH-PL421/16G 16 GB,699.4,"4,2133",Green,15.0,1,16,Kingston
Kingston KVR16R11D4/16HA 16 GB,697.8,"3,1600",Green,11.0,1,16,Kingston
Kingston ValueRAM 64 GB,2780.2,"3,1600",Green,11.0,4,16,Kingston
Kingston KVR16LR11D4K4/64 64 GB,7980.0,"3,1600",Blue,11.0,4,16,Kingston
Kingston KVR16LR11D4/16HA 16 GB,579.79,"3,1600",Green,11.0,1,16,Kingston
Kingston KVR1333D3D4R9SK3/24G 24 GB,2499.79,"3,1333",Green,9.0,3,8,Kingston
Kingston KVR13LR9D4K4/64 64 GB,5955.0,"3,1333",Green,9.0,4,16,Kingston
Mushkin Proline 16 GB,876.4,"3,1600",Green,11.0,1,16,Mushkin
Kingston Impact 16 GB,2941.2,"4,2133",Black / Silver,13.0,2,8,Kingston
G.Skill Ripjaws 8 GB,534.79,"4,2400",Black,16.0,1,8,G.Skill
Mushkin Essentials 4 GB,639.79,"4,2133",Black / Green,15.0,1,4,Mushkin
Kingston ValueRAM 8 GB,1550.6,"4,2133",Black / Green,15.0,1,8,Kingston
Kingston ValueRAM 32 GB,1398.4,"4,2133",Black / Green,15.0,1,32,Kingston
Kingston KCP421SS8/8 8 GB,543.0,"4,2133",Black / Green,15.0,1,8,Kingston
Kingston ValueRAM 16 GB,2707.2,"4,2133",Black / Green,15.0,2,8,Kingston
Kingston KTD-PE426/32G 32 GB,3036.2,"4,2666",Green / Black,19.0,1,32,Kingston
Kingston ValueRAM 8 GB,999.8,"4,2400",Green / Black,17.0,1,8,Kingston
Kingston ValueRAM 16 GB,1059.8,"4,2666",Green / Black,19.0,1,16,Kingston
Kingston KCP426SS8/8 8 GB,530.0,"4,2666",Green / Black,17.0,1,8,Kingston
Crucial CT2K4G4SFS624A 8 GB,699.0,"4,2400",Green / Black,17.0,2,4,Crucial
Crucial CT32G4LFD4266 32 GB,1481.8,"4,2666",Green / Black,19.0,1,32,Crucial
Crucial CT16G4RFD8293 16 GB,1099.4,"4,2933",Green / Black,21.0,1,16,Crucial
Kingston KSM26RS8/8MEI 8 GB,683.0,"4,2666",Green / Black,19.0,1,8,Kingston
Mushkin Silverline 8 GB,1649.4,"4,2666",Silver,19.0,2,4,Mushkin
TEAMGROUP Elite 8 GB,1406.4,"4,2400",Black,16.0,1,8,TeamGroup
TEAMGROUP T-Create Classic 16 GB,859.8,"5,5600",Black,46.0,1,16,TeamGroup
TEAMGROUP T-Create Classic 16 GB,1121.0,"5,5600",Black,46.0,1,16,TeamGroup
V-Color TRA516G70S834Q 64 GB,14879.8,"5,7000",White,34.0,4,16,V-Color
V-Color TRA524G56S836Q 96 GB,12479.8,"5,5600",White,36.0,4,24,V-Color
V-Color TRA524G76S838R3Q 96 GB,23039.8,"5,7600",White,38.0,4,24,V-Color
Crucial CT2CP25672AF667 4 GB,479.79,"2,667",Green,5.0,2,2,Crucial
Crucial CT2KIT25664AA667 4 GB,979.8,"2,667",Green,5.0,2,2,Crucial
Kingston ValueRAM 2 GB,647.79,"2,533",Green,4.0,1,2,Kingston
Patriot Sector 5 4 GB,1074.59,"3,1600",Black / Red,9.0,2,2,Patriot
Patriot Viper II Sector 5 4 GB,1198.0,"3,1600",Black / Red,8.0,2,2,Patriot
OCZ OCZ2V6672G 2 GB,719.2,"2,667",Green,5.0,1,2,OCZ
G.Skill Ripjaws 16 GB,3599.0,"3,1600",Black / Red,9.0,4,4,G.Skill
Patriot Gamer 4 GB,1166.2,"3,1600",Black / Green,9.0,2,2,Patriot
Patriot Viper II Sector 7 Edition 6 GB,1180.0,"3,1600",Black / Blue,9.0,3,2,Patriot
Patriot Viper Xtreme 4 GB,1256.4,"3,1600",Black / Silver,8.0,2,2,Patriot
Patriot Viper Xtreme 8 GB,1857.4,"3,1600",Black / Silver,8.0,2,4,Patriot
Patriot Viper Xtreme 12 GB,2541.19,"3,1600",Black / Silver,8.0,3,4,Patriot
Patriot Viper Xtreme 6 GB,1662.6,"3,1600",Black / Silver,8.0,3,2,Patriot
G.Skill Ripjaws 4 GB,1199.0,"3,1333",Black / Red,9.0,2,2,G.Skill
Patriot Viper II Sector 5 4 GB,1109.8,"3,1333",Black / Red,7.0,2,2,Patriot
"Patriot Viper Xtreme Series, Division 2 4 GB",1153.8,"3,1866",Black / Silver,9.0,2,2,Patriot
"Patriot Viper Xtreme Series, Division 2 8 GB",1448.19,"3,1600",Black / Silver,8.0,2,4,Patriot
Patriot Extreme Performance Gaming 6 GB,1434.0,"3,1333",Black / Green,9.0,3,2,Patriot
Patriot Viper Xtreme 8 GB,2100.0,"3,1866",Black / Silver,9.0,2,4,Patriot
ADATA AD2S800B2G5-R 2 GB,329.0,"2,800",Green,5.0,1,2,ADATA
ADATA AD3S1333B2G9-R 2 GB,707.2,"3,1333",Green,9.0,1,2,ADATA
Corsair CMSO4GX3M1A1333C9 4 GB,459.79,"3,1333",Green,9.0,1,4,Corsair
Corsair VS1GSDS533D2 1 GB,399.6,"2,533",Green,4.0,1,1,Corsair
Crucial CT51264AC667 4 GB,1589.6,"2,667",Green,5.0,1,4,Crucial
Crucial CT2KIT12864AC800 2 GB,779.8,"2,800",Green,6.0,2,1,Crucial
Crucial CT51264AC800 4 GB,1297.8,"2,800",Green,6.0,1,4,Crucial
Crucial CT25664AC667 2 GB,398.8,"2,667",Green,5.0,1,2,Crucial
Crucial CT2KIT25664AC800 4 GB,745.6,"2,800",Green,6.0,2,2,Crucial
Crucial CT2KIT25664AC667 4 GB,699.8,"2,667",Green,5.0,2,2,Crucial
Crucial CT51264BC1067 4 GB,399.0,"3,1066",Green,7.0,1,4,Crucial
Crucial CT25664AC800 2 GB,379.6,"2,800",Green,6.0,1,2,Crucial
G.Skill F3-10666CL9D-8GBSQ 8 GB,516.79,"3,1333",Green,9.0,2,4,G.Skill
G.Skill F3-10600CL9D-8GBSQ 8 GB,1980.0,"3,1333",Green,9.0,2,4,G.Skill
G.Skill F3-10666CL9S-4GBSQ 4 GB,302.39,"3,1333",Green,9.0,1,4,G.Skill
GeIL GS34GB1066C7SC 4 GB,304.4,"3,1066",Green,7.0,1,4,GeIL
Kingston KVR1333D3S9/4G 4 GB,499.6,"3,1333",Green,9.0,1,4,Kingston
Kingston KVR667D2SO/2GR 2 GB,448.0,"2,667",Green,5.0,1,2,Kingston
Kingston KVR667D2S5/1G 1 GB,1048.8,"2,667",Green,5.0,1,1,Kingston
Kingston ValueRAM 2 GB,499.79,"2,667",Green,5.0,2,1,Kingston
Kingston KVR667D2S5/2G 2 GB,811.2,"2,667",Green,5.0,1,2,Kingston
Kingston ValueRAM 2 GB,819.8,"3,1333",Green,9.0,1,2,Kingston
Kingston KVR800D2S5/1G 1 GB,701.59,"2,800",Green,5.0,1,1,Kingston
Kingston KVR800D2S6/1G 1 GB,360.0,"2,800",Green,6.0,1,1,Kingston
Kingston KVR533D2SO/1GR 1 GB,400.0,"2,533",Green,4.0,1,1,Kingston
Kingston KHX5300S2LLK2/2G 2 GB,899.8,"2,667",Blue / Silver,4.0,2,1,Kingston
Patriot Signature 2 GB,400.0,"3,1333",Green,9.0,1,2,Patriot
Mushkin Essentials 4 GB,611.79,"2,667",Green,5.0,2,2,Mushkin
Patriot PSD34G1066SK 4 GB,750.6,"3,1066",Green,7.0,2,2,Patriot
Mushkin Essentials 2 GB,375.79,"2,667",Green,5.0,1,2,Mushkin
Mushkin Essentials 4 GB,508.8,"3,1066",Green,7.0,2,2,Mushkin
Patriot PSD22G8002S 2 GB,594.4,"2,800",Green,6.0,1,2,Patriot
Patriot PSD22G6672S 2 GB,849.8,"2,667",Blue,5.0,1,2,Patriot
G.Skill F3-12800CL9S-4GBSQ 4 GB,296.0,"3,1600",Green,9.0,1,4,G.Skill
Mushkin 991647 4 GB,302.0,"3,1333",Green,9.0,1,4,Mushkin
Mushkin Essentials 2 GB,341.0,"3,1333",Green,9.0,1,2,Mushkin
G.Skill Ripjaws X 8 GB,780.0,"3,1600",Black / Blue,9.0,2,4,G.Skill
Patriot Gamer 2 8 GB,1747.6,"3,1333",Black / Blue,9.0,1,8,Patriot
Mushkin Essentials 4 GB,359.6,"3,1333",Green,9.0,1,4,Mushkin
G.Skill F3-12800CL11S-4GBSQ 4 GB,980.0,"3,1600",Green,11.0,1,4,G.Skill
Crucial CT2KIT25664BF1339 4 GB,699.8,"3,1333",Green,9.0,2,2,Crucial
Crucial CT51264BF1339 4 GB,340.0,"3,1333",Green,9.0,1,4,Crucial
G.Skill F3-10666CL9S-8GBSQ 8 GB,422.0,"3,1333",Green,9.0,1,8,G.Skill
Mushkin Essentials 2 GB,329.6,"3,1600",Green,11.0,1,2,Mushkin
"Patriot Viper Xtreme Series, Division Vi 8 GB",1747.6,"3,2133",Black / Silver,11.0,2,4,Patriot
G.Skill F3-1600C10D-16GSQ 16 GB,758.6,"3,1600",Green,10.0,2,8,G.Skill
Corsair Vengeance 16 GB,3627.2,"3,2133",Black / Red,9.0,4,4,Corsair
Mushkin Essentials 16 GB,1013.6,"3,1600",Green,11.0,2,8,Mushkin
Corsair Vengeance 16 GB,2948.8,"3,1866",Black / Blue,9.0,4,4,Corsair
Crucial CT2K4G3S1339M 8 GB,902.0,"3,1333",Green,9.0,2,4,Crucial
Crucial CT2K4G3S1067M 8 GB,799.8,"3,1066",Green,7.0,2,4,Crucial
Crucial CT2K4G3S160BM 8 GB,619.0,"3,1600",Green,11.0,2,4,Crucial
Corsair CMV4GX3M1A1600C11 4 GB,439.79,"3,1600",Green,11.0,1,4,Corsair
Corsair CMSO4GX3M1A1600C11 4 GB,459.79,"3,1600",Green,9.0,1,4,Corsair
Patriot Signature 8 GB,761.8,"3,1333",Black,9.0,1,8,Patriot
Corsair CMV8GX3M1A1600C11 8 GB,759.8,"3,1600",Green,11.0,1,8,Corsair
Kingston KTD-L3CL/4G 4 GB,675.0,"3,1600",Green,11.0,1,4,Kingston
Crucial Ballistix Sport 4 GB,629.0,"3,1600",Black / Silver,9.0,1,4,Crucial
G.Skill F3-1600C11D-16GSL 16 GB,734.4,"3,1600",Green,11.0,2,8,G.Skill
Crucial Ballistix Sport 4 GB,799.8,"3,1866",Black / Silver,10.0,1,4,Crucial
Kingston KVR13S9S8K2/8 8 GB,840.0,"3,1333",Green,9.0,1,8,Kingston
G.Skill Ripjaws 8 GB,503.6,"3,1600",Black / Red,9.0,2,4,G.Skill
Corsair CMSO16GX3M2C1600C11 16 GB,1699.6,"3,1600",Green,9.0,2,8,Corsair
Corsair CMSO8GX3M1C1600C11 8 GB,759.8,"3,1600",Green,9.0,1,8,Corsair
OCZ OCZ2M8004GK 4 GB,581.0,"2,800",Green,5.0,2,2,OCZ
Corsair CMSO4GX3M1C1600C11 4 GB,659.59,"3,1600",Green,9.0,1,4,Corsair
Corsair CMSO8GX3M1C1333C9 8 GB,959.59,"3,1333",Green,9.0,1,8,Corsair
Corsair CMSO8GX3M2C1600C11 8 GB,586.0,"3,1600",Green,9.0,2,4,Corsair
Patriot Viper SODIMM 8 GB,1028.19,"3,1600",Black / Silver,9.0,2,4,Patriot
Corsair Mac Memory 16 GB,1679.8,"3,1333",Black / Green,9.0,2,8,Corsair
Corsair Mac Memory 16 GB,1559.6,"3,1600",Black / Green,11.0,2,8,Corsair
Corsair Mac Memory 4 GB,439.79,"3,1066",Black / Green,7.0,1,4,Corsair
Corsair Mac Memory 8 GB,999.59,"3,1333",Black / Green,9.0,1,8,Corsair
Corsair Mac Memory 8 GB,799.8,"3,1600",Black / Green,11.0,1,8,Corsair
Corsair Mac Memory 8 GB,1059.59,"3,1066",Black / Green,7.0,2,4,Corsair
Corsair Mac Memory 8 GB,859.8,"3,1333",Black / Green,9.0,2,4,Corsair
G.Skill FA-1333C9S-8GSQ 8 GB,1340.0,"3,1333",Black / Green,9.0,1,8,G.Skill
G.Skill FA-1600C11D-8GSQ 8 GB,1280.0,"3,1600",Black / Green,11.0,2,4,G.Skill
G.Skill FA-1600C11S-8GSQ 8 GB,926.4,"3,1600",Black / Green,11.0,1,8,G.Skill
G.Skill FA-8500CL7D-8GBSQ 8 GB,547.6,"3,1066",Black / Green,7.0,2,4,G.Skill
G.Skill FA-8500CL7S-4GBSQ 4 GB,569.6,"3,1066",Black / Green,7.0,1,4,G.Skill
HP 647909-B21 8 GB,954.0,"3,1333",Black / Green,9.0,1,8,HP
Mushkin 971699A 2 GB,467.0,"3,1066",Black / Green,7.0,1,2,Mushkin
Mushkin 976647A 8 GB,669.2,"3,1333",Black / Green,9.0,2,4,Mushkin
GeIL Green 8 GB,1438.0,"3,1333",Black / Green,9.0,2,4,GeIL
Mushkin 976643A 4 GB,634.0,"3,1066",Black / Blue,7.0,2,2,Mushkin
Patriot Mac 8 GB,1499.0,"3,1333",Black / Blue,9.0,2,4,Patriot
Patriot Viper 3 Low Profile Black 16 GB,1979.4,"3,1866",Black / Silver,10.0,2,8,Patriot
Patriot Viper 3 Low Profile Black 8 GB,1329.6,"3,1600",Black / Silver,9.0,2,4,Patriot
Patriot Viper 3 Low Profile Red 8 GB,1344.0,"3,1600",Black / Red,9.0,2,4,Patriot
Patriot Viper 3 Red 8 GB,1535.2,"3,1866",Black / Red,9.0,2,4,Patriot
Patriot Viper 3 Low Profile Black 8 GB,1481.2,"3,2133",Black / Silver,11.0,2,4,Patriot
Kingston KVR21R15S4/8 8 GB,579.6,"4,2133",Black / Green,15.0,1,8,Kingston
Crucial CT16G4VFD4213 16 GB,1299.0,"4,2133",Black / Green,15.0,1,16,Crucial
Crucial CT8G4VFS4213 8 GB,579.79,"4,2133",Black / Green,15.0,1,8,Crucial
Crucial CT8G4RFS4213 8 GB,699.8,"4,2133",Black / Green,15.0,1,8,Crucial
Patriot Extreme Performance 32 GB,3349.2,"4,2133",Black / White,15.0,4,8,Patriot
Mushkin Proline 8 GB,836.0,"3,1333",Black / Green,9.0,1,8,Mushkin
Mushkin 992082 32 GB,1837.4,"3,1333",Silver,9.0,1,32,Mushkin
Kingston KVR16R11D4/16HB 16 GB,2153.4,"3,1600",Black / Green,11.0,1,16,Kingston
Kingston KVR16R11S4/8HB 8 GB,2887.6,"3,1600",Black / Green,11.0,1,8,Kingston
Patriot Viper 4 16 GB,1975.6,"4,2666",Black / Red,15.0,4,4,Patriot
Patriot Viper 4 32 GB,3362.6,"4,2666",Black / Red,15.0,4,8,Patriot
ADATA ADDS1600W4G11-S 4 GB,436.4,"3,1600",Black / Green,11.0,1,4,ADATA
Kingston KTH-PL421/8G 8 GB,490.4,"4,2133",Green,15.0,1,8,Kingston
Kingston KTL-TS421/8G 8 GB,579.79,"4,2133",Green,15.0,1,8,Kingston
Crucial CT16G3ERSLD41339 16 GB,579.79,"3,1333",Green,9.0,1,16,Crucial
Crucial CT8G3ERSLD41339 8 GB,464.79,"3,1333",Green,9.0,1,8,Crucial
Crucial CT8G3ERSLD8160B 8 GB,1099.8,"3,1600",Green,11.0,1,8,Crucial
Crucial CT8G3ERSLQ81067 8 GB,979.8,"3,1066",Green,7.0,1,8,Crucial
Crucial CT8G3ERSLS4160B 8 GB,499.79,"3,1600",Green,11.0,1,8,Crucial
Kingston KTH-PL316S8/4G 4 GB,479.79,"3,1600",Green,11.0,1,4,Kingston
Kingston KVR16R11S8/4EF 4 GB,1293.19,"3,1600",Green,11.0,1,4,Kingston
Kingston KVR16R11S8/4I 4 GB,579.79,"3,1600",Green,11.0,1,4,Kingston
Kingston KVR16R11S8/4KF 4 GB,419.0,"3,1600",Green,11.0,1,4,Kingston
Kingston KVR18R13D4/16 16 GB,1838.6,"3,1866",Blue,13.0,1,16,Kingston
Kingston KVR16R11D4K4/32 32 GB,2980.0,"3,1600",Green,11.0,4,8,Kingston
Kingston KVR16R11D8/4HC 4 GB,599.0,"3,1600",Green,11.0,1,4,Kingston
Kingston KVR16R11D8/8I 8 GB,1538.8,"3,1600",Green,11.0,1,8,Kingston
Kingston KVR16R11D8L/8 8 GB,1199.8,"3,1600",Green,11.0,1,8,Kingston
Kingston KVR16R11S8/4 4 GB,390.0,"3,1600",Green,11.0,1,4,Kingston
Kingston KVR16R11D8/8KF 8 GB,1159.59,"3,1600",Green,11.0,1,8,Kingston
Kingston KVR16R11S4/8I 8 GB,854.8,"3,1600",Green,11.0,1,8,Kingston
Kingston KVR16R11S4/8 8 GB,956.0,"3,1600",Green,11.0,1,8,Kingston
Kingston KVR16R11D4/8HC 8 GB,588.8,"3,1600",Green,11.0,1,8,Kingston
Kingston KVR16R11D4/8 8 GB,379.4,"3,1600",Green,11.0,1,8,Kingston
Kingston KVR16LSE11/8 8 GB,940.0,"3,1600",Green,11.0,1,8,Kingston
Kingston KVR16LR11S8/4 4 GB,1127.6,"3,1600",Green,11.0,1,4,Kingston
Kingston KVR16LR11D8K4/32I 32 GB,3999.8,"3,1600",Green,11.0,4,8,Kingston
Kingston KVR16LR11D4/16 16 GB,451.0,"3,1600",Green,11.0,1,16,Kingston
Kingston KVR16LE11S8/4KF 4 GB,651.59,"3,1600",Green,11.0,1,4,Kingston
Kingston KVR16LE11S8/4 4 GB,908.6,"3,1600",Green,11.0,1,4,Kingston
Kingston KVR16LE11L/8 8 GB,1177.6,"3,1600",Green,11.0,1,8,Kingston
Kingston KTM-SX316S/8G 8 GB,1087.39,"3,1600",Green,11.0,1,8,Kingston
Kingston KVR1066D3S8E7S/2G 2 GB,399.6,"3,1066",Green,7.0,1,2,Kingston
Kingston KVR1333D3D4R9S/4GED 4 GB,581.59,"3,1333",Green,9.0,1,4,Kingston
Kingston KVR1333D3D4R9S/8G 8 GB,798.0,"3,1333",Green,9.0,1,8,Kingston
Kingston KVR1333D3D4R9SK2/16G 16 GB,1490.0,"3,1333",Green,9.0,2,8,Kingston
Kingston KVR1333D3E9S/8G 8 GB,781.4,"3,1333",Green,9.0,1,8,Kingston
Kingston KVR1333D3E9SK2/8G 8 GB,587.4,"3,1333",Green,9.0,2,4,Kingston
Kingston KVR1333D3E9SK3/24G 24 GB,2099.79,"3,1333",Green,9.0,3,8,Kingston
Kingston KVR1333D3Q8R9S/8G 8 GB,579.0,"3,1333",Green,9.0,1,8,Kingston
Kingston KVR1333D3S8R9S/2G 2 GB,239.8,"3,1333",Green,9.0,1,2,Kingston
Kingston KVR13E9/2I 2 GB,872.2,"3,1333",Green,9.0,1,2,Kingston
Kingston KVR13E9/4I 4 GB,579.79,"3,1333",Green,9.0,1,4,Kingston
Kingston KVR13E9/8I 8 GB,1219.4,"3,1333",Green,9.0,1,8,Kingston
Kingston KVR13LE9S8/4EF 4 GB,579.79,"3,1333",Green,9.0,1,4,Kingston
Kingston KVR13LR9D4/16 16 GB,799.8,"3,1333",Green,9.0,1,16,Kingston
Kingston KVR13LR9D4/16HA 16 GB,979.8,"3,1333",Green,9.0,1,16,Kingston
Kingston KVR13LR9D4/16I 16 GB,876.59,"3,1333",Green,9.0,1,16,Kingston
Kingston KVR13LR9S4/8 8 GB,499.79,"3,1333",Green,9.0,1,8,Kingston
Kingston KVR13LR9S4/8HA 8 GB,579.79,"3,1333",Green,9.0,1,8,Kingston
Kingston KVR13LSE9/8 8 GB,2400.0,"3,1333",Green,9.0,1,8,Kingston
Kingston KVR13R9D4/16 16 GB,658.6,"3,1333",Green,9.0,1,16,Kingston
Kingston KVR13R9D4/16I 16 GB,899.8,"3,1333",Green,9.0,1,16,Kingston
Kingston KVR13R9D4/8I 8 GB,892.0,"3,1333",Green,9.0,1,8,Kingston
Kingston KVR13R9D4K3/48 48 GB,1979.8,"3,1333",Green,9.0,3,16,Kingston
Kingston KVR13R9D4K3/48I 48 GB,1979.8,"3,1333",Green,9.0,3,16,Kingston
Kingston KVR13R9D8/8 8 GB,1196.2,"3,1333",Green,9.0,1,8,Kingston
Kingston KVR13R9S4/4I 4 GB,306.6,"3,1333",Green,9.0,1,4,Kingston
Kingston KVR16E11/4 4 GB,598.6,"3,1600",Green,11.0,1,4,Kingston
Kingston KVR16E11/8I 8 GB,900.0,"3,1600",Green,11.0,1,8,Kingston
Mushkin Proline 8 GB,595.6,"3,1333",Silver,9.0,1,8,Mushkin
Mushkin Proline 16 GB,1473.4,"3,1333",Green,9.0,1,16,Mushkin
Mushkin Proline 16 GB,944.59,"3,1333",Blue,9.0,1,16,Mushkin
Mushkin Proline 8 GB,959.8,"3,1866",Green,13.0,1,8,Mushkin
Crucial CT102472BD1339 8 GB,699.8,"3,1333",Green,9.0,1,8,Crucial
Crucial CT8G4RFD8213 8 GB,539.79,"4,2133",Black / Green,15.0,1,8,Crucial
Mushkin Essentials 8 GB,347.2,"3,1600",Black / Green,11.0,1,8,Mushkin
Kingston KVR16LR11S8/4HB 4 GB,1037.6,"3,1600",Black / Green,11.0,1,4,Kingston
Kingston KVR16R11S8/4HB 4 GB,399.6,"3,1600",Black / Green,11.0,1,4,Kingston
Mushkin Essentials 4 GB,479.79,"4,2133",Black / Green,15.0,1,4,Mushkin
G.Skill Ripjaws 8 GB,765.4,"4,2133",Black / Blue,15.0,1,8,G.Skill
G.Skill Ripjaws 4 GB,344.79,"4,2400",Black,16.0,1,4,G.Skill
G.Skill Ripjaws 16 GB,1560.0,"4,2666",Black,18.0,1,16,G.Skill
Crucial CT2KIT25664BA160BJ 4 GB,699.8,"3,1600",Black / Green,11.0,2,2,Crucial
Kingston ValueRAM 16 GB,1179.0,"4,2133",Black / Green,15.0,1,16,Kingston
Kingston ValueRAM 16 GB,979.8,"4,2133",Black / Green,15.0,1,16,Kingston
Kingston ValueRAM 8 GB,695.2,"4,2133",Black / Green,15.0,1,8,Kingston
Kingston KVR21R15S4/8I 8 GB,799.8,"4,2133",Black / Green,15.0,1,8,Kingston
G.Skill Trident Z 64 GB,9560.0,"4,3200",Silver / White,14.0,8,8,G.Skill
G.Skill FORTIS 32 GB,2300.0,"4,2400",Black / Red,16.0,4,8,G.Skill
Kingston Impact 32 GB,3999.8,"4,2400",Black,15.0,4,8,Kingston
Kingston ValueRAM 16 GB,1498.6,"4,2133",Black / Green,15.0,1,16,Kingston
Mushkin Essentials 8 GB,599.79,"4,2133",Green,15.0,2,4,Mushkin
Kingston KCP316SD8/8 8 GB,380.0,"3,1600",Black / Green,11.0,1,8,Kingston
G.Skill Ripjaws 16 GB,3081.39,"4,3000",Black / Blue,16.0,2,8,G.Skill
Kingston KVR24R17S8/8MA 8 GB,1520.0,"4,2400",Green,17.0,1,8,Kingston
G.Skill Sniper X 32 GB,3550.4,"4,3200",Black / Camo,16.0,4,8,G.Skill
Crucial CT8G4RFS424A 8 GB,579.79,"4,2400",Green / Black,17.0,1,8,Crucial
Kingston KSM24RS4/16HAI 16 GB,1379.6,"4,2400",Green / Black,17.0,1,16,Kingston
Mushkin Essentials 32 GB,2506.6,"4,2400",Green / Black,17.0,2,16,Mushkin
V7 V7192008GBS 8 GB,698.6,"4,2400",Green / Black,17.0,1,8,V7
Kingston ValueRAM 8 GB,809.4,"4,2400",Green / Black,17.0,1,8,Kingston
Crucial CT102464BF186D 8 GB,529.79,"3,1866",Green / Black,13.0,1,8,Crucial
Crucial CT25664BD160BJ 2 GB,399.6,"3,1600",Green / Black,11.0,1,2,Crucial
Crucial CT2K8G3ERSLS4160B 16 GB,3774.6,"3,1600",Green / Black,11.0,2,8,Crucial
Crucial CT8G3ERSDD8186D 8 GB,779.8,"3,1866",Green / Black,13.0,1,8,Crucial
Patriot Signature Line 4 GB,968.8,"3,1600",Green / Black,11.0,1,4,Patriot
Crucial CT102472BF160B 8 GB,899.8,"3,1600",Green / Black,11.0,1,8,Crucial
Crucial CT16G4WFD824A 16 GB,1459.6,"4,2400",Green,17.0,1,16,Crucial
Kingston KTH-PL426/16G 16 GB,2070.0,"4,2666",Green / Black,19.0,1,16,Kingston
Kingston KTH-PL426S8/8G 8 GB,1099.8,"4,2666",Green / Black,19.0,1,8,Kingston
Kingston KCS-UC426/16G 16 GB,1679.8,"4,2666",Green / Black,19.0,1,16,Kingston
Crucial CT8G4RFS824A 8 GB,579.79,"4,2400",Green / Black,17.0,1,8,Crucial
G.Skill Sniper X 32 GB,3960.0,"4,3600",Silver / Camo,19.0,4,8,G.Skill
Crucial CT4G4RFS8266 4 GB,508.0,"4,2666",Green / Black,19.0,1,4,Crucial
Corsair CMSX4GX4M1A2400C16 4 GB,429.0,"4,2400",Black,16.0,1,4,Corsair
Kingston ValueRAM 16 GB,948.0,"4,2400",Green / Black,17.0,1,16,Kingston
Kingston KCP424SS8/8 8 GB,540.0,"4,2400",Green / Black,17.0,1,8,Kingston
Mushkin Essentials 32 GB,2080.0,"4,2666",Green / Black,19.0,1,32,Mushkin
Mushkin Redline 16 GB,2751.2,"4,3466",Red / Silver,18.0,2,8,Mushkin
Kingston KCP426SS6/4 4 GB,709.8,"4,2666",Green / Black,17.0,1,4,Kingston
Thermaltake TOUGHRAM 16 GB,2691.2,"4,4000",Black / Silver,19.0,2,8,Thermaltake
Thermaltake TOUGHRAM 16 GB,2691.2,"4,4000",White / Silver,19.0,2,8,Thermaltake
Mushkin Redline 32 GB,3599.8,"4,2800",Black,17.0,2,16,Mushkin
Mushkin Redline 32 GB,5410.4,"4,3200",Red,16.0,2,16,Mushkin
Mushkin Redline 32 GB,4646.39,"4,2800",Red,17.0,2,16,Mushkin
Mushkin Redline 16 GB,1293.19,"4,2666",Red,16.0,2,8,Mushkin
Mushkin Silverline 4 GB,649.4,"4,2133",Silver,15.0,1,4,Mushkin
Mushkin Silverline 8 GB,1514.6,"4,2133",Silver,15.0,2,4,Mushkin
Mushkin Silverline 8 GB,834.8,"4,2400",Silver,17.0,1,8,Mushkin
G.Skill F4-3200C16Q-64GTZSK 64 GB,6580.0,"4,3200",Gray / Black,16.0,4,16,G.Skill
G.Skill F4-3600C16Q2-64GTZSW 64 GB,8741.6,"4,3600",Gray / White,16.0,8,8,G.Skill
Kingston FURY Renegade 16 GB,1903.19,"5,6400",Silver / Black,32.0,1,16,Kingston
Corsair Dominator Platinum RGB 16 GB,1919.8,"4,3600",Black,18.0,2,8,Corsair
Silicon Power SP016GBSVU560F02 16 GB,1188.4,"5,5600",Black,46.0,1,16,Silicon Power
TEAMGROUP T-Create Master 128 GB,21999.8,"5,6800",Black,34.0,8,16,TeamGroup
V-Color TRA516G56S836Q 64 GB,9119.79,"5,5600",White,36.0,4,16,V-Color
V-Color TRA516G66S834Q 64 GB,11999.8,"5,6600",White,34.0,4,16,V-Color
V-Color TRA516G68S834Q 64 GB,13439.8,"5,6800",White,34.0,4,16,V-Color
V-Color TRA516G76S838Q 64 GB,17599.8,"5,7600",White,38.0,4,16,V-Color
V-Color TRA524G66S834Q 96 GB,15839.8,"5,6600",White,34.0,4,24,V-Color
V-Color TRA524G68S834Q 96 GB,17279.8,"5,6800",White,34.0,4,24,V-Color
V-Color TRA524G70S834R3Q 96 GB,19199.8,"5,7000",White,34.0,4,24,V-Color
V-Color TRA524G72S834R3Q 96 GB,21119.8,"5,7200",White,34.0,4,24,V-Color
Kingston FURY Renegade Pro 128 GB,19800.0,"5,4800",Black,36.0,8,16,Kingston
Kingston FURY Renegade Pro 256 GB,34580.0,"5,6000",Black,32.0,8,32,Kingston
V-Color TRA516G60S832O 128 GB,20359.8,"5,6000",Black,32.0,8,16,V-Color
V-Color TRA516G64S832O 128 GB,21879.8,"5,6400",Black,32.0,8,16,V-Color
V-Color TRA516G66S834O 128 GB,23999.8,"5,6600",Black,34.0,8,16,V-Color
V-Color TRA516G68S834O 128 GB,26679.8,"5,6800",Black,34.0,8,16,V-Color
V-Color TRA516G70S834O 128 GB,29559.8,"5,7000",Black,34.0,8,16,V-Color
V-Color TRA524G60S832O 192 GB,26679.8,"5,6000",Black,32.0,8,24,V-Color
V-Color TRA524G66S834O 192 GB,31479.8,"5,6600",Black,34.0,8,24,V-Color
V-Color TRA524G68S834O 192 GB,34359.8,"5,6800",Black,34.0,8,24,V-Color
V-Color TRA532G56S436O 256 GB,31639.8,"5,5600",Black,36.0,8,32,V-Color
V-Color TRA532G62D832O 256 GB,38199.8,"5,6200",Black,34.0,8,32,V-Color
V-Color TRA532G64D832O 256 GB,42039.8,"5,6400",Black,32.0,8,32,V-Color
