name,price,capacity,price_per_gb,type,cache,form_factor,interface
Samsung 990 Pro,2999.8,2000.0,0.075,SSD,2048.0,M.2-2280,M.2 PCIe 4.0 X4
Crucial P3 Plus,1139.0,1000.0,0.057,SSD,,M.2-2280,M.2 PCIe 4.0 X4
Crucial P3 Plus,2279.0,2000.0,0.057,SSD,,M.2-2280,M.2 PCIe 4.0 X4
Samsung 990 Pro,5999.8,4000.0,0.075,SSD,4096.0,M.2-2280,M.2 PCIe 4.0 X4
Kingston NV3,1160.0,1000.0,0.058,SSD,,M.2-2280,M.2 PCIe 4.0 X4
Samsung 990 Pro,1999.8,1000.0,0.1,SSD,1024.0,M.2-2280,M.2 PCIe 4.0 X4
Samsung 990 EVO Plus,2599.8,2000.0,0.065,SSD,,M.2-2280,M.2 PCIe 5.0 X2
Western Digital WD_Black SN850X,3090.8,2000.0,0.077,SSD,,M.2-2280,M.2 PCIe 4.0 X4
Silicon Power UD90,1859.4,2000.0,0.046,SSD,,M.2-2280,M.2 PCIe 4.0 X4
Samsung 9100 PRO,8599.79,4000.0,0.107,SSD,4096.0,M.2-2280,M.2 PCIe 5.0 X4
Samsung 990 EVO Plus,1499.6,1000.0,0.075,SSD,,M.2-2280,M.2 PCIe 5.0 X2
Seagate Barracuda Compute,1339.8,2000.0,0.033,7200,256.0,3.5,SATA 6.0 Gb/s
Klevv CRAS C910,1159.8,1000.0,0.058,SSD,,M.2-2280,M.2 PCIe 4.0 X4
Western Digital Black SN770,1559.6,1000.0,0.078,SSD,,M.2-2280,M.2 PCIe 4.0 X4
Crucial P3 Plus,899.8,500.0,0.09,SSD,,M.2-2280,M.2 PCIe 4.0 X4
Western Digital Black SN770,2499.79,2000.0,0.062,SSD,,M.2-2280,M.2 PCIe 4.0 X4
Samsung 870 Evo,1858.0,1000.0,0.093,SSD,1024.0,2.5,SATA 6.0 Gb/s
Western Digital WD_Black SN850X,11990.0,8000.0,0.075,SSD,,M.2-2280,M.2 PCIe 4.0 X4
Western Digital WD_Black SN850X,5367.0,4000.0,0.067,SSD,,M.2-2280,M.2 PCIe 4.0 X4
Samsung 9100 PRO,4599.8,2000.0,0.115,SSD,2048.0,M.2-2280,M.2 PCIe 5.0 X4
Kingston NV3,2290.0,2000.0,0.057,SSD,,M.2-2280,M.2 PCIe 4.0 X4
Crucial P3 Plus,4229.0,4000.0,0.053,SSD,,M.2-2280,M.2 PCIe 4.0 X4
Western Digital WD_Black SN850X,1833.8,1000.0,0.092,SSD,,M.2-2280,M.2 PCIe 4.0 X4
Silicon Power UD90,1039.8,1000.0,0.052,SSD,,M.2-2280,M.2 PCIe 4.0 X4
Western Digital Blue SN580,1299.8,1000.0,0.065,SSD,,M.2-2280,M.2 PCIe 4.0 X4
Samsung 990 EVO Plus,4999.8,4000.0,0.062,SSD,,M.2-2280,M.2 PCIe 5.0 X2
Klevv CRAS C910,2079.79,2000.0,0.052,SSD,,M.2-2280,M.2 PCIe 4.0 X4
Seagate IronWolf Pro,9599.79,24000.0,0.02,7200,512.0,3.5,SATA 6.0 Gb/s
TEAMGROUP MP44L,1159.8,1000.0,0.058,SSD,,M.2-2280,M.2 PCIe 4.0 X4
Intel SSDPEDMD020T401,78740.0,2000.0,1.968,SSD,,PCIe,PCIe x4
SK Hynix Platinum P41,2299.79,2000.0,0.057,SSD,,M.2-2280,M.2 PCIe 4.0 X4
Seagate BarraCuda,1499.8,4000.0,0.019,5400,256.0,3.5,SATA 6.0 Gb/s
Samsung 980 Pro,3699.0,2000.0,0.092,SSD,2048.0,M.2-2280,M.2 PCIe 4.0 X4
Samsung 970 Evo Plus,2680.0,1000.0,0.134,SSD,1024.0,M.2-2280,M.2 PCIe 3.0 X4
Patriot P300,679.8,512.0,0.066,SSD,,M.2-2280,M.2 PCIe 3.0 X4
Western Digital Caviar Blue,859.8,1000.0,0.043,7200,64.0,3.5,SATA 6.0 Gb/s
Samsung 870 Evo,5300.0,4000.0,0.066,SSD,4096.0,2.5,SATA 6.0 Gb/s
Crucial T500,2499.79,2000.0,0.062,SSD,,M.2-2280,M.2 PCIe 4.0 X4
TEAMGROUP MP33,1099.8,1000.0,0.055,SSD,,M.2-2280,M.2 PCIe 3.0 X4
Western Digital Blue SN580,2299.79,2000.0,0.057,SSD,,M.2-2280,M.2 PCIe 4.0 X4
Samsung 980 Pro,2800.0,1000.0,0.14,SSD,1024.0,M.2-2280,M.2 PCIe 4.0 X4
Crucial P310,1299.8,1000.0,0.065,SSD,,M.2-2280,M.2 PCIe 4.0 X4
Kingston NV2,1315.4,1000.0,0.066,SSD,,M.2-2280,M.2 PCIe 4.0 X4
Mushkin Source HC,60660.0,16000.0,0.19,SSD,,2.5,SATA 6.0 Gb/s
Sabrent Rocket 4 Plus,21177.8,8000.0,0.132,SSD,,M.2-2280,M.2 PCIe 4.0 X4
TEAMGROUP MP44L,2119.79,2000.0,0.053,SSD,,M.2-2280,M.2 PCIe 4.0 X4
Seagate Barracuda Compute,2600.0,8000.0,0.016,5400,256.0,3.5,SATA 6.0 Gb/s
Samsung 870 Evo,3374.8,2000.0,0.084,SSD,2048.0,2.5,SATA 6.0 Gb/s
Samsung 9100 PRO,3099.8,1000.0,0.155,SSD,1024.0,M.2-2280,M.2 PCIe 5.0 X4
Lexar NM790,2499.79,2000.0,0.062,SSD,,M.2-2280,M.2 PCIe 4.0 X4
Crucial T705,3999.8,2000.0,0.1,SSD,,M.2-2280,M.2 PCIe 5.0 X4
Western Digital WD Blue SN5000,1195.8,1000.0,0.06,SSD,,M.2-2280,M.2 PCIe 4.0 X4
Western Digital WD_BLACK SN7100,2599.8,2000.0,0.065,SSD,,M.2-2280,M.2 PCIe 4.0 X4
Kingston NV3,779.8,500.0,0.078,SSD,,M.2-2280,M.2 PCIe 4.0 X4
Samsung 870 Evo,1099.8,500.0,0.11,SSD,512.0,2.5,SATA 6.0 Gb/s
Kingston KC3000,3238.0,2048.0,0.079,SSD,,M.2-2280,M.2 PCIe 4.0 X4
MSI SPATIUM M461,1799.8,2000.0,,SSD,,M.2-2280,M.2 PCIe 4.0 X4
Samsung 970 Evo Plus,1599.8,500.0,0.16,SSD,512.0,M.2-2280,M.2 PCIe 3.0 X4
PNY CS1030,999.8,1000.0,0.05,SSD,,M.2-2280,M.2 PCIe 3.0 X4
Crucial P310,2249.79,2000.0,0.056,SSD,,M.2-2280,M.2 PCIe 4.0 X4
Samsung 870 QVO,12599.8,8000.0,0.079,SSD,,2.5,SATA 6.0 Gb/s
Western Digital WD_BLACK SN7100,1460.0,1000.0,0.073,SSD,,M.2-2280,M.2 PCIe 4.0 X4
Crucial P3,1387.6,1000.0,0.069,SSD,,M.2-2280,M.2 PCIe 3.0 X4
Patriot Burst Elite,249.8,120.0,0.104,SSD,,2.5,SATA 6.0 Gb/s
Acer Predator GM7000,2499.79,2000.0,0.062,SSD,2048.0,M.2-2280,M.2 PCIe 4.0 X4
Western Digital Blue,1299.6,2000.0,0.032,7200,256.0,3.5,SATA 6.0 Gb/s
Kingston Fury Renegade,3080.0,2000.0,0.077,SSD,,M.2-2280,M.2 PCIe 4.0 X4
Seagate BarraCuda,1091.8,1000.0,0.055,7200,64.0,3.5,SATA 6.0 Gb/s
Crucial BX500,1339.6,1000.0,0.067,SSD,,2.5,SATA 6.0 Gb/s
Western Digital WD_BLACK SN8100,9299.79,4000.0,0.116,SSD,4096.0,M.2-2280,M.2 PCIe 5.0 X4
Western Digital WD Green SN3000,1359.8,1000.0,0.068,SSD,,M.2-2280,M.2 PCIe 4.0 X4
TEAMGROUP T-FORCE G50,1159.8,1000.0,0.058,SSD,,M.2-2280,M.2 PCIe 4.0 X4
Samsung 970 Evo Plus,3799.0,2000.0,0.095,SSD,1024.0,M.2-2280,M.2 PCIe 3.0 X4
Samsung 990 Pro w/Heatsink,3199.8,2000.0,0.08,SSD,2048.0,M.2-2280,M.2 PCIe 4.0 X4
Lexar NM790,1359.8,1000.0,0.068,SSD,,M.2-2280,M.2 PCIe 4.0 X4
Samsung 990 EVO,2599.8,2000.0,0.065,SSD,,M.2-2280,M.2 PCIe 5.0 X2
Western Digital WD_BLACK SN8100,4499.8,2000.0,0.112,SSD,2048.0,M.2-2280,M.2 PCIe 5.0 X4
Samsung 980,2138.0,1000.0,0.107,SSD,,M.2-2280,M.2 PCIe 3.0 X4
Crucial T705,7799.8,4000.0,0.097,SSD,,M.2-2280,M.2 PCIe 5.0 X4
Crucial T500,1503.8,1000.0,0.075,SSD,,M.2-2280,M.2 PCIe 4.0 X4
Patriot P300,469.79,256.0,0.092,SSD,,M.2-2280,M.2 PCIe 3.0 X4
Patriot Viper VP4300 Lite,2079.6,2000.0,0.052,SSD,,M.2-2280,M.2 PCIe 4.0 X4
Kingston A400,499.79,240.0,0.104,SSD,,2.5,SATA 6.0 Gb/s
TEAMGROUP MP33,699.8,512.0,0.068,SSD,,M.2-2280,M.2 PCIe 3.0 X4
TEAMGROUP T-FORCE G50,2099.79,2000.0,0.052,SSD,,M.2-2280,M.2 PCIe 4.0 X4
Samsung 990 EVO,1499.6,1000.0,0.075,SSD,,M.2-2280,M.2 PCIe 5.0 X2
Silicon Power A60,1099.4,1000.0,0.055,SSD,,M.2-2280,M.2 PCIe 3.0 X4
MSI SPATIUM M480 PRO,2399.79,2000.0,0.06,SSD,2048.0,M.2-2280,M.2 PCIe 4.0 X4
Samsung 990 Pro w/Heatsink,6301.0,4000.0,0.079,SSD,4096.0,M.2-2280,M.2 PCIe 4.0 X4
Samsung 9100 PRO w/Heatsink,8999.79,4000.0,0.112,SSD,4096.0,M.2-2280,M.2 PCIe 5.0 X4
Crucial P510,1999.8,1000.0,0.1,SSD,,M.2-2280,M.2 PCIe 5.0 X4
TEAMGROUP MP44L,699.8,500.0,0.07,SSD,,M.2-2280,M.2 PCIe 4.0 X4
Western Digital Green SN350,1111.2,1000.0,0.056,SSD,,M.2-2280,M.2 PCIe 3.0 X4
Klevv CRAS C910,3999.8,4000.0,0.05,SSD,,M.2-2280,M.2 PCIe 4.0 X4
KingSpec XF,,1000.0,,SSD,,M.2-2280,M.2 PCIe 4.0 X4
Kingston KC3000,1999.8,1024.0,0.098,SSD,,M.2-2280,M.2 PCIe 4.0 X4
TEAMGROUP MP33 PRO,1099.8,1000.0,0.055,SSD,,M.2-2280,M.2 PCIe 3.0 X4
SK Hynix Platinum P41,1599.6,1000.0,0.08,SSD,,M.2-2280,M.2 PCIe 4.0 X4
Seagate IronWolf NAS,3411.8,8000.0,0.021,7200,256.0,3.5,SATA 6.0 Gb/s
Lexar NM790,4600.0,4000.0,0.058,SSD,,M.2-2280,M.2 PCIe 4.0 X4
Seagate SuperSpeed HDD,,1000.0,,,64.0,2.5,SATA 6.0 Gb/s
Corsair MP700 Elite,3979.8,2000.0,0.099,SSD,,M.2-2280,M.2 PCIe 5.0 X4
Samsung 980,1399.8,500.0,0.14,SSD,,M.2-2280,M.2 PCIe 3.0 X4
Patriot P400 Lite,1099.8,1000.0,0.055,SSD,,M.2-2280,M.2 PCIe 4.0 X4
Western Digital Gold,9999.79,24000.0,0.021,7200,512.0,3.5,SATA 6.0 Gb/s
Samsung 970 Evo,2922.6,1000.0,0.146,SSD,1024.0,M.2-2280,M.2 PCIe 3.0 X4
Silicon Power UD90,4259.8,4000.0,0.053,SSD,,M.2-2280,M.2 PCIe 4.0 X4
TEAMGROUP T-Force Vulcan Z,959.8,1000.0,0.048,SSD,,2.5,SATA 6.0 Gb/s
Seagate Exos X24,9599.79,24000.0,0.02,7200,512.0,3.5,SATA 6.0 Gb/s
Kingston A400,739.8,480.0,0.077,SSD,,2.5,SATA 6.0 Gb/s
Samsung 860 Evo,2842.6,1000.0,0.142,SSD,1024.0,2.5,SATA 6.0 Gb/s
Kingston Fury Renegade,2357.0,1000.0,0.118,SSD,,M.2-2280,M.2 PCIe 4.0 X4
Western Digital WD Red Pro,9599.79,26000.0,0.018,7200,512.0,3.5,SATA 6.0 Gb/s
Sabrent Rocket 5,14599.8,4000.0,0.182,SSD,,M.2-2280,M.2 PCIe 5.0 X4
PNY CS1030,599.79,500.0,0.06,SSD,,M.2-2280,M.2 PCIe 3.0 X4
Crucial T705,2859.8,1000.0,0.143,SSD,,M.2-2280,M.2 PCIe 5.0 X4
Lexar NM620,1159.8,1000.0,0.058,SSD,,M.2-2280,M.2 PCIe 3.0 X4
Samsung 9100 PRO,,8000.0,,SSD,8192.0,M.2-2280,M.2 PCIe 5.0 X4
Crucial BX500,2179.79,2000.0,0.054,SSD,,2.5,SATA 6.0 Gb/s
Western Digital WD Blue SN5000,2279.79,2000.0,0.057,SSD,,M.2-2280,M.2 PCIe 4.0 X4
Silicon Power A55,919.8,1000.0,0.046,SSD,,2.5,SATA 6.0 Gb/s
Seagate IronWolf NAS,1999.8,4000.0,0.025,5400,256.0,3.5,SATA 6.0 Gb/s
Patriot P300,1099.8,1000.0,0.055,SSD,,M.2-2280,M.2 PCIe 3.0 X4
Seagate BarraCuda,764.4,1000.0,0.038,7200,64.0,3.5,SATA 6.0 Gb/s
Western Digital Black SN770,1139.8,500.0,0.114,SSD,,M.2-2280,M.2 PCIe 4.0 X4
MSI SPATIUM M480 PRO,2193.4,1000.0,0.11,SSD,1024.0,M.2-2280,M.2 PCIe 4.0 X4
Patriot P300,299.8,128.0,0.117,SSD,,M.2-2280,M.2 PCIe 3.0 X4
TEAMGROUP MP33,2079.79,2000.0,0.052,SSD,,M.2-2280,M.2 PCIe 3.0 X4
KIOXIA EXCERIA PLUS G3,1675.6,1000.0,0.084,SSD,,M.2-2280,M.2 PCIe 4.0 X4
Silicon Power P34A60,739.4,512.0,0.072,SSD,,M.2-2280,M.2 PCIe 3.0 X4
Crucial T700,7599.8,4000.0,0.095,SSD,,M.2-2280,M.2 PCIe 5.0 X4
Silicon Power A60,1919.4,2000.0,0.048,SSD,,M.2-2280,M.2 PCIe 3.0 X4
Seagate BarraCuda,1340.0,2000.0,0.034,7200,64.0,3.5,SATA 6.0 Gb/s
Samsung 990 Pro w/Heatsink,2199.79,1000.0,0.11,SSD,1024.0,M.2-2280,M.2 PCIe 4.0 X4
Kingston A400,1159.8,960.0,0.06,SSD,,2.5,SATA 6.0 Gb/s
Samsung 970 Evo Plus,1395.8,250.0,0.279,SSD,512.0,M.2-2280,M.2 PCIe 3.0 X4
Western Digital Blue SN580,899.8,500.0,0.09,SSD,,M.2-2280,M.2 PCIe 4.0 X4
Corsair MP600 PRO XT,18199.8,8000.0,0.114,SSD,,M.2-2280,M.2 PCIe 4.0 X4
Crucial P5 Plus,3199.8,1000.0,0.16,SSD,1024.0,M.2-2280,M.2 PCIe 4.0 X4
Patriot P400 Lite,2099.79,2000.0,0.052,SSD,,M.2-2280,M.2 PCIe 4.0 X4
Western Digital Red Plus,1999.8,4000.0,0.025,5400,256.0,3.5,SATA 6.0 Gb/s
Crucial MX500,2999.8,1000.0,0.15,SSD,1024.0,2.5,SATA 6.0 Gb/s
Corsair MP700 PRO,4399.8,2000.0,0.11,SSD,,M.2-2280,M.2 PCIe 5.0 X4
Crucial T700,4399.8,2000.0,0.11,SSD,,M.2-2280,M.2 PCIe 5.0 X4
MSI SPATIUM M482,2199.79,2000.0,0.055,SSD,,M.2-2280,M.2 PCIe 4.0 X4
PNY CS1030,1839.8,2000.0,0.046,SSD,,M.2-2280,M.2 PCIe 3.0 X4
Western Digital WD_BLACK SN8100,3399.8,1000.0,0.17,SSD,1024.0,M.2-2280,M.2 PCIe 5.0 X4
TEAMGROUP T-FORCE G70 PRO Graphene,2459.79,2000.0,0.061,SSD,,M.2-2280,M.2 PCIe 4.0 X4
PNY CS2150,3399.8,2000.0,0.085,SSD,,M.2-2280,M.2 PCIe 5.0 X4
KIOXIA EXCERIA PLUS G3,2926.2,2000.0,0.073,SSD,,M.2-2280,M.2 PCIe 4.0 X4
Western Digital Red Plus,3599.8,10000.0,0.018,7200,256.0,3.5,SATA 6.0 Gb/s
Samsung 850 Evo,,250.0,,SSD,,2.5,SATA 6.0 Gb/s
Seagate Exos X24 SED,11431.8,24000.0,0.024,7200,512.0,3.5,SATA 6.0 Gb/s
Gigabyte AORUS Gen4 7300,1839.8,1000.0,0.092,SSD,1024.0,M.2-2280,M.2 PCIe 4.0 X4
Seagate Barracuda Compute,2499.79,8000.0,0.016,5400,256.0,3.5,SATA 6.0 Gb/s
TEAMGROUP QX,3659.8,4000.0,0.046,SSD,,2.5,SATA 6.0 Gb/s
Samsung 860 Evo,2180.0,500.0,0.218,SSD,512.0,2.5,SATA 6.0 Gb/s
Acer Predator GM7000,1559.6,1000.0,0.078,SSD,1024.0,M.2-2280,M.2 PCIe 4.0 X4
Corsair MP400,,8000.0,,SSD,,M.2-2280,M.2 PCIe 3.0 X4
Seagate Surveillance HDD,1980.0,2000.0,0.05,5400,64.0,3.5,SATA 6.0 Gb/s
Crucial P3,881.2,500.0,0.088,SSD,,M.2-2280,M.2 PCIe 3.0 X4
Intel DC P3608,,4000.0,,SSD,,PCIe,PCIe x8
Seagate IronWolf Pro,3000.0,4000.0,0.037,7200,256.0,3.5,SATA 6.0 Gb/s
Silicon Power A55,1699.8,2000.0,0.042,SSD,,2.5,SATA 6.0 Gb/s
Kingston NV2,2375.4,2000.0,0.059,SSD,,M.2-2280,M.2 PCIe 4.0 X4
PNY CS2150,1799.8,1000.0,0.09,SSD,,M.2-2280,M.2 PCIe 5.0 X4
Corsair MP700 Elite,2699.8,1000.0,0.135,SSD,,M.2-2280,M.2 PCIe 5.0 X4
FanXiang S880,1199.8,1000.0,0.06,SSD,,M.2-2280,M.2 PCIe 4.0 X4
Mushkin Gamma,21362.8,8000.0,0.134,SSD,,M.2-2280,M.2 PCIe 4.0 X4
Intel D3-S4610,29700.0,7680.0,0.193,SSD,,2.5,SATA 6.0 Gb/s
Crucial BX500,4579.8,4000.0,0.057,SSD,,2.5,SATA 6.0 Gb/s
Seagate IronWolf Pro NAS,4999.8,12000.0,0.021,7200,256.0,3.5,SATA 6.0 Gb/s
Kingston NV3,4779.59,4000.0,0.06,SSD,,M.2-2280,M.2 PCIe 4.0 X4
Patriot P210,595.79,512.0,0.058,SSD,,2.5,SATA 6.0 Gb/s
Samsung 9100 PRO w/Heatsink,4999.8,2000.0,0.125,SSD,2048.0,M.2-2280,M.2 PCIe 5.0 X4
MSI SPATIUM M450,,1000.0,,SSD,,M.2-2280,M.2 PCIe 4.0 X4
Kingston FURY Renegade G5,9169.19,4096.0,0.112,SSD,,M.2-2280,M.2 PCIe 5.0 X4
Toshiba HDKBB96,599.0,1000.0,0.03,5400,8.0,2.5,SATA 6.0 Gb/s
PNY CS900,999.8,1000.0,0.05,SSD,,2.5,SATA 6.0 Gb/s
Kingston Fury Renegade,6199.0,4000.0,0.077,SSD,,M.2-2280,M.2 PCIe 4.0 X4
Western Digital Blue,2829.4,1000.0,0.141,SSD,,2.5,SATA 6.0 Gb/s
MSI SPATIUM M470 PRO,,1000.0,,SSD,,M.2-2280,M.2 PCIe 4.0 X4
Crucial T705 W/Heatsink,7399.8,4000.0,0.092,SSD,,M.2-2280,M.2 PCIe 5.0 X4
Western Digital Red Plus,3177.0,8000.0,0.02,5640,256.0,3.5,SATA 6.0 Gb/s
Western Digital Blue,1459.8,4000.0,0.018,5400,256.0,3.5,SATA 6.0 Gb/s
Crucial T500,6000.0,4000.0,0.075,SSD,,M.2-2280,M.2 PCIe 4.0 X4
Western Digital WD_BLACK SN7100,4799.8,4000.0,0.06,SSD,,M.2-2280,M.2 PCIe 4.0 X4
KingSpec XG7000,1959.8,2000.0,0.049,SSD,,M.2-2280,M.2 PCIe 4.0 X4
Crucial CT1000E100SSD8,1430.0,1000.0,0.072,SSD,,M.2-2280,M.2 PCIe 4.0 X4
Crucial P3,2399.79,2000.0,0.06,SSD,,M.2-2280,M.2 PCIe 3.0 X4
Lexar NM620,2811.0,2000.0,0.07,SSD,,M.2-2280,M.2 PCIe 3.0 X4
Samsung 970 Evo,2122.6,500.0,0.212,SSD,512.0,M.2-2280,M.2 PCIe 3.0 X4
Western Digital Blue SN570,2455.8,1000.0,0.123,SSD,,M.2-2280,M.2 PCIe 3.0 X4
Crucial P5 Plus,4576.0,2000.0,0.114,SSD,2048.0,M.2-2280,M.2 PCIe 4.0 X4
ADATA Legend 800,,1000.0,,SSD,,M.2-2280,M.2 PCIe 4.0 X4
Western Digital WD_Black SN850X w/Heatsink,12799.8,8000.0,0.08,SSD,,M.2-2280,M.2 PCIe 4.0 X4
Kingston NV2,915.4,500.0,0.092,SSD,,M.2-2280,M.2 PCIe 4.0 X4
Western Digital WD Green SN3000,2399.79,2000.0,0.06,SSD,,M.2-2280,M.2 PCIe 4.0 X4
Western Digital Caviar Blue,599.79,500.0,0.06,7200,16.0,3.5,SATA 6.0 Gb/s
TEAMGROUP MP33,479.79,256.0,0.094,SSD,,M.2-2280,M.2 PCIe 3.0 X4
Seagate IronWolf Pro NAS,8399.79,20000.0,0.021,7200,256.0,3.5,SATA 6.0 Gb/s
ADATA XPG GAMMIX S70 Blade,1519.6,1000.0,0.076,SSD,,M.2-2280,M.2 PCIe 4.0 X4
Kingston KC3000,1359.8,512.0,0.133,SSD,,M.2-2280,M.2 PCIe 4.0 X4
Western Digital Blue SN550,2097.0,1000.0,0.105,SSD,,M.2-2280,M.2 PCIe 3.0 X4
Acer Predator GM7,2499.79,2000.0,0.062,SSD,,M.2-2280,M.2 PCIe 4.0 X4
TEAMGROUP T-Force Vulcan Z,1839.8,2000.0,0.046,SSD,,2.5,SATA 6.0 Gb/s
TEAMGROUP T-Force Delta Max RGB Lite,1179.8,1000.0,0.059,SSD,,2.5,SATA 6.0 Gb/s
Silicon Power A55,559.79,512.0,0.055,SSD,,2.5,SATA 6.0 Gb/s
Seagate Barracuda Compute,1299.6,2000.0,0.032,7200,256.0,3.5,SATA 6.0 Gb/s
Corsair MP600 PRO NH,16980.0,8000.0,0.106,SSD,,M.2-2280,M.2 PCIe 4.0 X4
Lexar NQ790,2935.8,2000.0,0.073,SSD,,M.2-2280,M.2 PCIe 4.0 X4
PNY XLR8 CS3040,9999.79,4000.0,0.125,SSD,,M.2-2280,M.2 PCIe 4.0 X4
MSI SPATIUM M371,999.8,1000.0,,SSD,,M.2-2280,M.2 PCIe 3.0 X4
Crucial P510,3599.8,2000.0,0.09,SSD,,M.2-2280,M.2 PCIe 5.0 X4
Crucial MX500,2640.0,500.0,0.264,SSD,512.0,2.5,SATA 6.0 Gb/s
TEAMGROUP QX,1719.8,2000.0,0.043,SSD,,2.5,SATA 6.0 Gb/s
MSI SPATIUM M460,,1000.0,,SSD,,M.2-2280,M.2 PCIe 4.0 X4
Patriot Viper VP4300 Lite,1299.6,1000.0,0.065,SSD,,M.2-2280,M.2 PCIe 4.0 X4
Samsung 980 Pro w/Heatsink,3019.8,1000.0,0.151,SSD,1024.0,M.2-2280,M.2 PCIe 4.0 X4
Crucial BX500,469.79,240.0,0.098,SSD,,2.5,SATA 6.0 Gb/s
Western Digital WD_Black SN850X w/Heatsink,3499.8,2000.0,0.087,SSD,,M.2-2280,M.2 PCIe 4.0 X4
Western Digital WD_BLACK,3597.8,4000.0,0.045,7200,256.0,3.5,SATA 6.0 Gb/s
Gigabyte AORUS Gen4 7300,2959.8,2000.0,0.074,SSD,2048.0,M.2-2280,M.2 PCIe 4.0 X4
Crucial P310,999.59,500.0,0.1,SSD,,M.2-2280,M.2 PCIe 4.0 X4
Western Digital Blue,1399.6,500.0,0.14,SSD,,2.5,SATA 6.0 Gb/s
Seagate IronWolf Pro,6306.2,16000.0,0.02,7200,256.0,3.5,SATA 6.0 Gb/s
Crucial T700,2799.8,1000.0,0.14,SSD,,M.2-2280,M.2 PCIe 5.0 X4
Samsung 9100 PRO w/Heatsink,,8000.0,,SSD,8192.0,M.2-2280,M.2 PCIe 5.0 X4
ADATA LEGEND 860,1549.8,1000.0,0.077,SSD,,M.2-2280,M.2 PCIe 4.0 X4
Western Digital WD Blue SN5000,4607.79,4000.0,0.058,SSD,,M.2-2280,M.2 PCIe 4.0 X4
Samsung 850 Evo,,500.0,,SSD,,2.5,SATA 6.0 Gb/s
Lexar NM620,799.8,512.0,0.078,SSD,,M.2-2280,M.2 PCIe 3.0 X4
Silicon Power US75,2199.4,2000.0,0.055,SSD,,M.2-2280,M.2 PCIe 4.0 X4
Toshiba MG04ACA600E,3000.0,6000.0,0.025,7200,128.0,3.5,SATA 6.0 Gb/s
Corsair MP700 PRO SE,10999.8,4000.0,0.137,SSD,,M.2-2280,M.2 PCIe 5.0 X4
Western Digital WD_BLACK,5300.0,10000.0,0.026,7200,512.0,3.5,SATA 6.0 Gb/s
TEAMGROUP MS30,619.79,512.0,0.061,SSD,,M.2-2280,M.2 SATA
Western Digital Black SN750,2380.0,1000.0,0.119,SSD,,M.2-2280,M.2 PCIe 3.0 X4
Patriot P320,659.8,512.0,0.064,SSD,,M.2-2280,M.2 PCIe 3.0 X4
Corsair MP600 CORE XT,1399.6,1000.0,0.07,SSD,,M.2-2280,M.2 PCIe 4.0 X4
Western Digital Blue SA510,2303.8,2000.0,0.058,SSD,,2.5,SATA 6.0 Gb/s
Patriot P400 Lite,719.8,500.0,0.072,SSD,,M.2-2280,M.2 PCIe 4.0 X4
Seagate Exos X20,6999.8,20000.0,0.017,7200,256.0,3.5,SATA 6.0 Gb/s
TEAMGROUP T-Force Vulcan Z,639.79,512.0,0.062,SSD,,2.5,SATA 6.0 Gb/s
TEAMGROUP MP44Q,1199.8,1000.0,0.06,SSD,,M.2-2280,M.2 PCIe 4.0 X4
Patriot P210,379.6,256.0,0.074,SSD,,2.5,SATA 6.0 Gb/s
Crucial MX500,,2000.0,,SSD,2048.0,2.5,SATA 6.0 Gb/s
Patriot P320,1059.8,1000.0,0.053,SSD,,M.2-2280,M.2 PCIe 3.0 X4
Western Digital WD Blue SN5000,895.0,500.0,0.089,SSD,,M.2-2280,M.2 PCIe 4.0 X4
Kingston FURY Renegade G5,4846.2,2048.0,0.118,SSD,,M.2-2280,M.2 PCIe 5.0 X4
Western Digital WD_Black SN850X w/Heatsink,2060.0,1000.0,0.103,SSD,,M.2-2280,M.2 PCIe 4.0 X4
Samsung 980 Pro,,500.0,,SSD,512.0,M.2-2280,M.2 PCIe 4.0 X4
Western Digital Red Plus,5399.8,12000.0,0.022,7200,256.0,3.5,SATA 6.0 Gb/s
Silicon Power UD85,,1000.0,,SSD,,M.2-2280,M.2 PCIe 4.0 X4
Timetec 35TTFP6PCIE,1059.8,1000.0,0.053,SSD,,M.2-2280,M.2 PCIe 3.0 X4
ADATA XPG GAMMIX S70 Blade,3399.0,2000.0,0.085,SSD,,M.2-2280,M.2 PCIe 4.0 X4
ADATA Legend 710,,512.0,,SSD,,M.2-2280,M.2 PCIe 3.0 X4
Timetec 35TTQNM2SATA,979.8,1000.0,0.049,SSD,,M.2-2280,M.2 SATA
PNY CS900,619.79,500.0,0.062,SSD,,2.5,SATA 6.0 Gb/s
KIOXIA EXCERIA G2,,1000.0,,SSD,,M.2-2280,M.2 PCIe 3.0 X4
Western Digital Blue SN580,1099.8,250.0,0.22,SSD,,M.2-2280,M.2 PCIe 4.0 X4
TEAMGROUP MS30,1019.8,1000.0,0.051,SSD,,M.2-2280,M.2 SATA
Western Digital WD_BLACK,3977.6,8000.0,0.025,7200,256.0,3.5,SATA 6.0 Gb/s
Corsair MP600 ELITE,2999.8,2000.0,0.075,SSD,,M.2-2280,M.2 PCIe 4.0 X4
Western Digital Red Plus,2099.79,6000.0,0.017,5400,256.0,3.5,SATA 6.0 Gb/s
TEAMGROUP T-FORCE G50,4379.8,4000.0,0.055,SSD,,M.2-2280,M.2 PCIe 4.0 X4
Western Digital WD Red Pro,8999.79,24000.0,0.019,7200,512.0,3.5,SATA 6.0 Gb/s
Western Digital WD_BLACK,1560.2,2000.0,0.039,7200,64.0,3.5,SATA 6.0 Gb/s
PNY CS2241,1999.8,2000.0,0.05,SSD,,M.2-2280,M.2 PCIe 4.0 X4
Leven JS600,519.79,512.0,0.051,SSD,,2.5,SATA 6.0 Gb/s
Sabrent Rocket 4 Plus,4399.8,2000.0,0.11,SSD,,M.2-2280,M.2 PCIe 4.0 X4
ADATA XPG SX8200 Pro,,1000.0,,SSD,,M.2-2280,M.2 PCIe 3.0 X4
Intel 660p,1500.0,1020.0,0.074,SSD,,M.2-2280,M.2 PCIe 3.0 X4
TEAMGROUP MP44,4819.8,4000.0,0.06,SSD,,M.2-2280,M.2 PCIe 4.0 X4
Crucial T500 W/Heatsink,3299.8,2000.0,0.082,SSD,,M.2-2280,M.2 PCIe 4.0 X4
Western Digital WD_BLACK SN7100,999.8,500.0,0.1,SSD,,M.2-2280,M.2 PCIe 4.0 X4
Lexar NM710,1774.8,1000.0,0.089,SSD,,M.2-2280,M.2 PCIe 4.0 X4
Seagate BarraCuda,,3000.0,,7200,64.0,3.5,SATA 6.0 Gb/s
Samsung 870 QVO,2290.0,1000.0,0.114,SSD,,2.5,SATA 6.0 Gb/s
Western Digital Blue,1199.8,3000.0,0.02,5400,256.0,3.5,SATA 6.0 Gb/s
KingSpec XG7000,3959.8,4000.0,0.049,SSD,,M.2-2280,M.2 PCIe 4.0 X4
TEAMGROUP MS30,1779.8,2000.0,0.044,SSD,,M.2-2280,M.2 SATA
Inland Performance Plus,1539.6,1000.0,0.077,SSD,,M.2-2280,M.2 PCIe 4.0 X4
Samsung 980,1108.0,250.0,0.222,SSD,,M.2-2280,M.2 PCIe 3.0 X4
FanXiang S880,2399.79,2000.0,0.06,SSD,,M.2-2280,M.2 PCIe 4.0 X4
TEAMGROUP MP44Q,2179.79,2000.0,0.054,SSD,,M.2-2280,M.2 PCIe 4.0 X4
Sabrent Rocket 4 Plus G,,4000.0,,SSD,,M.2-2280,M.2 PCIe 4.0 X4
MSI SPATIUM M480 PRO,5799.8,4000.0,0.072,SSD,2048.0,M.2-2280,M.2 PCIe 4.0 X4
Crucial BX500,1224.4,480.0,0.128,SSD,,2.5,SATA 6.0 Gb/s
Seagate IronWolf Pro NAS,2599.8,4000.0,0.032,7200,256.0,3.5,SATA 6.0 Gb/s
Klevv CRAS C910,699.8,500.0,0.07,SSD,,M.2-2280,M.2 PCIe 4.0 X4
Patriot Viper VP4300 Lite,4199.8,4000.0,0.052,SSD,,M.2-2280,M.2 PCIe 4.0 X4
TEAMGROUP T-FORCE GA PRO,1799.8,1000.0,0.09,SSD,,M.2-2280,M.2 PCIe 5.0 X4
Samsung 860 Evo,1322.6,250.0,0.265,SSD,512.0,2.5,SATA 6.0 Gb/s
Western Digital WD Blue,2630.2,8000.0,0.016,5640,256.0,3.5,SATA 6.0 Gb/s
Seagate IronWolf Pro NAS,3999.8,8000.0,0.025,7200,256.0,3.5,SATA 6.0 Gb/s
Corsair MP600 ELITE,1699.8,1000.0,0.085,SSD,,M.2-2280,M.2 PCIe 4.0 X4
Kingston KC3000,6599.8,4096.0,0.081,SSD,,M.2-2280,M.2 PCIe 4.0 X4
Seagate Desktop HDD,,4000.0,,5900,64.0,3.5,SATA 6.0 Gb/s
Timetec 35TTFP6PCIE,659.8,512.0,0.064,SSD,,M.2-2280,M.2 PCIe 3.0 X4
Silicon Power P34A60,1099.4,1000.0,0.055,SSD,,M.2-2280,M.2 PCIe 3.0 X4
Crucial P1,2700.0,1000.0,0.135,SSD,,M.2-2280,M.2 PCIe 3.0 X4
Samsung 9100 PRO w/Heatsink,3299.8,1000.0,0.165,SSD,1024.0,M.2-2280,M.2 PCIe 5.0 X4
Inland Performance Plus,2639.8,2000.0,0.066,SSD,,M.2-2280,M.2 PCIe 4.0 X4
MSI SPATIUM M470 PRO,,2000.0,,SSD,,M.2-2280,M.2 PCIe 4.0 X4
TEAMGROUP MP44,2419.79,2000.0,0.06,SSD,,M.2-2280,M.2 PCIe 4.0 X4
Seagate Barracuda Compute,1499.6,4000.0,0.019,5400,256.0,3.5,SATA 6.0 Gb/s
Lexar NM710,2926.2,2000.0,0.073,SSD,,M.2-2280,M.2 PCIe 4.0 X4
Samsung 870 QVO,4300.0,2000.0,0.107,SSD,,2.5,SATA 6.0 Gb/s
Seagate Exos X18,8588.4,18000.0,0.024,7200,256.0,3.5,SATA 6.0 Gb/s
Patriot P310,719.59,480.0,0.075,SSD,,M.2-2280,M.2 PCIe 3.0 X4
Kingston A400,954.2,120.0,0.398,SSD,,2.5,SATA 6.0 Gb/s
Lexar NQ790,,1000.0,,SSD,,M.2-2280,M.2 PCIe 4.0 X4
Orico Y-20,219.8,128.0,0.086,SSD,,2.5,SATA 6.0 Gb/s
Toshiba MG10 512e,6999.8,20000.0,0.017,7200,512.0,3.5,SATA 6.0 Gb/s
KingSpec P3,919.8,1000.0,0.046,SSD,,2.5,SATA 6.0 Gb/s
Corsair MP700 PRO,9999.79,4000.0,0.125,SSD,,M.2-2280,M.2 PCIe 5.0 X4
Leven JPS600,1839.8,2000.0,0.046,SSD,,M.2-2280,M.2 PCIe 3.0 X4
SanDisk SSD PLUS,,1000.0,,SSD,,2.5,SATA 6.0 Gb/s
Crucial P2,,1000.0,,SSD,,M.2-2280,M.2 PCIe 3.0 X4
Lexar EQ790,,1000.0,,SSD,,M.2-2280,M.2 PCIe 4.0 X4
Patriot P220,269.8,128.0,0.105,SSD,,2.5,SATA 6.0 Gb/s
Patriot P310,1039.8,960.0,0.054,SSD,,M.2-2280,M.2 PCIe 3.0 X4
Western Digital Green SN350,2089.79,2000.0,0.052,SSD,,M.2-2280,M.2 PCIe 3.0 X4
Sabrent Rocket 4 Plus,2399.79,1000.0,0.12,SSD,,M.2-2280,M.2 PCIe 4.0 X4
Toshiba DT01ACA100,,1000.0,,7200,32.0,3.5,SATA 6.0 Gb/s
Western Digital WD Red Pro,8395.8,20000.0,0.021,7200,512.0,3.5,SATA 6.0 Gb/s
Kingston KC600,709.8,256.0,0.139,SSD,,2.5,SATA 6.0 Gb/s
Seagate FireCuda 530R,3399.8,2000.0,0.085,SSD,,M.2-2280,M.2 PCIe 4.0 X4
Kingston FURY Renegade G5,3439.8,1024.0,0.168,SSD,,M.2-2280,M.2 PCIe 5.0 X4
ADATA SU630,532.2,240.0,0.111,SSD,,2.5,SATA 6.0 Gb/s
ADATA Legend 800,2399.79,2000.0,0.06,SSD,,M.2-2280,M.2 PCIe 4.0 X4
Silicon Power UD85,,2000.0,,SSD,,M.2-2280,M.2 PCIe 4.0 X4
Seagate IronWolf NAS,4955.8,8000.0,0.031,7200,256.0,3.5,SATA 6.0 Gb/s
Samsung 870 Evo,1099.8,250.0,0.22,SSD,512.0,2.5,SATA 6.0 Gb/s
Toshiba MG09 512e,5500.0,18000.0,0.015,7200,512.0,3.5,SATA 6.0 Gb/s
MSI SPATIUM M450,999.0,500.0,0.1,SSD,,M.2-2280,M.2 PCIe 4.0 X4
Western Digital WD_Black SN850X w/Heatsink,6199.8,4000.0,0.077,SSD,,M.2-2280,M.2 PCIe 4.0 X4
Patriot Burst Elite,539.79,480.0,0.056,SSD,,2.5,SATA 6.0 Gb/s
Seagate BarraCuda,1719.8,2000.0,0.043,5400,128.0,2.5,SATA 6.0 Gb/s
Western Digital Green,1221.8,1000.0,0.061,SSD,,2.5,SATA 6.0 Gb/s
ADATA LEGEND 860,2627.8,2000.0,0.066,SSD,,M.2-2280,M.2 PCIe 4.0 X4
Western Digital Blue,1399.6,1000.0,0.07,5400,64.0,3.5,SATA 6.0 Gb/s
Western Digital Blue SA510,1298.0,1000.0,0.065,SSD,,2.5,SATA 6.0 Gb/s
Western Digital Blue SN570,2199.79,500.0,0.22,SSD,,M.2-2280,M.2 PCIe 3.0 X4
PNY CS2241,1159.8,1000.0,0.058,SSD,,M.2-2280,M.2 PCIe 4.0 X4
Orico O7000,2078.8,2000.0,0.052,SSD,,M.2-2280,M.2 PCIe 4.0 X4
Samsung 960 Evo,1759.0,250.0,0.352,SSD,512.0,M.2-2280,M.2 PCIe 3.0 X4
Patriot P320,469.79,256.0,0.092,SSD,,M.2-2280,M.2 PCIe 3.0 X4
Western Digital Purple Pro,9999.79,24000.0,0.021,7200,512.0,3.5,SATA 6.0 Gb/s
Western Digital Blue SN550,3179.4,500.0,0.318,SSD,,M.2-2280,M.2 PCIe 3.0 X4
Corsair MP700 PRO,2799.8,1000.0,0.14,SSD,,M.2-2280,M.2 PCIe 5.0 X4
Crucial P3,6360.0,4000.0,0.08,SSD,,M.2-2280,M.2 PCIe 3.0 X4
Seagate IronWolf Pro,4749.0,14000.0,0.017,7200,256.0,3.5,SATA 6.0 Gb/s
Western Digital Ultrastar DC HC520,3900.0,12000.0,0.016,7200,,3.5,SATA 6.0 Gb/s
Corsair MP600 PRO LPX,3199.8,2000.0,0.08,SSD,,M.2-2280,M.2 PCIe 4.0 X4
SK Hynix Platinum P51,5399.8,2000.0,0.135,SSD,,M.2-2280,M.2 PCIe 5.0 X4
SanDisk SSD PLUS,1259.8,1000.0,0.063,SSD,,M.2-2280,M.2 PCIe 3.0 X4
Corsair MP700 PRO SE with Air Cooler,11199.8,4000.0,0.14,SSD,,M.2-2280,M.2 PCIe 5.0 X4
TEAMGROUP EX2,,16000.0,,SSD,,2.5,SATA 6.0 Gb/s
TEAMGROUP Cardea A440,2579.8,2000.0,0.064,SSD,,M.2-2280,M.2 PCIe 4.0 X4
TEAMGROUP T-Force Vulcan Z,1799.8,2000.0,0.045,SSD,,2.5,SATA 6.0 Gb/s
Patriot P310,519.6,240.0,0.108,SSD,,M.2-2280,M.2 PCIe 3.0 X4
Seagate IronWolf Pro NAS,11907.4,22000.0,0.027,7200,512.0,3.5,SATA 6.0 Gb/s
Corsair MP600 CORE XT,5599.8,4000.0,0.07,SSD,,M.2-2280,M.2 PCIe 4.0 X4
KingSpec XG7000,1159.8,1000.0,0.058,SSD,,M.2-2280,M.2 PCIe 4.0 X4
Crucial T500,1459.6,500.0,0.146,SSD,,M.2-2280,M.2 PCIe 4.0 X4
Samsung 970 Pro,4799.8,512.0,0.469,SSD,512.0,M.2-2280,M.2 PCIe 3.0 X4
Acer Predator GM7000,1059.8,512.0,0.103,SSD,512.0,M.2-2280,M.2 PCIe 4.0 X4
FanXiang S101,319.8,128.0,0.125,SSD,,2.5,SATA 6.0 Gb/s
Samsung 980 Pro w/Heatsink,4700.0,2000.0,0.117,SSD,2048.0,M.2-2280,M.2 PCIe 4.0 X4
Western Digital AV-GP,811.8,2000.0,0.02,5400,64.0,3.5,SATA 6.0 Gb/s
Seagate Exos X18,4599.8,14000.0,0.016,7200,256.0,3.5,SATA 6.0 Gb/s
Seagate BarraCuda Pro,4735.6,10000.0,0.024,7200,256.0,3.5,SATA 6.0 Gb/s
Patriot P300,2059.79,2000.0,0.051,SSD,,M.2-2280,M.2 PCIe 3.0 X4
SanDisk SSD PLUS,559.79,240.0,0.117,SSD,,2.5,SATA 6.0 Gb/s
Patriot Burst Elite,349.6,240.0,0.073,SSD,,2.5,SATA 6.0 Gb/s
Lexar NM790,12589.8,8000.0,0.079,SSD,,M.2-2280,M.2 PCIe 4.0 X4
FanXiang S500 Pro,799.8,512.0,0.078,SSD,,M.2-2280,M.2 PCIe 3.0 X4
Western Digital Green,1040.0,240.0,0.217,SSD,,2.5,SATA 6.0 Gb/s
Sabrent Rocket 5,6799.8,2000.0,0.17,SSD,,M.2-2280,M.2 PCIe 5.0 X4
Silicon Power US75,1259.8,1000.0,0.063,SSD,,M.2-2280,M.2 PCIe 4.0 X4
PNY CS900,399.6,250.0,0.08,SSD,,2.5,SATA 6.0 Gb/s
Gigabyte AORUS Gen5 14000,7210.8,2000.0,0.18,SSD,2048.0,M.2-2280,M.2 PCIe 5.0 X4
TEAMGROUP MP33 PRO,2179.79,2000.0,0.054,SSD,,M.2-2280,M.2 PCIe 3.0 X4
Patriot P400 Lite,539.79,250.0,0.108,SSD,,M.2-2280,M.2 PCIe 4.0 X4
Orico D10,299.8,128.0,0.117,SSD,,M.2-2280,M.2 PCIe 3.0 X4
TEAMGROUP T-Force Vulcan Z,399.6,256.0,0.078,SSD,,2.5,SATA 6.0 Gb/s
Western Digital Black SN850,2399.79,1000.0,0.12,SSD,,M.2-2280,M.2 PCIe 4.0 X4
KingSpec XF,1859.8,2000.0,0.046,SSD,,M.2-2280,M.2 PCIe 4.0 X4
Inland QN450,1299.6,1000.0,0.065,SSD,,M.2-2280,M.2 PCIe 4.0 X4
Seagate IronWolf Pro NAS,6599.8,16000.0,0.021,7200,256.0,3.5,SATA 6.0 Gb/s
Crucial T500 W/Heatsink,2126.19,1000.0,0.106,SSD,,M.2-2280,M.2 PCIe 4.0 X4
Seagate BarraCuda,3500.0,5000.0,0.035,5400,128.0,2.5,SATA 6.0 Gb/s
Western Digital WD Green SN3000,899.8,500.0,0.09,SSD,,M.2-2280,M.2 PCIe 4.0 X4
Acer Predator GM7000,,4000.0,,SSD,4096.0,M.2-2280,M.2 PCIe 4.0 X4
Samsung 870 QVO,6800.0,4000.0,0.085,SSD,,2.5,SATA 6.0 Gb/s
Kingston A2000,,1000.0,,SSD,,M.2-2280,M.2 PCIe 3.0 X4
Seagate ST500LM021,400.0,500.0,0.04,7200,32.0,2.5,SATA 6.0 Gb/s
TEAMGROUP T-FORCE G70 PRO Graphene,1499.6,1000.0,0.075,SSD,,M.2-2280,M.2 PCIe 4.0 X4
Western Digital WD_BLACK,2599.8,6000.0,0.022,7200,256.0,3.5,SATA 6.0 Gb/s
Western Digital Blue SA510,4799.8,4000.0,0.06,SSD,,2.5,SATA 6.0 Gb/s
Western Digital Black SN750,2314.0,500.0,0.231,SSD,,M.2-2280,M.2 PCIe 3.0 X4
Western Digital WD Blue,1614.6,4000.0,0.02,5400,256.0,3.5,SATA 3.0 Gb/s
TEAMGROUP T-Force GC PRO,3999.8,2000.0,0.1,SSD,,M.2-2280,M.2 PCIe 5.0 X4
Seagate Enterprise Capacity,2680.0,8000.0,0.017,7200,256.0,3.5,SATA 6.0 Gb/s
Patriot P210,1879.8,2000.0,0.047,SSD,,2.5,SATA 6.0 Gb/s
Seagate Exos X14,5000.0,12000.0,0.021,7200,256.0,3.5,SATA 6.0 Gb/s
Toshiba MQ01ABD050,363.8,500.0,0.036,5400,8.0,2.5,SATA 3.0 Gb/s
Western Digital Black SN770,1087.8,250.0,0.218,SSD,,M.2-2280,M.2 PCIe 4.0 X4
Western Digital WD Red Pro,6268.2,16000.0,0.02,7200,256.0,3.5,SATA 6.0 Gb/s
Western Digital Blue,799.8,1000.0,0.04,7200,64.0,3.5,SATA 6.0 Gb/s
TEAMGROUP MP44Q,4399.8,4000.0,0.055,SSD,,M.2-2280,M.2 PCIe 4.0 X4
Western Digital WD Red Pro,2779.8,4000.0,0.035,7200,256.0,3.5,SATA 6.0 Gb/s
Gigabyte AORUS Gen5 14000,,4000.0,,SSD,8192.0,M.2-2280,M.2 PCIe 5.0 X4
Toshiba P300,,1000.0,,7200,64.0,3.5,SATA 6.0 Gb/s
Crucial T705 W/Heatsink,4399.8,2000.0,0.11,SSD,,M.2-2280,M.2 PCIe 5.0 X4
Seagate FireCuda,3159.8,2000.0,0.079,,,2.5,SATA 6.0 Gb/s
TEAMGROUP MP44,1399.8,1000.0,0.07,SSD,,M.2-2280,M.2 PCIe 4.0 X4
ADATA LEGEND 900,1599.6,1000.0,0.08,SSD,,M.2-2280,M.2 PCIe 4.0 X4
Seagate ST500LM000,780.0,500.0,0.078,,64.0,2.5,SATA 6.0 Gb/s
TEAMGROUP T-Force Vulcan Z,3799.8,4000.0,0.047,SSD,,2.5,SATA 6.0 Gb/s
Lexar NM620,1391.2,256.0,0.272,SSD,,M.2-2280,M.2 PCIe 3.0 X4
Gigabyte AORUS Gen5 14000,3329.4,1000.0,0.166,SSD,2048.0,M.2-2280,M.2 PCIe 5.0 X4
Samsung 860 QVO,2199.79,1000.0,0.11,SSD,,2.5,SATA 6.0 Gb/s
TEAMGROUP CX2,1819.8,2000.0,0.045,SSD,,2.5,SATA 6.0 Gb/s
Western Digital DC HC530,4399.8,14000.0,0.016,7200,512.0,3.5,SATA 6.0 Gb/s
Samsung Spinpoint M8,589.79,1000.0,0.029,5400,8.0,2.5,SATA 3.0 Gb/s
Samsung 860 Pro,18499.8,4000.0,0.231,SSD,4096.0,2.5,SATA 6.0 Gb/s
Western Digital WD Blue,1199.8,2000.0,0.03,5400,64.0,3.5,SATA 6.0 Gb/s
Crucial P2,,500.0,,SSD,,M.2-2280,M.2 PCIe 3.0 X4
Samsung 850 Evo,3919.8,1000.0,0.196,SSD,,2.5,SATA 6.0 Gb/s
ADATA MARS 980 BLADE,6699.8,4000.0,0.084,SSD,,M.2-2280,M.2 PCIe 5.0 X4
Crucial T700 W/Heatsink,7599.0,4000.0,0.095,SSD,,M.2-2280,M.2 PCIe 5.0 X4
Toshiba MQ01ABD032,279.8,320.0,0.044,5400,8.0,2.5,SATA 3.0 Gb/s
Kingston Fury Renegade,1259.8,500.0,0.126,SSD,,M.2-2280,M.2 PCIe 4.0 X4
KingSpec NX-2280,,1000.0,,SSD,,M.2-2280,M.2 PCIe 3.0 X4
Verbatim Vi5000,2551.8,2000.0,0.064,SSD,,M.2-2280,M.2 PCIe 4.0 X4
Intel 660p,1439.6,512.0,0.141,SSD,,M.2-2280,M.2 PCIe 3.0 X4
Crucial T710,8599.79,4000.0,0.107,SSD,,M.2-2280,M.2 PCIe 5.0 X4
Kingston A2000,,500.0,,SSD,,M.2-2280,M.2 PCIe 3.0 X4
Intel 670p,1838.0,1000.0,0.092,SSD,,M.2-2280,M.2 PCIe 3.0 X4
Sabrent Rocket 4,1999.8,1000.0,0.1,SSD,,M.2-2280,M.2 PCIe 4.0 X4
Western Digital WD Red Pro,6399.8,18000.0,0.018,7200,512.0,3.5,SATA 6.0 Gb/s
Silicon Power P34A60,543.0,256.0,0.106,SSD,,M.2-2280,M.2 PCIe 3.0 X4
Patriot Viper VP4300,2479.79,2000.0,0.062,SSD,,M.2-2280,M.2 PCIe 4.0 X4
Corsair MP600 CORE XT,2861.2,2000.0,0.072,SSD,,M.2-2280,M.2 PCIe 4.0 X4
PNY CS900,1999.8,2000.0,0.05,SSD,,2.5,SATA 6.0 Gb/s
Seagate Exos X18,5980.0,16000.0,0.019,7200,256.0,3.5,SATA 6.0 Gb/s
Samsung 860 Evo,4980.0,2000.0,0.124,SSD,2048.0,2.5,SATA 6.0 Gb/s
Western Digital Black,2259.79,4000.0,0.028,7200,64.0,3.5,SATA 6.0 Gb/s
Samsung 970 Pro,7999.8,1000.0,0.4,SSD,1024.0,M.2-2280,M.2 PCIe 3.0 X4
Samsung 960 Pro,13799.0,2000.0,0.345,SSD,2048.0,M.2-2280,M.2 PCIe 3.0 X4
Silicon Power A55,439.79,256.0,0.086,SSD,,2.5,SATA 6.0 Gb/s
KingSpec NX-2280,,512.0,,SSD,,M.2-2280,M.2 PCIe 3.0 X4
Kingston NV2,,250.0,,SSD,,M.2-2280,M.2 PCIe 4.0 X4
Kingston NV1,,500.0,,SSD,,M.2-2280,M.2 PCIe 3.0 X4
Western Digital WD Blue,899.8,1000.0,0.045,5400,64.0,3.5,SATA 6.0 Gb/s
ADATA MARS 980 BLADE,3559.8,2000.0,0.089,SSD,,M.2-2280,M.2 PCIe 5.0 X4
Sabrent Rocket 4 Plus,9999.79,4000.0,0.125,SSD,,M.2-2280,M.2 PCIe 4.0 X4
Seagate Surveillance HDD,5812.0,8000.0,0.036,7200,256.0,3.5,SATA 6.0 Gb/s
FanXiang S500 Pro,1196.8,1000.0,0.06,SSD,,M.2-2280,M.2 PCIe 3.0 X4
Crucial MX500,,4000.0,,SSD,,2.5,SATA 6.0 Gb/s
ADATA Legend 710,1499.6,1000.0,0.075,SSD,,M.2-2280,M.2 PCIe 3.0 X4
KingSpec NX-2280,1879.8,2000.0,0.047,SSD,,M.2-2280,M.2 PCIe 3.0 X4
Seagate SkyHawk AI,8799.79,24000.0,0.018,7200,512.0,3.5,SATA 6.0 Gb/s
Patriot Viper PV553,,2000.0,,SSD,,M.2-2280,M.2 PCIe 5.0 X4
ADATA LEGEND 900,2799.8,2000.0,0.07,SSD,,M.2-2280,M.2 PCIe 4.0 X4
Asus ROG Strix SQ7,,1000.0,,SSD,1024.0,M.2-2280,M.2 PCIe 4.0 X4
Lexar EQ790,,2000.0,,SSD,,M.2-2280,M.2 PCIe 4.0 X4
Inland QN450,2399.79,2000.0,0.06,SSD,,M.2-2280,M.2 PCIe 4.0 X4
KIOXIA EXCERIA G2,2861.0,2000.0,0.072,SSD,,M.2-2280,M.2 PCIe 3.0 X4
Samsung 970 Evo,5180.0,2000.0,0.13,SSD,2048.0,M.2-2280,M.2 PCIe 3.0 X4
Western Digital Blue,980.0,250.0,0.196,SSD,,2.5,SATA 6.0 Gb/s
Kingston NV1,,1000.0,,SSD,,M.2-2280,M.2 PCIe 3.0 X4
Lexar NM610PRO,,1000.0,,SSD,,M.2-2280,M.2 PCIe 3.0 X4
SK Hynix Gold P31,,1000.0,,SSD,,M.2-2280,M.2 PCIe 3.0 X4
Crucial P5 Plus,2078.4,500.0,0.208,SSD,1024.0,M.2-2280,M.2 PCIe 4.0 X4
Acer FA100,1199.8,1000.0,0.06,SSD,,M.2-2280,M.2 PCIe 3.0 X4
TEAMGROUP MP33 PRO,819.8,512.0,0.08,SSD,,M.2-2280,M.2 PCIe 3.0 X4
SanDisk SSD PLUS,2399.79,2000.0,0.06,SSD,,2.5,SATA 6.0 Gb/s
Western Digital VelociRaptor,979.4,1000.0,0.049,10000,64.0,2.5,SATA 6.0 Gb/s
Seagate BarraCuda,600.0,500.0,0.06,7200,16.0,3.5,SATA 6.0 Gb/s
Seagate Surveillance HDD,,1000.0,,5400,64.0,3.5,SATA 6.0 Gb/s
Lexar NQ780,1229.8,1000.0,0.061,SSD,,M.2-2280,M.2 PCIe 4.0 X4
Gigabyte AORUS Gen4,2999.8,1000.0,0.15,SSD,2048.0,M.2-2280,M.2 PCIe 4.0 X4
Klevv CRAS C930,2439.79,2000.0,0.061,SSD,,M.2-2280,M.2 PCIe 4.0 X4
Timetec 35TTQNM2SATA,,512.0,,SSD,,M.2-2280,M.2 SATA
Toshiba MG08,5980.0,16000.0,0.019,7200,512.0,3.5,SATA 6.0 Gb/s
Seagate FireCuda 530,2799.8,1000.0,,SSD,,M.2-2280,M.2 PCIe 4.0 X4
Western Digital Blue,719.8,1000.0,0.036,5400,16.0,2.5,SATA 6.0 Gb/s
Samsung PM893,17999.8,7680.0,0.117,SSD,,2.5,SATA 6.0 Gb/s
Corsair MP600 CORE XT R2,2599.8,2000.0,0.065,SSD,,M.2-2280,M.2 PCIe 4.0 X4
Samsung 850 Pro,3399.8,256.0,0.664,SSD,,2.5,SATA 6.0 Gb/s
HP Y6P08AA,,2000.0,,SSD,,2.5,SATA 6.0 Gb/s
Samsung 960 Evo,2920.6,500.0,0.292,SSD,512.0,M.2-2280,M.2 PCIe 3.0 X4
Western Digital WD_BLACK,,1000.0,,7200,64.0,3.5,SATA 6.0 Gb/s
Seagate BarraCuda,1343.6,1000.0,0.067,5400,128.0,2.5,SATA 6.0 Gb/s
Seagate BarraCuda,2399.79,6000.0,0.02,5400,256.0,3.5,SATA 6.0 Gb/s
MSI SPATIUM M580 FROZR,10999.8,4000.0,,SSD,8192.0,M.2-2280,M.2 PCIe 5.0 X4
Inland TN320,719.8,512.0,0.07,SSD,,M.2-2280,M.2 PCIe 3.0 X4
PNY CS2230,1099.8,1000.0,0.055,SSD,,M.2-2280,M.2 PCIe 3.0 X4
Intel Optane 905P,90000.0,1500.0,3.0,SSD,,2.5,U.2
KIOXIA EXCERIA PRO,2073.8,1000.0,0.104,SSD,,M.2-2280,M.2 PCIe 4.0 X4
Seagate IronWolf NAS,5479.8,10000.0,0.027,7200,256.0,3.5,SATA 6.0 Gb/s
ADATA XPG GAMMIX S60 Blade,,1000.0,,SSD,,M.2-2280,M.2 PCIe 4.0 X4
Seagate EXOS Enterprise,1820.0,4000.0,0.023,7200,128.0,3.5,SATA 6.0 Gb/s
Kingston NV2,4595.4,4000.0,0.057,SSD,,M.2-2280,M.2 PCIe 4.0 X4
Seagate FireCuda 530R,1599.8,1000.0,0.08,SSD,,M.2-2280,M.2 PCIe 4.0 X4
Corsair MP600 PRO LPX,1899.8,1000.0,0.095,SSD,,M.2-2280,M.2 PCIe 4.0 X4
KIOXIA EXCERIA PRO,3386.2,2000.0,0.085,SSD,,M.2-2280,M.2 PCIe 4.0 X4
SanDisk SSD PLUS,790.0,480.0,0.082,SSD,,2.5,SATA 6.0 Gb/s
Western Digital WD_BLACK SN8100 w/Heatsink,,4000.0,,SSD,4096.0,M.2-2280,M.2 PCIe 5.0 X4
Toshiba DT01ACA200,,2000.0,,7200,64.0,3.5,SATA 6.0 Gb/s
Solidigm P44 Pro,5040.0,2000.0,0.126,SSD,,M.2-2280,M.2 PCIe 4.0 X4
Intel 750,49777.39,1200.0,2.074,SSD,,PCIe,PCIe x4
Corsair MP600 Force Series Gen4,,1000.0,,SSD,,M.2-2280,M.2 PCIe 3.0 X4
Corsair MP600 PRO LPX,3199.8,2000.0,0.08,SSD,,M.2-2280,M.2 PCIe 4.0 X4
Western Digital WD Blue,2099.79,6000.0,0.017,5400,256.0,3.5,SATA 3.0 Gb/s
Corsair MP600 PRO LPX,18199.8,8000.0,0.114,SSD,,M.2-2280,M.2 PCIe 4.0 X4
Gigabyte Gen3 2500E,1307.2,500.0,0.131,SSD,,M.2-2280,M.2 PCIe 3.0 X4
Crucial P310 w/Heatsink,1579.6,1000.0,0.079,SSD,,M.2-2280,M.2 PCIe 4.0 X4
SK Hynix Platinum P41,1161.8,500.0,0.116,SSD,,M.2-2280,M.2 PCIe 4.0 X4
Western Digital Green,899.8,120.0,0.375,SSD,,2.5,SATA 6.0 Gb/s
Orico O7000,1189.8,1000.0,0.059,SSD,,M.2-2280,M.2 PCIe 4.0 X4
Seagate Exos X16,7780.0,16000.0,0.024,7200,256.0,3.5,SATA 6.0 Gb/s
Seagate Surveillance HDD,,1000.0,,5900,64.0,3.5,SATA 6.0 Gb/s
Patriot P210,1059.8,1000.0,0.053,SSD,,2.5,SATA 6.0 Gb/s
ADATA XPG SX8200 Pro,,512.0,,SSD,,M.2-2280,M.2 PCIe 3.0 X4
Lexar Professional NM1090 PRO,3090.2,1000.0,0.155,SSD,,M.2-2280,M.2 PCIe 5.0 X4
Silicon Power US75,4399.8,4000.0,0.055,SSD,,M.2-2280,M.2 PCIe 4.0 X4
Verbatim Vi550,,1000.0,,SSD,,2.5,SATA 6.0 Gb/s
Sabrent Rocket 5,3799.8,1000.0,0.19,SSD,,M.2-2280,M.2 PCIe 5.0 X4
TEAMGROUP GX2,659.8,512.0,0.064,SSD,,2.5,SATA 6.0 Gb/s
TEAMGROUP T-FORCE Z44A7,,2000.0,,SSD,,M.2-2280,M.2 PCIe 4.0 X4
Kingston KC600,1237.39,512.0,0.121,SSD,,2.5,SATA 6.0 Gb/s
Seagate Exos X22,20694.2,22000.0,0.047,7200,512.0,3.5,SATA 6.0 Gb/s
Seagate IronWolf NAS,4706.2,12000.0,0.02,7200,256.0,3.5,SATA 6.0 Gb/s
Patriot P320,319.8,128.0,0.125,SSD,,M.2-2280,M.2 PCIe 3.0 X4
Patriot Viper VP4300,1899.8,1000.0,0.095,SSD,,M.2-2280,M.2 PCIe 4.0 X4
Inland TN450,1259.8,1000.0,0.063,SSD,,M.2-2280,M.2 PCIe 4.0 X4
Toshiba HDD2J92,,640.0,,5400,8.0,2.5,SATA 3.0 Gb/s
TEAMGROUP T-FORCE G70 PRO Graphene,5599.8,4000.0,0.07,SSD,,M.2-2280,M.2 PCIe 4.0 X4
Seagate SkyHawk Surveillance,,4000.0,,7200,256.0,3.5,SATA 6.0 Gb/s
Western Digital SN530,999.0,512.0,0.098,SSD,,M.2-2280,M.2 PCIe 3.0 X4
Western Digital Red Plus,1599.6,2000.0,0.04,5400,64.0,3.5,SATA 6.0 Gb/s
Samsung 840 Evo,3028.8,250.0,0.606,SSD,,2.5,SATA 6.0 Gb/s
Toshiba S300,2311.39,4000.0,0.029,5400,256.0,3.5,SATA 6.0 Gb/s
PNY CS2230,899.8,500.0,0.09,SSD,,M.2-2280,M.2 PCIe 3.0 X4
Western Digital Black SN750 SE,1239.4,500.0,0.124,SSD,,M.2-2280,M.2 PCIe 4.0 X4
Samsung 970 Evo,,250.0,,SSD,512.0,M.2-2280,M.2 PCIe 3.0 X4
FanXiang S880,4919.59,4000.0,0.061,SSD,,M.2-2280,M.2 PCIe 4.0 X4
Crucial T710,4599.8,2000.0,0.115,SSD,,M.2-2280,M.2 PCIe 5.0 X4
TEAMGROUP T-Force Delta Max White RGB Lite,1179.8,1000.0,0.059,SSD,,2.5,SATA 6.0 Gb/s
Western Digital Gold,8999.79,22000.0,0.02,7200,512.0,3.5,SATA 6.0 Gb/s
Lexar Professional NM1090 PRO,4289.8,2000.0,0.107,SSD,,M.2-2280,M.2 PCIe 5.0 X4
Western Digital Blue,2999.8,8000.0,0.019,5640,128.0,3.5,SATA 6.0 Gb/s
Crucial T705 W/Heatsink,3059.8,1000.0,0.153,SSD,,M.2-2280,M.2 PCIe 5.0 X4
TEAMGROUP MS30,439.79,256.0,0.086,SSD,,M.2-2280,M.2 SATA
Silicon Power P34A60,439.79,128.0,0.172,SSD,,M.2-2280,M.2 PCIe 3.0 X4
TEAMGROUP T-Force GC PRO,7599.8,4000.0,0.095,SSD,,M.2-2280,M.2 PCIe 5.0 X4
Corsair MP600 CORE XT R2,1370.0,1000.0,0.068,SSD,,M.2-2280,M.2 PCIe 4.0 X4
FanXiang S660,2450.8,2000.0,0.061,SSD,,M.2-2280,M.2 PCIe 4.0 X4
Crucial P310 w/Heatsink,2899.8,2000.0,0.072,SSD,,M.2-2280,M.2 PCIe 4.0 X4
ADATA Ultimate SU650,488.2,240.0,0.102,SSD,,2.5,SATA 6.0 Gb/s
Seagate BarraCuda Q5,1399.6,1000.0,0.07,SSD,,M.2-2280,M.2 PCIe 3.0 X4
Samsung 980 Pro,,250.0,,SSD,512.0,M.2-2280,M.2 PCIe 4.0 X4
Sabrent Rocket,,1000.0,,SSD,,M.2-2280,M.2 PCIe 3.0 X4
Acer Predator GM7,,1000.0,,SSD,,M.2-2280,M.2 PCIe 4.0 X4
Silicon Power SU128GBSS3A55S25AE,,128.0,,SSD,,2.5,SATA 6.0 Gb/s
Patriot P220,379.6,256.0,0.074,SSD,,2.5,SATA 6.0 Gb/s
SK Hynix Gold P31,4599.59,2000.0,0.115,SSD,,M.2-2280,M.2 PCIe 3.0 X4
ADATA SU800,1157.39,512.0,0.113,SSD,,2.5,SATA 6.0 Gb/s
ADATA XPG GAMMIX S70 Blade,,8000.0,,SSD,,M.2-2280,M.2 PCIe 4.0 X4
SanDisk SSD PLUS,899.8,500.0,0.09,SSD,,M.2-2280,M.2 PCIe 3.0 X4
Kingston SSDNow V300,1523.4,120.0,0.635,SSD,,2.5,SATA 6.0 Gb/s
Solidigm P44 Pro,2997.0,1000.0,0.15,SSD,,M.2-2280,M.2 PCIe 4.0 X4
Western Digital Purple,1739.8,4000.0,0.022,5400,256.0,3.5,SATA 6.0 Gb/s
Western Digital Ultrastar DC HC560,9593.0,22000.0,0.022,7200,512.0,3.5,SATA 6.0 Gb/s
Seagate IronWolf NAS,4999.8,14000.0,0.018,7200,256.0,3.5,SATA 6.0 Gb/s
Corsair MP700 Elite w/Heatsink,4137.0,2000.0,0.103,SSD,,M.2-2280,M.2 PCIe 5.0 X4
Sabrent Rocket Q,2499.79,1000.0,0.125,SSD,,M.2-2280,M.2 PCIe 3.0 X4
Corsair MP600 PRO NH,2794.4,2000.0,0.07,SSD,,M.2-2280,M.2 PCIe 4.0 X4
Crucial T700 W/Heatsink,2780.0,1000.0,0.139,SSD,,M.2-2280,M.2 PCIe 5.0 X4
Silicon Power A55,659.4,512.0,0.064,SSD,,M.2-2280,M.2 SATA
Seagate BarraCuda,800.0,500.0,0.08,5400,32.0,3.5,SATA 6.0 Gb/s
Western Digital Blue SA510,859.8,500.0,0.086,SSD,,2.5,SATA 6.0 Gb/s
TEAMGROUP Z440 Lite,1239.8,1000.0,0.062,SSD,,M.2-2280,M.2 PCIe 4.0 X4
Lexar NS100,479.6,256.0,,SSD,,2.5,SATA 6.0 Gb/s
Kingston Fury Renegade with Heat Sink,3493.2,2000.0,0.087,SSD,,M.2-2280,M.2 PCIe 4.0 X4
MSI SPATIUM M570 HS,8105.0,2000.0,0.203,SSD,4096.0,M.2-2280,M.2 PCIe 5.0 X4
Enmotus FuzeDrive,,1550.0,,SSD,131072.0,M.2-2280,M.2 PCIe 3.0 X4
Seagate Exos X24,7999.8,20000.0,0.02,7200,512.0,3.5,SATA 6.0 Gb/s
Intel 670p,1057.8,512.0,0.103,SSD,,M.2-2280,M.2 PCIe 3.0 X4
ADATA XPG SPECTRIX S40G RGB,980.0,512.0,0.096,SSD,,M.2-2280,M.2 PCIe 3.0 X4
Western Digital Caviar Green,1099.8,1000.0,0.055,5400,64.0,3.5,SATA 6.0 Gb/s
Corsair MP600 PRO XT,3499.8,2000.0,0.087,SSD,,M.2-2280,M.2 PCIe 4.0 X4
Samsung 960 Evo,4122.2,1000.0,0.206,SSD,1024.0,M.2-2280,M.2 PCIe 3.0 X4
Acer Predator GM7,4699.8,4000.0,0.059,SSD,,M.2-2280,M.2 PCIe 4.0 X4
Crucial P510 W/Heatsink,2199.79,1000.0,0.11,SSD,,M.2-2280,M.2 PCIe 5.0 X4
Silicon Power UD90,1026.8,500.0,0.103,SSD,,M.2-2280,M.2 PCIe 4.0 X4
Solidigm P41 Plus,2399.0,1000.0,0.12,SSD,,M.2-2280,M.2 PCIe 4.0 X4
TEAMGROUP AX2,979.8,1000.0,0.049,SSD,,2.5,SATA 6.0 Gb/s
TEAMGROUP T-Force Cardea Z44L,,1000.0,,SSD,,M.2-2280,M.2 PCIe 4.0 X4
SanDisk SSD PLUS,2299.79,2000.0,0.057,SSD,,M.2-2280,M.2 PCIe 3.0 X4
Netac NV7000-t,3259.8,2000.0,0.081,SSD,,M.2-2280,M.2 PCIe 4.0 X4
Solidigm P41 Plus,2838.8,2000.0,0.071,SSD,,M.2-2280,M.2 PCIe 4.0 X4
Western Digital WD_BLACK,6011.2,10000.0,0.03,7200,256.0,3.5,SATA 6.0 Gb/s
Seagate Barracuda Compute,1850.0,2000.0,0.046,5400,128.0,2.5,SATA 6.0 Gb/s
Seagate ST1000LM035,880.0,1000.0,0.044,5400,128.0,2.5,SATA 6.0 Gb/s
Crucial MX500,,250.0,,SSD,256.0,2.5,SATA 6.0 Gb/s
PNY CS1030,655.0,250.0,0.131,SSD,,M.2-2280,M.2 PCIe 3.0 X4
PNY CS2241,759.8,500.0,0.076,SSD,,M.2-2280,M.2 PCIe 4.0 X4
Crucial T700 W/Heatsink,4999.8,2000.0,0.125,SSD,,M.2-2280,M.2 PCIe 5.0 X4
Seagate BarraCuda,2540.0,4000.0,0.032,5400,128.0,2.5,SATA 6.0 Gb/s
TEAMGROUP T-FORCE G70 PRO Aluminum,2499.79,2000.0,0.062,SSD,,M.2-2280,M.2 PCIe 4.0 X4
Inland TN470,1399.6,1000.0,0.07,SSD,,M.2-2280,M.2 PCIe 4.0 X4
ADATA SU630,659.8,480.0,0.069,SSD,,2.5,SATA 6.0 Gb/s
Acer FA100,1999.8,2000.0,0.05,SSD,,M.2-2280,M.2 PCIe 3.0 X4
TEAMGROUP MP34,,1000.0,,SSD,,M.2-2280,M.2 PCIe 3.0 X4
Western Digital Blue SN570,799.8,250.0,0.16,SSD,,M.2-2280,M.2 PCIe 3.0 X4
Toshiba MK3276GSX,279.6,320.0,0.044,5400,8.0,2.5,SATA 3.0 Gb/s
Crucial P1,1699.8,500.0,0.17,SSD,,M.2-2280,M.2 PCIe 3.0 X4
Seagate IronWolf NAS,2999.8,6000.0,0.025,5400,256.0,3.5,SATA 6.0 Gb/s
ADATA XPG GAMMIX S11 Pro,3978.0,1000.0,0.199,SSD,,M.2-2280,M.2 PCIe 3.0 X4
Lexar Professional NM1090 PRO,8169.8,4000.0,0.102,SSD,,M.2-2280,M.2 PCIe 5.0 X4
Western Digital Blue,2360.0,1000.0,0.118,SSD,,M.2-2280,M.2 SATA
Western Digital Gold,11599.8,20000.0,0.029,7200,512.0,3.5,SATA 6.0 Gb/s
KingSpec P3,,512.0,,SSD,,2.5,SATA 6.0 Gb/s
Patriot P310,2259.79,1920.0,0.059,SSD,,M.2-2280,M.2 PCIe 3.0 X4
Western Digital WD Red Pro,4999.8,10000.0,0.025,7200,512.0,3.5,SATA 6.0 Gb/s
Seagate BarraCuda,,500.0,,7200,16.0,3.5,SATA 6.0 Gb/s
MSI SPATIUM M570 FROZR,4799.8,2000.0,0.12,SSD,4096.0,M.2-2280,M.2 PCIe 5.0 X4
TEAMGROUP GX2,1019.8,1000.0,0.051,SSD,,2.5,SATA 6.0 Gb/s
SK Hynix Platinum P51,3399.8,1000.0,0.17,SSD,,M.2-2280,M.2 PCIe 5.0 X4
Crucial P2,799.8,250.0,0.16,SSD,,M.2-2280,M.2 PCIe 3.0 X4
Samsung 950 PRO,,256.0,,SSD,512.0,M.2-2280,M.2 PCIe 3.0 X4
SanDisk Extreme,1599.6,1000.0,0.08,SSD,,M.2-2280,M.2 PCIe 4.0 X4
Western Digital WD Red Pro,5384.6,12000.0,0.022,7200,512.0,3.5,SATA 6.0 Gb/s
Crucial MX500,,1000.0,,SSD,,M.2-2280,M.2 SATA
SanDisk Extreme,2499.79,2000.0,0.062,SSD,,M.2-2280,M.2 PCIe 4.0 X4
Klevv CRAS C930,1519.6,1000.0,0.076,SSD,,M.2-2280,M.2 PCIe 4.0 X4
Seagate BarraCuda Pro Compute,1295.8,1000.0,0.065,7200,128.0,2.5,SATA 6.0 Gb/s
Crucial P5 Plus W/Heatsink,3575.8,2000.0,0.089,SSD,,M.2-2280,M.2 PCIe 4.0 X4
Western Digital Blue,1939.8,500.0,0.194,SSD,,M.2-2280,M.2 SATA
SanDisk SSD PLUS,599.79,250.0,0.12,SSD,,M.2-2280,M.2 PCIe 3.0 X4
Samsung 860 Evo,4322.6,1000.0,0.216,SSD,1024.0,M.2-2280,M.2 SATA
Seagate FireCuda 540,7561.79,2000.0,0.189,SSD,,M.2-2280,M.2 PCIe 5.0 X4
Western Digital Blue,4200.0,2000.0,0.105,SSD,,2.5,SATA 6.0 Gb/s
ADATA Ultimate SU650,1199.8,960.0,0.062,SSD,,2.5,SATA 6.0 Gb/s
Patriot Burst Elite,1799.8,1920.0,0.047,SSD,,2.5,SATA 6.0 Gb/s
Western Digital SE,849.59,2000.0,0.021,7200,64.0,3.5,SATA 6.0 Gb/s
TEAMGROUP AX2,1819.8,2000.0,0.045,SSD,,2.5,SATA 6.0 Gb/s
Integral M2,,1024.0,,SSD,,M.2-2280,M.2 PCIe 3.0 X4
Western Digital Black SN850,2200.0,500.0,0.22,SSD,,M.2-2280,M.2 PCIe 4.0 X4
Biwin M350,,1000.0,,SSD,,M.2-2280,M.2 PCIe 4.0 X4
TEAMGROUP AX2,619.79,512.0,0.061,SSD,,2.5,SATA 6.0 Gb/s
SK Hynix Gold P31,881.8,500.0,0.088,SSD,,M.2-2280,M.2 PCIe 3.0 X4
Intenso Top Performance,715.0,512.0,0.07,SSD,,M.2-2280,M.2 SATA
ADATA LEGEND 960 MAX,1799.8,1000.0,0.09,SSD,,M.2-2280,M.2 PCIe 4.0 X4
GOODRAM PX700,2146.6,1024.0,0.105,SSD,,M.2-2280,M.2 PCIe 4.0 X4
Kingston A2000,1999.8,250.0,0.4,SSD,,M.2-2280,M.2 PCIe 3.0 X4
KIOXIA EXCERIA,1486.2,960.0,0.077,SSD,,2.5,SATA 6.0 Gb/s
Corsair MP600 GS,1399.6,500.0,0.14,SSD,,M.2-2280,M.2 PCIe 4.0 X4
Addlink S70,657.6,512.0,0.064,SSD,,M.2-2280,M.2 PCIe 3.0 X4
Corsair MP700 PRO w/Heatsink,11099.8,4000.0,0.139,SSD,,M.2-2280,M.2 PCIe 5.0 X4
ADATA SU800,958.8,256.0,0.187,SSD,,2.5,SATA 6.0 Gb/s
Corsair MP600 GS,1457.6,1000.0,0.073,SSD,,M.2-2280,M.2 PCIe 4.0 X4
Kingston Fury Renegade with Heat Sink,2199.79,1000.0,0.11,SSD,,M.2-2280,M.2 PCIe 4.0 X4
TEAMGROUP T-FORCE Z44A7,,1000.0,,SSD,,M.2-2280,M.2 PCIe 4.0 X4
Samsung 840 Pro,,128.0,,SSD,,2.5,SATA 6.0 Gb/s
TEAMGROUP T-Force Cardea Z540,2799.8,1000.0,0.14,SSD,,M.2-2280,M.2 PCIe 5.0 X4
Corsair MP700 PRO SE with Air Cooler,5679.8,2000.0,0.142,SSD,,M.2-2280,M.2 PCIe 5.0 X4
MSI SPATIUM M470,2999.8,1000.0,0.15,SSD,,M.2-2280,M.2 PCIe 4.0 X4
Samsung MZVPV512HDGL-00000,1380.0,512.0,0.135,SSD,,M.2-2280,M.2 PCIe 3.0 X4
Samsung 850 Pro,4017.4,512.0,0.392,SSD,,2.5,SATA 6.0 Gb/s
Western Digital WD Red Pro,3999.8,8000.0,0.025,7200,256.0,3.5,SATA 6.0 Gb/s
Acer FA200,,1000.0,,SSD,,M.2-2280,M.2 PCIe 4.0 X4
Western Digital Green,1999.8,2000.0,0.05,SSD,,2.5,SATA 6.0 Gb/s
Patriot Burst Elite,1039.8,960.0,0.054,SSD,,2.5,SATA 6.0 Gb/s
Transcend 110S,419.79,128.0,0.164,SSD,,M.2-2280,M.2 PCIe 3.0 X4
Seagate FireCuda,,8000.0,,7200,256.0,3.5,SATA 6.0 Gb/s
Kingston KC600,1799.8,1024.0,0.088,SSD,,2.5,SATA 6.0 Gb/s
Western Digital WD_BLACK,2599.8,4000.0,0.032,7200,256.0,3.5,SATA 6.0 Gb/s
MSI SPATIUM S270,780.0,240.0,0.163,SSD,,2.5,SATA 6.0 Gb/s
Western Digital Red,2838.8,4000.0,0.035,5400,256.0,3.5,SATA 6.0 Gb/s
Western Digital Caviar Green,,2000.0,,5400,32.0,3.5,SATA 3.0 Gb/s
TEAMGROUP T-Force Cardea A440 Pro,,2000.0,,SSD,,M.2-2280,M.2 PCIe 4.0 X4
Seagate Surveillance HDD,,2000.0,,5900,64.0,3.5,SATA 6.0 Gb/s
Western Digital Red SN700,2000.0,1000.0,0.1,SSD,,M.2-2280,M.2 PCIe 3.0 X4
Western Digital Ultrastar DC HC550,6209.8,16000.0,0.019,7200,512.0,3.5,SATA 6.0 Gb/s
TEAMGROUP CX2,979.8,1000.0,0.049,SSD,,2.5,SATA 6.0 Gb/s
Western Digital Blue SN550,1399.8,500.0,0.14,SSD,,M.2-2280,M.2 PCIe 3.0 X4
Intel 665p,,1000.0,,SSD,,M.2-2280,M.2 PCIe 3.0 X4
Intel 660p,3980.0,2048.0,0.097,SSD,,M.2-2280,M.2 PCIe 3.0 X4
Western Digital Blue,2059.79,2000.0,0.051,5400,256.0,3.5,SATA 6.0 Gb/s
Toshiba MD07ACA,,12.0,,7200,256.0,3.5,SATA 6.0 Gb/s
Western Digital Black AN1500,17754.2,2000.0,0.444,SSD,,PCIe,PCIe x8
Hitachi Ultrastar 7K6000,1512.6,4000.0,0.019,7200,128.0,3.5,SATA 6.0 Gb/s
Crucial T705 W/Heatsink Limited Edition,,2000.0,,SSD,,M.2-2280,M.2 PCIe 5.0 X4
Seagate IronWolf Pro,5100.0,8000.0,0.032,7200,256.0,3.5,SATA 6.0 Gb/s
Western Digital Black SN850,4459.8,2000.0,0.111,SSD,,M.2-2280,M.2 PCIe 4.0 X4
Seagate IronWolf NAS,4600.0,6000.0,0.038,7200,256.0,3.5,SATA 6.0 Gb/s
Samsung 850 Evo,,120.0,,SSD,,2.5,SATA 6.0 Gb/s
Toshiba P300,,2000.0,,7200,64.0,3.5,SATA 6.0 Gb/s
TEAMGROUP T-Force Cardea Z540,4399.8,2000.0,0.11,SSD,,M.2-2280,M.2 PCIe 5.0 X4
Intenso High Performance,419.0,120.0,0.175,SSD,,2.5,SATA 6.0 Gb/s
Hitachi 0F23663,20900.0,6000.0,0.174,7200,128.0,3.5,SATA 6.0 Gb/s
Orico D10,2399.79,2000.0,0.06,SSD,,M.2-2280,M.2 PCIe 3.0 X4
Western Digital Green,980.0,240.0,0.204,SSD,,M.2-2280,M.2 SATA
Gigabyte Gen3 2500E,,1000.0,,SSD,,M.2-2280,M.2 PCIe 3.0 X4
SanDisk Ultra 3D,2263.0,500.0,0.226,SSD,,2.5,SATA 6.0 Gb/s
Crucial P510 W/Heatsink,3799.8,2000.0,0.095,SSD,,M.2-2280,M.2 PCIe 5.0 X4
Seagate Exos X14,4999.8,14000.0,0.018,7200,256.0,3.5,SATA 6.0 Gb/s
Lexar NM790 w/Heatsink,1429.6,1000.0,0.071,SSD,,M.2-2280,M.2 PCIe 4.0 X4
PNY CS3140,1499.8,1000.0,0.075,SSD,,M.2-2280,M.2 PCIe 4.0 X4
Seagate ST500VT000,,500.0,,5400,16.0,2.5,SATA 3.0 Gb/s
Samsung 960 Pro,3917.2,512.0,0.383,SSD,512.0,M.2-2280,M.2 PCIe 3.0 X4
Lexar NS100,1099.8,1000.0,0.055,SSD,,2.5,SATA 6.0 Gb/s
FanXiang S101,1139.8,1000.0,0.057,SSD,,2.5,SATA 6.0 Gb/s
Intel 670p,3360.0,2000.0,0.084,SSD,,M.2-2280,M.2 PCIe 3.0 X4
Corsair MP400,,1000.0,,SSD,,M.2-2280,M.2 PCIe 3.0 X4
Kingston Fury Renegade with Heat Sink,6380.0,4000.0,0.08,SSD,,M.2-2280,M.2 PCIe 4.0 X4
Mushkin Vortex Redline,1859.8,1000.0,0.093,SSD,1024.0,M.2-2280,M.2 PCIe 4.0 X4
Gigabyte AORUS Gen4,3093.6,1000.0,0.155,SSD,,M.2-2280,M.2 PCIe 4.0 X4
Orico J-10,,1000.0,,SSD,,M.2-2280,M.2 PCIe 3.0 X4
Biwin M350,,2000.0,,SSD,,M.2-2280,M.2 PCIe 4.0 X4
Western Digital Blue,1699.8,4000.0,0.021,5400,64.0,3.5,SATA 6.0 Gb/s
Sabrent Rocket 4,3999.8,2000.0,0.1,SSD,,M.2-2280,M.2 PCIe 4.0 X4
TEAMGROUP T-Force Z44A7Q,,2000.0,,SSD,,M.2-2280,M.2 PCIe 4.0 X4
Gigabyte AORUS Gen4 5000E,,2000.0,,SSD,,M.2-2280,M.2 PCIe 4.0 X4
ADATA XPG GAMMIX S60 Blade,,2000.0,,SSD,,M.2-2280,M.2 PCIe 4.0 X4
MSI SPATIUM M580 FROZR,6459.8,2000.0,0.161,SSD,4096.0,M.2-2280,M.2 PCIe 5.0 X4
Samsung 860 Evo,7446.4,4000.0,0.093,SSD,4096.0,2.5,SATA 6.0 Gb/s
Corsair MP600 PRO XT,7399.8,4000.0,0.092,SSD,,M.2-2280,M.2 PCIe 4.0 X4
Intel 660p,2980.0,1000.0,0.149,SSD,,M.2-2280,M.2 PCIe 3.0 X4
ADATA XPG SX8200 Pro,,2000.0,,SSD,,M.2-2280,M.2 PCIe 3.0 X4
HP EX920,1359.6,512.0,0.133,SSD,512.0,M.2-2280,M.2 PCIe 3.0 X4
Corsair MP600 PRO NH,1999.8,1000.0,0.1,SSD,,M.2-2280,M.2 PCIe 4.0 X4
Western Digital Blue,759.8,1000.0,0.038,5400,8.0,2.5,SATA 6.0 Gb/s
Seagate FireCuda 520,1998.0,1000.0,0.1,SSD,,M.2-2280,M.2 PCIe 4.0 X4
Sabrent Rocket Q,,8000.0,,SSD,,M.2-2280,M.2 PCIe 3.0 X4
PNY CS3140,2799.8,2000.0,0.07,SSD,,M.2-2280,M.2 PCIe 4.0 X4
Intel DC P4511,3180.0,1000.0,0.159,SSD,,M.2-22110,M.2 PCIe 3.0 X4
Crucial P2,4999.8,2000.0,0.125,SSD,,M.2-2280,M.2 PCIe 3.0 X4
Crucial P5,8660.59,1000.0,0.433,SSD,,M.2-2280,M.2 PCIe 3.0 X4
MSI SPATIUM M461,4999.8,4000.0,0.062,SSD,,M.2-2280,M.2 PCIe 4.0 X4
Lexar NS100,1443.4,512.0,0.141,SSD,,2.5,SATA 6.0 Gb/s
Western Digital Green SN350,3510.6,480.0,0.366,SSD,,M.2-2280,M.2 PCIe 3.0 X4
Seagate Archive HDD v2,2792.6,5000.0,0.028,5900,128.0,3.5,SATA 6.0 Gb/s
Western Digital Red,2080.0,3000.0,0.035,5400,64.0,3.5,SATA 6.0 Gb/s
Toshiba DT01ACA050,679.4,500.0,0.068,7200,32.0,3.5,SATA 6.0 Gb/s
Silicon Power A55,,1000.0,,SSD,,M.2-2280,M.2 SATA
Western Digital Blue SN570,4799.8,2000.0,0.12,SSD,,M.2-2280,M.2 PCIe 3.0 X4
Western Digital Caviar Green,,500.0,,5400,32.0,3.5,SATA 3.0 Gb/s
KingSpec P3,,2000.0,,SSD,,2.5,SATA 6.0 Gb/s
TEAMGROUP Cardea A440,1599.6,1000.0,0.08,SSD,,M.2-2280,M.2 PCIe 4.0 X4
Lexar NM790 w/Heatsink,4789.8,4000.0,0.06,SSD,,M.2-2280,M.2 PCIe 4.0 X4
Seagate FireCuda 530R,6899.8,4000.0,0.086,SSD,,M.2-2280,M.2 PCIe 4.0 X4
Western Digital Black SN750 SE,,1000.0,,SSD,,M.2-2280,M.2 PCIe 4.0 X4
Toshiba X300 Pro,7179.8,18000.0,0.02,7200,512.0,3.5,SATA 6.0 Gb/s
TEAMGROUP MP44,14499.8,8000.0,0.091,SSD,,M.2-2280,M.2 PCIe 4.0 X4
Kingston SSDNow UV400,,240.0,,SSD,,2.5,SATA 6.0 Gb/s
Seagate IronWolf Pro,4999.8,12000.0,0.021,7200,256.0,3.5,SATA 6.0 Gb/s
MSI SPATIUM S270,,960.0,,SSD,,2.5,SATA 6.0 Gb/s
Biwin Black Opal X570 Pro,,1000.0,,SSD,1024.0,M.2-2280,M.2 PCIe 5.0 X4
Seagate FireCuda,,2000.0,,,64.0,3.5,SATA 6.0 Gb/s
KIOXIA EXCERIA,793.6,480.0,0.083,SSD,,2.5,SATA 6.0 Gb/s
Seagate IronWolf Pro NAS,1899.8,2000.0,0.047,7200,256.0,3.5,SATA 6.0 Gb/s
Gigabyte GP-GSTFS31240GNTD,1453.8,240.0,0.303,SSD,,2.5,SATA 6.0 Gb/s
Western Digital AV-GP,284.2,320.0,0.044,5400,8.0,3.5,SATA 3.0 Gb/s
Western Digital Caviar Black,,1000.0,,7200,64.0,3.5,SATA 6.0 Gb/s
Klevv CRAS C710,,1000.0,,SSD,,M.2-2280,M.2 PCIe 3.0 X4
Western Digital Black SN750,4790.0,2000.0,0.12,SSD,,M.2-2280,M.2 PCIe 3.0 X4
Western Digital Blue,2020.0,4000.0,0.025,5400,64.0,3.5,SATA 6.0 Gb/s
Lexar NQ780,4389.8,4000.0,0.055,SSD,,M.2-2280,M.2 PCIe 4.0 X4
ADATA XPG GAMMIX S70 Blade,5499.8,4000.0,0.069,SSD,,M.2-2280,M.2 PCIe 4.0 X4
Intel Optane 905P,,1500.0,,SSD,,PCIe,PCIe x4
Seagate FireCuda,,4000.0,,7200,256.0,3.5,SATA 6.0 Gb/s
Inland TN320,1299.6,1000.0,0.065,SSD,,M.2-2280,M.2 PCIe 3.0 X4
Addlink S91,2880.0,2000.0,0.072,SSD,,M.2-2230,M.2 PCIe 4.0 X4
Seagate Exos 7E10 512e/4Kn,4368.2,8000.0,0.027,7200,256.0,3.5,SATA 6.0 Gb/s
Seagate IronWolf NAS,4999.8,12000.0,0.021,7200,256.0,3.5,SATA 6.0 Gb/s
Crucial T500 W/Heatsink,6199.8,4000.0,0.077,SSD,,M.2-2280,M.2 PCIe 4.0 X4
Seagate Barracuda Compute,1898.8,3000.0,0.032,5400,256.0,3.5,SATA 6.0 Gb/s
Patriot P220,619.79,512.0,0.061,SSD,,2.5,SATA 6.0 Gb/s
Seagate BarraCuda Pro,,8000.0,,7200,256.0,3.5,SATA 6.0 Gb/s
Silicon Power XS70,4365.6,2000.0,0.109,SSD,,M.2-2280,M.2 PCIe 4.0 X4
Addlink S70,1157.6,1000.0,0.058,SSD,,M.2-2280,M.2 PCIe 3.0 X4
Transcend TS32GSSD370S,679.4,32.0,1.062,SSD,,2.5,SATA 6.0 Gb/s
Intenso Top Performance,599.2,128.0,0.234,SSD,,M.2-2280,M.2 SATA
Samsung 860 Evo,3799.8,500.0,0.38,SSD,512.0,M.2-2280,M.2 SATA
KIOXIA EXCERIA PLUS G4,,2000.0,,SSD,,M.2-2280,M.2 PCIe 5.0 X4
Corsair MP600 GS,3299.8,2000.0,0.082,SSD,,M.2-2280,M.2 PCIe 4.0 X4
Samsung 840 Pro,4803.2,256.0,0.938,SSD,,2.5,SATA 6.0 Gb/s
SanDisk Ultra 3D,,1000.0,,SSD,,2.5,SATA 6.0 Gb/s
Lexar Professional NM800PRO w/Heatsink,1659.8,1000.0,0.083,SSD,,M.2-2280,M.2 PCIe 4.0 X4
ADATA LEGEND 860,1079.0,500.0,0.108,SSD,,M.2-2280,M.2 PCIe 4.0 X4
Western Digital Green,840.0,480.0,0.087,SSD,,2.5,SATA 6.0 Gb/s
Netac NV3000,,500.0,,SSD,,M.2-2280,M.2 PCIe 3.0 X4
Seagate Momentus Thin,1128.0,500.0,0.113,5400,16.0,2.5,SATA 3.0 Gb/s
TEAMGROUP MP34,,2000.0,,SSD,,M.2-2280,M.2 PCIe 3.0 X4
Seagate Game Drive,21489.2,4000.0,0.269,SSD,,M.2-2280,M.2 PCIe 4.0 X4
MSI SPATIUM M371,,500.0,,SSD,,M.2-2280,M.2 PCIe 3.0 X4
Inland Platinum,2199.79,2000.0,0.055,SSD,,2.5,SATA 6.0 Gb/s
Seagate IronWolf NAS,3100.0,4000.0,0.039,5900,64.0,3.5,SATA 6.0 Gb/s
Western Digital WD Red Pro,8980.0,22000.0,0.02,7200,512.0,3.5,SATA 6.0 Gb/s
FanXiang S500 Pro,519.79,256.0,0.102,SSD,,M.2-2280,M.2 PCIe 3.0 X4
Western Digital Blue,6199.8,4000.0,0.077,SSD,,2.5,SATA 6.0 Gb/s
PNY CS900,511.8,120.0,0.213,SSD,,2.5,SATA 6.0 Gb/s
MSI SPATIUM M390,,500.0,,SSD,,M.2-2280,M.2 PCIe 3.0 X4
Seagate Exos X22,8999.79,22000.0,0.02,7200,512.0,3.5,SATA 6.0 Gb/s
Seagate Enterprise Capacity,1399.6,3000.0,0.023,7200,128.0,3.5,SATA 6.0 Gb/s
Seagate FireCuda 530,5699.8,2000.0,0.142,SSD,,M.2-2280,M.2 PCIe 4.0 X4
TEAMGROUP AX2,379.6,256.0,0.074,SSD,,2.5,SATA 6.0 Gb/s
Seagate BarraCuda Q5,839.8,500.0,0.084,SSD,,M.2-2280,M.2 PCIe 3.0 X4
Hitachi Ultrastar SN260,6460.0,1600.0,0.202,SSD,,PCIe,PCIe x8
XOC Nitro,546.59,512.0,0.053,SSD,,2.5,SATA 6.0 Gb/s
Corsair MP700 Elite w/Heatsink,2499.79,1000.0,0.125,SSD,,M.2-2280,M.2 PCIe 5.0 X4
Inland Professional,399.6,120.0,0.166,SSD,,2.5,SATA 6.0 Gb/s
Netac NV7000-t,1395.6,1000.0,0.07,SSD,,M.2-2280,M.2 PCIe 4.0 X4
Corsair MP510,1902.0,480.0,0.198,SSD,,M.2-2280,M.2 PCIe 3.0 X4
Corsair MP600 PRO LPX,1999.8,1000.0,0.1,SSD,,M.2-2280,M.2 PCIe 4.0 X4
Toshiba MQ01ABD-V,677.2,1000.0,0.034,5400,,2.5,SATA 6.0 Gb/s
Samsung 950 PRO,,512.0,,SSD,512.0,M.2-2280,M.2 PCIe 3.0 X4
Toshiba N300,2854.2,4000.0,0.036,7200,256.0,3.5,SATA 6.0 Gb/s
Inland TN320,539.79,256.0,0.105,SSD,,M.2-2280,M.2 PCIe 3.0 X4
Patriot P320,2099.79,2000.0,0.052,SSD,,M.2-2280,M.2 PCIe 3.0 X4
Western Digital Black,999.8,1000.0,0.05,7200,64.0,2.5,SATA 6.0 Gb/s
Seagate BarraCuda,1160.0,1000.0,0.058,7200,32.0,3.5,SATA 3.0 Gb/s
Western Digital Blue SN550,899.8,250.0,0.18,SSD,,M.2-2280,M.2 PCIe 3.0 X4
Samsung 840 Evo,,120.0,,SSD,,2.5,SATA 6.0 Gb/s
Sabrent Rocket 4.0,,1000.0,,SSD,,M.2-2280,M.2 PCIe 4.0 X4
Corsair MP600 ELITE w/Heatsink,1899.8,1000.0,0.095,SSD,,M.2-2280,M.2 PCIe 4.0 X4
ADATA XPG SPECTRIX S40G RGB,,1000.0,,SSD,,M.2-2280,M.2 PCIe 3.0 X4
Seagate IronWolf Pro NAS,5399.8,14000.0,0.019,7200,256.0,3.5,SATA 6.0 Gb/s
Western Digital Red Plus,1799.8,3000.0,0.03,5400,256.0,3.5,SATA 6.0 Gb/s
Apacer AS2280P4,1058.0,512.0,0.103,SSD,,M.2-2280,M.2 PCIe 3.0 X4
ADATA XPG SX8200 Pro,,256.0,,SSD,,M.2-2280,M.2 PCIe 3.0 X4
Samsung Spinpoint F3,,500.0,,7200,16.0,3.5,SATA 3.0 Gb/s
Seagate NAS HDD,,1000.0,,5900,64.0,3.5,SATA 6.0 Gb/s
Lexar NM1090 w/ Heatsink,6149.0,2000.0,0.154,SSD,,M.2-2280,M.2 PCIe 5.0 X4
MSI SPATIUM M470,14747.6,2000.0,0.369,SSD,,M.2-2280,M.2 PCIe 4.0 X4
ADATA SU800,1925.8,1000.0,0.096,SSD,,2.5,SATA 6.0 Gb/s
Crucial MX300,,525.0,,SSD,,2.5,SATA 6.0 Gb/s
Western Digital PC SN730,950.0,256.0,0.186,SSD,,M.2-2280,M.2 PCIe 3.0 X4
Klevv CRAS C715,,1000.0,,SSD,,M.2-2280,M.2 PCIe 4.0 X4
Western Digital Gold,7999.8,20000.0,0.02,7200,512.0,3.5,SATA 6.0 Gb/s
Gigabyte 4000E,,500.0,,SSD,,M.2-2280,M.2 PCIe 4.0 X4
Western Digital Red SA500,6299.8,4000.0,0.079,SSD,,2.5,SATA 6.0 Gb/s
Inland TN470,2599.8,2000.0,0.065,SSD,,M.2-2280,M.2 PCIe 4.0 X4
KIOXIA EXCERIA PLUS G4,,1000.0,,SSD,,M.2-2280,M.2 PCIe 5.0 X4
Orico e7400,,1000.0,,SSD,,M.2-2280,M.2 PCIe 4.0 X4
Corsair MP600 PRO XT,2099.79,1000.0,0.105,SSD,,M.2-2280,M.2 PCIe 4.0 X4
ADATA XPG SX6000 Pro,1099.8,512.0,0.107,SSD,,M.2-2280,M.2 PCIe 3.0 X4
Silicon Power A55,595.2,128.0,0.233,SSD,,2.5,SATA 6.0 Gb/s
Western Digital Gold,4999.8,10000.0,0.025,7200,256.0,3.5,SATA 6.0 Gb/s
Corsair MP600,,1000.0,,SSD,,M.2-2280,M.2 PCIe 4.0 X4
MSI SPATIUM M450,,2000.0,,SSD,,M.2-2280,M.2 PCIe 4.0 X4
Western Digital Blue Mobile,1424.6,2000.0,0.036,5400,128.0,2.5,SATA 6.0 Gb/s
Crucial T710,3099.8,1000.0,0.155,SSD,,M.2-2280,M.2 PCIe 5.0 X4
Corsair MP600 PRO LPX,6199.8,4000.0,0.077,SSD,,M.2-2280,M.2 PCIe 4.0 X4
TEAMGROUP CX2,619.79,512.0,0.061,SSD,,2.5,SATA 6.0 Gb/s
Gigabyte AORUS Gen4,,500.0,,SSD,512.0,M.2-2280,M.2 PCIe 4.0 X4
Sabrent Rocket 4.0,,500.0,,SSD,,M.2-2280,M.2 PCIe 4.0 X4
Western Digital Red,9399.79,14000.0,0.034,5400,,3.5,SATA 6.0 Gb/s
Corsair MP700,,1000.0,,SSD,,M.2-2280,M.2 PCIe 5.0 X4
MSI SPATIUM M390,1599.0,1000.0,0.08,SSD,,M.2-2280,M.2 PCIe 3.0 X4
Toshiba P300,,3000.0,,7200,64.0,3.5,SATA 6.0 Gb/s
ADATA Ultimate SU650,,120.0,,SSD,,2.5,SATA 6.0 Gb/s
Seagate SkyHawk Surveillance +Rescue,2424.0,4000.0,0.03,5400,256.0,3.5,SATA 6.0 Gb/s
Western Digital Ultrastar DC HC550,9399.79,18000.0,0.026,7200,512.0,3.5,SATA 6.0 Gb/s
Netac NV7000,2640.8,2000.0,0.066,SSD,,M.2-2280,M.2 PCIe 4.0 X4
Western Digital Black AN1500,,4000.0,,SSD,,PCIe,PCIe x8
Seagate IronWolf,,12000.0,,7200,256.0,3.5,SATA 6.0 Gb/s
Western Digital Red SA500,2052.4,1000.0,0.103,SSD,,2.5,SATA 6.0 Gb/s
Seagate IronWolf Pro,4689.0,10000.0,0.023,7200,256.0,3.5,SATA 6.0 Gb/s
MSI SPATIUM S270,699.4,480.0,0.073,SSD,,2.5,SATA 6.0 Gb/s
Lexar NM610PRO,,500.0,,SSD,,M.2-2280,M.2 PCIe 3.0 X4
Seagate BarraCuda Pro,,4000.0,,7200,128.0,3.5,SATA 6.0 Gb/s
TEAMGROUP T-Create Classic C47,2399.79,2000.0,0.06,SSD,,M.2-2280,M.2 PCIe 4.0 X4
Corsair MP600 ELITE,6199.8,4000.0,0.077,SSD,,M.2-2280,M.2 PCIe 4.0 X4
Western Digital WD Red Pro,1999.8,2000.0,0.05,7200,64.0,3.5,SATA 6.0 Gb/s
ADATA LEGEND 700,1599.6,1000.0,0.08,SSD,,M.2-2280,M.2 PCIe 3.0 X4
ADATA LEGEND 850 LITE,1459.6,1000.0,0.073,SSD,,M.2-2280,M.2 PCIe 4.0 X4
ADATA XPG GAMMIX S60 Blade,,512.0,,SSD,,M.2-2280,M.2 PCIe 4.0 X4
Samsung PM951,,512.0,,SSD,,M.2-2280,M.2 PCIe 3.0 X4
Kingston SSDNow KC400,,1000.0,,SSD,,2.5,SATA 6.0 Gb/s
KingSpec NE-2280,,1000.0,,SSD,,M.2-2280,M.2 PCIe 3.0 X4
Western Digital Gold,6399.8,18000.0,0.018,7200,512.0,3.5,SATA 6.0 Gb/s
Nextorage NEM-PAB,2499.79,2000.0,0.062,SSD,,M.2-2280,M.2 PCIe 4.0 X4
TEAMGROUP QX,969.8,1000.0,0.048,SSD,,2.5,SATA 6.0 Gb/s
Western Digital AV-GP,699.8,1000.0,0.035,5400,64.0,3.5,SATA 6.0 Gb/s
Seagate ST1000LM014,1039.8,1000.0,0.052,,64.0,2.5,SATA 6.0 Gb/s
Corsair MP600 PRO NH,7299.8,4000.0,0.091,SSD,,M.2-2280,M.2 PCIe 4.0 X4
Western Digital Black AN1500,,1000.0,,SSD,,PCIe,PCIe x8
Samsung 860 QVO,5100.0,2000.0,0.128,SSD,,2.5,SATA 6.0 Gb/s
Seagate IronWolf NAS,2536.8,2000.0,0.063,5400,256.0,3.5,SATA 6.0 Gb/s
PNY CS900,980.0,240.0,0.204,SSD,,2.5,SATA 6.0 Gb/s
Samsung 750 EVO,,250.0,,SSD,,2.5,SATA 6.0 Gb/s
Western Digital Red SN700,7399.8,4000.0,0.092,SSD,,M.2-2280,M.2 PCIe 3.0 X4
Gigabyte GP-GSTFS31480GNTD,932.0,480.0,0.097,SSD,,2.5,SATA 6.0 Gb/s
TEAMGROUP T-FORCE G50,999.8,512.0,0.098,SSD,,M.2-2280,M.2 PCIe 4.0 X4
ADATA MARS 980 BLADE,2419.79,1000.0,0.121,SSD,,M.2-2280,M.2 PCIe 5.0 X4
Lexar NS100,379.6,128.0,0.148,SSD,,2.5,SATA 6.0 Gb/s
Samsung MZVPV256HDGL-00000,,256.0,,SSD,,M.2-2280,M.2 PCIe 3.0 X4
Seagate EXOS Enterprise,3180.0,4000.0,0.04,7200,256.0,3.5,SATA 6.0 Gb/s
Oyen Digital E18-8TBICS5,17380.0,8000.0,0.109,SSD,,M.2-2280,M.2 PCIe 4.0 X4
Western Digital Green SN350,2890.6,240.0,0.602,SSD,,M.2-2280,M.2 PCIe 3.0 X4
Seagate NAS HDD,,8000.0,,7200,256.0,3.5,SATA 6.0 Gb/s
Inland Professional,699.8,512.0,0.068,SSD,,2.5,SATA 6.0 Gb/s
Seagate SkyHawk AI,6999.8,20000.0,0.017,7200,256.0,3.5,SATA 6.0 Gb/s
Samsung 860 Evo,2123.4,250.0,0.425,SSD,512.0,M.2-2280,M.2 SATA
SK Hynix Gold S31 1000,,1000.0,,SSD,,2.5,SATA 6.0 Gb/s
Seagate IronWolf Pro NAS,4999.8,10000.0,0.025,7200,256.0,3.5,SATA 6.0 Gb/s
Lexar NM610PRO,,2000.0,,SSD,,M.2-2280,M.2 PCIe 3.0 X4
ADATA LEGEND 960 MAX,5695.4,2000.0,0.142,SSD,,M.2-2280,M.2 PCIe 4.0 X4
Seagate FireCuda 530R w/Heatsink,3599.8,2000.0,0.09,SSD,,M.2-2280,M.2 PCIe 4.0 X4
Kingston SSDNow V300,2512.4,240.0,0.523,SSD,,2.5,SATA 6.0 Gb/s
Timetec 30TT253X2,559.79,512.0,0.055,SSD,,2.5,SATA 6.0 Gb/s
Kingston KC600,3701.8,2048.0,0.09,SSD,,2.5,SATA 6.0 Gb/s
Gigabyte GP-GSM2NE3256GNTD,3854.8,256.0,0.753,SSD,,M.2-2280,M.2 PCIe 3.0 X4
FanXiang S101,679.8,512.0,0.066,SSD,,2.5,SATA 6.0 Gb/s
Kingston SSDNow V200,1599.6,128.0,0.625,SSD,,2.5,SATA 6.0 Gb/s
Toshiba HDD2K12,,750.0,,5400,8.0,2.5,SATA 3.0 Gb/s
Western Digital VelociRaptor,,1000.0,,10000,64.0,3.5,SATA 6.0 Gb/s
TEAMGROUP T-Force GE PRO Graphene,,8000.0,,SSD,,M.2-2280,M.2 PCIe 5.0 X4
Silicon Power A58,1859.8,2000.0,0.046,SSD,,2.5,SATA 6.0 Gb/s
Seagate IronWolf NAS,8662.0,16000.0,0.027,7200,256.0,3.5,SATA 6.0 Gb/s
Lexar EQ790,,4000.0,,SSD,,M.2-2280,M.2 PCIe 4.0 X4
Integral V Series 2,,1000.0,,SSD,,2.5,SATA 6.0 Gb/s
ADATA LEGEND 900 PRO,,1000.0,,SSD,,M.2-2280,M.2 PCIe 4.0 X4
Western Digital WD_BLACK,6889.0,8000.0,0.043,7200,128.0,3.5,SATA 6.0 Gb/s
Patriot P400,1299.6,1000.0,0.065,SSD,,M.2-2280,M.2 PCIe 4.0 X4
Micron 7400 PRO,14999.8,3840.0,,SSD,,M.2-22110,M.2 PCIe 4.0 X4
Western Digital Black SN750,,250.0,,SSD,,M.2-2280,M.2 PCIe 3.0 X4
ADATA XPG GAMMIX S70 Blade,1423.6,512.0,0.139,SSD,,M.2-2280,M.2 PCIe 4.0 X4
Acer FA100,759.8,512.0,0.074,SSD,,M.2-2280,M.2 PCIe 3.0 X4
ADATA Ultimate SU650,763.0,480.0,0.079,SSD,,2.5,SATA 6.0 Gb/s
ADATA SU800,,128.0,,SSD,,2.5,SATA 6.0 Gb/s
Western Digital WD Red Pro,6299.8,14000.0,0.022,7200,512.0,3.5,SATA 6.0 Gb/s
Seagate BarraCuda Pro,,14000.0,,7200,256.0,3.5,SATA 6.0 Gb/s
Western Digital Blue,4339.8,2000.0,0.108,SSD,,M.2-2280,M.2 SATA
Lexar NQ710,,1000.0,,SSD,,M.2-2280,M.2 PCIe 4.0 X4
Timetec PINNACLE SD1-INDEX,1319.8,1000.0,0.066,SSD,,M.2-2280,M.2 PCIe 4.0 X4
TEAMGROUP CX2,399.79,256.0,0.078,SSD,,2.5,SATA 6.0 Gb/s
Netac NV3000,,1000.0,,SSD,,M.2-2280,M.2 PCIe 3.0 X4
Western Digital WD_BLACK SN8100 w/Heatsink,,2000.0,,SSD,2048.0,M.2-2280,M.2 PCIe 5.0 X4
Western Digital Caviar Black,,1000.0,,7200,32.0,3.5,SATA 3.0 Gb/s
PNY CS2241,4599.8,4000.0,0.057,SSD,,M.2-2280,M.2 PCIe 4.0 X4
Hitachi HDS723030ALA640,1399.6,3000.0,0.023,7200,64.0,3.5,SATA 6.0 Gb/s
Kingston Q500,1348.6,960.0,0.07,SSD,,2.5,SATA 6.0 Gb/s
Western Digital WD_BLACK,4399.8,6000.0,0.037,7200,256.0,3.5,SATA 6.0 Gb/s
Toshiba X300,2980.0,4000.0,0.037,7200,128.0,3.5,SATA 6.0 Gb/s
Western Digital Blue,2199.79,2000.0,0.055,5400,64.0,3.5,SATA 6.0 Gb/s
Western Digital WD_BLACK SN770M,3399.8,2000.0,0.085,SSD,,M.2-2230,M.2 PCIe 4.0 X4
PNY CS2140,958.2,500.0,0.096,SSD,,M.2-2280,M.2 PCIe 4.0 X4
HP EX920,2226.39,1000.0,0.111,SSD,1024.0,M.2-2280,M.2 PCIe 3.0 X4
Lexar NS100,2199.79,2000.0,0.055,SSD,,2.5,SATA 6.0 Gb/s
Samsung 960 Pro,7999.8,1000.0,0.4,SSD,1024.0,M.2-2280,M.2 PCIe 3.0 X4
Lexar NM790,,512.0,,SSD,,M.2-2280,M.2 PCIe 4.0 X4
Sabrent Rocket Q,8617.0,2000.0,0.215,SSD,,M.2-2280,M.2 PCIe 3.0 X4
ADATA XPG GAMMIX S50 Core,,2000.0,,SSD,,M.2-2280,M.2 PCIe 4.0 X4
Western Digital Gold,6999.8,16000.0,0.022,7200,512.0,3.5,SATA 6.0 Gb/s
Seagate Exos X24,6589.0,16000.0,0.021,7200,512.0,3.5,SATA 6.0 Gb/s
Seagate Exos X24,10199.79,24000.0,0.021,7200,512.0,3.5,SAS 12.0 Gb/s
ADATA LEGEND 900 PRO,,2000.0,,SSD,,M.2-2280,M.2 PCIe 4.0 X4
Corsair Force MP500,2589.4,120.0,1.079,SSD,,M.2-2280,M.2 PCIe 3.0 X4
Seagate FireCuda 530R w/Heatsink,7099.8,4000.0,0.089,SSD,,M.2-2280,M.2 PCIe 4.0 X4
Western Digital Red SA500,4538.0,2000.0,0.113,SSD,,2.5,SATA 6.0 Gb/s
Western Digital WD Red Pro,3999.8,6000.0,0.033,7200,256.0,3.5,SATA 6.0 Gb/s
Seagate BarraCuda Pro,6489.0,12000.0,0.027,7200,256.0,3.5,SATA 6.0 Gb/s
Western Digital Red,,4000.0,,5400,64.0,3.5,SATA 6.0 Gb/s
KIOXIA EXCERIA PLUS G2,,500.0,,SSD,,M.2-2280,M.2 PCIe 3.0 X4
Western Digital WD_BLACK SN770M,1790.4,1000.0,0.09,SSD,,M.2-2230,M.2 PCIe 4.0 X4
Seagate Constellation ES.3,960.0,1000.0,0.048,7200,128.0,3.5,SATA 6.0 Gb/s
Lexar NM790 w/Heatsink,2588.0,2000.0,0.065,SSD,,M.2-2280,M.2 PCIe 4.0 X4
Western Digital Blue,2159.79,1000.0,0.108,SSD,,2.5,SATA 6.0 Gb/s
MSI SPATIUM M560,,1000.0,,SSD,,M.2-2280,M.2 PCIe 5.0 X4
Seagate BarraCuda,,250.0,,7200,8.0,3.5,SATA 3.0 Gb/s
SanDisk SSD PLUS,,120.0,,SSD,,2.5,SATA 6.0 Gb/s
Sabrent Rocket 4,6822.6,4000.0,0.085,SSD,,M.2-2280,M.2 PCIe 4.0 X4
Corsair MP700 PRO w/Heatsink,3239.8,1000.0,0.162,SSD,,M.2-2280,M.2 PCIe 5.0 X4
Mushkin Helix-L,759.8,512.0,0.074,SSD,,M.2-2280,M.2 PCIe 4.0 X4
Western Digital Blue Mobile,570.0,500.0,0.057,5400,16.0,2.5,SATA 6.0 Gb/s
Seagate FireCuda 530R w/Heatsink,1699.0,1000.0,0.085,SSD,,M.2-2280,M.2 PCIe 4.0 X4
Seagate Barracuda Compute,1139.8,1000.0,0.057,5400,64.0,3.5,SATA 6.0 Gb/s
Micron 3400,2999.8,1000.0,0.15,SSD,,M.2-2280,M.2 PCIe 4.0 X4
Corsair MP510,,240.0,,SSD,,M.2-2280,M.2 PCIe 3.0 X4
Corsair MP600 Force Series Gen4,,2000.0,,SSD,,M.2-2280,M.2 PCIe 3.0 X4
Western Digital SN520,,512.0,,SSD,,M.2-2280,M.2 PCIe 3.0 X2
Kingston NV1,,2000.0,,SSD,,M.2-2280,M.2 PCIe 3.0 X4
Toshiba MG08ADA800E,4973.2,8000.0,0.031,7200,256.0,3.5,SATA 6.0 Gb/s
KingSpec NXM,739.8,512.0,0.072,SSD,,M.2-2242,M.2 PCIe 3.0 X4
Corsair MP600 Force Series Gen4,,500.0,,SSD,,M.2-2280,M.2 PCIe 4.0 X4
Solidigm P41 Plus,1623.4,500.0,0.162,SSD,,M.2-2280,M.2 PCIe 4.0 X4
Seagate BarraCuda 120,,1000.0,,SSD,,2.5,SATA 6.0 Gb/s
Corsair MP600 ELITE w/Heatsink,3139.8,2000.0,0.078,SSD,,M.2-2280,M.2 PCIe 4.0 X4
Orico Y-20,509.79,512.0,0.05,SSD,,2.5,SATA 6.0 Gb/s
TEAMGROUP T-Force Z44A7Q,,1000.0,,SSD,,M.2-2280,M.2 PCIe 4.0 X4
PNY CS3150 RGB,4399.8,2000.0,0.11,SSD,,M.2-2280,M.2 PCIe 5.0 X4
Inland Professional,459.79,240.0,0.096,SSD,,2.5,SATA 6.0 Gb/s
Seagate ST4000DX001,,4000.0,,,64.0,3.5,SATA 6.0 Gb/s
Acer FA200,,2000.0,,SSD,,M.2-2280,M.2 PCIe 4.0 X4
Biwin M350,,4000.0,,SSD,,M.2-2280,M.2 PCIe 4.0 X4
Toshiba MG03SCA,600.0,1000.0,0.03,7200,64.0,3.5,SAS 6.0 Gb/s
Lexar NQ710,,2000.0,,SSD,,M.2-2280,M.2 PCIe 4.0 X4
Seagate ST1000DX001,1600.0,1000.0,0.08,,64.0,3.5,SATA 6.0 Gb/s
ADATA Legend 800,,500.0,,SSD,,M.2-2280,M.2 PCIe 4.0 X4
Samsung 850 Pro,4399.8,1000.0,0.22,SSD,,2.5,SATA 6.0 Gb/s
ADATA LEGEND 900,1425.0,512.0,0.139,SSD,,M.2-2280,M.2 PCIe 4.0 X4
Crucial BX500,,120.0,,SSD,,2.5,SATA 6.0 Gb/s
Kingston A400,,240.0,,SSD,,M.2-2280,M.2 SATA
FanXiang S660,1386.8,1000.0,0.069,SSD,,M.2-2280,M.2 PCIe 4.0 X4
Hitachi Travelstar Z7K500,,500.0,,7200,32.0,2.5,SATA 6.0 Gb/s
Western Digital Blue Mobile,990.0,1000.0,0.05,5400,128.0,2.5,SATA 6.0 Gb/s
Western Digital Blue SN550,,2000.0,,SSD,,M.2-2280,M.2 PCIe 3.0 X4
Western Digital Blue,699.8,500.0,0.07,7200,32.0,3.5,SATA 6.0 Gb/s
OWC Aura Ultra IV,22999.8,8000.0,0.144,SSD,,M.2-2280,M.2 PCIe 4.0 X4
Oyen Digital Dash Pro w/Heat Sink,16980.0,8000.0,0.106,SSD,,M.2-2280,M.2 PCIe 4.0 X4
ADATA Legend 960,2176.39,1000.0,0.109,SSD,,M.2-2280,M.2 PCIe 4.0 X4
PNY CS900,4399.8,4000.0,0.055,SSD,,2.5,SATA 6.0 Gb/s
Seagate BarraCuda Pro,5759.8,10000.0,0.029,7200,256.0,3.5,SATA 6.0 Gb/s
TEAMGROUP MP34,,4000.0,,SSD,,M.2-2280,M.2 PCIe 3.0 X4
Western Digital Purple Surveillance,2556.6,6000.0,0.021,5400,256.0,3.5,SATA 6.0 Gb/s
Western Digital Black SN850,2533.19,500.0,0.253,SSD,,M.2-2280,M.2 PCIe 4.0 X4
AGI AI818,,1000.0,,SSD,,M.2-2280,M.2 PCIe 4.0 X4
Toshiba X300 Pro,,8000.0,,7200,256.0,3.5,SATA 6.0 Gb/s
Western Digital Green,456.0,240.0,0.095,SSD,,2.5,SATA 6.0 Gb/s
Crucial MX300,2799.8,275.0,0.509,SSD,,2.5,SATA 6.0 Gb/s
Gigabyte GP-GSTFS31100TNTD,1656.4,1000.0,0.083,SSD,,2.5,SATA 6.0 Gb/s
Crucial P5,,500.0,,SSD,,M.2-2280,M.2 PCIe 3.0 X4
Kingston SSDNow UV400,,120.0,,SSD,,2.5,SATA 6.0 Gb/s
Seagate Constellation ES.2,940.0,3000.0,0.016,7200,64.0,3.5,SAS 6.0 Gb/s
TEAMGROUP A440 Lite,2299.79,2000.0,0.057,SSD,,M.2-2280,M.2 PCIe 4.0 X4
TEAMGROUP T-FORCE Z44A7,,4000.0,,SSD,,M.2-2280,M.2 PCIe 4.0 X4
Western Digital WD_BLACK,2999.8,6000.0,0.025,7200,128.0,3.5,SATA 6.0 Gb/s
Verbatim Vi550,759.8,512.0,0.074,SSD,,2.5,SATA 6.0 Gb/s
Corsair MP700 PRO w/Heatsink,5139.8,2000.0,0.128,SSD,,M.2-2280,M.2 PCIe 5.0 X4
Inland Professional,1139.8,1000.0,0.057,SSD,,2.5,SATA 6.0 Gb/s
Lenovo S4520,3104.2,480.0,0.323,SSD,,3.5,SATA 6.0 Gb/s
PNY XLR8 CS3030,3599.8,1000.0,0.18,SSD,,M.2-2280,M.2 PCIe 3.0 X4
HP FX700,,1000.0,,SSD,,M.2-2280,M.2 PCIe 4.0 X4
Inland Premium,,1000.0,,SSD,,M.2-2280,M.2 PCIe 3.0 X4
ADATA XPG GAMMIX S11 Pro,,512.0,,SSD,,M.2-2280,M.2 PCIe 3.0 X4
SK Hynix Gold S31 500,,500.0,,SSD,,2.5,SATA 6.0 Gb/s
GOODRAM CL100 gen.3,,480.0,,SSD,,2.5,SATA 6.0 Gb/s
Western Digital SN530,,1024.0,,SSD,,M.2-2280,M.2 PCIe 3.0 X4
ADATA XPG MARS 980 PRO,,2000.0,,SSD,,M.2-2280,M.2 PCIe 5.0 X4
Patriot P220,1079.8,1000.0,0.054,SSD,,2.5,SATA 6.0 Gb/s
Seagate IronWolf Pro NAS,3840.0,6000.0,0.032,7200,256.0,3.5,SATA 6.0 Gb/s
Western Digital Caviar Blue,460.0,500.0,0.046,5400,8.0,2.5,SATA 6.0 Gb/s
Western Digital Red,5980.0,12000.0,0.025,5400,256.0,3.5,SATA 6.0 Gb/s
Seagate Momentus 5400.6,573.8,500.0,0.057,5400,8.0,2.5,SATA 3.0 Gb/s
Western Digital Black PCIe,5540.8,256.0,1.082,SSD,,M.2-2280,M.2 PCIe 3.0 X4
Samsung SM951,,128.0,,SSD,256.0,M.2-2280,M.2 PCIe 3.0 X4
Patriot P220,1899.8,2000.0,0.047,SSD,,2.5,SATA 6.0 Gb/s
Corsair MP600 MICRO,1899.8,1000.0,0.095,SSD,,M.2-2242,M.2 PCIe 4.0 X4
Western Digital WD_BLACK,939.8,500.0,0.094,7200,64.0,3.5,SATA 6.0 Gb/s
FanXiang S500 Pro,2193.8,2000.0,0.055,SSD,,M.2-2280,M.2 PCIe 3.0 X4
Hitachi Deskstar 7K1000.D,,1000.0,,7200,32.0,3.5,SATA 6.0 Gb/s
Seagate Surveillance HDD,,3000.0,,5900,64.0,3.5,SATA 6.0 Gb/s
Lexar NM610,,1000.0,,SSD,,M.2-2280,M.2 PCIe 3.0 X4
Patriot Viper PV553,2199.79,1000.0,0.11,SSD,,M.2-2280,M.2 PCIe 5.0 X4
Intel 710,18119.0,200.0,4.53,SSD,,2.5,SATA 3.0 Gb/s
Seagate ST6000NM0024,2960.0,6000.0,0.025,7200,128.0,3.5,SATA 6.0 Gb/s
Crucial P5,4659.8,2000.0,0.116,SSD,,M.2-2280,M.2 PCIe 3.0 X4
Seagate FireCuda 530,,4000.0,,SSD,,M.2-2280,M.2 PCIe 4.0 X4
SanDisk Ultra 3D,,2000.0,,SSD,,2.5,SATA 6.0 Gb/s
Sabrent Rocket,,512.0,,SSD,,M.2-2280,M.2 PCIe 3.0 X4
Hitachi Ultrastar,,2000.0,,7200,32.0,3.5,SATA 3.0 Gb/s
Apacer AS350 PANTHER,,1000.0,,SSD,,2.5,SATA 6.0 Gb/s
Western Digital Red SN700,3399.8,2000.0,0.085,SSD,,M.2-2280,M.2 PCIe 3.0 X4
Seagate IronWolf NAS,5258.8,10000.0,0.026,7200,,3.5,SATA 6.0 Gb/s
SanDisk Extreme,999.8,500.0,0.1,SSD,,M.2-2280,M.2 PCIe 4.0 X4
Seagate FireCuda 540,3499.8,1000.0,0.175,SSD,,M.2-2280,M.2 PCIe 5.0 X4
TEAMGROUP Cardea Zero Z440 Graphene,,1000.0,,SSD,,M.2-2280,M.2 PCIe 4.0 X4
Western Digital Green,940.0,120.0,0.392,SSD,,M.2-2280,M.2 SATA
Intenso 3812450,879.4,512.0,0.086,SSD,,2.5,SATA 6.0 Gb/s
Seagate IronWolf Pro,4589.0,6000.0,0.038,7200,256.0,3.5,SATA 6.0 Gb/s
Seagate Exos X16,5900.0,14000.0,0.021,7200,256.0,3.5,SATA 6.0 Gb/s
Western Digital WD_BLACK SN850P for PS5,2085.4,1000.0,0.104,SSD,,M.2-2280,M.2 PCIe 4.0 X4
Inland Professional,459.79,256.0,0.09,SSD,,2.5,SATA 6.0 Gb/s
Western Digital Blue,709.59,500.0,0.071,5400,64.0,3.5,SATA 6.0 Gb/s
Kingston NV1,1182.39,250.0,0.236,SSD,,M.2-2280,M.2 PCIe 3.0 X4
Samsung Spinpoint F3,,1000.0,,7200,32.0,3.5,SATA 3.0 Gb/s
Sabrent Rocket,,2000.0,,SSD,,M.2-2280,M.2 PCIe 3.0 X4
KingSpec XG7000,879.8,512.0,0.086,SSD,,M.2-2280,M.2 PCIe 4.0 X4
Western Digital Blue SA510,859.8,500.0,0.086,SSD,,M.2-2280,M.2 SATA
Seagate FireCuda,1680.0,1000.0,0.084,,,2.5,SATA 6.0 Gb/s
Lexar NM710,1399.6,500.0,0.14,SSD,,M.2-2280,M.2 PCIe 4.0 X4
Inland TN450,879.8,500.0,0.088,SSD,,M.2-2280,M.2 PCIe 4.0 X4
Western Digital Ultrastar DC HC330,5399.8,10000.0,0.027,7200,256.0,3.5,SATA 6.0 Gb/s
Samsung 850 Evo,5999.8,2000.0,0.15,SSD,,2.5,SATA 6.0 Gb/s
Western Digital Black,3999.0,512.0,0.391,SSD,,M.2-2280,M.2 PCIe 3.0 X4
Western Digital Caviar Blue,700.0,250.0,0.14,7200,16.0,3.5,SATA 6.0 Gb/s
Crucial MX500,,500.0,,SSD,,M.2-2280,M.2 SATA
TEAMGROUP T-Force Cardea A440 Pro,,1000.0,,SSD,,M.2-2280,M.2 PCIe 4.0 X4
KingSpec NE-2280,,512.0,,SSD,,M.2-2280,M.2 PCIe 3.0 X4
Lexar NQ700,,2000.0,,SSD,,M.2-2280,M.2 PCIe 4.0 X4
Western Digital Red SN700,1291.8,500.0,0.129,SSD,,M.2-2280,M.2 PCIe 3.0 X4
Inland Performance Plus,15799.8,8000.0,0.099,SSD,,M.2-2280,M.2 PCIe 4.0 X4
ADATA LEGEND 800 GOLD,,1000.0,,SSD,,M.2-2280,M.2 PCIe 4.0 X4
ADATA XPG SPECTRIX S20G,2692.8,1000.0,0.135,SSD,,M.2-2280,M.2 PCIe 3.0 X4
Seagate SkyHawk Surveillance,3719.8,2000.0,0.093,7200,256.0,3.5,SATA 6.0 Gb/s
FanXiang S770,,1000.0,,SSD,,M.2-2280,M.2 PCIe 4.0 X4
Apacer AS2280Q4U,,2000.0,,SSD,,M.2-2280,M.2 PCIe 4.0 X4
Gigabyte AORUS Gen4 7000s,,1000.0,,SSD,1024.0,M.2-2280,M.2 PCIe 4.0 X4
Samsung 840 Evo,,500.0,,SSD,,2.5,SATA 6.0 Gb/s
Samsung 840 Evo,,1000.0,,SSD,,2.5,SATA 6.0 Gb/s
HP S700,1399.6,500.0,0.14,SSD,,2.5,SATA 6.0 Gb/s
HP FX700,,2000.0,,SSD,,M.2-2280,M.2 PCIe 4.0 X4
ADATA XPG GAMMIX S50 Core,,1000.0,,SSD,,M.2-2280,M.2 PCIe 4.0 X4
FanXiang S101,4399.59,4000.0,0.055,SSD,,2.5,SATA 6.0 Gb/s
KingSpec XG7000 PRO,2419.79,2000.0,0.06,SSD,,M.2-2280,M.2 PCIe 4.0 X4
Orico J-10,1999.8,2000.0,0.05,SSD,,M.2-2280,M.2 PCIe 3.0 X4
Seagate ST3000VM002,,3000.0,,5900,64.0,3.5,SATA 6.0 Gb/s
Verbatim Vi3000,1419.8,1000.0,0.071,SSD,,M.2-2280,M.2 PCIe 3.0 X4
Kingston Q500,833.8,480.0,0.087,SSD,,2.5,SATA 6.0 Gb/s
Lexar Professional NM800PRO w/Heatsink,1199.8,512.0,0.117,SSD,,M.2-2280,M.2 PCIe 4.0 X4
Intenso Top Performance,829.2,256.0,0.162,SSD,,M.2-2280,M.2 SATA
Gigabyte 4000E,,1000.0,,SSD,,M.2-2280,M.2 PCIe 4.0 X4
Crucial P1,,2000.0,,SSD,,M.2-2280,M.2 PCIe 3.0 X4
Crucial BX100,1522.2,250.0,0.304,SSD,,2.5,SATA 6.0 Gb/s
Seagate IronWolf NAS,4589.8,8000.0,0.029,7200,256.0,3.5,SATA 6.0 Gb/s
Addlink S91,1528.8,1000.0,0.076,SSD,,M.2-2230,M.2 PCIe 4.0 X4
Seagate SkyHawk Surveillance +Rescue,1381.2,2000.0,0.035,5400,256.0,3.5,SATA 6.0 Gb/s
Western Digital Blue,2860.0,6000.0,0.024,5400,256.0,3.5,SATA 6.0 Gb/s
Lexar NQ100,369.6,240.0,0.077,SSD,,2.5,SATA 6.0 Gb/s
Samsung Spinpoint M8,,1000.0,,5400,8.0,2.5,SATA 3.0 Gb/s
Toshiba DT01ACA300,,3000.0,,7200,64.0,3.5,SATA 6.0 Gb/s
Samsung PM951,,256.0,,SSD,,M.2-2280,M.2 PCIe 3.0 X4
Toshiba XG5,,256.0,,SSD,,M.2-2280,M.2 PCIe 3.0 X4
Kingston A400,,120.0,,SSD,,M.2-2280,M.2 SATA
Integral M3 Series Plus,,1000.0,,SSD,,M.2-2280,M.2 PCIe 4.0 X4
Toshiba P300,2406.0,4000.0,0.03,5400,128.0,3.5,SATA 6.0 Gb/s
Silicon Power XS70,2144.0,1000.0,0.107,SSD,,M.2-2280,M.2 PCIe 4.0 X4
PNY XLR8 CS3030,4599.8,2000.0,0.115,SSD,,M.2-2280,M.2 PCIe 3.0 X4
Verbatim Vi3000,2336.19,2000.0,0.058,SSD,,M.2-2280,M.2 PCIe 3.0 X4
Samsung 860 Pro,5999.8,1000.0,0.3,SSD,1024.0,2.5,SATA 6.0 Gb/s
ADATA Ultimate SU750,1600.0,1000.0,0.08,SSD,,2.5,SATA 6.0 Gb/s
Toshiba MQ01ABD100,,1000.0,,5400,8.0,2.5,SATA 3.0 Gb/s
Western Digital Caviar Green,,3000.0,,5400,64.0,3.5,SATA 6.0 Gb/s
Western Digital Green,,2000.0,,5400,64.0,3.5,SATA 6.0 Gb/s
ADATA XPG SPECTRIX S40G RGB,,256.0,,SSD,,M.2-2280,M.2 PCIe 3.0 X4
Apacer AS2280P4,,1000.0,,SSD,,M.2-2280,M.2 PCIe 3.0 X4
Western Digital PC SN730,,1000.0,,SSD,,M.2-2280,M.2 PCIe 3.0 X4
Corsair MP600 MICRO,3499.8,2000.0,0.087,SSD,,M.2-2242,M.2 PCIe 4.0 X4
Lenovo S4520,9307.6,240.0,1.939,SSD,,2.5,SATA 6.0 Gb/s
Western Digital Red SN700,1059.8,250.0,0.212,SSD,,M.2-2280,M.2 PCIe 3.0 X4
Toshiba X300,3999.8,4000.0,0.05,7200,256.0,3.5,SATA 6.0 Gb/s
PNY CS2140,2371.39,1000.0,0.119,SSD,,M.2-2280,M.2 PCIe 4.0 X4
Seagate FireCuda,,1000.0,,,64.0,3.5,SATA 6.0 Gb/s
Samsung 860 Pro,8600.0,2000.0,0.215,SSD,2048.0,2.5,SATA 6.0 Gb/s
Seagate EXOS Enterprise,,16000.0,,7200,256.0,3.5,SATA 6.0 Gb/s
ADATA LEGEND 700,,256.0,,SSD,,M.2-2280,M.2 PCIe 3.0 X4
ADATA XPG SX6000,,256.0,,SSD,,M.2-2280,M.2 PCIe 3.0 X2
Western Digital Blue SN500,,500.0,,SSD,,M.2-2280,M.2 PCIe 3.0 X2
Gigabyte GP-GSM2NE3512GNTD,2860.0,512.0,0.279,SSD,,M.2-2280,M.2 PCIe 3.0 X4
TEAMGROUP T-Force GE PRO AirFlow,7999.8,4000.0,0.1,SSD,,M.2-2280,M.2 PCIe 5.0 X4
Lexar NM990,,1000.0,,SSD,,M.2-2280,M.2 PCIe 5.0 X4
Western Digital Red,5370.0,8000.0,0.034,5400,128.0,3.5,SATA 6.0 Gb/s
Corsair MP600 ELITE PS5,1799.8,1000.0,0.09,SSD,,M.2-2280,M.2 PCIe 4.0 X4
Seagate IronWolf Pro NAS,,18000.0,,7200,256.0,3.5,SATA 6.0 Gb/s
Western Digital Purple,1538.8,2000.0,0.038,5400,256.0,3.5,SATA 6.0 Gb/s
Seagate ST2000DM002,,2000.0,,7200,64.0,3.5,SATA 6.0 Gb/s
HP EX900,,500.0,,SSD,,M.2-2280,M.2 PCIe 3.0 X4
Seagate SkyHawk AI,5999.8,16000.0,0.019,7200,256.0,3.5,SATA 6.0 Gb/s
MSI SPATIUM M480 PRO PLAY,2878.8,2000.0,0.072,SSD,2048.0,M.2-2280,M.2 PCIe 4.0 X4
Seagate Exos X20,7596.6,18000.0,0.021,7200,256.0,3.5,SATA 6.0 Gb/s
Mushkin Tempest,2233.0,1000.0,0.112,SSD,,M.2-2280,M.2 PCIe 3.0 X4
Lexar NQ780,2289.79,1000.0,0.114,SSD,,M.2-2280,M.2 PCIe 4.0 X4
FanXiang S101,2199.79,2000.0,0.055,SSD,,2.5,SATA 6.0 Gb/s
Toshiba P300,3155.0,3000.0,0.053,7200,64.0,3.5,SATA 6.0 Gb/s
Corsair MP510,,960.0,,SSD,,M.2-2280,M.2 PCIe 3.0 X4
Western Digital Blue,2259.79,3000.0,0.038,5400,64.0,3.5,SATA 6.0 Gb/s
Hitachi Ultrastar He12,5100.0,12000.0,0.021,7200,256.0,3.5,SATA 6.0 Gb/s
Western Digital Black SN850 w/Heatsink,4679.8,2000.0,0.117,SSD,,M.2-2280,M.2 PCIe 4.0 X4
KIOXIA EXCERIA,1590.0,500.0,0.159,SSD,,M.2-2280,M.2 PCIe 3.0 X4
TEAMGROUP T-FORCE Z44A5,,1000.0,,SSD,,M.2-2280,M.2 PCIe 4.0 X4
Crucial MX100,,256.0,,SSD,,2.5,SATA 6.0 Gb/s
Kingston KC2500,,1000.0,,SSD,,M.2-2280,M.2 PCIe 3.0 X4
PNY CS1031,,256.0,,SSD,,M.2-2280,M.2 PCIe 3.0 X4
Western Digital Green SN350,,960.0,,SSD,,M.2-2280,M.2 PCIe 3.0 X4
Western Digital WD_BLACK SN850P for PS5,3999.8,2000.0,0.1,SSD,,M.2-2280,M.2 PCIe 4.0 X4
Seagate Barracuda Compute,2399.79,6000.0,0.02,5400,256.0,3.5,SATA 6.0 Gb/s
Seagate Pulsar.2,95556.6,800.0,,SSD,,2.5,SAS 6.0 Gb/s
Western Digital Gold,5599.8,12000.0,0.023,7200,256.0,3.5,SATA 6.0 Gb/s
ADATA SU630,1379.8,960.0,0.072,SSD,,2.5,SATA 6.0 Gb/s
Seagate Barracuda Compute,1780.0,2000.0,0.045,5400,256.0,3.5,SATA 6.0 Gb/s
Toshiba HDKCC00,500.0,500.0,0.05,7200,16.0,2.5,SATA 6.0 Gb/s
Western Digital VelociRaptor,3999.8,600.0,0.333,10000,32.0,3.5,SATA 6.0 Gb/s
Western Digital Gold,5799.8,8000.0,0.036,7200,256.0,3.5,SATA 6.0 Gb/s
Crucial MX100,,512.0,,SSD,,2.5,SATA 6.0 Gb/s
Intel 760p,1599.6,256.0,0.312,SSD,,M.2-2280,M.2 PCIe 3.0 X4
ADATA Swordfish,,500.0,,SSD,,M.2-2280,M.2 PCIe 3.0 X4
Apacer AS350 PANTHER,,512.0,,SSD,,2.5,SATA 6.0 Gb/s
Seagate Exos 7E10 512e/4Kn,4679.8,10000.0,0.023,7200,256.0,3.5,SATA 6.0 Gb/s
Seagate IronWolf Pro,5479.8,10000.0,0.027,7200,256.0,3.5,SATA 6.0 Gb/s
Biwin Black Opal X570 Pro,,2000.0,,SSD,2048.0,M.2-2280,M.2 PCIe 5.0 X4
PNY XLR8 CS3140 w/Heatsink,12223.4,2000.0,0.306,SSD,,M.2-2280,M.2 PCIe 4.0 X4
Sabrent Rocket Q4,3001.0,1000.0,0.15,SSD,,M.2-2280,M.2 PCIe 4.0 X4
Western Digital Red SA500,1459.6,500.0,0.146,SSD,,2.5,SATA 6.0 Gb/s
Western Digital Blue SA510,599.79,250.0,0.12,SSD,,2.5,SATA 6.0 Gb/s
Netac NV3000,,250.0,,SSD,,M.2-2280,M.2 PCIe 3.0 X4
GOODRAM PX700,,2048.0,,SSD,,M.2-2280,M.2 PCIe 4.0 X4
Seagate IronWolf Pro,3100.0,4000.0,0.039,7200,128.0,3.5,SATA 6.0 Gb/s
MSI SPATIUM M461,,1000.0,,SSD,,M.2-2280,M.2 PCIe 4.0 X4
Western Digital Green,1829.8,1000.0,0.091,SSD,,2.5,SATA 6.0 Gb/s
Toshiba HDD3B04,,1000.0,,7200,64.0,3.5,SAS 6.0 Gb/s
MSI SPATIUM M482,,1000.0,,SSD,,M.2-2280,M.2 PCIe 4.0 X4
Orico O7000,759.8,512.0,0.074,SSD,,M.2-2280,M.2 PCIe 4.0 X4
Western Digital Ultrastar,4799.8,8000.0,0.03,7200,,3.5,SATA 6.0 Gb/s
Toshiba MG04ACA400N,2200.0,4000.0,0.028,7200,128.0,3.5,SATA 6.0 Gb/s
TEAMGROUP T-Create Classic DL,1399.6,1000.0,0.07,SSD,,M.2-2280,M.2 PCIe 4.0 X4
Seagate ST2000NX0253,2928.8,2000.0,0.073,7200,128.0,2.5,SATA 6.0 Gb/s
Samsung 860 Pro,4759.8,512.0,0.465,SSD,512.0,2.5,SATA 6.0 Gb/s
Western Digital Red,5488.2,10000.0,0.027,5400,256.0,3.5,SATA 6.0 Gb/s
SanDisk Solid State Drive,,256.0,,SSD,,2.5,SATA 6.0 Gb/s
Kingston HyperX Fury,,240.0,,SSD,,2.5,SATA 6.0 Gb/s
Corsair Neutron NX500,,800.0,,SSD,,PCIe,PCIe x1
Sabrent Rocket,,256.0,,SSD,,M.2-2280,M.2 PCIe 3.0 X4
Lenovo S4520,,7680.0,,SSD,,3.5,SATA 6.0 Gb/s
TEAMGROUP A440 Lite,1419.6,1000.0,0.071,SSD,,M.2-2280,M.2 PCIe 4.0 X4
Lexar PLAY,15133.0,8000.0,0.095,SSD,,M.2-2280,M.2 PCIe 4.0 X4
Western Digital Blue,920.0,250.0,0.184,SSD,,M.2-2280,M.2 SATA
Verbatim Vi550,419.79,256.0,0.082,SSD,,2.5,SATA 6.0 Gb/s
Seagate EXOS Enterprise,4331.8,8000.0,0.027,7200,256.0,3.5,SATA 6.0 Gb/s
Integral M2,,500.0,,SSD,,M.2-2280,M.2 PCIe 3.0 X4
Transcend MTS800,1013.4,32.0,1.583,SSD,,M.2-2280,M.2 SATA
Toshiba N300 NAS,2499.79,4000.0,0.031,7200,512.0,3.5,SATA 6.0 Gb/s
Western Digital Caviar Blue,1579.0,500.0,0.158,7200,16.0,3.5,SATA 3.0 Gb/s
Seagate EE25.2,440.0,40.0,0.55,5400,8.0,2.5,SATA 3.0 Gb/s
Crucial P5 Plus W/Heatsink,,1000.0,,SSD,,M.2-2280,M.2 PCIe 4.0 X4
Seagate ST2000DX001,,2000.0,,,64.0,3.5,SATA 6.0 Gb/s
Lexar NM610,739.8,250.0,0.148,SSD,,M.2-2280,M.2 PCIe 3.0 X4
Apacer AS2280Q4U,,1000.0,,SSD,,M.2-2280,M.2 PCIe 4.0 X4
Western Digital Caviar Blue,,320.0,,7200,16.0,3.5,SATA 6.0 Gb/s
Western Digital Red,2380.0,2000.0,0.06,5400,64.0,3.5,SATA 6.0 Gb/s
Kingston Predator,,480.0,,SSD,,PCIe,PCIe x4
Seagate FireCuda 520,3207.6,500.0,0.321,SSD,,M.2-2280,M.2 PCIe 4.0 X4
Seagate FireCuda Compute,,2000.0,,,,2.5,SATA 6.0 Gb/s
Acer FA200,,4000.0,,SSD,,M.2-2280,M.2 PCIe 4.0 X4
Patriot P400 Lite,4259.8,4000.0,0.053,SSD,,M.2-2280,M.2 PCIe 4.0 X4
Toshiba S300,1670.2,2000.0,0.042,5400,128.0,3.5,SATA 6.0 Gb/s
ADATA LEGEND 970,4106.8,1000.0,0.205,SSD,,M.2-2280,M.2 PCIe 5.0 X4
Toshiba MQ04ABF100,980.0,1000.0,0.049,5400,128.0,2.5,SATA 6.0 Gb/s
Western Digital Ultrastar DC HC550,7713.0,14000.0,0.028,7200,512.0,3.5,SATA 6.0 Gb/s
Gigabyte AORUS Gen4,,2000.0,,SSD,,M.2-2280,M.2 PCIe 4.0 X4
Gigabyte AORUS Gen4 5000E,,1000.0,,SSD,,M.2-2280,M.2 PCIe 4.0 X4
Corsair MP700,5799.8,2000.0,0.145,SSD,,M.2-2280,M.2 PCIe 5.0 X4
Seagate BarraCuda 120,2599.8,500.0,0.26,SSD,,2.5,SATA 6.0 Gb/s
Seagate IronWolf Pro,,20000.0,,7200,256.0,3.5,SATA 6.0 Gb/s
Intel Optane P1600X,,118.0,,SSD,,M.2-2280,M.2 PCIe 3.0 X4
Inland Premium,,512.0,,SSD,,M.2-2280,M.2 PCIe 3.0 X4
Kingston A400,6780.0,1920.0,0.177,SSD,,2.5,SATA 6.0 Gb/s
Apacer AS350 PANTHER,,256.0,,SSD,,2.5,SATA 6.0 Gb/s
Intel Optane P1600X,,58.0,,SSD,,M.2-2280,M.2 PCIe 3.0 X4
KIOXIA EXCERIA w/Heatsink,4999.8,4000.0,0.062,SSD,,M.2-2280,M.2 PCIe 4.0 X4
Toshiba S300,3365.2,6000.0,0.028,5400,256.0,3.5,SATA 6.0 Gb/s
Lexar NQ100,944.2,480.0,0.098,SSD,,2.5,SATA 6.0 Gb/s
Acer FA100,559.79,256.0,0.109,SSD,,M.2-2280,M.2 PCIe 3.0 X4
Western Digital Black,1199.8,500.0,0.12,7200,32.0,2.5,SATA 6.0 Gb/s
Inland Platinum,1079.8,1024.0,0.053,SSD,,2.5,SATA 6.0 Gb/s
Intel 545s,3306.39,256.0,0.646,SSD,,2.5,SATA 6.0 Gb/s
Western Digital Purple,4499.8,8000.0,0.028,7200,256.0,3.5,SATA 6.0 Gb/s
Lexar NS100,699.59,512.0,0.068,SSD,,2.5,SATA 6.0 Gb/s
MSI SPATIUM M560,,2000.0,,SSD,,M.2-2280,M.2 PCIe 5.0 X4
Western Digital Purple,1193.59,1000.0,0.06,5400,64.0,3.5,SATA 6.0 Gb/s
HP EX900,,250.0,,SSD,,M.2-2280,M.2 PCIe 3.0 X4
Samsung 860 QVO,9999.79,4000.0,0.125,SSD,,2.5,SATA 6.0 Gb/s
Western Digital Gold,5149.0,4000.0,0.064,7200,256.0,3.5,SATA 6.0 Gb/s
Intenso 3812430,419.2,128.0,0.164,SSD,,2.5,SATA 6.0 Gb/s
Seagate FireCuda 520,9754.19,2000.0,0.244,SSD,,M.2-2280,M.2 PCIe 4.0 X4
Crucial BX100,,500.0,,SSD,,2.5,SATA 6.0 Gb/s
Seagate NAS HDD,,2000.0,,5400,64.0,3.5,SATA 6.0 Gb/s
Samsung 850 Pro,6099.8,2000.0,0.152,SSD,,2.5,SATA 6.0 Gb/s
SK Hynix SL308,1300.0,250.0,0.26,SSD,,2.5,SATA 6.0 Gb/s
Corsair Force MP500,,240.0,,SSD,,M.2-2280,M.2 PCIe 3.0 X4
Western Digital PC SN730,1898.0,512.0,0.185,SSD,,M.2-2280,M.2 PCIe 3.0 X4
Western Digital WD_BLACK SN8100 w/Heatsink,,1000.0,,SSD,1024.0,M.2-2280,M.2 PCIe 5.0 X4
Western Digital AV-25,699.8,1000.0,0.035,5400,16.0,2.5,SATA 3.0 Gb/s
TEAMGROUP T-Force Cardea Z540,8879.79,4000.0,0.111,SSD,,M.2-2280,M.2 PCIe 5.0 X4
TEAMGROUP T-Create Classic,,1000.0,,SSD,,M.2-2280,M.2 PCIe 3.0 X4
Silicon Power A58,,1000.0,,SSD,,2.5,SATA 6.0 Gb/s
ADATA Legend 960,4135.4,2000.0,0.103,SSD,,M.2-2280,M.2 PCIe 4.0 X4
Western Digital Gold,1953.8,2000.0,0.049,7200,128.0,3.5,SATA 6.0 Gb/s
Seagate Exos X18,7271.2,12000.0,0.03,7200,256.0,3.5,SATA 6.0 Gb/s
Transcend 110S,563.6,256.0,0.11,SSD,,M.2-2280,M.2 PCIe 3.0 X4
Western Digital Red Plus,9199.79,14000.0,0.033,7200,512.0,3.5,SATA 6.0 Gb/s
Verbatim Vi7000G,2979.8,2000.0,0.074,SSD,,M.2-2280,M.2 PCIe 4.0 X4
HP 691862-B21,,100.0,,SSD,,2.5,SATA 6.0 Gb/s
Samsung MZ-75E4T0B,9999.79,4000.0,0.125,SSD,4096.0,2.5,SATA 6.0 Gb/s
Seagate IronWolf,1822.6,1000.0,0.091,5400,256.0,3.5,SATA 6.0 Gb/s
Corsair MP600 ELITE w/Heatsink,6199.8,4000.0,0.077,SSD,,M.2-2280,M.2 PCIe 4.0 X4
Samsung 860 Pro,4500.0,256.0,0.879,SSD,512.0,2.5,SATA 6.0 Gb/s
Seagate Exos X16,,12000.0,,7200,256.0,3.5,SATA 6.0 Gb/s
Western Digital Caviar Black,3029.2,2000.0,0.076,7200,64.0,3.5,SATA 6.0 Gb/s
Samsung 860 Evo,8122.2,2000.0,0.203,SSD,2048.0,M.2-2280,M.2 SATA
Toshiba P300,,1000.0,,7200,64.0,3.5,SATA 6.0 Gb/s
Western Digital Red Plus,,1000.0,,5400,64.0,3.5,SATA 6.0 Gb/s
Toshiba X300,,5000.0,,7200,128.0,3.5,SATA 6.0 Gb/s
PNY CS900,,480.0,,SSD,,2.5,SATA 6.0 Gb/s
KingSpec P3,,256.0,,SSD,,2.5,SATA 6.0 Gb/s
FanXiang S770,5799.8,4000.0,0.072,SSD,,M.2-2280,M.2 PCIe 4.0 X4
TEAMGROUP T-FORCE G70 PRO Aluminum,5699.8,4000.0,0.071,SSD,,M.2-2280,M.2 PCIe 4.0 X4
Orico D10,1199.8,1000.0,0.06,SSD,,M.2-2280,M.2 PCIe 3.0 X4
Seagate SkyHawk,1519.6,2000.0,0.038,5900,64.0,3.5,SATA 6.0 Gb/s
Intel 660p,1439.6,512.0,0.141,SSD,,M.2-2280,M.2 PCIe 3.0 X4
ADATA XPG GAMMIX S50 Lite,4103.6,1000.0,0.205,SSD,,M.2-2280,M.2 PCIe 4.0 X4
Seagate Pipeline HD,,500.0,,5900,8.0,3.5,SATA 3.0 Gb/s
SanDisk Solid State Drive,,128.0,,SSD,,2.5,SATA 6.0 Gb/s
Samsung SM951,,256.0,,SSD,512.0,M.2-2280,M.2 PCIe 3.0 X4
Silicon Power P34A80,,1000.0,,SSD,,M.2-2280,M.2 PCIe 3.0 X4
Seagate SkyHawk Surveillance,,4000.0,,5000,256.0,3.5,SATA 6.0 Gb/s
GOODRAM CL100 gen.3,,960.0,,SSD,,2.5,SATA 6.0 Gb/s
Orico e7400,,2000.0,,SSD,,M.2-2280,M.2 PCIe 4.0 X4
KingSpec NXM,1099.8,1000.0,0.055,SSD,,M.2-2242,M.2 PCIe 3.0 X4
Seagate SkyHawk AI,3939.8,8000.0,0.025,7200,256.0,3.5,SATA 6.0 Gb/s
Seagate Enterprise Capacity,,10000.0,,7200,256.0,3.5,SATA 6.0 Gb/s
Western Digital Red Plus,5200.0,8000.0,0.033,7200,256.0,3.5,SATA 6.0 Gb/s
Seagate Constellation ES.3,,4000.0,,7200,128.0,3.5,SATA 6.0 Gb/s
Western Digital Purple Surveillance,1799.8,3000.0,0.03,5400,256.0,3.5,SATA 6.0 Gb/s
Orico Y-20,935.6,1000.0,0.047,SSD,,2.5,SATA 6.0 Gb/s
Timetec 30TT253X2,939.8,1000.0,0.047,SSD,,2.5,SATA 6.0 Gb/s
Lexar NM990,,2000.0,,SSD,,M.2-2280,M.2 PCIe 5.0 X4
OCZ Agility 3,2999.8,60.0,2.5,SSD,,2.5,SATA 6.0 Gb/s
ADATA XPG SPECTRIX S20G,1321.2,500.0,0.132,SSD,,M.2-2280,M.2 PCIe 3.0 X4
Gigabyte AI TOP 100E,,1000.0,,SSD,,M.2-2280,M.2 PCIe 4.0 X4
Integral M2,,512.0,,SSD,,M.2-2280,M.2 PCIe 3.0 X4
Seagate Exos X22,,20000.0,,7200,512.0,3.5,SATA 6.0 Gb/s
Gigabyte GP-GSTFS31256GTND,615.2,256.0,0.12,SSD,,2.5,SATA 6.0 Gb/s
Kingston Predator,,240.0,,SSD,,M.2-2280,M.2 PCIe 2.0 X4
ADATA SU635,,240.0,,SSD,,2.5,SATA 6.0 Gb/s
Verbatim Vi3000,559.79,256.0,,SSD,,M.2-2280,M.2 PCIe 3.0 X4
Micron 2300,,512.0,,SSD,,M.2-2280,M.2 PCIe 3.0 X4
MSI SPATIUM M482 Eco-Pack,,2000.0,,SSD,,M.2-2280,M.2 PCIe 4.0 X4
TEAMGROUP T-Create Classic DL,2399.79,2000.0,0.06,SSD,,M.2-2280,M.2 PCIe 4.0 X4
Kingston KC600,2059.0,1024.0,0.101,SSD,,mSATA,mSATA
TEAMGROUP T-Create Classic C47,5199.8,4000.0,0.065,SSD,,M.2-2280,M.2 PCIe 4.0 X4
Western Digital WD Red Pro,6200.0,10000.0,0.031,7200,256.0,3.5,SATA 6.0 Gb/s
Toshiba OCZ TR200,519.79,240.0,0.108,SSD,,2.5,SATA 6.0 Gb/s
Micron 5200 Ion,21980.0,7680.0,0.143,SSD,,2.5,SATA 6.0 Gb/s
Inland QN322,1199.8,1000.0,0.06,SSD,,M.2-2280,M.2 PCIe 3.0 X4
Seagate EXOS Enterprise,3199.8,4000.0,0.04,7200,256.0,3.5,SATA 6.0 Gb/s
ADATA XPG GAMMIX S50 Core,,500.0,,SSD,,M.2-2280,M.2 PCIe 4.0 X4
Western Digital Red Plus,2700.0,4000.0,0.034,5400,128.0,3.5,SATA 6.0 Gb/s
TEAMGROUP T-Force Cardea Z44L,,500.0,,SSD,,M.2-2280,M.2 PCIe 4.0 X4
Corsair MP600 PRO LPX,6899.8,4000.0,0.086,SSD,,M.2-2280,M.2 PCIe 4.0 X4
PNY CS2130,899.59,500.0,,SSD,,M.2-2280,M.2 PCIe 3.0 X4
Western Digital Caviar Black,,2000.0,,7200,64.0,3.5,SATA 3.0 Gb/s
Seagate Barracuda Green,1813.4,2000.0,0.045,5900,64.0,3.5,SATA 6.0 Gb/s
Patriot Burst,,240.0,,SSD,,2.5,SATA 6.0 Gb/s
Western Digital Green,,480.0,,SSD,,2.5,SATA 6.0 Gb/s
Apacer AS340 PANTHER,,240.0,,SSD,,2.5,SATA 6.0 Gb/s
MSI SPATIUM M480,,1000.0,,SSD,,M.2-2280,M.2 PCIe 4.0 X4
Corsair MP600,6499.8,2000.0,0.162,SSD,,M.2-2280,M.2 PCIe 4.0 X4
ADATA LEGEND 800 GOLD,,2000.0,,SSD,,M.2-2280,M.2 PCIe 4.0 X4
TEAMGROUP T-FORCE G70 PRO Aluminum,1599.6,1000.0,0.08,SSD,,M.2-2280,M.2 PCIe 4.0 X4
Silicon Power UD85,,500.0,,SSD,,M.2-2280,M.2 PCIe 4.0 X4
Micron 9300 Pro,19180.0,7680.0,0.125,SSD,,2.5,U.2
Seagate IronWolf NAS,5149.0,10000.0,0.026,7200,256.0,3.5,SATA 6.0 Gb/s
Toshiba P300,1703.6,2000.0,0.043,5400,128.0,3.5,SATA 6.0 Gb/s
Transcend 250S,3758.39,2000.0,0.094,SSD,,M.2-2280,M.2 PCIe 4.0 X4
Western Digital Black,5739.8,6000.0,0.048,7200,128.0,3.5,SATA 6.0 Gb/s
Corsair MP510,3471.0,960.0,0.181,SSD,,M.2-2280,M.2 PCIe 3.0 X4
Western Digital Green,2300.0,480.0,0.24,SSD,,M.2-2280,M.2 SATA
MyDigitalSSD Super Boot Drive,,8.0,,SSD,,M.2-2242,M.2 SATA
Samsung 850 Evo,,250.0,,SSD,,M.2-2280,M.2 SATA
Samsung SM951,,512.0,,SSD,512.0,M.2-2280,M.2 PCIe 3.0 X4
Maxtor 7Y250M0,,250.0,,7200,8.0,3.5,SATA 1.5 Gb/s
Samsung SM961,,1000.0,,SSD,,M.2-2280,M.2 PCIe 3.0 X4
Seagate BarraCuda Pro Compute,1139.8,500.0,,7200,128.0,2.5,SATA 6.0 Gb/s
ADATA XPG GAMMIX S11 Pro,,2000.0,,SSD,,M.2-2280,M.2 PCIe 3.0 X4
Integral M,,1000.0,,SSD,,M.2-2280,M.2 PCIe 3.0 X4
Klevv CRAS C710,,512.0,,SSD,,M.2-2280,M.2 PCIe 3.0 X4
ADATA LEGEND 700,,512.0,,SSD,,M.2-2280,M.2 PCIe 3.0 X4
Western Digital Purple,1599.6,2000.0,0.04,5400,,3.5,SATA 6.0 Gb/s
ADATA XPG SPECTRIX S40G RGB,,2000.0,,SSD,,M.2-2280,M.2 PCIe 3.0 X4
Corsair MP510,,1920.0,,SSD,,M.2-2280,M.2 PCIe 3.0 X4
Western Digital Red,5140.0,8000.0,0.032,5400,256.0,3.5,SATA 6.0 Gb/s
Western Digital Black SN750,,500.0,,SSD,,M.2-2280,M.2 PCIe 3.0 X4
Intenso High Performance,1308.19,960.0,0.068,SSD,,2.5,SATA 6.0 Gb/s
Toshiba P300,1716.4,2000.0,0.043,5400,256.0,3.5,SATA 6.0 Gb/s
Western Digital VelociRaptor,3799.0,300.0,0.633,10000,16.0,3.5,SATA 3.0 Gb/s
Western Digital Black,1299.8,1000.0,0.065,7200,32.0,2.5,SATA 6.0 Gb/s
TEAMGROUP GX2,,128.0,,SSD,,2.5,SATA 6.0 Gb/s
ADATA XPG GAMMIX S11 Pro,,256.0,,SSD,,M.2-2280,M.2 PCIe 3.0 X4
HP FX900 Pro,,1000.0,,SSD,,M.2-2280,M.2 PCIe 4.0 X4
PNY CS1031,,500.0,,SSD,,M.2-2280,M.2 PCIe 3.0 X4
Western Digital Caviar Blue,1179.8,640.0,0.092,7200,16.0,3.5,SATA 3.0 Gb/s
Western Digital Scorpio Blue,,1000.0,,5200,8.0,2.5,SATA 3.0 Gb/s
Seagate BarraCuda,,1000.0,,7200,32.0,3.5,SATA 6.0 Gb/s
SanDisk Ultra II,,240.0,,SSD,,2.5,SATA 6.0 Gb/s
SanDisk Ultra II,3999.8,480.0,0.417,SSD,,2.5,SATA 6.0 Gb/s
ADATA Premier SP550,,120.0,,SSD,,2.5,SATA 6.0 Gb/s
Intel 600p,2080.0,512.0,0.203,SSD,,M.2-2280,M.2 PCIe 3.0 X4
Samsung 750 Evo,,500.0,,SSD,512.0,2.5,SATA 6.0 Gb/s
Kingston A1000,,240.0,,SSD,,M.2-2280,M.2 PCIe 3.0 X4
Gigabyte GP-GSTFS31120GNTD,487.0,120.0,0.203,SSD,,2.5,SATA 6.0 Gb/s
ADATA XPG GAMMIX S5,,512.0,,SSD,,M.2-2280,M.2 PCIe 3.0 X4
Sabrent Rocket 4.0,,2000.0,,SSD,,M.2-2280,M.2 PCIe 4.0 X4
TEAMGROUP QX,,15300.0,,SSD,,2.5,SATA 6.0 Gb/s
Western Digital SN530,,256.0,,SSD,,M.2-2280,M.2 PCIe 3.0 X4
ADATA XPG MARS 980 PRO,,1000.0,,SSD,,M.2-2280,M.2 PCIe 5.0 X4
Leven JPS800,,1000.0,,SSD,,M.2-2280,M.2 PCIe 4.0 X4
Nextorage NEM-PAC,4699.8,4000.0,0.059,SSD,,M.2-2280,M.2 PCIe 4.0 X4
Verbatim Vi5000,999.8,512.0,0.098,SSD,,M.2-2280,M.2 PCIe 4.0 X4
TEAMGROUP T-Create Classic C47,1499.6,1000.0,0.075,SSD,,M.2-2280,M.2 PCIe 4.0 X4
Seagate SkyHawk Surveillance +Rescue,3839.6,8000.0,0.024,5400,256.0,3.5,SATA 6.0 Gb/s
TEAMGROUP EX2,,1000.0,,SSD,,2.5,SATA 6.0 Gb/s
Toshiba N300,,8000.0,,7200,256.0,3.5,SATA 6.0 Gb/s
Verbatim Vi550,299.8,128.0,0.117,SSD,,2.5,SATA 6.0 Gb/s
Gigabyte AORUS,,500.0,,SSD,512.0,M.2-2280,M.2 PCIe 4.0 X4
Seagate Nytro Enterprise,,15360.0,,SSD,,2.5,SAS 12.0 Gb/s
Inland Performance Plus,5999.8,4000.0,0.075,SSD,,M.2-2280,M.2 PCIe 4.0 X4
Western Digital Black SN750,9199.79,4000.0,0.115,SSD,,M.2-2280,M.2 PCIe 3.0 X4
Seagate Exos 7E8 512e,5345.8,8000.0,0.033,7200,256.0,3.5,SATA 6.0 Gb/s
Hitachi Ultrastar He10,5361.2,10000.0,0.027,7200,256.0,3.5,SATA 6.0 Gb/s
Western Digital Caviar Blue,,160.0,,7200,8.0,3.5,SATA 3.0 Gb/s
Seagate Enterprise Capacity,,12000.0,,7200,256.0,3.5,SATA 6.0 Gb/s
SanDisk Ultra 3D,,4000.0,,SSD,,2.5,SATA 6.0 Gb/s
Apacer AS340 PANTHER,,120.0,,SSD,,2.5,SATA 6.0 Gb/s
MSI SPATIUM M370,,1000.0,,SSD,,M.2-2280,M.2 PCIe 3.0 X4
Crucial P310,1599.8,1000.0,0.08,SSD,,M.2-2230,M.2 PCIe 4.0 X4
Silicon Power A58,,512.0,,SSD,,2.5,SATA 6.0 Gb/s
Patriot Viper PV553,,4000.0,,SSD,,M.2-2280,M.2 PCIe 5.0 X4
Corsair MP600 ELITE PS5,3199.8,2000.0,0.08,SSD,,M.2-2280,M.2 PCIe 4.0 X4
Timetec PINNACLE SD1-INDEX,2499.79,2000.0,0.062,SSD,,M.2-2280,M.2 PCIe 4.0 X4
Seagate FireCuda 530 w/Heatsink,,2000.0,,SSD,,M.2-2280,M.2 PCIe 4.0 X4
Corsair MP400,,2000.0,,SSD,,M.2-2280,M.2 PCIe 3.0 X4
Silicon Power A80,,1000.0,,SSD,,M.2-2280,M.2 PCIe 3.0 X4
Seagate EXOS Enterprise,7799.8,14000.0,,7200,256.0,3.5,SATA 6.0 Gb/s
Inland QN322,2199.79,2000.0,,SSD,,M.2-2280,M.2 PCIe 3.0 X4
Seagate Enterprise,4959.8,8000.0,0.031,7200,256.0,3.5,SATA 6.0 Gb/s
Silicon Power UD90,816.0,250.0,0.163,SSD,,M.2-2280,M.2 PCIe 4.0 X4
Western Digital Gold,5817.79,6000.0,0.048,7200,256.0,3.5,SATA 6.0 Gb/s
TEAMGROUP Cardea Zero Z440 Graphene,,2000.0,,SSD,,M.2-2280,M.2 PCIe 4.0 X4
ADATA XPG GAMMIX S50 Lite,6767.6,2000.0,0.169,SSD,,M.2-2280,M.2 PCIe 4.0 X4
Crucial M500,2099.79,240.0,0.437,SSD,,2.5,SATA 6.0 Gb/s
Silicon Power Silm S55,335.2,120.0,0.14,SSD,,2.5,SATA 6.0 Gb/s
Lexar NM610,1199.8,500.0,0.12,SSD,,M.2-2280,M.2 PCIe 3.0 X4
Western Digital VelociRaptor,3940.0,150.0,1.313,10000,16.0,3.5,SATA 3.0 Gb/s
HP EX950,2291.6,1000.0,0.115,SSD,,M.2-2280,M.2 PCIe 3.0 X4
Seagate BarraCuda 510,2799.8,1000.0,0.14,SSD,,M.2-2280,M.2 PCIe 3.0 X4
Samsung 830,,256.0,,SSD,,2.5,SATA 6.0 Gb/s
Western Digital Caviar Black,,4000.0,,7200,128.0,3.5,SATA 6.0 Gb/s
Gigabyte GP-GSM2NE8256GNTD,,256.0,,SSD,,M.2-2280,M.2 PCIe 3.0 X2
PNY XLR8 CS3030,,500.0,,SSD,,M.2-2280,M.2 PCIe 3.0 X4
GOODRAM IRDM PRO GEN 5,,1000.0,,SSD,,M.2-2280,M.2 PCIe 5.0 X4
Toshiba N300 Pro,6979.8,18000.0,0.019,7200,512.0,3.5,SATA 6.0 Gb/s
Western Digital Blue SA510,1399.8,1000.0,0.07,SSD,,M.2-2280,M.2 SATA
Inland Platinum,,128.0,,SSD,,2.5,SATA 6.0 Gb/s
Gigabyte AORUS Gen5 12000,,2000.0,,SSD,,M.2-2280,M.2 PCIe 5.0 X4
KingSpec NXM,499.79,256.0,0.098,SSD,,M.2-2242,M.2 PCIe 3.0 X4
Kingston Q500,646.2,240.0,0.135,SSD,,2.5,SATA 6.0 Gb/s
TEAMGROUP T-Force Vulcan Z,,240.0,,SSD,,2.5,SATA 6.0 Gb/s
Gigabyte AI TOP 100E,,2000.0,,SSD,,M.2-2280,M.2 PCIe 4.0 X4
Hitachi Ultrastar 7K3000,3028.8,2000.0,0.076,7200,64.0,3.5,SATA 6.0 Gb/s
Sabrent Rocket,,4000.0,,SSD,,M.2-2280,M.2 PCIe 3.0 X4
ADATA LEGEND 970,,2000.0,,SSD,,M.2-2280,M.2 PCIe 5.0 X4
Kingston SSDNow S100,,16.0,,SSD,,2.5,SATA 3.0 Gb/s
Seagate Momentus 5400.6,899.8,250.0,0.18,5400,8.0,2.5,SATA 3.0 Gb/s
Samsung 840 Pro,,512.0,,SSD,,2.5,SATA 6.0 Gb/s
Samsung 850 Evo,,500.0,,SSD,,M.2-2280,M.2 SATA
Micron 2200,,512.0,,SSD,,M.2-2280,M.2 PCIe 3.0 X4
GOODRAM CL100 gen.3,,240.0,,SSD,,2.5,SATA 6.0 Gb/s
GOODRAM PX700,,512.0,,SSD,,M.2-2280,M.2 PCIe 4.0 X4
Seagate SkyHawk AI,,18000.0,,7200,256.0,3.5,SATA 6.0 Gb/s
Toshiba N300 Pro,5899.8,16000.0,0.018,7200,512.0,3.5,SATA 6.0 Gb/s
Toshiba N300,6499.8,18000.0,0.018,7200,,3.5,SATA 6.0 Gb/s
Western Digital RE4,1300.0,1000.0,0.065,7200,64.0,3.5,SATA 3.0 Gb/s
Western Digital Blue SA510,599.79,250.0,0.12,SSD,,M.2-2280,M.2 SATA
Toshiba N300 NAS,3459.8,8000.0,0.022,7200,512.0,3.5,SATA 6.0 Gb/s
Western Digital Gold,1835.8,1000.0,0.092,7200,128.0,3.5,SATA 6.0 Gb/s
Toshiba N300 NAS,3899.8,10000.0,0.019,7200,512.0,3.5,SATA 6.0 Gb/s
Seagate Exos X14,4900.0,10000.0,0.025,7200,256.0,3.5,SATA 6.0 Gb/s
Verbatim Vi3000,1145.59,512.0,0.112,SSD,,M.2-2280,M.2 PCIe 3.0 X4
Corsair MP600 PRO,,2000.0,,SSD,,M.2-2280,M.2 PCIe 4.0 X4
KingSpec NX-2280,,256.0,,SSD,,M.2-2280,M.2 PCIe 3.0 X4
Silicon Power A80,,512.0,,SSD,,M.2-2280,M.2 PCIe 3.0 X4
Seagate FireCuda 530 w/Heatsink,3599.8,1000.0,0.18,SSD,,M.2-2280,M.2 PCIe 4.0 X4
Western Digital Red Plus,5380.0,8000.0,0.034,5640,128.0,3.5,SATA 6.0 Gb/s
Western Digital Green,,4000.0,,5900,64.0,3.5,SATA 6.0 Gb/s
Timetec 30TTQNS3SATA-1TB,959.8,1000.0,0.048,SSD,,2.5,SATA 6.0 Gb/s
Lexar Professional NM800PRO,1359.6,512.0,0.133,SSD,,M.2-2280,M.2 PCIe 4.0 X4
Kingston HyperX 3K,,120.0,,SSD,,2.5,SATA 6.0 Gb/s
Seagate Pipeline HD,,1000.0,,5900,64.0,3.5,SATA 3.0 Gb/s
Western Digital Black,,3000.0,,7200,64.0,3.5,SATA 6.0 Gb/s
Kingston HyperX Fury,,120.0,,SSD,,2.5,SATA 6.0 Gb/s
AMD RADEON-R7SSD-480G,,480.0,,SSD,,2.5,SATA 6.0 Gb/s
Samsung SM961,,512.0,,SSD,,M.2-2280,M.2 PCIe 3.0 X4
Micron 1100,,256.0,,SSD,,2.5,SATA 6.0 Gb/s
Kingston A1000,,480.0,,SSD,,M.2-2280,M.2 PCIe 3.0 X4
Seagate Nytro Enterprise,19999.0,1920.0,0.521,SSD,,2.5,SATA 6.0 Gb/s
Gigabyte GP-GSM2NE3100TNTD,,1000.0,,SSD,,M.2-2280,M.2 PCIe 3.0 X4
Seagate Constellation ES.3,1540.0,4000.0,0.019,7200,128.0,3.5,SAS 6.0 Gb/s
KIOXIA BG4,499.0,256.0,0.097,SSD,,M.2-2230,M.2 PCIe 3.0 X4
TEAMGROUP GX2,1959.8,2000.0,0.049,SSD,,2.5,SATA 6.0 Gb/s
Mushkin Helix-L,2019.6,2000.0,0.05,SSD,,M.2-2280,M.2 PCIe 3.0 X4
Silicon Power UD85,,250.0,,SSD,,M.2-2280,M.2 PCIe 4.0 X4
PNY CS3150 RGB,2799.8,1000.0,0.14,SSD,,M.2-2280,M.2 PCIe 5.0 X4
Toshiba P300,1366.2,500.0,0.137,7200,64.0,3.5,SATA 6.0 Gb/s
PNY CS3140,5599.8,4000.0,0.07,SSD,,M.2-2280,M.2 PCIe 4.0 X4
Intenso 3812440,540.6,256.0,0.106,SSD,,2.5,SATA 6.0 Gb/s
Lexar Professional NM800PRO,1879.0,1000.0,0.094,SSD,,M.2-2280,M.2 PCIe 4.0 X4
Orico D10,,512.0,,SSD,,M.2-2280,M.2 PCIe 3.0 X4
Western Digital AV-GP,980.0,1500.0,0.033,5400,32.0,3.5,SATA 3.0 Gb/s
Intel 660p,8003.4,2000.0,0.2,SSD,,M.2-2280,M.2 PCIe 3.0 X4
Toshiba MQ01ABF050M,,500.0,,5400,8.0,2.5,SATA 6.0 Gb/s
Gigabyte 4000E,,250.0,,SSD,,M.2-2280,M.2 PCIe 4.0 X4
Kingston SSDNow UV400,,480.0,,SSD,,2.5,SATA 6.0 Gb/s
Gigabyte Gen3 2500E,4686.0,2000.0,0.117,SSD,,M.2-2280,M.2 PCIe 3.0 X4
Western Digital Caviar Green,,1000.0,,5400,16.0,3.5,SATA 3.0 Gb/s
Crucial M4,,128.0,,SSD,,2.5,SATA 6.0 Gb/s
Samsung 830,,128.0,,SSD,,2.5,SATA 6.0 Gb/s
Seagate Barracuda 7200.10,,160.0,,7200,8.0,3.5,SATA 3.0 Gb/s
Crucial MX200,,250.0,,SSD,,2.5,SATA 6.0 Gb/s
Intel P3700,37000.0,1600.0,1.156,SSD,,PCIe,PCIe x4
Crucial MX300,5999.8,1050.0,0.286,SSD,,2.5,SATA 6.0 Gb/s
TEAMGROUP MP34,,512.0,,SSD,,M.2-2280,M.2 PCIe 3.0 X4
ADATA SU635,,480.0,,SSD,,2.5,SATA 6.0 Gb/s
ADATA Ultimate SU750,,256.0,,SSD,,2.5,SATA 6.0 Gb/s
Gigabyte AORUS,,1000.0,,SSD,,PCIe,PCIe x4
ADATA Swordfish,,1000.0,,SSD,,M.2-2280,M.2 PCIe 3.0 X4
SanDisk Ultra,,1000.0,,SSD,,M.2-2280,M.2 PCIe 3.0 X4
Acer Predator GM3500,,1000.0,,SSD,1024.0,M.2-2280,M.2 PCIe 3.0 X4
KingSpec NE-2280,,256.0,,SSD,,M.2-2280,M.2 PCIe 3.0 X4
MSI SPATIUM M570 HS,,1000.0,,SSD,2048.0,M.2-2280,M.2 PCIe 5.0 X4
Toshiba MD07ACA,,14.0,,7200,256.0,3.5,SATA 6.0 Gb/s
Kingston NV3,1541.2,1000.0,0.077,SSD,,M.2-2230,M.2 PCIe 4.0 X4
Toshiba MG07ACA12TE,5980.0,12000.0,0.025,7200,256.0,3.5,SATA 6.0 Gb/s
Seagate Exos X18,5429.0,10000.0,0.027,7200,256.0,3.5,SATA 6.0 Gb/s
Silicon Power A55,319.8,128.0,,SSD,,M.2-2280,M.2 SATA
Integral V Series 2,,480.0,,SSD,,2.5,SATA 6.0 Gb/s
TEAMGROUP T-Force Vulcan Z,,480.0,,SSD,,2.5,SATA 6.0 Gb/s
Intel DC P3600,7040.0,400.0,0.88,SSD,,PCIe,PCIe x4
Western Digital WDBSLA0010HNC-NRSN,799.8,1000.0,0.04,7200,,3.5,SATA 6.0 Gb/s
Intel D3-S4510,27900.0,7680.0,0.182,SSD,,2.5,SATA 6.0 Gb/s
Western Digital WD_BLACK SN850P for PS5,6999.8,4000.0,0.087,SSD,,M.2-2280,M.2 PCIe 4.0 X4
Western Digital VelociRaptor,1571.2,500.0,0.157,10000,64.0,3.5,SATA 6.0 Gb/s
Western Digital Black SN750,,1000.0,,SSD,,M.2-2280,M.2 PCIe 3.0 X4
Intel Optane 900P,,480.0,,SSD,,PCIe,PCIe x4
Western Digital Purple Pro,5880.0,12000.0,0.025,7200,256.0,3.5,SATA 6.0 Gb/s
FanXiang S101,439.79,256.0,0.086,SSD,,2.5,SATA 6.0 Gb/s
Western Digital Scorpio Blue,1780.0,80.0,1.113,5400,8.0,2.5,SATA 1.5 Gb/s
PNY XLR8 CS3040,,1000.0,,SSD,,M.2-2280,M.2 PCIe 4.0 X4
Western Digital Caviar Blue,1580.0,750.0,0.105,7200,32.0,3.5,SATA 6.0 Gb/s
Kingston SSDNow V100,,256.0,,SSD,,2.5,SATA 3.0 Gb/s
Seagate Constellation ES,808.0,1000.0,0.04,7200,64.0,3.5,SATA 6.0 Gb/s
Hitachi Travelstar 7K1000,,1000.0,,7200,32.0,2.5,SATA 6.0 Gb/s
SanDisk Ultra 3D,1599.8,250.0,0.32,SSD,,2.5,SATA 6.0 Gb/s
Inland Professional,,1000.0,,SSD,,M.2-2280,M.2 PCIe 3.0 X2
Gigabyte AORUS RGB,,512.0,,SSD,512.0,M.2-2280,M.2 PCIe 3.0 X4
HP S700,,1000.0,,SSD,,2.5,SATA 6.0 Gb/s
Oyen Digital E18-8TBICS6,16580.0,8000.0,0.104,SSD,,M.2-2280,M.2 PCIe 4.0 X4
AGI AI818,,2000.0,,SSD,,M.2-2280,M.2 PCIe 4.0 X4
Mushkin Vortex Redline,3399.8,2000.0,0.085,SSD,1024.0,M.2-2280,M.2 PCIe 4.0 X4
Lexar NM1090 w/ Heatsink,,1000.0,,SSD,,M.2-2280,M.2 PCIe 5.0 X4
ADATA LEGEND 850 LITE,2419.79,2000.0,0.06,SSD,,M.2-2280,M.2 PCIe 4.0 X4
Seagate FireCuda 530,2195.0,500.0,0.22,SSD,,M.2-2280,M.2 PCIe 4.0 X4
Kingston KC600,687.0,256.0,0.134,SSD,,2.5,SATA 6.0 Gb/s
Intel D3-S4520,21600.0,7680.0,0.141,SSD,,2.5,SATA 6.0 Gb/s
Seagate Exos X24,6019.8,12000.0,,7200,512.0,3.5,SATA 6.0 Gb/s
Micron 1100,5980.0,2000.0,0.149,SSD,,2.5,SATA 6.0 Gb/s
Gigabyte GP-GSM2NE3128GNTD,,128.0,,SSD,,M.2-2280,M.2 PCIe 3.0 X4
Integral V Series 2,533.2,240.0,0.111,SSD,,2.5,SATA 6.0 Gb/s
Seagate IronWolf NAS,3351.39,3000.0,0.056,5400,256.0,3.5,SATA 6.0 Gb/s
XOC G300,755.8,512.0,0.074,SSD,,M.2-2280,M.2 PCIe 3.0 X4
ADATA XPG SPECTRIX S40G RGB,,4000.0,,SSD,,M.2-2280,M.2 PCIe 3.0 X4
Silicon Power XS70,8536.0,4000.0,0.107,SSD,,M.2-2280,M.2 PCIe 4.0 X4
Western Digital WDBSLA0040HNC-NRSN,2380.0,4000.0,0.03,7200,64.0,3.5,SATA 6.0 Gb/s
Western Digital Red,2540.0,2000.0,0.064,5400,256.0,3.5,SATA 6.0 Gb/s
Intenso High Performance,,240.0,,SSD,,2.5,SATA 6.0 Gb/s
Gigabyte AORUS Gen4,,2000.0,,SSD,,M.2-2280,M.2 PCIe 4.0 X4
ADATA LEGEND 850 LITE,999.8,500.0,0.1,SSD,,M.2-2280,M.2 PCIe 4.0 X4
Western Digital Caviar Blue,1974.4,1000.0,0.099,7200,32.0,3.5,SATA 6.0 Gb/s
Western Digital Green,2130.6,240.0,0.444,SSD,,M.2-2280,M.2 SATA
Seagate SkyHawk,,1000.0,,5900,64.0,3.5,SATA 6.0 Gb/s
ADATA XPG SX8100,1697.4,512.0,0.166,SSD,,M.2-2280,M.2 PCIe 3.0 X4
MSI SPATIUM M480,,2000.0,,SSD,,M.2-2280,M.2 PCIe 4.0 X4
Gigabyte AORUS Gen4 5000E,,500.0,,SSD,,M.2-2280,M.2 PCIe 4.0 X4
Western Digital Caviar Blue,1512.0,250.0,0.302,7200,8.0,3.5,SATA 3.0 Gb/s
Western Digital Caviar Black,3110.8,500.0,0.311,7200,32.0,3.5,SATA 6.0 Gb/s
Samsung 840 Pro,,64.0,,SSD,,2.5,SATA 6.0 Gb/s
Seagate Momentus,,1000.0,,5400,8.0,2.5,SATA 6.0 Gb/s
Silicon Power Slim S55,513.4,240.0,0.107,SSD,,2.5,SATA 6.0 Gb/s
Intel 600p,,256.0,,SSD,,M.2-2280,M.2 PCIe 3.0 X4
ADATA XPG SX6000,,512.0,,SSD,,M.2-2280,M.2 PCIe 3.0 X2
Crucial MX500,,250.0,,SSD,,M.2-2280,M.2 SATA
Intel Optane 905P,,960.0,,SSD,,PCIe,PCIe x4
Seagate SkyHawk Surveillance,,12000.0,,7200,256.0,3.5,SATA 6.0 Gb/s
Seagate BarraCuda 510,,500.0,,SSD,,M.2-2280,M.2 PCIe 3.0 X4
Samsung PM871b,,256.0,,SSD,,2.5,SATA 6.0 Gb/s
Seagate IronWolf Pro,,18000.0,,7200,,3.5,SATA 6.0 Gb/s
Toshiba MQ01ABD050V,,500.0,,5400,,2.5,SATA 6.0 Gb/s
Netac NV7000,,1000.0,,SSD,,M.2-2280,M.2 PCIe 4.0 X4
Western Digital PC SN740 Pyrite,,256.0,,SSD,,M.2-2280,M.2 PCIe 4.0 X4
Orico Y-20,4199.8,4000.0,0.052,SSD,,2.5,SATA 6.0 Gb/s
Seagate Enterprise Capacity,5495.0,10000.0,0.027,7200,256.0,3.5,SATA 6.0 Gb/s
MSI SPATIUM M371,,2000.0,,SSD,,M.2-2280,M.2 PCIe 3.0 X4
Western Digital Purple,1500.0,2000.0,0.037,5400,64.0,3.5,SATA 6.0 Gb/s
Lexar NM990,,4000.0,,SSD,,M.2-2280,M.2 PCIe 5.0 X4
Transcend TS64GSSD370S,999.8,64.0,0.781,SSD,,2.5,SATA 6.0 Gb/s
Mushkin Helix-L,,1000.0,,SSD,,M.2-2280,M.2 PCIe 3.0 X4
Seagate FireCuda 530 w/Heatsink,10019.79,4000.0,0.125,SSD,,M.2-2280,M.2 PCIe 4.0 X4
Seagate FireCuda 530 w/Heatsink,1999.8,500.0,0.2,SSD,,M.2-2280,M.2 PCIe 4.0 X4
TEAMGROUP QX,659.8,512.0,0.064,SSD,,2.5,SATA 6.0 Gb/s
Lexar NS100,,128.0,,SSD,,2.5,SATA 6.0 Gb/s
Corsair MP600,,500.0,,SSD,,M.2-2280,M.2 PCIe 4.0 X4
Western Digital Caviar Green,2120.0,1000.0,0.106,5400,32.0,3.5,SATA 3.0 Gb/s
Hitachi 7K1000.C,,500.0,,7200,16.0,3.5,SATA 3.0 Gb/s
PNY CS1311,,240.0,,SSD,,2.5,SATA 6.0 Gb/s
Intel 760p,2571.8,512.0,0.251,SSD,,M.2-2280,M.2 PCIe 3.0 X4
ADATA Ultimate SU750,,512.0,,SSD,,2.5,SATA 6.0 Gb/s
Inland 2TB NVME PREMIUM,,2000.0,,SSD,,M.2-2280,M.2 PCIe 3.0 X4
TEAMGROUP T-Force Cardea Zero Z330,,1000.0,,SSD,,M.2-2280,M.2 PCIe 3.0 X4
KIOXIA EXCERIA,,250.0,,SSD,,M.2-2280,M.2 PCIe 3.0 X4
Toshiba XG6,,256.0,,SSD,,M.2-2280,M.2 PCIe 3.0 X4
Lexar NQ100,1379.6,960.0,0.072,SSD,,2.5,SATA 6.0 Gb/s
ADATA LEGEND 700 GOLD,,1000.0,,SSD,,M.2-2280,M.2 PCIe 3.0 X4
KIOXIA BG5,,512.0,,SSD,,M.2-2280,M.2 PCIe 4.0 X4
TEAMGROUP MP44S,1399.8,1000.0,0.07,SSD,,M.2-2230,M.2 PCIe 4.0 X4
KIOXIA EXCERIA w/Heatsink,2419.79,2000.0,0.06,SSD,,M.2-2280,M.2 PCIe 4.0 X4
Western Digital Blue,1299.8,2000.0,0.032,5400,64.0,3.5,SATA 6.0 Gb/s
Lexar Professional NM800PRO,2899.8,2000.0,0.072,SSD,,M.2-2280,M.2 PCIe 4.0 X4
Toshiba MG09 512e,6339.8,16000.0,0.02,7200,512.0,3.5,SATA 6.0 Gb/s
Western Digital WDS100T1XHE w/Heatsink,2790.0,1000.0,0.139,SSD,,M.2-2280,M.2 PCIe 4.0 X4
PNY CS1311,638.2,120.0,0.266,SSD,,2.5,SATA 6.0 Gb/s
Intel 320,1419.4,40.0,1.774,SSD,,2.5,SATA 3.0 Gb/s
Western Digital RE,1149.8,1000.0,0.057,7200,64.0,3.5,SATA 6.0 Gb/s
Apacer AS2280Q4,2269.79,1000.0,0.113,SSD,,M.2-2280,M.2 PCIe 4.0 X4
FanXiang S770,,2000.0,,SSD,,M.2-2280,M.2 PCIe 4.0 X4
Inland Gaming Performance Plus,2799.8,2000.0,0.07,SSD,,M.2-2280,M.2 PCIe 4.0 X4
Integral M3 Series Plus,,500.0,,SSD,,M.2-2280,M.2 PCIe 4.0 X4
Biwin Black Opal X570 Pro,,4000.0,,SSD,4096.0,M.2-2280,M.2 PCIe 5.0 X4
Western Digital Blue,3170.0,6000.0,0.026,5400,64.0,3.5,SATA 6.0 Gb/s
Patriot P300,2146.39,1000.0,0.107,SSD,,M.2-2280,M.2 PCIe 3.0 X4
Samsung PM893,10000.0,3840.0,0.13,SSD,,2.5,SATA 6.0 Gb/s
Hitachi Ultrastar 7K4000,,4000.0,,7200,64.0,3.5,SATA 6.0 Gb/s
Western Digital Red,6689.0,10000.0,0.033,5400,256.0,3.5,SATA 6.0 Gb/s
Kingston KC2500,,2000.0,,SSD,,M.2-2280,M.2 PCIe 3.0 X4
Corsair MP600 PRO,,1000.0,,SSD,,M.2-2280,M.2 PCIe 4.0 X4
AGI AI298,1524.6,1000.0,0.076,SSD,,M.2-2280,M.2 PCIe 3.0 X4
Western Digital Scorpio Blue,,500.0,,5400,8.0,2.5,SATA 3.0 Gb/s
Samsung Spinpoint F2 EG,,1000.0,,5400,32.0,3.5,SATA 3.0 Gb/s
Western Digital Black,3779.8,4000.0,0.047,7200,64.0,3.5,SATA 6.0 Gb/s
Seagate ST3000DM002,,3000.0,,7200,64.0,3.5,SATA 6.0 Gb/s
Corsair Force MP500,,480.0,,SSD,,M.2-2280,M.2 PCIe 3.0 X4
Seagate BarraCuda,2919.8,4000.0,0.036,5900,64.0,3.5,SATA 6.0 Gb/s
Western Digital Red,,4000.0,,5400,64.0,3.5,SATA 6.0 Gb/s
Intel 545s,,512.0,,SSD,,2.5,SATA 6.0 Gb/s
Micron 2200,,256.0,,SSD,,M.2-2280,M.2 PCIe 3.0 X4
ADATA Falcon,,512.0,,SSD,,M.2-2280,M.2 PCIe 3.0 X4
Inland Platinum,,1000.0,,SSD,,M.2-2280,M.2 PCIe 3.0 X4
Netac NV5000,,500.0,,SSD,,M.2-2280,M.2 PCIe 4.0 X4
Lexar NM700,,1000.0,,SSD,,2.5,SATA 6.0 Gb/s
Toshiba X300 Pro,6488.8,16000.0,0.02,7200,512.0,3.5,SATA 6.0 Gb/s
ADATA Legend 960,,4000.0,,SSD,,M.2-2280,M.2 PCIe 4.0 X4
Western Digital Purple,1919.8,4000.0,0.024,5400,64.0,3.5,SATA 6.0 Gb/s
Lexar NQ700,,1000.0,,SSD,,M.2-2280,M.2 PCIe 4.0 X4
Hitachi Travelstar 5K1000,,1000.0,,5400,8.0,2.5,SATA 6.0 Gb/s
Intel DC P4511,,2000.0,,SSD,,M.2-22110,M.2 PCIe 3.0 X4
Inland Prime,,1000.0,,SSD,,M.2-2280,M.2 PCIe 3.0 X4
TEAMGROUP T-Force GE PRO AirFlow,4379.8,2000.0,0.109,SSD,,M.2-2280,M.2 PCIe 5.0 X4
Intel Optane 905P,,380.0,,SSD,,M.2-22110,M.2 PCIe 3.0 X4
Seagate FireCuda 510,7911.79,2000.0,0.198,SSD,,M.2-2280,M.2 PCIe 3.0 X4
Western Digital Blue,2099.79,6000.0,0.017,5400,64.0,3.5,SATA 6.0 Gb/s
HP FX900 Pro,4078.8,2000.0,0.102,SSD,,M.2-2280,M.2 PCIe 4.0 X4
Western Digital Caviar Green,1939.4,2000.0,0.048,5400,64.0,3.5,SATA 3.0 Gb/s
Hitachi 7K1000.C,1755.2,1000.0,0.088,7200,32.0,3.5,SATA 3.0 Gb/s
Hitachi A7K2000,579.79,500.0,0.058,7200,32.0,3.5,SATA 3.0 Gb/s
Seagate BarraCuda,1080.0,320.0,0.169,7200,16.0,3.5,SATA 6.0 Gb/s
Gigabyte AORUS,,512.0,,SSD,,PCIe,PCIe x4
Samsung PM883,1920.0,480.0,0.2,SSD,,2.5,SATA 6.0 Gb/s
Hitachi Travelstar Z5K500,3000.0,500.0,0.3,5400,8.0,2.5,SATA 3.0 Gb/s
Intel 320,,600.0,,SSD,,2.5,SATA 3.0 Gb/s
Samsung 750 EVO,,120.0,,SSD,,2.5,SATA 6.0 Gb/s
Crucial MX300,,750.0,,SSD,,2.5,SATA 6.0 Gb/s
Seagate BarraCuda,4991.6,3000.0,0.083,5400,128.0,2.5,SATA 6.0 Gb/s
ADATA XPG SX6000 Pro,,1000.0,,SSD,,M.2-2280,M.2 PCIe 3.0 X4
Patriot VPN100,,512.0,,SSD,512.0,M.2-2280,M.2 PCIe 3.0 X4
ADATA XPG GAMMIX S5,,256.0,,SSD,,M.2-2280,M.2 PCIe 3.0 X4
Micron 1100,,512.0,,SSD,,M.2-2280,M.2 SATA
Samsung PM871b,,128.0,,SSD,,2.5,SATA 6.0 Gb/s
Sabrent Rocket Q,9999.79,4000.0,0.125,SSD,,M.2-2280,M.2 PCIe 3.0 X4
Seagate FireCuda 120,,4000.0,,SSD,,2.5,SATA 6.0 Gb/s
Apacer AS2280P4,,256.0,,SSD,,M.2-2280,M.2 PCIe 3.0 X4
KingSpec XF,,512.0,,SSD,,M.2-2280,M.2 PCIe 4.0 X4
Lexar NM760,,1000.0,,SSD,,M.2-2280,M.2 PCIe 4.0 X4
Lenovo S4520,13199.8,1920.0,,SSD,,2.5,SATA 6.0 Gb/s
TEAMGROUP T-Force GE PRO AirFlow,,8000.0,,SSD,,M.2-2280,M.2 PCIe 5.0 X4
Addlink S70,2128.8,2000.0,0.053,SSD,,M.2-2280,M.2 PCIe 3.0 X4
Seagate ST4000NM0024,2569.8,4000.0,0.032,7200,128.0,3.5,SATA 6.0 Gb/s
Toshiba MG04ACA200E,2955.0,2000.0,0.074,7200,128.0,3.5,SATA 6.0 Gb/s
Western Digital Gold,2959.8,4000.0,0.037,7200,128.0,3.5,SATA 6.0 Gb/s
Silicon Power A55,519.4,256.0,0.101,SSD,,M.2-2280,M.2 SATA
Western Digital Black SN750 SE,,250.0,,SSD,,M.2-2280,M.2 PCIe 4.0 X4
PNY XLR8 CS3030,1039.59,250.0,,SSD,,M.2-2280,M.2 PCIe 3.0 X4
Samsung PM893,3433.8,960.0,0.179,SSD,,2.5,SATA 6.0 Gb/s
Western Digital Red,2900.0,3000.0,0.048,5400,256.0,3.5,SATA 6.0 Gb/s
ADATA XPG MARS 980 STORM,,2000.0,,SSD,,M.2-2280,M.2 PCIe 5.0 X4
Western Digital Caviar Green,1699.8,2000.0,0.042,5400,64.0,3.5,SATA 6.0 Gb/s
Western Digital Red,2495.8,1000.0,0.125,5400,16.0,2.5,SATA 6.0 Gb/s
Western Digital WD Blue,1199.8,500.0,0.12,SSD,,2.5,SATA 6.0 Gb/s
Western Digital RE4,,2000.0,,7200,64.0,3.5,SATA 3.0 Gb/s
Seagate BarraCuda,2571.6,500.0,0.257,7200,32.0,3.5,SATA 3.0 Gb/s
Supermicro HDD-T4000-ST4000NM00,,4000.0,,7200,128.0,3.5,SATA 6.0 Gb/s
SanDisk Ultra II,,960.0,,SSD,,2.5,SATA 6.0 Gb/s
Seagate NAS HDD,,4000.0,,5400,64.0,3.5,SATA 6.0 Gb/s
Corsair Force LE,,240.0,,SSD,,2.5,SATA 6.0 Gb/s
Transcend SSD230S,599.79,128.0,0.234,SSD,,2.5,SATA 6.0 Gb/s
HP EX950,3479.8,2000.0,0.087,SSD,,M.2-2280,M.2 PCIe 3.0 X4
Seagate Enterprise Capacity,2500.0,2000.0,0.062,7200,128.0,3.5,SATA 6.0 Gb/s
Silicon Power P34A80,,512.0,,SSD,,M.2-2280,M.2 PCIe 3.0 X4
TEAMGROUP GX2,1244.4,256.0,0.243,SSD,,2.5,SATA 6.0 Gb/s
HP EX900,,1000.0,,SSD,,M.2-2280,M.2 PCIe 3.0 X4
Transcend 220S,1853.6,1000.0,0.093,SSD,,M.2-2280,M.2 PCIe 3.0 X4
Seagate BarraCuda Q5,,2000.0,,SSD,,M.2-2280,M.2 PCIe 3.0 X4
Western Digital WD Blue,,1000.0,,SSD,,2.5,SATA 6.0 Gb/s
Leven JPS800,,2000.0,,SSD,,M.2-2280,M.2 PCIe 4.0 X4
Patriot VP4000 Mini,919.8,500.0,0.092,SSD,,M.2-2230,M.2 PCIe 4.0 X4
Toshiba MQ04ABD200,1499.8,2000.0,0.037,5400,128.0,2.5,SATA 6.0 Gb/s
Intel DC P4510,4620.0,2000.0,0.116,SSD,,2.5,U.2
PNY CS900,1523.0,1000.0,0.076,SSD,,M.2-2280,M.2 SATA
Seagate FireCuda,1305.0,500.0,0.131,,,2.5,SATA 6.0 Gb/s
Toshiba X300,5107.79,8000.0,0.032,7200,128.0,3.5,SATA 6.0 Gb/s
Sabrent Rocket,1399.6,512.0,0.137,SSD,,M.2-2242,M.2 PCIe 3.0 X4
ADATA LEGEND 840,,1000.0,,SSD,,M.2-2280,M.2 PCIe 4.0 X4
Seagate SkyHawk Surveillance,4999.8,10000.0,0.025,7200,256.0,3.5,SATA 6.0 Gb/s
XOC SP900,1420.0,1000.0,0.071,SSD,,M.2-2280,M.2 PCIe 4.0 X4
ADATA XPG SX6000 Pro,,256.0,,SSD,,M.2-2280,M.2 PCIe 3.0 X4
Crucial BX500,1599.0,960.0,0.083,SSD,,2.5,SATA 6.0 Gb/s
TEAMGROUP GX1,1590.4,480.0,0.166,SSD,,2.5,SATA 6.0 Gb/s
Western Digital Black SN750 Rev2,2314.0,500.0,0.231,SSD,,M.2-2280,M.2 PCIe 3.0 X4
Kingston A400,,480.0,,SSD,,M.2-2280,M.2 SATA
Hitachi Travelstar 7K1000,1190.4,1000.0,0.06,7200,,3.5,SATA 6.0 Gb/s
Seagate BarraCuda,2520.0,750.0,0.168,7200,32.0,3.5,SATA 3.0 Gb/s
Kingston SSDNow V+100,,512.0,,SSD,,2.5,SATA 3.0 Gb/s
Intel 520,5400.0,120.0,2.25,SSD,,2.5,SATA 6.0 Gb/s
Western Digital Black,1300.0,750.0,0.087,7200,16.0,2.5,SATA 6.0 Gb/s
Asus ROG RAIDR,,240.0,,SSD,,PCIe,PCIe x4
Crucial MX200,5949.8,500.0,0.595,SSD,,2.5,SATA 6.0 Gb/s
ADATA Premier SP550,,240.0,,SSD,,2.5,SATA 6.0 Gb/s
Samsung PM863,,3840.0,,SSD,,2.5,SATA 6.0 Gb/s
Hitachi HDS723020BLA642,,2000.0,,7200,64.0,3.5,SATA 6.0 Gb/s
XPG GAMMIX S10,,1000.0,,SSD,,M.2-2280,M.2 PCIe 3.0 X4
Western Digital Black NVMe,,500.0,,SSD,,M.2-2280,M.2 PCIe 3.0 X4
XPG SX6000 Lite,,1000.0,,SSD,,M.2-2280,M.2 PCIe 3.0 X4
XPG SX6000 Lite,,512.0,,SSD,,M.2-2280,M.2 PCIe 3.0 X4
Toshiba MG06ACA10TE,,10000.0,,7200,256.0,3.5,SATA 6.0 Gb/s
Klevv CRAS C710,,256.0,,SSD,,M.2-2280,M.2 PCIe 3.0 X4
Western Digital Black SN750 Rev2,,1000.0,,SSD,,M.2-2280,M.2 PCIe 3.0 X4
Seagate FireCuda 510,,1000.0,,SSD,,M.2-2280,M.2 PCIe 3.0 X4
HP EX900 Plus,,1000.0,,SSD,,M.2-2280,M.2 PCIe 3.0 X4
Toshiba X300,,8000.0,,7200,256.0,3.5,SATA 6.0 Gb/s
Toshiba XG6,,1000.0,,SSD,,M.2-2280,M.2 PCIe 3.0 X4
Lexar NM700,,256.0,,SSD,,2.5,SATA 6.0 Gb/s
Western Digital PC SN740 Pyrite,,512.0,,SSD,,M.2-2280,M.2 PCIe 4.0 X4
Western Digital PC SN740 Pyrite,,1000.0,,SSD,,M.2-2280,M.2 PCIe 4.0 X4
Nextorage G-Series LE,2799.8,2000.0,0.07,SSD,,M.2-2280,M.2 PCIe 4.0 X4
GOODRAM IRDM PRO GEN 5,,4000.0,,SSD,,M.2-2280,M.2 PCIe 5.0 X4
Western Digital WD Red Pro,5389.8,12000.0,0.022,7200,256.0,3.5,SATA 6.0 Gb/s
Transcend MTE245S,1227.2,1000.0,0.061,SSD,,M.2-2280,M.2 PCIe 4.0 X4
Seagate BarraCuda Pro,,6000.0,,7200,256.0,3.5,SATA 6.0 Gb/s
Western Digital Purple Pro,5078.8,10000.0,0.025,7200,256.0,3.5,SATA 6.0 Gb/s
Toshiba XG6,795.8,512.0,0.078,SSD,,M.2-2280,M.2 PCIe 3.0 X4
KingSpec NXM,379.79,128.0,0.148,SSD,,M.2-2242,M.2 PCIe 3.0 X4
Western Digital Red,3580.0,6000.0,0.03,5400,256.0,3.5,SATA 6.0 Gb/s
Western Digital Red Plus,3365.8,6000.0,0.028,5400,64.0,3.5,SATA 6.0 Gb/s
Seagate IronWolf NAS,3999.8,6000.0,0.033,5400,256.0,3.5,SATA 6.0 Gb/s
Hitachi Deskstar 7K2000,1422.8,2000.0,0.036,7200,32.0,3.5,SATA 3.0 Gb/s
TEAMGROUP EX2,,2000.0,,SSD,,2.5,SATA 6.0 Gb/s
Toshiba V300,,2000.0,,5700,,3.5,SATA 6.0 Gb/s
Sabrent Rocket 4 Plus G,,1000.0,,SSD,,M.2-2280,M.2 PCIe 4.0 X4
Acer SA100,,240.0,,SSD,,2.5,SATA 6.0 Gb/s
Western Digital Blue,1879.6,500.0,0.188,SSD,,2.5,SATA 6.0 Gb/s
HP EX920,,256.0,,SSD,256.0,M.2-2280,M.2 PCIe 3.0 X4
Sabrent Rocket Q,1749.8,500.0,0.175,SSD,,M.2-2280,M.2 PCIe 3.0 X4
Samsung Spinpoint F1 DT,,320.0,,7200,16.0,3.5,SATA 3.0 Gb/s
Seagate BarraCuda,,1500.0,,7200,64.0,3.5,SATA 6.0 Gb/s
Samsung 840,,250.0,,SSD,,2.5,SATA 6.0 Gb/s
Kingston SSDNow V300,,60.0,,SSD,,2.5,SATA 6.0 Gb/s
Crucial M500,,960.0,,SSD,,2.5,SATA 6.0 Gb/s
Western Digital Black2,4999.8,1000.0,0.25,,,2.5,SATA 6.0 Gb/s
Seagate ST1000DM004,,1000.0,,7200,64.0,3.5,SATA 6.0 Gb/s
Toshiba X300,,6000.0,,7200,128.0,3.5,SATA 6.0 Gb/s
SanDisk X400,,128.0,,SSD,,M.2-2280,M.2 SATA
Samsung SM961,,256.0,,SSD,,M.2-2280,M.2 PCIe 3.0 X4
Plextor M8Pe,,256.0,,SSD,512.0,PCIe,PCIe x4
Hitachi Ultrastar 7K4000,,3000.0,,7200,64.0,3.5,SATA 6.0 Gb/s
PNY CS900,,960.0,,SSD,,2.5,SATA 6.0 Gb/s
Toshiba P300,,2000.0,,7200,64.0,3.5,SATA 6.0 Gb/s
Intel 660p,,1000.0,,SSD,,M.2-2280,M.2 PCIe 3.0 X4
Transcend 110S,999.8,512.0,0.098,SSD,,M.2-2280,M.2 PCIe 3.0 X4
Seagate BarraCuda 120,,2000.0,,SSD,,2.5,SATA 6.0 Gb/s
Gigabyte AORUS Gen4 7000s,,2000.0,,SSD,2048.0,M.2-2280,M.2 PCIe 4.0 X4
TEAMGROUP T-Force Cardea A440 Pro,,4000.0,,SSD,,M.2-2280,M.2 PCIe 4.0 X4
Netac NV2000,,1000.0,,SSD,,M.2-2280,M.2 PCIe 3.0 X4
Nextorage G-Series,,4000.0,,SSD,,M.2-2280,M.2 PCIe 4.0 X4
Klevv CRAS C715,,512.0,,SSD,,M.2-2280,M.2 PCIe 4.0 X4
Crucial P310,2999.8,2000.0,0.075,SSD,,M.2-2230,M.2 PCIe 4.0 X4
Western Digital Purple Pro,7559.8,18000.0,0.021,7200,512.0,3.5,SATA 6.0 Gb/s
Western Digital WDBMMA0030HNC-NRSN,1399.6,3000.0,0.023,5400,64.0,3.5,SATA 6.0 Gb/s
Seagate Exos X18,8041.4,16000.0,0.025,7200,256.0,3.5,SAS 12.0 Gb/s
Western Digital Gold,5999.8,14000.0,0.021,7200,512.0,3.5,SATA 6.0 Gb/s
Nextorage G-Series,15999.8,8000.0,0.1,SSD,,M.2-2280,M.2 PCIe 4.0 X4
Integral MO-300,599.0,256.0,0.117,SSD,,mSATA,mSATA
Toshiba MG07ACA14TE,5980.0,14000.0,0.021,7200,256.0,3.5,SATA 6.0 Gb/s
Netac NV3000,,2000.0,,SSD,,M.2-2280,M.2 PCIe 3.0 X4
Integral V Series 2,,120.0,,SSD,,2.5,SATA 6.0 Gb/s
Verbatim Vi7000G,2109.79,1000.0,0.105,SSD,,M.2-2280,M.2 PCIe 4.0 X4
Western Digital Caviar Blue,2262.4,1000.0,0.113,7200,32.0,3.5,SATA 3.0 Gb/s
Samsung PM893,5807.6,1920.0,0.151,SSD,,2.5,SATA 6.0 Gb/s
Seagate Game Drive,2609.6,1000.0,,SSD,,M.2-2280,M.2 PCIe 4.0 X4
Verbatim Vi5000,1649.8,1000.0,,SSD,,M.2-2280,M.2 PCIe 4.0 X4
Transcend SSD230S,1630.0,1000.0,0.082,SSD,,2.5,SATA 6.0 Gb/s
Seagate EE25.2,,40.0,,5400,8.0,2.5,SATA 3.0 Gb/s
Western Digital Black NVMe,,1000.0,,SSD,,M.2-2280,M.2 PCIe 3.0 X4
TEAMGROUP T-Force Vulcan,,500.0,,SSD,,2.5,SATA 6.0 Gb/s
Crucial P5,,250.0,,SSD,,M.2-2280,M.2 PCIe 3.0 X4
Sabrent Rocket Q4,,4000.0,,SSD,,M.2-2280,M.2 PCIe 4.0 X4
ADATA Premium For PS5,2799.8,2000.0,0.07,SSD,,M.2-2280,M.2 PCIe 4.0 X4
Lexar NS100,,256.0,,SSD,,2.5,SATA 6.0 Gb/s
HP S700,1177.2,250.0,0.235,SSD,,2.5,SATA 6.0 Gb/s
GOODRAM CL100 gen.3,,120.0,,SSD,,2.5,SATA 6.0 Gb/s
MSI SPATIUM M460,,2000.0,,SSD,,M.2-2280,M.2 PCIe 4.0 X4
HP FX900 Pro,,4000.0,,SSD,,M.2-2280,M.2 PCIe 4.0 X4
KIOXIA BG5,,256.0,,SSD,,M.2-2280,M.2 PCIe 4.0 X4
Patriot Viper VP4300 Lite,,500.0,,SSD,,M.2-2280,M.2 PCIe 4.0 X4
KingSpec VP101,,1000.0,,SSD,,M.2-2280,M.2 PCIe 5.0 X4
Western Digital AV-GP,999.0,160.0,0.312,5400,8.0,3.5,SATA 3.0 Gb/s
Seagate BarraCuda,,2000.0,,7200,64.0,3.5,SATA 6.0 Gb/s
Seagate BarraCuda,1480.0,500.0,0.148,7200,16.0,3.5,SATA 3.0 Gb/s
Western Digital Caviar Black,,640.0,,7200,64.0,3.5,SATA 6.0 Gb/s
Western Digital Purple,,1000.0,,5900,64.0,3.5,SATA 6.0 Gb/s
Kingston SSDNow E100,,200.0,,SSD,,2.5,SATA 6.0 Gb/s
Western Digital Black,,5000.0,,7200,128.0,3.5,SATA 6.0 Gb/s
SanDisk X400,,512.0,,SSD,,2.5,SATA 6.0 Gb/s
AMD Radeon R3,,240.0,,SSD,,2.5,SATA 6.0 Gb/s
Crucial MX300,,525.0,,SSD,,M.2-2280,M.2 SATA
Crucial MX300,9999.79,2050.0,0.244,SSD,,2.5,SATA 6.0 Gb/s
ADATA XPG SX6000,,128.0,,SSD,,M.2-2280,M.2 PCIe 3.0 X2
ADATA Ultimate SU650,,480.0,,SSD,,2.5,SATA 6.0 Gb/s
ADATA XPG SX8200 240,,240.0,,SSD,,M.2-2280,M.2 PCIe 3.0 X4
Seagate IronWolf Pro,,12000.0,,7200,256.0,3.5,SATA 6.0 Gb/s
Gigabyte AORUS RGB,,256.0,,SSD,512.0,M.2-2280,M.2 PCIe 3.0 X4
Seagate IronWolf Pro,5100.0,8000.0,0.032,7200,256.0,3.5,SATA 6.0 Gb/s
Intel D3-S4510,3400.0,960.0,0.177,SSD,,2.5,SATA 6.0 Gb/s
Seagate BarraCuda 120,,250.0,,SSD,,2.5,SATA 6.0 Gb/s
Kingston KC2500,,500.0,,SSD,,M.2-2280,M.2 PCIe 3.0 X4
Corsair MP400,,4000.0,,SSD,,M.2-2280,M.2 PCIe 3.0 X4
Seagate BarraCuda Q1,1999.0,480.0,0.208,SSD,,2.5,SATA 6.0 Gb/s
Corsair MP600 CORE,,1000.0,,SSD,,M.2-2280,M.2 PCIe 4.0 X4
ADATA Legend 850,1099.8,512.0,0.107,SSD,,M.2-2280,M.2 PCIe 4.0 X4
PNY XLR8 CS3140 w/Heatsink,3809.6,1000.0,,SSD,,M.2-2280,M.2 PCIe 4.0 X4
Samsung PM893,2379.0,240.0,0.496,SSD,,2.5,SATA 6.0 Gb/s
Toshiba N300,9799.79,16000.0,0.031,7200,512.0,3.5,SATA 6.0 Gb/s
Gigabyte AORUS Gen5 10000,,2000.0,,SSD,4096.0,M.2-2280,M.2 PCIe 5.0 X4
Seagate Lightsaber Collection FireCuda,2799.8,1000.0,,SSD,,M.2-2280,M.2 PCIe 4.0 X4
Silicon Power UD90,1499.6,1000.0,0.075,SSD,,M.2-2230,M.2 PCIe 4.0 X4
Lexar NQ100,1789.8,1920.0,0.047,SSD,,2.5,SATA 6.0 Gb/s
Toshiba N300 NAS,6980.0,20000.0,0.017,7200,512.0,3.5,SATA 6.0 Gb/s
Seagate SkyHawk AI,4799.8,10000.0,0.024,7200,256.0,3.5,SATA 6.0 Gb/s
Toshiba L200,1703.8,2000.0,0.043,5400,128.0,2.5,SATA 6.0 Gb/s
Western Digital Blue,1197.0,250.0,0.239,SSD,,2.5,SATA 6.0 Gb/s
Klevv CRAS C925,939.8,500.0,0.094,SSD,,M.2-2280,M.2 PCIe 4.0 X4
Hitachi S800 S846,,2000.0,,SSD,,2.5,SAS 6.0 Gb/s
Mushkin Vortex Redline,,512.0,,SSD,1024.0,M.2-2280,M.2 PCIe 4.0 X4
KingSpec XG7000 PRO,1419.8,1000.0,0.071,SSD,,M.2-2280,M.2 PCIe 4.0 X4
Nextorage NN5PRO,7999.8,2000.0,0.2,SSD,4096.0,M.2-2280,M.2 PCIe 4.0 X8
SanDisk SSD PLUS,982.0,480.0,0.102,SSD,,2.5,SATA 6.0 Gb/s
Gigabyte GP-GSM2NE8512GNTD,,512.0,,SSD,,M.2-2280,M.2 PCIe 3.0 X2
PNY CS2130,2599.8,1000.0,0.13,SSD,,M.2-2280,M.2 PCIe 3.0 X4
GameStop 23VG-GSPL-GameStop NVMe SSD-Heatsink-2TB,3399.8,2000.0,0.085,SSD,,M.2-2280,M.2 PCIe 4.0 X4
Hitachi Ultrastar 7K6000,12930.8,6000.0,0.108,7200,128.0,3.5,SATA 6.0 Gb/s
Seagate Exos 7E8,3392.8,4000.0,0.042,7200,256.0,3.5,SATA 6.0 Gb/s
Corsair MP600 PRO,7707.79,4000.0,0.096,SSD,,M.2-2280,M.2 PCIe 4.0 X4
Toshiba N300,3499.8,8000.0,0.022,7200,256.0,3.5,SATA 6.0 Gb/s
Mushkin Vortex-LX,1938.0,1000.0,0.097,SSD,,M.2-2280,M.2 PCIe 4.0 X4
Western Digital AV-GP,,1000.0,,5400,32.0,3.5,SATA 3.0 Gb/s
Kingston SSDNow V100,,64.0,,SSD,,2.5,SATA 3.0 Gb/s
Crucial M4,3999.8,256.0,0.781,SSD,,2.5,SATA 6.0 Gb/s
Seagate Constellation ES.2,,3000.0,,7200,64.0,3.5,SATA 6.0 Gb/s
Seagate Barracuda 7200.10,,80.0,,7200,2.0,3.5,SATA 3.0 Gb/s
SanDisk Ultra Plus,,128.0,,SSD,,2.5,SATA 6.0 Gb/s
Western Digital WD Red Pro,,3000.0,,7200,64.0,3.5,SATA 6.0 Gb/s
Seagate Surveillance HDD,,6000.0,,5400,128.0,3.5,SATA 6.0 Gb/s
Western Digital Blue,,1000.0,,,64.0,2.5,SATA 6.0 Gb/s
Crucial MX300,,1050.0,,SSD,,M.2-2280,M.2 SATA
Western Digital Green,1240.0,240.0,0.258,SSD,,2.5,SATA 6.0 Gb/s
Toshiba XG3,,512.0,,SSD,,M.2-2280,M.2 PCIe 3.0 X4
Toshiba XG5,,512.0,,SSD,,M.2-2280,M.2 PCIe 3.0 X4
ADATA XPG SX8200 480,,480.0,,SSD,,M.2-2280,M.2 PCIe 3.0 X4
Kingston UV500B,1249.8,240.0,0.26,SSD,,M.2-2280,M.2 SATA
Samsung MZ1LV960HCJH,,960.0,,SSD,,M.2-22110,M.2 PCIe 3.0 X4
Toshiba P300,,1000.0,,7200,64.0,3.5,SATA 6.0 Gb/s
ADATA XPG SX6000,,1000.0,,SSD,,M.2-2280,M.2 PCIe 3.0 X4
TEAMGROUP MS30,,512.0,,SSD,,M.2-2242,M.2 SATA
SanDisk CloudSpeed Eco Gen. II,,1920.0,,SSD,,2.5,SATA 6.0 Gb/s
Silicon Power Ace A56,,512.0,,SSD,,2.5,SATA 6.0 Gb/s
Intel MEMPEK1J032GAXT,,32.0,,SSD,,M.2-2280,M.2 PCIe 3.0 X2
Seagate FireCuda 510,,500.0,,SSD,,M.2-2280,M.2 PCIe 3.0 X4
Lenovo 4XB0W79582,9300.0,1000.0,0.465,SSD,,M.2-2280,M.2 PCIe 3.0 X4
Transcend 220S,743.6,256.0,0.145,SSD,,M.2-2280,M.2 PCIe 3.0 X4
TEAMGROUP T-Force Cardea Zero Z340,,1000.0,,SSD,,M.2-2280,M.2 PCIe 3.0 X4
Enmotus FuzeDrive,,900.0,,SSD,24576.0,M.2-2280,M.2 PCIe 3.0 X4
Western Digital Blue SN550,2599.8,1000.0,,SSD,,M.2-2280,M.2 PCIe 3.0 X4
TEAMGROUP T-Force Cardea Zero Z340,,4000.0,,SSD,,M.2-2280,M.2 PCIe 3.0 X4
TEAMGROUP QX,,8000.0,,SSD,,2.5,SATA 6.0 Gb/s
Mushkin Tempest,969.4,256.0,0.189,SSD,,M.2-2280,M.2 PCIe 3.0 X4
Mushkin Tempest,,512.0,,SSD,,M.2-2280,M.2 PCIe 3.0 X4
Netac NV2000,,256.0,,SSD,,M.2-2280,M.2 PCIe 3.0 X4
Netac NV2000,,512.0,,SSD,,M.2-2280,M.2 PCIe 3.0 X4
Western Digital PC SN740 Opal,,512.0,,SSD,,M.2-2280,M.2 PCIe 4.0 X4
Hitachi Ultrastar DC HC530,,14000.0,,7200,256.0,3.5,SATA 6.0 Gb/s
Seagate Enterprise,3859.4,6000.0,0.032,7200,128.0,3.5,SAS 12.0 Gb/s
Seagate Enterprise Capacity,3435.0,8000.0,0.021,7200,256.0,3.5,SAS 6.0 Gb/s
KingSpec XG7000,2659.8,2000.0,0.066,SSD,,M.2-2242,M.2 PCIe 4.0 X4
Seagate Exos 7E8,1819.19,3000.0,0.03,7200,256.0,3.5,SATA 6.0 Gb/s
Western Digital Red Plus,3340.0,6000.0,0.028,5640,128.0,3.5,SATA 6.0 Gb/s
Seagate BarraCuda Pro,3700.0,6000.0,0.031,7200,128.0,3.5,SATA 6.0 Gb/s
Seagate Enterprise,7980.0,12000.0,0.033,7200,256.0,3.5,SATA 6.0 Gb/s
Addlink S20,639.79,512.0,0.062,SSD,,2.5,SATA 6.0 Gb/s
Intel 730,10939.8,480.0,1.14,SSD,,2.5,SATA 6.0 Gb/s
TEAMGROUP MP44L,,250.0,,SSD,,M.2-2280,M.2 PCIe 4.0 X4
Western Digital Caviar Blue,1699.0,320.0,0.265,7200,8.0,3.5,PATA 100
ADATA XPG SX8100,9999.79,4000.0,0.125,SSD,,M.2-2280,M.2 PCIe 3.0 X4
Seagate SkyHawk Surveillance,4311.8,8000.0,0.027,7200,256.0,3.5,SATA 6.0 Gb/s
Inland Gaming Performance Plus,1699.8,1000.0,0.085,SSD,,M.2-2280,M.2 PCIe 4.0 X4
ADATA LEGEND 960 MAX,9509.19,4000.0,0.119,SSD,,M.2-2280,M.2 PCIe 4.0 X4
Seagate BarraCuda,1700.0,320.0,0.266,7200,16.0,3.5,SATA 3.0 Gb/s
Western Digital Purple,1799.8,3000.0,0.03,5400,64.0,3.5,SATA 6.0 Gb/s
Hitachi Ultrastar He8,6500.0,8000.0,0.041,7200,128.0,3.5,SATA 6.0 Gb/s
Kingston DC1000B,,240.0,,SSD,,M.2-2280,M.2 PCIe 3.0 X4
ADATA Legend 850,,1000.0,,SSD,,M.2-2280,M.2 PCIe 4.0 X4
Samsung Spinpoint F1 DT,,320.0,,7200,8.0,3.5,SATA 3.0 Gb/s
OCZ Colossus,,1000.0,,SSD,128.0,3.5,SATA 3.0 Gb/s
Kingston SSDNow V100,,128.0,,SSD,,2.5,SATA 3.0 Gb/s
Samsung 830,,512.0,,SSD,,2.5,SATA 6.0 Gb/s
Seagate Momentus 7200.4,900.0,500.0,0.09,7200,16.0,2.5,SATA 3.0 Gb/s
ADATA Premier Pro SP900,5999.0,256.0,1.172,SSD,,2.5,SATA 6.0 Gb/s
OCZ Vertex 3,,120.0,,SSD,,3.5,SATA 6.0 Gb/s
Hitachi Deskstar 7K3000,,3000.0,,7200,64.0,3.5,SATA 6.0 Gb/s
Western Digital Caviar Green,,1500.0,,7200,64.0,3.5,SATA 6.0 Gb/s
Crucial M500,,120.0,,SSD,,2.5,SATA 6.0 Gb/s
Western Digital Green,2304.79,2000.0,0.058,5900,8.0,2.5,SATA 6.0 Gb/s
Toshiba Q,,512.0,,SSD,,2.5,SATA 6.0 Gb/s
Samsung 850 Pro,,128.0,,SSD,,2.5,SATA 6.0 Gb/s
SanDisk SSD PLUS,,240.0,,SSD,,2.5,SATA 6.0 Gb/s
Seagate NAS HDD,,4000.0,,5900,64.0,3.5,SATA 6.0 Gb/s
OCZ RD400,,256.0,,SSD,,M.2-2280,M.2 PCIe 3.0 X4
Transcend TS120GSSD220S,479.79,120.0,0.2,SSD,,2.5,SATA 6.0 Gb/s
Hitachi HUA721010KLA330,,1000.0,,7200,32.0,3.5,SATA 6.0 Gb/s
Toshiba OCZ TR200,,480.0,,SSD,,2.5,SATA 6.0 Gb/s
Western Digital Purple,1980.0,4000.0,0.025,5400,64.0,3.5,SATA 6.0 Gb/s
Hitachi Ultrastar He10,,10000.0,,7200,256.0,3.5,SATA 6.0 Gb/s
Inland Professional,,480.0,,SSD,,2.5,SATA 6.0 Gb/s
Patriot Burst,,480.0,,SSD,,2.5,SATA 6.0 Gb/s
Corsair MP510,,480.0,,SSD,,M.2-2280,M.2 PCIe 3.0 X4
Western Digital SN520,,256.0,,SSD,,M.2-2280,M.2 PCIe 3.0 X2
Seagate IronWolf Pro,5479.8,10000.0,0.027,7200,256.0,3.5,SATA 6.0 Gb/s
TEAMGROUP GX1,,960.0,,SSD,,2.5,SATA 6.0 Gb/s
Seagate Exos X10,20180.0,10000.0,0.101,7200,256.0,3.5,SAS 12.0 Gb/s
Silicon Power Ace A56,,1000.0,,SSD,,2.5,SATA 6.0 Gb/s
ADATA XPG SX8100,,1000.0,,SSD,,M.2-2280,M.2 PCIe 3.0 X4
Patriot Burst,,960.0,,SSD,,2.5,SATA 6.0 Gb/s
ADATA SU760,,512.0,,SSD,,2.5,SATA 6.0 Gb/s
Intel 665p,,2000.0,,SSD,,M.2-2280,M.2 PCIe 3.0 X4
Neo Forza NFS01,,240.0,,SSD,,2.5,SATA 6.0 Gb/s
Sabrent Rocket,,1000.0,,SSD,,M.2-2242,M.2 PCIe 3.0 X4
Acer SA100,,960.0,,SSD,,2.5,SATA 6.0 Gb/s
Silicon Power P34A80,,2000.0,,SSD,,M.2-2280,M.2 PCIe 3.0 X4
TEAMGROUP T-Force Cardea Z44Q,,2000.0,,SSD,,M.2-2280,M.2 PCIe 4.0 X4
KIOXIA EXCERIA,,240.0,,SSD,,2.5,SATA 6.0 Gb/s
KIOXIA EXCERIA,,1000.0,,SSD,,M.2-2280,M.2 PCIe 3.0 X4
HP EX900 Plus,,512.0,,SSD,,M.2-2280,M.2 PCIe 3.0 X4
Solidigm P44 Pro,2029.8,512.0,,SSD,,M.2-2280,M.2 PCIe 4.0 X4
Kingston Fury Renegade with Heat Sink,2339.6,500.0,0.234,SSD,,M.2-2280,M.2 PCIe 4.0 X4
Netac NV7000,,4000.0,,SSD,,M.2-2280,M.2 PCIe 4.0 X4
Gigabyte M30,,512.0,,SSD,,M.2-2280,M.2 PCIe 3.0 X4
Klevv CRAS C715,,256.0,,SSD,,M.2-2280,M.2 PCIe 4.0 X4
ADATA XPG MARS 980 PRO,,4000.0,,SSD,,M.2-2280,M.2 PCIe 5.0 X4
Patriot VP4000 Mini,1439.6,1000.0,0.072,SSD,,M.2-2230,M.2 PCIe 4.0 X4
Integral M3 Series Plus,,2000.0,,SSD,,M.2-2280,M.2 PCIe 4.0 X4
Western Digital Purple Pro,8999.79,22000.0,0.02,7200,512.0,3.5,SATA 6.0 Gb/s
Western Digital SN530,777.6,256.0,0.152,SSD,,M.2-2230,M.2 PCIe 3.0 X4
Hitachi 0F27406,2780.0,8000.0,0.017,7200,256.0,3.5,SAS 12.0 Gb/s
Micron 2400,1182.39,512.0,0.115,SSD,,M.2-2230,M.2 PCIe 4.0 X4
ADATA Premium For PS5,1519.6,1000.0,0.076,SSD,,M.2-2280,M.2 PCIe 4.0 X4
TEAMGROUP T-Force Z44A7Q,,4000.0,,SSD,,M.2-2280,M.2 PCIe 4.0 X4
Western Digital Purple,5980.0,12000.0,0.025,7200,256.0,3.5,SATA 6.0 Gb/s
Orico D10,,256.0,,SSD,,M.2-2280,M.2 PCIe 3.0 X4
Integral V Series 2,608.8,250.0,0.122,SSD,,2.5,SATA 6.0 Gb/s
Integral V Series Plus,716.59,512.0,0.07,SSD,,2.5,SATA 6.0 Gb/s
Western Digital WD Red Pro,2799.8,4000.0,0.035,7200,256.0,3.5,SATA 6.0 Gb/s
HP EX900 Plus,,256.0,,SSD,,M.2-2280,M.2 PCIe 3.0 X4
Toshiba L200,1276.0,1000.0,0.064,5400,128.0,2.5,SATA 6.0 Gb/s
Seagate SkyHawk Surveillance +Rescue,2999.8,6000.0,0.025,5400,256.0,3.5,SATA 6.0 Gb/s
Addlink G55,4239.8,2000.0,0.106,SSD,,M.2-2280,M.2 PCIe 5.0 X4
Seagate BarraCuda,1139.8,500.0,0.114,5400,128.0,2.5,SATA 6.0 Gb/s
Micron 7400 PRO,6999.8,1920.0,,SSD,,M.2-22110,M.2 PCIe 4.0 X4
Lexar NS100,,1000.0,,SSD,,2.5,SATA 6.0 Gb/s
OWC Mercury Electra 6G,3599.8,2000.0,0.09,SSD,,2.5,SATA 6.0 Gb/s
Intel 760p,2580.0,1000.0,0.129,SSD,,M.2-2280,M.2 PCIe 3.0 X4
Intel D3-S4510,10560.0,3840.0,0.138,SSD,,2.5,SATA 6.0 Gb/s
Addlink S20,1139.8,1000.0,0.057,SSD,,2.5,SATA 6.0 Gb/s
Nextorage NEM-PAB,1799.8,1000.0,0.09,SSD,,M.2-2280,M.2 PCIe 4.0 X4
PNY CS2340,2016.4,1000.0,0.101,SSD,,M.2-2280,M.2 PCIe 4.0 X4
Western Digital WD1001FALS,,500.0,,7200,32.0,3.5,SATA 3.0 Gb/s
Samsung Spinpoint F1 DT,,1000.0,,7200,32.0,3.5,SATA 3.0 Gb/s
Seagate Barracuda LP,2179.6,2000.0,0.054,5900,32.0,3.5,SATA 3.0 Gb/s
Samsung Spinpoint F4,,2000.0,,5400,32.0,3.5,SATA 3.0 Gb/s
Seagate Momentus 7200.4,459.0,160.0,0.143,7200,16.0,2.5,SATA 3.0 Gb/s
Toshiba MK1002TSKB,,1000.0,,7200,64.0,3.5,SATA 3.0 Gb/s
Toshiba HDKPC08,,3000.0,,7200,64.0,3.5,SATA 3.0 Gb/s
Samsung ST750LM022/HN-M750MBB,,750.0,,5400,8.0,2.5,SATA 3.0 Gb/s
Crucial M550,,256.0,,SSD,,2.5,SATA 6.0 Gb/s
Crucial M550,,512.0,,SSD,,M.2-2280,M.2 SATA
Mushkin Reactor,,1000.0,,SSD,,2.5,SATA 6.0 Gb/s
Seagate ST1000NX0313,1168.8,1000.0,0.058,7200,128.0,2.5,SATA 6.0 Gb/s
Western Digital Green,,120.0,,SSD,,2.5,SATA 6.0 Gb/s
Seagate IronWolf NAS,,2000.0,,5900,64.0,3.5,SATA 6.0 Gb/s
Transcend TS240GSSD220S,589.0,240.0,0.123,SSD,,2.5,SATA 6.0 Gb/s
Western Digital Blue,,500.0,,SSD,,M.2-2280,M.2 SATA
Kingston HyperX FURY RGB,,240.0,,SSD,,2.5,SATA 6.0 Gb/s
Seagate IronWolf Pro,,2000.0,,7200,128.0,3.5,SATA 6.0 Gb/s
ADATA SU800,,2000.0,,SSD,,2.5,SATA 6.0 Gb/s
ADATA SU635,,960.0,,SSD,,2.5,SATA 6.0 Gb/s
Mushkin Pilot-E,,2000.0,,SSD,,M.2-2280,M.2 PCIe 3.0 X4
TEAMGROUP MP33,,128.0,,SSD,,M.2-2280,M.2 PCIe 3.0 X4
Kingston DC450R,,480.0,,SSD,,2.5,SATA 6.0 Gb/s
TEAMGROUP T-Force Cardea Zero Z330,,2000.0,,SSD,,M.2-2280,M.2 PCIe 3.0 X4
Western Digital Black AN1500,,4000.0,,SSD,,PCIe,PCIe x8
Kingston DC500R,,7680.0,,SSD,,2.5,SATA 6.0 Gb/s
KIOXIA EXCERIA PLUS,,1000.0,,SSD,,M.2-2280,M.2 PCIe 3.0 X4
KIOXIA EXCERIA PLUS G2,,1000.0,,SSD,,M.2-2280,M.2 PCIe 3.0 X4
Klevv CRAS C920,,1000.0,,SSD,,M.2-2280,M.2 PCIe 4.0 X4
Klevv CRAS C700 RGB,,960.0,,SSD,,M.2-2280,M.2 PCIe 3.0 X4
KingSpec P3,,128.0,,SSD,,2.5,SATA 6.0 Gb/s
Western Digital SN520,,128.0,,SSD,,M.2-2280,M.2 PCIe 3.0 X2
Corsair MP600 PRO NH,,500.0,,SSD,,M.2-2280,M.2 PCIe 4.0 X4
Sabrent Rocket 4 Plus G,,2000.0,,SSD,,M.2-2280,M.2 PCIe 4.0 X4
PNY CS1031,,1000.0,,SSD,,M.2-2280,M.2 PCIe 3.0 X4
Integral M2,,256.0,,SSD,,M.2-2280,M.2 PCIe 3.0 X4
TEAMGROUP T-Force GE PRO Graphene,,2000.0,,SSD,,M.2-2280,M.2 PCIe 5.0 X4
Klevv CRAS C910 Lite,,1000.0,,SSD,,M.2-2280,M.2 PCIe 4.0 X4
Hitachi Deskstar 7K1000.C,,1000.0,,7200,,3.5,SATA 6.0 Gb/s
‎FFF Smart Life Connected ‎G-Storategy NV470 w/Heatsink,,4000.0,,SSD,,M.2-2280,M.2 PCIe 4.0 X4
Western Digital SN720,,512.0,,SSD,,M.2-2280,M.2 PCIe 3.0 X4
Patriot VP4000 Mini,2659.8,2000.0,0.066,SSD,,M.2-2230,M.2 PCIe 4.0 X4
Kingston NV3,2798.8,2000.0,0.07,SSD,,M.2-2230,M.2 PCIe 4.0 X4
Seagate ST4000LM016,3100.0,4000.0,0.039,5400,128.0,2.5,SATA 6.0 Gb/s
Toshiba N300 NAS,4379.8,12000.0,0.018,7200,512.0,3.5,SATA 6.0 Gb/s
Sabrent Rocket,3999.8,2000.0,0.1,SSD,,M.2-2242,M.2 PCIe 3.0 X4
Western Digital WD Green,859.59,480.0,0.09,SSD,,M.2-2280,M.2 SATA
Hitachi Travelstar,1700.0,1000.0,0.085,7200,32.0,2.5,SATA 6.0 Gb/s
Western Digital Blue,1599.6,3000.0,0.027,5400,256.0,3.5,SATA 6.0 Gb/s
Seagate BarraCuda Pro,4829.8,8000.0,0.03,7200,256.0,3.5,SATA 6.0 Gb/s
Western Digital Purple,4118.0,8000.0,0.026,5640,128.0,3.5,SATA 6.0 Gb/s
Addlink A95,2928.8,2000.0,0.073,SSD,,M.2-2280,M.2 PCIe 4.0 X4
SanDisk EXTREME PRO,3571.39,1000.0,0.179,SSD,,M.2-2280,M.2 PCIe 3.0 X4
Patriot Viper VPR400 RGB,,1000.0,,SSD,,M.2-2280,M.2 PCIe 4.0 X4
Nextorage G-Series,15999.8,2000.0,0.4,SSD,,M.2-2280,M.2 PCIe 4.0 X4
Transcend MTE245S,5980.0,4000.0,0.075,SSD,,M.2-2280,M.2 PCIe 4.0 X4
KIOXIA EXCERIA w/Heatsink,1639.8,1000.0,0.082,SSD,,M.2-2280,M.2 PCIe 4.0 X4
Western Digital WD Red Pro,5089.0,8000.0,0.032,7200,256.0,3.5,SATA 6.0 Gb/s
Patriot P300,1529.0,512.0,0.149,SSD,,M.2-2280,M.2 PCIe 3.0 X4
Seagate Exos X18,9114.19,18000.0,0.025,7200,256.0,3.5,SATA 6.0 Gb/s
PNY CS2140,2549.6,2000.0,,SSD,,M.2-2280,M.2 PCIe 4.0 X4
Lexar Professional NM800PRO w/Heatsink,2999.8,2000.0,0.075,SSD,,M.2-2280,M.2 PCIe 4.0 X4
GOODRAM IRDM PRO GEN 5,,2000.0,,SSD,,M.2-2280,M.2 PCIe 5.0 X4
Western Digital Caviar Black,1579.0,1000.0,0.079,7200,32.0,3.5,SATA 3.0 Gb/s
Intel DC P3600,30000.0,1200.0,1.25,SSD,,PCIe,PCIe x4
Intel DC P4510,,8000.0,,SSD,,2.5,U.2
Seagate Enterprise Capacity,,2000.0,,7200,128.0,2.5,SATA 6.0 Gb/s
Transcend 110S,1644.6,1000.0,0.082,SSD,,M.2-2280,M.2 PCIe 3.0 X4
Intenso High Performance,888.8,480.0,0.093,SSD,,2.5,SATA 6.0 Gb/s
ADATA Falcon,1699.4,1000.0,0.085,SSD,,M.2-2280,M.2 PCIe 3.0 X4
PNY CS2130,4599.8,2000.0,0.115,SSD,,M.2-2280,M.2 PCIe 3.0 X4
Angelbird Wings MX2,,2000.0,,SSD,,PCIe,PCIe x2
TEAMGROUP EX2,,512.0,,SSD,,2.5,SATA 6.0 Gb/s
Western Digital Red Plus,2120.0,2000.0,0.053,5400,128.0,3.5,SATA 6.0 Gb/s
Transcend MTE245S,1199.8,500.0,0.12,SSD,,M.2-2280,M.2 PCIe 4.0 X4
GameStop 23VG-GSPL-GameStop NVMe SSD-Heatsink-1TB,2199.79,1000.0,0.11,SSD,,M.2-2280,M.2 PCIe 4.0 X4
Western Digital WD Red Pro,9999.79,24000.0,0.021,7200,512.0,3.5,SATA 6.0 Gb/s
Western Digital Scorpio Blue,,120.0,,5400,8.0,2.5,SATA 3.0 Gb/s
Samsung Spinpoint F2 EG,,500.0,,5400,16.0,3.5,SATA 3.0 Gb/s
Seagate Momentus 5400.6,660.0,320.0,0.103,5400,8.0,2.5,SATA 3.0 Gb/s
Toshiba MK5061GSYN,1160.0,500.0,0.116,7200,16.0,2.5,SATA 3.0 Gb/s
Seagate BarraCuda,,2000.0,,7200,64.0,3.5,SATA 3.0 Gb/s
Samsung 840,,120.0,,SSD,,2.5,SATA 6.0 Gb/s
Kingston SSDNow 200,,30.0,,SSD,,2.5,SATA 6.0 Gb/s
Toshiba HDD3A01,,2000.0,,7200,16.0,3.5,SAS 6.0 Gb/s
Seagate STCL4000400 Retail Kit,,4000.0,,,64.0,3.5,SATA 6.0 Gb/s
ADATA Premier Pro SP600,,256.0,,SSD,,2.5,SATA 6.0 Gb/s
OCZ ARC 100,,240.0,,SSD,,2.5,SATA 6.0 Gb/s
AMD RADEON-R7SSD-120G,,120.0,,SSD,,2.5,SATA 6.0 Gb/s
Toshiba PH3500U-1I72,3580.0,5000.0,0.036,7200,128.0,3.5,SATA 6.0 Gb/s
Seagate Archive,,8000.0,,5900,128.0,3.5,SATA 6.0 Gb/s
Crucial MX200,,1000.0,,SSD,,2.5,SATA 6.0 Gb/s
Kingston Savage,,240.0,,SSD,,2.5,SATA 6.0 Gb/s
SanDisk Z400s,,128.0,,SSD,,2.5,SATA 6.0 Gb/s
Intel DC P3500,,2000.0,,SSD,,PCIe,PCIe x4
AMD Radeon R3,,480.0,,SSD,,2.5,SATA 6.0 Gb/s
Seagate BarraCuda Pro,,2000.0,,7200,128.0,3.5,SATA 6.0 Gb/s
TEAMGROUP L3 EVO,,240.0,,SSD,,2.5,SATA 6.0 Gb/s
Western Digital Black NVMe,,250.0,,SSD,,M.2-2280,M.2 PCIe 3.0 X4
ADATA XPG SX8200 960,,960.0,,SSD,,M.2-2280,M.2 PCIe 3.0 X4
TEAMGROUP T-Force Delta RGB,,250.0,,SSD,,2.5,SATA 6.0 Gb/s
HP EX950,,512.0,,SSD,,M.2-2280,M.2 PCIe 3.0 X4
Western Digital Blue SN500,,250.0,,SSD,,M.2-2280,M.2 PCIe 3.0 X2
Patriot VPN100,6344.0,1000.0,0.317,SSD,512.0,M.2-2280,M.2 PCIe 3.0 X4
Lexar NS100,,120.0,,SSD,,2.5,SATA 6.0 Gb/s
TEAMGROUP T-Force Vulcan,,1000.0,,SSD,,2.5,SATA 6.0 Gb/s
Kingston KC2000,,1000.0,,SSD,,M.2-2280,M.2 PCIe 3.0 X4
Patriot VPN100,6923.8,2000.0,0.173,SSD,512.0,M.2-2280,M.2 PCIe 3.0 X4
SanDisk X400,,256.0,,SSD,,M.2-2280,M.2 SATA
Micron 2200,,1000.0,,SSD,,M.2-2280,M.2 PCIe 3.0 X4
"Intel Intel DC S3510 SSDSC2BB240G6 2.5"" 240GB SATA III MLC Business Solid State Disk",,240.0,,SSD,,2.5,SATA 6.0 Gb/s
Western Digital WD Red Pro,6199.8,14000.0,0.022,7200,,3.5,SATA 6.0 Gb/s
ADATA SU760,,256.0,,SSD,,2.5,SATA 6.0 Gb/s
Samsung PM871b,,512.0,,SSD,,2.5,SATA 6.0 Gb/s
Sabrent Rocket Q4,,2000.0,,SSD,,M.2-2280,M.2 PCIe 4.0 X4
Corsair MP400,,2000.0,,SSD,,M.2-2280,M.2 PCIe 3.0 X4
Sabrent Rocket 4.0,,1000.0,,SSD,,M.2-2280,M.2 PCIe 4.0 X4
Inland Platinum,,4000.0,,SSD,,M.2-2280,M.2 PCIe 3.0 X4
Seagate IronWolf 125,,4000.0,,SSD,,2.5,SATA 6.0 Gb/s
ADATA Legend 750,,1000.0,,SSD,,M.2-2280,M.2 PCIe 3.0 X4
PNY CS900,,250.0,,SSD,,M.2-2280,M.2 SATA
Klevv CRAS C920,,2000.0,,SSD,,M.2-2280,M.2 PCIe 4.0 X4
Patriot P400,,512.0,,SSD,,M.2-2280,M.2 PCIe 4.0 X4
HP S750,,512.0,,SSD,,2.5,SATA 6.0 Gb/s
Toshiba MG04ACA500E,,5000.0,,7200,128.0,3.5,SATA 6.0 Gb/s
Netac NV5000,,1000.0,,SSD,,M.2-2280,M.2 PCIe 4.0 X4
GOODRAM PX700,,4096.0,,SSD,,M.2-2280,M.2 PCIe 4.0 X4
Sabrent Rocket nano 2242,2399.79,1000.0,0.12,SSD,,M.2-2242,M.2 PCIe 4.0 X4
Integral V Series 2,,2000.0,,SSD,,2.5,SATA 6.0 Gb/s
Orico Y-20,1699.8,2000.0,0.042,SSD,,2.5,SATA 6.0 Gb/s
Western Digital Purple,1379.6,2000.0,0.034,5400,64.0,3.5,SATA 6.0 Gb/s
Western Digital Scorpio Blue,386.4,250.0,0.077,5400,8.0,2.5,SATA 3.0 Gb/s
Seagate Enterprise Capacity,2199.79,4000.0,0.027,7200,128.0,3.5,SATA 6.0 Gb/s
PNY CS1031,,2000.0,,SSD,,M.2-2280,M.2 PCIe 3.0 X4
Toshiba N300 NAS,5699.8,16000.0,0.018,7200,512.0,3.5,SATA 6.0 Gb/s
Western Digital Blue,,250.0,,SSD,,M.2-2280,M.2 SATA
Sabrent Rocket 4.0,1999.8,1000.0,0.1,SSD,,M.2-2230,M.2 PCIe 4.0 X4
Transcend 830S,6478.0,4000.0,0.081,SSD,,M.2-2280,M.2 SATA
Western Digital RE,2099.79,3000.0,0.035,7200,64.0,3.5,SATA 6.0 Gb/s
Transcend SSD230S,1122.39,512.0,0.11,SSD,,2.5,SATA 6.0 Gb/s
Western Digital Black SN750,6359.8,2000.0,0.159,SSD,,M.2-2280,M.2 PCIe 3.0 X4
Western Digital Red SA500,1459.6,500.0,0.146,SSD,,M.2-2280,M.2 SATA
Toshiba P300,3438.0,6000.0,0.029,5400,128.0,3.5,SATA 6.0 Gb/s
Mushkin Vortex Redline,6179.6,4000.0,0.077,SSD,,M.2-2280,M.2 PCIe 4.0 X4
Western Digital AV-GP,,500.0,,5400,32.0,3.5,SATA 3.0 Gb/s
KingSpec NX-2280,,128.0,,SSD,,M.2-2280,M.2 PCIe 3.0 X4
Toshiba N300,,4000.0,,7200,,3.5,SATA 6.0 Gb/s
PNY CS2240,1599.6,1000.0,0.08,SSD,,M.2-2280,M.2 PCIe 4.0 X4
Integral V Series 2,,500.0,,SSD,,2.5,SATA 6.0 Gb/s
Seagate Constellation ES,1159.8,1000.0,0.058,7200,32.0,3.5,SATA 3.0 Gb/s
Seagate Constellation ES.3,,2000.0,,7200,128.0,3.5,SATA 6.0 Gb/s
Seagate IronWolf Pro,,8000.0,,7200,256.0,3.5,SATA 6.0 Gb/s
Toshiba MD04ACA400,,4000.0,,7200,64.0,3.5,SATA 6.0 Gb/s
Seagate SkyHawk,2699.8,4000.0,0.034,5900,64.0,3.5,SATA 6.0 Gb/s
SanDisk EXTREME PRO,1599.6,500.0,0.16,SSD,,M.2-2280,M.2 PCIe 3.0 X4
Seagate Exos X14,6181.4,12000.0,0.026,7200,256.0,3.5,SATA 6.0 Gb/s
Intel DC S3610,7896.0,1600.0,0.247,SSD,,2.5,SATA 6.0 Gb/s
PNY XLR8 CS3040,4559.8,2000.0,0.114,SSD,,M.2-2280,M.2 PCIe 4.0 X4
Western Digital BLACK SN850 Call of Duty Edition,4340.0,1000.0,0.217,SSD,,M.2-2280,M.2 PCIe 4.0 X4
Mushkin Tempest,2379.79,2000.0,0.059,SSD,,M.2-2280,M.2 PCIe 3.0 X4
Integral M2,,1000.0,,SSD,,M.2-2280,M.2 PCIe 3.0 X4
HP FX700,,4000.0,,SSD,,M.2-2280,M.2 PCIe 4.0 X4
Nextorage G-Series LE,1699.8,1000.0,0.085,SSD,,M.2-2280,M.2 PCIe 4.0 X4
Western Digital VelociRaptor,2978.8,300.0,0.496,10000,16.0,3.5,SATA 3.0 Gb/s
Hitachi 7K2000,,2000.0,,7200,32.0,3.5,SATA 3.0 Gb/s
Hitachi 7K1000.C,5247.2,250.0,1.049,7200,8.0,3.5,SATA 3.0 Gb/s
Hitachi E7K1000,,1000.0,,7200,32.0,3.5,SATA 3.0 Gb/s
Seagate Barracuda 7200.12,,500.0,,7200,16.0,3.5,SATA 3.0 Gb/s
Crucial M4,,512.0,,SSD,,2.5,SATA 6.0 Gb/s
Western Digital AV-GP,379.6,250.0,0.076,5400,16.0,3.5,SATA 3.0 Gb/s
Western Digital RE,800.0,250.0,0.16,7200,64.0,3.5,SATA 6.0 Gb/s
Toshiba DT01ACA,,2000.0,,7200,64.0,3.5,SATA 6.0 Gb/s
Kingston SSDNow E100,,100.0,,SSD,,2.5,SATA 6.0 Gb/s
Crucial MX100,,128.0,,SSD,,2.5,SATA 6.0 Gb/s
Crucial M550,,256.0,,SSD,,M.2-2280,M.2 SATA
Western Digital SE,2060.0,1000.0,0.103,7200,128.0,3.5,SATA 6.0 Gb/s
Seagate ST5000DM000,,5000.0,,5900,128.0,3.5,SATA 6.0 Gb/s
MyDigitalSSD Super Boot Drive,,8.0,,SSD,,mSATA,mSATA
Samsung XP941,,512.0,,SSD,,M.2-2280,M.2 PCIe 2.0 X4
Seagate Surveillance HDD,,4000.0,,5900,64.0,3.5,SATA 6.0 Gb/s
Hitachi Deskstar NAS,,4000.0,,7200,128.0,3.5,SATA 6.0 Gb/s
Toshiba XG5,,1000.0,,SSD,,M.2-2280,M.2 PCIe 3.0 X4
TEAMGROUP L5 LITE 3D,,240.0,,SSD,,2.5,SATA 6.0 Gb/s
Kingston HyperX FURY RGB,,960.0,,SSD,,2.5,SATA 6.0 Gb/s
Gigabyte UD PRO 512,,512.0,,SSD,512.0,2.5,SATA 6.0 Gb/s
Samsung 860 Evo,,1000.0,,SSD,,mSATA,mSATA
Seagate Enterprise Capacity,4402.2,6000.0,0.037,7200,256.0,3.5,SATA 6.0 Gb/s
Seagate Enterprise Capacity,15980.0,8000.0,0.1,7200,256.0,3.5,SATA 6.0 Gb/s
XPG SX6000 Lite,,256.0,,SSD,,M.2-2280,M.2 PCIe 3.0 X4
TEAMGROUP GX1,560.0,120.0,0.233,SSD,,2.5,SATA 6.0 Gb/s
Intel Pro 7600p,,512.0,,SSD,,M.2-2280,M.2 PCIe 3.0 X4
Seagate ST500VT001,,500.0,,5400,32.0,2.5,SATA 6.0 Gb/s
ADATA SU760,,1000.0,,SSD,,2.5,SATA 6.0 Gb/s
TEAMGROUP T-Force Vulcan G,,1000.0,,SSD,,2.5,SATA 6.0 Gb/s
TEAMGROUP T-Force Cardea II TUF Gaming Alliance,,1000.0,,SSD,,M.2-2280,M.2 PCIe 3.0 X4
Seagate IronWolf 125,,2000.0,,SSD,,2.5,SATA 6.0 Gb/s
Kingston Q500,5313.0,1920.0,0.138,SSD,,2.5,SATA 6.0 Gb/s
PNY CS900,,500.0,,SSD,,M.2-2280,M.2 SATA
Verbatim Vi560,,1000.0,,SSD,,M.2-2280,M.2 SATA
HP S750,,1000.0,,SSD,,2.5,SATA 6.0 Gb/s
Timetec 35TTFP6PCIE,,2000.0,,SSD,,M.2-2280,M.2 PCIe 3.0 X4
Western Digital WD Blue,,4000.0,,SSD,,2.5,SATA 6.0 Gb/s
Acer Predator GM7,,512.0,,SSD,,M.2-2280,M.2 PCIe 4.0 X4
GOODRAM IRDM PRO SLIM,9813.2,4000.0,0.123,SSD,,M.2-2280,M.2 PCIe 4.0 X4
Addlink S93,3008.8,2000.0,0.075,SSD,,M.2-2280,M.2 PCIe 4.0 X4
Transcend SSD230S,6799.8,4000.0,0.085,SSD,,2.5,SATA 6.0 Gb/s
Lexar NQ710,1247.6,500.0,0.125,SSD,,M.2-2280,M.2 PCIe 4.0 X4
Acer FA200,,500.0,,SSD,,M.2-2280,M.2 PCIe 4.0 X4
Western Digital Black,,8000.0,,7200,256.0,3.5,SATA 6.0 Gb/s
Kingston NV3,1002.2,500.0,0.1,SSD,,M.2-2230,M.2 PCIe 4.0 X4
Transcend 250S,2399.79,1000.0,0.12,SSD,,M.2-2280,M.2 PCIe 4.0 X4
Western Digital WD Green,559.79,240.0,0.117,SSD,,M.2-2280,M.2 SATA
TEAMGROUP T-Force Cardea Z44L,,2000.0,,SSD,,M.2-2280,M.2 PCIe 4.0 X4
Seagate Exos 7E10 512e/4Kn,3520.4,4000.0,0.044,7200,256.0,3.5,SATA 6.0 Gb/s
Hitachi 0B36040,3056.39,4000.0,0.038,7200,256.0,3.5,SATA 6.0 Gb/s
Seagate BarraCuda Q1,,960.0,,SSD,,2.5,SATA 6.0 Gb/s
Western Digital RE,,4000.0,,7200,64.0,3.5,SATA 6.0 Gb/s
Hitachi 0F14683,2713.8,4000.0,0.034,7200,64.0,3.5,SATA 6.0 Gb/s
Seagate Exos X16,,10000.0,,7200,256.0,3.5,SATA 6.0 Gb/s
Toshiba X300,4769.39,6000.0,0.04,7200,256.0,3.5,SATA 6.0 Gb/s
Lexar PLAY,2869.8,2000.0,0.072,SSD,,M.2-2280,M.2 PCIe 4.0 X4
Western Digital RE4,687.8,500.0,0.069,7200,64.0,3.5,SATA 3.0 Gb/s
Western Digital Black,5399.8,6000.0,0.045,7200,128.0,3.5,SATA 6.0 Gb/s
Seagate SkyHawk,4437.0,6000.0,0.037,5900,256.0,3.5,SATA 6.0 Gb/s
Micron 1100,3999.8,1000.0,0.2,SSD,,2.5,SATA 6.0 Gb/s
Intel DC P4510,35000.0,4000.0,0.438,SSD,,2.5,U.2
Acer Predator GM3500,,512.0,,SSD,512.0,M.2-2280,M.2 PCIe 3.0 X4
Kingston KC600,1179.8,512.0,0.115,SSD,,2.5,SATA 6.0 Gb/s
Seagate FireCuda 510,2017.4,250.0,0.403,SSD,,M.2-2280,M.2 PCIe 3.0 X4
Inland Platinum,659.8,512.0,0.064,SSD,,2.5,SATA 6.0 Gb/s
Inland Gaming Performance Plus,16399.8,8000.0,0.102,SSD,,M.2-2280,M.2 PCIe 4.0 X4
Addlink A93 PS5,4688.8,4000.0,0.059,SSD,,M.2-2280,M.2 PCIe 4.0 X4
Titanium Micro TH2000,719.8,512.0,0.07,SSD,,M.2-2280,M.2 PCIe 3.0 X4
ADATA LEGEND 700 GOLD,2599.8,2000.0,0.065,SSD,,M.2-2280,M.2 PCIe 3.0 X4
Western Digital RE3,499.79,250.0,0.1,7200,16.0,3.5,SATA 3.0 Gb/s
Hitachi Ultrastar,,2000.0,,7200,32.0,3.5,SATA 3.0 Gb/s
Intel DC S3700,2928.8,400.0,0.366,SSD,,2.5,SATA 6.0 Gb/s
Seagate Cheetah 15K.7,1960.6,600.0,0.163,15000,16.0,3.5,SAS 6.0 Gb/s
Seagate ST4000NC001,2538.19,4000.0,0.032,5900,64.0,3.5,SATA 6.0 Gb/s
Western Digital Blue,1494.6,3000.0,0.025,5400,32.0,3.5,SATA 3.0 Gb/s
Crucial BX200,2220.0,240.0,0.463,SSD,,2.5,SATA 6.0 Gb/s
Hitachi Deskstar NAS,4999.8,8000.0,0.031,7200,128.0,3.5,SATA 6.0 Gb/s
Gigabyte UD PRO 256,,256.0,,SSD,256.0,2.5,SATA 6.0 Gb/s
TEAMGROUP GX1,859.8,240.0,0.179,SSD,,2.5,SATA 6.0 Gb/s
ADATA Legend 850,,2000.0,,SSD,,M.2-2280,M.2 PCIe 4.0 X4
Toshiba N300,,10000.0,,7200,,3.5,SATA 6.0 Gb/s
Toshiba X300,10587.2,8000.0,0.066,7200,256.0,3.5,SATA 6.0 Gb/s
Toshiba X300,9194.0,16000.0,0.029,7200,512.0,3.5,SATA 6.0 Gb/s
Seagate Barracuda ES.2,2210.0,250.0,0.442,7200,32.0,3.5,SATA 3.0 Gb/s
Addlink A93 PS5,2319.79,2000.0,0.058,SSD,,M.2-2280,M.2 PCIe 4.0 X4
Seagate Exos X18,6649.0,10000.0,0.033,7200,512.0,3.5,SATA 6.0 Gb/s
TEAMGROUP T-Create Classic I45,,1000.0,,SSD,,M.2-2280,M.2 PCIe 4.0 X4
Seagate Exos X24,6980.0,12000.0,0.029,7200,512.0,3.5,SAS 12.0 Gb/s
Orico Y-20,,256.0,,SSD,,2.5,SATA 6.0 Gb/s
Western Digital Caviar Green,,1000.0,,5400,64.0,3.5,SATA 3.0 Gb/s
Western Digital Caviar Green,,800.0,,5400,64.0,3.5,SATA 3.0 Gb/s
Seagate BarraCuda,,1000.0,,7200,64.0,3.5,SATA 3.0 Gb/s
Samsung Spinpoint F1 DT,1455.0,640.0,0.114,7200,16.0,3.5,SATA 3.0 Gb/s
Seagate SV35.5,1799.0,500.0,0.18,5900,16.0,3.5,SATA 3.0 Gb/s
Transcend Transcend SLC,,16.0,,SSD,,2.5,SATA 1.5 Gb/s
Western Digital Caviar Green,4580.0,3000.0,0.076,5400,64.0,3.5,SATA 3.0 Gb/s
Seagate Barracuda Green,,1000.0,,5900,32.0,3.5,SATA 3.0 Gb/s
Intel 320,,300.0,,SSD,,2.5,SATA 3.0 Gb/s
Hitachi Deskstar 7K1000.D,,500.0,,7200,32.0,3.5,SATA 6.0 Gb/s
Kingston HyperX 3K,,480.0,,SSD,,2.5,SATA 6.0 Gb/s
OCZ Vertex 4,,128.0,,SSD,,2.5,SATA 6.0 Gb/s
Intel 330,3157.6,180.0,0.877,SSD,,2.5,SATA 6.0 Gb/s
ADATA Premier Pro SP600,,64.0,,SSD,,2.5,SATA 6.0 Gb/s
Seagate BarraCuda,,250.0,,7200,8.0,3.5,SATA 3.0 Gb/s
Western Digital WDBSLA0020HNC-NRSN,1316.6,2000.0,0.033,7200,64.0,3.5,SATA 6.0 Gb/s
Hitachi Ultrastar 7K4000,,3000.0,,7200,64.0,3.5,SAS 6.0 Gb/s
Intel 530,1899.8,180.0,0.528,SSD,,2.5,SATA 6.0 Gb/s
Samsung 840 Evo,,500.0,,SSD,,2.5,SATA 6.0 Gb/s
Toshiba Q,,128.0,,SSD,,2.5,SATA 6.0 Gb/s
Seagate Constellation.2,,1000.0,,7200,64.0,2.5,SAS 6.0 Gb/s
Toshiba MQ01ABF050H,,500.0,,,32.0,2.5,SATA 6.0 Gb/s
Seagate STCL2000400,,2000.0,,,64.0,3.5,SATA 6.0 Gb/s
Crucial M500,7615.4,480.0,0.793,SSD,,M.2-2280,M.2 SATA
SK Hynix SH910A,,128.0,,SSD,,2.5,SATA 6.0 Gb/s
Micron M600,,256.0,,SSD,,2.5,SATA 6.0 Gb/s
Kingston Savage,,480.0,,SSD,,2.5,SATA 6.0 Gb/s
Samsung MZVPV128HDGM-00000,,128.0,,SSD,,M.2-2280,M.2 PCIe 3.0 X4
Toshiba HDWA120XZSTA,,2000.0,,5700,64.0,3.5,SATA 6.0 Gb/s
Corsair Force LE,4101.8,480.0,0.427,SSD,,2.5,SATA 6.0 Gb/s
SanDisk X400,,256.0,,SSD,,2.5,SATA 6.0 Gb/s
ADATA SP550,,960.0,,SSD,,2.5,SATA 6.0 Gb/s
Samsung 850 Evo,,1000.0,,SSD,,M.2-2280,M.2 SATA
Plextor M8Pe,,256.0,,SSD,512.0,M.2-2280,M.2 PCIe 3.0 X4
Western Digital Blue,,1000.0,,SSD,,M.2-2280,M.2 SATA
ADATA SU800,,512.0,,SSD,,M.2-2280,M.2 SATA
TEAMGROUP L5 LITE,,120.0,,SSD,,2.5,SATA 6.0 Gb/s
Kingston KC1000,,480.0,,SSD,,M.2-2280,M.2 PCIe 3.0 X4
ADATA Ultimate SU650,,120.0,,SSD,,2.5,SATA 6.0 Gb/s
Kingston A1000,,960.0,,SSD,,M.2-2280,M.2 PCIe 3.0 X4
Kingston A1000,2497.4,120.0,1.041,SSD,,2.5,SATA 6.0 Gb/s
Kingston UV500B,,240.0,,SSD,,2.5,SATA 6.0 Gb/s
TEAMGROUP T-Force Delta RGB,,1000.0,,SSD,,2.5,SATA 6.0 Gb/s
Corsair MP300,,120.0,,SSD,,M.2-2280,M.2 PCIe 3.0 X2
Seagate Barracuda Compute,,500.0,,SSD,,2.5,SATA 6.0 Gb/s
ADATA XPG GAMMIX S5,,1000.0,,SSD,,M.2-2280,M.2 PCIe 3.0 X4
Intel 660p,1739.8,512.0,0.17,SSD,,M.2-2280,M.2 PCIe 3.0 X4
Micron 2200,,256.0,,SSD,,M.2-2280,M.2 PCIe 3.0 X4
Seagate Barracuda Compute,,500.0,,SSD,,2.5,SATA 6.0 Gb/s
Western Digital WD Blue,2180.0,250.0,0.436,SSD,,2.5,SATA 6.0 Gb/s
TEAMGROUP T-Force Cardea Zero Z340,,512.0,,SSD,,M.2-2280,M.2 PCIe 3.0 X4
Synology SNV3000,,400.0,,SSD,,M.2-22110,M.2 PCIe 3.0 X4
Seagate FireCuda 120,,1000.0,,SSD,,2.5,SATA 6.0 Gb/s
Corsair MP600 CORE,,2000.0,,SSD,,M.2-2280,M.2 PCIe 4.0 X4
Apacer AS340 PANTHER,,480.0,,SSD,,2.5,SATA 6.0 Gb/s
Neo Forza eSports,,1000.0,,SSD,512.0,M.2-2280,M.2 PCIe 3.0 X4
TEAMGROUP T-Create Expert,,1000.0,,SSD,,2.5,SATA 6.0 Gb/s
Integral M,,512.0,,SSD,,M.2-2280,M.2 PCIe 3.0 X4
Seagate Exos 7E10 512n,3420.8,2000.0,0.086,7200,256.0,3.5,SATA 6.0 Gb/s
Patriot Viper VPN110,,512.0,,SSD,,M.2-2280,M.2 PCIe 3.0 X4
Patriot Viper VPN110,,1000.0,,SSD,,M.2-2280,M.2 PCIe 3.0 X4
Toshiba S300,,1000.0,,5700,64.0,3.5,SATA 6.0 Gb/s
HP S650,,1920.0,,SSD,,2.5,SATA 6.0 Gb/s
Western Digital Blue Mobile,939.8,500.0,0.094,5400,128.0,2.5,SATA 6.0 Gb/s
Western Digital easystore,,240.0,,SSD,,2.5,SATA 6.0 Gb/s
Hitachi Ultrastar He8,,8000.0,,7200,128.0,3.5,SATA 6.0 Gb/s
Fastro MS150,,1000.0,,SSD,,M.2-2280,M.2 PCIe 3.0 X4
Seagate Beskar Ingot Drive Special Edition FireCuda,,1000.0,,SSD,,M.2-2280,M.2 PCIe 4.0 X4
Intel Optane DC P4801X,,100.0,,SSD,,M.2-22110,M.2 PCIe 3.0 X4
Intel D3-S4610,,3800.0,,SSD,,2.5,SATA 6.0 Gb/s
Micron 5300 PRO,,480.0,,SSD,,2.5,SATA 6.0 Gb/s
PNY CS3140,,8000.0,,SSD,,M.2-2280,M.2 PCIe 4.0 X4
TEAMGROUP T-FORCE Z44A5,,2000.0,,SSD,,M.2-2280,M.2 PCIe 4.0 X4
AGI AI298,959.0,512.0,0.094,SSD,,M.2-2280,M.2 PCIe 3.0 X4
AGI AI198,,512.0,,SSD,,M.2-2280,M.2 PCIe 3.0 X4
Apacer AS2280P4U,,256.0,,SSD,,M.2-2280,M.2 PCIe 3.0 X4
Addlink G55H,3319.8,2000.0,0.083,SSD,,M.2-2280,M.2 PCIe 5.0 X4
Orico O7000,,4000.0,,SSD,,M.2-2280,M.2 PCIe 4.0 X4
Western Digital SN720,,1000.0,,SSD,,M.2-2280,M.2 PCIe 3.0 X4
Corsair MP600 MINI,3599.8,2000.0,0.09,SSD,,M.2-2230,M.2 PCIe 4.0 X4
KingSpec XF,1399.8,1000.0,0.07,SSD,,M.2-2230,M.2 PCIe 4.0 X4
Seagate SkyHawk AI,4999.0,14000.0,0.018,7200,256.0,3.5,SATA 6.0 Gb/s
Verbatim Vi7000G,4979.8,4000.0,,SSD,,M.2-2280,M.2 PCIe 4.0 X4
Silicon Power UD85,,4000.0,,SSD,,M.2-2280,M.2 PCIe 4.0 X4
Intel SSDSCKJW240H601,719.59,240.0,0.15,SSD,,M.2-2280,M.2 SATA
KingSpec XG7000,1539.8,1000.0,0.077,SSD,,M.2-2242,M.2 PCIe 4.0 X4
Western Digital WD_BLACK SN770M,1599.6,500.0,0.16,SSD,,M.2-2230,M.2 PCIe 4.0 X4
KIOXIA BG4,999.8,512.0,0.098,SSD,,M.2-2230,M.2 PCIe 3.0 X4
Seagate SkyHawk AI,4599.59,10000.0,0.023,7200,256.0,3.5,SATA 6.0 Gb/s
Addlink G55,1839.8,1000.0,0.092,SSD,,M.2-2280,M.2 PCIe 5.0 X4
Timetec 30TTQNS3SATA-2TB,1879.8,2000.0,0.047,SSD,,2.5,SATA 6.0 Gb/s
Western Digital WD Red Pro,5400.0,4000.0,0.068,7200,128.0,3.5,SATA 6.0 Gb/s
Addlink G55H,2459.79,1000.0,0.123,SSD,,M.2-2280,M.2 PCIe 5.0 X4
Western Digital Scorpio Blue,1080.0,750.0,0.072,5400,8.0,2.5,SATA 3.0 Gb/s
Samsung Spinpoint M8,1400.0,1000.0,0.07,5400,8.0,2.5,SATA 3.0 Gb/s
Seagate SkyHawk,4789.0,10000.0,0.024,7200,256.0,3.5,SATA 6.0 Gb/s
Seagate SkyHawk AI,5399.8,12000.0,0.022,7200,256.0,3.5,SATA 6.0 Gb/s
Seagate Exos X18,8198.2,16000.0,0.026,7200,256.0,3.5,SATA 6.0 Gb/s
Toshiba MG04ACA100N,2214.0,1000.0,0.111,7200,128.0,3.5,SATA 6.0 Gb/s
Seagate Exos X24 SED,,24000.0,,7200,512.0,3.5,SAS 12.0 Gb/s
Seagate Savvio,,300.0,,10000,64.0,2.5,SATA 6.0 Gb/s
Kingston SSDNow KC300,1323.0,240.0,0.276,SSD,,2.5,SATA 6.0 Gb/s
Transcend MTS400,987.6,32.0,1.543,SSD,,M.2-2242,M.2 SATA
Crucial BX100,,1000.0,,SSD,,2.5,SATA 6.0 Gb/s
Seagate IronWolf NAS,4322.2,1000.0,0.216,5900,64.0,3.5,SATA 6.0 Gb/s
Western Digital Purple,1920.0,3000.0,0.032,5400,64.0,3.5,SATA 6.0 Gb/s
ADATA SU655,,120.0,,SSD,,2.5,SATA 6.0 Gb/s
Sabrent Rocket 4.0 HTSK,,1000.0,,SSD,,M.2-2280,M.2 PCIe 4.0 X4
Toshiba MQ01ABD100M,,1000.0,,5400,8.0,2.5,SATA 6.0 Gb/s
Patriot Viper Gaming VP4100,,1000.0,,SSD,,M.2-2280,M.2 PCIe 4.0 X4
Kingston SSDNOW DC500R,19979.4,3840.0,0.26,SSD,,2.5,SATA 6.0 Gb/s
Integral M,,128.0,,SSD,,M.2-2280,M.2 PCIe 3.0 X4
Western Digital Black SN750 Rev2,4790.0,2000.0,0.12,SSD,,M.2-2280,M.2 PCIe 3.0 X4
Kingston DC500M,15689.4,3840.0,0.204,SSD,,2.5,SATA 6.0 Gb/s
TEAMGROUP T-Force Cardea Z44Q,,4000.0,,SSD,,M.2-2280,M.2 PCIe 4.0 X4
Gigabyte AORUS Gen5 12000,,1000.0,,SSD,,M.2-2280,M.2 PCIe 5.0 X4
Apacer AS2280P4U Pro,,2000.0,,SSD,,M.2-2280,M.2 PCIe 3.0 X4
Hitachi 7K1000.B,,1000.0,,7200,16.0,3.5,SATA 3.0 Gb/s
Western Digital Caviar Black,2925.4,1500.0,0.098,7200,64.0,3.5,SATA 3.0 Gb/s
Samsung 470,,256.0,,SSD,,2.5,SATA 3.0 Gb/s
Hitachi 5K3000,,2000.0,,5400,32.0,3.5,SATA 6.0 Gb/s
Intel 320,1980.0,40.0,2.475,SSD,,2.5,SATA 3.0 Gb/s
Western Digital Scorpio Black,,750.0,,7200,16.0,2.5,SATA 3.0 Gb/s
Hitachi Travelstar Z5K320,,320.0,,5400,8.0,2.5,SATA 3.0 Gb/s
OCZ Colossus 2,,460.0,,SSD,,3.5,SATA 3.0 Gb/s
OCZ Agility 3,1759.0,240.0,0.366,SSD,,2.5,SATA 6.0 Gb/s
Seagate Constellation ES,,2000.0,,7200,64.0,3.5,SATA 6.0 Gb/s
Western Digital Caviar Green,,500.0,,5400,64.0,3.5,SATA 6.0 Gb/s
OCZ Vertex 4,,256.0,,SSD,,2.5,SATA 6.0 Gb/s
OCZ RevoDrive,,230.0,,SSD,,PCIe,PCIe x4
Samsung 840,,120.0,,SSD,,2.5,SATA 6.0 Gb/s
Samsung 840,,500.0,,SSD,,2.5,SATA 6.0 Gb/s
ADATA Premier Pro SP600,,128.0,,SSD,,2.5,SATA 6.0 Gb/s
Seagate Constellation ES.3,,2000.0,,7200,128.0,3.5,SAS 6.0 Gb/s
Crucial M500,,480.0,,SSD,,2.5,SATA 6.0 Gb/s
Samsung 840 Evo,,750.0,,SSD,,2.5,SATA 6.0 Gb/s
Western Digital WDBMYH0010BNC-NRSN,989.8,1000.0,0.049,5400,8.0,2.5,SATA 3.0 Gb/s
Samsung 840 Evo,,250.0,,SSD,,2.5,SATA 6.0 Gb/s
OCZ Vertex 450,,512.0,,SSD,,2.5,SATA 6.0 Gb/s
Corsair Force LS,,120.0,,SSD,256.0,2.5,SATA 6.0 Gb/s
Toshiba MG03ACA400,,4000.0,,7200,64.0,3.5,SATA 6.0 Gb/s
HP 628065-B21,,3000.0,,7200,,3.5,SATA 6.0 Gb/s
Samsung PM843,,120.0,,SSD,,2.5,SATA 6.0 Gb/s
Samsung XP941,,256.0,,SSD,512.0,M.2-2280,M.2 PCIe 3.0 X4
SanDisk X300S,,256.0,,SSD,,2.5,SATA 6.0 Gb/s
Hitachi Deskstar NAS,,6000.0,,7200,128.0,3.5,SATA 6.0 Gb/s
Seagate Surveillance HDD,,4000.0,,5400,64.0,3.5,SATA 6.0 Gb/s
Samsung Data Center,,240.0,,SSD,,2.5,SATA 6.0 Gb/s
ADATA Premier SP550,,480.0,,SSD,,2.5,SATA 6.0 Gb/s
PNY CS1311,,480.0,,SSD,,2.5,SATA 6.0 Gb/s
Intel 600p,,128.0,,SSD,,M.2-2280,M.2 PCIe 3.0 X4
OCZ RD400A,,256.0,,SSD,,PCIe,PCIe x4
Micron M600,,1000.0,,SSD,,2.5,SATA 6.0 Gb/s
Transcend SSD230S,700.8,256.0,0.137,SSD,,2.5,SATA 6.0 Gb/s
Crucial BX300,1308.4,240.0,0.273,SSD,,2.5,SATA 6.0 Gb/s
Corsair Neutron NX500,,1600.0,,SSD,,PCIe,PCIe x4
Intel 545s,3718.0,512.0,0.363,SSD,,M.2-2280,M.2 SATA
TEAMGROUP L5 LITE 3D,,1000.0,,SSD,,2.5,SATA 6.0 Gb/s
TCSunBow X3,,240.0,,SSD,,2.5,SATA 6.0 Gb/s
TEAMGROUP L5 LITE,,240.0,,SSD,,2.5,SATA 6.0 Gb/s
HP S600,,120.0,,SSD,,2.5,SATA 6.0 Gb/s
Seagate BarraCuda Pro Compute,,12000.0,,7200,256.0,3.5,SATA 6.0 Gb/s
Patriot Scorch,,512.0,,SSD,,M.2-2280,M.2 PCIe 3.0 X2
Lexar NM500,,256.0,,SSD,,M.2-2280,M.2 PCIe 3.0 X2
Hitachi HDN724040ALE640,,4000.0,,7200,,3.5,SATA 6.0 Gb/s
SanDisk X600,,128.0,,SSD,,M.2-2280,M.2 SATA
Samsung PM863,,960.0,,SSD,,2.5,SATA 6.0 Gb/s
ADATA XPG SX8100,,2000.0,,SSD,,M.2-2280,M.2 PCIe 3.0 X4
Inland Premium,,256.0,,SSD,,M.2-2280,M.2 PCIe 3.0 X4
Asura Genesis Xtreme,,256.0,,SSD,,M.2-2280,M.2 PCIe 3.0 X4
ADATA Swordfish,,250.0,,SSD,,M.2-2280,M.2 PCIe 3.0 X4
ADATA Falcon,,256.0,,SSD,,M.2-2280,M.2 PCIe 3.0 X4
TEAMGROUP T-Force Vulcan G,,512.0,,SSD,,2.5,SATA 6.0 Gb/s
Water Panther Arsenal,,14000.0,,7200,256.0,3.5,SATA 6.0 Gb/s
Corsair MP600 PRO LPX,,500.0,,SSD,,M.2-2280,M.2 PCIe 4.0 X4
Western Digital Purple,9889.0,18000.0,0.027,7200,512.0,3.5,SATA 6.0 Gb/s
Addlink S70,,256.0,,SSD,,M.2-2280,M.2 PCIe 3.0 X4
Western Digital PC SN730,,1000.0,,SSD,,M.2-2280,M.2 PCIe 3.0 X4
Patriot P200,,1000.0,,SSD,,2.5,SATA 6.0 Gb/s
TEAMGROUP MP34Q,,8000.0,,SSD,,M.2-2280,M.2 PCIe 3.0 X4
Klevv NEO N610,,1000.0,,SSD,,2.5,SATA 6.0 Gb/s
Toshiba X300 Pro,7106.0,10000.0,0.036,7200,512.0,3.5,SATA 6.0 Gb/s
Toshiba V300,,1000.0,,5700,,3.5,SATA 6.0 Gb/s
Verbatim Vi560,1259.2,512.0,0.123,SSD,,M.2-2280,M.2 SATA
HP S650,,480.0,,SSD,,2.5,SATA 6.0 Gb/s
Seagate Beskar Ingot Drive Special Edition FireCuda,,500.0,,SSD,,M.2-2280,M.2 PCIe 4.0 X4
Western Digital SN530,,256.0,,SSD,,M.2-2242,M.2 PCIe 3.0 X4
Western Digital SN530,,512.0,,SSD,,M.2-2242,M.2 PCIe 3.0 X4
Fantom Drives VENOM8,,8000.0,,SSD,,M.2-2280,M.2 PCIe 4.0 X4
GOODRAM IRDM PRO SLIM,,1000.0,,SSD,,M.2-2280,M.2 PCIe 4.0 X4
Addlink A95,16908.8,8000.0,0.106,SSD,,M.2-2280,M.2 PCIe 4.0 X4
Gigabyte M30,,1000.0,,SSD,,M.2-2280,M.2 PCIe 3.0 X4
Lenovo OPAL2,,512.0,,SSD,,M.2-2280,M.2 PCIe 4.0 X4
Apacer AS2280Q4U,,512.0,,SSD,,M.2-2280,M.2 PCIe 4.0 X4
TEAMGROUP T-Force GE PRO Graphene,,4000.0,,SSD,,M.2-2280,M.2 PCIe 5.0 X4
KingSpec XF,,4000.0,,SSD,,M.2-2280,M.2 PCIe 4.0 X4
Corsair MP600 ELITE w/Heatsink,6679.8,4000.0,0.083,SSD,,M.2-2280,M.2 PCIe 4.0 X4
XOC Nitro,1139.4,1000.0,0.057,SSD,,2.5,SATA 6.0 Gb/s
ADATA XPG MARS 980 STORM,,1000.0,,SSD,,M.2-2280,M.2 PCIe 5.0 X4
Western Digital WD Red Pro,8399.79,20000.0,0.021,7200,512.0,3.5,SATA 6.0 Gb/s
Seagate Exos X18,7199.8,18000.0,0.02,7200,256.0,3.5,SAS 12.0 Gb/s
Corsair MP600 MINI,1659.8,1000.0,0.083,SSD,,M.2-2230,M.2 PCIe 4.0 X4
Toshiba X300 Pro,5899.8,14000.0,0.021,7200,512.0,3.5,SATA 6.0 Gb/s
Western Digital SN530,1380.0,512.0,0.135,SSD,,M.2-2230,M.2 PCIe 3.0 X4
Inland TD510,3999.8,2000.0,0.1,SSD,,M.2-2280,M.2 PCIe 5.0 X4
TEAMGROUP A440 Lite,999.8,512.0,0.098,SSD,,M.2-2280,M.2 PCIe 4.0 X4
Western Digital Purple Pro,4799.59,8000.0,0.03,7200,256.0,3.5,SATA 6.0 Gb/s
Toshiba S300,,4000.0,,7200,128.0,3.5,SATA 6.0 Gb/s
Toshiba MG09 512e,5799.8,12000.0,0.024,7200,512.0,3.5,SATA 6.0 Gb/s
Seagate Enterprise Performance,,900.0,,15000,256.0,2.5,SAS 12.0 Gb/s
Toshiba N300,5799.8,8000.0,0.036,7200,256.0,3.5,SATA 6.0 Gb/s
Samsung PM893,3580.0,480.0,0.373,SSD,,2.5,SATA 6.0 Gb/s
Western Digital Black,999.8,500.0,0.1,7200,64.0,3.5,SATA 6.0 Gb/s
Seagate Exos X18,6987.4,12000.0,0.029,7200,512.0,3.5,SATA 6.0 Gb/s
Integral V Series Plus,627.79,256.0,0.123,SSD,,2.5,SATA 6.0 Gb/s
Western Digital Purple,2799.8,6000.0,0.023,5400,64.0,3.5,SATA 6.0 Gb/s
Silicon Power Silm S55,746.2,480.0,0.078,SSD,,2.5,SATA 6.0 Gb/s
Intel 760p,5078.2,2000.0,0.127,SSD,,M.2-2280,M.2 PCIe 3.0 X4
Seagate SkyHawk AI,4835.0,10000.0,0.024,7200,256.0,3.5,SATA 6.0 Gb/s
Inland 1TB Performance,,1000.0,,SSD,,M.2-2280,M.2 PCIe 4.0 X4
Transcend 220S,1134.4,512.0,0.111,SSD,,M.2-2280,M.2 PCIe 3.0 X4
ADATA XPG GAMMIX S70,,2000.0,,SSD,,M.2-2280,M.2 PCIe 4.0 X4
Sabrent Rocket Q4,,4000.0,,SSD,,M.2-2280,M.2 PCIe 4.0 X4
Leven JS600,,1000.0,,SSD,,2.5,SATA 6.0 Gb/s
Seagate Barracuda PCIe,,500.0,,SSD,,M.2-2280,M.2 PCIe 4.0 X4
Western Digital Caviar Green,3599.0,1500.0,0.12,5400,64.0,3.5,SATA 3.0 Gb/s
Western Digital Scorpio Blue,,400.0,,5400,8.0,2.5,SATA 3.0 Gb/s
Western Digital Scorpio Blue,925.8,160.0,0.289,5400,8.0,2.5,SATA 1.5 Gb/s
Samsung Spinpoint F2 EG,,1500.0,,5400,32.0,3.5,SATA 3.0 Gb/s
Samsung Spinpoint F1 DT,,500.0,,7200,8.0,3.5,SATA 3.0 Gb/s
OCZ Colossus LT,,1000.0,,SSD,128.0,3.5,SATA 3.0 Gb/s
Seagate BarraCuda,1119.0,160.0,0.35,7200,8.0,3.5,SATA 3.0 Gb/s
Seagate Barracuda LP,2708.8,1000.0,0.135,5900,32.0,3.5,SATA 3.0 Gb/s
Corsair Force,,120.0,,SSD,,2.5,SATA 3.0 Gb/s
Hitachi 7K3000,,2000.0,,7200,64.0,3.5,SATA 6.0 Gb/s
Hitachi 0J11563,,750.0,,5400,8.0,2.5,SATA 3.0 Gb/s
Hitachi 0J11561,784.0,500.0,0.078,5400,8.0,2.5,SATA 3.0 Gb/s
Hitachi Deskstar 7K3000,,1500.0,,7200,64.0,3.5,SATA 6.0 Gb/s
Intel 320,,160.0,,SSD,,2.5,SATA 3.0 Gb/s
Western Digital SiliconEdge Blue,,256.0,,SSD,,2.5,SATA 3.0 Gb/s
Toshiba MK5076GSX,,500.0,,5400,8.0,2.5,SATA 3.0 Gb/s
Western Digital Caviar Green,,1000.0,,5400,64.0,3.5,SATA 6.0 Gb/s
Western Digital AV-25,448.0,320.0,0.07,5400,16.0,2.5,SATA 3.0 Gb/s
Intel 320,7500.0,600.0,0.625,SSD,,2.5,SATA 3.0 Gb/s
Western Digital Raptor,,150.0,,10000,16.0,3.5,SATA 3.0 Gb/s
Western Digital AV-GP,520.0,160.0,0.163,5400,16.0,3.5,SATA 3.0 Gb/s
OCZ Agility 3,,128.0,,SSD,,2.5,SATA 6.0 Gb/s
Kingston SSDNow V300,,120.0,,SSD,,2.5,SATA 6.0 Gb/s
Toshiba MQ01ABD075,,750.0,,5400,8.0,2.5,SATA 3.0 Gb/s
Intel DC S3700,6720.0,800.0,0.42,SSD,,2.5,SATA 6.0 Gb/s
Hitachi Ultrastar 7K4000,,2000.0,,7200,64.0,3.5,SATA 6.0 Gb/s
Samsung 840 Evo,,120.0,,SSD,,2.5,SATA 6.0 Gb/s
Samsung 840 Pro,,128.0,,SSD,,2.5,SATA 6.0 Gb/s
Toshiba DT01ACA,,500.0,,7200,32.0,3.5,SATA 6.0 Gb/s
Intel 530,4000.0,120.0,1.667,SSD,,2.5,SATA 6.0 Gb/s
Crucial M550,,512.0,,SSD,,2.5,SATA 6.0 Gb/s
Intel 730,,240.0,,SSD,,2.5,SATA 6.0 Gb/s
Kingston SSDNow E100,,400.0,,SSD,,2.5,SATA 6.0 Gb/s
SanDisk EXTREME PRO,3999.8,480.0,0.417,SSD,,2.5,SATA 6.0 Gb/s
SanDisk EXTREME PRO,5999.8,960.0,0.312,SSD,,2.5,SATA 6.0 Gb/s
Transcend SSD370,,128.0,,SSD,,2.5,SATA 6.0 Gb/s
Samsung SM843TN,,240.0,,SSD,,2.5,SATA 6.0 Gb/s
Intel Pro 2500,,240.0,,SSD,,2.5,SATA 6.0 Gb/s
AMD RADEON-R7SSD-240G,,240.0,,SSD,,2.5,SATA 6.0 Gb/s
Hitachi Ultrastar A7K2000,,1000.0,,7200,32.0,3.5,SATA 3.0 Gb/s
Hitachi He6,,6000.0,,7200,64.0,3.5,SAS 6.0 Gb/s
Seagate Surveillance HDD,,6000.0,,5400,128.0,3.5,SATA 6.0 Gb/s
Toshiba PH3400U-1I72,3180.0,4000.0,0.04,7200,128.0,3.5,SATA 6.0 Gb/s
G.Skill Phoenix Blade,,960.0,,SSD,,PCIe,PCIe x8
Micron M600,,128.0,,SSD,,2.5,SATA 6.0 Gb/s
Seagate ST980813AS,,80.0,,7200,8.0,2.5,SATA 3.0 Gb/s
SK Hynix SL308,,500.0,,SSD,,2.5,SATA 6.0 Gb/s
Kingston SSDNow UV400,,960.0,,SSD,,2.5,SATA 6.0 Gb/s
Crucial MX300,,275.0,,SSD,,M.2-2280,M.2 SATA
Intel 600p,3780.0,1000.0,0.189,SSD,,M.2-2280,M.2 PCIe 3.0 X4
ADATA SU800,,256.0,,SSD,,M.2-2280,M.2 SATA
Drevo Ares,,256.0,,SSD,,PCIe,PCIe x1
Crucial BX300,,120.0,,SSD,,2.5,SATA 6.0 Gb/s
Seagate SkyHawk,4000.0,8000.0,0.025,5900,256.0,3.5,SATA 6.0 Gb/s
Western Digital Purple,4477.79,8000.0,0.028,5400,128.0,3.5,SATA 6.0 Gb/s
Hitachi Ultrastar,,2000.0,,7200,32.0,3.5,SATA 3.0 Gb/s
KingDian S280,,120.0,,SSD,,2.5,SATA 6.0 Gb/s
Micron 1100,,512.0,,SSD,,2.5,SATA 6.0 Gb/s
Kingston UV500B,,120.0,,SSD,,M.2-2280,M.2 SATA
ADATA Ultimate SU650,4000.0,960.0,0.208,SSD,,2.5,SATA 6.0 Gb/s
Western Digital Purple,4382.0,8000.0,0.027,5400,256.0,3.5,SATA 6.0 Gb/s
Gigabyte GP-GSM2NE8128GNTD,,128.0,,SSD,,M.2-2280,M.2 PCIe 3.0 X2
ADATA SU655,,240.0,,SSD,,2.5,SATA 6.0 Gb/s
Intel 545s,1112.8,128.0,0.435,SSD,,2.5,SATA 6.0 Gb/s
Mushkin Pilot-E,,1000.0,,SSD,,M.2-2280,M.2 PCIe 3.0 X4
TEAMGROUP T-Force Vulcan,,250.0,,SSD,,2.5,SATA 6.0 Gb/s
Hitachi Ultrastar,2787.0,2000.0,0.07,7200,,3.5,SATA 6.0 Gb/s
Silicon Power A55,,1000.0,,SSD,,M.2-2280,M.2 SATA
Seagate FireCuda,7250.6,1000.0,0.363,SSD,,M.2-2280,M.2 PCIe 3.0 X4
SanDisk X600,,256.0,,SSD,,2.5,SATA 6.0 Gb/s
SK Hynix Gold S31 250,,250.0,,SSD,,2.5,SATA 6.0 Gb/s
Samsung SM863,,480.0,,SSD,,2.5,SATA 6.0 Gb/s
Kingston UV500,,1920.0,,SSD,,2.5,SATA 6.0 Gb/s
Pioneer APS-SE20G-1T,2541.39,1000.0,0.127,SSD,,M.2-2280,M.2 PCIe 3.0 X4
ADATA XPG GAMMIX S50,,1000.0,,SSD,,M.2-2280,M.2 PCIe 4.0 X4
Lenovo 4XB0W79580,,256.0,,SSD,,M.2-2280,M.2 PCIe 3.0 X4
Toshiba Slim L200,,500.0,,5400,8.0,2.5,SATA 6.0 Gb/s
Synology SNV3000,,400.0,,SSD,,M.2-2280,M.2 PCIe 3.0 X4
Seagate FireCuda 120,,2000.0,,SSD,,2.5,SATA 6.0 Gb/s
TEAMGROUP T-Force Cardea Zero Z330,,512.0,,SSD,,M.2-2280,M.2 PCIe 3.0 X4
Silicon Power XD80,,1000.0,,SSD,,M.2-2280,M.2 PCIe 3.0 X4
Western Digital Black SN750 Rev2,,250.0,,SSD,,M.2-2280,M.2 PCIe 3.0 X4
Mushkin SOURCE 2,,1000.0,,SSD,,2.5,SATA 6.0 Gb/s
Toshiba N300,4107.6,6000.0,0.034,7200,256.0,3.5,SATA 6.0 Gb/s
Addlink A95,5039.8,4000.0,0.063,SSD,,M.2-2280,M.2 PCIe 4.0 X4
Addlink S70,1157.6,1000.0,0.058,SSD,,M.2-2280,M.2 PCIe 3.0 X4
Western Digital Blue SN550,4999.8,2000.0,0.125,SSD,,M.2-2280,M.2 PCIe 3.0 X4
Western Digital Ultrastar DC HC550,,16000.0,,7200,512.0,3.5,SATA 6.0 Gb/s
ADATA Legend 750,,500.0,,SSD,,M.2-2280,M.2 PCIe 3.0 X4
TEAMGROUP T-Force Delta Max RGB Lite,,512.0,,SSD,,2.5,SATA 6.0 Gb/s
Inland Prime,,2000.0,,SSD,,M.2-2280,M.2 PCIe 3.0 X4
TEAMGROUP CX1,439.79,240.0,0.092,SSD,,2.5,SATA 6.0 Gb/s
TEAMGROUP CX1,659.8,480.0,0.069,SSD,,2.5,SATA 6.0 Gb/s
HP EX900 Plus,,2000.0,,SSD,,M.2-2280,M.2 PCIe 3.0 X4
HP FX900,,1000.0,,SSD,,M.2-2280,M.2 PCIe 4.0 X4
HP S650,,240.0,,SSD,,2.5,SATA 6.0 Gb/s
Seagate SkyHawk Surveillance,,3000.0,,5000,256.0,3.5,SATA 6.0 Gb/s
Toshiba X300,,6000.0,,7200,256.0,3.5,SATA 6.0 Gb/s
Toshiba MG08ADA400N,,4000.0,,7200,256.0,3.5,SATA 6.0 Gb/s
Nextorage NEM-PA,,4000.0,,SSD,,M.2-2280,M.2 PCIe 4.0 X4
Inland QN322,,500.0,,SSD,,M.2-2280,M.2 PCIe 3.0 X4
Intel D3-S4610,3694.8,960.0,0.192,SSD,,2.5,SATA 6.0 Gb/s
Netac NV5000-t,,1000.0,,SSD,,M.2-2280,M.2 PCIe 4.0 X4
MSI SPATIUM M461,,500.0,,SSD,,M.2-2280,M.2 PCIe 4.0 X4
Lexar NM760,,2000.0,,SSD,,M.2-2280,M.2 PCIe 4.0 X4
KIOXIA BG5,,1000.0,,SSD,,M.2-2280,M.2 PCIe 4.0 X4
Western Digital PC SN740 Pyrite,,256.0,,SSD,,M.2-2230,M.2 PCIe 4.0 X4
NEMIX RAM NEMESIS,6379.8,4000.0,0.08,SSD,,M.2-2280,M.2 PCIe 4.0 X4
TEAMGROUP T-FORCE G70,,2000.0,,SSD,,M.2-2280,M.2 PCIe 4.0 X4
Transcend 830S,499.79,128.0,0.195,SSD,,M.2-2280,M.2 SATA
Seagate Barracuda PCIe,,1000.0,,SSD,,M.2-2280,M.2 PCIe 4.0 X4
VisionTek QLC,,8000.0,,SSD,,M.2-2280,M.2 PCIe 3.0 X4
OWC Mercury Electra 6G,1997.6,1000.0,0.1,SSD,,2.5,SATA 6.0 Gb/s
Seagate BarraCuda 530,,2048.0,,SSD,,M.2-2280,M.2 PCIe 4.0 X4
Seagate Exos X24 SED,,12000.0,,7200,512.0,3.5,SATA 6.0 Gb/s
Seagate ST5000NM0024,,5000.0,,7200,128.0,3.5,SATA 6.0 Gb/s
Toshiba N300 Pro,5379.8,12000.0,0.022,7200,512.0,3.5,SATA 6.0 Gb/s
Mushkin Vortex-LX,,2000.0,,SSD,,M.2-2280,M.2 PCIe 4.0 X4
Western Digital RE,1427.4,2000.0,0.036,7200,128.0,3.5,SATA 6.0 Gb/s
Addlink A93 PS5,1408.8,1000.0,0.07,SSD,,M.2-2280,M.2 PCIe 4.0 X4
TEAMGROUP Z440 Lite,919.8,500.0,0.092,SSD,,M.2-2280,M.2 PCIe 4.0 X4
Seagate SkyHawk AI,6399.8,16000.0,0.02,7200,256.0,3.5,SATA 6.0 Gb/s
Western Digital Purple Pro,6499.0,14000.0,0.023,7200,512.0,3.5,SATA 6.0 Gb/s
Lexar NS100,,2000.0,,SSD,,2.5,SATA 6.0 Gb/s
Toshiba X300 Pro,5499.8,12000.0,0.023,7200,512.0,3.5,SATA 6.0 Gb/s
Seagate SkyHawk Surveillance +Rescue,2370.2,3000.0,0.04,5400,256.0,3.5,SATA 6.0 Gb/s
Micron 2400,1797.0,1000.0,0.09,SSD,,M.2-2230,M.2 PCIe 4.0 X4
Western Digital Scorpio Black,815.0,320.0,0.127,7200,16.0,2.5,SATA 3.0 Gb/s
SanDisk X400,4599.8,512.0,0.449,SSD,,M.2-2280,M.2 SATA
Silicon Power Ace A56,,256.0,,SSD,,2.5,SATA 6.0 Gb/s
Seagate Exos X18,8704.79,14000.0,0.031,7200,256.0,3.5,SATA 6.0 Gb/s
Hitachi A7K1000-1000,1215.0,1000.0,0.061,7200,32.0,3.5,SATA 3.0 Gb/s
Seagate ST1000NX0373,1320.0,1000.0,0.066,7200,128.0,2.5,SAS 12.0 Gb/s
Seagate Enterprise Performance,1739.6,1200.0,0.072,10000,128.0,3.5,SAS 12.0 Gb/s
Transcend 250H,3999.8,2000.0,0.1,SSD,,M.2-2280,M.2 PCIe 4.0 X4
Addlink S93,5448.8,4000.0,0.068,SSD,,M.2-2280,M.2 PCIe 4.0 X4
Seagate Pipeline HD,,320.0,,5900,8.0,3.5,SATA 3.0 Gb/s
Intel X25-M,6999.0,120.0,2.916,SSD,,2.5,SATA 3.0 Gb/s
Toshiba MK2576GSX,514.79,250.0,0.103,5400,8.0,2.5,SATA 3.0 Gb/s
Toshiba MK7559GSXP,1250.0,750.0,0.083,5400,8.0,2.5,SATA 3.0 Gb/s
VisionTek Data Fusion 2-way,,240.0,,SSD,,PCIe,PCIe x2
Western Digital RE,780.0,500.0,0.078,7200,64.0,3.5,SATA 6.0 Gb/s
Intel DC P3600,37000.0,800.0,2.312,SSD,,PCIe,PCIe x4
Crucial MX200,7955.4,500.0,0.796,SSD,,M.2-2260,M.2 SATA
Intel 750,9980.0,400.0,1.248,SSD,,PCIe,PCIe x4
Western Digital RE,2900.0,5000.0,0.029,7200,128.0,3.5,SATA 6.0 Gb/s
Seagate FireCuda,7911.79,2000.0,0.198,SSD,,M.2-2280,M.2 PCIe 3.0 X4
Transcend 250S,7101.2,4000.0,0.089,SSD,,M.2-2280,M.2 PCIe 4.0 X4
GOODRAM IRDM PRO SLIM,,2000.0,,SSD,,M.2-2280,M.2 PCIe 4.0 X4
Integral ADVANTAGE PRO-2,,2000.0,,SSD,,M.2-2280,M.2 PCIe 4.0 X4
Western Digital Scorpio Blue,1180.0,160.0,0.369,5400,8.0,2.5,SATA 3.0 Gb/s
Hitachi 7K1000.C,,320.0,,7200,16.0,3.5,SATA 3.0 Gb/s
Hitachi 7K1000.B,,320.0,,7200,16.0,3.5,SATA 3.0 Gb/s
Intel X25-V,,40.0,,SSD,,2.5,SATA 3.0 Gb/s
Samsung Spinpoint F1 DT,,750.0,,7200,32.0,3.5,SATA 3.0 Gb/s
OCZ Colossus,,500.0,,SSD,128.0,3.5,SATA 3.0 Gb/s
Seagate Barracuda ES,2550.0,1000.0,0.128,7200,32.0,3.5,SATA 3.0 Gb/s
Seagate BarraCuda,,1500.0,,7200,32.0,3.5,SATA 3.0 Gb/s
Western Digital Caviar Green,,2000.0,,5400,32.0,3.5,SATA 3.0 Gb/s
Intel X25-M,3100.0,80.0,1.938,SSD,,2.5,SATA 3.0 Gb/s
Hitachi Deskstar,,3000.0,,7200,64.0,3.5,SATA 6.0 Gb/s
ADATA S599,,128.0,,SSD,,2.5,SATA 3.0 Gb/s
Intel 320,,120.0,,SSD,,2.5,SATA 3.0 Gb/s
OCZ Vertex 3,,60.0,,SSD,,2.5,SATA 6.0 Gb/s
Seagate Pipeline HD,,2000.0,,5900,64.0,3.5,SATA 3.0 Gb/s
Seagate SV35.5,3185.2,2000.0,0.08,7200,64.0,3.5,SATA 6.0 Gb/s
ADATA XPG SX900,,256.0,,SSD,,2.5,SATA 6.0 Gb/s
Western Digital Scorpio Blue,,320.0,,5400,8.0,2.5,SATA 3.0 Gb/s
Plextor M5S,,128.0,,SSD,256.0,2.5,SATA 6.0 Gb/s
Hitachi Ultrastar 7K4000,,3000.0,,7200,64.0,3.5,SATA 6.0 Gb/s
OCZ Agility 3,,512.0,,SSD,,2.5,SATA 6.0 Gb/s
Samsung Spinpoint F3,,1000.0,,7200,32.0,3.5,SATA 3.0 Gb/s
Western Digital AV-GP,393.4,320.0,0.061,5400,16.0,3.5,SATA 3.0 Gb/s
SanDisk X110,,128.0,,SSD,,2.5,SATA 6.0 Gb/s
Intel DC S3500,3700.0,480.0,0.385,SSD,,2.5,SATA 6.0 Gb/s
Western Digital RE,,2000.0,,7200,64.0,3.5,SATA 6.0 Gb/s
Western Digital SE,2700.0,3000.0,0.045,7200,64.0,3.5,SATA 6.0 Gb/s
Hitachi Travelstar,999.8,1000.0,0.05,5400,8.0,2.5,SATA 6.0 Gb/s
Seagate ST2000VN000,,2000.0,,5900,64.0,3.5,SATA 6.0 Gb/s
Intel DC S3500,,600.0,,SSD,,2.5,SATA 6.0 Gb/s
Hitachi Deskstar NAS,,4000.0,,7200,64.0,3.5,SATA 6.0 Gb/s
Seagate 600 Pro,,100.0,,SSD,,2.5,SATA 6.0 Gb/s
Samsung XP941,,512.0,,SSD,512.0,M.2-2280,M.2 PCIe 3.0 X4
Corsair Force LX,,512.0,,SSD,,2.5,SATA 6.0 Gb/s
Western Digital WD Red Pro,2540.0,2000.0,0.064,7200,64.0,3.5,SATA 6.0 Gb/s
Samsung 845DC EVO,,960.0,,SSD,,2.5,SATA 6.0 Gb/s
Transcend MTS800,999.8,64.0,0.781,SSD,,M.2-2280,M.2 SATA
Samsung Spinpoint M9T,,2000.0,,5400,32.0,2.5,SATA 6.0 Gb/s
Dell 342-3520,3500.0,1000.0,0.175,7200,,2.5,SAS 3.0 Gb/s
Samsung Spinpoint M8,,500.0,,5400,8.0,2.5,SATA 3.0 Gb/s
Patriot Blaze,,480.0,,SSD,,2.5,SATA 6.0 Gb/s
PNY CS1111,,120.0,,SSD,,2.5,SATA 6.0 Gb/s
Samsung 850 Evo,,120.0,,SSD,,M.2-2280,M.2 SATA
Kingston Predator,,480.0,,SSD,,M.2-2280,M.2 PCIe 2.0 X4
Seagate Archive HDD v2,,6000.0,,5900,128.0,3.5,SATA 6.0 Gb/s
SanDisk Z400s,,256.0,,SSD,,M.2-2280,M.2 SATA
Toshiba P300,,2000.0,,7200,64.0,3.5,SATA 6.0 Gb/s
Toshiba HDWA110XZSTA,,1000.0,,5700,64.0,3.5,SATA 6.0 Gb/s
OCZ TRION 150,,480.0,,SSD,,2.5,SATA 6.0 Gb/s
SanDisk X400,,1000.0,,SSD,,2.5,SATA 6.0 Gb/s
Zotac T500,,240.0,,SSD,256.0,2.5,SATA 6.0 Gb/s
AMD Radeon R3,,120.0,,SSD,,2.5,SATA 6.0 Gb/s
Plextor M8Pe,,1000.0,,SSD,1024.0,PCIe,PCIe x4
Toshiba VX500,,1000.0,,SSD,,2.5,SATA 6.0 Gb/s
SanDisk Z410,1562.8,240.0,,SSD,,2.5,SATA 6.0 Gb/s
Seagate BarraCuda Pro,,8000.0,,7200,256.0,3.5,SATA 6.0 Gb/s
Hitachi HGST Ultrastar C10K1800,,1200.0,,10500,128.0,3.5,SAS 12.0 Gb/s
Seagate SkyHawk,3980.0,3000.0,0.066,5900,64.0,3.5,SATA 6.0 Gb/s
Intel 760p,,128.0,,SSD,,M.2-2280,M.2 PCIe 3.0 X4
Kingston KC1000,,960.0,,SSD,,M.2-2280,M.2 PCIe 3.0 X4
XPG GAMMIX S10,,512.0,,SSD,,M.2-2280,M.2 PCIe 3.0 X4
Intel 545s,,256.0,,SSD,,M.2-2280,M.2 SATA
TEAMGROUP L5 LITE 3D,,120.0,,SSD,,2.5,SATA 6.0 Gb/s
TEAMGROUP L5 LITE 3D,,480.0,,SSD,,2.5,SATA 6.0 Gb/s
HP EX900,,120.0,,SSD,,M.2-2280,M.2 PCIe 3.0 X4
Kingston UV500B,,1920.0,,SSD,,2.5,SATA 6.0 Gb/s
TEAMGROUP T-Force Delta RGB,,1000.0,,SSD,,2.5,SATA 6.0 Gb/s
Patriot Burst,,120.0,,SSD,,2.5,SATA 6.0 Gb/s
Seagate Barracuda Compute,,1000.0,,SSD,,2.5,SATA 6.0 Gb/s
Seagate Barracuda Compute,,2000.0,,SSD,,2.5,SATA 6.0 Gb/s
Seagate SkyHawk Surveillance,3087.2,6000.0,0.026,5400,256.0,3.5,SATA 6.0 Gb/s
Seagate Nytro Enterprise,39999.0,1920.0,1.042,SSD,,2.5,SAS 12.0 Gb/s
Silicon Power A80,,256.0,,SSD,,M.2-2280,M.2 PCIe 3.0 X4
TEAMGROUP MP34,,256.0,,SSD,,M.2-2280,M.2 PCIe 3.0 X4
Lexar NM600,2615.79,480.0,0.272,SSD,,M.2-2280,M.2 PCIe 3.0 X4
Lexar NS100,,480.0,,SSD,,2.5,SATA 6.0 Gb/s
Silicon Power S55,,120.0,,SSD,,2.5,SATA 6.0 Gb/s
Kingston KC2000,,250.0,,SSD,,M.2-2280,M.2 PCIe 3.0 X4
Kingston KC2000,,2000.0,,SSD,,M.2-2280,M.2 PCIe 3.0 X4
Seagate IronWolf NAS,17199.8,3840.0,,SSD,,2.5,SATA 6.0 Gb/s
Seagate Barracuda Compute,,256.0,,SSD,,M.2-2280,M.2 PCIe 3.0 X4
Intel D3-S4510,5589.0,1920.0,0.146,SSD,,2.5,SATA 6.0 Gb/s
Intel DC S4500,7500.0,960.0,0.391,SSD,,2.5,SATA 6.0 Gb/s
HP S700,,500.0,,SSD,,M.2-2280,M.2 SATA
Kingston SSDNOW DC500R,9561.2,1920.0,0.249,SSD,,2.5,SATA 6.0 Gb/s
Patriot P300,1265.4,256.0,0.247,SSD,,M.2-2280,M.2 PCIe 3.0 X4
Samsung PM871b,,1000.0,,SSD,,2.5,SATA 6.0 Gb/s
ADATA Swordfish,,2000.0,,SSD,,M.2-2280,M.2 PCIe 3.0 X4
Centon MP Essential,749.2,120.0,0.312,SSD,,2.5,SATA 6.0 Gb/s
Kingston KC2500,,250.0,,SSD,,M.2-2280,M.2 PCIe 3.0 X4
ADATA XPG SX950U,,480.0,,SSD,,2.5,SATA 6.0 Gb/s
Silicon Power US70,,1000.0,,SSD,,M.2-2280,M.2 PCIe 4.0 X4
ADATA XPG GAMMIX S70,,1000.0,,SSD,,M.2-2280,M.2 PCIe 4.0 X4
Apacer AS350 PANTHER,,128.0,,SSD,,2.5,SATA 6.0 Gb/s
Neo Forza NFS01,,480.0,,SSD,,2.5,SATA 6.0 Gb/s
Neo Forza NFS10,,480.0,,SSD,,2.5,SATA 6.0 Gb/s
TEAMGROUP T-Create Expert,,2000.0,,SSD,,2.5,SATA 6.0 Gb/s
Sabrent Rocket 4.0,,500.0,,SSD,,M.2-2280,M.2 PCIe 4.0 X4
Acer SA100,,1920.0,,SSD,,2.5,SATA 6.0 Gb/s
ADATA XPG GAMMIX S41,,512.0,,SSD,,M.2-2280,M.2 PCIe 3.0 X4
Integral M,,256.0,,SSD,,M.2-2280,M.2 PCIe 3.0 X4
Inland Platinum,,2000.0,,SSD,,M.2-2280,M.2 PCIe 3.0 X4
SanDisk Extreme,,1000.0,,SSD,,M.2-2280,M.2 PCIe 4.0 X4
YMTC ZHITAI,,512.0,,SSD,,M.2-2280,M.2 PCIe 3.0 X4
Toshiba X300 Pro,,4000.0,,7200,256.0,3.5,SATA 6.0 Gb/s
Toshiba X300,,6000.0,,7200,256.0,3.5,SATA 6.0 Gb/s
Toshiba X300,,8000.0,,7200,256.0,3.5,SATA 6.0 Gb/s
Western Digital Purple,2977.6,6000.0,0.025,5640,128.0,3.5,SATA 6.0 Gb/s
Addlink S95,,2000.0,,SSD,,M.2-2280,M.2 PCIe 4.0 X4
Addlink S20,,256.0,,SSD,,2.5,SATA 6.0 Gb/s
Corsair MP400,,1000.0,,SSD,,M.2-2280,M.2 PCIe 3.0 X4
Kingston DC1000B,,480.0,,SSD,,M.2-2280,M.2 PCIe 3.0 X4
KIOXIA EXCERIA PLUS G2,,2000.0,,SSD,,M.2-2280,M.2 PCIe 3.0 X4
MSI SPATIUM M390,,2000.0,,SSD,,M.2-2280,M.2 PCIe 3.0 X4
TEAMGROUP T-Force Cardea Zero Z340,,2000.0,,SSD,,M.2-2280,M.2 PCIe 3.0 X4
Klevv CRAS C720,,2000.0,,SSD,,M.2-2280,M.2 PCIe 3.0 X4
Klevv NEO N400,,240.0,,SSD,,2.5,SATA 6.0 Gb/s
Silicon Power UD80,,250.0,,SSD,,M.2-2280,M.2 PCIe 3.0 X4
Patriot Viper VPN110,,2000.0,,SSD,,M.2-2280,M.2 PCIe 3.0 X4
Verbatim Vi560,1970.6,256.0,0.385,SSD,,M.2-2280,M.2 SATA
HP FX900 Pro,,512.0,,SSD,,M.2-2280,M.2 PCIe 4.0 X4
Western Digital SN520,,256.0,,SSD,,M.2-2242,M.2 PCIe 3.0 X2
Seagate Exos X16,,16000.0,,7200,256.0,3.5,SATA 6.0 Gb/s
ADATA LEGEND 700,,500.0,,SSD,,M.2-2280,M.2 PCIe 3.0 X4
Intel D3-S4510,2430.0,480.0,0.253,SSD,,2.5,SATA 6.0 Gb/s
Intel D3-S4620,13580.0,3840.0,0.177,SSD,,2.5,SATA 6.0 Gb/s
Intel Optane 905P,,960.0,,SSD,,2.5,U.2
PNY CS1031,,512.0,,SSD,,M.2-2280,M.2 PCIe 3.0 X4
Lexar NM760,,512.0,,SSD,,M.2-2280,M.2 PCIe 4.0 X4
Timetec 35TTTNGE4NVME-512G,,512.0,,SSD,,M.2-2280,M.2 PCIe 4.0 X4
Timetec 35TTTNGE4NVME-1TBH,,1000.0,,SSD,,M.2-2280,M.2 PCIe 4.0 X4
Timetec 35TTTDGE4NVME-2TBH,,2000.0,,SSD,,M.2-2280,M.2 PCIe 4.0 X4
AITC Kingsman KE680,,2000.0,,SSD,,M.2-2280,M.2 PCIe 4.0 X4
Western Digital PC SN740 Opal,,1000.0,,SSD,,M.2-2280,M.2 PCIe 4.0 X4
Toshiba MG09 512e,5279.0,10000.0,0.026,7200,512.0,3.5,SATA 6.0 Gb/s
G.Skill Ripjaws S3,,240.0,,SSD,,M.2-2280,M.2 SATA
Addlink S93,,1000.0,,SSD,,M.2-2280,M.2 PCIe 4.0 X4
FanXiang S660,,500.0,,SSD,,M.2-2280,M.2 PCIe 4.0 X4
Seagate Barracuda PCIe,,250.0,,SSD,,M.2-2280,M.2 PCIe 4.0 X4
HP FX700,,500.0,,SSD,,M.2-2280,M.2 PCIe 4.0 X4
Seagate FireCuda 540 w/Heatsink,,1000.0,,SSD,,M.2-2280,M.2 PCIe 5.0 X4
OWC Mercury Electra 6G,399.6,120.0,0.166,SSD,,2.5,SATA 6.0 Gb/s
Micron 5400 Pro,,960.0,,SSD,,2.5,SATA 6.0 Gb/s
Micron 5400 Pro,,3840.0,,SSD,,2.5,SATA 6.0 Gb/s
Micron 5400 Pro eSSC,,7680.0,,SSD,,2.5,SATA 6.0 Gb/s
AGI AI298,,2000.0,,SSD,,M.2-2280,M.2 PCIe 3.0 X4
Apacer AS2280P4U,,512.0,,SSD,,M.2-2280,M.2 PCIe 3.0 X4
Orico e7400,,4000.0,,SSD,,M.2-2280,M.2 PCIe 4.0 X4
Western Digital SN720,,256.0,,SSD,,M.2-2280,M.2 PCIe 3.0 X4
TEAMGROUP MP44S,2739.8,2000.0,0.068,SSD,,M.2-2230,M.2 PCIe 4.0 X4
Silicon Power UD90,2799.8,2000.0,0.07,SSD,,M.2-2230,M.2 PCIe 4.0 X4
Hitachi Ultrastar He10,3939.8,10000.0,0.02,7200,256.0,3.5,SAS 12.0 Gb/s
Western Digital Red SA500,2088.0,1000.0,0.104,SSD,,M.2-2280,M.2 SATA
Nextorage G-Series LE,,4000.0,,SSD,,M.2-2280,M.2 PCIe 4.0 X4
Seagate Constellation ES,1100.0,2000.0,0.028,7200,64.0,3.5,SAS 6.0 Gb/s
Integral V Series 2,,4000.0,,SSD,,2.5,SATA 6.0 Gb/s
Sabrent Rocket Q4,4399.8,2000.0,0.11,SSD,,M.2-2230,M.2 PCIe 4.0 X4
Toshiba N300 Pro,5899.8,14000.0,0.021,7200,512.0,3.5,SATA 6.0 Gb/s
Inland TN325,1699.8,1000.0,0.085,SSD,,M.2-2242,M.2 PCIe 3.0 X4
Inland TN450,2439.79,2000.0,0.061,SSD,,M.2-2280,M.2 PCIe 4.0 X4
Toshiba N300 NAS,3163.0,6000.0,0.026,7200,512.0,3.5,SATA 6.0 Gb/s
Seagate Constellation CS,2913.6,3000.0,0.049,7200,64.0,3.5,SATA 6.0 Gb/s
Western Digital Blue,,4000.0,,,64.0,3.5,SATA 6.0 Gb/s
Intel 545s,740.0,128.0,0.289,SSD,,M.2-2280,M.2 SATA
Seagate Exos 7E10 512e/4Kn,4119.8,6000.0,0.034,7200,256.0,3.5,SATA 6.0 Gb/s
MSI SPATIUM M480 HS,,2000.0,,SSD,2048.0,M.2-2280,M.2 PCIe 4.0 X4
Integral M2,,250.0,,SSD,,M.2-2280,M.2 PCIe 3.0 X4
Toshiba MG09 512e,,14000.0,,7200,512.0,3.5,SATA 6.0 Gb/s
Transcend MTE240S,2064.6,1000.0,0.103,SSD,,M.2-2280,M.2 PCIe 4.0 X4
OWC Aura Pro IV,1999.8,1000.0,0.1,SSD,,M.2-2242,M.2 PCIe 4.0 X4
Western Digital Scorpio Blue,1579.0,250.0,0.316,5400,8.0,2.5,SATA 3.0 Gb/s
Kingston E50 Enterprise,3736.2,240.0,0.778,SSD,,2.5,SATA 6.0 Gb/s
Intel DC S3500,3840.0,800.0,0.24,SSD,,2.5,SATA 6.0 Gb/s
Intel 540s,2564.4,240.0,0.534,SSD,,2.5,SATA 6.0 Gb/s
Western Digital Gold,7514.0,10000.0,0.038,7200,256.0,3.5,SATA 6.0 Gb/s
Crucial BX300,2108.4,480.0,0.22,SSD,,2.5,SATA 6.0 Gb/s
Western Digital Gold,5950.0,8000.0,0.037,7200,256.0,3.5,SATA 6.0 Gb/s
Samsung 860 Evo,3122.6,500.0,0.312,SSD,,mSATA,mSATA
Sabrent Rocket 4.0 HTSK,,2000.0,,SSD,,M.2-2280,M.2 PCIe 4.0 X4
Seagate SkyHawk AI,4276.8,8000.0,0.027,7200,256.0,3.5,SATA 6.0 Gb/s
PNY XLR8 CS3040,1259.59,500.0,,SSD,,M.2-2280,M.2 PCIe 4.0 X4
Seagate Exos 7E10 512n,3857.4,4000.0,0.048,7200,256.0,3.5,SATA 6.0 Gb/s
PNY XLR8 CS3030,9780.0,4000.0,0.122,SSD,,M.2-2280,M.2 PCIe 3.0 X4
Western Digital WD Blue,4739.59,2000.0,,SSD,,2.5,SATA 6.0 Gb/s
Micron 7400 PRO,2999.8,480.0,,SSD,,M.2-2280,M.2 PCIe 4.0 X4
Transcend MTE240S,1129.4,500.0,0.113,SSD,,M.2-2280,M.2 PCIe 4.0 X4
Integral V Series Plus,,1000.0,,SSD,,2.5,SATA 6.0 Gb/s
Western Digital VelociRaptor,,450.0,,10000,32.0,3.5,SATA 6.0 Gb/s
Western Digital Caviar Blue,,250.0,,7200,16.0,3.5,SATA 3.0 Gb/s
Western Digital Caviar Blue,,80.0,,7200,8.0,3.5,SATA 3.0 Gb/s
Western Digital Scorpio Blue,535.79,80.0,0.335,5400,8.0,2.5,SATA 3.0 Gb/s
Hitachi 7K1000.C,4599.0,750.0,0.307,7200,32.0,3.5,SATA 3.0 Gb/s
Hitachi E7K1000,1400.0,500.0,0.14,7200,32.0,3.5,SATA 3.0 Gb/s
Seagate BarraCuda,2998.8,2000.0,0.075,5900,32.0,3.5,SATA 3.0 Gb/s
Intel X25-M,3942.0,160.0,1.232,SSD,,2.5,SATA 3.0 Gb/s
Samsung Spinpoint F3 EG,,500.0,,5400,16.0,3.5,SATA 3.0 Gb/s
Samsung Spinpoint F3,,250.0,,7200,8.0,3.5,SATA 3.0 Gb/s
Samsung Spinpoint M7E,,500.0,,5400,8.0,2.5,SATA 3.0 Gb/s
Samsung Spinpoint M7E,,320.0,,5400,8.0,2.5,SATA 3.0 Gb/s
OCZ Vertex 2,,240.0,,SSD,,2.5,SATA 3.0 Gb/s
Seagate Constellation ES,,2000.0,,7200,64.0,3.5,SATA 3.0 Gb/s
Seagate Barracuda XT,2364.6,2000.0,0.059,7200,64.0,3.5,SATA 6.0 Gb/s
Western Digital Caviar Green,2998.8,500.0,0.3,5400,16.0,3.5,SATA 3.0 Gb/s
Hitachi A7K1000,,500.0,,7200,32.0,3.5,SATA 3.0 Gb/s
Western Digital Caviar SE16,,320.0,,7200,16.0,3.5,SATA 3.0 Gb/s
Intel 510,,250.0,,SSD,,2.5,SATA 6.0 Gb/s
OCZ Vertex 3,,120.0,,SSD,,2.5,SATA 6.0 Gb/s
Seagate Momentus,,750.0,,7200,16.0,2.5,SATA 3.0 Gb/s
Western Digital Scorpio Blue,,750.0,,5200,8.0,2.5,SATA 3.0 Gb/s
Hitachi Travelstar Z7K320,1122.0,250.0,0.224,7200,16.0,2.5,SATA 3.0 Gb/s
Corsair Force 3,,240.0,,SSD,,2.5,SATA 6.0 Gb/s
Toshiba MK3265GSX,,320.0,,5400,8.0,2.5,SATA 3.0 Gb/s
Toshiba MK6465GSX,,640.0,,5400,8.0,2.5,SATA 3.0 Gb/s
Western Digital Scorpio Blue,,1000.0,,5400,8.0,2.5,SATA 3.0 Gb/s
Kingston HyperX,3999.8,120.0,1.667,SSD,,2.5,SATA 6.0 Gb/s
Seagate BarraCuda,1180.0,320.0,0.184,7200,16.0,3.5,SATA 6.0 Gb/s
Hitachi Travelstar 7K750,,750.0,,7200,16.0,2.5,SATA 3.0 Gb/s
Samsung 830,,128.0,,SSD,,2.5,SATA 6.0 Gb/s
Samsung 830,2369.6,64.0,,SSD,,2.5,SATA 6.0 Gb/s
Kingston SSDNow V200,,256.0,,SSD,,2.5,SATA 6.0 Gb/s
Crucial M4,,64.0,,SSD,,2.5,SATA 6.0 Gb/s
Intel 520,2800.0,180.0,0.778,SSD,,2.5,SATA 6.0 Gb/s
Intel 520,,240.0,,SSD,,2.5,SATA 6.0 Gb/s
Samsung 830,,256.0,,SSD,,2.5,SATA 6.0 Gb/s
Intel 313,,24.0,,SSD,,2.5,SATA 3.0 Gb/s
Seagate SV35.5,,3000.0,,7200,64.0,3.5,SATA 6.0 Gb/s
Kingston HyperX 3K,,240.0,,SSD,,2.5,SATA 6.0 Gb/s
ADATA Premier Pro SP900,,128.0,,SSD,,2.5,SATA 6.0 Gb/s
Western Digital VelociRaptor,,250.0,,10000,64.0,3.5,SATA 6.0 Gb/s
OCZ Vertex 3,,240.0,,SSD,,3.5,SATA 6.0 Gb/s
Western Digital Green,,2000.0,,5400,8.0,2.5,SATA 3.0 Gb/s
Samsung 840,,250.0,,SSD,,2.5,SATA 6.0 Gb/s
SanDisk ReadyCache,,32.0,,SSD,,2.5,SATA 6.0 Gb/s
SanDisk Ultra Plus,,256.0,,SSD,,2.5,SATA 6.0 Gb/s
Samsung ST250DM001/HD253GJ,,250.0,,7200,16.0,3.5,SATA 3.0 Gb/s
Seagate Constellation ES.3,,3000.0,,7200,128.0,3.5,SAS 6.0 Gb/s
Seagate 600,,240.0,,SSD,,2.5,SATA 6.0 Gb/s
Seagate ST4000VN000,,4000.0,,5900,64.0,3.5,SATA 6.0 Gb/s
Western Digital WDBMMA0010HNC-NRSN,980.0,1000.0,0.049,5400,64.0,3.5,SATA 6.0 Gb/s
Intel 530,3780.0,240.0,0.787,SSD,,2.5,SATA 6.0 Gb/s
Samsung 840 Pro,,256.0,,SSD,256.0,2.5,SATA 6.0 Gb/s
Toshiba DT01ACA,,1000.0,,7200,32.0,3.5,SATA 6.0 Gb/s
Toshiba MG03ACA,,3000.0,,7200,64.0,3.5,SATA 6.0 Gb/s
Seagate Constellation ES,1060.0,1000.0,0.053,7200,16.0,3.5,SAS 3.0 Gb/s
Corsair Force Series LS,,60.0,,SSD,,2.5,SATA 6.0 Gb/s
Hitachi Ultrastar 7K4000,,4000.0,,7200,64.0,3.5,SAS 6.0 Gb/s
Kingston SSDNow KC300,,120.0,,SSD,,2.5,SATA 6.0 Gb/s
Kingston SSDNow KC300,1954.4,180.0,0.543,SSD,,2.5,SATA 6.0 Gb/s
Plextor M6e,,256.0,,SSD,,PCIe,PCIe x4
Samsung SM843TN,,120.0,,SSD,,2.5,SATA 6.0 Gb/s
Samsung XP941,,128.0,,SSD,512.0,M.2-2280,M.2 PCIe 3.0 X4
Kingston SSDNow M.2,,120.0,,SSD,256.0,M.2-2280,M.2 SATA
Transcend MTS600,,256.0,,SSD,,M.2-2260,M.2 SATA
Transcend MTS600,,32.0,,SSD,,M.2-2260,M.2 SATA
ADATA SP900 M.2,,256.0,,SSD,,M.2-2280,M.2 SATA
Patriot Blaze,,120.0,,SSD,32.0,2.5,SATA 6.0 Gb/s
SanDisk Ultra II,,120.0,,SSD,,2.5,SATA 6.0 Gb/s
Western Digital Purple,,5000.0,,5400,64.0,3.5,SATA 6.0 Gb/s
Seagate SV35,,1000.0,,5400,64.0,3.5,SATA 6.0 Gb/s
Intel 750,,400.0,,SSD,,PCIe,PCIe x4
Kingston SHSS3B7A/480G Bundle,,480.0,,SSD,,2.5,SATA 6.0 Gb/s
Intel 750,,800.0,,SSD,,PCIe,PCIe x4
Samsung MMDOE56G5MXP-0VB,,256.0,,SSD,,2.5,SATA 3.0 Gb/s
Patriot Blast,,120.0,,SSD,256.0,2.5,SATA 6.0 Gb/s
Hitachi HTS547550A9E384,,500.0,,5400,8.0,2.5,SATA 3.0 Gb/s
Hitachi Ultrastar 7K6000,3168.8,6000.0,0.026,7200,128.0,3.5,SAS 12.0 Gb/s
Intel DC P3608,,3200.0,,SSD,,PCIe,PCIe x8
Toshiba Q300 Pro,,256.0,,SSD,,2.5,SATA 6.0 Gb/s
Intel 750,,400.0,,SSD,,PCIe,PCIe x4
Western Digital Purple,,500.0,,5400,64.0,3.5,SATA 6.0 Gb/s
Western Digital RE,,4000.0,,7200,32.0,3.5,SAS 6.0 Gb/s
OCZ TRION 150,,240.0,,SSD,,2.5,SATA 6.0 Gb/s
Mushkin ECO3,,240.0,,SSD,256.0,2.5,SATA 6.0 Gb/s
Intel 540s,,1000.0,,SSD,,2.5,SATA 6.0 Gb/s
Biwin CSE25A00001-512,,512.0,,SSD,,2.5,SATA 6.0 Gb/s
Samsung PM951,,128.0,,SSD,,M.2-2280,M.2 PCIe 3.0 X4
Kingston SSDNow G2,,120.0,,SSD,,M.2-2280,M.2 SATA
Kingston SSDNow G2,,480.0,,SSD,,M.2-2280,M.2 SATA
SK Hynix SL308,,120.0,,SSD,,2.5,SATA 6.0 Gb/s
Corsair Neutron XTi,,1920.0,,SSD,,2.5,SATA 6.0 Gb/s
Kingston SSDNow UV300,,120.0,,SSD,,2.5,SATA 6.0 Gb/s
Seagate IronWolf NAS,4668.8,3000.0,0.078,5900,64.0,3.5,SATA 6.0 Gb/s
Seagate IronWolf Pro,,6000.0,,7200,256.0,3.5,SATA 6.0 Gb/s
Patriot Hellfire,,240.0,,SSD,256.0,M.2-2280,M.2 PCIe 3.0 X4
Toshiba X300,,4000.0,,7200,128.0,3.5,SATA 6.0 Gb/s
Intel Pro 6000p,2132.0,512.0,0.208,SSD,,M.2-2280,M.2 PCIe 3.0 X4
Seagate ST3808110AS,,80.0,,7200,,3.5,SATA 3.0 Gb/s
Drevo X1,,240.0,,SSD,,2.5,SATA 6.0 Gb/s
Seagate Enterprise NAS,,8000.0,,7200,256.0,3.5,SATA 6.0 Gb/s
Seagate Barracuda 7200.9,1400.0,160.0,0.438,7200,8.0,3.5,SATA 6.0 Gb/s
Western Digital WD Red Pro,6542.0,10000.0,0.033,7200,256.0,3.5,SATA 6.0 Gb/s
Hitachi Deskstar NAS,,6000.0,,7200,128.0,3.5,SATA 6.0 Gb/s
Corsair Force LE,,120.0,,SSD,,2.5,SATA 6.0 Gb/s
Intel 540 Series,,120.0,,SSD,,2.5,SATA 6.0 Gb/s
Mushkin Source,,500.0,,SSD,,2.5,SATA 6.0 Gb/s
SanDisk SSD PLUS,,960.0,,SSD,,2.5,SATA 6.0 Gb/s
Kingston UV500B,,480.0,,SSD,,2.5,SATA 6.0 Gb/s
Silicon Power S55,,480.0,,SSD,,2.5,SATA 6.0 Gb/s
Toshiba XG3,,128.0,,SSD,,M.2-2280,M.2 PCIe 3.0 X4
ADATA XPG GAMMIX S11,,240.0,,SSD,,M.2-2280,M.2 PCIe 3.0 X4
Mushkin PILOT,,250.0,,SSD,,M.2-2280,M.2 PCIe 3.0 X4
Corsair MP300,,240.0,,SSD,,M.2-2280,M.2 PCIe 3.0 X2
Corsair MP300,,480.0,,SSD,,M.2-2280,M.2 PCIe 3.0 X2
TCSunBow X3,,1000.0,,SSD,,2.5,SATA 6.0 Gb/s
ADATA SU655,,480.0,,SSD,,2.5,SATA 6.0 Gb/s
Mushkin PILOT,,2000.0,,SSD,,M.2-2280,M.2 PCIe 3.0 X4
Western Digital Black,,1000.0,,7200,32.0,2.5,SATA 6.0 Gb/s
Toshiba X300,5980.0,12000.0,0.025,7200,256.0,3.5,SATA 6.0 Gb/s
Silicon Power A80,,2000.0,,SSD,,M.2-2280,M.2 PCIe 3.0 X4
Seagate IronWolf NAS,,1920.0,,SSD,,2.5,SATA 6.0 Gb/s
Intel Pro 7600p,,1000.0,,SSD,,M.2-2280,M.2 PCIe 3.0 X4
Lexar NM210,,128.0,,SSD,,M.2-2280,M.2 SATA
Corsair MP500,,960.0,,SSD,,M.2-2280,M.2 PCIe 3.0 X4
Seagate ST500VM000,728.0,500.0,0.073,5900,64.0,3.5,SATA 6.0 Gb/s
TEAMGROUP T-Force Delta Max RGB,,1000.0,,SSD,,2.5,SATA 6.0 Gb/s
Intel D3-S4610,2780.0,480.0,0.29,SSD,,2.5,SATA 6.0 Gb/s
Seagate EXOS Enterprise,5429.0,6000.0,0.045,7200,256.0,3.5,SATA 6.0 Gb/s
Hitachi 0TS1351,,1920.0,,SSD,,PCIe,PCIe x8
Intel DC S3520,,150.0,,SSD,,M.2-2280,M.2 SATA
Inland Performance,,500.0,,SSD,,M.2-2280,M.2 PCIe 4.0 X4
Biostar M700,,256.0,,SSD,,M.2-2280,M.2 PCIe 3.0 X4
Western Digital Purple,6720.0,14000.0,0.024,7200,512.0,3.5,SATA 6.0 Gb/s
Toshiba MG06ACA800E,5599.8,8000.0,0.035,7200,256.0,3.5,SATA 6.0 Gb/s
VisionTek PRO HXS,1599.6,512.0,0.156,SSD,,2.5,SATA 6.0 Gb/s
Seagate IronWolf 510,,1920.0,,SSD,,M.2-2280,M.2 PCIe 3.0 X4
Corsair MP510,,4000.0,,SSD,,M.2-2280,M.2 PCIe 3.0 X4
Silicon Power US70,,2000.0,,SSD,,M.2-2280,M.2 PCIe 4.0 X4
ADATA XPG GAMMIX S7,,1000.0,,SSD,,M.2-2280,M.2 PCIe 3.0 X4
Neo Forza eSports,,512.0,,SSD,512.0,M.2-2280,M.2 PCIe 3.0 X4
ADATA XPG GAMMIX S41,,1000.0,,SSD,,M.2-2280,M.2 PCIe 3.0 X4
Western Digital Red Plus,2699.8,3000.0,0.045,5400,128.0,3.5,SATA 6.0 Gb/s
Silicon Power P34A80,,256.0,,SSD,,M.2-2280,M.2 PCIe 3.0 X4
Western Digital Red Plus,,4000.0,,5400,64.0,3.5,SATA 6.0 Gb/s
Toshiba X300 Pro,,6000.0,,7200,256.0,3.5,SATA 6.0 Gb/s
Seagate IronWolf 525,,1000.0,,SSD,,M.2-2280,M.2 PCIe 4.0 X4
TEAMGROUP T-Force Cardea A440 Pro,,4000.0,,SSD,,M.2-2280,M.2 PCIe 4.0 X4
TEAMGROUP MP34Q,,4000.0,,SSD,,M.2-2280,M.2 PCIe 3.0 X4
Western Digital Ultrastar DC HC550,,18000.0,,7200,512.0,3.5,SAS 12.0 Gb/s
ADATA Legend 740,,250.0,,SSD,,M.2-2280,M.2 PCIe 3.0 X4
Inland Prime,,250.0,,SSD,,M.2-2280,M.2 PCIe 3.0 X4
Toshiba N300,,4000.0,,7200,,3.5,SATA 6.0 Gb/s
Toshiba N300,,8000.0,,7200,,3.5,SATA 6.0 Gb/s
Timetec 35TTFP6PCIE,,256.0,,SSD,,M.2-2280,M.2 PCIe 3.0 X4
ADATA ISSS333-001TP,,1000.0,,SSD,,2.5,SATA 6.0 Gb/s
Toshiba X300,,10000.0,,7200,256.0,3.5,SATA 6.0 Gb/s
Toshiba XG6,,512.0,,SSD,,M.2-2280,M.2 PCIe 3.0 X4
Hitachi Ultrastar He8,,6000.0,,7200,128.0,3.5,SATA 6.0 Gb/s
Nextorage NEM-PA,,1000.0,,SSD,,M.2-2280,M.2 PCIe 4.0 X4
Seagate BarraCuda 120,,1000.0,,SSD,,2.5,SATA 6.0 Gb/s
Inland Gaming Performance Plus,,4000.0,,SSD,,M.2-2280,M.2 PCIe 4.0 X4
Gigabyte AORUS Gen4 7000s Premium,,2000.0,,SSD,1024.0,M.2-2280,M.2 PCIe 4.0 X4
Western Digital SN530,,1024.0,,SSD,,M.2-2242,M.2 PCIe 3.0 X4
Intel D3-S4520,3230.0,480.0,0.336,SSD,,2.5,SATA 6.0 Gb/s
MSI SPATIUM M460,,500.0,,SSD,,M.2-2280,M.2 PCIe 4.0 X4
Mushkin Enhanced ECO,,2000.0,,SSD,,2.5,SATA 6.0 Gb/s
Lexar NM700,,512.0,,SSD,,M.2-2280,M.2 PCIe 3.0 X4
Inland TN320,,2000.0,,SSD,,M.2-2280,M.2 PCIe 3.0 X4
Transcend 250H,7421.2,4000.0,0.093,SSD,,M.2-2280,M.2 PCIe 4.0 X4
Timetec 35TTTNGE4NVME-1TB,,1000.0,,SSD,,M.2-2280,M.2 PCIe 4.0 X4
Mushkin ELEMENT,3735.6,1000.0,0.187,SSD,,2.5,SATA 6.0 Gb/s
VisionTek DLX3,1239.8,512.0,0.121,SSD,,M.2-2280,M.2 PCIe 3.0 X4
AITC Kingsman KE680,,512.0,,SSD,,M.2-2280,M.2 PCIe 4.0 X4
KIOXIA BG5 SED,,256.0,,SSD,,M.2-2280,M.2 PCIe 4.0 X4
Leven JPS850,,2000.0,,SSD,,M.2-2280,M.2 PCIe 4.0 X4
Western Digital PC SN740 Pyrite,,2000.0,,SSD,,M.2-2280,M.2 PCIe 4.0 X4
Western Digital PC SN740 Opal,,2000.0,,SSD,,M.2-2280,M.2 PCIe 4.0 X4
Inland Enterprise,,3840.0,,SSD,,2.5,SATA 6.0 Gb/s
TEAMGROUP T-FORCE Z44A5,,512.0,,SSD,,M.2-2280,M.2 PCIe 4.0 X4
Seagate BarraCuda 520,,512.0,,SSD,,M.2-2280,M.2 PCIe 4.0 X4
Western Digital Ultrastar DC HC530,,14000.0,,7200,512.0,3.5,SAS 12.0 Gb/s
Orico J-10,,512.0,,SSD,,M.2-2280,M.2 PCIe 3.0 X4
KingSpec NX-2230,799.8,512.0,0.078,SSD,,M.2-2230,M.2 PCIe 3.0 X4
Corsair MP600 CORE MINI,1980.0,1000.0,0.099,SSD,,M.2-2230,M.2 PCIe 4.0 X4
Klevv CRAS C925,1319.6,1000.0,0.066,SSD,,M.2-2280,M.2 PCIe 4.0 X4
Seagate Constellation.2,1000.0,1000.0,0.05,7200,64.0,2.5,SAS 6.0 Gb/s
Seagate ST6000NM0014,2700.0,6000.0,0.022,7200,128.0,3.5,SAS 12.0 Gb/s
Mushkin Vortex-LX,899.8,512.0,0.088,SSD,,M.2-2280,M.2 PCIe 4.0 X4
KingSpec XG7000,899.8,512.0,0.088,SSD,,M.2-2242,M.2 PCIe 4.0 X4
Toshiba MG03ACA,,2000.0,,7200,64.0,3.5,SATA 6.0 Gb/s
Transcend TS32GMSA370,,32.0,,SSD,,mSATA,mSATA
Transcend TS128GSSD370S,679.0,128.0,0.265,SSD,,2.5,SATA 6.0 Gb/s
Seagate FireCuda 540 w/Heatsink,,2000.0,,SSD,,M.2-2280,M.2 PCIe 5.0 X4
Integral ADVANTAGE PRO-1 w/ Heatsink,,1000.0,,SSD,,M.2-2280,M.2 PCIe 4.0 X4
Western Digital Black,1080.0,320.0,0.169,7200,16.0,2.5,SATA 6.0 Gb/s
Intel DC P3600,3180.0,800.0,0.199,SSD,,2.5,U.2
Western Digital WD Red Pro,5929.8,6000.0,0.049,7200,128.0,3.5,SATA 6.0 Gb/s
Transcend TS480GSSD220S,921.2,480.0,0.096,SSD,,2.5,SATA 6.0 Gb/s
Intel Pro 6000p,1780.0,128.0,0.695,SSD,,M.2-2280,M.2 PCIe 3.0 X4
Seagate Enterprise Performance,4549.0,600.0,0.379,15000,256.0,2.5,SAS 12.0 Gb/s
Kingston DC1500M,,7680.0,,SSD,,2.5,U.2
Sabrent Rocket 4.0,1299.6,512.0,0.127,SSD,,M.2-2230,M.2 PCIe 4.0 X4
Nextorage NN5PRO,4799.8,1000.0,0.24,SSD,2048.0,M.2-2280,M.2 PCIe 4.0 X8
Seagate Barracuda ES.2,,1000.0,,7200,32.0,3.5,SATA 3.0 Gb/s
Seagate Momentus,699.8,500.0,0.07,5400,8.0,2.5,SATA 3.0 Gb/s
Intel 520,1709.8,60.0,1.425,SSD,,2.5,SATA 6.0 Gb/s
Western Digital Green,1600.0,1000.0,0.08,5400,64.0,3.5,SATA 3.0 Gb/s
Crucial M550,3555.4,128.0,1.389,SSD,,M.2-2280,M.2 SATA
Seagate ST4000VX000,3159.8,4000.0,0.039,5900,64.0,3.5,SATA 6.0 Gb/s
OCZ RevoDrive 350,,480.0,,SSD,,PCIe,PCIe x8
Hitachi Travelstar Z5K500,,500.0,,5400,8.0,2.5,SATA 6.0 Gb/s
Intel DC P3700,19939.8,800.0,1.246,SSD,,PCIe,PCIe x4
Plextor M6e Black Edition,,512.0,,SSD,256.0,PCIe,PCIe x2
Seagate BarraCuda,2092.8,500.0,0.209,7200,16.0,3.5,PATA 100
Western Digital Purple,5380.0,10000.0,0.027,5400,256.0,3.5,SATA 6.0 Gb/s
Western Digital WD Red Pro,4779.8,6000.0,0.04,7200,256.0,3.5,SATA 6.0 Gb/s
Seagate Enterprise Performance,3340.0,1800.0,0.093,10000,256.0,3.5,SAS 12.0 Gb/s
Seagate Enterprise Performance,5156.39,2400.0,0.107,10000,256.0,2.5,SAS 12.0 Gb/s
Plextor M8VC,2019.8,128.0,0.789,SSD,256.0,2.5,SATA 6.0 Gb/s
Patriot VPN100,,256.0,,SSD,512.0,M.2-2280,M.2 PCIe 3.0 X4
Intel DC P4510,8360.0,1000.0,0.418,SSD,,2.5,U.2
Hitachi Ultrastar He10,5859.8,8000.0,0.037,7200,256.0,3.5,SATA 6.0 Gb/s
Intel DC S4500,5469.0,1900.0,0.144,SSD,,2.5,SATA 6.0 Gb/s
Inland Platinum,479.79,256.0,0.094,SSD,,2.5,SATA 6.0 Gb/s
VisionTek DLX4 Pro,4460.8,2000.0,0.112,SSD,,M.2-2280,M.2 PCIe 4.0 X4
Addlink S95,,8000.0,,SSD,,M.2-2280,M.2 PCIe 4.0 X4
Transcend 830S,1103.8,512.0,0.108,SSD,,M.2-2280,M.2 SATA
AGI AI198,,1000.0,,SSD,,M.2-2280,M.2 PCIe 3.0 X4
Integral MO-300,,1024.0,,SSD,,mSATA,mSATA
Integral INSSD1TM242,,1024.0,,SSD,,M.2-2242,M.2 SATA
Integral INSSD512GM2242G3,,512.0,,SSD,,M.2-2242,M.2 PCIe 3.0 X4
Western Digital VelociRaptor,,450.0,,10000,32.0,2.5,SATA 6.0 Gb/s
Western Digital VelociRaptor,,150.0,,10000,16.0,2.5,SATA 3.0 Gb/s
Western Digital RE3,,750.0,,7200,32.0,3.5,SATA 3.0 Gb/s
Western Digital Caviar Blue,,640.0,,7200,32.0,3.5,SATA 6.0 Gb/s
Western Digital Caviar Blue,,320.0,,7200,16.0,3.5,SATA 3.0 Gb/s
Western Digital Caviar Blue,1000.0,320.0,0.156,7200,8.0,3.5,SATA 3.0 Gb/s
Western Digital Caviar Green,,1500.0,,5400,32.0,3.5,SATA 3.0 Gb/s
Western Digital Caviar Green,880.0,500.0,0.088,5400,16.0,3.5,SATA 3.0 Gb/s
Western Digital Scorpio Black,799.0,160.0,0.25,7200,16.0,2.5,SATA 3.0 Gb/s
Western Digital AV-GP,,500.0,,5400,8.0,3.5,SATA 3.0 Gb/s
Hitachi 7K1000.C,,160.0,,7200,8.0,3.5,SATA 3.0 Gb/s
Hitachi 7K1000,,1000.0,,7200,32.0,3.5,SATA 3.0 Gb/s
Seagate BarraCuda,1499.6,500.0,0.15,7200,16.0,3.5,SATA 3.0 Gb/s
Samsung Spinpoint F3 EG,,2000.0,,5400,32.0,3.5,SATA 3.0 Gb/s
Samsung Spinpoint F3,,750.0,,7200,32.0,3.5,SATA 3.0 Gb/s
Samsung Spinpoint F1 DT,,160.0,,7200,8.0,3.5,SATA 3.0 Gb/s
Samsung Spinpoint F1 RAID,,1000.0,,7200,32.0,3.5,SATA 3.0 Gb/s
Samsung Spinpoint M7,,500.0,,5400,8.0,2.5,SATA 3.0 Gb/s
OCZ Vertex Limited,,200.0,,SSD,,2.5,SATA 3.0 Gb/s
OCZ Vertex 2,,120.0,,SSD,,2.5,SATA 3.0 Gb/s
OCZ Agility,,250.0,,SSD,,2.5,SATA 3.0 Gb/s
Western Digital Caviar Green,,2000.0,,5400,32.0,3.5,SATA 3.0 Gb/s
Western Digital Caviar Black,,1000.0,,7200,32.0,3.5,SATA 3.0 Gb/s
Kingston SSDNow V+,,128.0,,SSD,,2.5,SATA 3.0 Gb/s
Intel X25-V,1199.8,40.0,1.5,SSD,,2.5,SATA 3.0 Gb/s
Seagate Pipeline HD,,1000.0,,5900,8.0,3.5,SATA 3.0 Gb/s
Seagate BarraCuda,,750.0,,7200,32.0,3.5,SATA 6.0 Gb/s
Seagate Barracuda XT,,3000.0,,7200,64.0,3.5,SATA 6.0 Gb/s
OCZ Agility 3,,120.0,,SSD,,2.5,SATA 6.0 Gb/s
Samsung 470,,128.0,,SSD,,2.5,SATA 3.0 Gb/s
Kingston HyperX,,120.0,,SSD,,2.5,SATA 6.0 Gb/s
Corsair Performance Pro,,128.0,,SSD,256.0,2.5,SATA 6.0 Gb/s
Crucial M4,,256.0,,SSD,,2.5,SATA 6.0 Gb/s
Kingston SSDNow S50,,16.0,,SSD,,2.5,SATA 3.0 Gb/s
Intel 520,,120.0,,SSD,,2.5,SATA 6.0 Gb/s
Seagate BarraCuda,,3000.0,,7200,64.0,3.5,SATA 6.0 Gb/s
Samsung 830,,512.0,,SSD,,2.5,SATA 6.0 Gb/s
Seagate SV35.5,,1000.0,,7200,64.0,3.5,SATA 6.0 Gb/s
ADATA Premier Pro SP900,1589.0,64.0,1.241,SSD,,2.5,SATA 6.0 Gb/s
OCZ Agility 4,,512.0,,SSD,,2.5,SATA 6.0 Gb/s
Corsair Force GS,,240.0,,SSD,,2.5,SATA 6.0 Gb/s
Hitachi Travelstar 5K500.B,,500.0,,5400,8.0,2.5,SATA 3.0 Gb/s
Crucial V4,,128.0,,SSD,,2.5,SATA 3.0 Gb/s
Crucial V4,,32.0,,SSD,,2.5,SATA 3.0 Gb/s
OCZ RevoDrive,,110.0,,SSD,,PCIe,PCIe x4
OCZ Z-Drive R2 P84,,256.0,,SSD,,PCIe,PCIe x8
Intel 910,,400.0,,SSD,,PCIe,PCIe x8
Seagate Momentus XT,3750.0,500.0,0.375,7200,32.0,2.5,SATA 3.0 Gb/s
Western Digital VelociRaptor,,250.0,,10000,64.0,2.5,SATA 6.0 Gb/s
Toshiba Solid State Drive,,240.0,,SSD,,2.5,SATA 6.0 Gb/s
Western Digital VelociRaptor,,500.0,,10000,64.0,2.5,SATA 6.0 Gb/s
Mushkin Chronos,,240.0,,SSD,,2.5,SATA 6.0 Gb/s
Samsung Spinpoint M8,,500.0,,5400,8.0,2.5,SATA 3.0 Gb/s
Corsair Force GS,,128.0,,SSD,,2.5,SATA 6.0 Gb/s
Intel 335,,180.0,,SSD,,2.5,SATA 6.0 Gb/s
Crucial M4,4555.4,64.0,3.559,SSD,,mSATA,mSATA
Toshiba PH2050U-1I54,,500.0,,5400,8.0,2.5,SATA 6.0 Gb/s
Hitachi Travelstar,,1000.0,,7200,32.0,2.5,SATA 6.0 Gb/s
Seagate Barracuda ES,,750.0,,7200,16.0,3.5,SATA 3.0 Gb/s
Seagate Constellation ES.3,,3000.0,,7200,128.0,3.5,SATA 6.0 Gb/s
Lenovo 0A65633,,1000.0,,5400,8.0,2.5,SATA 3.0 Gb/s
Seagate ST4000VM000,,4000.0,,5900,64.0,3.5,SATA 6.0 Gb/s
Kingston SSDNow V+200,,120.0,,SSD,,2.5,SATA 6.0 Gb/s
Western Digital Black,995.0,500.0,0.099,7200,16.0,2.5,SATA 6.0 Gb/s
Samsung 840,,120.0,,SSD,,2.5,SATA 6.0 Gb/s
OCZ Vector 150,,120.0,,SSD,,2.5,SATA 6.0 Gb/s
Samsung 840 Evo,,250.0,,SSD,,2.5,SATA 6.0 Gb/s
SanDisk X110,,256.0,,SSD,,2.5,SATA 6.0 Gb/s
Intel 710,,300.0,,SSD,,2.5,SATA 3.0 Gb/s
Intel 530,6439.8,480.0,0.671,SSD,,2.5,SATA 6.0 Gb/s
PNY Optima,,240.0,,SSD,,2.5,SATA 6.0 Gb/s
Plextor M6e,,512.0,,SSD,,PCIe,PCIe x4
Transcend MTS400,,64.0,,SSD,,M.2-2242,M.2 SATA
SanDisk X300S,,128.0,,SSD,,2.5,SATA 6.0 Gb/s
Samsung 845DC EVO,,240.0,,SSD,,2.5,SATA 6.0 Gb/s
Transcend MTS800,,128.0,,SSD,,M.2-2280,M.2 SATA
ADATA SP900 M.2,,512.0,,SSD,,M.2-2280,M.2 SATA
Seagate Momentus SpinPoint,,2000.0,,5400,32.0,2.5,SATA 6.0 Gb/s
Western Digital Green,4772.79,6000.0,0.04,5400,64.0,3.5,SATA 6.0 Gb/s
Seagate STBD2000102,,2000.0,,5400,32.0,2.5,SATA 6.0 Gb/s
Western Digital Green,,5000.0,,5400,64.0,3.5,SATA 6.0 Gb/s
Seagate Enterprise NAS,,3000.0,,7200,128.0,3.5,SATA 6.0 Gb/s
Seagate Surveillance HDD,,5000.0,,5400,128.0,3.5,SATA 6.0 Gb/s
VisionTek Go Drive,1999.8,1000.0,0.1,SSD,,2.5,SATA 6.0 Gb/s
Seagate Momentus,,500.0,,7200,16.0,2.5,SATA 3.0 Gb/s
Western Digital Black,,250.0,,7200,32.0,2.5,SATA 6.0 Gb/s
Dell F617N,,300.0,,15000,16.0,3.5,SAS 6.0 Gb/s
Transcend TS256GMSA370,,256.0,,SSD,,mSATA,mSATA
Intel DC S3710,12940.0,1200.0,0.539,SSD,,2.5,SATA 6.0 Gb/s
SanDisk SSD PLUS,,120.0,,SSD,,2.5,SATA 6.0 Gb/s
Seagate Archive HDD v2,,5000.0,,5900,128.0,3.5,SATA 6.0 Gb/s
Kingston Predator,,240.0,,SSD,,PCIe,PCIe x4
Seagate ST3160023AS,,160.0,,7200,8.0,3.5,SATA 1.5 Gb/s
Intel 535,2673.6,180.0,0.743,SSD,,2.5,SATA 6.0 Gb/s
Mushkin Reactor,,512.0,,SSD,,2.5,SATA 6.0 Gb/s
Western Digital Blue,2998.8,500.0,0.3,7200,8.0,3.5,SATA 3.0 Gb/s
Western Digital Ae,,6000.0,,5760,64.0,3.5,SATA 6.0 Gb/s
PNY CS1211,,240.0,,SSD,,2.5,SATA 6.0 Gb/s
Western Digital Blue,,5000.0,,5400,64.0,3.5,SATA 6.0 Gb/s
Corsair Force LE,,960.0,,SSD,,2.5,SATA 6.0 Gb/s
PNY CS1311,,960.0,,SSD,,2.5,SATA 6.0 Gb/s
OCZ TRION 150,,120.0,,SSD,,2.5,SATA 6.0 Gb/s
OCZ TRION 150,,960.0,,SSD,,2.5,SATA 6.0 Gb/s
Western Digital Gold,5490.0,6000.0,0.046,7200,128.0,3.5,SATA 6.0 Gb/s
Western Digital Gold,7889.0,8000.0,0.049,7200,128.0,3.5,SATA 6.0 Gb/s
OCZ RD400,,512.0,,SSD,,M.2-2280,M.2 PCIe 3.0 X4
Kingston SSDNow KC400,,128.0,,SSD,,2.5,SATA 6.0 Gb/s
Kingston SSDNow KC400,,512.0,,SSD,,2.5,SATA 6.0 Gb/s
Intel DC P3600,19920.0,1600.0,0.623,SSD,,PCIe,PCIe x4
Intel Pro 5400s,12242.0,1000.0,0.612,SSD,,2.5,SATA 6.0 Gb/s
Western Digital WD Red Pro,,8000.0,,7200,128.0,3.5,SATA 6.0 Gb/s
ADATA XPG SX8000,,256.0,,SSD,,M.2-2280,M.2 PCIe 3.0 X4
ADATA XPG SX8000,,512.0,,SSD,,M.2-2280,M.2 PCIe 3.0 X4
SanDisk Z410,969.0,120.0,,SSD,,2.5,SATA 6.0 Gb/s
Seagate BarraCuda Pro,,5000.0,,7200,128.0,3.5,SATA 6.0 Gb/s
ADATA SU800,,128.0,,SSD,,M.2-2280,M.2 SATA
Intel Pro 6000p,,1000.0,,SSD,,M.2-2280,M.2 PCIe 3.0 X4
Intel Pro 6000p,,256.0,,SSD,,M.2-2280,M.2 PCIe 3.0 X4
PNY CS2030,,240.0,,SSD,,M.2-2280,M.2 PCIe 3.0 X4
Toshiba MQ02ABD100H,,1000.0,,,64.0,2.5,SATA 6.0 Gb/s
ADATA XPG SX7000,,128.0,,SSD,,M.2-2280,M.2 PCIe 3.0 X4
Kingston KC1000,,240.0,,SSD,,M.2-2280,M.2 PCIe 3.0 X4
XPG GAMMIX S10,,256.0,,SSD,,M.2-2280,M.2 PCIe 3.0 X4
XPG GAMMIX S10,,128.0,,SSD,,M.2-2280,M.2 PCIe 3.0 X4
HP 2DP97AA#ABC,,120.0,,SSD,,2.5,SATA 6.0 Gb/s
Plextor M9Pe,8978.2,512.0,0.877,SSD,,M.2-2280,M.2 PCIe 3.0 X4
Plextor M9Pe,,256.0,,SSD,,M.2-2280,M.2 PCIe 3.0 X4
Kingston UV500B,,480.0,,SSD,,M.2-2280,M.2 SATA
TEAMGROUP T-Force Delta RGB,,500.0,,SSD,,2.5,SATA 6.0 Gb/s
Toshiba P300,,3000.0,,7200,64.0,3.5,SATA 6.0 Gb/s
Toshiba P300,,500.0,,7200,64.0,3.5,SATA 6.0 Gb/s
TEAMGROUP L5 LITE,,480.0,,SSD,,2.5,SATA 6.0 Gb/s
Toshiba RC100,,240.0,,SSD,,M.2-2242,M.2 PCIe 3.0 X2
Drevo X1 Pro,,512.0,,SSD,,2.5,SATA 6.0 Gb/s
Seagate Barracuda Compute,,500.0,,SSD,,2.5,SATA 6.0 Gb/s
ADATA XPG SX850,,128.0,,SSD,,2.5,SATA 6.0 Gb/s
ADATA XPG SX850,,256.0,,SSD,,2.5,SATA 6.0 Gb/s
TEAMGROUP MS30,,128.0,,SSD,,M.2-2242,M.2 SATA
Inland Professional,,256.0,,SSD,,M.2-2280,M.2 PCIe 3.0 X2
ADATA SU800,,1000.0,,SSD,,M.2-2280,M.2 SATA
Lexar NM500,,512.0,,SSD,,M.2-2280,M.2 PCIe 3.0 X2
Lexar NM600,,240.0,,SSD,,M.2-2280,M.2 PCIe 3.0 X4
Lexar NS200,1199.8,240.0,0.25,SSD,,2.5,SATA 6.0 Gb/s
Kingston KC2000,,500.0,,SSD,,M.2-2280,M.2 PCIe 3.0 X4
Toshiba S300,2259.79,4000.0,0.028,5400,128.0,3.5,SATA 6.0 Gb/s
Micron 2200,,1000.0,,SSD,,M.2-2280,M.2 PCIe 3.0 X4
Seagate Barracuda Compute,,1000.0,,SSD,,2.5,SATA 6.0 Gb/s
Pioneer APS-SE20G,,2000.0,,SSD,,M.2-2280,M.2 PCIe 3.0 X4
HP Z Turbo Drive PCIe,,512.0,,SSD,,M.2-2280,M.2 PCIe 3.0 X4
SanDisk X600,,128.0,,SSD,,2.5,SATA 6.0 Gb/s
Kingston SSDNOW DC500M,4580.0,960.0,0.239,SSD,,2.5,SATA 6.0 Gb/s
Intel 545s,,256.0,,SSD,,2.5,SATA 6.0 Gb/s
Intel D3-S4510,,240.0,,SSD,,2.5,SATA 6.0 Gb/s
ADATA XPG SX8800 Pro,,1000.0,,SSD,,M.2-2280,M.2 PCIe 3.0 X4
Pioneer APS-SE20G-256,984.8,256.0,0.192,SSD,,M.2-2280,M.2 PCIe 3.0 X4
Kingston KC600B,,256.0,,SSD,,2.5,SATA 6.0 Gb/s
Seagate IronWolf 510,,480.0,,SSD,,M.2-2280,M.2 PCIe 3.0 X4
Transcend TS8GPSD520,,8.0,,SSD,,2.5,PATA 44-Pin 100
Addlink X70,,2000.0,,SSD,,M.2-2280,M.2 PCIe 3.0 X4
TEAMGROUP T-Force Cardea Zero Z340,,256.0,,SSD,,M.2-2280,M.2 PCIe 3.0 X4
Biostar M500,,128.0,,SSD,,M.2-2280,M.2 PCIe 3.0 X2
Biostar M500,,1000.0,,SSD,,M.2-2280,M.2 PCIe 3.0 X2
Seagate BarraCuda Q1,,240.0,,SSD,,2.5,SATA 6.0 Gb/s
Apacer AST280,,480.0,,SSD,,M.2-2280,M.2 SATA
Apacer AS350 PANTHER,,480.0,,SSD,,2.5,SATA 6.0 Gb/s
Acer SA100,,480.0,,SSD,,2.5,SATA 6.0 Gb/s
ADATA XPG GAMMIX S41,,256.0,,SSD,,M.2-2280,M.2 PCIe 3.0 X4
Toshiba X300,,14000.0,,7200,512.0,3.5,SATA 6.0 Gb/s
Corsair CSSD-F4000GBMP600PHX,7599.8,4000.0,0.095,SSD,,M.2-2280,M.2 PCIe 4.0 X4
Addlink A95,1868.8,1000.0,0.093,SSD,,M.2-2280,M.2 PCIe 4.0 X4
Seagate IronWolf 125,,250.0,,SSD,,2.5,SATA 6.0 Gb/s
Seagate IronWolf 525,,2000.0,,SSD,,M.2-2280,M.2 PCIe 4.0 X4
Seagate IronWolf Pro 125,,3840.0,,SSD,,2.5,SATA 6.0 Gb/s
Patriot P200,,2000.0,,SSD,,2.5,SATA 6.0 Gb/s
TEAMGROUP T-Force Cardea A440 Pro,,2000.0,,SSD,,M.2-2280,M.2 PCIe 4.0 X4
Western Digital Ultrastar DC HC550,,18000.0,,7200,512.0,3.5,SATA 6.0 Gb/s
ADATA LEGEND 840,,512.0,,SSD,,M.2-2280,M.2 PCIe 4.0 X4
Leven JS600,,2000.0,,SSD,,2.5,SATA 6.0 Gb/s
TEAMGROUP T-Force Vulcan G,,2000.0,,SSD,,2.5,SATA 6.0 Gb/s
TEAMGROUP T-Force Delta TUF Gaming Alliance RGB,,1000.0,,SSD,,2.5,SATA 6.0 Gb/s
Inland Premium,,4000.0,,SSD,,M.2-2280,M.2 PCIe 3.0 X4
Toshiba N300 Pro,,10000.0,,7200,512.0,3.5,SATA 6.0 Gb/s
HP S700 Pro,2430.6,512.0,0.237,SSD,,2.5,SATA 6.0 Gb/s
Timetec 35TTM8SSATA,,256.0,,SSD,,M.2-2280,M.2 SATA
Seagate Exos 7E8,1980.0,1000.0,0.099,7200,256.0,3.5,SATA 6.0 Gb/s
Toshiba X300,,4000.0,,7200,256.0,3.5,SATA 6.0 Gb/s
Toshiba L200,,1000.0,,5400,8.0,2.5,SATA 3.0 Gb/s
Seagate BarraCuda 120,,500.0,,SSD,,2.5,SATA 6.0 Gb/s
MSI SPATIUM M480 HS,,1000.0,,SSD,1024.0,M.2-2280,M.2 PCIe 4.0 X4
MSI SPATIUM M480 PLAY,,2000.0,,SSD,2048.0,M.2-2280,M.2 PCIe 4.0 X4
Fastro MS150,,512.0,,SSD,,M.2-2280,M.2 PCIe 3.0 X4
Fastro MS200,,2000.0,,SSD,,M.2-2280,M.2 PCIe 3.0 X4
Mushkin Source HC,,8000.0,,SSD,,2.5,SATA 6.0 Gb/s
Seagate Beskar Ingot Drive Special Edition FireCuda,,2000.0,,SSD,,2.5,SATA 6.0 Gb/s
Western Digital SN530,,1024.0,,SSD,,M.2-2230,M.2 PCIe 3.0 X4
MSI SPATIUM M460,,250.0,,SSD,,M.2-2280,M.2 PCIe 4.0 X4
Fantom Drives VENOM8,,2000.0,,SSD,,M.2-2280,M.2 PCIe 4.0 X4
Leven JPS600,,1000.0,,SSD,,M.2-2280,M.2 PCIe 3.0 X4
Gigabyte AORUS Gen5 10000,,1000.0,,SSD,2048.0,M.2-2280,M.2 PCIe 5.0 X4
Mushkin ELEMENT,,512.0,,SSD,,2.5,SATA 6.0 Gb/s
Seagate Lightsaber Collection FireCuda,,2000.0,,SSD,,M.2-2280,M.2 PCIe 4.0 X4
Leven JP600,,2000.0,,SSD,,M.2-2280,M.2 PCIe 3.0 X4
Leven JP600,,4000.0,,SSD,,M.2-2280,M.2 PCIe 3.0 X4
Netac NV7000-t,,512.0,,SSD,,M.2-2280,M.2 PCIe 4.0 X4
Western Digital PC SN740 Opal,,256.0,,SSD,,M.2-2280,M.2 PCIe 4.0 X4
Western Digital PC SN740 Pyrite,,1000.0,,SSD,,M.2-2230,M.2 PCIe 4.0 X4
Oyen Digital E13S-2242-2048PH,3780.0,2000.0,0.094,SSD,,M.2-2242,M.2 PCIe 3.0 X4
Seagate FireCuda 520 Rev 2.0,,500.0,,SSD,,M.2-2280,M.2 PCIe 4.0 X4
KingSpec VP101,,2000.0,,SSD,,M.2-2280,M.2 PCIe 5.0 X4
Addlink S90 Lite,,4000.0,,SSD,,M.2-2280,M.2 PCIe 4.0 X4
NEMIX RAM NEMESIS,,1000.0,,SSD,,M.2-2280,M.2 PCIe 4.0 X4
Transcend MTE245S,,250.0,,SSD,,M.2-2280,M.2 PCIe 4.0 X4
Transcend 830S,735.2,256.0,0.144,SSD,,M.2-2280,M.2 SATA
PNY CS3150,,2000.0,,SSD,,M.2-2280,M.2 PCIe 5.0 X4
ADATA Ultimate SU650,,480.0,,SSD,,M.2-2280,M.2 SATA
ADATA LEGEND 700,,2000.0,,SSD,,M.2-2280,M.2 PCIe 3.0 X4
VisionTek 901414,,8000.0,,SSD,,2.5,SATA 6.0 Gb/s
Lenovo S4520,,1920.0,,SSD,,3.5,SATA 6.0 Gb/s
AGI AI198,,256.0,,SSD,,M.2-2280,M.2 PCIe 3.0 X4
Seagate BarraCuda 530,,1024.0,,SSD,,M.2-2280,M.2 PCIe 4.0 X4
Apacer AS2280P4U Pro,,512.0,,SSD,,M.2-2280,M.2 PCIe 3.0 X4
XOC G300,,256.0,,SSD,,M.2-2280,M.2 PCIe 3.0 X4
XOC SP900,,2000.0,,SSD,,M.2-2280,M.2 PCIe 4.0 X4
Lexar PLAY,5189.8,4000.0,0.065,SSD,,M.2-2280,M.2 PCIe 4.0 X4
OWC Aura Pro IV,,4000.0,,SSD,,M.2-2242,M.2 PCIe 4.0 X4
Integral INSSD256GM2242G3,,256.0,,SSD,,M.2-2242,M.2 PCIe 3.0 X4
Orico e7400,,512.0,,SSD,,M.2-2280,M.2 PCIe 4.0 X4
Nextorage NEM-PAB,5999.8,4000.0,0.075,SSD,,M.2-2280,M.2 PCIe 4.0 X4
ADATA XPG MARS 980 STORM,,4000.0,,SSD,,M.2-2280,M.2 PCIe 5.0 X4
Corsair MP600 CORE MINI,3399.8,2000.0,0.085,SSD,,M.2-2230,M.2 PCIe 4.0 X4
Micron 2400,2958.8,2000.0,0.074,SSD,,M.2-2230,M.2 PCIe 4.0 X4
Western Digital WD Red Pro,4319.8,4000.0,0.054,7200,64.0,3.5,SATA 6.0 Gb/s
Silicon Power A58,,256.0,,SSD,,2.5,SATA 6.0 Gb/s
Titanium Micro PD560,699.8,500.0,0.07,SSD,,2.5,SATA 6.0 Gb/s
Integral ADVANTAGE PRO-2,,1000.0,,SSD,,M.2-2280,M.2 PCIe 4.0 X4
Seagate Exos 7E10 512n,4946.8,6000.0,0.041,7200,256.0,3.5,SATA 6.0 Gb/s
Intel D3-S4520,10880.0,3840.0,0.142,SSD,,2.5,SATA 6.0 Gb/s
VisionTek DLX4,3799.6,2000.0,0.095,SSD,,M.2-2242,M.2 PCIe 4.0 X4
Timetec 35TTQNM2SATA,2079.79,2000.0,0.052,SSD,,M.2-2280,M.2 SATA
Transcend MTE255S,1558.0,1000.0,0.078,SSD,,M.2-2280,M.2 PCIe 4.0 X4
Hitachi HUC101212CSS600,1180.0,1200.0,0.049,10000,64.0,2.5,SAS 6.0 Gb/s
Inland Performance,4891.0,2000.0,0.122,SSD,,M.2-2280,M.2 PCIe 4.0 X4
Seagate Exos 7E8,2539.4,2000.0,0.063,7200,256.0,3.5,SATA 6.0 Gb/s
Western Digital Red SA500,1459.6,500.0,0.146,SSD,,M.2-2280,M.2 SATA
Seagate Exos 7E10 512e/4Kn,1900.0,2000.0,0.048,7200,256.0,3.5,SATA 6.0 Gb/s
Lenovo ThinkPad OPAL,3420.0,512.0,0.334,SSD,,M.2-2242,M.2 PCIe 4.0 X4
Intel X25-E,,64.0,,SSD,,2.5,SATA 3.0 Gb/s
Seagate Momentus LP,999.59,1000.0,0.05,5400,8.0,2.5,SATA 3.0 Gb/s
SanDisk Solid State Drive,,64.0,,SSD,,2.5,SATA 6.0 Gb/s
Hitachi Ultrastar C10K900,,600.0,,10000,64.0,2.5,SATA 6.0 Gb/s
Crucial M500,4155.4,240.0,0.866,SSD,,mSATA,mSATA
Hitachi Ultrastar 7K4000,,3000.0,,7200,64.0,3.5,SATA 6.0 Gb/s
Intel DC P3700,6960.0,800.0,0.435,SSD,,2.5,U.2
Intel DC S3610,7540.0,800.0,0.471,SSD,,2.5,SATA 6.0 Gb/s
Kingston SSDNow KC400,2476.0,256.0,0.484,SSD,,2.5,SATA 6.0 Gb/s
Seagate 1200.2,,3200.0,,SSD,,2.5,SAS 12.0 Gb/s
Seagate IronWolf NAS,,240.0,,SSD,,2.5,SATA 6.0 Gb/s
Seagate SkyHawk AI,5399.8,12000.0,0.022,7200,256.0,3.5,SATA 6.0 Gb/s
Intel DC P4500,,2000.0,,SSD,,2.5,SATA 6.0 Gb/s
Centon MP Essential,1399.6,960.0,0.073,SSD,,2.5,SATA 6.0 Gb/s
Toshiba N300,4199.8,4000.0,0.052,7200,256.0,3.5,SATA 6.0 Gb/s
PNY XLR8 CS3140 w/Heatsink,,4000.0,,SSD,,M.2-2280,M.2 PCIe 4.0 X4
Patriot Viper VPR400 RGB,,512.0,,SSD,,M.2-2280,M.2 PCIe 4.0 X4
Toshiba N300,,12000.0,,7200,,3.5,SATA 6.0 Gb/s
Toshiba S300 Pro,5595.0,8000.0,0.035,7200,256.0,3.5,SATA 6.0 Gb/s
Toshiba S300 Pro,,10000.0,,7200,256.0,3.5,SATA 6.0 Gb/s
Gigabyte AORUS Gen4 7000s Premium,,1000.0,,SSD,1024.0,M.2-2280,M.2 PCIe 4.0 X4
Intel D3-S4610,6155.0,1920.0,0.16,SSD,,2.5,SATA 6.0 Gb/s
Seagate Game Drive,8400.0,2000.0,0.21,SSD,,M.2-2280,M.2 PCIe 4.0 X4
Titanium Micro TH7175,1879.8,1000.0,0.094,SSD,,M.2-2280,M.2 PCIe 4.0 X4
Seagate FireCuda 520N,2155.2,1000.0,0.108,SSD,,M.2-2230,M.2 PCIe 4.0 X4
PNY CS3150,3399.8,1000.0,0.17,SSD,,M.2-2280,M.2 PCIe 5.0 X4
ADATA XPG GAMMIX S55,,512.0,,SSD,,M.2-2230,M.2 PCIe 4.0 X4
OWC Aura Pro IV,3599.8,2000.0,0.09,SSD,,M.2-2280,M.2 PCIe 4.0 X4
Integral 2020,,128.0,,SSD,,M.2-2280,M.2 SATA
Integral INSSD1TM2230G3,,1000.0,,SSD,,M.2-2230,M.2 PCIe 3.0 X4
Western Digital RE4-GP,,2000.0,,5900,64.0,3.5,SATA 3.0 Gb/s
Western Digital RE3,1014.0,500.0,0.101,7200,16.0,3.5,SATA 3.0 Gb/s
Western Digital RE2,,500.0,,7200,16.0,3.5,SATA 3.0 Gb/s
Western Digital RE2-GP,,500.0,,7200,16.0,3.5,SATA 3.0 Gb/s
Western Digital Caviar Black,,640.0,,7200,32.0,3.5,SATA 3.0 Gb/s
Western Digital Caviar Blue,,500.0,,7200,32.0,3.5,SATA 6.0 Gb/s
Western Digital Scorpio Blue,,320.0,,5400,8.0,2.5,SATA 3.0 Gb/s
Western Digital AV-GP,,640.0,,5400,8.0,3.5,SATA 3.0 Gb/s
Western Digital AV-GP,877.4,250.0,,5400,8.0,3.5,SATA 3.0 Gb/s
Hitachi A7K1000-500,,500.0,,7200,32.0,3.5,SATA 3.0 Gb/s
Hitachi A7K1000-750,,750.0,,7200,32.0,3.5,SATA 3.0 Gb/s
Hitachi 7K1000.C,,640.0,,7200,32.0,3.5,SATA 3.0 Gb/s
Hitachi 7K1000.B,,500.0,,7200,16.0,3.5,SATA 3.0 Gb/s
Samsung Spinpoint F3 EG,,1500.0,,5400,32.0,3.5,SATA 3.0 Gb/s
Samsung Spinpoint F3 EG,,1000.0,,5400,32.0,3.5,SATA 3.0 Gb/s
Samsung Spinpoint F3,,160.0,,7200,16.0,3.5,SATA 3.0 Gb/s
Samsung Spinpoint F1 EG,,1000.0,,5400,32.0,3.5,SATA 3.0 Gb/s
Samsung Spinpoint MP4,629.79,250.0,0.126,7200,16.0,2.5,SATA 3.0 Gb/s
Samsung Spinpoint M7,,320.0,,5400,8.0,2.5,SATA 3.0 Gb/s
Samsung Spinpoint M7E,,640.0,,5400,8.0,2.5,SATA 3.0 Gb/s
OCZ Vertex 2 Pro,,400.0,,SSD,,2.5,SATA 3.0 Gb/s
OCZ Vertex 2,,100.0,,SSD,,2.5,SATA 3.0 Gb/s
OCZ Agility,,30.0,,SSD,,2.5,SATA 3.0 Gb/s
Seagate Momentus,5400.0,640.0,0.422,5400,8.0,2.5,SATA 3.0 Gb/s
Seagate Momentu,839.8,500.0,0.084,7200,16.0,2.5,SATA 3.0 Gb/s
Seagate BarraCuda,,160.0,,7200,2.0,3.5,PATA 100
Seagate Pipeline HD,,160.0,,5900,8.0,3.5,SATA 3.0 Gb/s
Crucial RealSSD C300,,128.0,,SSD,,2.5,SATA 6.0 Gb/s
Crucial RealSSD C300,,256.0,,SSD,,2.5,SATA 6.0 Gb/s
Corsair Nova,,32.0,,SSD,,2.5,SATA 3.0 Gb/s
Hitachi 7K1000.C,,1000.0,,7200,32.0,3.5,SATA 3.0 Gb/s
Hitachi 7K1000.C,,250.0,,7200,8.0,3.5,SATA 3.0 Gb/s
Seagate Barracuda Green,4900.0,1500.0,0.163,5900,64.0,3.5,SATA 6.0 Gb/s
Western Digital Caviar Black,,1500.0,,7200,64.0,3.5,SATA 6.0 Gb/s
Hitachi Deskstar 5K1000,,500.0,,5400,8.0,3.5,SATA 3.0 Gb/s
Hitachi Deskstar 5K1000,,1000.0,,5400,8.0,3.5,SATA 3.0 Gb/s
Intel 320,,80.0,,SSD,,2.5,SATA 3.0 Gb/s
Mushkin Callisto DX2,,115.0,,SSD,,2.5,SATA 3.0 Gb/s
Crucial M4,,64.0,,SSD,,2.5,SATA 6.0 Gb/s
Patriot Torqx 2,,256.0,,SSD,,2.5,SATA 3.0 Gb/s
Patriot Torqx 2,,64.0,,SSD,,2.5,SATA 3.0 Gb/s
Hitachi Travelstar 5K500.B,1254.0,160.0,,5400,8.0,2.5,SATA 3.0 Gb/s
Hitachi Travelstar 7K500,1620.6,320.0,0.253,7200,16.0,2.5,SATA 3.0 Gb/s
Western Digital Scorpio Black,1600.0,500.0,0.16,7200,16.0,2.5,SATA 3.0 Gb/s
Seagate Constellation.2,980.0,250.0,0.196,7200,64.0,2.5,SATA 6.0 Gb/s
Intel 320,,80.0,,SSD,,2.5,SATA 3.0 Gb/s
Intel 320,,160.0,,SSD,,2.5,SATA 3.0 Gb/s
Toshiba MK5056GSY,,500.0,,7200,16.0,2.5,SATA 3.0 Gb/s
Western Digital Scorpio Blue,,250.0,,5400,8.0,2.5,SATA 1.5 Gb/s
Seagate BarraCuda,,250.0,,7200,16.0,3.5,SATA 6.0 Gb/s
SanDisk Ultra,,120.0,,SSD,,2.5,SATA 3.0 Gb/s
Western Digital VelociRaptor,,300.0,,10000,32.0,3.5,SATA 6.0 Gb/s
Seagate Constellation ES,,500.0,,7200,64.0,3.5,SATA 6.0 Gb/s
Hitachi Travelstar 5K500.B,,320.0,,5400,8.0,2.5,SATA 3.0 Gb/s
Western Digital Caviar Green,,750.0,,5400,64.0,3.5,SATA 6.0 Gb/s
Hitachi Travelstar Z5K320,,250.0,,5400,8.0,2.5,SATA 3.0 Gb/s
Corsair Force GT,,240.0,,SSD,,2.5,SATA 6.0 Gb/s
Corsair Force GT,,90.0,,SSD,,2.5,SATA 6.0 Gb/s
Kingston SSDNow V100,,32.0,,SSD,,2.5,SATA 3.0 Gb/s
Western Digital VelociRaptor,,150.0,,10000,32.0,2.5,SATA 3.0 Gb/s
Hitachi 0J11562,,640.0,,5400,8.0,2.5,SATA 3.0 Gb/s
Samsung 830,,128.0,,SSD,,2.5,SATA 6.0 Gb/s
Kingston SSDNow V200,,256.0,,SSD,,2.5,SATA 6.0 Gb/s
Samsung 830,,512.0,,SSD,,2.5,SATA 6.0 Gb/s
Seagate Barracuda 7200.11,,320.0,,7200,16.0,3.5,SATA 3.0 Gb/s
Western Digital Caviar Green,2998.8,3000.0,0.05,5400,64.0,3.5,SATA 3.0 Gb/s
Crucial M4,,512.0,,SSD,,2.5,SATA 6.0 Gb/s
Intel 520,,60.0,,SSD,,2.5,SATA 6.0 Gb/s
Intel 520,,480.0,,SSD,,2.5,SATA 6.0 Gb/s
SanDisk Extreme,3199.8,120.0,1.333,SSD,,2.5,SATA 6.0 Gb/s
Western Digital VelociRaptor,,300.0,,10000,32.0,2.5,SATA 3.0 Gb/s
Seagate Momentus Thin,,250.0,,7200,16.0,2.5,SATA 3.0 Gb/s
Kingston HyperX,,480.0,,SSD,,2.5,SATA 6.0 Gb/s
Kingston HyperX 3K,3999.8,120.0,1.667,SSD,,2.5,SATA 6.0 Gb/s
OCZ Agility 3,,360.0,,SSD,,2.5,SATA 6.0 Gb/s
Kingston SSDNow V+200,,480.0,,SSD,,2.5,SATA 6.0 Gb/s
Kingston SSDNow V+200,,240.0,,SSD,,2.5,SATA 6.0 Gb/s
ADATA XPG SX900,,512.0,,SSD,,2.5,SATA 6.0 Gb/s
Toshiba MK2565GSX,,250.0,,5400,8.0,2.5,SATA 3.0 Gb/s
Transcend Transcend MLC,,128.0,,SSD,,2.5,SATA 1.5 Gb/s
Seagate Momentus Thin,,320.0,,7200,16.0,2.5,SATA 3.0 Gb/s
OCZ R4,,1200.0,,SSD,,PCIe,PCIe x8
OCZ RevoDrive,,50.0,,SSD,,PCIe,PCIe x4
OCZ Z-Drive R2 P88,,1000.0,,SSD,,PCIe,PCIe x8
OCZ RevoDrive X2,,220.0,,SSD,,PCIe,PCIe x4
Intel 910,,800.0,,SSD,,PCIe,PCIe x8
Plextor M5S,,256.0,,SSD,512.0,2.5,SATA 6.0 Gb/s
Transcend SSD320,,256.0,,SSD,,2.5,SATA 6.0 Gb/s
Samsung 840,,500.0,,SSD,,2.5,SATA 6.0 Gb/s
Kingston SSDNow KC100,,120.0,,SSD,,2.5,SATA 6.0 Gb/s
Kingston SSDNow KC100,,240.0,,SSD,,2.5,SATA 6.0 Gb/s
Kingston SSDNow KC100,5454.4,240.0,1.136,SSD,,2.5,SATA 6.0 Gb/s
Plextor M5P,,512.0,,SSD,768.0,2.5,SATA 6.0 Gb/s
OCZ Vector,,256.0,,SSD,,2.5,SATA 6.0 Gb/s
Samsung Spinpoint M8,,640.0,,5400,8.0,2.5,SATA 3.0 Gb/s
Corsair Neutron GTX,,240.0,,SSD,,2.5,SATA 6.0 Gb/s
Kingston SSDNow V300,,240.0,,SSD,,2.5,SATA 6.0 Gb/s
Seagate BarraCuda,1426.0,250.0,0.285,7200,16.0,3.5,SATA 3.0 Gb/s
Plextor M5M,,256.0,,SSD,512.0,mSATA,mSATA
Intel DC S3500,,300.0,,SSD,,2.5,SATA 6.0 Gb/s
Seagate Momentus XT,,500.0,,,32.0,2.5,SATA 6.0 Gb/s
Western Digital WD3001FAEX,,3000.0,,7200,64.0,3.5,SATA 6.0 Gb/s
Western Digital Green,,1500.0,,5400,64.0,2.5,SATA 3.0 Gb/s
Western Digital Blue,,320.0,,5400,8.0,2.5,SATA 6.0 Gb/s
Western Digital Blue,2586.39,750.0,0.172,5400,8.0,2.5,SATA 6.0 Gb/s
IBM 43X0839,,73.4,,15000,16.0,2.5,SAS 6.0 Gb/s
Toshiba HDKBB097,,750.0,,5400,8.0,2.5,SATA 6.0 Gb/s
Seagate ST3000VN000,,3000.0,,7200,64.0,3.5,SATA 6.0 Gb/s
Hitachi Deskstar 7K4000,,4000.0,,7200,64.0,3.5,SATA 6.0 Gb/s
Seagate 600,2211.6,120.0,,SSD,,2.5,SATA 6.0 Gb/s
Samsung 840 Evo,,250.0,,SSD,,2.5,SATA 6.0 Gb/s
Toshiba Solid State Drive,,128.0,,SSD,,2.5,SATA 6.0 Gb/s
Toshiba Solid State Drive,,256.0,,SSD,,2.5,SATA 6.0 Gb/s
Lenovo 0A89478,2852.0,3000.0,0.048,7200,32.0,3.5,SATA 6.0 Gb/s
Samsung 840 Pro,,512.0,,SSD,,2.5,SATA 6.0 Gb/s
Seagate ST3500320NS-IM,,500.0,,7200,32.0,3.5,SATA 6.0 Gb/s
Toshiba MG03ACA,,1000.0,,7200,64.0,3.5,SATA 6.0 Gb/s
Western Digital Black,,250.0,,7200,16.0,2.5,SATA 6.0 Gb/s
Intel 530,,120.0,,SSD,,2.5,SATA 6.0 Gb/s
Intel 530,,240.0,,SSD,,2.5,SATA 6.0 Gb/s
Seagate ST500LT032,1115.4,500.0,0.112,5400,16.0,2.5,SATA 6.0 Gb/s
SanDisk SD6SB2M-128G-1022I,,128.0,,SSD,,2.5,SATA 6.0 Gb/s
SanDisk X210,,250.0,,SSD,,2.5,SATA 6.0 Gb/s
VisionTek Data Fusion 2-way,,960.0,,SSD,,PCIe,PCIe x2
Hitachi Travelstar Z5K500,,500.0,,5400,8.0,2.5,SATA 3.0 Gb/s
IBM 43X0805,,300.0,,15000,16.0,3.5,SAS 3.0 Gb/s
Corsair Force LS,,240.0,,SSD,512.0,2.5,SATA 6.0 Gb/s
Kingston SSDNow V300,5599.8,480.0,0.583,SSD,,2.5,SATA 6.0 Gb/s
Toshiba Q Series Pro,,512.0,,SSD,,2.5,SATA 6.0 Gb/s
Transcend SSD340,,128.0,,SSD,,2.5,SATA 6.0 Gb/s
OCZ Z-Drive R4 CM84,,300.0,,SSD,,PCIe,PCIe x8
OCZ Z-Drive R4 CM84,,600.0,,SSD,,PCIe,PCIe x8
OCZ Z-Drive R4 CM88,,1600.0,,SSD,,PCIe,PCIe x8
Wintec Industrial Grade I-Temp,,16.0,,SSD,,2.5,SATA 3.0 Gb/s
Hitachi Deskstar NAS,,3000.0,,7200,64.0,3.5,SATA 6.0 Gb/s
OCZ Vertex 460,,480.0,,SSD,,2.5,SATA 6.0 Gb/s
VisionTek GoDrive,974.59,480.0,0.102,SSD,,2.5,SATA 6.0 Gb/s
Crucial M550,,1000.0,,SSD,,2.5,SATA 6.0 Gb/s
Intel 730,,480.0,,SSD,,2.5,SATA 6.0 Gb/s
Seagate Constellation ES.3,,1000.0,,7200,128.0,3.5,SATA 6.0 Gb/s
ADATA Premier Pro SP920,,256.0,,SSD,,2.5,SATA 6.0 Gb/s
Plextor M6e,,128.0,,SSD,,PCIe,PCIe x4
SanDisk Extreme II,,120.0,,SSD,,2.5,SATA 6.0 Gb/s
Corsair Force LX,,128.0,,SSD,,2.5,SATA 6.0 Gb/s
SanDisk EXTREME PRO,,240.0,,SSD,,2.5,SATA 6.0 Gb/s
Transcend SSD370,,256.0,,SSD,,2.5,SATA 6.0 Gb/s
Transcend MTS400,1826.6,128.0,0.714,SSD,,M.2-2242,M.2 SATA
Transcend MTS600,,128.0,,SSD,,M.2-2260,M.2 SATA
Transcend MTS600,,64.0,,SSD,,M.2-2260,M.2 SATA
SanDisk X300S,,512.0,,SSD,,2.5,SATA 6.0 Gb/s
Intel Pro 2500,,180.0,,SSD,,2.5,SATA 6.0 Gb/s
Intel 530,1470.0,80.0,0.919,SSD,,M.2-2280,M.2 SATA
ADATA SP900 M.2,,128.0,,SSD,,M.2-2280,M.2 SATA
Crucial M500,,240.0,,SSD,,M.2-2280,M.2 SATA
OCZ ARC 100,,120.0,,SSD,,2.5,SATA 6.0 Gb/s
Seagate ST320LM010,1579.6,320.0,0.247,7200,32.0,2.5,SATA 6.0 Gb/s
Seagate ST500LT033,,500.0,,5400,16.0,2.5,SATA 6.0 Gb/s
Intel Pro 2500,,480.0,,SSD,,2.5,SATA 6.0 Gb/s
Plextor M6 PRO,,256.0,,SSD,,2.5,SATA 6.0 Gb/s
Apotop MASS3C128GBR,,128.0,,SSD,,2.5,SATA 6.0 Gb/s
Apotop MASS3C256GBR,,256.0,,SSD,,2.5,SATA 6.0 Gb/s
Mushkin Chronos,,480.0,,SSD,,2.5,SATA 6.0 Gb/s
Silicon Power S60 3K P/E,1599.6,240.0,0.333,SSD,,2.5,SATA 6.0 Gb/s
Western Digital WDBH2D5000ENC-NRSN,700.0,500.0,0.07,7200,32.0,3.5,SATA 3.0 Gb/s
MyDigitalSSD Super Boot Drive,,16.0,,SSD,,M.2-2242,M.2 SATA
MyDigitalSSD Super Boot Drive,,128.0,,SSD,,M.2-2242,M.2 SATA
Crucial BX100,,120.0,,SSD,,2.5,SATA 6.0 Gb/s
Seagate Enterprise NAS,,5000.0,,7200,128.0,3.5,SATA 6.0 Gb/s
Seagate Surveillance HDD,,5000.0,,5400,128.0,3.5,SATA 6.0 Gb/s
Seagate ST6000NM0104,3700.0,6000.0,0.031,7200,128.0,3.5,SATA 6.0 Gb/s
Crucial MX200,,250.0,,SSD,,M.2-2260,M.2 SATA
Toshiba MD03ACA-V,,4000.0,,7200,64.0,3.5,SATA 6.0 Gb/s
Intel DC S3610,,200.0,,SSD,,2.5,SATA 6.0 Gb/s
Hitachi Ultrastar 7K6000,,6000.0,,7200,128.0,3.5,SATA 6.0 Gb/s
Samsung Data Center,,960.0,,SSD,,2.5,SATA 6.0 Gb/s
Mushkin ECO2,,120.0,,SSD,,2.5,SATA 6.0 Gb/s
ADATA Premier Pro SP920,,512.0,,SSD,,2.5,SATA 6.0 Gb/s
Micron M600,,512.0,,SSD,,2.5,SATA 6.0 Gb/s
OCZ Vector 180,,240.0,,SSD,,2.5,SATA 6.0 Gb/s
OCZ Vector 180,,480.0,,SSD,,2.5,SATA 6.0 Gb/s
Kingston Savage,,960.0,,SSD,,2.5,SATA 6.0 Gb/s
Kingston SHSS3B7A/120G Bundle,,120.0,,SSD,,2.5,SATA 6.0 Gb/s
Intel 535,,180.0,,SSD,,2.5,SATA 6.0 Gb/s
Kingston HyperX 3K,,240.0,,SSD,,2.5,SATA 6.0 Gb/s
Intel SSDSC2BB800G601,6983.8,800.0,0.436,SSD,,2.5,SATA 6.0 Gb/s
Intel 535,,120.0,,SSD,,M.2-2280,M.2 SATA
Intel SSDSCKJW180H601,,180.0,,SSD,,M.2-2280,M.2 SATA
Patriot Ignite,,240.0,,SSD,256.0,2.5,SATA 6.0 Gb/s
Patriot Ignite M2,,240.0,,SSD,256.0,M.2-2280,M.2 SATA
Patriot Ignite M2,,480.0,,SSD,512.0,M.2-2280,M.2 SATA
Hitachi Travelstar Z5K320,,250.0,,5400,8.0,2.5,SATA 3.0 Gb/s
ADATA XPG SX930,5068.2,120.0,2.112,SSD,,2.5,SATA 6.0 Gb/s
Patriot Blast,,960.0,,SSD,256.0,2.5,SATA 6.0 Gb/s
SanDisk Ultra II,,256.0,,SSD,,mSATA,mSATA
Transcend TS256GSSD370S,2213.19,256.0,0.432,SSD,,2.5,SATA 6.0 Gb/s
Transcend TS512GSSD370S,4262.2,512.0,0.416,SSD,,2.5,SATA 6.0 Gb/s
SanDisk Z400s,,256.0,,SSD,,2.5,SATA 6.0 Gb/s
Crucial BX200,,480.0,,SSD,,2.5,SATA 6.0 Gb/s
OCZ Trion 100,,240.0,,SSD,,2.5,SATA 6.0 Gb/s
Silicon Power S60,,60.0,,SSD,,2.5,SATA 6.0 Gb/s
OCZ Vector 180,,960.0,,SSD,,2.5,SATA 6.0 Gb/s
Kingston FURY,,480.0,,SSD,,2.5,SATA 6.0 Gb/s
Intel 540s,,480.0,,SSD,,2.5,SATA 6.0 Gb/s
Western Digital Purple,5779.4,8000.0,0.036,5400,128.0,3.5,SATA 6.0 Gb/s
Intel 540s,,480.0,,SSD,,2.5,SATA 6.0 Gb/s
OCZ RD400,,128.0,,SSD,,M.2-2280,M.2 PCIe 3.0 X4
OCZ RD400,,1000.0,,SSD,,M.2-2280,M.2 PCIe 3.0 X4
Samsung SM961,,128.0,,SSD,,M.2-2280,M.2 PCIe 3.0 X4
Plextor M8Pe,,256.0,,SSD,512.0,M.2-2280,M.2 PCIe 3.0 X4
Plextor M8Pe,,512.0,,SSD,512.0,M.2-2280,M.2 PCIe 3.0 X4
ADATA Premier SP550,,240.0,,SSD,,M.2-2280,M.2 SATA
Mushkin TRIACTOR,,250.0,,SSD,,2.5,SATA 6.0 Gb/s
Kingston Predator,,960.0,,SSD,,M.2-2280,M.2 PCIe 3.0 X4
OCZ RD400A,,1000.0,,SSD,,PCIe,PCIe x4
OCZ RD400A,,512.0,,SSD,,PCIe,PCIe x4
MyDigitalSSD BPX,,256.0,,SSD,,M.2-2280,M.2 PCIe 3.0 X4
ADATA XPG SX8000,,128.0,,SSD,,M.2-2280,M.2 PCIe 3.0 X4
Toshiba X300,,5000.0,,7200,128.0,3.5,SATA 6.0 Gb/s
ADATA SU900,,1000.0,,SSD,,2.5,SATA 6.0 Gb/s
Seagate BarraCuda,5096.2,1000.0,0.255,7200,32.0,3.5,SATA 6.0 Gb/s
Corsair Force LE,,120.0,,SSD,,2.5,SATA 6.0 Gb/s
Hyundai Technology Sapphire,,960.0,,SSD,,2.5,SATA 6.0 Gb/s
Seagate Barracuda ES,,250.0,,7200,16.0,3.5,SATA 6.0 Gb/s
Silicon Power SU256GBSS3A55S25AE,,256.0,,SSD,,2.5,SATA 6.0 Gb/s
Silicon Power Slim S55,,240.0,,SSD,,2.5,SATA 6.0 Gb/s
Addlink ad512GBS10S3,,512.0,,SSD,,2.5,SATA 6.0 Gb/s
Western Digital Purple,2800.0,6000.0,0.023,5400,64.0,3.5,SATA 6.0 Gb/s
ADATA Ultimate SU650,,240.0,,SSD,,2.5,SATA 6.0 Gb/s
Hitachi Ultrastar,,2000.0,,7200,128.0,3.5,SATA 6.0 Gb/s
Plextor M9Pe,8053.6,1000.0,0.403,SSD,,M.2-2280,M.2 PCIe 3.0 X4
Plextor M9Pe,,512.0,,SSD,,M.2-2280,M.2 PCIe 3.0 X4
KFA2 GAMER L,,240.0,,SSD,,2.5,SATA 6.0 Gb/s
Mushkin Source,,250.0,,SSD,,2.5,SATA 6.0 Gb/s
TEAMGROUP T-Force Delta RGB,,500.0,,SSD,,2.5,SATA 6.0 Gb/s
ADATA XPG GAMMIX S11,,480.0,,SSD,,M.2-2280,M.2 PCIe 3.0 X4
Corsair MP300,,960.0,,SSD,,M.2-2280,M.2 PCIe 3.0 X4
Intel Optane 905,,480.0,,SSD,,2.5,U.2
Kingston HyperX FURY RGB,,480.0,,SSD,,2.5,SATA 6.0 Gb/s
ADATA SU655,,960.0,,SSD,,2.5,SATA 6.0 Gb/s
Seagate EXOS Enterprise,,1000.0,,7200,128.0,2.5,SATA 6.0 Gb/s
Seagate IronWolf Pro,,6000.0,,7200,256.0,3.5,SATA 6.0 Gb/s
Seagate Enterprise Capacity,,2000.0,,7200,128.0,3.5,SATA 6.0 Gb/s
Seagate ST3250412CS,,250.0,,5900,16.0,3.5,SATA 3.0 Gb/s
Seagate Nytro Enterprise,,1920.0,,SSD,,2.5,SATA 6.0 Gb/s
Seagate Nytro Enterprise,,3840.0,,SSD,,2.5,SATA 6.0 Gb/s
Seagate Nytro Enterprise,25720.2,3200.0,0.402,SSD,,2.5,SAS 12.0 Gb/s
Patriot Scorch,,128.0,,SSD,,M.2-2280,M.2 PCIe 3.0 X2
Lexar NS100,,240.0,,SSD,,2.5,SATA 6.0 Gb/s
XPG SX6000 Lite,,128.0,,SSD,,M.2-2280,M.2 PCIe 3.0 X4
TEAMGROUP L5 LITE,,1000.0,,SSD,,2.5,SATA 6.0 Gb/s
Toshiba MG07ACA14TA,,14000.0,,7200,256.0,3.5,SATA 6.0 Gb/s
SanDisk X600,,1000.0,,SSD,,2.5,SATA 6.0 Gb/s
Micron 2200,,512.0,,SSD,,M.2-2280,M.2 PCIe 3.0 X4
Mushkin Pilot-E,,500.0,,SSD,,M.2-2280,M.2 PCIe 3.0 X4
Toshiba MG04ACA400E,,4000.0,,7200,128.0,3.5,SATA 6.0 Gb/s
Seagate SkyHawk AI,,4000.0,,7200,256.0,3.5,SATA 6.0 Gb/s
Toshiba MD04ACA600,9065.4,6000.0,0.076,7200,128.0,3.5,SATA 6.0 Gb/s
Sony Optiarc,1119.8,480.0,0.117,SSD,,2.5,SATA 6.0 Gb/s
Patriot Viper Gaming VP4100,,2000.0,,SSD,,M.2-2280,M.2 PCIe 4.0 X4
Intel DC S3110,,128.0,,SSD,,2.5,SATA 6.0 Gb/s
Intel DC S3610,,800.0,,SSD,,2.5,SATA 6.0 Gb/s
Seagate EXOS Enterprise,3959.8,2000.0,0.099,7200,256.0,3.5,SATA 6.0 Gb/s
Seagate EXOS Enterprise,,6000.0,,7200,256.0,3.5,SATA 6.0 Gb/s
HP Z Turbo Drive G2,,256.0,,SSD,,PCIe,PCIe x4
Mushkin RAW,1599.6,500.0,0.16,SSD,,2.5,SATA 6.0 Gb/s
Hitachi 0TS1303,,3200.0,,SSD,,PCIe,PCIe x8
HP 1FU88AA#ABA,,512.0,,SSD,,M.2-2280,M.2 PCIe 3.0 X4
Intel DC S3110,,512.0,,SSD,,M.2-2280,M.2 SATA
LaCie ST1000LM038,,1000.0,,5400,128.0,2.5,SATA 6.0 Gb/s
Intel DC S3520,5407.79,480.0,0.563,SSD,,2.5,SATA 6.0 Gb/s
PNY XLR8 CS2311,,1000.0,,SSD,,2.5,SATA 6.0 Gb/s
Seagate ST1000LM050,,1000.0,,7200,,2.5,SATA 6.0 Gb/s
Silicon Power A55,,64.0,,SSD,,2.5,SATA 6.0 Gb/s
Kingston DC450R,,960.0,,SSD,,2.5,SATA 6.0 Gb/s
Patriot VPR100 RGB,,1000.0,,SSD,,M.2-2280,M.2 PCIe 3.0 X4
Toshiba XG3,,1000.0,,SSD,1024.0,M.2-2280,M.2 PCIe 3.0 X4
Centon MP Essential,,240.0,,SSD,,2.5,SATA 6.0 Gb/s
Synology SAT5200,,3840.0,,SSD,,2.5,SATA 6.0 Gb/s
TEAMGROUP Cardea II,,512.0,,SSD,,M.2-2280,M.2 PCIe 3.0 X4
ADATA XPG GAMMIX S7,,512.0,,SSD,,M.2-2280,M.2 PCIe 3.0 X4
Timetec 35LSNVME-960GB,,960.0,,SSD,,M.2-22110,M.2 PCIe 4.0 X4
Silicon Power UD70,,2000.0,,SSD,,M.2-2280,M.2 PCIe 3.0 X4
Silicon Power UD70,,500.0,,SSD,,M.2-2280,M.2 PCIe 3.0 X4
Apacer AS2280Q4,,2000.0,,SSD,,M.2-2280,M.2 PCIe 4.0 X4
Apacer AST280,,240.0,,SSD,,M.2-2280,M.2 SATA
Apacer AS350 PANTHER,,120.0,,SSD,,2.5,SATA 6.0 Gb/s
Apacer PP3480,,1000.0,,SSD,,M.2-2280,M.2 PCIe 3.0 X4
Neo Forza eSports,,256.0,,SSD,512.0,M.2-2280,M.2 PCIe 3.0 X4
TEAMGROUP T-Create Classic,,1000.0,,SSD,,2.5,SATA 6.0 Gb/s
TEAMGROUP T-Create Classic,,2000.0,,SSD,,M.2-2280,M.2 PCIe 3.0 X4
SanDisk Extreme,,500.0,,SSD,,M.2-2280,M.2 PCIe 4.0 X4
SanDisk Extreme,,2000.0,,SSD,,M.2-2280,M.2 PCIe 4.0 X4
Mushkin Gamma,,2000.0,,SSD,,M.2-2280,M.2 PCIe 4.0 X4
Toshiba MG08,,14000.0,,7200,512.0,3.5,SATA 6.0 Gb/s
Seagate IronWolf NAS,,4000.0,,5900,64.0,3.5,SATA 6.0 Gb/s
Addlink S68,,1000.0,,SSD,,M.2-2280,M.2 PCIe 3.0 X4
Western Digital PC SN730,,256.0,,SSD,,M.2-2280,M.2 PCIe 3.0 X4
Corsair MP400,,4000.0,,SSD,,M.2-2280,M.2 PCIe 3.0 X4
Seagate IronWolf 125,,500.0,,SSD,,2.5,SATA 6.0 Gb/s
ADATA ATOM 30,,1000.0,,SSD,,M.2-2280,M.2 PCIe 3.0 X4
Seagate FireCuda 510,,500.0,,SSD,,M.2-2280,M.2 PCIe 3.0 X4
Seagate Exos 7E8 512n,,1000.0,,7200,256.0,3.5,SATA 6.0 Gb/s
Seagate Exos 7E8 512n,,4000.0,,7200,256.0,3.5,SATA 6.0 Gb/s
Western Digital Ultrastar DC HC550,9897.79,18000.0,0.027,7200,512.0,3.5,SAS 12.0 Gb/s
KIOXIA EXCERIA PLUS,10459.79,2000.0,0.261,SSD,,M.2-2280,M.2 PCIe 3.0 X4
PNY CS2130,9999.79,4000.0,0.125,SSD,,M.2-2280,M.2 PCIe 3.0 X4
PNY CS2130,,8000.0,,SSD,,M.2-2280,M.2 PCIe 3.0 X4
MSI SPATIUM M370,,2000.0,,SSD,,M.2-2280,M.2 PCIe 3.0 X4
TEAMGROUP Cardea Z440 TUF Gaming Alliance,,1000.0,,SSD,,M.2-2280,M.2 PCIe 4.0 X4
Klevv CRAS C720,,1000.0,,SSD,,M.2-2280,M.2 PCIe 3.0 X4
Klevv NEO N400,,120.0,,SSD,,2.5,SATA 6.0 Gb/s
Klevv NEO N400,,480.0,,SSD,,2.5,SATA 6.0 Gb/s
KingSpec NE-2280,,128.0,,SSD,,M.2-2280,M.2 PCIe 3.0 X4
Inland Professional,,128.0,,SSD,,2.5,SATA 6.0 Gb/s
Inland Professional,,256.0,,SSD,,M.2-2280,M.2 PCIe 3.0 X4
Silicon Power UD80,,500.0,,SSD,,M.2-2280,M.2 PCIe 3.0 X4
Toshiba N300,,12000.0,,7200,,3.5,SATA 6.0 Gb/s
HP S700 Pro,1775.6,256.0,0.347,SSD,,2.5,SATA 6.0 Gb/s
Timetec 35TTM8SSATA,,128.0,,SSD,,M.2-2280,M.2 SATA
Toshiba MG06ACA600A,,6000.0,,7200,256.0,3.5,SATA 6.0 Gb/s
Seagate BarraCuda 120,,2000.0,,SSD,,2.5,SATA 6.0 Gb/s
ADATA LEGEND 700,,250.0,,SSD,,M.2-2280,M.2 PCIe 3.0 X4
Mushkin Delta,,1000.0,,SSD,,M.2-2280,M.2 PCIe 4.0 X4
Mushkin Delta,,2000.0,,SSD,,M.2-2280,M.2 PCIe 4.0 X4
Mushkin Source HC,12257.0,4000.0,0.153,SSD,,2.5,SATA 6.0 Gb/s
Seagate Beskar Ingot Drive Special Edition FireCuda,,1000.0,,SSD,,2.5,SATA 6.0 Gb/s
Mushkin Enhanced ECO,,1000.0,,SSD,,2.5,SATA 6.0 Gb/s
Fantom Drives VENOM8,,4000.0,,SSD,,M.2-2280,M.2 PCIe 4.0 X4
Fantom Drives VENOM8 PS5,3999.0,1000.0,0.2,SSD,,M.2-2280,M.2 PCIe 4.0 X4
Fantom Drives VENOM8 PS5,3893.0,2000.0,0.097,SSD,,M.2-2280,M.2 PCIe 4.0 X4
Fantom Drives VENOM8 PS5,7533.0,4000.0,0.094,SSD,,M.2-2280,M.2 PCIe 4.0 X4
ADATA LEGEND 800 GOLD,,500.0,,SSD,,M.2-2280,M.2 PCIe 4.0 X4
Netac NV5000-N,,500.0,,SSD,,M.2-2280,M.2 PCIe 4.0 X4
Netac NV5000-N,,1000.0,,SSD,,M.2-2280,M.2 PCIe 4.0 X4
Netac NV3000 RGB,,2000.0,,SSD,,M.2-2280,M.2 PCIe 3.0 X4
VisionTek DLX3,4184.39,2000.0,0.105,SSD,,M.2-2280,M.2 PCIe 3.0 X4
TEAMGROUP MP44,,512.0,,SSD,,M.2-2280,M.2 PCIe 4.0 X4
AITC Kingsman KP800,,4000.0,,SSD,,M.2-2280,M.2 PCIe 4.0 X4
KIOXIA BG5 SED,,512.0,,SSD,,M.2-2280,M.2 PCIe 4.0 X4
KIOXIA BG5,,512.0,,SSD,,M.2-2230,M.2 PCIe 4.0 X4
Micron 2300,,256.0,,SSD,,M.2-2280,M.2 PCIe 3.0 X4
TEAMGROUP EX2,,8000.0,,SSD,,2.5,SATA 6.0 Gb/s
Micron 5200 MAX,,480.0,,SSD,,2.5,SATA 6.0 Gb/s
Micron 5200 ECO,,960.0,,SSD,,2.5,SATA 6.0 Gb/s
GeIL Zenith P4L,,1000.0,,SSD,,M.2-2280,M.2 PCIe 4.0 X4
Solidigm P41 Plus,,512.0,,SSD,,M.2-2230,M.2 PCIe 4.0 X4
Inland TN325,1299.6,512.0,0.127,SSD,,M.2-2242,M.2 PCIe 3.0 X4
Western Digital PC SN740 Pyrite,,512.0,,SSD,,M.2-2230,M.2 PCIe 4.0 X4
Western Digital PC SN740 Opal,,512.0,,SSD,,M.2-2230,M.2 PCIe 4.0 X4
Toshiba MG09 4Kn SIE,,16000.0,,7200,512.0,3.5,SATA 6.0 Gb/s
Toshiba MD04-V,,4000.0,,5400,128.0,3.5,SATA 6.0 Gb/s
Toshiba DT02-V,,2000.0,,5400,128.0,3.5,SATA 6.0 Gb/s
Toshiba DT01-V,,2000.0,,5940,64.0,3.5,SATA 6.0 Gb/s
Toshiba DT01-V,,1000.0,,5940,64.0,3.5,SATA 6.0 Gb/s
Toshiba DT02,,4000.0,,5400,128.0,3.5,SATA 6.0 Gb/s
Inland Enterprise,,1920.0,,SSD,,2.5,SATA 6.0 Gb/s
Titanium Micro TH7175,2999.8,2000.0,0.075,SSD,,M.2-2280,M.2 PCIe 4.0 X4
Titanium Micro TH7175,5719.8,4000.0,0.071,SSD,,M.2-2280,M.2 PCIe 4.0 X4
Titanium Micro TH3500,,2000.0,,SSD,,M.2-2280,M.2 PCIe 3.0 X4
NEMIX RAM NEMESIS,,2000.0,,SSD,,M.2-2280,M.2 PCIe 4.0 X4
Transcend MTE245S,2638.0,2000.0,0.066,SSD,,M.2-2280,M.2 PCIe 4.0 X4
TEAMGROUP T-FORCE G50 PRO,,1000.0,,SSD,,M.2-2280,M.2 PCIe 4.0 X4
Transcend SSD230S,3599.8,2000.0,0.09,SSD,,2.5,SATA 6.0 Gb/s
FanXiang S900,3599.8,1000.0,0.18,SSD,,M.2-2280,M.2 PCIe 5.0 X4
FanXiang S660,,4000.0,,SSD,,M.2-2280,M.2 PCIe 4.0 X4
ADATA Ultimate SU650,,120.0,,SSD,,M.2-2280,M.2 SATA
Micron 5400 Boot,,240.0,,SSD,,M.2-2280,M.2 SATA
Micron 5400 Max,,960.0,,SSD,,2.5,SATA 6.0 Gb/s
Micron 5400 Max,,3840.0,,SSD,,2.5,SATA 6.0 Gb/s
Micron 5400 Pro,,960.0,,SSD,,M.2-2280,M.2 SATA
Lenovo S4520,,7680.0,,SSD,,2.5,SATA 6.0 Gb/s
Klevv CRAS C910 Lite,,500.0,,SSD,,M.2-2280,M.2 PCIe 4.0 X4
Klevv CRAS C910 Lite,,4000.0,,SSD,,M.2-2280,M.2 PCIe 4.0 X4
Nextorage NEM-PA,,8000.0,,SSD,,M.2-2280,M.2 PCIe 4.0 X4
Fantom Drives VENOM7,,1000.0,,SSD,,M.2-2280,M.2 PCIe 4.0 X4
MSI SPATIUM M480 PRO HS,,1000.0,,SSD,1024.0,M.2-2280,M.2 PCIe 4.0 X4
Seagate BarraCuda 520,,4096.0,,SSD,,M.2-2280,M.2 PCIe 4.0 X4
Silicon Power UD90,,1000.0,,SSD,,M.2-2242,M.2 PCIe 4.0 X4
Apacer AS2280P4U Pro,,1000.0,,SSD,,M.2-2280,M.2 PCIe 3.0 X4
Mushkin MKNSSDED1TB-D8,,1000.0,,SSD,,M.2-2280,M.2 PCIe 4.0 X4
Orico J-10,,256.0,,SSD,,M.2-2280,M.2 PCIe 3.0 X4
Integral INSSD128GM242,,128.0,,SSD,,M.2-2242,M.2 SATA
Integral Edge Gen5 w/ Heatsink,,2000.0,,SSD,,M.2-2280,M.2 PCIe 5.0 X4
PNY CS2340,,2000.0,,SSD,,M.2-2280,M.2 PCIe 4.0 X4
KingSpec XF,859.8,512.0,0.084,SSD,,M.2-2230,M.2 PCIe 4.0 X4
Seagate FireCuda 520N,3199.8,2000.0,0.08,SSD,,M.2-2230,M.2 PCIe 4.0 X4
Seagate Exos X24,7612.6,16000.0,0.024,7200,512.0,3.5,SAS 12.0 Gb/s
KIOXIA BG5 SED,899.8,256.0,0.176,SSD,,M.2-2230,M.2 PCIe 4.0 X4
PNY CS2342,3399.8,2000.0,0.085,SSD,,M.2-2230,M.2 PCIe 4.0 X4
Western Digital Red SA500,3489.2,2000.0,0.087,SSD,,M.2-2280,M.2 SATA
Inland TN446,,512.0,,SSD,,M.2-2230,M.2 PCIe 4.0 X4
Seagate FireCuda 520 Rev 2.0,,1000.0,,SSD,,M.2-2280,M.2 PCIe 4.0 X4
Mushkin MKNSSDED4TB-D8,,4000.0,,SSD,,M.2-2280,M.2 PCIe 4.0 X4
PNY CS2342,1699.8,1000.0,0.085,SSD,,M.2-2230,M.2 PCIe 4.0 X4
Transcend MTE255S,2563.0,2000.0,0.064,SSD,,M.2-2280,M.2 PCIe 4.0 X4
Toshiba N300,5699.8,14000.0,0.02,7200,512.0,3.5,SATA 6.0 Gb/s
Seagate ST4000NM0034,2280.0,4000.0,0.029,7200,128.0,3.5,SAS 12.0 Gb/s
Seagate Momentus 5400.3,1180.0,80.0,0.738,5400,8.0,2.5,PATA 44-Pin 100
Transcend 250H,1662.4,1000.0,0.083,SSD,,M.2-2280,M.2 PCIe 4.0 X4
Inland 1TB TD510 NVME,2799.8,1000.0,0.14,SSD,,M.2-2280,M.2 PCIe 5.0 X4
Lenovo S4520,10217.6,960.0,0.532,SSD,,3.5,SATA 6.0 Gb/s
Addlink D60,2788.8,960.0,0.145,SSD,,M.2-2280,M.2 PCIe 4.0 X4
Integral INSSD256GM242,,256.0,,SSD,,M.2-2242,M.2 SATA
Integral INSSD256GM2230G3,,256.0,,SSD,,M.2-2230,M.2 PCIe 3.0 X4
Integral Edge Gen5 w/ Heatsink,,1000.0,,SSD,,M.2-2280,M.2 PCIe 5.0 X4
Western Digital RE4,,2000.0,,7200,64.0,3.5,SATA 3.0 Gb/s
Intel 320,5070.0,120.0,2.112,SSD,,2.5,SATA 3.0 Gb/s
Hitachi Deskstar 5K3000,2479.79,3000.0,0.041,5400,32.0,3.5,SATA 6.0 Gb/s
Kingston HyperX 3K,,90.0,,SSD,,2.5,SATA 6.0 Gb/s
Toshiba AL13SE,,900.0,,10500,64.0,2.5,SAS 6.0 Gb/s
Seagate Constellation Product Series:ES.3,3960.0,4000.0,0.05,7200,128.0,3.5,SAS 6.0 Gb/s
Seagate 1200 SSD,,200.0,,SSD,,2.5,SAS 12.0 Gb/s
Western Digital Red,,5000.0,,5400,64.0,3.5,SATA 6.0 Gb/s
Intel SSDMCEAW120A401,1200.0,120.0,0.5,SSD,,mSATA,mSATA
Seagate ST6000NM0044,,6000.0,,7200,128.0,3.5,SATA 6.0 Gb/s
Intel DC P3608,,1600.0,,SSD,,PCIe,PCIe x8
Toshiba X300,6700.0,10000.0,0.034,7200,256.0,3.5,SATA 6.0 Gb/s
Lenovo 5300,,960.0,,SSD,,2.5,SATA 6.0 Gb/s
Lenovo 5300,16020.0,480.0,1.669,SSD,,2.5,SATA 6.0 Gb/s
Apacer AS2280Q4,,500.0,,SSD,,M.2-2280,M.2 PCIe 4.0 X4
Silicon Power XD80,,512.0,,SSD,,M.2-2280,M.2 PCIe 3.0 X4
Silicon Power XD80,,2000.0,,SSD,,M.2-2280,M.2 PCIe 3.0 X4
VisionTek DLX4 Pro,1431.8,512.0,0.14,SSD,,M.2-2280,M.2 PCIe 4.0 X4
Micron 5210 ION,7100.0,1920.0,0.185,SSD,,2.5,SATA 6.0 Gb/s
Lexar NQ790,,500.0,,SSD,,M.2-2280,M.2 PCIe 4.0 X4
Seagate Exos X24 SED,,16000.0,,7200,512.0,3.5,SATA 6.0 Gb/s
Seagate Exos X24 SED,,20000.0,,7200,512.0,3.5,SATA 6.0 Gb/s
Integral 2020,,512.0,,SSD,,M.2-2280,M.2 SATA
Integral ADVANTAGE PRO-1 w/ Heatsink,,2000.0,,SSD,,M.2-2280,M.2 PCIe 4.0 X4
Integral ADVANTAGE PRO-1 w/ Heatsink,,4000.0,,SSD,,M.2-2280,M.2 PCIe 4.0 X4
Integral M2,,2000.0,,SSD,,M.2-2280,M.2 PCIe 3.0 X4
Transcend MTE410S,1425.6,512.0,0.139,SSD,,M.2-2242,M.2 PCIe 4.0 X4
Western Digital VelociRaptor,1938.0,600.0,0.161,10000,32.0,2.5,SATA 6.0 Gb/s
Western Digital RE2,,160.0,,7200,16.0,3.5,SATA 3.0 Gb/s
Western Digital RE2-GP,1107.39,1000.0,0.055,7200,16.0,3.5,SATA 3.0 Gb/s
Western Digital Caviar Black,,750.0,,7200,32.0,3.5,SATA 3.0 Gb/s
Western Digital Scorpio Black,,250.0,,7200,16.0,2.5,SATA 3.0 Gb/s
Western Digital Scorpio Black,,120.0,,7200,16.0,2.5,SATA 3.0 Gb/s
Western Digital Scorpio Black,,80.0,,7200,16.0,2.5,SATA 3.0 Gb/s
Western Digital Scorpio Black,1069.0,250.0,0.214,7200,16.0,2.5,SATA 3.0 Gb/s
Western Digital Scorpio Black,,120.0,,7200,16.0,2.5,SATA 3.0 Gb/s
Western Digital Scorpio Blue,,500.0,,5400,8.0,2.5,SATA 3.0 Gb/s
Western Digital Scorpio Blue,3040.6,640.0,0.238,5400,8.0,2.5,SATA 3.0 Gb/s
Western Digital AV-GP,,2000.0,,5400,32.0,3.5,SATA 3.0 Gb/s
Western Digital AV-GP,,1000.0,,5400,8.0,3.5,SATA 3.0 Gb/s
Hitachi 7K1000.B,,750.0,,7200,16.0,3.5,SATA 3.0 Gb/s
Hitachi 7K1000.B,,640.0,,7200,16.0,3.5,SATA 3.0 Gb/s
Hitachi 7K1000.B,,160.0,,7200,8.0,3.5,SATA 3.0 Gb/s
Hitachi 7K1000,,1000.0,,7200,32.0,3.5,SATA 3.0 Gb/s
Intel X25-M,6000.0,160.0,1.875,SSD,,2.5,SATA 3.0 Gb/s
Intel X25-M,,80.0,,SSD,,2.5,SATA 3.0 Gb/s
Samsung Spinpoint F3 EG,,750.0,,5400,32.0,3.5,SATA 3.0 Gb/s
Samsung Spinpoint F1 EG,,500.0,,5400,16.0,3.5,SATA 3.0 Gb/s
Samsung Spinpoint F1 DT,,500.0,,7200,16.0,3.5,SATA 3.0 Gb/s
Samsung Spinpoint F1 DT,,250.0,,7200,16.0,3.5,SATA 3.0 Gb/s
Samsung Spinpoint F1 DT,,250.0,,7200,8.0,3.5,SATA 3.0 Gb/s
Samsung Spinpoint F1 DT,,80.0,,7200,8.0,3.5,SATA 3.0 Gb/s
Samsung Spinpoint F1 CE,,1000.0,,7200,32.0,3.5,SATA 3.0 Gb/s
Samsung Spinpoint MP4,,640.0,,7200,16.0,2.5,SATA 3.0 Gb/s
Samsung Spinpoint MP4,,500.0,,7200,16.0,2.5,SATA 3.0 Gb/s
OCZ Colossus LT,,250.0,,SSD,128.0,3.5,SATA 3.0 Gb/s
OCZ Colossus LT,,500.0,,SSD,128.0,3.5,SATA 3.0 Gb/s
OCZ Vertex 2 EX,,50.0,,SSD,,2.5,SATA 3.0 Gb/s
OCZ Vertex 2 Pro,,200.0,,SSD,,2.5,SATA 3.0 Gb/s
OCZ Vertex 2,,60.0,,SSD,,2.5,SATA 3.0 Gb/s
OCZ Vertex 2,,480.0,,SSD,,2.5,SATA 3.0 Gb/s
OCZ Agility 2,,200.0,,SSD,,2.5,SATA 3.0 Gb/s
Western Digital Caviar Blue,,500.0,,7200,16.0,3.5,PATA 100
Western Digital Caviar SE,,320.0,,7200,8.0,3.5,PATA 100
Seagate SV35.5,,1000.0,,7200,32.0,3.5,SATA 3.0 Gb/s
Seagate Pipeline HD,,160.0,,5900,8.0,3.5,SATA 3.0 Gb/s
Western Digital AV-GP,,1500.0,,5400,64.0,3.5,SATA 3.0 Gb/s
Samsung Spinpoint F3R,,1000.0,,7200,32.0,3.5,SATA 3.0 Gb/s
Western Digital AV-GP,,1000.0,,5400,64.0,3.5,SATA 3.0 Gb/s
Kingston SSDNow V,,30.0,,SSD,,2.5,SATA 3.0 Gb/s
Kingston SSDNow V+,,64.0,,SSD,,2.5,SATA 3.0 Gb/s
Kingston SSDNow V100,,128.0,,SSD,,2.5,SATA 3.0 Gb/s
Kingston SSDNow V100,,256.0,,SSD,,2.5,SATA 3.0 Gb/s
Kingston SSDNow V+100,3199.8,128.0,1.25,SSD,,2.5,SATA 3.0 Gb/s
Crucial RealSSD C300,,64.0,,SSD,,2.5,SATA 6.0 Gb/s
OCZ Vertex 2,,80.0,,SSD,,2.5,SATA 3.0 Gb/s
OCZ Vertex 2,,120.0,,SSD,,3.5,SATA 3.0 Gb/s
OCZ Agility 2,,90.0,,SSD,,3.5,SATA 3.0 Gb/s
Corsair Force,,160.0,,SSD,,2.5,SATA 3.0 Gb/s
G.Skill Sniper Gaming,,120.0,,SSD,,2.5,SATA 3.0 Gb/s
G.Skill Phoenix Pro,,240.0,,SSD,,2.5,SATA 3.0 Gb/s
Hitachi 0F10381,,500.0,,7200,16.0,3.5,SATA 3.0 Gb/s
Hitachi 7K1000.C,,320.0,,7200,16.0,3.5,SATA 3.0 Gb/s
Western Digital Caviar Black,,2000.0,,7200,32.0,3.5,SATA 3.0 Gb/s
OCZ Vertex 2,,360.0,,SSD,,3.5,SATA 3.0 Gb/s
OCZ Vertex 2,,240.0,,SSD,,3.5,SATA 3.0 Gb/s
OCZ Vertex,,30.0,,SSD,,2.5,SATA 3.0 Gb/s
Seagate BarraCuda,,250.0,,7200,8.0,3.5,SATA 6.0 Gb/s
Intel 510,,120.0,,SSD,,2.5,SATA 6.0 Gb/s
Corsair Force,,115.0,,SSD,,2.5,SATA 3.0 Gb/s
Corsair Force,,60.0,,SSD,,2.5,SATA 3.0 Gb/s
Kingston SSDNow V+,,256.0,,SSD,,2.5,SATA 3.0 Gb/s
Intel 320,,40.0,,SSD,,2.5,SATA 3.0 Gb/s
Intel 320,,160.0,,SSD,,2.5,SATA 3.0 Gb/s
Intel 320,,120.0,,SSD,,2.5,SATA 3.0 Gb/s
OCZ Vertex 3,,480.0,,SSD,,2.5,SATA 6.0 Gb/s
Corsair Force,,240.0,,SSD,,2.5,SATA 3.0 Gb/s
Seagate Pipeline HD,,250.0,,5900,8.0,3.5,SATA 3.0 Gb/s
Crucial M4,,128.0,,SSD,,2.5,SATA 6.0 Gb/s
OCZ Vertex 3 Series – MAX IOPS Edition,,120.0,,SSD,,2.5,SATA 6.0 Gb/s
Intel 320,,300.0,,SSD,,2.5,SATA 3.0 Gb/s
OCZ Vertex 3,,240.0,,SSD,,2.5,SATA 6.0 Gb/s
Samsung Spinpoint F4EG,,1500.0,,5400,32.0,3.5,SATA 3.0 Gb/s
Western Digital Caviar Black,,1500.0,,7200,64.0,3.5,SATA 6.0 Gb/s
Hitachi Deskstar,,3000.0,,5400,32.0,3.5,SATA 3.0 Gb/s
Seagate SV35,,2000.0,,5900,64.0,3.5,SATA 6.0 Gb/s
Seagate Constellation.2,,500.0,,7200,64.0,2.5,SATA 6.0 Gb/s
Seagate Momentus 5400.6,2520.0,160.0,0.787,5400,8.0,2.5,SATA 3.0 Gb/s
Hitachi 0Y30055,1401.8,500.0,0.14,5400,8.0,2.5,SATA 3.0 Gb/s
Western Digital Scorpio Black,,500.0,,7200,16.0,2.5,SATA 3.0 Gb/s
Seagate Momentus 7200.4,,500.0,,7200,16.0,2.5,SATA 3.0 Gb/s
Seagate ST90250N1A1AS-RK,,250.0,,5400,8.0,2.5,SATA 3.0 Gb/s
Seagate Constellation.2,,1000.0,,7200,64.0,2.5,SATA 6.0 Gb/s
Seagate Momentus 7200.4,,320.0,,7200,16.0,2.5,SATA 3.0 Gb/s
Samsung Spinpoint M8,,750.0,,5400,8.0,2.5,SATA 3.0 Gb/s
Samsung Spinpoint M8,,500.0,,5400,8.0,2.5,SATA 3.0 Gb/s
Corsair Force 3,,120.0,,SSD,,2.5,SATA 6.0 Gb/s
Samsung Spinpoint M,,160.0,,5400,8.0,2.5,SATA 1.5 Gb/s
Corsair Force GT,,120.0,,SSD,,2.5,SATA 6.0 Gb/s
Corsair Nova Series 2,,60.0,,SSD,,2.5,SATA 3.0 Gb/s
Hitachi Travelstar,,500.0,,7200,16.0,2.5,SATA 3.0 Gb/s
Samsung 470,,64.0,,SSD,,2.5,SATA 3.0 Gb/s
Samsung Spinpoint M8,,160.0,,5400,8.0,2.5,SATA 3.0 Gb/s
Kingston HyperX,,240.0,,SSD,,2.5,SATA 6.0 Gb/s
Samsung 470,,128.0,,SSD,,2.5,SATA 3.0 Gb/s
Samsung 470,,256.0,,SSD,,2.5,SATA 3.0 Gb/s
Kingston HyperX,,240.0,,SSD,,2.5,SATA 6.0 Gb/s
Western Digital AV-25,,250.0,,5400,32.0,2.5,SATA 3.0 Gb/s
Hitachi Travelstar Z5K320,,160.0,,5400,8.0,2.5,SATA 3.0 Gb/s
Mushkin Chronos,,120.0,,SSD,,2.5,SATA 6.0 Gb/s
Samsung 470,,256.0,,SSD,,2.5,SATA 3.0 Gb/s
Hitachi Deskstar,,2000.0,,7200,32.0,3.5,SATA 3.0 Gb/s
Western Digital AV-GP,,1000.0,,7200,16.0,3.5,SATA 6.0 Gb/s
Toshiba MK1059GSM,,1000.0,,5400,8.0,2.5,SATA 3.0 Gb/s
Intel 320,,120.0,,SSD,,2.5,SATA 3.0 Gb/s
ADATA S510,,120.0,,SSD,,2.5,SATA 6.0 Gb/s
Mushkin Chronos Deluxe,,60.0,,SSD,,2.5,SATA 6.0 Gb/s
Corsair Force 3,,90.0,,SSD,,2.5,SATA 6.0 Gb/s
Western Digital Caviar Green,,2500.0,,5400,64.0,3.5,SATA 6.0 Gb/s
Seagate Momentus 7200.4,,250.0,,7200,16.0,2.5,SATA 3.0 Gb/s
OCZ Synapse Cache,,64.0,,SSD,,2.5,SATA 6.0 Gb/s
Corsair Force 3,,180.0,,SSD,,2.5,SATA 6.0 Gb/s
OCZ Agility 3,,480.0,,SSD,,2.5,SATA 6.0 Gb/s
Corsair Force GT,,480.0,,SSD,,2.5,SATA 6.0 Gb/s
Samsung 830,,64.0,,SSD,,2.5,SATA 6.0 Gb/s
Corsair Force 3,,480.0,,SSD,,2.5,SATA 6.0 Gb/s
Hitachi Travelstar Z5K320,,250.0,,5400,8.0,2.5,SATA 3.0 Gb/s
Intel 320,,300.0,,SSD,,2.5,SATA 3.0 Gb/s
SanDisk Ultra,,60.0,,SSD,,2.5,SATA 3.0 Gb/s
Hitachi Deskstar 7K1000.D,,750.0,,7200,32.0,3.5,SATA 6.0 Gb/s
Samsung 830,,256.0,,SSD,,2.5,SATA 6.0 Gb/s
Samsung 470,,128.0,,SSD,,2.5,SATA 3.0 Gb/s
OCZ Octane,,256.0,,SSD,,2.5,SATA 6.0 Gb/s
Crucial M4,,512.0,,SSD,,2.5,SATA 6.0 Gb/s
Crucial M4,,256.0,,SSD,,2.5,SATA 6.0 Gb/s
Crucial M4,,512.0,,SSD,,2.5,SATA 6.0 Gb/s
Crucial M4,,128.0,,SSD,,2.5,SATA 6.0 Gb/s
Hitachi H3IK40003254SW,,4000.0,,5400,32.0,3.5,SATA 6.0 Gb/s
Western Digital Caviar Green,,320.0,,5400,32.0,3.5,SATA 6.0 Gb/s
Hitachi Travelstar 5K500.B,,250.0,,5400,8.0,2.5,SATA 3.0 Gb/s
Intel 520,,180.0,,SSD,,2.5,SATA 6.0 Gb/s
Intel 520,,480.0,,SSD,,2.5,SATA 6.0 Gb/s
Verbatim Verbatim SATA II,,128.0,,SSD,,2.5,SATA 3.0 Gb/s
Hitachi Travelstar 7K500,1682.0,500.0,0.168,7200,16.0,2.5,SATA 3.0 Gb/s
Toshiba MK2002TSKB,,2000.0,,7200,64.0,3.5,SATA 3.0 Gb/s
SanDisk Extreme,,240.0,,SSD,,2.5,SATA 6.0 Gb/s
Corsair Nova Series 2,,30.0,,SSD,,2.5,SATA 3.0 Gb/s
Seagate Momentus Thin,580.0,320.0,0.091,7200,16.0,2.5,SATA 3.0 Gb/s
Samsung Spinpoint F3,,500.0,,7200,16.0,3.5,SATA 3.0 Gb/s
Western Digital AV-GP,,500.0,,5400,32.0,3.5,SATA 6.0 Gb/s
Seagate Spinpoint F3,,500.0,,7200,16.0,3.5,SATA 3.0 Gb/s
Corsair Accelerator,,45.0,,SSD,,2.5,SATA 3.0 Gb/s
Intel 313,,20.0,,SSD,,2.5,SATA 3.0 Gb/s
OCZ Agility 3,,180.0,,SSD,,2.5,SATA 6.0 Gb/s
ADATA XPG SX900,,128.0,,SSD,,2.5,SATA 6.0 Gb/s
Kingston HyperX 3K,,240.0,,SSD,,2.5,SATA 6.0 Gb/s
Seagate Momentus Thin,,320.0,,5400,16.0,2.5,SATA 3.0 Gb/s
SanDisk Extreme,5999.8,480.0,0.625,SSD,,2.5,SATA 6.0 Gb/s
Western Digital Scorpio Blue,,500.0,,5400,8.0,2.5,SATA 3.0 Gb/s
Seagate Constellation ES,,1000.0,,7200,64.0,3.5,SATA 6.0 Gb/s
Western Digital RE4,,2000.0,,7200,64.0,3.5,SATA 3.0 Gb/s
Western Digital Scorpio Blue,2499.6,250.0,0.5,5400,8.0,2.5,SATA 3.0 Gb/s
OCZ Vertex 3 Low Profile 7mm,,120.0,,SSD,,2.5,SATA 6.0 Gb/s
Kingston SSDNow V+200,,240.0,,SSD,,2.5,SATA 6.0 Gb/s
OCZ Vertex 4,,64.0,,SSD,,2.5,SATA 6.0 Gb/s
Transcend Transcend SLC,,32.0,,SSD,,2.5,SATA 1.5 Gb/s
OCZ Agility 4,,256.0,,SSD,,2.5,SATA 6.0 Gb/s
Transcend Transcend MLC,,192.0,,SSD,,2.5,SATA 1.5 Gb/s
Samsung Spinpoint M8,,250.0,,5400,8.0,2.5,SATA 3.0 Gb/s
Western Digital Caviar Blue,,750.0,,7200,64.0,3.5,SATA 6.0 Gb/s
Western Digital AV,,250.0,,7200,16.0,3.5,SATA 6.0 Gb/s
Crucial V4,,256.0,,SSD,,2.5,SATA 3.0 Gb/s
Kingston SSDNow V+200,,120.0,,SSD,,2.5,SATA 6.0 Gb/s
Kingston SSDNow V+200,3199.8,120.0,1.333,SSD,,2.5,SATA 6.0 Gb/s
Crucial V4,,256.0,,SSD,,2.5,SATA 3.0 Gb/s
Crucial V4,,256.0,,SSD,,2.5,SATA 3.0 Gb/s
OCZ RevoDrive,,80.0,,SSD,,PCIe,PCIe x4
OCZ RevoDrive 3 X2,,960.0,,SSD,,PCIe,PCIe x4
OCZ RevoDrive 3,,480.0,,SSD,,PCIe,PCIe x4
Kingston SSDNow V+200,,240.0,,SSD,,2.5,SATA 6.0 Gb/s
OCZ Vertex 4,,512.0,,SSD,,2.5,SATA 6.0 Gb/s
G.Skill Phoenix III,,120.0,,SSD,,2.5,SATA 6.0 Gb/s
Corsair Neutron,,240.0,,SSD,,2.5,SATA 6.0 Gb/s
OCZ Agility 3,,256.0,,SSD,,2.5,SATA 6.0 Gb/s
OCZ Deneva 2 C,,120.0,,SSD,,2.5,SATA 6.0 Gb/s
PNY XLR8,,240.0,,SSD,,2.5,SATA 6.0 Gb/s
Plextor M5P,,128.0,,SSD,256.0,2.5,SATA 6.0 Gb/s
Toshiba Solid State Drive,,120.0,,SSD,,2.5,SATA 6.0 Gb/s
Toshiba MK2561GSYN,,250.0,,7200,16.0,2.5,SATA 3.0 Gb/s
Toshiba MK6476GSX,,640.0,,5400,8.0,2.5,SATA 3.0 Gb/s
Toshiba PH3300U-1I72,3180.0,3000.0,0.053,7200,64.0,3.5,SATA 6.0 Gb/s
Kingston SSDNow KC100,,480.0,,SSD,,2.5,SATA 6.0 Gb/s
Kingston SSDNow KC100,,480.0,,SSD,,2.5,SATA 6.0 Gb/s
ADATA XPG SX910,12852.8,512.0,1.255,SSD,,2.5,SATA 6.0 Gb/s
ADATA XPG SX910,,256.0,,SSD,,2.5,SATA 6.0 Gb/s
ADATA XPG SX910,,128.0,,SSD,,2.5,SATA 6.0 Gb/s
Intel DC S3700,3980.0,100.0,1.99,SSD,,2.5,SATA 6.0 Gb/s
Plextor M5P Xtreme,,256.0,,SSD,512.0,2.5,SATA 6.0 Gb/s
Corsair Neutron,,256.0,,SSD,,2.5,SATA 6.0 Gb/s
Toshiba MK2576GSX dup,,250.0,,5400,8.0,2.5,SATA 3.0 Gb/s
Seagate Constellation CS,,1000.0,,7200,64.0,3.5,SATA 6.0 Gb/s
SanDisk Extreme II,,120.0,,SSD,,2.5,SATA 6.0 Gb/s
SanDisk Extreme II,,240.0,,SSD,,2.5,SATA 6.0 Gb/s
SanDisk Extreme II,,480.0,,SSD,,2.5,SATA 6.0 Gb/s
Western Digital SE,2980.0,4000.0,0.037,7200,64.0,3.5,SATA 6.0 Gb/s
Western Digital Xe,,900.0,,10000,32.0,3.5,SAS 6.0 Gb/s
Hitachi 0F14690,,2000.0,,7200,64.0,3.5,SATA 6.0 Gb/s
Seagate Constellation ES.3,,4000.0,,7200,128.0,3.5,SATA 6.0 Gb/s
Seagate ST9640423AS,,640.0,,5400,16.0,2.5,SATA 6.0 Gb/s
Hitachi 0F19847,,4000.0,,5700,64.0,3.5,SATA 6.0 Gb/s
OCZ Vertex 450 Series 256,,256.0,,SSD,,2.5,SATA 6.0 Gb/s
Edge Tech Boost Pro Slim,,240.0,,SSD,,2.5,SATA 6.0 Gb/s
Western Digital Blue,1835.0,250.0,0.367,5400,8.0,2.5,SATA 6.0 Gb/s
Lenovo ThinkPad,1980.0,500.0,0.198,7200,32.0,2.5,SATA 3.0 Gb/s
Toshiba HDD3A02,,1000.0,,7200,16.0,3.5,SAS 6.0 Gb/s
Toshiba HDD3B03,,2000.0,,7200,64.0,3.5,SAS 6.0 Gb/s
Toshiba MG03SCA,,2000.0,,7200,64.0,3.5,SATA 6.0 Gb/s
OCZ Deneva 2,,180.0,,SSD,,2.5,SATA 6.0 Gb/s
OCZ Deneva 2,,60.0,,SSD,,2.5,SATA 6.0 Gb/s
Seagate Constellation ES,,2000.0,,7200,16.0,3.5,SAS 6.0 Gb/s
Seagate Barracuda ES.2,,500.0,,7200,32.0,3.5,SATA 3.0 Gb/s
Western Digital Black,,160.0,,7200,16.0,2.5,SATA 6.0 Gb/s
Kingston KC300,3999.8,240.0,0.833,SSD,,2.5,SATA 6.0 Gb/s
Kingston KC300,6199.8,480.0,0.646,SSD,,2.5,SATA 6.0 Gb/s
Seagate ST320LT030,,320.0,,5400,16.0,2.5,SATA 6.0 Gb/s
Western Digital WDBMYH5000ANC-NRSN,,500.0,,5400,8.0,2.5,SATA 3.0 Gb/s
OCZ Vertex 450,,128.0,,SSD,,2.5,SATA 6.0 Gb/s
Toshiba Q Series Pro,,128.0,,SSD,,2.5,SATA 6.0 Gb/s
Crucial M500,9755.4,480.0,1.016,SSD,,mSATA,mSATA
Hitachi Ultrastar 7K3000,,3000.0,,7200,64.0,3.5,SAS 6.0 Gb/s
Western Digital AV-GP,,4000.0,,5400,64.0,3.5,SATA 6.0 Gb/s
Kingston SSDNow V300,,480.0,,SSD,,2.5,SATA 6.0 Gb/s
Mushkin Scorpion PCIe,,240.0,,SSD,,PCIe,PCIe x2
SanDisk Extreme II,,240.0,,SSD,,2.5,SATA 6.0 Gb/s
SanDisk Extreme II,,480.0,,SSD,,2.5,SATA 6.0 Gb/s
Transcend SSD340,,256.0,,SSD,,2.5,SATA 6.0 Gb/s
VisionTek GoDrive,,120.0,,SSD,,2.5,SATA 6.0 Gb/s
VisionTek GoDrive,,240.0,,SSD,,2.5,SATA 6.0 Gb/s
VisionTek GoDrive,,60.0,,SSD,,2.5,SATA 6.0 Gb/s
Samsung 840 Evo,,1000.0,,SSD,,mSATA,mSATA
Seagate 600 Pro,,400.0,,SSD,,2.5,SATA 6.0 Gb/s
Toshiba MQ01ABD100H,,1000.0,,,32.0,2.5,SATA 6.0 Gb/s
Seagate 600 Pro,,200.0,,SSD,,2.5,SATA 6.0 Gb/s
IBM 90Y8572,8103.6,2000.0,0.203,7200,,3.5,SAS 6.0 Gb/s
Mushkin ProSpec,,480.0,,SSD,,2.5,SATA 6.0 Gb/s
Crucial M550,7555.4,128.0,2.951,SSD,,mSATA,mSATA
ADATA Premier Pro SP920,,128.0,,SSD,,2.5,SATA 6.0 Gb/s
V7 Elite,,128.0,,SSD,,2.5,SATA 6.0 Gb/s
Plextor M6S,,512.0,,SSD,,2.5,SATA 6.0 Gb/s
Samsung SM843T Data Center,,120.0,,SSD,,2.5,SATA 6.0 Gb/s
Plextor M6e,,256.0,,SSD,,M.2-2280,M.2 PCIe 3.0 X2
Plextor M6e,,512.0,,SSD,,M.2-2280,M.2 PCIe 3.0 X2
Samsung SM843TN,5999.0,480.0,0.625,SSD,,2.5,SATA 6.0 Gb/s
HP Value Endurance SFF,4379.8,240.0,,SSD,,2.5,SATA 6.0 Gb/s
ADATA Premier SP610,,128.0,,SSD,,2.5,SATA 6.0 Gb/s
ADATA Premier SP610,,1000.0,,SSD,,2.5,SATA 6.0 Gb/s
Intel 530,,80.0,,SSD,,2.5,SATA 6.0 Gb/s
OCZ RevoDrive 350,,240.0,,SSD,,PCIe,PCIe x8
ADATA Premier Pro SP310,,128.0,,SSD,,mSATA,mSATA
Transcend SSD370,,512.0,,SSD,,2.5,SATA 6.0 Gb/s
Seagate Enterprise,,6000.0,,7200,128.0,3.5,SATA 6.0 Gb/s
Kingston SSDNow V310,,960.0,,SSD,,2.5,SATA 6.0 Gb/s
Kingston SSDNow V310,6000.0,960.0,0.312,SSD,,2.5,SATA 6.0 Gb/s
Axiom Mac Signature III,,240.0,,SSD,,2.5,SATA 6.0 Gb/s
Transcend MTS800,2919.4,256.0,0.57,SSD,,M.2-2280,M.2 SATA
ADATA SP900 M.2,,128.0,,SSD,,M.2-2242,M.2 SATA
OCZ ARC 100,,480.0,,SSD,,2.5,SATA 6.0 Gb/s
Hitachi Travelstar,,500.0,,7200,32.0,2.5,SATA 6.0 Gb/s
Seagate Savvio 15K.3,3028.8,300.0,0.505,15000,64.0,2.5,SAS 6.0 Gb/s
Toshiba MBF245LRC,,450.0,,10000,16.0,2.5,SATA 6.0 Gb/s
Toshiba MK1661GSYN,,160.0,,7200,16.0,2.5,SATA 3.0 Gb/s
Toshiba MQ01ABF032H,,320.0,,,32.0,2.5,SATA 6.0 Gb/s
Toshiba PH2100U-1SHD,,1000.0,,,32.0,2.5,SATA 6.0 Gb/s
Axiom Mac Signature III,,120.0,,SSD,,2.5,SATA 6.0 Gb/s
Axiom Signature III,,240.0,,SSD,,2.5,SATA 6.0 Gb/s
Intel X25-M Mainstream,,80.0,,SSD,,2.5,SATA 3.0 Gb/s
Plextor M6 PRO,,512.0,,SSD,,2.5,SATA 6.0 Gb/s
Patriot Blaze,,60.0,,SSD,32.0,2.5,SATA 6.0 Gb/s
PNY Prevail,12301.8,240.0,,SSD,,2.5,SATA 6.0 Gb/s
Mushkin Chronos,,240.0,,SSD,,2.5,SATA 6.0 Gb/s
Transcend TS1TSSD370,,1000.0,,SSD,,2.5,SATA 6.0 Gb/s
Silicon Power S60 3K P/E,1698.19,120.0,0.708,SSD,,2.5,SATA 6.0 Gb/s
G.Skill Phoenix Blade,,480.0,,SSD,,PCIe,PCIe x8
Silicon Power S70,,240.0,,SSD,,2.5,SATA 6.0 Gb/s
Hitachi He6,,6000.0,,7200,64.0,3.5,SATA 6.0 Gb/s
Seagate ST1000LM028,,1000.0,,,,2.5,SATA 6.0 Gb/s
Intel DC P3700,,400.0,,SSD,,PCIe,PCIe x4
Samsung 845DC PRO,,800.0,,SSD,,2.5,SATA 6.0 Gb/s
Samsung Data Center,,960.0,,SSD,,2.5,SATA 6.0 Gb/s
MyDigitalSSD Super Boot Drive,,32.0,,SSD,,M.2-2242,M.2 SATA
MyDigitalSSD Super Boot Drive,,16.0,,SSD,,mSATA,mSATA
MyDigitalSSD Super Cache 2,,32.0,,SSD,,mSATA,mSATA
MyDigitalSSD PATA MAX,,32.0,,SSD,,2.5,PATA 44-Pin 133
Seagate SV35,,2000.0,,5400,64.0,3.5,SATA 6.0 Gb/s
Seagate Enterprise NAS,,6000.0,,7200,128.0,3.5,SATA 6.0 Gb/s
Corsair Neutron XT,,240.0,,SSD,,2.5,SATA 6.0 Gb/s
Western Digital Scorpio Black,,320.0,,7200,16.0,2.5,SATA 3.0 Gb/s
Kingston SSDNow,,120.0,,SSD,,M.2-2280,M.2 SATA
Plextor M6e Black Edition,,256.0,,SSD,256.0,PCIe,PCIe x4
Samsung PM853T Data Center,,480.0,,SSD,,2.5,SATA 6.0 Gb/s
Samsung XP941,,256.0,,SSD,,M.2-2280,M.2 PCIe 2.0 X4
Seagate ST373454LC-RF,,73.4,,15000,8.0,3.5,SAS 3.0 Gb/s
Intel DC S3710,4220.0,200.0,1.055,SSD,,2.5,SATA 6.0 Gb/s
Intel DC S3710,4696.6,400.0,0.587,SSD,,2.5,SATA 6.0 Gb/s
Intel DC S3710,4128.39,800.0,0.258,SSD,,2.5,SATA 6.0 Gb/s
Intel DC S3610,,400.0,,SSD,,2.5,SATA 6.0 Gb/s
Intel DC S3610,,480.0,,SSD,,2.5,SATA 6.0 Gb/s
Mushkin Striker,,240.0,,SSD,,2.5,SATA 6.0 Gb/s
PNY CS1111,2980.0,240.0,0.621,SSD,,2.5,SATA 6.0 Gb/s
PNY CS1111,,480.0,,SSD,,2.5,SATA 6.0 Gb/s
PNY CS2111,,240.0,,SSD,,2.5,SATA 6.0 Gb/s
Samsung 850 Evo,,500.0,,SSD,,mSATA,mSATA
Micron M600,,512.0,,SSD,,mSATA,mSATA
Seagate ST1000LM015,,1000.0,,,,2.5,SATA 6.0 Gb/s
Seagate ST6000DX000,,6000.0,,7200,128.0,3.5,SATA 6.0 Gb/s
Corsair Force LS,,120.0,,SSD,,2.5,SATA 6.0 Gb/s
Intel 535,,480.0,,SSD,,2.5,SATA 6.0 Gb/s
Edge Tech PE233846,,480.0,,SSD,,2.5,SATA 6.0 Gb/s
Intel 535,4900.0,240.0,1.021,SSD,,2.5,SATA 6.0 Gb/s
Kingston Savage,,120.0,,SSD,,2.5,SATA 6.0 Gb/s
PNY CL4111,,240.0,,SSD,,2.5,SATA 6.0 Gb/s
PNY CL4111,,480.0,,SSD,,2.5,SATA 6.0 Gb/s
Dell K054N,1722.2,600.0,0.144,10000,16.0,3.5,SAS 6.0 Gb/s
Kingston SHSS3B7A/240G Bundle,,240.0,,SSD,,2.5,SATA 6.0 Gb/s
Intel 535,,120.0,,SSD,,2.5,SATA 6.0 Gb/s
Intel 535,1574.0,240.0,0.328,SSD,,2.5,SATA 6.0 Gb/s
OCZ Radeon R7,,120.0,,SSD,,2.5,SATA 6.0 Gb/s
Toshiba MK1661GSYB,,160.0,,7200,16.0,3.5,SATA 3.0 Gb/s
Hitachi Ultrastar 7K6000,,4000.0,,7200,128.0,3.5,SAS 12.0 Gb/s
OCZ Trion 100,,120.0,,SSD,,2.5,SATA 6.0 Gb/s
Western Digital RE,,6000.0,,7200,128.0,3.5,SATA 6.0 Gb/s
Mushkin Atlas Vital,2147.4,250.0,0.429,SSD,,M.2-2280,M.2 SATA
Silicon Power S60,,480.0,,SSD,,2.5,SATA 6.0 Gb/s
Hitachi Ultrastar 7K6000,,2000.0,,7200,128.0,3.5,SATA 6.0 Gb/s
Western Digital WD Red Pro,,6000.0,,7200,128.0,3.5,SATA 6.0 Gb/s
ADATA XPG SX930,,480.0,,SSD,,2.5,SATA 6.0 Gb/s
PNY CS1211,,480.0,,SSD,,2.5,SATA 6.0 Gb/s
Transcend TS16GSSD500,,16.0,,SSD,,2.5,SATA 3.0 Gb/s
Zotac ZTSSD-A4P-120G,,120.0,,SSD,32.0,2.5,SATA 6.0 Gb/s
Hitachi MegaScale DC 4000.B,,4000.0,,5400,64.0,3.5,SATA 6.0 Gb/s
Seagate Enterprise NAS,4971.8,4000.0,,7200,128.0,3.5,SATA 6.0 Gb/s
Toshiba P300,,500.0,,7200,64.0,3.5,SATA 6.0 Gb/s
Toshiba Q300,,240.0,,SSD,,2.5,SATA 6.0 Gb/s
Zotac Premium Edition,,240.0,,SSD,,2.5,SATA 6.0 Gb/s
Seagate ST2000NX0303,,2000.0,,7200,128.0,2.5,SATA 6.0 Gb/s
Western Digital RE,,5000.0,,7200,128.0,3.5,SATA 6.0 Gb/s
Toshiba Q300 Pro,,512.0,,SSD,,2.5,SATA 6.0 Gb/s
Crucial BX200,,960.0,,SSD,,2.5,SATA 6.0 Gb/s
Toshiba HDWA130XZSTA,,3000.0,,5700,64.0,3.5,SATA 6.0 Gb/s
Seagate Enterprise NAS,7580.0,6000.0,0.063,7200,128.0,3.5,SATA 6.0 Gb/s
Hitachi HDS723020ALA640,,2000.0,,7200,64.0,3.5,SATA 6.0 Gb/s
Kingston FURY,,120.0,,SSD,,2.5,SATA 6.0 Gb/s
PNY CS2211,,240.0,,SSD,,2.5,SATA 6.0 Gb/s
Intel 750,,1200.0,,SSD,,PCIe,PCIe x4
Zotac SONIX,,480.0,,SSD,512.0,PCIe,PCIe x4
SanDisk X400,,1000.0,,SSD,,M.2-2280,M.2 SATA
Zotac T500,,120.0,,SSD,256.0,2.5,SATA 6.0 Gb/s
Western Digital RE,,6000.0,,7200,128.0,3.5,SATA 6.0 Gb/s
Seagate ST1000LX001,,1000.0,,,,2.5,SATA 6.0 Gb/s
Intel 540s,,360.0,,SSD,,M.2-2280,M.2 SATA
Kingston SSDNow G2,,240.0,,SSD,,M.2-2280,M.2 SATA
Avexir E100,,480.0,,SSD,,2.5,SATA 6.0 Gb/s
Plextor M8Pe,,128.0,,SSD,512.0,M.2-2280,M.2 PCIe 3.0 X4
Plextor M8Pe,,128.0,,SSD,512.0,M.2-2280,M.2 PCIe 3.0 X4
Plextor M8Pe,,1000.0,,SSD,1024.0,M.2-2280,M.2 PCIe 3.0 X4
Plextor M8Pe,,512.0,,SSD,512.0,PCIe,PCIe x4
Plextor M7V,,256.0,,SSD,512.0,M.2-2280,M.2 SATA
Toshiba VX500,,256.0,,SSD,,2.5,SATA 6.0 Gb/s
Toshiba VX500,,512.0,,SSD,,2.5,SATA 6.0 Gb/s
OCZ RD400A,,128.0,,SSD,,PCIe,PCIe x4
Seagate IronWolf,4560.0,6000.0,0.038,7200,128.0,3.5,SATA 6.0 Gb/s
Micron M600,,128.0,,SSD,,M.2-2260,M.2 SATA
ADATA SU900,,512.0,,SSD,,2.5,SATA 6.0 Gb/s
SanDisk Z410,3418.0,480.0,0.356,SSD,,2.5,SATA 6.0 Gb/s
TEAMGROUP T-Force Cardea,,480.0,,SSD,,M.2-2280,M.2 PCIe 3.0 X4
Hyundai Technology Sapphire,,480.0,,SSD,,2.5,SATA 6.0 Gb/s
Hyundai Technology Sapphire,,240.0,,SSD,,2.5,SATA 6.0 Gb/s
Corsair Neutron NX500,,400.0,,SSD,,PCIe,PCIe x4
Drevo X1,,120.0,,SSD,,2.5,SATA 6.0 Gb/s
Mushkin Triactor 3D,,1000.0,,SSD,,2.5,SATA 6.0 Gb/s
Patriot Spark,,512.0,,SSD,,2.5,SATA 6.0 Gb/s
Toshiba OCZ TR200,,960.0,,SSD,,2.5,SATA 6.0 Gb/s
Mushkin Triactor 3D,,512.0,,SSD,512.0,2.5,SATA 6.0 Gb/s
ADATA XPG SX950,,240.0,,SSD,,2.5,SATA 6.0 Gb/s
ADATA XPG SX7000,,512.0,,SSD,,M.2-2280,M.2 PCIe 3.0 X4
PNY CS2030,,480.0,,SSD,,M.2-2280,M.2 PCIe 3.0 X4
ADATA SX7000,,256.0,,SSD,,M.2-2280,M.2 PCIe 3.0 X4
MyDigitalSSD SBX,,1000.0,,SSD,,M.2-2280,M.2 PCIe 3.0 X4
MyDigitalSSD SBX,,512.0,,SSD,,M.2-2280,M.2 PCIe 3.0 X4
MyDigitalSSD SBX,,256.0,,SSD,,M.2-2280,M.2 PCIe 3.0 X4
MyDigitalSSD SBX,,128.0,,SSD,,M.2-2280,M.2 PCIe 3.0 X4
Avexir S100,,480.0,,SSD,,2.5,SATA 6.0 Gb/s
Plextor M9Pe,,256.0,,SSD,,M.2-2280,M.2 PCIe 3.0 X4
Plextor M9Pe,,1000.0,,SSD,,M.2-2280,M.2 PCIe 3.0 X4
KFA2 GAMER L,,120.0,,SSD,,2.5,SATA 6.0 Gb/s
TEAMGROUP P30,,480.0,,SSD,,M.2-2280,M.2 PCIe 3.0 X4
Samsung PM1633a,,15360.0,,SSD,,2.5,SAS 12.0 Gb/s
Toshiba Q300,,960.0,,SSD,,2.5,SATA 6.0 Gb/s
Hitachi 0F10942,,2000.0,,7200,32.0,3.5,SATA 6.0 Gb/s
Kingston UV500B,,960.0,,SSD,,2.5,SATA 6.0 Gb/s
VisionTek PRO,,1000.0,,SSD,,M.2-2280,M.2 SATA
Eluktronics TRO-500GB-PRO-X,,500.0,,SSD,,M.2-2280,M.2 PCIe 3.0 X4
Eluktronics TRO-1TB-PRO-X,,1000.0,,SSD,,M.2-2280,M.2 PCIe 3.0 X4
Mushkin PILOT,,500.0,,SSD,,M.2-2280,M.2 PCIe 3.0 X4
Drevo X1 Pro,,1000.0,,SSD,,2.5,SATA 6.0 Gb/s
Drevo X1 Pro,,128.0,,SSD,,2.5,SATA 6.0 Gb/s
Kingston HyperX FURY RGB BUNDLE,,240.0,,SSD,,2.5,SATA 6.0 Gb/s
Mushkin PILOT,,120.0,,SSD,,M.2-2280,M.2 PCIe 3.0 X4
Mushkin PILOT,,1000.0,,SSD,,M.2-2280,M.2 PCIe 3.0 X4
Micron M600,,256.0,,SSD,,M.2-2280,M.2 SATA
TCSunBow X3,,480.0,,SSD,,2.5,SATA 6.0 Gb/s
Samsung 860 Evo,,250.0,,SSD,,mSATA,mSATA
MyDigitalSSD BPX Pro,,960.0,,SSD,,M.2-2280,M.2 PCIe 3.0 X4
MyDigitalSSD BPX Pro,,240.0,,SSD,,M.2-2280,M.2 PCIe 3.0 X4
Toshiba N300,6599.8,10000.0,0.033,7200,256.0,3.5,SATA 6.0 Gb/s
TEAMGROUP T-Force Delta Phantom Gaming RGB,,1000.0,,SSD,,2.5,SATA 6.0 Gb/s
Seagate Enterprise Capacity,1260.0,1000.0,0.063,7200,128.0,2.5,SATA 6.0 Gb/s
Seagate Enterprise Performance,4239.8,1200.0,0.177,10000,256.0,3.5,SAS 12.0 Gb/s
Seagate Desktop,,8000.0,,5400,,3.5,SATA 6.0 Gb/s
Western Digital Blue Mobile,,320.0,,5400,16.0,2.5,SATA 6.0 Gb/s
Seagate Nytro Enterprise,,240.0,,SSD,,2.5,SATA 6.0 Gb/s
Seagate Nytro Enterprise,11500.0,960.0,0.599,SSD,,2.5,SATA 6.0 Gb/s
Seagate Barracuda Compute,,2000.0,,SSD,,2.5,SATA 6.0 Gb/s
Seagate Barracuda Compute,,250.0,,SSD,,2.5,SATA 6.0 Gb/s
Toshiba N300,7599.8,12000.0,0.032,7200,256.0,3.5,SATA 6.0 Gb/s
Seagate Nytro Enterprise,,1600.0,,SSD,,2.5,SAS 12.0 Gb/s
Seagate Enterprise Performance,2505.0,300.0,0.417,15000,256.0,2.5,SAS 12.0 Gb/s
Seagate Nytro Enterprise,,1920.0,,SSD,,2.5,U.2
Seagate Nytro Enterprise,,1920.0,,SSD,,M.2-22110,M.2 PCIe 3.0 X4
TEAMGROUP MS30,,256.0,,SSD,,M.2-2242,M.2 SATA
Patriot Scorch,,256.0,,SSD,,M.2-2280,M.2 PCIe 3.0 X2
Inland Professional,,512.0,,SSD,,M.2-2280,M.2 PCIe 3.0 X2
Plextor M8VG,,128.0,,SSD,256.0,M.2-2280,M.2 SATA
Plextor M8VC,,256.0,,SSD,512.0,2.5,SATA 6.0 Gb/s
Plextor M8VC,,512.0,,SSD,512.0,2.5,SATA 6.0 Gb/s
Lexar NS200,1999.8,480.0,0.208,SSD,,2.5,SATA 6.0 Gb/s
Lexar NS200,,960.0,,SSD,,2.5,SATA 6.0 Gb/s
Mushkin Helix-L,,500.0,,SSD,,M.2-2280,M.2 PCIe 3.0 X4
Seagate IronWolf NAS,,1920.0,,SSD,,2.5,SATA 6.0 Gb/s
Seagate IronWolf NAS,,960.0,,SSD,,2.5,SATA 6.0 Gb/s
Seagate IronWolf NAS,,480.0,,SSD,,2.5,SATA 6.0 Gb/s
Western Digital Ultrastar,,8000.0,,7200,,3.5,SATA 6.0 Gb/s
Seagate Enterprise Capacity,,10000.0,,7200,256.0,3.5,SATA 6.0 Gb/s
Toshiba S300 Pro,,8000.0,,7200,256.0,3.5,SATA 6.0 Gb/s
Toshiba S300 Pro,4359.0,6000.0,0.036,7200,256.0,3.5,SATA 6.0 Gb/s
Mushkin Source,5987.79,2000.0,0.15,SSD,2048.0,2.5,SATA 6.0 Gb/s
Hitachi Ultrastar,,1000.0,,7200,32.0,3.5,SATA 6.0 Gb/s
SanDisk X600,,512.0,,SSD,,M.2-2280,M.2 SATA
Plextor M8VG,,256.0,,SSD,,M.2-2280,M.2 SATA
Seagate Barracuda Compute,1999.8,512.0,,SSD,,M.2-2280,M.2 PCIe 3.0 X4
Intel 760p,,512.0,,SSD,,M.2-2280,M.2 PCIe 3.0 X4
Western Digital Purple,1100.0,500.0,0.11,5400,64.0,3.5,SATA 6.0 Gb/s
Western Digital Purple,5180.0,10000.0,0.026,7200,256.0,3.5,SATA 6.0 Gb/s
Toshiba MG05ACA800E,10398.4,8000.0,0.065,7200,128.0,3.5,SATA 6.0 Gb/s
Toshiba MC04ACA400E,,2000.0,,7200,128.0,3.5,SATA 6.0 Gb/s
Hitachi Ultrastar He10,6500.0,8000.0,0.041,7200,256.0,3.5,SATA 6.0 Gb/s
TEAMGROUP T-Force Delta Max RGB,,250.0,,SSD,,2.5,SATA 6.0 Gb/s
Seagate Nytro XM1440,,800.0,,SSD,,M.2-2280,M.2 PCIe 3.0 X4
Seagate IronWolf NAS,,240.0,,SSD,,2.5,SATA 6.0 Gb/s
Seagate IronWolf NAS,,960.0,,SSD,,2.5,SATA 6.0 Gb/s
Sony Optiarc,659.8,240.0,0.137,SSD,,2.5,SATA 6.0 Gb/s
Intel D3-S4510,1920.0,240.0,0.4,SSD,,2.5,SATA 6.0 Gb/s
Intel DC S4500,,480.0,,SSD,,2.5,SATA 6.0 Gb/s
Intel DC S3520,,960.0,,SSD,,2.5,SATA 6.0 Gb/s
Intel Optane 900P,,280.0,,SSD,,2.5,U.2
Kingston Q500,,120.0,,SSD,,2.5,SATA 6.0 Gb/s
HP Z Turbo Drive PCIe,,256.0,,SSD,,M.2-2280,M.2 PCIe 3.0 X4
Kingston SSDNOW DC500M,,1920.0,,SSD,,2.5,SATA 6.0 Gb/s
Intel DC S3500,2660.0,240.0,0.554,SSD,,2.5,SATA 6.0 Gb/s
Intel DC P4101,,256.0,,SSD,,M.2-2280,M.2 PCIe 3.0 X4
Intel Pro 7600p,,128.0,,SSD,,M.2-2280,M.2 PCIe 3.0 X4
Intel DC P4101,,128.0,,SSD,,M.2-2280,M.2 PCIe 3.0 X4
Intel DC S3710,9202.6,800.0,0.575,SSD,,2.5,SATA 6.0 Gb/s
Intel DC S3110,1343.19,256.0,,SSD,,M.2-2280,M.2 SATA
Kingston DC500R,,960.0,,SSD,,2.5,SATA 6.0 Gb/s
PNY XLR8 CS2311,,2000.0,,SSD,,2.5,SATA 6.0 Gb/s
PNY XLR8 CS2311,,250.0,,SSD,,2.5,SATA 6.0 Gb/s
V7 S6000,,1000.0,,SSD,,2.5,SATA 6.0 Gb/s
Intel DC S3110,,256.0,,SSD,,2.5,SATA 6.0 Gb/s
Intel PRO 5450S,,512.0,,SSD,,2.5,SATA 6.0 Gb/s
Intel DC S4500,,240.0,,SSD,,2.5,SATA 6.0 Gb/s
Pioneer APS-SE20G-512,1736.6,512.0,0.17,SSD,,M.2-2280,M.2 PCIe 3.0 X4
ADATA XPG GAMMIX S50,,2000.0,,SSD,,M.2-2280,M.2 PCIe 4.0 X4
Biostar M700,,512.0,,SSD,,M.2-2280,M.2 PCIe 3.0 X4
Patriot VPR100 RGB,,2000.0,,SSD,,M.2-2280,M.2 PCIe 3.0 X4
Integral UltimaPro X2,,240.0,,SSD,,M.2-2280,M.2 PCIe 3.0 X4
Integral UltimaPro X2,,480.0,,SSD,,M.2-2280,M.2 PCIe 3.0 X4
Western Digital Purple,5157.79,10000.0,0.026,7200,256.0,3.5,SATA 6.0 Gb/s
Super Talent FE8256MD2D,,256.0,,SSD,,2.5,PATA 44-Pin 133
Kingston KC600B,2497.4,512.0,0.244,SSD,,2.5,SATA 6.0 Gb/s
Lenovo 5300,,480.0,,SSD,,2.5,SATA 6.0 Gb/s
VisionTek PRO,,500.0,,SSD,,2.5,SATA 6.0 Gb/s
VisionTek PRO HXS,1699.8,250.0,0.34,SSD,,2.5,SATA 6.0 Gb/s
VisionTek PRO HXS,3069.8,1000.0,0.153,SSD,,2.5,SATA 6.0 Gb/s
Seagate BarraCuda 120,,250.0,,SSD,,2.5,SATA 6.0 Gb/s
VisionTek PRO ECS,,500.0,,SSD,,2.5,SATA 6.0 Gb/s
Western Digital SN520,,512.0,,SSD,,M.2-2280,M.2 PCIe 3.0 X2
Western Digital Ultrastar DC,,960.0,,SSD,,2.5,SATA 6.0 Gb/s
Western Digital Ultrastar,1840.0,240.0,0.383,SSD,,2.5,SATA 6.0 Gb/s
Seagate IronWolf 510,,240.0,,SSD,,M.2-2280,M.2 PCIe 3.0 X4
ADATA Falcon,,2000.0,,SSD,,M.2-2280,M.2 PCIe 3.0 X4
Centon MP Essential,,1000.0,,SSD,,2.5,SATA 6.0 Gb/s
Centon MP Essential,,2000.0,,SSD,,2.5,SATA 6.0 Gb/s
Inland Professional,,2000.0,,SSD,,M.2-2280,M.2 PCIe 3.0 X4
Angelbird WRK XT,,8000.0,,SSD,,2.5,SATA 6.0 Gb/s
Angelbird AV PRO MK3,,500.0,,SSD,,2.5,SATA 6.0 Gb/s
Angelbird AV PRO MK3,7999.8,1000.0,0.4,SSD,,2.5,SATA 6.0 Gb/s
Angelbird AV PRO XT,,4000.0,,SSD,,2.5,SATA 6.0 Gb/s
Seagate FireCuda 120,,500.0,,SSD,,2.5,SATA 6.0 Gb/s
Angelbird Wings MX2,,512.0,,SSD,,PCIe,PCIe x2
Angelbird Wings MX2,,1000.0,,SSD,,PCIe,PCIe x2
TEAMGROUP Cardea II,,1000.0,,SSD,,M.2-2280,M.2 PCIe 3.0 X4
ADATA XPG GAMMIX S7,,2000.0,,SSD,,M.2-2280,M.2 PCIe 3.0 X4
Silicon Power UD70,,1000.0,,SSD,,M.2-2280,M.2 PCIe 3.0 X4
Apacer AS2280P4,,480.0,,SSD,,M.2-2280,M.2 PCIe 3.0 X4
Apacer AST280,,120.0,,SSD,,M.2-2280,M.2 SATA
Apacer AS350 PANTHER,,240.0,,SSD,,2.5,SATA 6.0 Gb/s
Apacer PPSS25,,2000.0,,SSD,,2.5,SATA 6.0 Gb/s
Neo Forza NFS01,,960.0,,SSD,,2.5,SATA 6.0 Gb/s
TEAMGROUP T-Create Classic,,1000.0,,SSD,,M.2-2280,M.2 PCIe 4.0 X4
TEAMGROUP T-Create Classic,,2000.0,,SSD,,M.2-2280,M.2 PCIe 4.0 X4
TEAMGROUP T-Create Expert,,2000.0,,SSD,,M.2-2280,M.2 PCIe 3.0 X4
Sabrent Rocket Q4,,2000.0,,SSD,,M.2-2280,M.2 PCIe 4.0 X4
Mushkin ALPHA,,8000.0,,SSD,,M.2-2280,M.2 PCIe 3.0 X4
SanDisk Ultra,,250.0,,SSD,,M.2-2280,M.2 PCIe 3.0 X4
Silicon Power XD80,,256.0,,SSD,,M.2-2280,M.2 PCIe 3.0 X4
Mushkin SOURCE 2,,120.0,,SSD,,2.5,SATA 6.0 Gb/s
Mushkin SOURCE 2,,250.0,,SSD,,2.5,SATA 6.0 Gb/s
Mushkin SOURCE 2 LT,,256.0,,SSD,,2.5,SATA 6.0 Gb/s
Mushkin SOURCE 2,,512.0,,SSD,,2.5,SATA 6.0 Gb/s
Mushkin SOURCE 2 DELUXE,,2000.0,,SSD,,2.5,SATA 6.0 Gb/s
Toshiba N300 Pro,,8000.0,,7200,256.0,3.5,SATA 6.0 Gb/s
Kingston DC450R,,7680.0,,SSD,,2.5,SATA 6.0 Gb/s
HP EX900 Pro,,256.0,,SSD,,M.2-2280,M.2 PCIe 3.0 X4
HP EX900 Pro,,512.0,,SSD,,M.2-2280,M.2 PCIe 3.0 X4
Addlink A92,,4000.0,,SSD,,M.2-2280,M.2 PCIe 4.0 X4
Addlink A92,,2000.0,,SSD,,M.2-2280,M.2 PCIe 4.0 X4
Addlink A92,,1000.0,,SSD,,M.2-2280,M.2 PCIe 4.0 X4
Addlink S95,,1000.0,,SSD,,M.2-2280,M.2 PCIe 4.0 X4
Addlink S92,,2000.0,,SSD,,M.2-2280,M.2 PCIe 4.0 X4
Addlink S72,,1000.0,,SSD,,M.2-2280,M.2 PCIe 3.0 X4
Addlink S68,,512.0,,SSD,,M.2-2280,M.2 PCIe 3.0 X4
Addlink S68,,256.0,,SSD,,M.2-2280,M.2 PCIe 3.0 X4
VisionTek PRO,2021.6,500.0,0.202,SSD,,2.5,SATA 6.0 Gb/s
VisionTek PRO,5599.8,2000.0,0.14,SSD,,2.5,SATA 6.0 Gb/s
Seagate IronWolf 525,,500.0,,SSD,,M.2-2280,M.2 PCIe 4.0 X4
Toshiba P300,,2000.0,,5400,128.0,3.5,SATA 6.0 Gb/s
Seagate Exos 7E10 4Kn,,2000.0,,7200,256.0,3.5,SATA 6.0 Gb/s
ADATA ATOM 40,,2000.0,,SSD,,M.2-2280,M.2 PCIe 3.0 X4
ADATA ATOM 30,,500.0,,SSD,,M.2-2280,M.2 PCIe 3.0 X4
ADATA ATOM 50,,1000.0,,SSD,,M.2-2280,M.2 PCIe 4.0 X4
Kingston DC1000M,,7680.0,,SSD,,2.5,U.2
Kingston DC1000M,,3840.0,,SSD,,2.5,U.2
Kingston DC1500M,,960.0,,SSD,,2.5,U.2
TEAMGROUP T-Force Cardea A440 Pro,,1000.0,,SSD,,M.2-2280,M.2 PCIe 4.0 X4
Western Digital Ultrastar DC HC550,,16000.0,,7200,512.0,3.5,SAS 12.0 Gb/s
ADATA Legend 740,,1000.0,,SSD,,M.2-2280,M.2 PCIe 3.0 X4
PNY CS900,,8000.0,,SSD,,2.5,SATA 6.0 Gb/s
Leven JS600,,64.0,,SSD,,2.5,SATA 6.0 Gb/s
Leven JP600,,1000.0,,SSD,,M.2-2280,M.2 PCIe 3.0 X4
TEAMGROUP T-Force Delta Max White RGB Lite,,512.0,,SSD,,2.5,SATA 6.0 Gb/s
TEAMGROUP T-Force Delta R RGB,,1000.0,,SSD,,2.5,SATA 6.0 Gb/s
TEAMGROUP T-Force Delta R RGB,,1000.0,,SSD,,2.5,SATA 6.0 Gb/s
TEAMGROUP T-Force Delta RGB Lite,,1000.0,,SSD,,2.5,SATA 6.0 Gb/s
TEAMGROUP T-Force Cardea A440 Pro Special Series,,1000.0,,SSD,,M.2-2280,M.2 PCIe 4.0 X4
TEAMGROUP T-Force Cardea A440 Pro Special Series,,2000.0,,SSD,,M.2-2280,M.2 PCIe 4.0 X4
TEAMGROUP T-Force Cardea IOPS,,1000.0,,SSD,,M.2-2280,M.2 PCIe 3.0 X4
TEAMGROUP T-Force Cardea Ceramic C440,,1000.0,,SSD,,M.2-2280,M.2 PCIe 4.0 X4
TEAMGROUP T-Force Cardea Ceramic C440,,2000.0,,SSD,,M.2-2280,M.2 PCIe 4.0 X4
TEAMGROUP T-Force Delta TUF Gaming Alliance RGB,,500.0,,SSD,,2.5,SATA 6.0 Gb/s
Klevv CRAS C720,,256.0,,SSD,,M.2-2280,M.2 PCIe 3.0 X4
Klevv CRAS C720,,512.0,,SSD,,M.2-2280,M.2 PCIe 3.0 X4
Klevv NEO N500,,120.0,,SSD,,M.2-2280,M.2 SATA
Inland Prime,,500.0,,SSD,,M.2-2280,M.2 PCIe 3.0 X4
TEAMGROUP CX1,,960.0,,SSD,,2.5,SATA 6.0 Gb/s
Silicon Power UD80,,1000.0,,SSD,,M.2-2280,M.2 PCIe 3.0 X4
Toshiba V300,,3000.0,,5940,64.0,3.5,SATA 6.0 Gb/s
Toshiba V300,,500.0,,5700,,3.5,SATA 6.0 Gb/s
Toshiba N300,,6000.0,,7200,256.0,3.5,SATA 6.0 Gb/s
Toshiba N300,,10000.0,,7200,,3.5,SATA 6.0 Gb/s
Toshiba N300,8887.2,14000.0,0.032,7200,,3.5,SATA 6.0 Gb/s
Toshiba N300,,14000.0,,7200,,3.5,SATA 6.0 Gb/s
Seagate IronWolf NAS,,18000.0,,7200,256.0,3.5,SATA 6.0 Gb/s
HP S700 Pro,,1000.0,,SSD,,2.5,SATA 6.0 Gb/s
Western Digital SN520,,128.0,,SSD,,M.2-2242,M.2 PCIe 3.0 X2
Western Digital SN520,,512.0,,SSD,,M.2-2230,M.2 PCIe 3.0 X2
Western Digital SN520,,256.0,,SSD,,M.2-2230,M.2 PCIe 3.0 X2
Timetec 35TTM8SSATA,,1000.0,,SSD,,M.2-2280,M.2 SATA
Timetec 35TTM8SSATA,,512.0,,SSD,,M.2-2280,M.2 SATA
Timetec 30TT253X2,,256.0,,SSD,,2.5,SATA 6.0 Gb/s
Timetec 30TT253X2,,128.0,,SSD,,2.5,SATA 6.0 Gb/s
Toshiba N300,,14000.0,,7200,512.0,3.5,SATA 6.0 Gb/s
Toshiba MQ01ABD025V,,250.0,,5400,,2.5,SATA 6.0 Gb/s
ADATA ISSS333-128GD,,128.0,,SSD,,2.5,SATA 6.0 Gb/s
ADATA ISSS333-256GP,,256.0,,SSD,,2.5,SATA 6.0 Gb/s
ADATA ISSS333-512GP,,512.0,,SSD,,2.5,SATA 6.0 Gb/s
ADATA ISSS333-002TP,,2000.0,,SSD,,2.5,SATA 6.0 Gb/s
Toshiba X300,,12000.0,,7200,256.0,3.5,SATA 6.0 Gb/s
Toshiba MG08,,16000.0,,7200,512.0,3.5,SATA 6.0 Gb/s
Toshiba MG08,,16000.0,,7200,512.0,3.5,SATA 6.0 Gb/s
Toshiba MG04ACA600A,,6000.0,,7200,128.0,3.5,SATA 6.0 Gb/s
Toshiba MG06ACA600E,5409.4,6000.0,0.045,7200,256.0,3.5,SATA 6.0 Gb/s
Toshiba MG08ADA600E,4000.0,6000.0,0.033,7200,256.0,3.5,SATA 6.0 Gb/s
Toshiba L200,,2000.0,,5400,128.0,2.5,SATA 6.0 Gb/s
Toshiba L200,,1000.0,,5400,128.0,2.5,SATA 6.0 Gb/s
Toshiba XG6,,1000.0,,SSD,,M.2-2280,M.2 PCIe 3.0 X4
Western Digital easystore,,480.0,,SSD,,2.5,SATA 6.0 Gb/s
Hitachi Ultrastar He8,,8000.0,,7200,128.0,3.5,SATA 6.0 Gb/s
Nextorage NEM-PA,,2000.0,,SSD,,M.2-2280,M.2 PCIe 4.0 X4
Seagate Exos X16,,10000.0,,7200,256.0,3.5,SATA 6.0 Gb/s
V7 V7SSD240GBS25U,,240.0,,SSD,,2.5,SATA 6.0 Gb/s
V7 V7SSD240GBM2SU,,240.0,,SSD,,M.2-2280,M.2 SATA
ADATA LEGEND 700,,1000.0,,SSD,,M.2-2280,M.2 PCIe 3.0 X4
Mushkin Delta,,4000.0,,SSD,,M.2-2280,M.2 PCIe 4.0 X4
Leven JM600,,512.0,,SSD,,M.2-2280,M.2 SATA
Western Digital SN530 SED,,256.0,,SSD,,M.2-2280,M.2 PCIe 3.0 X4
Western Digital SN530 SED,,512.0,,SSD,,M.2-2280,M.2 PCIe 3.0 X4
Western Digital SN530 SED,,1024.0,,SSD,,M.2-2280,M.2 PCIe 3.0 X4
Intel D3-S4520,5640.0,1920.0,0.147,SSD,,2.5,SATA 6.0 Gb/s
Intel D3-S4620,5482.79,960.0,0.286,SSD,,2.5,SATA 6.0 Gb/s
Intel D3-S4620,4220.0,480.0,0.44,SSD,,2.5,SATA 6.0 Gb/s
Intel D3-S4520,3999.8,480.0,0.417,SSD,,M.2-2280,M.2 SATA
MSI SPATIUM M460 HS,,250.0,,SSD,,M.2-2280,M.2 PCIe 4.0 X4
PNY CS2240,,500.0,,SSD,,M.2-2280,M.2 PCIe 4.0 X4
Leven JPX600 PRO,,2000.0,,SSD,,M.2-2280,M.2 PCIe 4.0 X4
Leven JPX600 PRO,,4000.0,,SSD,,M.2-2280,M.2 PCIe 4.0 X4
Leven JPS600,,4000.0,,SSD,,M.2-2280,M.2 PCIe 3.0 X4
Leven JPS800,,4000.0,,SSD,,M.2-2280,M.2 PCIe 4.0 X4
Netac NV5000-t,,500.0,,SSD,,M.2-2280,M.2 PCIe 4.0 X4
Timetec PINNACLE SD1-INDEX,,512.0,,SSD,,M.2-2280,M.2 PCIe 4.0 X4
Mushkin ELEMENT,,256.0,,SSD,,2.5,SATA 6.0 Gb/s
Mushkin ELEMENT,6181.0,2000.0,0.155,SSD,,2.5,SATA 6.0 Gb/s
Addlink S90 Lite,,2000.0,,SSD,,M.2-2280,M.2 PCIe 4.0 X4
VisionTek DLX3,2299.79,1000.0,0.115,SSD,,M.2-2280,M.2 PCIe 3.0 X4
ADATA XPG ASX8600 Pro,,2000.0,,SSD,,M.2-2280,M.2 PCIe 3.0 X4
Addlink S95,,4000.0,,SSD,,M.2-2280,M.2 PCIe 4.0 X4
TEAMGROUP MP34S,,512.0,,SSD,,M.2-2242,M.2 PCIe 3.0 X4
KIOXIA BG5 SED,,1000.0,,SSD,,M.2-2280,M.2 PCIe 4.0 X4
Nextorage NE5N,,1000.0,,SSD,,M.2-2280,M.2 PCIe 5.0 X4
Leven JPS850,,8000.0,,SSD,,M.2-2280,M.2 PCIe 4.0 X4
Micron 5300 PRO,,7680.0,,SSD,,2.5,SATA 6.0 Gb/s
Solidigm P41 Plus,,1000.0,,SSD,,M.2-2230,M.2 PCIe 4.0 X4
Nextorage G-Series,,1000.0,,SSD,,M.2-2280,M.2 PCIe 4.0 X4
Western Digital PC SN740 Pyrite,,2000.0,,SSD,,M.2-2230,M.2 PCIe 4.0 X4
Oyen Digital E12S-8000N28A,,8000.0,,SSD,,M.2-2280,M.2 PCIe 3.0 X4
Oyen Digital Dash Pro w/Heat Sink,6998.0,4000.0,0.087,SSD,,M.2-2280,M.2 PCIe 4.0 X4
VisionTek DLX4 Pro,8966.2,4000.0,0.112,SSD,,M.2-2280,M.2 PCIe 4.0 X4
VisionTek DLX4,1339.6,512.0,0.131,SSD,,M.2-2280,M.2 PCIe 4.0 X4
VisionTek DLX4,,1000.0,,SSD,,M.2-2280,M.2 PCIe 4.0 X4
Toshiba MG09 4Kn,,20000.0,,7200,512.0,3.5,SATA 6.0 Gb/s
Toshiba MG09 512e SED,,18000.0,,7200,512.0,3.5,SATA 6.0 Gb/s
Toshiba MG09 4Kn,,16000.0,,7200,512.0,3.5,SATA 6.0 Gb/s
Toshiba MN,,18000.0,,7200,512.0,3.5,SATA 6.0 Gb/s
Toshiba MN,,16000.0,,7200,512.0,3.5,SATA 6.0 Gb/s
Toshiba MN,,6000.0,,7200,256.0,3.5,SATA 6.0 Gb/s
Toshiba MD06-V,,6000.0,,7200,256.0,3.5,SATA 6.0 Gb/s
Toshiba DT02-V,,4000.0,,5400,128.0,3.5,SATA 6.0 Gb/s
Toshiba DT01-V,,3000.0,,5940,64.0,3.5,SATA 6.0 Gb/s
Toshiba DT01-V,,500.0,,5940,32.0,3.5,SATA 6.0 Gb/s
Toshiba DT02,,2000.0,,5400,128.0,3.5,SATA 6.0 Gb/s
G.Skill Ripjaws S3,,120.0,,SSD,,M.2-2280,M.2 SATA
Seagate FireCuda 520 Rev 2.0,,2000.0,,SSD,,M.2-2280,M.2 PCIe 4.0 X4
Inland Enterprise,,480.0,,SSD,,2.5,SATA 6.0 Gb/s
Inland Enterprise,,960.0,,SSD,,2.5,SATA 6.0 Gb/s
KingSpec XG7000 PRO,,4000.0,,SSD,,M.2-2280,M.2 PCIe 4.0 X4
Titanium Micro TH4985,,1000.0,,SSD,,M.2-2280,M.2 PCIe 4.0 X4
Titanium Micro TH3500,,8000.0,,SSD,,M.2-2280,M.2 PCIe 3.0 X4
TEAMGROUP T-FORCE G50 PRO,,2000.0,,SSD,,M.2-2280,M.2 PCIe 4.0 X4
TEAMGROUP T-FORCE G70 PRO Graphene,,512.0,,SSD,,M.2-2280,M.2 PCIe 4.0 X4
TEAMGROUP T-FORCE G70,,512.0,,SSD,,M.2-2280,M.2 PCIe 4.0 X4
TEAMGROUP T-FORCE G70,,1000.0,,SSD,,M.2-2280,M.2 PCIe 4.0 X4
Transcend 830S,1599.8,1000.0,0.08,SSD,,M.2-2280,M.2 SATA
FanXiang S900,,2000.0,,SSD,,M.2-2280,M.2 PCIe 5.0 X4
Lexar NQ710,,4000.0,,SSD,,M.2-2280,M.2 PCIe 4.0 X4
Seagate Barracuda PCIe,,2000.0,,SSD,,M.2-2280,M.2 PCIe 4.0 X4
ADATA Ultimate SU650,,240.0,,SSD,,M.2-2280,M.2 SATA
OWC Mercury Electra 6G,,500.0,,SSD,,2.5,SATA 6.0 Gb/s
Micron 5400 Pro,,240.0,,SSD,,2.5,SATA 6.0 Gb/s
Micron 5400 Pro,,480.0,,SSD,,2.5,SATA 6.0 Gb/s
Micron 5400 Pro eSSC,,240.0,,SSD,,2.5,SATA 6.0 Gb/s
Lenovo S4520,,3840.0,,SSD,,3.5,SATA 6.0 Gb/s
TEAMGROUP T-Force GE PRO Graphene,,1000.0,,SSD,,M.2-2280,M.2 PCIe 5.0 X4
YEYIAN Valk,,512.0,,SSD,,2.5,SATA 6.0 Gb/s
TEAMGROUP T-FORCE Z44A7,,512.0,,SSD,,M.2-2280,M.2 PCIe 4.0 X4
TEAMGROUP T-FORCE Z44A3,,1000.0,,SSD,,M.2-2280,M.2 PCIe 4.0 X4
TEAMGROUP T-FORCE Z44A3,,512.0,,SSD,,M.2-2280,M.2 PCIe 4.0 X4
MSI SPATIUM M480 PRO PLAY,,1000.0,,SSD,1024.0,M.2-2280,M.2 PCIe 4.0 X4
MSI SPATIUM M480 PRO PLAY,,4000.0,,SSD,2048.0,M.2-2280,M.2 PCIe 4.0 X4
AGI AI818,,512.0,,SSD,,M.2-2280,M.2 PCIe 4.0 X4
AGI AI838,,1000.0,,SSD,,M.2-2280,M.2 PCIe 4.0 X4
AGI AI218,,256.0,,SSD,,M.2-2280,M.2 PCIe 3.0 X4
Fantom Drives VENOM7 PS5,,2000.0,,SSD,,M.2-2280,M.2 PCIe 4.0 X4
MSI SPATIUM M480 PRO HS,,4000.0,,SSD,2048.0,M.2-2280,M.2 PCIe 4.0 X4
Klevv CRAS C925,,2000.0,,SSD,,M.2-2280,M.2 PCIe 4.0 X4
Lexar NM1090 w/ Heatsink,,4000.0,,SSD,,M.2-2280,M.2 PCIe 5.0 X4
Seagate BarraCuda 520,,1024.0,,SSD,,M.2-2280,M.2 PCIe 4.0 X4
Seagate BarraCuda 530,,512.0,,SSD,,M.2-2280,M.2 PCIe 4.0 X4
KIOXIA BG4,,1000.0,,SSD,,M.2-2230,M.2 PCIe 3.0 X4
Apacer AS2280P4U,,1000.0,,SSD,,M.2-2280,M.2 PCIe 3.0 X4
Apacer AS2280P4U Pro,,256.0,,SSD,,M.2-2280,M.2 PCIe 3.0 X4
‎FFF Smart Life Connected ‎G-Storategy NV470 w/Heatsink,,1000.0,,SSD,,M.2-2280,M.2 PCIe 4.0 X4
XOC SP900,,512.0,,SSD,,M.2-2280,M.2 PCIe 4.0 X4
Seagate Exos X24 SED-FIPS,,24000.0,,7200,512.0,3.5,SAS 12.0 Gb/s
Mushkin MKNSSDED500GB-D8,,500.0,,SSD,,M.2-2280,M.2 PCIe 4.0 X4
Addlink G55H,,4000.0,,SSD,,M.2-2280,M.2 PCIe 5.0 X4
OWC Aura Pro IV,1979.8,1000.0,0.099,SSD,,M.2-2280,M.2 PCIe 4.0 X4
OWC Aura Ultra IV,,4000.0,,SSD,,M.2-2280,M.2 PCIe 4.0 X4
OWC Aura Ultra IV,2599.8,1000.0,0.13,SSD,,M.2-2280,M.2 PCIe 4.0 X4
OWC Aura Ultra IV,,500.0,,SSD,,M.2-2280,M.2 PCIe 4.0 X4
XOC Nitro,,128.0,,SSD,,2.5,SATA 6.0 Gb/s
XOC Nitro,,2000.0,,SSD,,2.5,SATA 6.0 Gb/s
Integral V Series 2,,960.0,,SSD,,2.5,SATA 6.0 Gb/s
Integral Industrial,,128.0,,SSD,,2.5,SATA 6.0 Gb/s
Integral 2020,,256.0,,SSD,,M.2-2280,M.2 SATA
Integral 2020,,1000.0,,SSD,,M.2-2280,M.2 SATA
Integral INSSD1TM2242G3,,1000.0,,SSD,,M.2-2242,M.2 PCIe 3.0 X4
Western Digital SN720,,2000.0,,SSD,,M.2-2280,M.2 PCIe 3.0 X4
AGI AI828,1759.8,1000.0,0.088,SSD,,M.2-2280,M.2 PCIe 4.0 X4
AGI AI838,,4000.0,,SSD,,M.2-2280,M.2 PCIe 4.0 X4
Orico D10,559.79,256.0,0.109,SSD,,M.2-2230,M.2 PCIe 3.0 X4
Seagate Exos X24,8999.79,20000.0,0.022,7200,512.0,3.5,SAS 12.0 Gb/s
Western Digital Black AN1500,,2000.0,,SSD,,PCIe,PCIe x8
Seagate ST2000NX0273,2702.6,2000.0,0.068,7200,128.0,2.5,SAS 12.0 Gb/s
Mushkin Gamma,,4000.0,,SSD,,M.2-2280,M.2 PCIe 4.0 X4
Leven JS600,,4000.0,,SSD,,2.5,SATA 6.0 Gb/s
Toshiba N300,,8000.0,,7200,256.0,3.5,SATA 6.0 Gb/s
Inland TN436,1539.6,1000.0,0.077,SSD,,M.2-2230,M.2 PCIe 4.0 X4
Mushkin ELEMENT,,4000.0,,SSD,,2.5,SATA 6.0 Gb/s
Samsung Spinpoint M5,580.0,160.0,0.181,5400,8.0,2.5,PATA 44-Pin 100
Seagate Constellation ES.3,3377.4,1000.0,0.169,7200,128.0,3.5,SAS 6.0 Gb/s
Seagate Constellation ES.3,,1000.0,,7200,128.0,3.5,SAS 6.0 Gb/s
Intel 530,2730.0,240.0,0.569,SSD,,mSATA,mSATA
Intel DC S4600,5815.4,1900.0,0.153,SSD,,2.5,SATA 6.0 Gb/s
Transcend 220S,3155.2,2000.0,0.079,SSD,,M.2-2280,M.2 PCIe 3.0 X4
VisionTek DLX4,2146.8,1000.0,0.107,SSD,,M.2-2242,M.2 PCIe 4.0 X4
Transcend 830S,3380.0,2000.0,0.084,SSD,,M.2-2280,M.2 SATA
Integral 2020,,2000.0,,SSD,,M.2-2280,M.2 SATA
Integral INSSD1TM2230G4,,1000.0,,SSD,,M.2-2230,M.2 PCIe 4.0 X4
Integral INSSD2TM2230G4,,2000.0,,SSD,,M.2-2230,M.2 PCIe 4.0 X4
Intel X25-M,7937.2,160.0,,SSD,,2.5,SATA 3.0 Gb/s
Verbatim Verbatim SATA II,1863.0,64.0,,SSD,,2.5,SATA 3.0 Gb/s
Seagate Constellation ES.2,,2000.0,,7200,64.0,3.5,SATA 6.0 Gb/s
Intel 525,,30.0,,SSD,,mSATA,mSATA
OCZ Nocti,,30.0,,SSD,,mSATA,mSATA
Seagate Constellation ES,2826.39,500.0,0.283,7200,64.0,3.5,SAS 6.0 Gb/s
Seagate 1200 SSD,4500.0,200.0,1.125,SSD,,2.5,SAS 12.0 Gb/s
Seagate Enterprise,3270.0,6000.0,0.027,7200,128.0,3.5,SAS 12.0 Gb/s
Seagate ST3146356SS-IM,1360.0,146.0,0.466,15000,16.0,3.5,SAS 3.0 Gb/s
Seagate Momentus 7200.4,599.79,160.0,0.187,7200,16.0,2.5,SATA 3.0 Gb/s
Hitachi Ultrastar He8,,8000.0,,7200,128.0,3.5,SAS 12.0 Gb/s
Seagate Enterprise Capacity,,2000.0,,7200,128.0,3.5,SAS 12.0 Gb/s
Seagate Enterprise Capacity,5300.0,4000.0,0.066,7200,128.0,3.5,SAS 12.0 Gb/s
Seagate Enterprise Capacity,3980.0,6000.0,0.033,7200,256.0,3.5,SAS 12.0 Gb/s
Toshiba N300,8127.79,14000.0,0.029,7200,256.0,3.5,SATA 6.0 Gb/s
Seagate SkyHawk Surveillance,,3000.0,,5900,256.0,3.5,SATA 6.0 Gb/s
Toshiba S300 Pro,5599.0,10000.0,0.028,7200,256.0,3.5,SATA 6.0 Gb/s
Intel 320,,40.0,,SSD,,2.5,SATA 3.0 Gb/s
Silicon Power A58,,128.0,,SSD,,2.5,SATA 6.0 Gb/s
Seagate Exos X18,,16000.0,,7200,256.0,3.5,SAS 12.0 Gb/s
Western Digital Ultrastar DC HC550,7520.0,16000.0,0.024,7200,512.0,3.5,SAS 12.0 Gb/s
Toshiba N300,12615.8,6000.0,0.105,7200,,3.5,SATA 6.0 Gb/s
Toshiba N300,,16000.0,,7200,,3.5,SATA 6.0 Gb/s
V7 V7SSD120GBM2SU,,120.0,,SSD,,M.2-2280,M.2 SATA
VisionTek DLX3,798.6,256.0,0.156,SSD,,M.2-2280,M.2 PCIe 3.0 X4
Seagate Exos X22,,20000.0,,7200,512.0,3.5,SATA 6.0 Gb/s
Silicon Power UD90,,500.0,,SSD,,M.2-2230,M.2 PCIe 4.0 X4
VisionTek DLX4,4499.8,2000.0,0.112,SSD,,M.2-2230,M.2 PCIe 4.0 X4
Fantom Drives VenomX,,2000.0,,SSD,,M.2-2230,M.2 PCIe 4.0 X4
ADATA XPG GAMMIX S55,,1000.0,,SSD,,M.2-2230,M.2 PCIe 4.0 X4
Mushkin MKNSSDED2TB-D8,,2000.0,,SSD,,M.2-2280,M.2 PCIe 4.0 X4
Integral INSSD512GM242,,512.0,,SSD,,M.2-2242,M.2 SATA
Transcend MTE410S,1998.0,1000.0,0.1,SSD,,M.2-2242,M.2 PCIe 4.0 X4
AGI AI828,2939.8,2000.0,0.073,SSD,,M.2-2280,M.2 PCIe 4.0 X4
Western Digital VelociRaptor,,300.0,,10000,16.0,2.5,SATA 3.0 Gb/s
Western Digital RE4,,1500.0,,7200,64.0,3.5,SATA 3.0 Gb/s
Western Digital RE3,,320.0,,7200,16.0,3.5,SATA 3.0 Gb/s
Western Digital RE2,1959.0,750.0,0.131,7200,16.0,3.5,SATA 3.0 Gb/s
Western Digital RE2,,400.0,,7200,16.0,3.5,SATA 3.0 Gb/s
Western Digital RE2,,320.0,,7200,16.0,3.5,SATA 3.0 Gb/s
Western Digital RE2-GP,2998.8,750.0,0.2,7200,16.0,3.5,SATA 3.0 Gb/s
Western Digital Caviar Blue,,320.0,,7200,32.0,3.5,SATA 6.0 Gb/s
Western Digital Caviar Green,,640.0,,5400,64.0,3.5,SATA 3.0 Gb/s
Western Digital Caviar Green,2978.8,750.0,0.199,5400,32.0,3.5,SATA 3.0 Gb/s
Western Digital Caviar Green,,640.0,,5400,32.0,3.5,SATA 3.0 Gb/s
Western Digital Caviar Green,,750.0,,5400,16.0,3.5,SATA 3.0 Gb/s
Western Digital Scorpio Black,,320.0,,7200,16.0,2.5,SATA 3.0 Gb/s
Western Digital Scorpio Black,,160.0,,7200,16.0,2.5,SATA 3.0 Gb/s
Western Digital Scorpio Black,,80.0,,7200,16.0,2.5,SATA 3.0 Gb/s
Western Digital Scorpio Blue,,640.0,,5400,8.0,2.5,SATA 3.0 Gb/s
Western Digital Scorpio Blue,,320.0,,5400,8.0,2.5,SATA 3.0 Gb/s
Western Digital Scorpio Blue,,160.0,,5400,8.0,2.5,SATA 3.0 Gb/s
Western Digital AV,,500.0,,7200,8.0,3.5,SATA 3.0 Gb/s
Western Digital AV,,320.0,,7200,8.0,3.5,SATA 3.0 Gb/s
Western Digital AV,,250.0,,7200,8.0,3.5,SATA 3.0 Gb/s
Western Digital AV,1432.6,160.0,,7200,8.0,3.5,SATA 3.0 Gb/s
Western Digital AV-GP,,750.0,,5400,32.0,3.5,SATA 3.0 Gb/s
Western Digital AV-GP,,750.0,,5400,8.0,3.5,SATA 3.0 Gb/s
Western Digital AV-25,1137.6,320.0,,5400,32.0,2.5,SATA 3.0 Gb/s
Western Digital AV-25,,250.0,,5400,32.0,2.5,SATA 3.0 Gb/s
Western Digital AV-25,,160.0,,5400,32.0,2.5,SATA 3.0 Gb/s
Hitachi 7K1000.B,,250.0,,7200,8.0,3.5,SATA 3.0 Gb/s
Hitachi E7K1000,,750.0,,7200,32.0,3.5,SATA 3.0 Gb/s
Seagate BarraCuda,,1500.0,,7200,32.0,3.5,SATA 3.0 Gb/s
Seagate BarraCuda,,1000.0,,5900,32.0,3.5,SATA 3.0 Gb/s
Seagate BarraCuda,,1500.0,,5900,32.0,3.5,SATA 3.0 Gb/s
Intel X25-E,,32.0,,SSD,,2.5,SATA 3.0 Gb/s
Intel X25-E,,32.0,,SSD,,2.5,SATA 3.0 Gb/s
Intel X25-E,,64.0,,SSD,,2.5,SATA 3.0 Gb/s
Intel X25-M,,80.0,,SSD,,2.5,SATA 3.0 Gb/s
Intel X25-M,,80.0,,SSD,,2.5,SATA 3.0 Gb/s
Intel X25-M,,80.0,,SSD,,2.5,SATA 3.0 Gb/s
Intel X25-M,,160.0,,SSD,,2.5,SATA 3.0 Gb/s
Intel X25-M,6000.0,160.0,1.875,SSD,,2.5,SATA 3.0 Gb/s
Intel X25-M,,80.0,,SSD,,2.5,SATA 3.0 Gb/s
Intel X25-M,,80.0,,SSD,,2.5,SATA 3.0 Gb/s
Intel X25-M,,80.0,,SSD,,2.5,SATA 3.0 Gb/s
Intel X25-M,,80.0,,SSD,,2.5,SATA 3.0 Gb/s
Intel X25-M,,80.0,,SSD,,2.5,SATA 3.0 Gb/s
Intel X25-M,,160.0,,SSD,,2.5,SATA 3.0 Gb/s
Intel X25-M,,160.0,,SSD,,2.5,SATA 3.0 Gb/s
Samsung Spinpoint F3 EG,,320.0,,5400,16.0,3.5,SATA 3.0 Gb/s
Samsung Spinpoint F3 EG,,250.0,,5400,16.0,3.5,SATA 3.0 Gb/s
Samsung Spinpoint F3,,320.0,,7200,16.0,3.5,SATA 3.0 Gb/s
Samsung Spinpoint F3,,320.0,,7200,8.0,3.5,SATA 3.0 Gb/s
Samsung Spinpoint F3,,250.0,,7200,16.0,3.5,SATA 3.0 Gb/s
Samsung Spinpoint F3,,160.0,,7200,8.0,3.5,SATA 3.0 Gb/s
Samsung Spinpoint F3 RE,,640.0,,7200,16.0,3.5,SATA 3.0 Gb/s
Samsung Spinpoint F2 EG,,1500.0,,5400,16.0,3.5,SATA 3.0 Gb/s
Samsung Spinpoint F2 EG,,1000.0,,5400,16.0,3.5,SATA 3.0 Gb/s
Samsung Spinpoint F1 EG,,1000.0,,5400,32.0,3.5,SATA 3.0 Gb/s
Samsung Spinpoint F1 EG,,750.0,,5400,32.0,3.5,SATA 3.0 Gb/s
Samsung Spinpoint F1 EG,,640.0,,5400,16.0,3.5,SATA 3.0 Gb/s
Samsung Spinpoint F1 EG,,500.0,,5400,16.0,3.5,SATA 3.0 Gb/s
Samsung Spinpoint F1 EG,,320.0,,5400,16.0,3.5,SATA 3.0 Gb/s
Samsung Spinpoint F1 EG,,250.0,,5400,16.0,3.5,SATA 3.0 Gb/s
Samsung Spinpoint F1 EG,,750.0,,5400,32.0,3.5,SATA 3.0 Gb/s
Samsung Spinpoint F1 EG,,640.0,,5400,16.0,3.5,SATA 3.0 Gb/s
Samsung Spinpoint F1 EG,,320.0,,5400,16.0,3.5,SATA 3.0 Gb/s
Samsung Spinpoint F1 EG,,250.0,,5400,16.0,3.5,SATA 3.0 Gb/s
Samsung Spinpoint F1 DT,,160.0,,7200,16.0,3.5,SATA 3.0 Gb/s
Samsung Spinpoint F1 RAID,,750.0,,7200,32.0,3.5,SATA 3.0 Gb/s
Samsung Spinpoint F1 RAID,,500.0,,7200,16.0,3.5,SATA 3.0 Gb/s
Samsung Spinpoint F1 RAID,,320.0,,7200,16.0,3.5,SATA 3.0 Gb/s
Samsung Spinpoint F1 RAID,,250.0,,7200,16.0,3.5,SATA 3.0 Gb/s
Samsung Spinpoint F1 CE,,750.0,,7200,32.0,3.5,SATA 3.0 Gb/s
Samsung Spinpoint F1 CE,,640.0,,7200,16.0,3.5,SATA 3.0 Gb/s
Samsung Spinpoint F1 CE,,500.0,,7200,16.0,3.5,SATA 3.0 Gb/s
Samsung Spinpoint F1 CE,,320.0,,7200,8.0,3.5,SATA 3.0 Gb/s
Samsung Spinpoint F1 CE,,250.0,,7200,8.0,3.5,SATA 3.0 Gb/s
Samsung Spinpoint MP4,,320.0,,7200,16.0,2.5,SATA 3.0 Gb/s
Samsung Spinpoint M7,,120.0,,5400,8.0,2.5,SATA 3.0 Gb/s
Samsung Spinpoint M7,,160.0,,5400,8.0,2.5,SATA 3.0 Gb/s
Samsung Spinpoint M7,,250.0,,5400,8.0,2.5,SATA 3.0 Gb/s
Samsung Spinpoint M7,,400.0,,5400,8.0,2.5,SATA 3.0 Gb/s
Samsung Spinpoint M7E,,250.0,,5400,8.0,2.5,SATA 3.0 Gb/s
Samsung Spinpoint M7E,,160.0,,5400,8.0,2.5,SATA 3.0 Gb/s
OCZ Colossus,,120.0,,SSD,128.0,3.5,SATA 3.0 Gb/s
OCZ Colossus,,250.0,,SSD,128.0,3.5,SATA 3.0 Gb/s
OCZ Colossus LT,,120.0,,SSD,128.0,3.5,SATA 3.0 Gb/s
OCZ Vertex 2 EX,,100.0,,SSD,,2.5,SATA 3.0 Gb/s
OCZ Vertex 2 EX,,200.0,,SSD,,2.5,SATA 3.0 Gb/s
OCZ Vertex 2 Pro,,50.0,,SSD,,2.5,SATA 3.0 Gb/s
OCZ Vertex 2 Pro,,100.0,,SSD,,2.5,SATA 3.0 Gb/s
OCZ Vertex EX,,60.0,,SSD,,2.5,SATA 3.0 Gb/s
OCZ Vertex EX,,120.0,,SSD,,2.5,SATA 3.0 Gb/s
OCZ Vertex Limited,,50.0,,SSD,,2.5,SATA 3.0 Gb/s
OCZ Vertex Limited,,100.0,,SSD,,2.5,SATA 3.0 Gb/s
OCZ Vertex 2,,50.0,,SSD,,2.5,SATA 3.0 Gb/s
OCZ Vertex 2,,200.0,,SSD,,2.5,SATA 3.0 Gb/s
OCZ Vertex 2,,400.0,,SSD,,2.5,SATA 3.0 Gb/s
OCZ Agility 2,,50.0,,SSD,,2.5,SATA 3.0 Gb/s
OCZ Agility 2,,100.0,,SSD,,2.5,SATA 3.0 Gb/s
OCZ Agility 2,,400.0,,SSD,,2.5,SATA 3.0 Gb/s
OCZ Agility 2,2998.8,60.0,2.499,SSD,,2.5,SATA 3.0 Gb/s
OCZ Agility 2,,120.0,,SSD,,2.5,SATA 3.0 Gb/s
OCZ Agility 2,,240.0,,SSD,,2.5,SATA 3.0 Gb/s
OCZ Agility 2,,480.0,,SSD,,2.5,SATA 3.0 Gb/s
OCZ Vertex Turbo,,30.0,,SSD,,2.5,SATA 3.0 Gb/s
OCZ Vertex Turbo,,60.0,,SSD,,2.5,SATA 3.0 Gb/s
OCZ Vertex Turbo,,120.0,,SSD,,2.5,SATA 3.0 Gb/s
OCZ Vertex,,30.0,,SSD,,2.5,SATA 3.0 Gb/s
OCZ Vertex,,60.0,,SSD,,2.5,SATA 3.0 Gb/s
OCZ Vertex,,90.0,,SSD,,2.5,SATA 3.0 Gb/s
OCZ Vertex,,120.0,,SSD,,2.5,SATA 3.0 Gb/s
OCZ Vertex,,250.0,,SSD,,2.5,SATA 3.0 Gb/s
OCZ Agility,,60.0,,SSD,,2.5,SATA 3.0 Gb/s
OCZ Agility,,120.0,,SSD,,2.5,SATA 3.0 Gb/s
OCZ Solid 2,,30.0,,SSD,,2.5,SATA 3.0 Gb/s
OCZ Solid 2,,60.0,,SSD,,2.5,SATA 3.0 Gb/s
OCZ Solid 2,,120.0,,SSD,,2.5,SATA 3.0 Gb/s
OCZ Onyx,,32.0,,SSD,,2.5,SATA 3.0 Gb/s
OCZ Onyx,,64.0,,SSD,,2.5,SATA 3.0 Gb/s
Hitachi Deskstar,,1000.0,,7200,32.0,3.5,SATA 3.0 Gb/s
Seagate Barracuda LP,,1500.0,,5900,32.0,3.5,SATA 3.0 Gb/s
Seagate Barracuda ES.2,2230.0,750.0,0.149,7200,32.0,3.5,SATA 3.0 Gb/s
Western Digital Caviar Blue,,250.0,,7200,8.0,3.5,PATA 100
Western Digital VelociRaptor,,300.0,,10000,16.0,3.5,SATA 3.0 Gb/s
Western Digital Caviar Blue,,160.0,,7200,8.0,3.5,PATA 100
Western Digital AV,,500.0,,7200,8.0,3.5,PATA 100
Western Digital Caviar SE,,500.0,,7200,8.0,3.5,PATA 100
Corsair Performance,,256.0,,SSD,,2.5,SATA 3.0 Gb/s
OCZ Vertex 2,,40.0,,SSD,,2.5,SATA 3.0 Gb/s
OCZ Vertex 2,,90.0,,SSD,,2.5,SATA 3.0 Gb/s
OCZ Vertex 2,,180.0,,SSD,,2.5,SATA 3.0 Gb/s
Seagate BarraCuda,,160.0,,7200,8.0,3.5,SATA 3.0 Gb/s
Seagate BarraCuda,,160.0,,7200,8.0,3.5,SATA 3.0 Gb/s
Western Digital AV-GP,,2000.0,,5400,64.0,3.5,SATA 3.0 Gb/s
Western Digital RE4-GP,,1500.0,,5400,64.0,3.5,SATA 3.0 Gb/s
Samsung Spinpoint F4,,320.0,,7200,16.0,3.5,SATA 3.0 Gb/s
Western Digital Caviar Green,,1500.0,,5400,32.0,3.5,SATA 3.0 Gb/s
Western Digital Caviar Blue,,320.0,,7200,16.0,3.5,SATA 3.0 Gb/s
Western Digital Caviar Blue,,500.0,,7200,16.0,3.5,SATA 3.0 Gb/s
Western Digital VelociRaptor,,600.0,,10000,32.0,3.5,SATA 6.0 Gb/s
Kingston SSDNow E,,64.0,,SSD,,2.5,SATA 3.0 Gb/s
Kingston SSDNow V,,30.0,,SSD,,2.5,SATA 3.0 Gb/s
Kingston SSDNow V,,128.0,,SSD,,2.5,SATA 3.0 Gb/s
Kingston SSDNow V,,128.0,,SSD,,2.5,SATA 3.0 Gb/s
Kingston SSDNow V+,,128.0,,SSD,,2.5,SATA 3.0 Gb/s
Kingston SSDNow V+,,64.0,,SSD,,2.5,SATA 3.0 Gb/s
Kingston SSDNow V+,,256.0,,SSD,,2.5,SATA 3.0 Gb/s
Kingston SSDNow V100,,128.0,,SSD,,2.5,SATA 3.0 Gb/s
Kingston SSDNow V100,,256.0,,SSD,,2.5,SATA 3.0 Gb/s
Kingston SSDNow V100,,64.0,,SSD,,2.5,SATA 3.0 Gb/s
Kingston SSDNow V100,,64.0,,SSD,,2.5,SATA 3.0 Gb/s
Kingston SSDNow V+ 100E,,128.0,,SSD,,2.5,SATA 3.0 Gb/s
Kingston SSDNow V+ 100E,,64.0,,SSD,,2.5,SATA 3.0 Gb/s
Kingston SSDNow V+100,,128.0,,SSD,,2.5,SATA 3.0 Gb/s
Kingston SSDNow V+100,,64.0,,SSD,,2.5,SATA 3.0 Gb/s
Intel X25-M,3599.0,160.0,1.125,SSD,,2.5,SATA 3.0 Gb/s
Intel X25-M,,160.0,,SSD,,2.5,SATA 3.0 Gb/s
Crucial RealSSD C300,,64.0,,SSD,,2.5,SATA 6.0 Gb/s
Crucial RealSSD C300,,128.0,,SSD,,2.5,SATA 6.0 Gb/s
Crucial RealSSD C300,,256.0,,SSD,,2.5,SATA 6.0 Gb/s
OCZ Vertex 2,,160.0,,SSD,,2.5,SATA 3.0 Gb/s
OCZ Vertex 2,,180.0,,SSD,,3.5,SATA 3.0 Gb/s
OCZ Vertex 2,,90.0,,SSD,,3.5,SATA 3.0 Gb/s
OCZ Agility 2,,160.0,,SSD,,2.5,SATA 3.0 Gb/s
OCZ Agility 2,,40.0,,SSD,,2.5,SATA 3.0 Gb/s
OCZ Agility 2,,80.0,,SSD,,2.5,SATA 3.0 Gb/s
OCZ Agility 2,,180.0,,SSD,,2.5,SATA 3.0 Gb/s
OCZ Agility 2,,90.0,,SSD,,2.5,SATA 3.0 Gb/s
OCZ Agility 2,,120.0,,SSD,,3.5,SATA 3.0 Gb/s
ADATA S599,,256.0,,SSD,,2.5,SATA 3.0 Gb/s
ADATA S599,,40.0,,SSD,,2.5,SATA 3.0 Gb/s
ADATA S599,,64.0,,SSD,,2.5,SATA 3.0 Gb/s
Corsair Force,,180.0,,SSD,,2.5,SATA 3.0 Gb/s
Corsair Force,,240.0,,SSD,,2.5,SATA 3.0 Gb/s
Corsair Force,,60.0,,SSD,,2.5,SATA 3.0 Gb/s
Corsair Force,,90.0,,SSD,,2.5,SATA 3.0 Gb/s
Corsair Nova,,128.0,,SSD,,2.5,SATA 3.0 Gb/s
Corsair Nova,,64.0,,SSD,,2.5,SATA 3.0 Gb/s
ADATA S599,,128.0,,SSD,,2.5,SATA 3.0 Gb/s
Corsair Force,,40.0,,SSD,,2.5,SATA 3.0 Gb/s
G.Skill Phoenix,,60.0,,SSD,,2.5,SATA 3.0 Gb/s
G.Skill Phoenix Pro,,80.0,,SSD,,2.5,SATA 3.0 Gb/s
G.Skill Sniper Gaming,,60.0,,SSD,,2.5,SATA 3.0 Gb/s
G.Skill Phoenix Pro,,60.0,,SSD,,2.5,SATA 3.0 Gb/s
G.Skill Phoenix Pro,,120.0,,SSD,,2.5,SATA 3.0 Gb/s
G.Skill Phoenix,,120.0,,SSD,,2.5,SATA 3.0 Gb/s
OCZ Onyx 2,,240.0,,SSD,,2.5,SATA 3.0 Gb/s
Mushkin Callisto Deluxe,,240.0,,SSD,,2.5,SATA 3.0 Gb/s
Patriot Inferno,,60.0,,SSD,,2.5,SATA 3.0 Gb/s
Mushkin Callisto Deluxe,,60.0,,SSD,,2.5,SATA 3.0 Gb/s
Mushkin Callisto Deluxe,,40.0,,SSD,,2.5,SATA 3.0 Gb/s
Samsung 470,,128.0,,SSD,,2.5,SATA 3.0 Gb/s
Samsung 470,,64.0,,SSD,,2.5,SATA 3.0 Gb/s
Hitachi A7K2000,1979.0,1000.0,0.099,7200,32.0,3.5,SATA 3.0 Gb/s
Hitachi 7K500,,160.0,,7200,16.0,2.5,SATA 3.0 Gb/s
Hitachi E5K500.B,,160.0,,5400,8.0,2.5,SATA 3.0 Gb/s
Western Digital RE4,,250.0,,7200,64.0,3.5,SATA 3.0 Gb/s
Western Digital Caviar Green,,3000.0,,5400,64.0,3.5,SATA 3.0 Gb/s
Seagate Constellation ES,1579.6,500.0,0.158,7200,32.0,3.5,SATA 3.0 Gb/s
Western Digital RE2,,500.0,,7200,16.0,3.5,SATA 3.0 Gb/s
Western Digital VelociRaptor,,300.0,,10000,16.0,3.5,SATA 3.0 Gb/s
Western Digital Caviar Black,,750.0,,7200,64.0,3.5,SATA 6.0 Gb/s
Hitachi 7K1000.C,,160.0,,7200,8.0,3.5,SATA 3.0 Gb/s
Seagate BarraCuda,,160.0,,7200,8.0,3.5,SATA 6.0 Gb/s
OCZ Vertex 2,,320.0,,SSD,,2.5,SATA 3.0 Gb/s
Zalman N,,128.0,,SSD,,2.5,SATA 3.0 Gb/s
Zalman N,,64.0,,SSD,,2.5,SATA 3.0 Gb/s
OCZ Agility 2,,320.0,,SSD,,2.5,SATA 3.0 Gb/s
Patriot Inferno,,240.0,,SSD,,2.5,SATA 3.0 Gb/s
Patriot Torqx TRB,,32.0,,SSD,,2.5,SATA 3.0 Gb/s
Patriot Torqx TRB,,64.0,,SSD,,2.5,SATA 3.0 Gb/s
Kingston SSDNow V+100,,64.0,,SSD,,2.5,SATA 3.0 Gb/s
Kingston SSDNow V,,128.0,,SSD,,2.5,SATA 3.0 Gb/s
Corsair Performance 3,,64.0,,SSD,,2.5,SATA 6.0 Gb/s
Corsair Performance 3,,256.0,,SSD,,2.5,SATA 6.0 Gb/s
Corsair Performance 3,,128.0,,SSD,,2.5,SATA 6.0 Gb/s
Kingston SSDNow V+100,,96.0,,SSD,,2.5,SATA 3.0 Gb/s
Kingston SSDNow V+100,,256.0,,SSD,,2.5,SATA 3.0 Gb/s
Kingston SSDNow V+100,,96.0,,SSD,,2.5,SATA 3.0 Gb/s
OCZ Agility 2,,180.0,,SSD,,3.5,SATA 3.0 Gb/s
Western Digital Caviar Green,1999.0,750.0,0.133,5400,64.0,3.5,SATA 3.0 Gb/s
Seagate SV35,,500.0,,7200,16.0,3.5,SATA 6.0 Gb/s
Seagate SV35,,1000.0,,7200,32.0,3.5,SATA 6.0 Gb/s
Western Digital Caviar GP,,320.0,,5400,16.0,3.5,SATA 3.0 Gb/s
OCZ Vertex 2,,120.0,,SSD,,2.5,SATA 3.0 Gb/s
Mushkin Callisto Deluxe,,120.0,,SSD,,2.5,SATA 3.0 Gb/s
Corsair Force,,80.0,,SSD,,2.5,SATA 3.0 Gb/s
OCZ Agility 2,,240.0,,SSD,,3.5,SATA 3.0 Gb/s
OCZ Vertex 2,,60.0,,SSD,,2.5,SATA 3.0 Gb/s
Kingston SSDNow V+100,,256.0,,SSD,,2.5,SATA 3.0 Gb/s
Mushkin Callisto Deluxe,,180.0,,SSD,,2.5,SATA 3.0 Gb/s
ADATA S599,,64.0,,SSD,,2.5,SATA 3.0 Gb/s
Hitachi H3IK30003254SW,,3000.0,,5400,32.0,3.5,SATA 6.0 Gb/s
Western Digital Caviar Green,,3000.0,,5400,64.0,3.5,SATA 3.0 Gb/s
Western Digital Caviar Green,,2500.0,,5400,64.0,3.5,SATA 3.0 Gb/s
Intel 320,,600.0,,SSD,,2.5,SATA 3.0 Gb/s
Intel 320,,80.0,,SSD,,2.5,SATA 3.0 Gb/s
G.Skill Phoenix Evo,,115.0,,SSD,,2.5,SATA 3.0 Gb/s
Kingston SSDNow V+100,,512.0,,SSD,,2.5,SATA 3.0 Gb/s
Corsair Force,,180.0,,SSD,,2.5,SATA 3.0 Gb/s
Intel 320,,160.0,,SSD,,2.5,SATA 3.0 Gb/s
Crucial M4,,64.0,,SSD,,2.5,SATA 6.0 Gb/s
Mushkin Callisto DX2,,80.0,,SSD,,2.5,SATA 3.0 Gb/s
Mushkin Callisto DX2,,240.0,,SSD,,2.5,SATA 3.0 Gb/s
Crucial M4,,256.0,,SSD,,2.5,SATA 6.0 Gb/s
Patriot Torqx 2,,128.0,,SSD,,2.5,SATA 3.0 Gb/s
Patriot Torqx 2,,32.0,,SSD,,2.5,SATA 3.0 Gb/s
Wintec FileMate,,32.0,,SSD,,2.5,SATA 3.0 Gb/s
Corsair Force,,40.0,,SSD,,2.5,SATA 3.0 Gb/s
Western Digital Caviar Blue,,750.0,,7200,32.0,3.5,SATA 6.0 Gb/s
Hitachi Travelstar 5K500.B,,160.0,,5400,8.0,2.5,SATA 3.0 Gb/s
Seagate Momentus 7200 FDE.2,,500.0,,7200,16.0,2.5,SATA 3.0 Gb/s
Seagate Constellation,3028.8,160.0,0.947,7200,32.0,2.5,SATA 3.0 Gb/s
Seagate Momentus,,320.0,,7200,16.0,2.5,SATA 3.0 Gb/s
Seagate Momentus 7200 FDE.2,,250.0,,7200,16.0,2.5,SATA 3.0 Gb/s
Hitachi 0Y30051,,160.0,,5400,8.0,2.5,SATA 3.0 Gb/s
Seagate Momentus 7200.4,,160.0,,7200,16.0,2.5,SATA 3.0 Gb/s
Seagate Momentus 7200.4,1100.0,320.0,0.172,7200,16.0,2.5,SATA 3.0 Gb/s
Seagate Momentus,,500.0,,7200,16.0,2.5,SATA 3.0 Gb/s
Seagate Momentus XT,,500.0,,7200,32.0,2.5,SATA 3.0 Gb/s
Seagate Momentus 7200.4,,250.0,,7200,16.0,2.5,SATA 3.0 Gb/s
Seagate Momentus 7200.4,,250.0,,7200,16.0,2.5,SATA 3.0 Gb/s
Seagate Momentus,,320.0,,5400,8.0,2.5,SATA 3.0 Gb/s
Crucial M4,,512.0,,SSD,,2.5,SATA 6.0 Gb/s
Wintec N1,,128.0,,SSD,,2.5,SATA 3.0 Gb/s
OCZ Solid 3,,120.0,,SSD,,2.5,SATA 6.0 Gb/s
OCZ V3LT-25SAT3-240G,,240.0,,SSD,,2.5,SATA 6.0 Gb/s
OCZ Solid 3,,60.0,,SSD,,2.5,SATA 6.0 Gb/s
Hitachi Travelstar 7K500,,250.0,,7200,16.0,2.5,SATA 3.0 Gb/s
ADATA S592,,64.0,,SSD,,2.5,SATA 3.0 Gb/s
Western Digital Caviar Green,,1500.0,,5400,64.0,3.5,SATA 6.0 Gb/s
Intel 320,,40.0,,SSD,,2.5,SATA 3.0 Gb/s
Western Digital AV-25,,500.0,,5400,32.0,2.5,SATA 3.0 Gb/s
Hitachi Travelstar 5K500.B,1139.2,320.0,,5400,8.0,2.5,SATA 3.0 Gb/s
Intel 320,,300.0,,SSD,,2.5,SATA 3.0 Gb/s
Intel 320,,600.0,,SSD,,2.5,SATA 3.0 Gb/s
OCZ Vertex 2,,60.0,,SSD,,2.5,SATA 3.0 Gb/s
Seagate Momentus 7200 FDE.2,,160.0,,7200,16.0,2.5,SATA 3.0 Gb/s
Western Digital Scorpio Blue,,320.0,,5400,8.0,2.5,PATA 44-Pin 100
Corsair Force GT,,60.0,,SSD,,2.5,SATA 6.0 Gb/s
Patriot Wildfire,,240.0,,SSD,,2.5,SATA 6.0 Gb/s
Patriot Wildfire,,120.0,,SSD,,2.5,SATA 6.0 Gb/s
Plextor PX-M2,,64.0,,SSD,,2.5,SATA 6.0 Gb/s
Plextor PX-M2,,128.0,,SSD,,2.5,SATA 6.0 Gb/s
Plextor PX-M2,,256.0,,SSD,,2.5,SATA 6.0 Gb/s
Toshiba MK1656GSY,,160.0,,7200,16.0,2.5,SATA 3.0 Gb/s
Toshiba MK3261GSYN,,320.0,,7200,16.0,2.5,SATA 3.0 Gb/s
Western Digital Scorpio Blue,,320.0,,5400,8.0,2.5,SATA 3.0 Gb/s
Kingston SSDNow V+100,,96.0,,SSD,,2.5,SATA 3.0 Gb/s
OCZ Vertex 3 – MAX IOPS Edition,,240.0,,SSD,,2.5,SATA 6.0 Gb/s
Corsair Force 3,,60.0,,SSD,,2.5,SATA 6.0 Gb/s
Seagate Momentus,,750.0,,5400,16.0,2.5,SATA 3.0 Gb/s
ADATA S511,6094.0,240.0,1.27,SSD,,2.5,SATA 6.0 Gb/s
ADATA S511,,120.0,,SSD,,2.5,SATA 6.0 Gb/s
ADATA S511,,60.0,,SSD,,2.5,SATA 6.0 Gb/s
Western Digital AV-GP,2899.8,3000.0,0.048,5400,64.0,3.5,SATA 3.0 Gb/s
Mushkin Chronos Deluxe,,120.0,,SSD,,2.5,SATA 6.0 Gb/s
Mushkin Chronos Deluxe,,240.0,,SSD,,2.5,SATA 6.0 Gb/s
Samsung 470,,64.0,,SSD,,2.5,SATA 3.0 Gb/s
SanDisk Ultra,,240.0,,SSD,,2.5,SATA 3.0 Gb/s
Kingston SSDNow V+100,,96.0,,SSD,,2.5,SATA 3.0 Gb/s
Kingston SSDNow V+100,,96.0,,SSD,,2.5,SATA 3.0 Gb/s
Mushkin Chronos,,240.0,,SSD,,2.5,SATA 6.0 Gb/s
OCZ Vertex Plus,,120.0,,SSD,,2.5,SATA 3.0 Gb/s
Patriot Pyro,,120.0,,SSD,,2.5,SATA 6.0 Gb/s
Patriot Pyro,,60.0,,SSD,,2.5,SATA 6.0 Gb/s
Western Digital VelociRaptor,,150.0,,10000,32.0,3.5,SATA 6.0 Gb/s
Hitachi Travelstar 7K750,,750.0,,7200,16.0,2.5,SATA 3.0 Gb/s
OCZ Vertex Plus,,60.0,,SSD,64.0,2.5,SATA 3.0 Gb/s
Patriot Pyro,,240.0,,SSD,,2.5,SATA 6.0 Gb/s
Mushkin Chronos,,60.0,,SSD,,2.5,SATA 6.0 Gb/s
ADATA S501 V2,,256.0,,SSD,,2.5,SATA 6.0 Gb/s
ADATA S501 V2,,128.0,,SSD,,2.5,SATA 6.0 Gb/s
Corsair Force GT,,180.0,,SSD,,2.5,SATA 6.0 Gb/s
OCZ Colossus Plus,,120.0,,SSD,128.0,3.5,SATA 3.0 Gb/s
OCZ Colossus Plus,,240.0,,SSD,128.0,3.5,SATA 3.0 Gb/s
Corsair Force 3,,120.0,,SSD,,2.5,SATA 6.0 Gb/s
Seagate Momentus 5400.6,,320.0,,5400,8.0,2.5,SATA 3.0 Gb/s
Kingston SSDNow V100,,32.0,,SSD,,2.5,SATA 3.0 Gb/s
OCZ Colossus 2,,960.0,,SSD,,3.5,SATA 3.0 Gb/s
Western Digital AV-25,,500.0,,5400,16.0,2.5,SATA 3.0 Gb/s
Hitachi Travelstar Z5K500,,320.0,,5400,8.0,2.5,SATA 3.0 Gb/s
Toshiba MK6461GSYN,,640.0,,7200,16.0,2.5,SATA 3.0 Gb/s
OCZ Synapse Cache,,128.0,,SSD,,2.5,SATA 6.0 Gb/s
Corsair Force 3,,60.0,,SSD,,2.5,SATA 6.0 Gb/s
ADATA S511,,480.0,,SSD,,2.5,SATA 6.0 Gb/s
OCZ Vertex 3,,90.0,,SSD,,2.5,SATA 6.0 Gb/s
Patriot Wildfire,,480.0,,SSD,,2.5,SATA 6.0 Gb/s
Hitachi Travelstar 7K750,,500.0,,7200,16.0,2.5,SATA 3.0 Gb/s
Verbatim Verbatim SATA II,2688.0,128.0,,SSD,,2.5,SATA 3.0 Gb/s
OCZ Agility 3,,90.0,,SSD,,2.5,SATA 6.0 Gb/s
Patriot Pyro SE,,120.0,,SSD,,2.5,SATA 6.0 Gb/s
Patriot Pyro SE,,60.0,,SSD,,2.5,SATA 6.0 Gb/s
Plextor PX-M2P,,256.0,,SSD,512.0,2.5,SATA 6.0 Gb/s
Plextor PX-M2P,,128.0,,SSD,256.0,2.5,SATA 6.0 Gb/s
Verbatim Verbatim SATA II,,256.0,,SSD,,2.5,SATA 3.0 Gb/s
Intel 320,,80.0,,SSD,,2.5,SATA 3.0 Gb/s
Corsair Performance Pro,,256.0,,SSD,256.0,2.5,SATA 6.0 Gb/s
Kingston SSDNow V200,,64.0,,SSD,,2.5,SATA 6.0 Gb/s
Kingston SSDNow V200,,256.0,,SSD,,2.5,SATA 6.0 Gb/s
Kingston SSDNow V200,,64.0,,SSD,,2.5,SATA 6.0 Gb/s
Kingston SSDNow V200,,128.0,,SSD,,2.5,SATA 6.0 Gb/s
Kingston SSDNow V200,,64.0,,SSD,,2.5,SATA 6.0 Gb/s
OCZ Vertex Plus,,240.0,,SSD,64.0,2.5,SATA 3.0 Gb/s
Patriot Pyro SE,,240.0,,SSD,,2.5,SATA 6.0 Gb/s
Kingston SSDNow V200,,128.0,,SSD,,2.5,SATA 6.0 Gb/s
Seagate Momentus,,640.0,,5400,8.0,2.5,SATA 3.0 Gb/s
Seagate Momentus 5400.6,1501.0,500.0,0.15,5400,8.0,2.5,SATA 3.0 Gb/s
Seagate Momentus XT,1860.0,750.0,0.124,7200,32.0,2.5,SATA 6.0 Gb/s
Plextor PX-M3S,,128.0,,SSD,256.0,2.5,SATA 6.0 Gb/s
Plextor PX-M3S,,256.0,,SSD,512.0,2.5,SATA 6.0 Gb/s
ADATA S510,,60.0,,SSD,,2.5,SATA 6.0 Gb/s
Mushkin Chronos,,90.0,,SSD,,2.5,SATA 6.0 Gb/s
OCZ Octane,,128.0,,SSD,,2.5,SATA 6.0 Gb/s
Mushkin Chronos,,180.0,,SSD,,2.5,SATA 6.0 Gb/s
ADATA S510,,120.0,,SSD,,2.5,SATA 6.0 Gb/s
OCZ Octane,,512.0,,SSD,,2.5,SATA 6.0 Gb/s
Crucial M4,,128.0,,SSD,,2.5,SATA 6.0 Gb/s
Crucial M4,,64.0,,SSD,,2.5,SATA 6.0 Gb/s
OCZ Petrol,,128.0,,SSD,,2.5,SATA 6.0 Gb/s
Seagate Constellation ES,,2000.0,,7200,64.0,3.5,SATA 6.0 Gb/s
Crucial M4,,64.0,,SSD,,2.5,SATA 6.0 Gb/s
Kingston SSDNow S50,,32.0,,SSD,,2.5,SATA 3.0 Gb/s
Axiom Signature III,,120.0,,SSD,,2.5,SATA 6.0 Gb/s
Axiom Signature III,,240.0,,SSD,,2.5,SATA 6.0 Gb/s
Axiom Signature III,,480.0,,SSD,,2.5,SATA 6.0 Gb/s
Crucial M4,,256.0,,SSD,,2.5,SATA 6.0 Gb/s
Crucial M4,,128.0,,SSD,,2.5,SATA 6.0 Gb/s
Plextor M3,,512.0,,SSD,512.0,2.5,SATA 6.0 Gb/s
Plextor M3,,64.0,,SSD,128.0,2.5,SATA 6.0 Gb/s
Mushkin Chronos Deluxe,,480.0,,SSD,,2.5,SATA 6.0 Gb/s
Western Digital Caviar Green,,500.0,,5400,16.0,3.5,SATA 6.0 Gb/s
OCZ Petrol,,64.0,,SSD,,2.5,SATA 6.0 Gb/s
OCZ Octane,,64.0,,SSD,,2.5,SATA 3.0 Gb/s
OCZ Octane,,128.0,,SSD,,2.5,SATA 3.0 Gb/s
Verbatim Verbatim SATA II,,64.0,,SSD,,2.5,SATA 3.0 Gb/s
Verbatim Verbatim SATA II,,128.0,,SSD,,2.5,SATA 3.0 Gb/s
Verbatim Verbatim SATA II,,256.0,,SSD,,2.5,SATA 3.0 Gb/s
Verbatim Verbatim SATA II,,64.0,,SSD,,2.5,SATA 3.0 Gb/s
Verbatim Verbatim SATA II,,256.0,,SSD,,2.5,SATA 3.0 Gb/s
Mushkin Chronos,,480.0,,SSD,,2.5,SATA 6.0 Gb/s
Intel 520,,240.0,,SSD,,2.5,SATA 6.0 Gb/s
Western Digital AV-GP,,500.0,,5400,16.0,3.5,SATA 3.0 Gb/s
Patriot Mac Series XT,,240.0,,SSD,,2.5,SATA 6.0 Gb/s
Patriot Mac Series XT,,60.0,,SSD,,2.5,SATA 6.0 Gb/s
Patriot Mac Series XT,,120.0,,SSD,,2.5,SATA 6.0 Gb/s
Corsair Nova Series 2,,60.0,,SSD,,2.5,SATA 3.0 Gb/s
Plextor M3 Pro,,256.0,,SSD,512.0,2.5,SATA 6.0 Gb/s
Plextor M3 Pro,,128.0,,SSD,256.0,2.5,SATA 6.0 Gb/s
Samsung 830,,64.0,,SSD,,2.5,SATA 6.0 Gb/s
Plextor M3 Pro,,512.0,,SSD,512.0,2.5,SATA 6.0 Gb/s
Seagate Momentus 5400.6,,250.0,,5400,8.0,2.5,SATA 3.0 Gb/s
Seagate Momentus 5400.6,,160.0,,5400,8.0,2.5,SATA 3.0 Gb/s
Hitachi Travelstar Z7K320,,320.0,,7200,16.0,2.5,SATA 3.0 Gb/s
Verbatim Verbatim SATA III,,120.0,,SSD,,2.5,SATA 6.0 Gb/s
Corsair Force 3,,240.0,,SSD,,2.5,SATA 6.0 Gb/s
Verbatim Verbatim SATA III,,240.0,,SSD,,2.5,SATA 6.0 Gb/s
OCZ Octane,,256.0,,SSD,,2.5,SATA 3.0 Gb/s
OCZ Petrol,,256.0,,SSD,,2.5,SATA 6.0 Gb/s
Corsair Accelerator,,30.0,,SSD,,2.5,SATA 3.0 Gb/s
Corsair Accelerator,,60.0,,SSD,,2.5,SATA 3.0 Gb/s
Kingston HyperX,,480.0,,SSD,,2.5,SATA 6.0 Gb/s
Kingston SSDNow V+200,,90.0,,SSD,,2.5,SATA 6.0 Gb/s
Kingston SSDNow V+200,,90.0,,SSD,,2.5,SATA 6.0 Gb/s
Hitachi H3IK40003272SP,,4000.0,,7200,64.0,3.5,SATA 6.0 Gb/s
Kingston SSDNow V+200,,120.0,,SSD,,2.5,SATA 6.0 Gb/s
Kingston SSDNow V+200,,120.0,,SSD,,2.5,SATA 6.0 Gb/s
Western Digital Caviar Green,,750.0,,5400,64.0,3.5,SATA 6.0 Gb/s
Hitachi H3IK40003254SP,,4000.0,,5400,32.0,3.5,SATA 6.0 Gb/s
Western Digital Caviar Green,,320.0,,5400,64.0,3.5,SATA 6.0 Gb/s
Wintec FileMate,,60.0,,SSD,,2.5,SATA 6.0 Gb/s
Mushkin Chronos Deluxe MX,,120.0,,SSD,,2.5,SATA 6.0 Gb/s
Kingston HyperX 3K,,480.0,,SSD,,2.5,SATA 6.0 Gb/s
Kingston HyperX 3K,,90.0,,SSD,,2.5,SATA 6.0 Gb/s
PNY Prevail,,240.0,,SSD,,2.5,SATA 6.0 Gb/s
PNY Prevail,,120.0,,SSD,,2.5,SATA 6.0 Gb/s
Kingston SSDNow V+200,,60.0,,SSD,,2.5,SATA 6.0 Gb/s
Kingston SSDNow V+200,,90.0,,SSD,,2.5,SATA 6.0 Gb/s
Kingston SSDNow V+200,,120.0,,SSD,,2.5,SATA 6.0 Gb/s
Kingston SSDNow V+200,,60.0,,SSD,,2.5,SATA 6.0 Gb/s
Kingston SSDNow V+200,,90.0,,SSD,,2.5,SATA 6.0 Gb/s
Toshiba MK5059GSXP,,500.0,,5400,8.0,2.5,SATA 3.0 Gb/s
Seagate Constellation ES.2,5251.6,2000.0,0.131,7200,64.0,3.5,SATA 6.0 Gb/s
Seagate Momentus,,750.0,,7200,16.0,2.5,SATA 3.0 Gb/s
Western Digital AV-GP,,320.0,,5400,32.0,3.5,SATA 6.0 Gb/s
Hitachi Travelstar Z5K320,,320.0,,5400,8.0,2.5,SATA 3.0 Gb/s
Seagate Momentus Thin,,250.0,,5400,16.0,2.5,SATA 3.0 Gb/s
OCZ Vertex 4,,512.0,,SSD,,2.5,SATA 6.0 Gb/s
ADATA XPG SX900,,64.0,,SSD,,2.5,SATA 6.0 Gb/s
Intel 330,,120.0,,SSD,,2.5,SATA 6.0 Gb/s
Intel 330,,60.0,,SSD,,2.5,SATA 6.0 Gb/s
Intel 320,,120.0,,SSD,,2.5,SATA 3.0 Gb/s
OCZ Vertex Plus,,240.0,,SSD,64.0,2.5,SATA 3.0 Gb/s
OCZ Vertex Plus,,60.0,,SSD,64.0,2.5,SATA 3.0 Gb/s
OCZ Vertex Plus,,120.0,,SSD,64.0,2.5,SATA 3.0 Gb/s
OCZ Octane,,512.0,,SSD,,2.5,SATA 3.0 Gb/s
Western Digital AV-25,1900.0,250.0,0.38,5400,16.0,2.5,SATA 3.0 Gb/s
Western Digital AV,,500.0,,7200,16.0,3.5,SATA 6.0 Gb/s
Western Digital AV,,320.0,,7200,8.0,3.5,PATA 100
Seagate Constellation ES,,2000.0,,7200,64.0,3.5,SATA 6.0 Gb/s
Western Digital AV,,320.0,,5400,8.0,2.5,SATA 3.0 Gb/s
Western Digital AV-25,,160.0,,5400,16.0,2.5,SATA 3.0 Gb/s
OCZ Agility 2,,360.0,,SSD,,3.5,SATA 3.0 Gb/s
OCZ Vertex 3 Low Profile 7mm,,240.0,,SSD,,2.5,SATA 6.0 Gb/s
OCZ Vertex Plus R2,,60.0,,SSD,,2.5,SATA 3.0 Gb/s
OCZ Vertex Plus R2,,120.0,,SSD,,2.5,SATA 3.0 Gb/s
Kingston SSDNow V+200,,480.0,,SSD,,2.5,SATA 6.0 Gb/s
Corsair Force 3,,120.0,,SSD,,2.5,SATA 6.0 Gb/s
Corsair Force 3,,240.0,,SSD,,2.5,SATA 6.0 Gb/s
OCZ Agility 4,,128.0,,SSD,,2.5,SATA 6.0 Gb/s
OCZ Vertex 3 Low Profile 7mm,,480.0,,SSD,,2.5,SATA 6.0 Gb/s
OCZ Vertex 3 Low Profile 7mm,,60.0,,SSD,,2.5,SATA 6.0 Gb/s
Kingston SSDNow V+200,,120.0,,SSD,,2.5,SATA 6.0 Gb/s
OCZ Vertex Plus R2,,240.0,,SSD,,2.5,SATA 3.0 Gb/s
OCZ Agility 4,,64.0,,SSD,,2.5,SATA 6.0 Gb/s
OCZ Octane,,1000.0,,SSD,,2.5,SATA 6.0 Gb/s
OCZ Petrol,,512.0,,SSD,,2.5,SATA 6.0 Gb/s
Corsair Force GS,,180.0,,SSD,,2.5,SATA 6.0 Gb/s
Corsair Force GS,,360.0,,SSD,,2.5,SATA 6.0 Gb/s
Transcend SSD720,,64.0,,SSD,,2.5,SATA 6.0 Gb/s
Transcend SSD720,,128.0,,SSD,,2.5,SATA 6.0 Gb/s
Transcend SSD720,,256.0,,SSD,,2.5,SATA 6.0 Gb/s
Transcend SSD720,,512.0,,SSD,,2.5,SATA 6.0 Gb/s
Corsair Force GS,,480.0,,SSD,,2.5,SATA 6.0 Gb/s
Seagate Momentus Thin,,320.0,,7200,16.0,2.5,SATA 3.0 Gb/s
Seagate Momentus Thin,,250.0,,7200,16.0,2.5,SATA 3.0 Gb/s
Seagate Momentus Thin,,160.0,,7200,16.0,2.5,SATA 3.0 Gb/s
Seagate Constellation.2,,500.0,,7200,64.0,2.5,SATA 6.0 Gb/s
Seagate Constellation.2,,1000.0,,7200,64.0,2.5,SATA 6.0 Gb/s
Western Digital AV-GP,,2500.0,,5400,64.0,3.5,SATA 3.0 Gb/s
Intel 320,,40.0,,SSD,,2.5,SATA 3.0 Gb/s
PNY XLR8,,120.0,,SSD,,2.5,SATA 6.0 Gb/s
Mushkin Catalyst,,100.0,,SSD,,2.5,SATA 6.0 Gb/s
Kingston SSDNow V+200,,60.0,,SSD,,2.5,SATA 6.0 Gb/s
Kingston SSDNow V+200,,240.0,,SSD,,2.5,SATA 6.0 Gb/s
Kingston SSDNow V+200,,240.0,,SSD,,2.5,SATA 6.0 Gb/s
Kingston SSDNow V+200,,480.0,,SSD,,2.5,SATA 6.0 Gb/s
Kingston SSDNow V+200,,480.0,,SSD,,2.5,SATA 6.0 Gb/s
Kingston SSDNow V+200,,60.0,,SSD,,2.5,SATA 6.0 Gb/s
Toshiba MK3259GSXP,,320.0,,5400,8.0,2.5,SATA 3.0 Gb/s
Hitachi 0A78743,,320.0,,7200,16.0,2.5,SATA 3.0 Gb/s
Transcend SSD320,,128.0,,SSD,,2.5,SATA 6.0 Gb/s
PNY Prevail Elite,,120.0,,SSD,,2.5,SATA 6.0 Gb/s
PNY Prevail Elite,,240.0,,SSD,,2.5,SATA 6.0 Gb/s
Plextor M5S,,64.0,,SSD,128.0,2.5,SATA 6.0 Gb/s
Crucial V4,,64.0,,SSD,,2.5,SATA 3.0 Gb/s
Crucial V4,,64.0,,SSD,,2.5,SATA 3.0 Gb/s
Crucial V4,,128.0,,SSD,,2.5,SATA 3.0 Gb/s
Crucial V4,,128.0,,SSD,,2.5,SATA 3.0 Gb/s
Intel 330,,240.0,,SSD,,2.5,SATA 6.0 Gb/s
Kingston SSDNow V+200,,60.0,,SSD,,2.5,SATA 6.0 Gb/s
Kingston SSDNow V+200,,90.0,,SSD,,2.5,SATA 6.0 Gb/s
Kingston SSDNow V+200,,480.0,,SSD,,2.5,SATA 6.0 Gb/s
Crucial V4,,64.0,,SSD,,2.5,SATA 3.0 Gb/s
Transcend SSD320,,64.0,,SSD,,2.5,SATA 6.0 Gb/s
Kingston SSDNow V+200,,90.0,,SSD,,2.5,SATA 6.0 Gb/s
Kingston SSDNow V+200,,60.0,,SSD,,2.5,SATA 6.0 Gb/s
Kingston SSDNow V+200,,480.0,,SSD,,2.5,SATA 6.0 Gb/s
OCZ RM88,,1600.0,,SSD,,PCIe,PCIe x8
OCZ RevoDrive,,480.0,,SSD,,PCIe,PCIe x4
OCZ RevoDrive,,120.0,,SSD,,PCIe,PCIe x4
OCZ Z-Drive R2 M84,,512.0,,SSD,256.0,PCIe,PCIe x8
OCZ RevoDrive,,180.0,,SSD,,PCIe,PCIe x4
OCZ RevoDrive X2,,100.0,,SSD,,PCIe,PCIe x4
OCZ RevoDrive X2,,240.0,,SSD,,PCIe,PCIe x4
OCZ RevoDrive,,240.0,,SSD,,PCIe,PCIe x4
OCZ RevoDrive X2,,160.0,,SSD,,PCIe,PCIe x4
OCZ Z-Drive R2 P88,,512.0,,SSD,512.0,PCIe,PCIe x8
OCZ RevoDrive X2,,360.0,,SSD,,PCIe,PCIe x4
OCZ RevoDrive X2,,480.0,,SSD,,PCIe,PCIe x4
OCZ RevoDrive 3,,240.0,,SSD,,PCIe,PCIe x4
OCZ RevoDrive 3 X2,,480.0,,SSD,,PCIe,PCIe x4
OCZ RevoDrive 3 X2,,240.0,,SSD,,PCIe,PCIe x4
OCZ RevoDrive 3,,120.0,,SSD,,PCIe,PCIe x4
OCZ RevoDrive 3 Max IOPS,,240.0,,SSD,,PCIe,PCIe x4
OCZ RevoDrive 3 Max IOPS,,480.0,,SSD,,PCIe,PCIe x4
OCZ RevoDrive 3 Max IOPS,,120.0,,SSD,,PCIe,PCIe x4
OCZ RevoDrive 3 X2 Max IOPS,,480.0,,SSD,,PCIe,PCIe x4
OCZ RevoDrive 3 X2 Max IOPS,,240.0,,SSD,,PCIe,PCIe x4
OCZ RevoDrive 3 X2 Max IOPS,,960.0,,SSD,,PCIe,PCIe x4
OCZ RevoDrive X2,,960.0,,SSD,,PCIe,PCIe x4
Crucial V4,,32.0,,SSD,,2.5,SATA 3.0 Gb/s
Crucial V4,,32.0,,SSD,,2.5,SATA 3.0 Gb/s
Mushkin Catalyst,,50.0,,SSD,,2.5,SATA 6.0 Gb/s
Kingston SSDNow V+200,,240.0,,SSD,,2.5,SATA 6.0 Gb/s
G.Skill Phoenix III,,240.0,,SSD,,2.5,SATA 6.0 Gb/s
Corsair Neutron,,120.0,,SSD,,2.5,SATA 6.0 Gb/s
Corsair Neutron GTX,,120.0,,SSD,,2.5,SATA 6.0 Gb/s
Corsair Neutron GTX,,240.0,,SSD,,2.5,SATA 6.0 Gb/s
OCZ Agility 3,,64.0,,SSD,,2.5,SATA 6.0 Gb/s
Hitachi H3IK40003272SW,,4000.0,,7200,64.0,3.5,SATA 6.0 Gb/s
OCZ Vertex 3,,128.0,,SSD,,2.5,SATA 6.0 Gb/s
OCZ Vertex 3,,256.0,,SSD,,2.5,SATA 6.0 Gb/s
PNY XLR8 PRO,,480.0,,SSD,,2.5,SATA 6.0 Gb/s
PNY XLR8,,480.0,,SSD,,2.5,SATA 6.0 Gb/s
Intel 335,3780.0,240.0,0.787,SSD,,2.5,SATA 6.0 Gb/s
PNY XLR8 PRO,2251.8,120.0,,SSD,,2.5,SATA 6.0 Gb/s
Mushkin Chronos Deluxe,,240.0,,SSD,,2.5,SATA 6.0 Gb/s
Mushkin Chronos Deluxe,,120.0,,SSD,,2.5,SATA 6.0 Gb/s
Corsair Neutron GTX,,480.0,,SSD,,2.5,SATA 6.0 Gb/s
Mushkin Chronos Deluxe,,90.0,,SSD,,2.5,SATA 6.0 Gb/s
Toshiba Solid State Drive,,60.0,,SSD,,2.5,SATA 6.0 Gb/s
Kingston SSDNow KC100,,120.0,,SSD,,2.5,SATA 6.0 Gb/s
Plextor M5P,,256.0,,SSD,512.0,2.5,SATA 6.0 Gb/s
OCZ Agility 3,,120.0,,SSD,,2.5,SATA 6.0 Gb/s
PNY Prevail,,480.0,,SSD,,2.5,SATA 6.0 Gb/s
Mushkin Chronos Deluxe,,180.0,,SSD,,2.5,SATA 6.0 Gb/s
Samsung Spinpoint M8,,320.0,,5400,8.0,2.5,SATA 3.0 Gb/s
Seagate Constellation CS,,2000.0,,7200,64.0,3.5,SATA 6.0 Gb/s
Samsung Spinpoint M8,,250.0,,5400,8.0,2.5,SATA 3.0 Gb/s
Kingston SSDNow V300,,60.0,,SSD,,2.5,SATA 6.0 Gb/s
Mushkin Chronos Deluxe,,60.0,,SSD,,2.5,SATA 6.0 Gb/s
Mushkin Chronos,,480.0,,SSD,,2.5,SATA 6.0 Gb/s
Kingston SSDNow V300,,60.0,,SSD,,2.5,SATA 6.0 Gb/s
OCZ Vector,,128.0,,SSD,,2.5,SATA 6.0 Gb/s
OCZ Vector,,512.0,,SSD,,2.5,SATA 6.0 Gb/s
Samsung Spinpoint M8,,250.0,,5400,8.0,2.5,SATA 3.0 Gb/s
Samsung Spinpoint M7E,,640.0,,5400,8.0,2.5,SATA 3.0 Gb/s
Toshiba HDKBB97,,750.0,,5400,8.0,2.5,SATA 3.0 Gb/s
Toshiba PH3200U-1I72,,2000.0,,7200,64.0,3.5,SATA 6.0 Gb/s
Mushkin Chronos,,60.0,,SSD,,2.5,SATA 6.0 Gb/s
Mushkin Callisto Deluxe,,480.0,,SSD,,2.5,SATA 3.0 Gb/s
Kingston SSDNow V300,,120.0,,SSD,,2.5,SATA 6.0 Gb/s
ADATA Premier Pro SP600,,32.0,,SSD,,2.5,SATA 6.0 Gb/s
Intel DC S3700,8340.0,200.0,2.085,SSD,,2.5,SATA 6.0 Gb/s
Kingston SSDNow V300,,240.0,,SSD,,2.5,SATA 6.0 Gb/s
Plextor M5P,,512.0,,SSD,768.0,2.5,SATA 6.0 Gb/s
PNY Performance,2132.19,60.0,,SSD,,2.5,SATA 3.0 Gb/s
PNY XLR8 PRO,,240.0,,SSD,,2.5,SATA 6.0 Gb/s
PNY Prevail Elite,,480.0,,SSD,,2.5,SATA 6.0 Gb/s
Plextor M5P Xtreme,,256.0,,SSD,512.0,2.5,SATA 6.0 Gb/s
Corsair Neutron,,128.0,,SSD,,2.5,SATA 6.0 Gb/s
Intel 525,,120.0,,SSD,,mSATA,mSATA
Intel 525,,180.0,,SSD,,mSATA,mSATA
Intel 525,,240.0,,SSD,,mSATA,mSATA
ADATA XPG SX300,,128.0,,SSD,,mSATA,mSATA
ADATA XPG SX300,,256.0,,SSD,,mSATA,mSATA
ADATA XPG SX300,,64.0,,SSD,,mSATA,mSATA
Intel 313,,24.0,,SSD,,mSATA,mSATA
Intel 310,,80.0,,SSD,,mSATA,mSATA
Intel 313,,20.0,,SSD,,mSATA,mSATA
Intel 310,,40.0,,SSD,,mSATA,mSATA
Crucial M4,5555.4,256.0,1.085,SSD,,mSATA,mSATA
Crucial M4,5155.39,128.0,2.014,SSD,,mSATA,mSATA
Crucial M4,,32.0,,SSD,,mSATA,mSATA
ADATA XM13,,30.0,,SSD,,mSATA,mSATA
ADATA XM13,,60.0,,SSD,,mSATA,mSATA
Mushkin Atlas,,30.0,,SSD,,mSATA,mSATA
Mushkin Atlas,,240.0,,SSD,,mSATA,mSATA
Mushkin Atlas,,240.0,,SSD,,mSATA,mSATA
Mushkin Atlas,,120.0,,SSD,,mSATA,mSATA
Mushkin Atlas,,120.0,,SSD,,mSATA,mSATA
Kingston SSDNow,,64.0,,SSD,,mSATA,mSATA
Kingston SSDNow,,32.0,,SSD,,mSATA,mSATA
OCZ Strata,,30.0,,SSD,,mSATA,mSATA
OCZ Nocti,,60.0,,SSD,,mSATA,mSATA
OCZ Nocti,,120.0,,SSD,,mSATA,mSATA
Mushkin Atlas,,60.0,,SSD,,mSATA,mSATA
Mushkin Atlas,,60.0,,SSD,,mSATA,mSATA
OCZ Strata,,60.0,,SSD,,mSATA,mSATA
Toshiba PH2100U-1I54,,1000.0,,5400,8.0,2.5,SATA 6.0 Gb/s
Seagate Constellation.2,,250.0,,7200,64.0,2.5,SATA 6.0 Gb/s
Samsung ST750LM002/HN-M750MBB,,750.0,,5400,8.0,2.5,SATA 3.0 Gb/s
Corsair Neutron GTX,,120.0,,SSD,,2.5,SATA 6.0 Gb/s
Intel 525,,60.0,,SSD,,mSATA,mSATA
Mushkin Atlas,,480.0,,SSD,,mSATA,mSATA
OCZ Vertex 3.20,,120.0,,SSD,,2.5,SATA 6.0 Gb/s
OCZ Vertex 3.20,,240.0,,SSD,,2.5,SATA 6.0 Gb/s
Plextor M5M,,128.0,,SSD,256.0,mSATA,mSATA
Plextor M5P,,128.0,,SSD,256.0,2.5,SATA 6.0 Gb/s
Plextor M5M,,64.0,,SSD,128.0,mSATA,mSATA
Seagate Constellation ES.2,,3000.0,,7200,64.0,3.5,SATA 6.0 Gb/s
Seagate Constellation ES,,500.0,,7200,64.0,3.5,SATA 6.0 Gb/s
Seagate Constellation,,1000.0,,7200,64.0,2.5,SATA 6.0 Gb/s
Seagate STBD4000400,,4000.0,,5900,64.0,3.5,SATA 6.0 Gb/s
Seagate Constellation ES.3,3579.6,4000.0,0.045,7200,128.0,3.5,SAS 6.0 Gb/s
Seagate Constellation ES.3,2480.0,3000.0,0.041,7200,128.0,3.5,SAS 6.0 Gb/s
Seagate Constellation ES.3,,2000.0,,7200,128.0,3.5,SAS 6.0 Gb/s
Seagate Constellation CS ISE,,2000.0,,7200,64.0,3.5,SATA 6.0 Gb/s
Seagate Constellation ES.3,,1000.0,,7200,128.0,3.5,SAS 6.0 Gb/s
Seagate Constellation CS ISE,,1000.0,,7200,64.0,3.5,SATA 6.0 Gb/s
Mushkin Chronos Deluxe,,480.0,,SSD,,2.5,SATA 6.0 Gb/s
Intel 525,,90.0,,SSD,,mSATA,mSATA
Crucial M500,,120.0,,SSD,,mSATA,mSATA
Corsair Neutron,,64.0,,SSD,,2.5,SATA 6.0 Gb/s
Corsair Neutron GTX,,480.0,,SSD,,2.5,SATA 6.0 Gb/s
Intel DC S3500,2840.0,160.0,0.887,SSD,,2.5,SATA 6.0 Gb/s
Intel 335,,80.0,,SSD,,2.5,SATA 6.0 Gb/s
SanDisk Ultra Plus,,64.0,,SSD,,2.5,SATA 6.0 Gb/s
Seagate 600,,480.0,,SSD,,2.5,SATA 6.0 Gb/s
Seagate Momentus XT,,750.0,,,32.0,2.5,SATA 6.0 Gb/s
Western Digital AV-25,,1000.0,,5400,16.0,2.5,SATA 3.0 Gb/s
Western Digital RE,,2000.0,,7200,32.0,3.5,SAS 6.0 Gb/s
Western Digital Xe,,300.0,,10000,32.0,3.5,SAS 6.0 Gb/s
Western Digital AV-25,,500.0,,5400,16.0,2.5,SATA 6.0 Gb/s
Western Digital AV-25,,500.0,,5400,16.0,2.5,SATA 3.0 Gb/s
Western Digital Xe,,600.0,,10000,32.0,3.5,SAS 6.0 Gb/s
Western Digital Green,,750.0,,5400,16.0,2.5,SATA 6.0 Gb/s
Western Digital Scorpio Black,,500.0,,7200,16.0,2.5,SATA 3.0 Gb/s
SanDisk Ultra Plus,,64.0,,SSD,,2.5,SATA 6.0 Gb/s
Axiom HD250SATA7-AX,,250.0,,7200,16.0,2.5,SATA 3.0 Gb/s
Hitachi 0F14689,,3000.0,,7200,64.0,3.5,SATA 6.0 Gb/s
Hitachi Travelstar,,500.0,,7200,32.0,2.5,SATA 6.0 Gb/s
Hitachi Ultrastar C10K900,,300.0,,10000,64.0,2.5,SAS 6.0 Gb/s
Seagate ST640LM000,,640.0,,5400,8.0,2.5,SATA 3.0 Gb/s
Seagate Constellation.2,,500.0,,7200,64.0,2.5,SATA 6.0 Gb/s
Kingston SMS200,,60.0,,SSD,,mSATA,mSATA
Hitachi 5K100,,640.0,,5400,8.0,2.5,SATA 6.0 Gb/s
Hitachi HITACHI-0F12460,,3000.0,,5400,32.0,3.5,SATA 6.0 Gb/s
Hitachi Ultrastar C10K900,1100.0,900.0,0.061,10000,64.0,2.5,SAS 6.0 Gb/s
Intel DC S3500,2339.79,120.0,0.975,SSD,,2.5,SATA 6.0 Gb/s
Mushkin Chronos,,120.0,,SSD,,2.5,SATA 6.0 Gb/s
Seagate Constellation Product Series:ES.3,,3000.0,,7200,128.0,3.5,SATA 6.0 Gb/s
Seagate Constellation Product Series:ES.3,,3000.0,,7200,128.0,3.5,SATA 6.0 Gb/s
Seagate Constellation ES,,500.0,,7200,64.0,3.5,SAS 6.0 Gb/s
Seagate Savvio 10K.5,8403.0,600.0,,10000,64.0,2.5,SAS 6.0 Gb/s
Western Digital WDBMMA0020HNC-NRSN,,2000.0,,5400,64.0,3.5,SATA 6.0 Gb/s
Western Digital WDBMYH3200ANC-NRSN,,320.0,,5400,8.0,2.5,SATA 3.0 Gb/s
OCZ Deneva 2 C,,120.0,,SSD,,2.5,SATA 6.0 Gb/s
OCZ Deneva 2 C,,240.0,,SSD,,2.5,SATA 6.0 Gb/s
OCZ Vertex 450 Series 128,4999.0,128.0,1.953,SSD,,2.5,SATA 6.0 Gb/s
Corsair Neutron,,512.0,,SSD,,2.5,SATA 6.0 Gb/s
Intel DC S3500,,80.0,,SSD,,2.5,SATA 6.0 Gb/s
Intel DC S3500,,240.0,,SSD,,2.5,SATA 6.0 Gb/s
Mushkin Chronos,,360.0,,SSD,,2.5,SATA 6.0 Gb/s
Toshiba Q,,256.0,,SSD,,2.5,SATA 6.0 Gb/s
Toshiba Solid State Drive,,512.0,,SSD,,2.5,SATA 6.0 Gb/s
Edge Tech Pro,,480.0,,SSD,,2.5,SATA 6.0 Gb/s
Edge Tech Boost Pro Slim,,60.0,,SSD,,2.5,SATA 6.0 Gb/s
Kingston SSDNow V+200,,240.0,,SSD,,2.5,SATA 6.0 Gb/s
Hitachi 0G02001,,3000.0,,7200,32.0,3.5,SATA 6.0 Gb/s
Lenovo 0C19494,,300.0,,15000,32.0,2.5,SAS 6.0 Gb/s
Lenovo 0C19495,,500.0,,7200,32.0,2.5,SATA 6.0 Gb/s
Toshiba MQ01ABC150,,1500.0,,5400,8.0,2.5,SAS 3.0 Gb/s
Toshiba P000539200,,640.0,,5400,16.0,2.5,SATA 3.0 Gb/s
Toshiba WD6400BPVT,,640.0,,5400,16.0,2.5,SATA 3.0 Gb/s
Intel 520,,120.0,,SSD,,2.5,SATA 6.0 Gb/s
Intel 520,,240.0,,SSD,,2.5,SATA 6.0 Gb/s
Toshiba AL13SE,,300.0,,10500,64.0,2.5,SAS 6.0 Gb/s
Toshiba AL13SE,,600.0,,10500,64.0,2.5,SAS 6.0 Gb/s
Toshiba MBF230LRC,,300.0,,10000,16.0,3.5,SAS 6.0 Gb/s
Toshiba MG03SCA,,3000.0,,7200,64.0,3.5,SATA 6.0 Gb/s
Western Digital WD7500BFCX,,750.0,,5400,16.0,2.5,SATA 6.0 Gb/s
Seagate Constellation ES,,1000.0,,7200,64.0,3.5,SAS 6.0 Gb/s
Seagate Constellation ES,,2000.0,,7200,64.0,3.5,SAS 6.0 Gb/s
Seagate Constellation ES,,2000.0,,7200,64.0,3.5,SAS 6.0 Gb/s
Seagate Constellation ES,,1000.0,,7200,16.0,3.5,SAS 6.0 Gb/s
Seagate Constellation ES,1735.0,2000.0,0.043,7200,16.0,3.5,SAS 6.0 Gb/s
Seagate Constellation ES.2,,2000.0,,7200,64.0,3.5,SAS 6.0 Gb/s
Seagate Constellation ES.2,,2000.0,,7200,64.0,3.5,SAS 6.0 Gb/s
Seagate Constellation ES.2,,2000.0,,7200,64.0,3.5,SAS 6.0 Gb/s
Seagate Constellation ES.2,2480.0,3000.0,0.041,7200,64.0,3.5,SAS 6.0 Gb/s
Seagate Constellation ES,,500.0,,7200,16.0,3.5,SAS 6.0 Gb/s
Seagate Constellation ES,,500.0,,7200,64.0,3.5,SAS 6.0 Gb/s
Seagate Constellation.2,,1000.0,,7200,64.0,2.5,SAS 6.0 Gb/s
Seagate Constellation.2,,1000.0,,7200,64.0,2.5,SAS 6.0 Gb/s
Seagate Constellation,,500.0,,7200,16.0,2.5,SAS 6.0 Gb/s
Seagate Constellation.2,,500.0,,7200,64.0,2.5,SAS 6.0 Gb/s
Seagate Constellation.2,,500.0,,7200,64.0,2.5,SAS 6.0 Gb/s
Transcend 720 mSATA,3469.2,128.0,1.355,SSD,,mSATA,mSATA
Toshiba MKx001GRZB,7700.0,100.0,3.85,SSD,,2.5,SAS 6.0 Gb/s
Western Digital AV-GP,,3000.0,,5900,64.0,3.5,SATA 6.0 Gb/s
Western Digital WD3200BPVT/BVVT/BEVT,,320.0,,5400,8.0,2.5,SATA 3.0 Gb/s
Kingston KC300,,120.0,,SSD,,2.5,SATA 6.0 Gb/s
Kingston KC300,,60.0,,SSD,,2.5,SATA 6.0 Gb/s
Intel 530,2980.0,180.0,0.828,SSD,,2.5,SATA 6.0 Gb/s
SanDisk X110,,64.0,,SSD,,2.5,SATA 6.0 Gb/s
OCZ Deneva 2 C,,480.0,,SSD,,2.5,SATA 6.0 Gb/s
OCZ Talos 2,,960.0,,SSD,,2.5,SAS 6.0 Gb/s
OCZ Vector 150,7600.0,240.0,1.583,SSD,,2.5,SATA 6.0 Gb/s
OCZ Vector 150,,480.0,,SSD,,2.5,SATA 6.0 Gb/s
OCZ Vertex 450,,256.0,,SSD,,2.5,SATA 6.0 Gb/s
PLDS M5M,,128.0,,SSD,,mSATA,mSATA
PLDS M5M,,256.0,,SSD,,mSATA,mSATA
PLDS M5M,,64.0,,SSD,,mSATA,mSATA
Kingston SSDNow V+200,,240.0,,SSD,,2.5,SATA 6.0 Gb/s
Mushkin Atlas Deluxe,,480.0,,SSD,,mSATA,mSATA
Toshiba Q Series Pro,5873.2,256.0,1.147,SSD,,2.5,SATA 6.0 Gb/s
VisionTek Data Fusion 2-way,,480.0,,SSD,,PCIe,PCIe x2
Hitachi Ultrastar 7K4000,,2000.0,,7200,64.0,3.5,SAS 6.0 Gb/s
Hitachi Travelstar Z5K500,,320.0,,5400,8.0,2.5,SATA 3.0 Gb/s
Hitachi Travelstar Z7K500,,500.0,,7200,32.0,2.5,SATA 6.0 Gb/s
Hitachi Travelstar,,500.0,,7200,16.0,2.5,SATA 3.0 Gb/s
Hitachi Travelstar,,500.0,,5400,16.0,2.5,SATA 3.0 Gb/s
Seagate Enterprise Performance 10K.7,,1200.0,,10000,64.0,2.5,SAS 6.0 Gb/s
Toshiba MG03SCA400,,4000.0,,7200,64.0,3.5,SAS 6.0 Gb/s
Kingston SSDNow KC300,,480.0,,SSD,,2.5,SATA 6.0 Gb/s
Kingston SSDNow KC300,,60.0,,SSD,,2.5,SATA 6.0 Gb/s
Kingston SSDNow V300,,480.0,,SSD,,2.5,SATA 6.0 Gb/s
Mushkin Scorpion PCIe,,480.0,,SSD,,PCIe,PCIe x2
Mushkin Scorpion PCIe,,960.0,,SSD,,PCIe,PCIe x2
PNY Prevail,,120.0,,SSD,,2.5,SATA 6.0 Gb/s
Samsung 840 Evo,,120.0,,SSD,,mSATA,mSATA
Samsung 840 Evo,,250.0,,SSD,,mSATA,mSATA
Transcend SSD340,,64.0,,SSD,,2.5,SATA 6.0 Gb/s
VisionTek mSATA,,120.0,,SSD,,mSATA,mSATA
VisionTek mSATA,,240.0,,SSD,,mSATA,mSATA
VisionTek mSATA,,480.0,,SSD,,mSATA,mSATA
OCZ Talos 2 C,,480.0,,SSD,,2.5,SAS 6.0 Gb/s
OCZ Talos 2 C,,960.0,,SSD,,2.5,SAS 6.0 Gb/s
OCZ Talos 2 R,,400.0,,SSD,,2.5,SAS 6.0 Gb/s
OCZ Z-Drive R4 CM84,,1200.0,,SSD,,PCIe,PCIe x8
OCZ Z-Drive R4 CM88,,800.0,,SSD,,PCIe,PCIe x8
Hitachi 0F18335,4939.0,6000.0,0.041,7200,64.0,3.5,SATA 6.0 Gb/s
Hitachi 0S03355,,4000.0,,7200,64.0,3.5,SATA 6.0 Gb/s
Toshiba AL13SEB600,814.2,600.0,0.068,10500,64.0,2.5,SAS 6.0 Gb/s
Samsung 840 Evo,,500.0,,SSD,,mSATA,mSATA
Seagate 600 Pro,,120.0,,SSD,,2.5,SATA 6.0 Gb/s
Seagate 600 Pro,3980.0,240.0,0.829,SSD,,2.5,SATA 6.0 Gb/s
Seagate 600 Pro,,480.0,,SSD,,2.5,SATA 6.0 Gb/s
HP HP mSATA,,256.0,,SSD,,mSATA,mSATA
Intel 530,,480.0,,SSD,,2.5,SATA 6.0 Gb/s
OCZ Vertex 460,4000.0,120.0,1.667,SSD,,2.5,SATA 6.0 Gb/s
OCZ Vertex 460,,240.0,,SSD,,2.5,SATA 6.0 Gb/s
SanDisk X110,,32.0,,SSD,,mSATA,mSATA
SanDisk ReadyCache,,32.0,,SSD,,2.5,SATA 6.0 Gb/s
Wintec FileMate,,16.0,,SSD,,2.5,SATA 3.0 Gb/s
Axiom HD32072S-AX,,320.0,,7200,,3.5,SATA 3.0 Gb/s
Mushkin ProSpec,,120.0,,SSD,,2.5,SATA 6.0 Gb/s
Mushkin ProSpec,,240.0,,SSD,,2.5,SATA 6.0 Gb/s
Crucial M550,,128.0,,SSD,,2.5,SATA 6.0 Gb/s
Crucial M550,,512.0,,SSD,,mSATA,mSATA
Intel 730,,240.0,,SSD,,2.5,SATA 6.0 Gb/s
SanDisk X110,,32.0,,SSD,,mSATA,mSATA
SanDisk X110,,64.0,,SSD,,mSATA,mSATA
SanDisk X110,,128.0,,SSD,,mSATA,mSATA
Crucial M550,,256.0,,SSD,,mSATA,mSATA
Seagate Pulsar.2,,200.0,,SSD,,2.5,SAS 6.0 Gb/s
SanDisk X210,,512.0,,SSD,,2.5,SATA 6.0 Gb/s
Axiom 0A89470-AX,,500.0,,7200,64.0,3.5,SATA 6.0 Gb/s
Axiom 0A89478-AX,,3000.0,,7200,64.0,3.5,SATA 6.0 Gb/s
V7 Elite,,256.0,,SSD,,2.5,SATA 6.0 Gb/s
Hitachi 0J23353,,320.0,,5400,8.0,2.5,SATA 3.0 Gb/s
Plextor M6S,,128.0,,SSD,,2.5,SATA 6.0 Gb/s
Plextor M6S,,256.0,,SSD,,2.5,SATA 6.0 Gb/s
Samsung 840 EVO,,250.0,,SSD,,2.5,SATA 6.0 Gb/s
Kingston SSDNow E5,,480.0,,SSD,,2.5,SATA 6.0 Gb/s
Plextor M6M PX-128M6M,,128.0,,SSD,,mSATA,mSATA
Plextor M6M PX-256M6M,,256.0,,SSD,,mSATA,mSATA
Plextor M6M PX-64M6M,,64.0,,SSD,,mSATA,mSATA
Samsung SM843T Data Center,,240.0,,SSD,,2.5,SATA 6.0 Gb/s
Samsung SM843T Data Center,,480.0,,SSD,,2.5,SATA 6.0 Gb/s
SanDisk X110 SD6SF1M-256G-1022I,,256.0,,SSD,,mSATA,mSATA
Plextor M6e,,128.0,,SSD,,M.2-2280,M.2 PCIe 3.0 X2
ADATA S510,,240.0,,SSD,,2.5,SATA 6.0 Gb/s
ADATA S510,,480.0,,SSD,,2.5,SATA 6.0 Gb/s
Corsair Force LX,,256.0,,SSD,,2.5,SATA 6.0 Gb/s
Kingston SSDNow mS200,,240.0,,SSD,,mSATA,mSATA
Kingston SSDNow mS200,,480.0,,SSD,,mSATA,mSATA
OCZ Talos 2 C,,240.0,,SSD,,2.5,SAS 6.0 Gb/s
Seagate 1200 SSD,,800.0,,SSD,,2.5,SAS 12.0 Gb/s
Seagate ST3000VX002,,3000.0,,5900,64.0,3.5,SATA 6.0 Gb/s
Seagate STBD6000100,,6000.0,,5900,128.0,3.5,SATA 6.0 Gb/s
Micron Enterprise,,100.0,,SSD,,2.5,SATA 6.0 Gb/s
ADATA Premier Pro SP310,,32.0,,SSD,,mSATA,mSATA
ADATA Premier Pro SP310,,64.0,,SSD,,mSATA,mSATA
Intel 530,,80.0,,SSD,,mSATA,mSATA
Intel 530,,180.0,,SSD,,mSATA,mSATA
PNY Prevail,,120.0,,SSD,,2.5,SATA 6.0 Gb/s
SanDisk U110,,64.0,,SSD,,2.5,SATA 6.0 Gb/s
OCZ RevoDrive 350,,960.0,,SSD,,PCIe,PCIe x8
Kingston SSDNow KC300,,180.0,,SSD,,2.5,SATA 6.0 Gb/s
ADATA Premier Pro SP900,,512.0,,SSD,,2.5,SATA 6.0 Gb/s
ADATA Premier SP610,,512.0,,SSD,,2.5,SATA 6.0 Gb/s
ADATA Premier SP610,,256.0,,SSD,,2.5,SATA 6.0 Gb/s
PNY Optima,,480.0,,SSD,,2.5,SATA 6.0 Gb/s
Transcend SSD370,,64.0,,SSD,,2.5,SATA 6.0 Gb/s
Transcend MTS600,,512.0,,SSD,,M.2-2260,M.2 SATA
Hitachi He6,,6000.0,,7200,64.0,3.5,SAS 6.0 Gb/s
Seagate 1200 SSD,,800.0,,SSD,,2.5,SAS 12.0 Gb/s
SanDisk X300S,,64.0,,SSD,,2.5,SAS 6.0 Gb/s
Samsung 845DC EVO,,480.0,,SSD,,2.5,SATA 6.0 Gb/s
Plextor M6M,10555.4,512.0,1.031,SSD,,mSATA,mSATA
Kingston SSDNow V310,,960.0,,SSD,,2.5,SATA 6.0 Gb/s
Intel Pro 2500,,120.0,,SSD,,2.5,SATA 6.0 Gb/s
Axiom Signature III,,60.0,,SSD,,2.5,SATA 6.0 Gb/s
Axiom Mac Signature III,,60.0,,SSD,,2.5,SATA 6.0 Gb/s
Axiom Mac Signature III,,480.0,,SSD,,2.5,SATA 6.0 Gb/s
Axiom Mac Signature III,,120.0,,SSD,,2.5,SATA 6.0 Gb/s
Intel 530,,180.0,,SSD,,M.2-2280,M.2 SATA
Intel 530,,120.0,,SSD,,M.2-2280,M.2 SATA
Transcend MTS400,3054.8,256.0,0.597,SSD,,M.2-2242,M.2 SATA
ADATA SP900 M.2,,256.0,,SSD,,M.2-2242,M.2 SATA
Crucial M500,,120.0,,SSD,,M.2-2280,M.2 SATA
Kingston E50 Enterprise,,100.0,,SSD,,2.5,SATA 6.0 Gb/s
Lenovo ThinkPad,,500.0,,5400,8.0,2.5,SATA 3.0 Gb/s
Lenovo 4N40A33711,,3000.0,,7200,64.0,3.5,SATA 6.0 Gb/s
Seagate ST380215AS-IM,,80.0,,7200,2.0,3.5,SAS 3.0 Gb/s
Toshiba MQ01ABD075 dup,,750.0,,5400,8.0,2.5,SATA 3.0 Gb/s
Toshiba PH2050U-1SHD,,500.0,,,32.0,2.5,SATA 6.0 Gb/s
Western Digital Xe,,900.0,,10000,32.0,2.5,SAS 6.0 Gb/s
Hitachi Ultrastar C10K900,,600.0,,10000,64.0,2.5,SAS 6.0 Gb/s
Hitachi Ultrastar C10K900,,900.0,,10000,64.0,2.5,SAS 6.0 Gb/s
Seagate ST2000NM0054,2500.0,2000.0,0.062,7200,128.0,3.5,SAS 12.0 Gb/s
Hitachi 0S03364,,4000.0,,5400,32.0,3.5,SATA 6.0 Gb/s
Axiom Mac Signature III,,240.0,,SSD,,2.5,SATA 6.0 Gb/s
Axiom Mac Signature III,,480.0,,SSD,,2.5,SATA 6.0 Gb/s
Axiom Mac Signature III,,60.0,,SSD,,2.5,SATA 6.0 Gb/s
Axiom AXI-SSD25M3400B,,400.0,,SSD,,2.5,SATA 6.0 Gb/s
Axiom Signature III,,120.0,,SSD,,2.5,SATA 6.0 Gb/s
Axiom Signature III,,480.0,,SSD,,2.5,SATA 6.0 Gb/s
Axiom Signature III,,60.0,,SSD,,2.5,SATA 6.0 Gb/s
Intel 730,,240.0,,SSD,,2.5,SATA 6.0 Gb/s
Mushkin MKNSSDCL960GB-DX,,960.0,,SSD,,2.5,SATA 3.0 Gb/s
Plextor M6 PRO,,128.0,,SSD,,2.5,SATA 6.0 Gb/s
Patriot Blaze,,240.0,,SSD,512.0,2.5,SATA 6.0 Gb/s
Apotop MASS3C512GBR,,512.0,,SSD,,2.5,SATA 6.0 Gb/s
Mushkin Atlas,,480.0,,SSD,,mSATA,mSATA
Mushkin Chronos,,120.0,,SSD,,2.5,SATA 6.0 Gb/s
Mushkin Chronos,,60.0,,SSD,,2.5,SATA 6.0 Gb/s
Patriot PP240Patriot Pyro M3GSM3SSDR,,240.0,,SSD,,mSATA,mSATA
TEAMGROUP Dark L3,,120.0,,SSD,,2.5,SATA 6.0 Gb/s
Transcend MTS800,5628.8,512.0,0.55,SSD,,M.2-2280,M.2 SATA
VisionTek 900610,,60.0,,SSD,,mSATA,mSATA
Transcend TS32GSSD370,,32.0,,SSD,,2.5,SATA 6.0 Gb/s
Hitachi Ultrastar He8,,8000.0,,7200,128.0,3.5,SAS 6.0 Gb/s
Hitachi Deskstar NAS,,5000.0,,7200,128.0,3.5,SATA 6.0 Gb/s
Hitachi Ultrastar He8,,8000.0,,7200,128.0,3.5,SAS 6.0 Gb/s
Seagate ST2000NM0024,4740.0,2000.0,0.118,7200,128.0,3.5,SATA 6.0 Gb/s
Seagate ST4000NM0044,,4000.0,,7200,128.0,3.5,SATA 6.0 Gb/s
Hitachi Ultrastar He8,,6000.0,,7200,128.0,3.5,SATA 6.0 Gb/s
Hitachi Deskstar NAS,,4000.0,,7200,64.0,3.5,SATA 6.0 Gb/s
Hitachi He6,,6000.0,,7200,64.0,3.5,SATA 6.0 Gb/s
Hitachi Travelstar Z7K500,3000.0,500.0,0.3,7200,32.0,2.5,SATA 6.0 Gb/s
Hitachi Ultrastar C10K1200,1679.8,1200.0,0.07,10000,64.0,2.5,SAS 6.0 Gb/s
HP 653950-001,,146.0,,15000,,2.5,SAS 6.0 Gb/s
IBM 90Y8890,,600.0,,10000,,2.5,SAS 6.0 Gb/s
Seagate ST2000NM0044,,2000.0,,7200,128.0,3.5,SATA 6.0 Gb/s
Seagate ST500LM020,1980.0,500.0,0.198,,,2.5,SATA 6.0 Gb/s
Toshiba MQ02ABF100,,1000.0,,5400,16.0,2.5,SATA 6.0 Gb/s
Axiom SSD25A37240-AX,,240.0,,SSD,,2.5,SATA 6.0 Gb/s
Edge Tech Boost Pro Slim,,480.0,,SSD,,2.5,SATA 6.0 Gb/s
Intel 730,,240.0,,SSD,,2.5,SATA 6.0 Gb/s
Intel DC P3700,3718.0,400.0,0.465,SSD,,2.5,U.2
Intel DC P3600,9194.79,400.0,1.149,SSD,,2.5,U.2
Intel 710,,100.0,,SSD,,2.5,SATA 3.0 Gb/s
Intel 530,,180.0,,SSD,,M.2-2280,M.2 SATA
Kingston SSDNow,,240.0,,SSD,,M.2-2280,M.2 SATA
Kingston SSD Now mS200,,30.0,,SSD,,mSATA,mSATA
OCZ VeloDrive,,300.0,,SSD,,PCIe,PCIe x8
OCZ VTX460A-25SAT3-120G,,120.0,,SSD,,2.5,SATA 6.0 Gb/s
Patriot Pyro M3,,120.0,,SSD,,mSATA,mSATA
Plextor M6 PRO,,1000.0,,SSD,,2.5,SATA 6.0 Gb/s
Samsung PM853T Data Center,,960.0,,SSD,,2.5,SATA 6.0 Gb/s
Samsung 845DC PRO,,400.0,,SSD,512.0,2.5,SATA 6.0 Gb/s
SanDisk X300S,,64.0,,SSD,,2.5,SATA 6.0 Gb/s
Silicon Power Slim S80,,240.0,,SSD,,2.5,SATA 6.0 Gb/s
Silicon Power Slim S80,,480.0,,SSD,,2.5,SATA 6.0 Gb/s
TEAMGROUP Dark L3,,60.0,,SSD,,2.5,SATA 6.0 Gb/s
Transcend TS128GMSA370,,128.0,,SSD,,mSATA,mSATA
VisionTek DLX,,60.0,,SSD,,mSATA,mSATA
VisionTek DLX,,120.0,,SSD,,mSATA,mSATA
VisionTek DLX,,240.0,,SSD,,mSATA,mSATA
MyDigitalSSD Super Boot Drive,,64.0,,SSD,,M.2-2242,M.2 SATA
MyDigitalSSD Super Boot Drive,,256.0,,SSD,,M.2-2242,M.2 SATA
MyDigitalSSD Super Boot Eco,,64.0,,SSD,,M.2-2242,M.2 SATA
MyDigitalSSD Super Boot Eco,,128.0,,SSD,,M.2-2242,M.2 SATA
MyDigitalSSD Super Cache 2,,32.0,,SSD,,M.2-2242,M.2 SATA
MyDigitalSSD Super Cache 2,,64.0,,SSD,,M.2-2242,M.2 SATA
MyDigitalSSD Super Cache 2,,128.0,,SSD,,M.2-2242,M.2 SATA
MyDigitalSSD Bullet Proof 4,,30.0,,SSD,,mSATA,mSATA
MyDigitalSSD Bullet Proof 4,,60.0,,SSD,,mSATA,mSATA
MyDigitalSSD Bullet Proof 4,,120.0,,SSD,,mSATA,mSATA
MyDigitalSSD Bullet Proof 4,,240.0,,SSD,,mSATA,mSATA
MyDigitalSSD Bullet Proof 4 Eco,,128.0,,SSD,,mSATA,mSATA
MyDigitalSSD Bullet Proof 4 Eco,,256.0,,SSD,,mSATA,mSATA
MyDigitalSSD Bullet Proof 4 Eco,,512.0,,SSD,,mSATA,mSATA
MyDigitalSSD Super Cache 2,,32.0,,SSD,,mSATA,mSATA
MyDigitalSSD Super Cache 2,,64.0,,SSD,,mSATA,mSATA
MyDigitalSSD Super Cache 2,,128.0,,SSD,,mSATA,mSATA
MyDigitalSSD Super Boot Drive,,32.0,,SSD,,mSATA,mSATA
MyDigitalSSD Super Boot Drive,,64.0,,SSD,,mSATA,mSATA
MyDigitalSSD Super Boot Drive,,128.0,,SSD,,mSATA,mSATA
MyDigitalSSD Super Boot Drive,,256.0,,SSD,,mSATA,mSATA
MyDigitalSSD Super Cache 2,,24.0,,SSD,,mSATA,mSATA
MyDigitalSSD Super Cache 2,,64.0,,SSD,,mSATA,mSATA
MyDigitalSSD Super Cache 2,,128.0,,SSD,,mSATA,mSATA
MyDigitalSSD Bullet Proof 4 Eco,,120.0,,SSD,,2.5,SATA 6.0 Gb/s
MyDigitalSSD Bullet Proof 4 Eco,,240.0,,SSD,,2.5,SATA 6.0 Gb/s
MyDigitalSSD PATA MAX,,64.0,,SSD,,2.5,PATA 44-Pin 133
MyDigitalSSD PATA MAX,,128.0,,SSD,,2.5,PATA 44-Pin 133
Hitachi Deskstar,,3000.0,,5400,32.0,3.5,SATA 6.0 Gb/s
Seagate ST2000NM0034,,2000.0,,7200,128.0,3.5,SATA 6.0 Gb/s
Seagate Enterprise NAS,,2000.0,,7200,128.0,3.5,SATA 6.0 Gb/s
Seagate SV35,2220.2,3000.0,,5400,64.0,3.5,SATA 6.0 Gb/s
Seagate SV35,,3000.0,,5900,64.0,3.5,SATA 6.0 Gb/s
Seagate Enterprise NAS,,4000.0,,7200,128.0,3.5,SATA 6.0 Gb/s
Seagate ST6000NM0084,,6000.0,,7200,128.0,3.5,SATA 6.0 Gb/s
Corsair Neutron XT,,480.0,,SSD,,2.5,SATA 6.0 Gb/s
Corsair Neutron XT,,960.0,,SSD,,2.5,SATA 6.0 Gb/s
Seagate ST600MM0158,1779.8,600.0,0.148,10000,128.0,2.5,SAS 12.0 Gb/s
Seagate ST900MM0128,2580.0,900.0,0.143,10000,128.0,2.5,SAS 12.0 Gb/s
Western Digital Black,1319.6,320.0,0.206,7200,32.0,2.5,SATA 6.0 Gb/s
Crucial MX200,6555.4,250.0,1.311,SSD,,mSATA,mSATA
Crucial MX200,,250.0,,SSD,,M.2-2280,M.2 SATA
Crucial MX200,5555.4,500.0,0.556,SSD,,mSATA,mSATA
Crucial MX200,,500.0,,SSD,,M.2-2280,M.2 SATA
HP 718171-B21,,120.0,,SSD,,3.5,SATA 6.0 Gb/s
Intel SSDMCEAC060B3,,60.0,,SSD,,mSATA,mSATA
Mushkin MKNP44SC480GB-DX,,480.0,,SSD,,PCIe,PCIe x8
Mushkin MKNP44SC960GB-DX,,960.0,,SSD,,PCIe,PCIe x8
OCZ D2CSTK251M3T-0480,,480.0,,SSD,,2.5,SATA 6.0 Gb/s
OCZ Vertex 460A,,240.0,,SSD,,2.5,SATA 6.0 Gb/s
OCZ Vertex 460A,,480.0,,SSD,,2.5,SATA 6.0 Gb/s
Patriot Ignite,,480.0,,SSD,512.0,2.5,SATA 6.0 Gb/s
Patriot Ignite,,960.0,,SSD,1024.0,2.5,SATA 6.0 Gb/s
Plextor M6e Black Edition,,128.0,,SSD,256.0,PCIe,PCIe x4
Samsung Data Center,,480.0,,SSD,,2.5,SATA 6.0 Gb/s
Samsung XP941,,128.0,,SSD,,M.2-2280,M.2 PCIe 2.0 X4
SanDisk SDSA6GM-128G-1122,,128.0,,SSD,,2.5,SATA 6.0 Gb/s
Silicon Power Slim S80,,960.0,,SSD,,2.5,SATA 6.0 Gb/s
Toshiba MD03ACA-V,,2000.0,,7200,64.0,3.5,SATA 6.0 Gb/s
Toshiba MD03ACA-V,,3000.0,,7200,64.0,3.5,SATA 6.0 Gb/s
Transcend TS512GMSA370,6497.0,512.0,0.634,SSD,,mSATA,mSATA
Transcend TS64GMSA370,3080.0,64.0,2.406,SSD,,mSATA,mSATA
VisionTek Go Drive,,240.0,,SSD,,2.5,SATA 6.0 Gb/s
VisionTek Go Drive,,480.0,,SSD,,2.5,SATA 6.0 Gb/s
Kingston SMS200S3/120G,,120.0,,SSD,,mSATA,mSATA
Intel DC S3500,,1200.0,,SSD,,2.5,SATA 6.0 Gb/s
Mushkin Chronos,,480.0,,SSD,,2.5,SATA 6.0 Gb/s
Mushkin ECO2,,240.0,,SSD,,2.5,SATA 6.0 Gb/s
Hitachi Ultrastar C7K1000,,1000.0,,7200,64.0,2.5,SAS 6.0 Gb/s
Hitachi Ultrastar 7K6000,,2000.0,,7200,128.0,3.5,SATA 6.0 Gb/s
Hitachi Ultrastar He8,,8000.0,,7200,128.0,3.5,SAS 12.0 Gb/s
Hitachi Ultrastar He8,,8000.0,,7200,128.0,3.5,SAS 12.0 Gb/s
Hitachi Ultrastar He8,,8000.0,,7200,128.0,3.5,SATA 6.0 Gb/s
Samsung 850 Evo,,1000.0,,SSD,,mSATA,mSATA
Seagate ST1800MM0128,,1800.0,,10000,128.0,2.5,SAS 12.0 Gb/s
Mushkin ECO2,,480.0,,SSD,,2.5,SATA 6.0 Gb/s
Mushkin Striker,,480.0,,SSD,,2.5,SATA 6.0 Gb/s
Mushkin Striker,,960.0,,SSD,,2.5,SATA 6.0 Gb/s
PNY CS2111,,480.0,,SSD,,2.5,SATA 6.0 Gb/s
Samsung 850 Evo,,120.0,,SSD,,mSATA,mSATA
Samsung 850 Evo,,250.0,,SSD,,mSATA,mSATA
Mushkin ECO2,,60.0,,SSD,,2.5,SATA 6.0 Gb/s
Seagate ST1000NX0333,1500.0,1000.0,0.075,7200,128.0,2.5,SAS 12.0 Gb/s
OWC Mercury Electra,,120.0,,SSD,,2.5,SATA 6.0 Gb/s
Corsair Force LS,,60.0,,SSD,,2.5,SATA 6.0 Gb/s
Hitachi Ultrastar C15K600,,600.0,,15000,128.0,2.5,SAS 12.0 Gb/s
Hitachi Ultrastar SSD1600MM,,200.0,,SSD,,2.5,SAS 12.0 Gb/s
Hitachi Ultrastar 7K6000,,2000.0,,7200,128.0,3.5,SAS 12.0 Gb/s
Hitachi s842,5976.2,800.0,0.374,SSD,,2.5,SAS 6.0 Gb/s
Hitachi Ultrastar He6,,6000.0,,7200,128.0,3.5,SAS 6.0 Gb/s
Micron M600,,128.0,,SSD,,mSATA,mSATA
Micron M600,,256.0,,SSD,,mSATA,mSATA
OCZ Vector 180,,120.0,,SSD,,2.5,SATA 6.0 Gb/s
OCZ Vector 180,,960.0,,SSD,,2.5,SATA 6.0 Gb/s
SanDisk X300S,,256.0,,SSD,,2.5,SATA 6.0 Gb/s
Seagate ST4000NM0054,,4000.0,,7200,128.0,3.5,SAS 12.0 Gb/s
Seagate ST500LM001,,500.0,,,,2.5,SATA 6.0 Gb/s
Intel 750,,1200.0,,SSD,,PCIe,PCIe x4
ADATA Premier Pro SP920,,1000.0,,SSD,,2.5,SATA 6.0 Gb/s
Corsair Force LS,,240.0,,SSD,,2.5,SATA 6.0 Gb/s
Corsair Force LS,,480.0,,SSD,,2.5,SATA 6.0 Gb/s
Corsair Force LS,,960.0,,SSD,,2.5,SATA 6.0 Gb/s
Intel 535,3973.2,120.0,1.656,SSD,,2.5,SATA 6.0 Gb/s
Kingston SSDNow KC310,,960.0,,SSD,,2.5,SATA 6.0 Gb/s
OCZ D2CSTK251M3T-0120,,128.0,,SSD,,2.5,SATA 6.0 Gb/s
Hitachi Ultrastar He8,,8000.0,,7200,128.0,3.5,SAS 12.0 Gb/s
Seagate ST2000NX0343,3900.0,2000.0,0.098,7200,128.0,2.5,SAS 12.0 Gb/s
Hitachi S800 S846,,1600.0,,SSD,,2.5,SAS 6.0 Gb/s
Dell 341-9520,,450.0,,15000,16.0,3.5,SAS 3.0 Gb/s
Seagate ST1000NX0353,,1000.0,,7200,128.0,2.5,SATA 6.0 Gb/s
Seagate ST2000NM0014,,2000.0,,7200,128.0,3.5,SAS 12.0 Gb/s
Kingston SHSS3B7A/960G Bundle,,960.0,,SSD,,2.5,SATA 6.0 Gb/s
Intel 535,5980.0,360.0,0.831,SSD,,2.5,SATA 6.0 Gb/s
OCZ Radeon R7,,240.0,,SSD,,2.5,SATA 6.0 Gb/s
OCZ Radeon R7,,480.0,,SSD,,2.5,SATA 6.0 Gb/s
PNY Optima,,120.0,,SSD,,2.5,SATA 6.0 Gb/s
Mushkin Reactor,,256.0,,SSD,,2.5,SATA 6.0 Gb/s
Seagate ST1000NX0363,,1000.0,,7200,128.0,2.5,SAS 12.0 Gb/s
Seagate ST2000NX0323,,2000.0,,7200,128.0,2.5,SAS 12.0 Gb/s
Seagate Enterprise NAS,,3000.0,,7200,128.0,3.5,SATA 6.0 Gb/s
Transcend TS1TSSD370S,8047.4,1000.0,0.402,SSD,,2.5,SATA 6.0 Gb/s
Western Digital Purple NV,,4000.0,,5400,64.0,3.5,SATA 6.0 Gb/s
Western Digital Purple NV,3100.0,6000.0,0.026,5400,64.0,3.5,SATA 6.0 Gb/s
Hitachi Ultrastar 7K6000,,2000.0,,7200,128.0,3.5,SATA 6.0 Gb/s
Hitachi Ultrastar He8,,6000.0,,7200,128.0,3.5,SATA 6.0 Gb/s
Hitachi Ultrastar He8,,8000.0,,7200,128.0,3.5,SAS 12.0 Gb/s
Hitachi Ultrastar 7K6000,,2000.0,,7200,128.0,3.5,SAS 12.0 Gb/s
OCZ Trion 100,,240.0,,SSD,,2.5,SATA 6.0 Gb/s
OCZ Trion 100,,480.0,,SSD,,2.5,SATA 6.0 Gb/s
OCZ Trion 100,,960.0,,SSD,,2.5,SATA 6.0 Gb/s
Corsair Neutron XT,,240.0,,SSD,,2.5,SATA 6.0 Gb/s
Corsair Neutron XT,,480.0,,SSD,,2.5,SATA 6.0 Gb/s
Toshiba PH3600U-1I72,,6000.0,,7200,128.0,3.5,SATA 6.0 Gb/s
Hitachi Ultrastar SSD800MM,,400.0,,SSD,,2.5,SAS 12.0 Gb/s
HP E2P03AA,,900.0,,10000,16.0,3.5,SAS 6.0 Gb/s
Intel SSDPEDMX400G401,,400.0,,SSD,,PCIe,PCIe x4
Intel SSDSC2BB080G601,,80.0,,SSD,,2.5,SATA 6.0 Gb/s
Intel SSDSC2BB120G601,,120.0,,SSD,,2.5,SATA 6.0 Gb/s
Intel SSDSC2BB240G601,6300.0,240.0,1.312,SSD,,2.5,SATA 6.0 Gb/s
Intel SSDSC2BB480G601,5759.4,480.0,0.6,SSD,,2.5,SATA 6.0 Gb/s
Intel 535,,360.0,,SSD,,2.5,SATA 6.0 Gb/s
Intel SSDSC2BW480H6R5,,480.0,,SSD,,2.5,SATA 6.0 Gb/s
Kingston SSDNow KC310,,960.0,,SSD,,2.5,SATA 6.0 Gb/s
Mushkin Atlas Vital,,120.0,,SSD,,M.2-2280,M.2 SATA
Mushkin Atlas Vital,,240.0,,SSD,,M.2-2280,M.2 SATA
PNY CS1211,,120.0,,SSD,,2.5,SATA 6.0 Gb/s
PNY SSD7CS2111-960-RB,,960.0,,SSD,,2.5,SATA 6.0 Gb/s
Silicon Power SSD Slim S60 Upgrade Kit,,120.0,,SSD,,2.5,SATA 6.0 Gb/s
Silicon Power SSD Slim S60 Upgrade Kit,,240.0,,SSD,,2.5,SATA 6.0 Gb/s
VisionTek 900623-BUNDLE,,120.0,,SSD,,2.5,SATA 6.0 Gb/s
Seagate ST2000NX0353,,2000.0,,7200,128.0,2.5,SAS 12.0 Gb/s
Hitachi Ultrastar C10K900,,450.0,,10000,64.0,2.5,SAS 6.0 Gb/s
ADATA Premier SP600NS34,,128.0,,SSD,,M.2-2242,M.2 SATA
ADATA Premier SP600NS34,,256.0,,SSD,,M.2-2242,M.2 SATA
ADATA XPG SX930,,240.0,,SSD,,2.5,SATA 6.0 Gb/s
G.Skill Phoenix FTL,,240.0,,SSD,,2.5,SATA 6.0 Gb/s
Intel 535,,360.0,,SSD,,M.2-2280,M.2 SATA
Mushkin Atlas Vital,,480.0,,SSD,,M.2-2280,M.2 SATA
Mushkin Atlas Vital,,500.0,,SSD,,M.2-2280,M.2 SATA
Patriot Blast,,240.0,,SSD,256.0,2.5,SATA 6.0 Gb/s
Patriot Blast,,480.0,,SSD,256.0,2.5,SATA 6.0 Gb/s
Samsung SM951,,128.0,,SSD,,M.2-2280,M.2 PCIe 3.0 X4
SanDisk Ultra II,,128.0,,SSD,,mSATA,mSATA
SanDisk Ultra II,,512.0,,SSD,,mSATA,mSATA
TEAMGROUP Dark L3,,240.0,,SSD,,2.5,SATA 6.0 Gb/s
TEAMGROUP Ultra L5,,120.0,,SSD,,2.5,SATA 6.0 Gb/s
TEAMGROUP Ultra L5,,240.0,,SSD,,2.5,SATA 6.0 Gb/s
SanDisk Z400s,,64.0,,SSD,,2.5,SATA 6.0 Gb/s
SanDisk Z400s,,32.0,,SSD,,mSATA,mSATA
SanDisk Z400s,,64.0,,SSD,,M.2-2280,M.2 SATA
SanDisk Z400s,,128.0,,SSD,,M.2-2280,M.2 SATA
Seagate ST1200MM0158,,1200.0,,10000,128.0,2.5,SAS 12.0 Gb/s
Hitachi Ultrastar C10K1800,,600.0,,10500,128.0,2.5,SAS 12.0 Gb/s
Intel 730,,240.0,,SSD,,2.5,SATA 6.0 Gb/s
Toshiba Q300 Pro,,128.0,,SSD,,2.5,SATA 6.0 Gb/s
Toshiba Q300,,120.0,,SSD,,2.5,SATA 6.0 Gb/s
Toshiba Q300,,480.0,,SSD,,2.5,SATA 6.0 Gb/s
Seagate Enterprise NAS,,2000.0,,7200,128.0,3.5,SATA 6.0 Gb/s
Eluktro Pro-X Performance,,128.0,,SSD,,M.2-2280,M.2 PCIe 3.0 X4
Eluktro Pro Performance,,1000.0,,SSD,,2.5,SATA 6.0 Gb/s
Eluktro Pro Performance,,512.0,,SSD,,2.5,SATA 6.0 Gb/s
Zotac Premium Edition,,480.0,,SSD,,2.5,SATA 6.0 Gb/s
Mushkin Atlas,,120.0,,SSD,,mSATA,mSATA
Mushkin ECO2,,512.0,,SSD,,2.5,SATA 6.0 Gb/s
Mushkin Atlas,,60.0,,SSD,,mSATA,mSATA
Hitachi Ultrastar Archive Ha10,,10000.0,,7200,256.0,3.5,SAS 6.0 Gb/s
Hitachi Ultrastar Archive Ha10,,10000.0,,7200,256.0,3.5,SAS 6.0 Gb/s
Hitachi Ultrastar Archive Ha10,,10000.0,,7200,256.0,3.5,SAS 6.0 Gb/s
Hitachi Ultrastar Archive Ha10,,10000.0,,7200,256.0,3.5,SATA 6.0 Gb/s
Hitachi Ultrastar Archive Ha10,,10000.0,,7200,256.0,3.5,SATA 6.0 Gb/s
Hitachi Ultrastar Archive Ha10,,10000.0,,7200,256.0,3.5,SATA 6.0 Gb/s
Hitachi Ultrastar Archive Ha10,,10000.0,,7200,256.0,3.5,SATA 6.0 Gb/s
Hitachi Ultrastar Archive Ha10,,10000.0,,7200,256.0,3.5,SATA 6.0 Gb/s
Hitachi Ultrastar Archive Ha10,,10000.0,,7200,256.0,3.5,SATA 6.0 Gb/s
Toshiba L200,1319.8,500.0,0.132,5400,8.0,2.5,SATA 3.0 Gb/s
Toshiba L200,,1000.0,,5400,8.0,2.5,SATA 3.0 Gb/s
Seagate ST6000VN0021,,6000.0,,7200,128.0,3.5,SATA 6.0 Gb/s
Hitachi Ultrastar He8,,8000.0,,7200,128.0,3.5,SAS 12.0 Gb/s
Seagate Momentus 5400.3,,40.0,,5400,8.0,2.5,PATA 44-Pin 100
Kingston FURY,,240.0,,SSD,,2.5,SATA 6.0 Gb/s
PNY CS2211,,480.0,,SSD,,2.5,SATA 6.0 Gb/s
PNY CS2211,,960.0,,SSD,,2.5,SATA 6.0 Gb/s
OCZ Vector 180,,480.0,,SSD,,2.5,SATA 6.0 Gb/s
Avexir V1,,128.0,,SSD,,2.5,SATA 6.0 Gb/s
Patriot PBT120GS25SSDR,,120.0,,SSD,,2.5,SATA 6.0 Gb/s
Mushkin Reactor TC,,2000.0,,SSD,,2.5,SATA 6.0 Gb/s
SanDisk X400,,256.0,,SSD,,M.2-2280,M.2 SATA
MyDigitalSSD BP5e Slim 7,,128.0,,SSD,,2.5,SATA 6.0 Gb/s
MyDigitalSSD BP5e Slim 7,,240.0,,SSD,,2.5,SATA 6.0 Gb/s
MyDigitalSSD BP5e Slim 7,,1000.0,,SSD,,2.5,SATA 6.0 Gb/s
Mushkin ECO3,,120.0,,SSD,128.0,2.5,SATA 6.0 Gb/s
Mushkin ECO3,,480.0,,SSD,512.0,2.5,SATA 6.0 Gb/s
Intel 540s,,1000.0,,SSD,,2.5,SATA 6.0 Gb/s
Intel 540s,,120.0,,SSD,,2.5,SATA 6.0 Gb/s
Intel 540s,,180.0,,SSD,,2.5,SATA 6.0 Gb/s
Intel 540s,,240.0,,SSD,,2.5,SATA 6.0 Gb/s
Intel 540s,,360.0,,SSD,,2.5,SATA 6.0 Gb/s
Western Digital Caviar SE,,250.0,,7200,8.0,3.5,PATA 100
Western Digital WD Red Pro,,5000.0,,7200,128.0,3.5,SATA 6.0 Gb/s
Silicon Power S70,,120.0,,SSD,,2.5,SATA 6.0 Gb/s
Silicon Power S70,,480.0,,SSD,,2.5,SATA 6.0 Gb/s
Intel 540s,,120.0,,SSD,,2.5,SATA 6.0 Gb/s
Intel 540s,,180.0,,SSD,,2.5,SATA 6.0 Gb/s
Intel 540s,3313.8,360.0,,SSD,,2.5,SATA 6.0 Gb/s
Patriot Torch LE,,960.0,,SSD,,2.5,SATA 6.0 Gb/s
Patriot Torch LE,,480.0,,SSD,,2.5,SATA 6.0 Gb/s
Patriot Torch LE,,240.0,,SSD,,2.5,SATA 6.0 Gb/s
Patriot Torch LE,,120.0,,SSD,,2.5,SATA 6.0 Gb/s
Plextor M7V,,128.0,,SSD,256.0,2.5,SATA 6.0 Gb/s
Plextor M7V,,256.0,,SSD,512.0,2.5,SATA 6.0 Gb/s
Plextor M7V,,512.0,,SSD,768.0,2.5,SATA 6.0 Gb/s
MyDigitalSSD BP5e Slim 7,,480.0,,SSD,,2.5,SATA 6.0 Gb/s
Intel 540s,,480.0,,SSD,,M.2-2280,M.2 SATA
Intel 540s,,240.0,,SSD,,M.2-2280,M.2 SATA
Intel 540s,,180.0,,SSD,,M.2-2280,M.2 SATA
Intel 540s,,120.0,,SSD,,M.2-2280,M.2 SATA
Intel 540s,,1000.0,,SSD,,M.2-2280,M.2 SATA
Intel 750,9500.0,1200.0,0.396,SSD,,2.5,U.2
Intel 750,8076.0,400.0,1.01,SSD,,2.5,U.2
Intel 750,7199.4,800.0,0.45,SSD,,2.5,U.2
Plextor M6V,,512.0,,SSD,512.0,2.5,SATA 6.0 Gb/s
Plextor M6V,,256.0,,SSD,256.0,2.5,SATA 6.0 Gb/s
Plextor M6V,,128.0,,SSD,128.0,2.5,SATA 6.0 Gb/s
MyDigitalSSD 80mm BP5e,,120.0,,SSD,,M.2-2280,M.2 SATA
MyDigitalSSD 80mm BP5e,,240.0,,SSD,,M.2-2280,M.2 SATA
MyDigitalSSD 80mm BP5e,,480.0,,SSD,,M.2-2280,M.2 SATA
Corsair Neutron XTi,,240.0,,SSD,,2.5,SATA 6.0 Gb/s
Corsair Neutron XTi,,480.0,,SSD,,2.5,SATA 6.0 Gb/s
Corsair Neutron XTi,,960.0,,SSD,,2.5,SATA 6.0 Gb/s
Avexir E100,,120.0,,SSD,,2.5,SATA 6.0 Gb/s
Avexir E100,,240.0,,SSD,,2.5,SATA 6.0 Gb/s
Hitachi LYSB00TQ7YJ4G-ELECTRNCS,,2000.0,,7200,64.0,3.5,SATA 6.0 Gb/s
Plextor M8Pe,,1000.0,,SSD,1024.0,M.2-2280,M.2 PCIe 3.0 X4
Plextor M8Pe,,512.0,,SSD,512.0,M.2-2280,M.2 PCIe 3.0 X4
Plextor M8Pe,,128.0,,SSD,512.0,PCIe,PCIe x4
Plextor M7V,,128.0,,SSD,256.0,M.2-2280,M.2 SATA
Plextor M7V,,512.0,,SSD,1024.0,M.2-2280,M.2 SATA
Mushkin TRIACTOR,,500.0,,SSD,,2.5,SATA 6.0 Gb/s
Toshiba VX500,2560.6,128.0,,SSD,,2.5,SATA 6.0 Gb/s
MyDigitalSSD BPX,,128.0,,SSD,,M.2-2280,M.2 PCIe 3.0 X4
MyDigitalSSD BPX,,512.0,,SSD,,M.2-2280,M.2 PCIe 3.0 X4
Intel Pro 5400s,2800.0,120.0,1.167,SSD,,2.5,SATA 6.0 Gb/s
Intel Pro 5400s,3080.0,180.0,0.856,SSD,,2.5,SATA 6.0 Gb/s
Intel Pro 5400s,5000.0,360.0,0.694,SSD,,2.5,SATA 6.0 Gb/s
Intel Pro 5400s,,480.0,,SSD,,2.5,SATA 6.0 Gb/s
Intel Pro 5400s,,240.0,,SSD,,2.5,SATA 6.0 Gb/s
Transcend TS960GSSD220S,2062.19,960.0,0.107,SSD,,2.5,SATA 6.0 Gb/s
ADATA SU900,,256.0,,SSD,,2.5,SATA 6.0 Gb/s
Patriot TORCH,,60.0,,SSD,,2.5,SATA 6.0 Gb/s
Patriot Hellfire,,480.0,,SSD,512.0,M.2-2280,M.2 PCIe 3.0 X4
Addlink S10,,120.0,,SSD,,2.5,SATA 6.0 Gb/s
Addlink S10,,240.0,,SSD,,2.5,SATA 6.0 Gb/s
TEAMGROUP L7 EVO,,120.0,,SSD,,2.5,SATA 6.0 Gb/s
Toshiba N300,,8000.0,,7200,128.0,3.5,SATA 6.0 Gb/s
TEAMGROUP T-Force Cardea,,240.0,,SSD,,M.2-2280,M.2 PCIe 3.0 X4
Hyundai Technology Cobalt,,120.0,,SSD,,2.5,SATA 6.0 Gb/s
Hyundai Technology Cobalt,,240.0,,SSD,,2.5,SATA 6.0 Gb/s
Hyundai Technology Cobalt,,480.0,,SSD,,2.5,SATA 6.0 Gb/s
Hyundai Technology Cobalt,,960.0,,SSD,,2.5,SATA 6.0 Gb/s
Hyundai Technology Sapphire,,120.0,,SSD,,2.5,SATA 6.0 Gb/s
Drevo ES,,128.0,,SSD,,2.5,SATA 6.0 Gb/s
Drevo ES,,256.0,,SSD,,2.5,SATA 6.0 Gb/s
TEAMGROUP L3 EVO,,480.0,,SSD,,2.5,SATA 6.0 Gb/s
Seagate Barracuda ES,1729.0,750.0,0.115,7200,16.0,3.5,SATA 6.0 Gb/s
Hitachi H3IK40003272SW,,4000.0,,7200,64.0,3.5,SATA 6.0 Gb/s
Seagate Enterprise,7888.0,8000.0,0.049,7200,256.0,3.5,SAS 12.0 Gb/s
Patriot Spark,,128.0,,SSD,,2.5,SATA 6.0 Gb/s
Patriot Spark,,256.0,,SSD,,2.5,SATA 6.0 Gb/s
Hitachi Deskstar NAS,,10000.0,,7200,256.0,3.5,SATA 6.0 Gb/s
ADATA XPG SX950,,480.0,,SSD,,2.5,SATA 6.0 Gb/s
Hitachi P7K500,,500.0,,7200,8.0,3.5,SATA 3.0 Gb/s
Hitachi Ultrastar,,900.0,,10500,128.0,2.5,SAS 12.0 Gb/s
Hitachi Ultrastar,2980.0,1800.0,0.083,10500,128.0,2.5,SAS 12.0 Gb/s
Hitachi HGST Ultrastar C10K1800 HUC101830CSS200 (0B28810) 300GB 10520 RPM,,300.0,,10500,128.0,2.5,SAS 12.0 Gb/s
Hitachi Ultrastar,4500.0,6000.0,0.037,7200,128.0,3.5,SAS 12.0 Gb/s
Hitachi Ultrastar,,4000.0,,7200,128.0,3.5,SAS 12.0 Gb/s
Hitachi Ultrastar,,2000.0,,7200,128.0,3.5,SAS 12.0 Gb/s
Hitachi 0F22941,3500.0,4000.0,0.044,7200,128.0,3.5,SAS 12.0 Gb/s
Hitachi Ultrastar,,2000.0,,7200,128.0,3.5,SAS 12.0 Gb/s
Hitachi 0F23006,,4000.0,,7200,128.0,3.5,SAS 12.0 Gb/s
Hitachi 0F23090,,4000.0,,7200,128.0,3.5,SAS 12.0 Gb/s
Hitachi Ultrastar He8,19051.19,6000.0,0.159,7200,128.0,3.5,SAS 12.0 Gb/s
Hitachi Ultrastar He8,7210.0,6000.0,0.06,7200,128.0,3.5,SAS 12.0 Gb/s
Hitachi Ultra,,8000.0,,7200,128.0,3.5,SATA 6.0 Gb/s
Hitachi 0F27402,,10000.0,,7200,256.0,3.5,SAS 12.0 Gb/s
Hitachi Ultrastar He10,,8000.0,,7200,256.0,3.5,SAS 12.0 Gb/s
Hitachi 0F29530,,12000.0,,7200,256.0,3.5,SAS 12.0 Gb/s
Hitachi 0F30144,,12000.0,,7200,256.0,3.5,SAS 12.0 Gb/s
Avexir S100,,120.0,,SSD,,2.5,SATA 6.0 Gb/s
Avexir S100,,240.0,,SSD,,2.5,SATA 6.0 Gb/s
Avexir S100,,480.0,,SSD,,2.5,SATA 6.0 Gb/s
Avexir S100,,120.0,,SSD,,2.5,SATA 6.0 Gb/s
Avexir S100,,240.0,,SSD,,2.5,SATA 6.0 Gb/s
Avexir S100,,480.0,,SSD,,2.5,SATA 6.0 Gb/s
Avexir S100,,120.0,,SSD,,2.5,SATA 6.0 Gb/s
Avexir S100,,240.0,,SSD,,2.5,SATA 6.0 Gb/s
Avexir S100,,120.0,,SSD,,2.5,SATA 6.0 Gb/s
Avexir S100,,240.0,,SSD,,2.5,SATA 6.0 Gb/s
Avexir S100,,480.0,,SSD,,2.5,SATA 6.0 Gb/s
Avexir S100,,120.0,,SSD,,2.5,SATA 6.0 Gb/s
Avexir S100,,240.0,,SSD,,2.5,SATA 6.0 Gb/s
Avexir S100,,480.0,,SSD,,2.5,SATA 6.0 Gb/s
Mushkin Source,,120.0,,SSD,,2.5,SATA 6.0 Gb/s
Toshiba MD04ACA500,,5000.0,,7200,128.0,3.5,SATA 6.0 Gb/s
TCSunBow X3,,60.0,,SSD,,2.5,SATA 6.0 Gb/s
TCSunBow X3,,120.0,,SSD,,2.5,SATA 6.0 Gb/s
TEAMGROUP T-Force Delta RGB,,250.0,,SSD,,2.5,SATA 6.0 Gb/s
VisionTek PRO,,500.0,,SSD,,M.2-2280,M.2 SATA
VisionTek PRO,,120.0,,SSD,,M.2-2280,M.2 SATA
VisionTek PRO,,250.0,,SSD,,M.2-2280,M.2 SATA
TEAMGROUP L5 LITE,,60.0,,SSD,,2.5,SATA 6.0 Gb/s
ADATA XPG GAMMIX S11,,960.0,,SSD,,M.2-2280,M.2 PCIe 3.0 X4
Toshiba RC100,,120.0,,SSD,,M.2-2242,M.2 PCIe 3.0 X2
Toshiba RC100,,480.0,,SSD,,M.2-2242,M.2 PCIe 3.0 X2
Drevo X1 Pro,,64.0,,SSD,,2.5,SATA 6.0 Gb/s
Drevo X1 Pro,,256.0,,SSD,,2.5,SATA 6.0 Gb/s
Seagate Barracuda Compute,,250.0,,SSD,,2.5,SATA 6.0 Gb/s
Seagate SkyHawk,,14000.0,,7200,256.0,3.5,SATA 6.0 Gb/s
Kingston HyperX FURY RGB BUNDLE,,960.0,,SSD,,2.5,SATA 6.0 Gb/s
Kingston HyperX FURY RGB BUNDLE,,480.0,,SSD,,2.5,SATA 6.0 Gb/s
ADATA XPG SX850,,512.0,,SSD,,2.5,SATA 6.0 Gb/s
MyDigitalSSD BPX Pro,,1920.0,,SSD,,M.2-2280,M.2 PCIe 3.0 X4
MyDigitalSSD BPX Pro,,480.0,,SSD,,M.2-2280,M.2 PCIe 3.0 X4
Toshiba N300,,4000.0,,7200,128.0,3.5,SATA 6.0 Gb/s
Toshiba N300,5580.0,6000.0,0.047,7200,128.0,3.5,SATA 6.0 Gb/s
Toshiba N300,,8000.0,,7200,128.0,3.5,SATA 6.0 Gb/s
TEAMGROUP T-Force Delta Phantom Gaming RGB,,250.0,,SSD,,2.5,SATA 6.0 Gb/s
TEAMGROUP T-Force Delta Phantom Gaming RGB,,500.0,,SSD,,2.5,SATA 6.0 Gb/s
Seagate Enterprise Capacity,1500.0,1000.0,0.075,7200,128.0,3.5,SATA 6.0 Gb/s
Seagate EXOS Enterprise,3070.0,1000.0,0.153,7200,,2.5,SAS 12.0 Gb/s
Seagate Enterprise Capacity,,1000.0,,7200,128.0,2.5,SATA 6.0 Gb/s
Seagate Enterprise Capacity,,2000.0,,7200,128.0,3.5,SATA 6.0 Gb/s
Seagate Enterprise Capacity,,2000.0,,7200,128.0,3.5,SAS 12.0 Gb/s
Seagate Enterprise Capacity,,2000.0,,7200,128.0,3.5,SATA 6.0 Gb/s
Seagate Enterprise Capacity,4284.8,2000.0,0.107,7200,128.0,2.5,SAS 12.0 Gb/s
Seagate Enterprise Performance,1703.19,300.0,0.284,10000,128.0,2.5,SAS 12.0 Gb/s
Seagate Enterprise Capacity,,4000.0,,7200,128.0,3.5,SATA 6.0 Gb/s
Seagate Enterprise Capacity,,4000.0,,7200,128.0,3.5,SATA 6.0 Gb/s
Seagate Enterprise Capacity,,8000.0,,7200,256.0,3.5,SATA 6.0 Gb/s
Western Digital AV,3540.0,320.0,0.553,5400,,2.5,SATA 6.0 Gb/s
Seagate Enterprise Capacity,,6000.0,,7200,256.0,3.5,SAS 6.0 Gb/s
Seagate Enterprise Capacity,9999.0,8000.0,0.062,7200,256.0,3.5,SAS 6.0 Gb/s
Seagate Enterprise Capacity,2780.0,4000.0,0.035,7200,128.0,3.5,SAS 12.0 Gb/s
Seagate Enterprise Capacity,,8000.0,,7200,256.0,3.5,SAS 12.0 Gb/s
Western Digital RE,5613.2,6000.0,0.047,7200,128.0,3.5,SATA 6.0 Gb/s
Seagate Nytro Enterprise,11999.0,240.0,2.5,SSD,,2.5,SATA 6.0 Gb/s
Western Digital Blue UltraSlim,,500.0,,5400,16.0,2.5,SATA 6.0 Gb/s
Seagate Nytro Enterprise,,480.0,,SSD,,2.5,SATA 6.0 Gb/s
Seagate Nytro Enterprise,,480.0,,SSD,,2.5,SATA 6.0 Gb/s
Seagate Nytro Enterprise,12980.0,960.0,0.676,SSD,,2.5,SATA 6.0 Gb/s
Seagate Barracuda Compute,,1000.0,,SSD,,2.5,SATA 6.0 Gb/s
Seagate Nytro Enterprise,,480.0,,SSD,,2.5,SATA 6.0 Gb/s
Seagate Nytro Enterprise,,1920.0,,SSD,,2.5,SATA 6.0 Gb/s
Toshiba X300,,14000.0,,7200,256.0,3.5,SATA 6.0 Gb/s
Seagate 1200.2,,800.0,,SSD,,2.5,SAS 12.0 Gb/s
Seagate Nytro Enterprise,,400.0,,SSD,,2.5,SAS 12.0 Gb/s
Seagate Nytro Enterprise,,800.0,,SSD,,2.5,SAS 12.0 Gb/s
Seagate Enterprise Performance,1000.0,600.0,0.083,10000,128.0,2.5,SAS 12.0 Gb/s
Seagate Enterprise Performance,2620.0,300.0,0.437,15000,256.0,2.5,SAS 12.0 Gb/s
Seagate Nytro Enterprise,,800.0,,SSD,,2.5,U.2
TEAMGROUP MS30,,128.0,,SSD,,M.2-2280,M.2 SATA
Plextor S2G,,512.0,,SSD,,M.2-2280,M.2 SATA
TEAMGROUP MP32,,512.0,,SSD,,M.2-2280,M.2 PCIe 3.0 X2
Plextor M8VG,,512.0,,SSD,1024.0,M.2-2280,M.2 SATA
Mushkin Helix-L,,250.0,,SSD,,M.2-2280,M.2 PCIe 3.0 X4
Seagate IronWolf NAS,,3840.0,,SSD,,2.5,SATA 6.0 Gb/s
TEAMGROUP T-Force Cardea,,1000.0,,SSD,,M.2-2280,M.2 PCIe 3.0 X4
TEAMGROUP T-Force Cardea Liquid,,512.0,,SSD,,M.2-2280,M.2 PCIe 3.0 X4
Seagate Enterprise Capacity,,8000.0,,7200,256.0,3.5,SAS 12.0 Gb/s
Seagate Enterprise Capacity,,8000.0,,7200,256.0,3.5,SATA 6.0 Gb/s
Seagate Enterprise Capacity,,8000.0,,7200,256.0,3.5,SATA 6.0 Gb/s
Toshiba S300,,5000.0,,5400,128.0,3.5,SATA 6.0 Gb/s
Toshiba HDEPR11GEA51,,4000.0,,7200,128.0,3.5,SATA 6.0 Gb/s
Toshiba HDEPR13GEA51,,2000.0,,7200,64.0,3.5,SATA 6.0 Gb/s
Micron 5200 Pro,,1920.0,,SSD,,2.5,SATA 6.0 Gb/s
Toshiba MG04ACA200N,,2000.0,,7200,128.0,3.5,SATA 6.0 Gb/s
Seagate Barracuda Compute,,2000.0,,SSD,,2.5,SATA 6.0 Gb/s
VisionTek PRO,,1000.0,,SSD,,2.5,SATA 6.0 Gb/s
VisionTek PRO2,,1000.0,,SSD,,M.2-2280,M.2 PCIe 3.0 X4
SanDisk X600,,1000.0,,SSD,,M.2-2280,M.2 SATA
Seagate Nytro 5000,,400.0,,SSD,,M.2-22110,M.2 PCIe 3.0 X4
Toshiba HDETR11,,4000.0,,7200,128.0,3.5,SATA 6.0 Gb/s
Seagate SkyHawk AI,,6000.0,,7200,256.0,3.5,SATA 6.0 Gb/s
Toshiba HDETS10,,6000.0,,7200,,3.5,SATA 6.0 Gb/s
Hitachi Ultrastar,,4000.0,,7200,128.0,3.5,SATA 6.0 Gb/s
Hitachi Ultrastar He10,,8000.0,,7200,256.0,3.5,SATA 6.0 Gb/s
Hitachi Ultrastar He10,,8000.0,,7200,256.0,3.5,SATA 6.0 Gb/s
SanDisk CloudSpeed Ultra Gen. II,,800.0,,SSD,,2.5,SATA 6.0 Gb/s
Mushkin RAW,,240.0,,SSD,,2.5,SATA 6.0 Gb/s
Mushkin RAW,,960.0,,SSD,,2.5,SATA 6.0 Gb/s
Mushkin RAW,,480.0,,SSD,,2.5,SATA 6.0 Gb/s
TEAMGROUP T-Force Delta Max RGB,,500.0,,SSD,,2.5,SATA 6.0 Gb/s
VisionTek 900802,,256.0,,SSD,,2.5,SATA 6.0 Gb/s
VisionTek PRO2,,120.0,,SSD,,M.2-2280,M.2 PCIe 3.0 X4
VisionTek PRO2,,250.0,,SSD,,M.2-2280,M.2 PCIe 3.0 X4
VisionTek PRO2,,500.0,,SSD,,M.2-2280,M.2 PCIe 3.0 X4
VisionTek PRO,,120.0,,SSD,,2.5,SATA 6.0 Gb/s
VisionTek 900831,,500.0,,SSD,,M.2-2280,M.2 SATA
VisionTek PRO,,240.0,,SSD,,2.5,SATA 6.0 Gb/s
VisionTek PRO,1732.6,480.0,0.18,SSD,,2.5,SATA 6.0 Gb/s
VisionTek 900990,,120.0,,SSD,,2.5,SATA 6.0 Gb/s
Seagate IronWolf NAS,,480.0,,SSD,,2.5,SATA 6.0 Gb/s
Seagate Nytro Enterprise,,960.0,,SSD,,2.5,SATA 6.0 Gb/s
Seagate Nytro Enterprise,,960.0,,SSD,,2.5,SATA 6.0 Gb/s
Seagate Nytro Enterprise,3075.8,480.0,,SSD,,2.5,SATA 6.0 Gb/s
Seagate Barracuda Compute,,250.0,,SSD,,2.5,SATA 6.0 Gb/s
Seagate Nytro Enterprise,,1920.0,,SSD,,2.5,SATA 6.0 Gb/s
VisionTek 900912,,512.0,,SSD,,M.2-2280,M.2 SATA
QNAP M2080,2561.0,64.0,,SSD,,M.2-2280,M.2 SATA
QNAP M2080,,256.0,,SSD,,M.2-2280,M.2 SATA
Intel D3-S4610,,240.0,,SSD,,2.5,SATA 6.0 Gb/s
Intel DC S4500,,240.0,,SSD,,2.5,SATA 6.0 Gb/s
Intel DC S3610,,1600.0,,SSD,,2.5,SATA 6.0 Gb/s
Hitachi Ultrastar,,6000.0,,7200,128.0,3.5,SATA 6.0 Gb/s
Hitachi Ultrastar He10,,10000.0,,7200,256.0,3.5,SAS 12.0 Gb/s
Seagate EXOS Enterprise,7474.4,16000.0,0.023,7200,256.0,3.5,SAS 12.0 Gb/s
Seagate Enterprise Capacity,,8000.0,,7200,256.0,3.5,SAS 12.0 Gb/s
SanDisk X600,,128.0,,SSD,,2.5,SATA 6.0 Gb/s
Kingston SSDNOW DC500M,,480.0,,SSD,,2.5,SATA 6.0 Gb/s
Mushkin RAW,,1000.0,,SSD,,2.5,SATA 6.0 Gb/s
Mushkin RAW,,250.0,,SSD,,2.5,SATA 6.0 Gb/s
Intel DC P4101,,512.0,,SSD,,M.2-2280,M.2 PCIe 3.0 X4
Intel DC P3100,,256.0,,SSD,,M.2-2280,M.2 PCIe 3.0 X4
Intel 5450s,,256.0,,SSD,,2.5,SATA 6.0 Gb/s
Intel 320,,80.0,,SSD,,2.5,SATA 3.0 Gb/s
Intel DC P4101,,2000.0,,SSD,,M.2-2280,M.2 PCIe 3.0 X4
Intel D3-S4510,,960.0,,SSD,,M.2-2280,M.2 SATA
Intel D3-S4510,,480.0,,SSD,,M.2-2280,M.2 SATA
Intel DC S3500,,160.0,,SSD,,2.5,SATA 6.0 Gb/s
Intel DC P4101,,1024.0,,SSD,,M.2-2280,M.2 PCIe 3.0 X4
Intel DC S3610,,480.0,,SSD,,2.5,SATA 6.0 Gb/s
PNY XLR8 CS2311,,500.0,,SSD,,2.5,SATA 6.0 Gb/s
V7 S6000,,250.0,,SSD,,2.5,SATA 6.0 Gb/s
V7 S6000,,500.0,,SSD,,2.5,SATA 6.0 Gb/s
Hitachi Travelstar Z5K500,,500.0,,5400,,2.5,SATA 6.0 Gb/s
SanDisk CloudSpeed Ultra Gen. II,,400.0,,SSD,,2.5,SATA 6.0 Gb/s
Intel DC S3110,,1024.0,,SSD,,2.5,SATA 6.0 Gb/s
SanDisk CloudSpeed Eco Gen. II,,960.0,,SSD,,2.5,SATA 6.0 Gb/s
SanDisk CloudSpeed Eco Gen. II,,480.0,,SSD,,2.5,SATA 6.0 Gb/s
Seagate ST500LM033,,500.0,,5400,,2.5,SATA 6.0 Gb/s
Intel DC S3500,,120.0,,SSD,,2.5,SATA 6.0 Gb/s
Intel SSDSC2BA400G4P,,400.0,,SSD,,2.5,SATA 6.0 Gb/s
Intel DC S4600,,240.0,,SSD,,2.5,SATA 6.0 Gb/s
ADATA XPG SX8800 Pro,,512.0,,SSD,,M.2-2280,M.2 PCIe 3.0 X4
Seagate FireCuda 510,,250.0,,SSD,,M.2-2280,M.2 PCIe 3.0 X4
Kingston DC450R,,1920.0,,SSD,,2.5,SATA 6.0 Gb/s
Kingston DC450R,,3840.0,,SSD,,2.5,SATA 6.0 Gb/s
V7 S6000,,1000.0,,SSD,,M.2-2280,M.2 SATA
V7 S6000,,500.0,,SSD,,M.2-2280,M.2 SATA
Biostar M700,,1000.0,,SSD,,M.2-2280,M.2 PCIe 3.0 X4
Patriot VPR100 RGB,,256.0,,SSD,,M.2-2280,M.2 PCIe 3.0 X4
Patriot VPR100 RGB,,512.0,,SSD,,M.2-2280,M.2 PCIe 3.0 X4
Integral UltimaPro X2,,960.0,,SSD,,M.2-2280,M.2 PCIe 3.0 X4
Integral UltimaPro X2,,1920.0,,SSD,,M.2-2280,M.2 PCIe 3.0 X4
Timetec MTFDDAV480MBF,,480.0,,SSD,,M.2-2280,M.2 SATA
Kingston UV500,,120.0,,SSD,,mSATA,mSATA
Toshiba HDEPS10GEA51F,,6000.0,,7200,128.0,3.5,SATA 6.0 Gb/s
Hitachi Ultrastar DC SA620,,1600.0,,SSD,,2.5,SATA 6.0 Gb/s
Lenovo 5300,5185.39,240.0,,SSD,,2.5,SATA 6.0 Gb/s
Lenovo 5300,,480.0,,SSD,,2.5,SATA 6.0 Gb/s
Lenovo 5300,,960.0,,SSD,,2.5,SATA 6.0 Gb/s
VisionTek PRO,,250.0,,SSD,,2.5,SATA 6.0 Gb/s
VisionTek PRO HXS,799.8,120.0,0.333,SSD,,2.5,SATA 6.0 Gb/s
VisionTek PRO HXS,,256.0,,SSD,,2.5,SATA 6.0 Gb/s
VisionTek PRO XMN,3182.6,256.0,0.622,SSD,,M.2-2280,M.2 PCIe 3.0 X4
VisionTek PRO XMN,,1000.0,,SSD,,M.2-2280,M.2 PCIe 3.0 X4
VisionTek PRO XMN,,500.0,,SSD,,M.2-2280,M.2 PCIe 3.0 X4
VisionTek PRO XPN,,2000.0,,SSD,,M.2-2280,M.2 PCIe 3.0 X4
VisionTek PRO XPN,,1000.0,,SSD,,M.2-2280,M.2 PCIe 3.0 X4
VisionTek PRO XPN,,512.0,,SSD,,M.2-2280,M.2 PCIe 3.0 X4
VisionTek PRO HXS,,500.0,,SSD,,2.5,SATA 6.0 Gb/s
VisionTek PRO HXS,3799.8,2000.0,0.095,SSD,,2.5,SATA 6.0 Gb/s
VisionTek PRO XMN,,250.0,,SSD,,2.5,SATA 6.0 Gb/s
VisionTek PRO ECS,6959.0,2000.0,0.174,SSD,,2.5,SATA 6.0 Gb/s
VisionTek PRO ECS,,250.0,,SSD,,2.5,SATA 6.0 Gb/s
VisionTek PRO ECS,,1000.0,,SSD,,2.5,SATA 6.0 Gb/s
Seagate IronWolf 510,,960.0,,SSD,,M.2-2280,M.2 PCIe 3.0 X4
Zotac 10 Year Anniversary SONIX,,480.0,,SSD,512.0,PCIe,PCIe x4
Mushkin Source,,1000.0,,SSD,,2.5,SATA 6.0 Gb/s
Intel DC P4801X,,100.0,,SSD,,2.5,U.2
Centon MP Essential,,480.0,,SSD,,2.5,SATA 6.0 Gb/s
Centon MP Essential,,512.0,,SSD,,2.5,SATA 6.0 Gb/s
Addlink X70,,1000.0,,SSD,,M.2-2280,M.2 PCIe 3.0 X4
Intel DC P3500,8550.0,2000.0,0.214,SSD,,2.5,U.2
Angelbird WRK XT,,1000.0,,SSD,,2.5,SATA 6.0 Gb/s
Angelbird WRK XT,,2000.0,,SSD,,2.5,SATA 6.0 Gb/s
Angelbird WRK XT,,4000.0,,SSD,,2.5,SATA 6.0 Gb/s
Angelbird ED381,,480.0,,SSD,,2.5,SATA 6.0 Gb/s
Angelbird ED381,,960.0,,SSD,,2.5,SATA 6.0 Gb/s
Angelbird ED381,,1920.0,,SSD,,2.5,SATA 6.0 Gb/s
Angelbird ED381,,3840.0,,SSD,,2.5,SATA 6.0 Gb/s
Angelbird ED381,,7680.0,,SSD,,2.5,SATA 6.0 Gb/s
Angelbird AV PRO MK3,10999.8,2000.0,0.275,SSD,,2.5,SATA 6.0 Gb/s
Angelbird AV PRO XT,8599.79,500.0,0.86,SSD,,2.5,SATA 6.0 Gb/s
Angelbird AV PRO XT,,1000.0,,SSD,,2.5,SATA 6.0 Gb/s
Angelbird AV PRO XT,,2000.0,,SSD,,2.5,SATA 6.0 Gb/s
Biostar M500,,256.0,,SSD,,M.2-2280,M.2 PCIe 3.0 X2
Biostar M500,,512.0,,SSD,,M.2-2280,M.2 PCIe 3.0 X2
Synology SAT5200,,480.0,,SSD,,2.5,SATA 6.0 Gb/s
Synology SAT5200,,960.0,,SSD,,2.5,SATA 6.0 Gb/s
Synology SAT5200,,1920.0,,SSD,,2.5,SATA 6.0 Gb/s
Western Digital Ultrastar DC HC520,,12000.0,,7200,,3.5,SATA 6.0 Gb/s
TEAMGROUP Cardea II,,256.0,,SSD,,M.2-2280,M.2 PCIe 3.0 X4
Mushkin Pilot-E,,250.0,,SSD,,M.2-2280,M.2 PCIe 3.0 X4
Corsair MP600 CORE,,4000.0,,SSD,,M.2-2280,M.2 PCIe 4.0 X4
Apacer AS2280P4,,240.0,,SSD,,M.2-2280,M.2 PCIe 3.0 X4
Apacer AST220,,120.0,,SSD,,mSATA,mSATA
Apacer AST220,,240.0,,SSD,,mSATA,mSATA
Apacer AS340 PANTHER,,960.0,,SSD,,2.5,SATA 6.0 Gb/s
Apacer AS510S ProII,,64.0,,SSD,,2.5,SATA 6.0 Gb/s
Apacer AS510S ProII,,128.0,,SSD,,2.5,SATA 6.0 Gb/s
Apacer AS510S ProII,,256.0,,SSD,,2.5,SATA 6.0 Gb/s
Apacer AS510S ProII,,480.0,,SSD,,2.5,SATA 6.0 Gb/s
Apacer PPSS25,,128.0,,SSD,,2.5,SATA 6.0 Gb/s
Apacer PPSS25,,256.0,,SSD,,2.5,SATA 6.0 Gb/s
Apacer PPSS25,,512.0,,SSD,,2.5,SATA 6.0 Gb/s
Apacer PPSS25,,1000.0,,SSD,,2.5,SATA 6.0 Gb/s
Apacer PPSS80,,128.0,,SSD,,M.2-2280,M.2 SATA
Apacer PPSS80,,256.0,,SSD,,M.2-2280,M.2 SATA
Apacer PPSS80,,512.0,,SSD,,M.2-2280,M.2 SATA
Apacer PPSS80,,1000.0,,SSD,,M.2-2280,M.2 SATA
Apacer PP3480,,128.0,,SSD,,M.2-2280,M.2 PCIe 3.0 X4
Apacer PP3480,,256.0,,SSD,,M.2-2280,M.2 PCIe 3.0 X4
Apacer PP3480,,512.0,,SSD,,M.2-2280,M.2 PCIe 3.0 X4
Apacer PP3480,,2000.0,,SSD,,M.2-2280,M.2 PCIe 3.0 X4
Neo Forza NFS10,,240.0,,SSD,,2.5,SATA 6.0 Gb/s
Neo Forza NFS10,,960.0,,SSD,,2.5,SATA 6.0 Gb/s
TEAMGROUP T-Create Expert,,1000.0,,SSD,,M.2-2280,M.2 PCIe 3.0 X4
Sabrent Rocket 4.0,,2000.0,,SSD,,M.2-2280,M.2 PCIe 4.0 X4
ADATA XPG GAMMIX S5,,2000.0,,SSD,,M.2-2280,M.2 PCIe 3.0 X4
Mushkin Helix-LT,,500.0,,SSD,,M.2-2280,M.2 PCIe 3.0 X4
Inland Platinum,,8000.0,,SSD,,M.2-2280,M.2 PCIe 3.0 X4
Mushkin ALPHA,,4000.0,,SSD,,M.2-2280,M.2 PCIe 3.0 X4
Mushkin Gamma,,1000.0,,SSD,,M.2-2280,M.2 PCIe 4.0 X4
Seagate IronWolf NAS,,4000.0,,5900,64.0,3.5,SATA 6.0 Gb/s
Mushkin SOURCE 2,,128.0,,SSD,,2.5,SATA 6.0 Gb/s
Mushkin SOURCE 2,,240.0,,SSD,,2.5,SATA 6.0 Gb/s
Mushkin SOURCE 2 LT,,240.0,,SSD,,2.5,SATA 6.0 Gb/s
Mushkin SOURCE 2 LT,,250.0,,SSD,,2.5,SATA 6.0 Gb/s
Mushkin SOURCE 2,,480.0,,SSD,,2.5,SATA 6.0 Gb/s
Mushkin SOURCE 2,,500.0,,SSD,,2.5,SATA 6.0 Gb/s
Mushkin SOURCE 2,,960.0,,SSD,,2.5,SATA 6.0 Gb/s
Mushkin SOURCE 2,,2000.0,,SSD,,2.5,SATA 6.0 Gb/s
Toshiba N300 Pro,,4000.0,,7200,256.0,3.5,SATA 6.0 Gb/s
Toshiba N300 Pro,,6000.0,,7200,256.0,3.5,SATA 6.0 Gb/s
TEAMGROUP T-Force Cardea II TUF Gaming Alliance,,500.0,,SSD,,M.2-2280,M.2 PCIe 3.0 X4
Kingston DC500R,,480.0,,SSD,,2.5,SATA 6.0 Gb/s
HP EX900 Pro,,1000.0,,SSD,,M.2-2280,M.2 PCIe 3.0 X4
Addlink A90,,2000.0,,SSD,,M.2-2280,M.2 PCIe 4.0 X4
Addlink A90,,1000.0,,SSD,,M.2-2280,M.2 PCIe 4.0 X4
Addlink S92,,4000.0,,SSD,,M.2-2280,M.2 PCIe 4.0 X4
Addlink S92,,1000.0,,SSD,,M.2-2280,M.2 PCIe 4.0 X4
Addlink S90,,2000.0,,SSD,,M.2-2280,M.2 PCIe 4.0 X4
Addlink S90,,1000.0,,SSD,,M.2-2280,M.2 PCIe 4.0 X4
Addlink X70,,512.0,,SSD,,M.2-2280,M.2 PCIe 3.0 X4
Addlink S72,,2000.0,,SSD,,M.2-2280,M.2 PCIe 3.0 X4
Addlink S20,,120.0,,SSD,,2.5,SATA 6.0 Gb/s
Western Digital PC SN730,,512.0,,SSD,,M.2-2280,M.2 PCIe 3.0 X4
VisionTek PRO,,250.0,,SSD,,2.5,SATA 6.0 Gb/s
VisionTek PRO,3074.0,1000.0,0.154,SSD,,2.5,SATA 6.0 Gb/s
Seagate IronWolf 125,,1000.0,,SSD,,2.5,SATA 6.0 Gb/s
Toshiba P300,,6000.0,,5400,128.0,3.5,SATA 6.0 Gb/s
Toshiba P300,,4000.0,,5400,128.0,3.5,SATA 6.0 Gb/s
Toshiba P300,,2000.0,,5400,256.0,3.5,SATA 6.0 Gb/s
Seagate Exos 7E10 4Kn,,4000.0,,7200,256.0,3.5,SATA 6.0 Gb/s
Seagate Exos 7E10 4Kn,,6000.0,,7200,256.0,3.5,SATA 6.0 Gb/s
Seagate Exos 7E10 4Kn,,8000.0,,7200,256.0,3.5,SATA 6.0 Gb/s
Seagate Exos 7E10 4Kn,,10000.0,,7200,256.0,3.5,SATA 6.0 Gb/s
Seagate IronWolf Pro 125,,960.0,,SSD,,2.5,SATA 6.0 Gb/s
Seagate IronWolf Pro 125,,480.0,,SSD,,2.5,SATA 6.0 Gb/s
Seagate IronWolf Pro 125,,240.0,,SSD,,2.5,SATA 6.0 Gb/s
Seagate IronWolf Pro 125,,1920.0,,SSD,,2.5,SATA 6.0 Gb/s
ADATA ATOM 40,,512.0,,SSD,,M.2-2280,M.2 PCIe 3.0 X4
ADATA ATOM 40,,1000.0,,SSD,,M.2-2280,M.2 PCIe 3.0 X4
ADATA ATOM 30,,2000.0,,SSD,,M.2-2280,M.2 PCIe 3.0 X4
ADATA ATOM 50,,512.0,,SSD,,M.2-2280,M.2 PCIe 4.0 X4
ADATA ATOM 50,,2000.0,,SSD,,M.2-2280,M.2 PCIe 4.0 X4
Kingston DC1000B,,960.0,,SSD,,M.2-2280,M.2 PCIe 3.0 X4
Kingston DC1000M,,1920.0,,SSD,,2.5,U.2
Kingston DC1000M,,960.0,,SSD,,2.5,U.2
Kingston DC1500M,,1920.0,,SSD,,2.5,U.2
Kingston DC1500M,,3840.0,,SSD,,2.5,U.2
Seagate Exos 7E8 4Kn,,2000.0,,7200,256.0,3.5,SATA 6.0 Gb/s
Seagate Exos 7E8 4Kn,,4000.0,,7200,256.0,3.5,SATA 6.0 Gb/s
Seagate Exos 7E8 4Kn,,6000.0,,7200,256.0,3.5,SATA 6.0 Gb/s
Seagate Exos 7E8 4Kn,,8000.0,,7200,256.0,3.5,SATA 6.0 Gb/s
Seagate Exos 7E8 512n,,3000.0,,7200,256.0,3.5,SATA 6.0 Gb/s
Seagate Exos 7E8 512n,,4000.0,,7200,256.0,3.5,SATA 6.0 Gb/s
Seagate Exos 7E8 512e,,4000.0,,7200,256.0,3.5,SATA 6.0 Gb/s
Seagate Exos 7E8 512e,,6000.0,,7200,256.0,3.5,SATA 6.0 Gb/s
Seagate Exos 7E8 512e,,8000.0,,7200,256.0,3.5,SATA 6.0 Gb/s
Seagate Exos 7E8 512e,,8000.0,,7200,256.0,3.5,SATA 6.0 Gb/s
Seagate Exos X18,8773.79,18000.0,0.024,7200,256.0,3.5,SAS 12.0 Gb/s
Seagate Exos X18,,18000.0,,7200,256.0,3.5,SAS 12.0 Gb/s
Seagate Exos X18,,16000.0,,7200,256.0,3.5,SAS 12.0 Gb/s
TEAMGROUP MP34Q,,2000.0,,SSD,,M.2-2280,M.2 PCIe 3.0 X4
PNY XLR8 CS3040 w/Heatsink,,500.0,,SSD,,M.2-2280,M.2 PCIe 4.0 X4
PNY XLR8 CS3040 w/Heatsink,,1000.0,,SSD,,M.2-2280,M.2 PCIe 4.0 X4
PNY XLR8 CS3040 w/Heatsink,9303.2,2000.0,0.233,SSD,,M.2-2280,M.2 PCIe 4.0 X4
PNY XLR8 CS3040 w/Heatsink,,4000.0,,SSD,,M.2-2280,M.2 PCIe 4.0 X4
Western Digital Ultrastar DC HC550,,18000.0,,7200,512.0,3.5,SAS 12.0 Gb/s
Western Digital Ultrastar DC HC550,,16000.0,,7200,512.0,3.5,SAS 12.0 Gb/s
KIOXIA EXCERIA PLUS,,500.0,,SSD,,M.2-2280,M.2 PCIe 3.0 X4
ADATA LEGEND 840,,2000.0,,SSD,,M.2-2280,M.2 PCIe 4.0 X4
ADATA Legend 740,,500.0,,SSD,,M.2-2280,M.2 PCIe 3.0 X4
Leven JS600,,128.0,,SSD,,2.5,SATA 6.0 Gb/s
Leven JS600,,256.0,,SSD,,2.5,SATA 6.0 Gb/s
Leven JP600,,512.0,,SSD,,M.2-2280,M.2 PCIe 3.0 X4
Leven JP600,,256.0,,SSD,,M.2-2280,M.2 PCIe 3.0 X4
Leven JP600,,128.0,,SSD,,M.2-2280,M.2 PCIe 3.0 X4
TEAMGROUP T-Force Delta Max White RGB,,1000.0,,SSD,,2.5,SATA 6.0 Gb/s
TEAMGROUP T-Force Delta R RGB,,500.0,,SSD,,2.5,SATA 6.0 Gb/s
TEAMGROUP T-Force Delta R RGB,,500.0,,SSD,,2.5,SATA 6.0 Gb/s
TEAMGROUP T-Force Delta RGB Lite,,500.0,,SSD,,2.5,SATA 6.0 Gb/s
TEAMGROUP T-Force Delta S RGB,,500.0,,SSD,,2.5,SATA 6.0 Gb/s
TEAMGROUP T-Force Delta S RGB,,1000.0,,SSD,,2.5,SATA 6.0 Gb/s
TEAMGROUP T-Force Delta S RGB,,500.0,,SSD,,2.5,SATA 6.0 Gb/s
TEAMGROUP T-Force Delta S RGB,,1000.0,,SSD,,2.5,SATA 6.0 Gb/s
TEAMGROUP T-Force Cardea A440 Pro Special Series,,4000.0,,SSD,,M.2-2280,M.2 PCIe 4.0 X4
TEAMGROUP T-Force Cardea Z44L,,250.0,,SSD,,M.2-2280,M.2 PCIe 4.0 X4
TEAMGROUP T-Force Cardea Liquid,,256.0,,SSD,,M.2-2280,M.2 PCIe 3.0 X4
TEAMGROUP T-Force Cardea Zero,,240.0,,SSD,,M.2-2280,M.2 PCIe 3.0 X4
TEAMGROUP T-Force Cardea Zero,,480.0,,SSD,,M.2-2280,M.2 PCIe 3.0 X4
TEAMGROUP T-Force Delta S TUF Gaming RGB,,500.0,,SSD,,2.5,SATA 6.0 Gb/s
TEAMGROUP T-Force Delta S TUF Gaming RGB,,1000.0,,SSD,,2.5,SATA 6.0 Gb/s
Klevv NEO N610,,512.0,,SSD,,2.5,SATA 6.0 Gb/s
Klevv NEO N610,,256.0,,SSD,,2.5,SATA 6.0 Gb/s
Klevv NEO N400,,256.0,,SSD,,2.5,SATA 6.0 Gb/s
Klevv NEO N400,,512.0,,SSD,,2.5,SATA 6.0 Gb/s
Klevv NEO N510+,,120.0,,SSD,,2.5,SATA 6.0 Gb/s
Klevv NEO N510+,,240.0,,SSD,,2.5,SATA 6.0 Gb/s
Klevv NEO N510+,,480.0,,SSD,,2.5,SATA 6.0 Gb/s
Klevv NEO N510+,,960.0,,SSD,,2.5,SATA 6.0 Gb/s
Klevv CRAS C700,,240.0,,SSD,,M.2-2280,M.2 PCIe 3.0 X4
Klevv CRAS C700,,480.0,,SSD,,M.2-2280,M.2 PCIe 3.0 X4
Klevv CRAS C700,,960.0,,SSD,,M.2-2280,M.2 PCIe 3.0 X4
Klevv NEO N500,,240.0,,SSD,,M.2-2280,M.2 SATA
Klevv CRAS C700 RGB,,240.0,,SSD,,M.2-2280,M.2 PCIe 3.0 X4
Klevv CRAS C700 RGB,,480.0,,SSD,,M.2-2280,M.2 PCIe 3.0 X4
Klevv NEO N600,,120.0,,SSD,,M.2-2280,M.2 SATA
Klevv NEO N600,,240.0,,SSD,,M.2-2280,M.2 SATA
Klevv NEO N600,,120.0,,SSD,,2.5,SATA 6.0 Gb/s
Klevv NEO N600,,240.0,,SSD,,2.5,SATA 6.0 Gb/s
Klevv NEO N600,,480.0,,SSD,,2.5,SATA 6.0 Gb/s
Klevv URBANE,,240.0,,SSD,,2.5,SATA 6.0 Gb/s
Klevv URBANE,,480.0,,SSD,,2.5,SATA 6.0 Gb/s
Klevv URBANE,,960.0,,SSD,,2.5,SATA 6.0 Gb/s
Klevv URBANE U610,,480.0,,SSD,,2.5,SATA 6.0 Gb/s
Klevv URBANE U610,,240.0,,SSD,,2.5,SATA 6.0 Gb/s
Silicon Power UD80,,2000.0,,SSD,,M.2-2280,M.2 PCIe 3.0 X4
Patriot Viper Gaming VP4100,,500.0,,SSD,,M.2-2280,M.2 PCIe 3.0 X4
Toshiba N300,,6000.0,,7200,,3.5,SATA 6.0 Gb/s
Toshiba N300,,14000.0,,7200,,3.5,SATA 6.0 Gb/s
Toshiba N300,,14000.0,,7200,,3.5,SATA 6.0 Gb/s
Toshiba S300,,5000.0,,7200,128.0,3.5,SATA 6.0 Gb/s
Toshiba S300 Pro,,6000.0,,7200,256.0,3.5,SATA 6.0 Gb/s
Toshiba S300,,4000.0,,5400,128.0,3.5,SATA 6.0 Gb/s
HP FX900,,512.0,,SSD,,M.2-2280,M.2 PCIe 4.0 X4
HP S650,,960.0,,SSD,,2.5,SATA 6.0 Gb/s
HP S750,,256.0,,SSD,,2.5,SATA 6.0 Gb/s
Western Digital SN520,,128.0,,SSD,,M.2-2230,M.2 PCIe 3.0 X2
Toshiba N300,4999.8,6000.0,0.042,7200,256.0,3.5,SATA 6.0 Gb/s
Toshiba MQ01ABD032V,,320.0,,5400,,2.5,SATA 6.0 Gb/s
ADATA ISSS333-064GD,,64.0,,SSD,,2.5,SATA 6.0 Gb/s
ADATA ISSS333-256GD,,256.0,,SSD,,2.5,SATA 6.0 Gb/s
ADATA ISSS333-512GD,,512.0,,SSD,,2.5,SATA 6.0 Gb/s
ADATA ISSS333-001TD,,1000.0,,SSD,,2.5,SATA 6.0 Gb/s
ADATA ISSS333-002TD,,2000.0,,SSD,,2.5,SATA 6.0 Gb/s
ADATA ISSS333-064GP,,64.0,,SSD,,2.5,SATA 6.0 Gb/s
ADATA ISSS333-128GP,,128.0,,SSD,,2.5,SATA 6.0 Gb/s
Toshiba X300,,14000.0,,7200,512.0,3.5,SATA 6.0 Gb/s
Toshiba X300,,16000.0,,7200,512.0,3.5,SATA 6.0 Gb/s
Toshiba MG08,,16000.0,,7200,512.0,3.5,SATA 6.0 Gb/s
Toshiba MG08,,16000.0,,7200,512.0,3.5,SATA 6.0 Gb/s
Toshiba MG08,,16000.0,,7200,512.0,3.5,SATA 6.0 Gb/s
Toshiba MG08,,14000.0,,7200,512.0,3.5,SATA 6.0 Gb/s
Toshiba MG08,,14000.0,,7200,512.0,3.5,SATA 6.0 Gb/s
Toshiba MG08,,14000.0,,7200,512.0,3.5,SATA 6.0 Gb/s
Toshiba MG07ACA12TA,,12000.0,,7200,256.0,3.5,SATA 6.0 Gb/s
Toshiba MG06ACA10TA,,10000.0,,7200,256.0,3.5,SATA 6.0 Gb/s
Toshiba MG06ACA800A,,8000.0,,7200,256.0,3.5,SATA 6.0 Gb/s
Toshiba MG05ACA800A,,8000.0,,7200,128.0,3.5,SATA 6.0 Gb/s
Toshiba MG04ACA500A,,5000.0,,7200,128.0,3.5,SATA 6.0 Gb/s
Toshiba MG04ACA400A,,4000.0,,7200,128.0,3.5,SATA 6.0 Gb/s
Toshiba MG04ACA300A,,3000.0,,7200,128.0,3.5,SATA 6.0 Gb/s
Toshiba MG04ACA200A,,2000.0,,7200,128.0,3.5,SATA 6.0 Gb/s
Toshiba MG04ACA300E,,3000.0,,7200,128.0,3.5,SATA 6.0 Gb/s
Toshiba MG08ADA400E,,4000.0,,7200,256.0,3.5,SATA 6.0 Gb/s
Toshiba MG08ADA400A,,4000.0,,7200,256.0,3.5,SATA 6.0 Gb/s
Toshiba MG08ADA600A,,6000.0,,7200,256.0,3.5,SATA 6.0 Gb/s
Toshiba MG08ADA800A,,8000.0,,7200,256.0,3.5,SATA 6.0 Gb/s
Toshiba L200,,500.0,,5400,8.0,2.5,SATA 3.0 Gb/s
Toshiba XG6,,256.0,,SSD,,M.2-2280,M.2 PCIe 3.0 X4
Hitachi Ultrastar He8,,6000.0,,7200,128.0,3.5,SATA 6.0 Gb/s
Hitachi Ultrastar He8,,6000.0,,7200,128.0,3.5,SATA 6.0 Gb/s
Hitachi Ultrastar He8,,6000.0,,7200,128.0,3.5,SATA 6.0 Gb/s
Hitachi Ultrastar He8,,6000.0,,7200,128.0,3.5,SATA 6.0 Gb/s
Hitachi Ultrastar He8,,6000.0,,7200,128.0,3.5,SATA 6.0 Gb/s
Hitachi Ultrastar He8,,8000.0,,7200,128.0,3.5,SATA 6.0 Gb/s
Hitachi Ultrastar He8,,8000.0,,7200,128.0,3.5,SATA 6.0 Gb/s
Hitachi Ultrastar He8,5980.0,8000.0,0.037,7200,128.0,3.5,SATA 6.0 Gb/s
Seagate Exos X16,,14000.0,,7200,256.0,3.5,SATA 6.0 Gb/s
Seagate Exos X16,,12000.0,,7200,256.0,3.5,SATA 6.0 Gb/s
Leven JS300,,120.0,,SSD,,2.5,SATA 6.0 Gb/s
Leven JS300,,240.0,,SSD,,2.5,SATA 6.0 Gb/s
Leven JS300,,480.0,,SSD,,2.5,SATA 6.0 Gb/s
Leven JS300,,960.0,,SSD,,2.5,SATA 6.0 Gb/s
Leven JS300,,1920.0,,SSD,,2.5,SATA 6.0 Gb/s
MSI SPATIUM M480 PLAY,,1000.0,,SSD,1024.0,M.2-2280,M.2 PCIe 4.0 X4
V7 S6000,,512.0,,SSD,,2.5,SATA 6.0 Gb/s
V7 V7SSD120GBS25U,,120.0,,SSD,,2.5,SATA 6.0 Gb/s
V7 V7SSD480GBS25U,706.59,480.0,0.074,SSD,,2.5,SATA 6.0 Gb/s
V7 V7SSD256GBS25U,,256.0,,SSD,,2.5,SATA 6.0 Gb/s
V7 V7SSD512GBS25U,,512.0,,SSD,,2.5,SATA 6.0 Gb/s
V7 V7SSD1TBS25U,,1000.0,,SSD,,2.5,SATA 6.0 Gb/s
V7 V7SSD2TBS25U,,2000.0,,SSD,,2.5,SATA 6.0 Gb/s
V7 S6000,,250.0,,SSD,,M.2-2280,M.2 SATA
V7 S6000,,120.0,,SSD,,M.2-2280,M.2 SATA
V7 S6000,,120.0,,SSD,,2.5,SATA 6.0 Gb/s
V7 V7SSD480GBM2SU,,480.0,,SSD,,M.2-2280,M.2 SATA
V7 V7SSD1TBM2SU,,1000.0,,SSD,,M.2-2280,M.2 SATA
V7 V7SSD128GBNV3U,,128.0,,SSD,,M.2-2280,M.2 PCIe 3.0 X4
V7 V7SSD256GBNV3U,,256.0,,SSD,,M.2-2280,M.2 PCIe 3.0 X4
V7 V7SSD512GBNV3U,,512.0,,SSD,,M.2-2280,M.2 PCIe 3.0 X4
V7 V7SSD1TBNV3U,,1000.0,,SSD,,M.2-2280,M.2 PCIe 3.0 X4
V7 V7SSD2TBNV3U,,2000.0,,SSD,,M.2-2280,M.2 PCIe 3.0 X4
V7 V7SSD1TBNV4U,,1000.0,,SSD,,M.2-2280,M.2 PCIe 4.0 X4
V7 V7SSD2TBNV4U,,2000.0,,SSD,,M.2-2280,M.2 PCIe 4.0 X4
V7 V7SSD512GBNV4U,,512.0,,SSD,,M.2-2280,M.2 PCIe 4.0 X4
Nextorage G-Series,,1000.0,,SSD,,M.2-2280,M.2 PCIe 4.0 X4
Nextorage G-Series,,2000.0,,SSD,,M.2-2280,M.2 PCIe 4.0 X4
Nextorage G-Series,,4000.0,,SSD,,M.2-2280,M.2 PCIe 4.0 X4
Fastro MS150,,128.0,,SSD,,M.2-2280,M.2 PCIe 3.0 X4
Fastro MS150,,256.0,,SSD,,M.2-2280,M.2 PCIe 3.0 X4
Fastro MS200,,512.0,,SSD,,M.2-2280,M.2 PCIe 3.0 X4
Fastro MS200,,1000.0,,SSD,,M.2-2280,M.2 PCIe 3.0 X4
Fastro MS250,,512.0,,SSD,,M.2-2280,M.2 PCIe 3.0 X4
Fastro MS250,,1000.0,,SSD,,M.2-2280,M.2 PCIe 3.0 X4
Fastro MS250,,2000.0,,SSD,,M.2-2280,M.2 PCIe 3.0 X4
Fastro MS300,,512.0,,SSD,,M.2-2280,M.2 PCIe 4.0 X4
Fastro MS300,,1000.0,,SSD,,M.2-2280,M.2 PCIe 4.0 X4
Fastro MS300,,2000.0,,SSD,,M.2-2280,M.2 PCIe 4.0 X4
Leven JM600,,128.0,,SSD,,M.2-2280,M.2 SATA
Leven JM600,,256.0,,SSD,,M.2-2280,M.2 SATA
Leven JM600,,1000.0,,SSD,,M.2-2280,M.2 SATA
Leven JM600,,2000.0,,SSD,,M.2-2280,M.2 SATA
Intel D3-S4520,2880.0,240.0,0.6,SSD,,2.5,SATA 6.0 Gb/s
Intel D3-S4520,4000.0,960.0,0.208,SSD,,2.5,SATA 6.0 Gb/s
Intel D3-S4620,7960.0,1920.0,0.207,SSD,,2.5,SATA 6.0 Gb/s
Intel D3-S4520,2820.0,240.0,0.588,SSD,,M.2-2280,M.2 SATA
MSI SPATIUM S270,,120.0,,SSD,,2.5,SATA 6.0 Gb/s
MSI SPATIUM M460 HS,,500.0,,SSD,,M.2-2280,M.2 PCIe 4.0 X4
MSI SPATIUM M460 HS,,1000.0,,SSD,,M.2-2280,M.2 PCIe 4.0 X4
MSI SPATIUM M460 HS,,2000.0,,SSD,,M.2-2280,M.2 PCIe 4.0 X4
Sabrent Rocket 4.0,,256.0,,SSD,,M.2-2230,M.2 PCIe 4.0 X4
Mushkin Enhanced ECO,,256.0,,SSD,,2.5,SATA 6.0 Gb/s
Mushkin Enhanced ECO,,4000.0,,SSD,,2.5,SATA 6.0 Gb/s
Mushkin Enhanced ECO,,128.0,,SSD,,2.5,SATA 6.0 Gb/s
Fantom Drives VENOM8,,1000.0,,SSD,,M.2-2280,M.2 PCIe 4.0 X4
ADATA LEGEND 700 GOLD,,512.0,,SSD,,M.2-2280,M.2 PCIe 3.0 X4
Leven JPX600 PRO,,512.0,,SSD,,M.2-2280,M.2 PCIe 4.0 X4
Leven JPX600 PRO,,1000.0,,SSD,,M.2-2280,M.2 PCIe 4.0 X4
Leven JPR700,,256.0,,SSD,,M.2-2280,M.2 PCIe 3.0 X4
Leven JPR700,,512.0,,SSD,,M.2-2280,M.2 PCIe 3.0 X4
Leven JPR700,,1000.0,,SSD,,M.2-2280,M.2 PCIe 3.0 X4
Leven JPR700,,2000.0,,SSD,,M.2-2280,M.2 PCIe 3.0 X4
Leven JPR700,,4000.0,,SSD,,M.2-2280,M.2 PCIe 3.0 X4
Leven JPS600,,512.0,,SSD,,M.2-2280,M.2 PCIe 3.0 X4
Leven JPS800,,512.0,,SSD,,M.2-2280,M.2 PCIe 4.0 X4
Netac NV5000,,2000.0,,SSD,,M.2-2280,M.2 PCIe 4.0 X4
Netac NV3000 RGB,,500.0,,SSD,,M.2-2280,M.2 PCIe 3.0 X4
Netac NV3000 RGB,,1000.0,,SSD,,M.2-2280,M.2 PCIe 3.0 X4
Timetec 35TTTNGE4NVME-512GH,,512.0,,SSD,,M.2-2280,M.2 PCIe 4.0 X4
Inland TN446,1659.8,1000.0,0.083,SSD,,M.2-2230,M.2 PCIe 4.0 X4
Mushkin ELEMENT,,128.0,,SSD,,2.5,SATA 6.0 Gb/s
Addlink S90 Lite,,512.0,,SSD,,M.2-2280,M.2 PCIe 4.0 X4
Addlink S90 Lite,,1000.0,,SSD,,M.2-2280,M.2 PCIe 4.0 X4
VisionTek DLX4 Pro,2335.6,1000.0,0.117,SSD,,M.2-2280,M.2 PCIe 4.0 X4
ADATA XPG ASX8600 Pro,,1000.0,,SSD,,M.2-2280,M.2 PCIe 3.0 X4
Addlink N50,,256.0,,SSD,,M.2-2280,M.2 PCIe 3.0 X4
Addlink N50,,512.0,,SSD,,M.2-2280,M.2 PCIe 3.0 X4
Addlink N50,,1000.0,,SSD,,M.2-2280,M.2 PCIe 3.0 X4
Addlink S91,,512.0,,SSD,,M.2-2230,M.2 PCIe 4.0 X4
TEAMGROUP MP34S,,1000.0,,SSD,,M.2-2242,M.2 PCIe 3.0 X4
AITC Kingsman KP800,,1000.0,,SSD,,M.2-2280,M.2 PCIe 4.0 X4
AITC Kingsman KP800,,2000.0,,SSD,,M.2-2280,M.2 PCIe 4.0 X4
AITC Kingsman KP800,,8000.0,,SSD,,M.2-2280,M.2 PCIe 4.0 X4
AITC Kingsman KE680,,1000.0,,SSD,,M.2-2280,M.2 PCIe 4.0 X4
KIOXIA BG5,,256.0,,SSD,,M.2-2230,M.2 PCIe 4.0 X4
KIOXIA BG5 SED,,512.0,,SSD,,M.2-2230,M.2 PCIe 4.0 X4
KIOXIA BG5,,1000.0,,SSD,,M.2-2230,M.2 PCIe 4.0 X4
KIOXIA BG5 SED,,1000.0,,SSD,,M.2-2230,M.2 PCIe 4.0 X4
Nextorage NE5N,,2000.0,,SSD,,M.2-2280,M.2 PCIe 5.0 X4
Leven JPS850,,1000.0,,SSD,,M.2-2280,M.2 PCIe 4.0 X4
Leven JPS850,,4000.0,,SSD,,M.2-2280,M.2 PCIe 4.0 X4
Leven JPN600,,1000.0,,SSD,,M.2-2280,M.2 PCIe 3.0 X4
Leven JPN600,,2000.0,,SSD,,M.2-2280,M.2 PCIe 3.0 X4
Leven JPN600,,4000.0,,SSD,,M.2-2280,M.2 PCIe 3.0 X4
Micron 7300 MAX,,400.0,,SSD,,M.2-2280,M.2 PCIe 3.0 X4
Micron 7300 PRO,,480.0,,SSD,,M.2-2280,M.2 PCIe 3.0 X4
Micron 5210 ION,,3840.0,,SSD,,2.5,SATA 6.0 Gb/s
Micron 5200 Pro,,1920.0,,SSD,,2.5,SATA 6.0 Gb/s
Micron 5200 ECO,,480.0,,SSD,,2.5,SATA 6.0 Gb/s
Micron 1100,,512.0,,SSD,,2.5,SATA 6.0 Gb/s
Micron 5200 ECO,,960.0,,SSD,,2.5,SATA 6.0 Gb/s
Micron 5200,,960.0,,SSD,,2.5,SATA 6.0 Gb/s
Mushkin Enhanced ECO,,512.0,,SSD,,2.5,SATA 6.0 Gb/s
Mushkin ELEMENT,,1000.0,,SSD,,2.5,SATA 6.0 Gb/s
GeIL Zenith P4L,,4000.0,,SSD,,M.2-2280,M.2 PCIe 4.0 X4
GeIL Zenith P4L,,512.0,,SSD,,M.2-2280,M.2 PCIe 4.0 X4
KingSpec NX-2230,,256.0,,SSD,,M.2-2230,M.2 PCIe 3.0 X4
Inland Premium,,2000.0,,SSD,,2.5,SATA 6.0 Gb/s
Inland TN325,,2000.0,,SSD,,M.2-2242,M.2 PCIe 3.0 X4
Western Digital PC SN740 Opal,,256.0,,SSD,,M.2-2230,M.2 PCIe 4.0 X4
Western Digital PC SN740 Opal,,1000.0,,SSD,,M.2-2230,M.2 PCIe 4.0 X4
Western Digital PC SN740 Opal,,2000.0,,SSD,,M.2-2230,M.2 PCIe 4.0 X4
Oyen Digital E13S-2242-1024PH,1780.0,1000.0,0.089,SSD,,M.2-2242,M.2 PCIe 3.0 X4
Plextor S3G,,128.0,,SSD,256.0,M.2-2280,M.2 SATA
Plextor S3G,,256.0,,SSD,512.0,M.2-2280,M.2 SATA
Silicon Power US75,,500.0,,SSD,,M.2-2280,M.2 PCIe 4.0 X4
VisionTek DLX4,,2000.0,,SSD,,M.2-2280,M.2 PCIe 4.0 X4
VisionTek DLX4,1339.6,512.0,0.131,SSD,,M.2-2230,M.2 PCIe 4.0 X4
VisionTek DLX4,2386.39,1000.0,0.119,SSD,,M.2-2230,M.2 PCIe 4.0 X4
Toshiba MG09 512e,,20000.0,,7200,512.0,3.5,SATA 6.0 Gb/s
Toshiba MG09 4Kn,7980.0,18000.0,0.022,7200,512.0,3.5,SATA 6.0 Gb/s
Toshiba MG09 4Kn SIE,,18000.0,,7200,512.0,3.5,SATA 6.0 Gb/s
Toshiba MG09 512e SIE,,18000.0,,7200,512.0,3.5,SATA 6.0 Gb/s
Toshiba MG09 4Kn SED,,18000.0,,7200,512.0,3.5,SATA 6.0 Gb/s
Toshiba MG09 512e SIE,,16000.0,,7200,512.0,3.5,SATA 6.0 Gb/s
Toshiba MG09 4Kn SED,,16000.0,,7200,512.0,3.5,SATA 6.0 Gb/s
Toshiba MG09 512e SED,,16000.0,,7200,512.0,3.5,SATA 6.0 Gb/s
Toshiba MG09 4Kn,,14000.0,,7200,512.0,3.5,SATA 6.0 Gb/s
Toshiba MG09 4Kn SIE,,14000.0,,7200,512.0,3.5,SATA 6.0 Gb/s
Toshiba MG09 512e SIE,,14000.0,,7200,512.0,3.5,SATA 6.0 Gb/s
Toshiba MG09 4Kn SED,,14000.0,,7200,512.0,3.5,SATA 6.0 Gb/s
Toshiba MG09 512e SED,,14000.0,,7200,512.0,3.5,SATA 6.0 Gb/s
Toshiba MG09 4Kn,,12000.0,,7200,512.0,3.5,SATA 6.0 Gb/s
Toshiba MG09 4Kn SIE,,12000.0,,7200,512.0,3.5,SATA 6.0 Gb/s
Toshiba MG09 512e SIE,,12000.0,,7200,512.0,3.5,SATA 6.0 Gb/s
Toshiba MG09 4Kn SED,,12000.0,,7200,512.0,3.5,SATA 6.0 Gb/s
Toshiba MG09 512e SED,,12000.0,,7200,512.0,3.5,SATA 6.0 Gb/s
Toshiba MG09 4Kn,,10000.0,,7200,512.0,3.5,SATA 6.0 Gb/s
Toshiba MG09 4Kn SIE,,10000.0,,7200,512.0,3.5,SATA 6.0 Gb/s
Toshiba MG09 512e SIE,,10000.0,,7200,512.0,3.5,SATA 6.0 Gb/s
Toshiba MG09 4Kn SED,,10000.0,,7200,512.0,3.5,SATA 6.0 Gb/s
Toshiba MG09 512e SED,,10000.0,,7200,512.0,3.5,SATA 6.0 Gb/s
Toshiba MN,,20000.0,,7200,512.0,3.5,SATA 6.0 Gb/s
Toshiba MN,,14000.0,,7200,256.0,3.5,SATA 6.0 Gb/s
Toshiba MN,,12000.0,,7200,256.0,3.5,SATA 6.0 Gb/s
Toshiba MN,,10000.0,,7200,256.0,3.5,SATA 6.0 Gb/s
Toshiba MN,,8000.0,,7200,256.0,3.5,SATA 6.0 Gb/s
Toshiba MN,,6000.0,,7200,256.0,3.5,SATA 6.0 Gb/s
Toshiba MN,,4000.0,,7200,256.0,3.5,SATA 6.0 Gb/s
Toshiba MN,,16000.0,,7200,512.0,3.5,SATA 6.0 Gb/s
Toshiba MN,,8000.0,,7200,256.0,3.5,SATA 6.0 Gb/s
Toshiba MD06-V,,8000.0,,7200,256.0,3.5,SATA 6.0 Gb/s
Toshiba MD06-V,,10000.0,,7200,256.0,3.5,SATA 6.0 Gb/s
Toshiba MD04-V,,5000.0,,5400,128.0,3.5,SATA 6.0 Gb/s
Toshiba DT02-VH,,4000.0,,5400,256.0,3.5,SATA 6.0 Gb/s
Toshiba DT02-VH,,6000.0,,5400,256.0,3.5,SATA 6.0 Gb/s
Toshiba DT02-V,,6000.0,,5400,128.0,3.5,SATA 6.0 Gb/s
Toshiba DT02,,6000.0,,5400,128.0,3.5,SATA 6.0 Gb/s
Inland TN436,,512.0,,SSD,,M.2-2230,M.2 PCIe 4.0 X4
Inland QN446,,2000.0,,SSD,,M.2-2230,M.2 PCIe 4.0 X4
KingSpec XG7000 PRO,,512.0,,SSD,,M.2-2280,M.2 PCIe 4.0 X4
ADATA LEGEND 820,,2000.0,,SSD,,M.2-2230,M.2 PCIe 4.0 X4
ADATA LEGEND 820,,1000.0,,SSD,,M.2-2230,M.2 PCIe 4.0 X4
ADATA LEGEND 820,,512.0,,SSD,,M.2-2230,M.2 PCIe 4.0 X4
Titanium Micro TH4985,,2000.0,,SSD,,M.2-2280,M.2 PCIe 4.0 X4
Titanium Micro TH4985,,4000.0,,SSD,,M.2-2280,M.2 PCIe 4.0 X4
Titanium Micro TH3500,,500.0,,SSD,,M.2-2280,M.2 PCIe 3.0 X4
Titanium Micro TH3500,,1000.0,,SSD,,M.2-2280,M.2 PCIe 3.0 X4
Titanium Micro TH3500,,4000.0,,SSD,,M.2-2280,M.2 PCIe 3.0 X4
Titanium Micro TH2000,,1000.0,,SSD,,M.2-2280,M.2 PCIe 3.0 X4
Titanium Micro TH2000,,2000.0,,SSD,,M.2-2280,M.2 PCIe 3.0 X4
Titanium Micro PD560,,1000.0,,SSD,,2.5,SATA 6.0 Gb/s
Titanium Micro PD560,,2000.0,,SSD,,2.5,SATA 6.0 Gb/s
TEAMGROUP T-FORCE G50 PRO,,512.0,,SSD,,M.2-2280,M.2 PCIe 4.0 X4
TEAMGROUP T-FORCE G70 PRO Aluminum,,512.0,,SSD,,M.2-2280,M.2 PCIe 4.0 X4
TEAMGROUP T-FORCE G70,,4000.0,,SSD,,M.2-2280,M.2 PCIe 4.0 X4
Fantom Drives VenomX,,1000.0,,SSD,,M.2-2230,M.2 PCIe 4.0 X4
PNY CS3150,,2000.0,,SSD,,M.2-2280,M.2 PCIe 5.0 X4
PNY CS3150,,1000.0,,SSD,,M.2-2280,M.2 PCIe 5.0 X4
Timetec 35TTQNM2SATA,,256.0,,SSD,,M.2-2280,M.2 SATA
Lexar PLAY,,1000.0,,SSD,,M.2-2230,M.2 PCIe 4.0 X4
VisionTek 900979,,240.0,,SSD,,2.5,SATA 6.0 Gb/s
VisionTek 900980,,480.0,,SSD,,2.5,SATA 6.0 Gb/s
VisionTek 900981,,1000.0,,SSD,,2.5,SATA 6.0 Gb/s
VisionTek 900982,,2000.0,,SSD,,2.5,SATA 6.0 Gb/s
Western Digital WD Green,940.0,120.0,0.392,SSD,,M.2-2280,M.2 SATA
VisionTek QLC,,4000.0,,SSD,,M.2-2280,M.2 PCIe 3.0 X4
OWC Mercury Electra 6G,539.79,250.0,0.108,SSD,,2.5,SATA 6.0 Gb/s
OWC Mercury Electra 6G,,4000.0,,SSD,,2.5,SATA 6.0 Gb/s
VisionTek DLX,,1000.0,,SSD,,2.5,SATA 6.0 Gb/s
VisionTek 901412,,1000.0,,SSD,,M.2-2280,M.2 PCIe 4.0 X4
VisionTek 901409,,8000.0,,SSD,,2.5,SATA 6.0 Gb/s
VisionTek 901413,,2000.0,,SSD,,M.2-2280,M.2 PCIe 4.0 X4
Micron 5400 Boot OPAL,,240.0,,SSD,,M.2-2280,M.2 SATA
Micron 5400 Boot eSSC,,240.0,,SSD,,M.2-2280,M.2 SATA
Micron 5400 Pro,,1920.0,,SSD,,2.5,SATA 6.0 Gb/s
Micron 5400 Pro,,7680.0,,SSD,,2.5,SATA 6.0 Gb/s
Micron 5400 Max,,480.0,,SSD,,2.5,SATA 6.0 Gb/s
Micron 5400 Max,,1920.0,,SSD,,2.5,SATA 6.0 Gb/s
Micron 5400 Pro,,240.0,,SSD,,M.2-2280,M.2 SATA
Micron 5400 Pro,,480.0,,SSD,,M.2-2280,M.2 SATA
Micron 5400 Pro OPAL,,240.0,,SSD,,2.5,SATA 6.0 Gb/s
Micron 5400 Pro OPAL,,480.0,,SSD,,2.5,SATA 6.0 Gb/s
Micron 5400 Pro OPAL,,960.0,,SSD,,2.5,SATA 6.0 Gb/s
Micron 5400 Pro OPAL,,1920.0,,SSD,,2.5,SATA 6.0 Gb/s
Micron 5400 Pro OPAL,,3840.0,,SSD,,2.5,SATA 6.0 Gb/s
Micron 5400 Pro OPAL,,7680.0,,SSD,,2.5,SATA 6.0 Gb/s
Micron 5400 Max OPAL,,480.0,,SSD,,2.5,SATA 6.0 Gb/s
Micron 5400 Max OPAL,,960.0,,SSD,,2.5,SATA 6.0 Gb/s
Micron 5400 Max OPAL,,1920.0,,SSD,,2.5,SATA 6.0 Gb/s
Micron 5400 Max OPAL,,3840.0,,SSD,,2.5,SATA 6.0 Gb/s
Micron 5400 Pro OPAL,,240.0,,SSD,,M.2-2280,M.2 SATA
Micron 5400 Pro OPAL,,480.0,,SSD,,M.2-2280,M.2 SATA
Micron 5400 Pro OPAL,,960.0,,SSD,,M.2-2280,M.2 SATA
Micron 5400 Pro eSSC,,480.0,,SSD,,2.5,SATA 6.0 Gb/s
Micron 5400 Pro eSSC,,960.0,,SSD,,2.5,SATA 6.0 Gb/s
Micron 5400 Pro eSSC,,1920.0,,SSD,,2.5,SATA 6.0 Gb/s
Micron 5400 Pro eSSC,,3840.0,,SSD,,2.5,SATA 6.0 Gb/s
Micron 5400 Max eSSC,,480.0,,SSD,,2.5,SATA 6.0 Gb/s
Micron 5400 Max eSSC,,960.0,,SSD,,2.5,SATA 6.0 Gb/s
Micron 5400 Max eSSC,,1920.0,,SSD,,2.5,SATA 6.0 Gb/s
Micron 5400 Max eSSC,,3840.0,,SSD,,2.5,SATA 6.0 Gb/s
Micron 5400 Pro eSSC,,240.0,,SSD,,M.2-2280,M.2 SATA
Micron 5400 Pro eSSC,,480.0,,SSD,,M.2-2280,M.2 SATA
Micron 5400 Pro eSSC,,960.0,,SSD,,M.2-2280,M.2 SATA
Lenovo ThinkStation,6333.6,6000.0,0.053,7200,,3.5,SATA 6.0 Gb/s
Lenovo S4520,9593.6,480.0,0.999,SSD,,2.5,SATA 6.0 Gb/s
Lenovo S4520,7016.6,960.0,0.365,SSD,,2.5,SATA 6.0 Gb/s
Lenovo S4520,,3840.0,,SSD,,2.5,SATA 6.0 Gb/s
Lenovo S4520,,240.0,,SSD,,3.5,SATA 6.0 Gb/s
Klevv CRAS C910 Lite,,2000.0,,SSD,,M.2-2280,M.2 PCIe 4.0 X4
YEYIAN Valk,,120.0,,SSD,,2.5,SATA 6.0 Gb/s
YEYIAN Valk,,240.0,,SSD,,2.5,SATA 6.0 Gb/s
YEYIAN Valk,,960.0,,SSD,,2.5,SATA 6.0 Gb/s
TEAMGROUP T-FORCE Z44A3,,2000.0,,SSD,,M.2-2280,M.2 PCIe 4.0 X4
Orico Troodon V500,,128.0,,SSD,,M.2-2280,M.2 PCIe 3.0 X4
Orico Troodon V500,,256.0,,SSD,,M.2-2280,M.2 PCIe 3.0 X4
Orico Troodon V500,,512.0,,SSD,,M.2-2280,M.2 PCIe 3.0 X4
Orico Troodon V500,,1000.0,,SSD,,M.2-2280,M.2 PCIe 3.0 X4
AGI AI838,,2000.0,,SSD,,M.2-2280,M.2 PCIe 4.0 X4
AGI AI218,,512.0,,SSD,,M.2-2280,M.2 PCIe 3.0 X4
AGI AI218,,1000.0,,SSD,,M.2-2280,M.2 PCIe 3.0 X4
AGI AI218,,2000.0,,SSD,,M.2-2280,M.2 PCIe 3.0 X4
AGI AI218,,4000.0,,SSD,,M.2-2280,M.2 PCIe 3.0 X4
Fantom Drives VENOM7 PS5,,1000.0,,SSD,,M.2-2280,M.2 PCIe 4.0 X4
Fantom Drives VENOM7,,2000.0,,SSD,,M.2-2280,M.2 PCIe 4.0 X4
PNY CS2142,,1000.0,,SSD,,M.2-2230,M.2 PCIe 4.0 X4
PNY CS2142,,2000.0,,SSD,,M.2-2230,M.2 PCIe 4.0 X4
TEAMGROUP Z440 Lite,,2000.0,,SSD,,M.2-2280,M.2 PCIe 4.0 X4
TEAMGROUP T-Create Classic C43,,512.0,,SSD,,M.2-2280,M.2 PCIe 4.0 X4
TEAMGROUP T-Create Classic C43,,1000.0,,SSD,,M.2-2280,M.2 PCIe 4.0 X4
TEAMGROUP T-Create Classic I45,,2000.0,,SSD,,M.2-2280,M.2 PCIe 4.0 X4
TEAMGROUP T-Create Classic C45,,2000.0,,SSD,,M.2-2280,M.2 PCIe 4.0 X4
TEAMGROUP T-Create Classic C45,,512.0,,SSD,,M.2-2280,M.2 PCIe 4.0 X4
TEAMGROUP T-Create Classic C45,,1000.0,,SSD,,M.2-2280,M.2 PCIe 4.0 X4
TEAMGROUP T-Create Classic C47,,2000.0,,SSD,,M.2-2280,M.2 PCIe 4.0 X4
TEAMGROUP T-Create Classic C47,,512.0,,SSD,,M.2-2280,M.2 PCIe 4.0 X4
MSI SPATIUM M480 PRO HS,,2000.0,,SSD,2048.0,M.2-2280,M.2 PCIe 4.0 X4
Seagate BarraCuda 520,,2048.0,,SSD,,M.2-2280,M.2 PCIe 4.0 X4
Silicon Power XD85,,500.0,,SSD,,M.2-2280,M.2 PCIe 4.0 X4
Silicon Power XD85,,1000.0,,SSD,,M.2-2280,M.2 PCIe 4.0 X4
Silicon Power XD85,,2000.0,,SSD,,M.2-2280,M.2 PCIe 4.0 X4
Silicon Power XD85,,4000.0,,SSD,,M.2-2280,M.2 PCIe 4.0 X4
ADATA XPG GAMMIX S55,,2000.0,,SSD,,M.2-2230,M.2 PCIe 4.0 X4
Silicon Power UD90,,500.0,,SSD,,M.2-2242,M.2 PCIe 4.0 X4
Silicon Power UD90,,2000.0,,SSD,,M.2-2242,M.2 PCIe 4.0 X4
KIOXIA BG4,,128.0,,SSD,,M.2-2230,M.2 PCIe 3.0 X4
Apacer AS2280P4U,,2000.0,,SSD,,M.2-2280,M.2 PCIe 3.0 X4
‎FFF Smart Life Connected ‎G-Storategy NV470 w/Heatsink,,2000.0,,SSD,,M.2-2280,M.2 PCIe 4.0 X4
‎FFF Smart Life Connected ‎G-Storategy NV470,,2000.0,,SSD,,M.2-2280,M.2 PCIe 4.0 X4
‎FFF Smart Life Connected ‎G-Storategy NV470,,4000.0,,SSD,,M.2-2280,M.2 PCIe 4.0 X4
XOC G300,,1000.0,,SSD,,M.2-2280,M.2 PCIe 3.0 X4
XOC G300,,2000.0,,SSD,,M.2-2280,M.2 PCIe 3.0 X4
XOC SP900,,4000.0,,SSD,,M.2-2280,M.2 PCIe 4.0 X4
Addlink D60,,480.0,,SSD,,M.2-2280,M.2 PCIe 4.0 X4
Addlink D60,4788.8,1920.0,0.125,SSD,,M.2-2280,M.2 PCIe 4.0 X4
Seagate Exos X24 SED,,12000.0,,7200,512.0,3.5,SAS 12.0 Gb/s
Seagate Exos X24 SED-FIPS,,12000.0,,7200,512.0,3.5,SAS 12.0 Gb/s
Seagate Exos X24 SED,,16000.0,,7200,512.0,3.5,SAS 12.0 Gb/s
Seagate Exos X24 SED-FIPS,,16000.0,,7200,512.0,3.5,SAS 12.0 Gb/s
Seagate Exos X24 SED,,20000.0,,7200,512.0,3.5,SAS 12.0 Gb/s
Seagate Exos X24 SED-FIPS,,20000.0,,7200,512.0,3.5,SAS 12.0 Gb/s
Gigabyte AI TOP UD,,1000.0,,SSD,,M.2-2280,M.2 PCIe 4.0 X4
Addlink G55,,4000.0,,SSD,,M.2-2280,M.2 PCIe 5.0 X4
OWC Aura Pro IV,6499.8,4000.0,0.081,SSD,,M.2-2280,M.2 PCIe 4.0 X4
OWC Aura Pro IV,,2000.0,,SSD,,M.2-2242,M.2 PCIe 4.0 X4
OWC Aura Ultra IV,,2000.0,,SSD,,M.2-2280,M.2 PCIe 4.0 X4
XOC Nitro,,256.0,,SSD,,2.5,SATA 6.0 Gb/s
Integral Industrial,,64.0,,SSD,,mSATA,mSATA
Integral Industrial,,128.0,,SSD,,mSATA,mSATA
Integral Industrial MO-300,,32.0,,SSD,,mSATA,mSATA
Integral Industrial MO-300,,64.0,,SSD,,mSATA,mSATA
Integral Industrial,,64.0,,SSD,,2.5,SATA 6.0 Gb/s
Integral MO-300,,128.0,,SSD,,mSATA,mSATA
Integral MO-300,,512.0,,SSD,,mSATA,mSATA
Integral ADVANTAGE PRO-1,,4000.0,,SSD,,M.2-2280,M.2 PCIe 4.0 X4
Integral INSSD512GM2230G3,,512.0,,SSD,,M.2-2230,M.2 PCIe 3.0 X4
Integral INSSD2TM2242G3,,2000.0,,SSD,,M.2-2242,M.2 PCIe 3.0 X4
TEAMGROUP T-Force GE PRO AirFlow,,1000.0,,SSD,,M.2-2280,M.2 PCIe 5.0 X4
Acer MA200,,512.0,,SSD,,M.2-2230,M.2 PCIe 4.0 X4
Acer MA200,,1000.0,,SSD,,M.2-2230,M.2 PCIe 4.0 X4
Gigabyte AI TOP 100E,,2000.0,,SSD,1024.0,M.2-2280,M.2 PCIe 4.0 X4
Transcend MTE410S,944.2,256.0,0.184,SSD,,M.2-2242,M.2 PCIe 4.0 X4
Transcend MTE410S,3398.0,2000.0,0.085,SSD,,M.2-2242,M.2 PCIe 4.0 X4
AGI AI828,,4000.0,,SSD,,M.2-2280,M.2 PCIe 4.0 X4
AGI AI828,,8000.0,,SSD,,M.2-2280,M.2 PCIe 4.0 X4
Biwin Black Opal NV7400,,1000.0,,SSD,,M.2-2280,M.2 PCIe 4.0 X4
Biwin Black Opal NV7400,,2000.0,,SSD,,M.2-2280,M.2 PCIe 4.0 X4
Biwin Black Opal NV7400,,4000.0,,SSD,,M.2-2280,M.2 PCIe 4.0 X4
Biwin NV7200,,1000.0,,SSD,,M.2-2280,M.2 PCIe 4.0 X4
Biwin NV7200,,2000.0,,SSD,,M.2-2280,M.2 PCIe 4.0 X4
Biwin NV7200,,4000.0,,SSD,,M.2-2280,M.2 PCIe 4.0 X4
