name,price,socket,form_factor,max_memory,memory_slots,color,price_available,brand
Asus PRIME B650-PLUS WIFI,3199.8,AM5,ATX,192,4,Black / Silver,True,ASUS
MSI B650 GAMING PLUS WIFI,3399.8,AM5,ATX,192,4,Black,True,MSI
MSI MAG B650 TOMAHAWK WIFI,3788.39,AM5,ATX,256,4,Black,True,MSI
Gigabyte X870E AORUS ELITE WIFI7,6506.2,AM5,ATX,256,4,Black,True,Gigabyte
Asus PRIME B550M-A WIFI II,1999.8,AM4,Micro ATX,128,4,Blue / Silver,True,ASUS
Gigabyte B650 EAGLE AX,3159.8,AM5,ATX,192,4,Gray / Black,True,Gigabyte
Asus TUF GAMING B850-PLUS WIFI,4359.8,AM5,ATX,192,4,Black / Silver,True,ASUS
ASRock B650M Pro RS WiFi,2799.8,AM5,Micro ATX,256,4,Black / Silver,True,ASRock
MSI MAG X870 TOMAHAWK WIFI,5399.8,AM5,ATX,256,4,Black,True,MSI
Gigabyte A520M K V2,1369.4,AM4,Micro ATX,64,2,Brown / Black,True,Gigabyte
Asus B650E MAX GAMING WIFI W,2999.8,AM5,ATX,256,4,White,True,ASUS
MSI PRO B650-S WIFI,2719.8,AM5,ATX,192,4,Black,True,MSI
Gigabyte B550M K,1999.8,AM4,Micro ATX,128,4,Brown / Silver,True,Gigabyte
ASRock B850I Lightning WiFi,5068.8,AM5,Mini ITX,128,2,Black,True,ASRock
MSI B760 GAMING PLUS WIFI,3399.8,LGA1700,ATX,192,4,Black / Silver,True,MSI
MSI PRO B550M-VC WIFI,1999.8,AM4,Micro ATX,128,4,Black,True,MSI
MSI PRO Z790-A MAX WIFI,4400.0,LGA1700,ATX,192,4,Silver / Black,True,MSI
Asus TUF GAMING B650-PLUS WIFI,3199.8,AM5,ATX,128,4,Black,True,ASUS
Gigabyte X870 EAGLE WIFI7,4599.8,AM5,ATX,256,4,Black,True,Gigabyte
Gigabyte X870 AORUS ELITE WIFI7 ICE,5999.8,AM5,ATX,256,4,White,True,Gigabyte
MSI B550M PRO-VDH WIFI,2199.79,AM4,Micro ATX,128,4,Black,True,MSI
Asus ROG STRIX X870E-E GAMING WIFI,9560.2,AM5,ATX,192,4,Black,True,ASUS
ASRock B850M-X WiFi R2.0,2599.8,AM5,Micro ATX,128,2,Black / White,True,ASRock
Gigabyte B850 EAGLE WIFI6E,3599.8,AM5,ATX,256,4,Gray / Black,True,Gigabyte
MSI MAG B850 TOMAHAWK MAX WIFI,4399.8,AM5,ATX,256,4,Black / Green,True,MSI
Gigabyte B760M GAMING PLUS WIFI DDR4,2789.8,LGA1700,Micro ATX,128,4,Black / Silver,True,Gigabyte
Asus ROG STRIX B650-A GAMING WIFI,3299.0,AM5,ATX,192,4,Black / Silver,True,ASUS
Gigabyte B650M GAMING PLUS WIFI,3198.8,AM5,Micro ATX,192,4,Silver / Black,True,Gigabyte
MSI MAG B550 TOMAHAWK MAX WIFI,3399.8,AM4,ATX,128,4,Silver / Black,True,MSI
Gigabyte B850 AORUS ELITE WIFI7,4653.39,AM5,ATX,256,4,Black,True,Gigabyte
Gigabyte B650 GAMING X AX V2,3689.8,AM5,ATX,192,4,Gray / Black,True,Gigabyte
Asus ROG STRIX X870-A GAMING WIFI,6379.8,AM5,ATX,192,4,White,True,ASUS
ASRock A620I LIGHTNING WIFI,3199.8,AM5,Mini ITX,96,2,Black,True,ASRock
Asus TUF GAMING B550-PLUS WIFI II,2979.8,AM4,ATX,128,4,Black / Gray,True,ASUS
Asus TUF GAMING B650-E WIFI,3999.8,AM5,ATX,192,4,Black / Orange,True,ASUS
Gigabyte Z790 EAGLE AX,3399.8,LGA1700,ATX,192,4,Gray / Black,True,Gigabyte
MSI B450M-A PRO MAX II,1941.8,AM4,Micro ATX,64,2,Black,True,MSI
MSI PRO B650M-P,2999.8,AM5,Micro ATX,192,4,Black / Silver,True,MSI
ASRock B450M/ac R2.0,1499.8,AM4,Micro ATX,128,4,Black / Silver,True,ASRock
Asus TUF GAMING B850M-PLUS WIFI,4399.8,AM5,Micro ATX,192,4,Black,True,ASUS
ASRock B450M-HDV R4.0,1399.6,AM4,Micro ATX,64,2,Black / White,True,ASRock
Gigabyte B850 AORUS ELITE WIFI7 ICE,4799.8,AM5,ATX,256,4,White / Silver,True,Gigabyte
MSI PRO B760M-P DDR4,1999.8,LGA1700,Micro ATX,128,4,Black,True,MSI
Asus ROG STRIX B550-F GAMING WIFI II,3399.8,AM4,ATX,128,4,Black / Red,True,ASUS
Gigabyte B850M GAMING X WIFI6E,3199.8,AM5,Micro ATX,256,4,Black,True,Gigabyte
Asus ROG CROSSHAIR X870E HERO,12999.8,AM5,ATX,192,4,Black,True,ASUS
Gigabyte A520I AC,1999.8,AM4,Mini ITX,64,2,Black,True,Gigabyte
Gigabyte B550M AORUS ELITE AX,2999.8,AM4,Micro ATX,128,4,Black / Silver,True,Gigabyte
ASRock B850M Pro-A WiFi,2819.6,AM5,Micro ATX,256,4,Black,True,ASRock
ASRock B650M PG Lightning Wifi,3833.2,AM5,Micro ATX,256,4,Silver / Black,True,ASRock
MSI MPG B550 GAMING PLUS,2099.79,AM4,ATX,128,4,Black,True,MSI
MSI A520M-A PRO,1352.4,AM4,Micro ATX,64,2,Black,True,MSI
MSI PRO B650M-A WIFI,2919.8,AM5,Micro ATX,192,4,Black,True,MSI
Asus ROG STRIX B650E-F GAMING WIFI,5085.0,AM5,ATX,192,4,Black,True,ASUS
Asus ROG STRIX B850-A GAMING WIFI,4780.0,AM5,ATX,192,4,White,True,ASUS
ASRock B550M Pro4,1999.8,AM4,Micro ATX,128,4,Silver / Black,True,ASRock
MSI MAG X670E TOMAHAWK WIFI,4974.2,AM5,ATX,192,4,Black,True,MSI
Asus TUF GAMING B650M-E WIFI,,AM5,Micro ATX,192,4,Black,False,ASUS
Asus ROG STRIX B850-I GAMING WIFI,5999.8,AM5,Mini ITX,96,2,Black,True,ASUS
Asus ROG STRIX B650E-I GAMING WIFI,4399.0,AM5,Mini ITX,96,2,Black,True,ASUS
MSI MPG X870E CARBON WIFI,9999.79,AM5,ATX,256,4,Black,True,MSI
Gigabyte B850 GAMING WIFI6,3599.8,AM5,ATX,256,4,Black / Gray,True,Gigabyte
MSI B850 GAMING PLUS WIFI,3999.8,AM5,ATX,256,4,Silver / Black,True,MSI
Asus TUF GAMING X870-PLUS WIFI,5339.8,AM5,ATX,192,4,Black,True,ASUS
Gigabyte Z790 AORUS ELITE AX,3699.8,LGA1700,ATX,192,4,Black,True,Gigabyte
MSI B550-A PRO,2519.79,AM4,ATX,128,4,Black / Silver,True,MSI
Asus ROG CROSSHAIR X870E EXTREME,19999.8,AM5,EATX,256,4,Black / Silver,True,ASUS
ASRock B850M Pro RS WiFi,2999.8,AM5,Micro ATX,256,4,Silver / Black,True,ASRock
Asus TUF GAMING Z790-PLUS WIFI,4399.8,LGA1700,ATX,192,4,Black / Gray,True,ASUS
Gigabyte X870E AORUS PRO ICE,6599.8,AM5,ATX,256,4,White,True,Gigabyte
Gigabyte B650 AORUS ELITE AX,3719.8,AM5,ATX,192,4,Black / Silver,True,Gigabyte
Gigabyte A620I AX,2760.0,AM5,Mini ITX,96,2,Black / Gray,True,Gigabyte
Gigabyte X870I AORUS PRO ICE,5699.8,AM5,Mini ITX,128,2,White,True,Gigabyte
MSI B650M GAMING PLUS WIFI,4390.2,AM5,Micro ATX,192,4,Silver / Black,True,MSI
Asus ROG STRIX B850-F GAMING WIFI,5383.6,AM5,ATX,192,4,Black,True,ASUS
ASRock X870 Pro RS,3599.8,AM5,ATX,256,4,White,True,ASRock
MSI PRO A620M-E,3098.0,AM5,Micro ATX,96,2,Black,True,MSI
Asus TUF GAMING B650E-PLUS WIFI,3799.8,AM5,ATX,256,4,Black / Silver,True,ASUS
Gigabyte B850 GAMING X WIFI6E,3959.8,AM5,ATX,256,4,Gray / Black,True,Gigabyte
Gigabyte B550 GAMING X V2,2599.8,AM4,ATX,128,4,Black,True,Gigabyte
ASRock B650M-HDV/M.2,2772.6,AM5,Micro ATX,96,2,Silver / Black,True,ASRock
Asus Z790 GAMING WIFI7,3599.8,LGA1700,ATX,192,4,Silver / Black,True,ASUS
MSI MAG X870E TOMAHAWK WIFI,6199.8,AM5,ATX,256,4,Black / Green,True,MSI
Gigabyte B550 EAGLE WIFI6,2599.8,AM4,ATX,128,4,Black,True,Gigabyte
MSI PRO H610M-G DDR4,1879.8,LGA1700,Micro ATX,64,2,Black / Silver,True,MSI
MSI MEG X870E GODLIKE,19999.8,AM5,EATX,256,4,Black,True,MSI
ASRock X870 Pro RS WiFi,4819.8,AM5,ATX,256,4,White,True,ASRock
Gigabyte B850M AORUS ELITE WIFI6E ICE,3999.8,AM5,Micro ATX,256,4,White / Silver,True,Gigabyte
ASRock B760M-HDV/M.2,2386.39,LGA1700,Micro ATX,96,2,White / Black,True,ASRock
Gigabyte TRX40 DESIGNARE,28980.0,sTRX4,XL ATX,256,8,Black / Silver,True,Gigabyte
ASRock A520M-HDV,1259.8,AM4,Micro ATX,64,2,Black / Silver,True,ASRock
ASRock B550 Phantom Gaming 4/ac,1999.8,AM4,ATX,128,4,Silver / Black,True,ASRock
Gigabyte X870 AORUS ELITE WIFI7,5240.0,AM5,ATX,256,4,Black,True,Gigabyte
Asus ROG STRIX B760-I GAMING WIFI,4199.0,LGA1700,Mini ITX,96,2,Black,True,ASUS
Gigabyte X870 GAMING WIFI6,3799.8,AM5,ATX,256,4,Black / Gray,True,Gigabyte
ASRock A620M-HDV/M.2,2582.79,AM5,Micro ATX,96,2,Gray / Black,True,ASRock
MSI MAG Z890 TOMAHAWK WIFI,4799.8,LGA1851,ATX,256,4,Black / Yellow,True,MSI
Asus ProArt X870E-CREATOR WIFI,10359.79,AM5,ATX,256,4,Black / Gold,True,ASUS
ASRock B650 PG LIGHTNING,2599.8,AM5,ATX,256,4,Black,True,ASRock
MSI MAG B550 TOMAHAWK,2799.8,AM4,ATX,128,4,Black / Silver,True,MSI
MSI MAG B760 TOMAHAWK WIFI,3299.8,LGA1700,ATX,192,4,Black,True,MSI
Gigabyte B550 UD AC,2399.79,AM4,ATX,128,4,Brown / Black,True,Gigabyte
Gigabyte B650M D3HP AX,2799.8,AM5,Micro ATX,192,4,Black / Gray,True,Gigabyte
Asus PRIME B650M-A AX II,3379.8,AM5,Micro ATX,192,4,Black / Silver,True,ASUS
ASRock B650I Lightning Wifi,3999.8,AM5,Mini ITX,96,2,Black,True,ASRock
ASRock X870E Taichi,9379.0,AM5,EATX,256,4,Black,True,ASRock
MSI MPG X870E EDGE TI WIFI,5799.8,AM5,ATX,256,4,Silver / White,True,MSI
ASRock Phantom Gaming X870E Nova WiFi,5999.8,AM5,ATX,256,4,Black / Purple,True,ASRock
MSI PRO X870E-P WIFI,4898.8,AM5,ATX,256,4,Black / Silver,True,MSI
MSI PRO B850-P WIFI,3999.8,AM5,ATX,256,4,Silver / Black,True,MSI
Gigabyte B760M DS3H AX,2599.8,LGA1700,Micro ATX,192,4,Black,True,Gigabyte
ASRock B850 Riptide WiFi,3999.8,AM5,ATX,256,4,Black,True,ASRock
MSI B840 GAMING PLUS WIFI,2999.8,AM5,ATX,256,4,Silver / Black,True,MSI
ASRock B650M Pro RS,4401.39,AM5,Micro ATX,256,4,Black / Silver,True,ASRock
Asus TUF GAMING A520M-PLUS WIFI,2209.19,AM4,Micro ATX,128,4,Black / Orange,True,ASUS
ASRock B760M PG Riptide Wifi,2399.79,LGA1700,Micro ATX,192,4,Black,True,ASRock
ASRock B650 Steel Legend WiFi,5607.0,AM5,ATX,256,4,White / Silver,True,ASRock
Gigabyte B650 AORUS ELITE AX ICE,3994.8,AM5,ATX,192,4,Silver,True,Gigabyte
MSI X670E GAMING PLUS WIFI,3799.8,AM5,ATX,192,4,Silver / Black,True,MSI
Gigabyte B650 AORUS ELITE AX V2,3999.8,AM5,ATX,192,4,Black / Silver,True,Gigabyte
Asus ROG STRIX X870-I GAMING WIFI,8979.79,AM5,Mini ITX,128,2,Black,True,ASUS
Asus ROG STRIX Z790-A GAMING WIFI II,11800.0,LGA1700,ATX,192,4,Black / Silver,True,ASUS
Asus ROG ZENITH II EXTREME ALPHA,,sTRX4,EATX,256,8,Black / Silver,False,ASUS
MSI PRO Z790-P WIFI,3599.8,LGA1700,ATX,192,4,Black / Silver,True,MSI
ASRock B760 Pro RS/D4,3081.0,LGA1700,ATX,128,4,Silver / Black,True,ASRock
ASRock B850M Steel Legend WiFi,3599.8,AM5,Micro ATX,256,4,Silver / Black,True,ASRock
Asus TUF GAMING B650M-PLUS WIFI,5180.0,AM5,Micro ATX,192,4,Black,True,ASUS
MSI B760M GAMING PLUS WIFI,5043.8,LGA1700,Micro ATX,192,4,Black / Silver,True,MSI
Gigabyte B550M DS3H AC,1999.8,AM4,Micro ATX,128,4,Black,True,Gigabyte
Gigabyte B650M GAMING WIFI6E,3543.39,AM5,Micro ATX,128,2,Silver / Black,True,Gigabyte
MSI PRO B760-P WIFI DDR4,3199.0,LGA1700,ATX,128,4,Black,True,MSI
Gigabyte B650 EAGLE,4243.8,AM5,ATX,192,4,Black / Gray,True,Gigabyte
MSI X870 GAMING PLUS WIFI,4999.8,AM5,ATX,256,4,Black / White,True,MSI
Asus TUF GAMING B760-PLUS WIFI,3199.8,LGA1700,ATX,192,4,Black,True,ASUS
ASRock Z790 PRO RS WIFI,4593.6,LGA1700,ATX,192,4,Silver / Black,True,ASRock
Gigabyte A520M S2H,1459.6,AM4,Micro ATX,64,2,Black,True,Gigabyte
Asus TUF GAMING X570-PLUS (WI-FI),,AM4,ATX,128,4,Black / Gold,False,ASUS
Asus Prime B450M-A II,2800.0,AM4,Micro ATX,128,4,,True,ASUS
Gigabyte B850I AORUS PRO,5199.8,AM5,Mini ITX,128,2,,True,Gigabyte
Gigabyte A520M DS3H V2,2038.0,AM4,Micro ATX,128,4,Gray / Brown,True,Gigabyte
MSI B550 GAMING GEN3,2491.6,AM4,ATX,128,4,Black,True,MSI
MSI MAG B850M MORTAR WIFI,4799.8,AM5,Micro ATX,256,4,Black / Green,True,MSI
Gigabyte B550 AORUS ELITE AX V2,2999.8,AM4,ATX,128,4,Black / Silver,True,Gigabyte
ASRock B850 Steel Legend WiFi,4199.8,AM5,ATX,256,4,White / Black,True,ASRock
MSI MPG B650I EDGE WIFI,5799.8,AM5,Mini ITX,128,2,Black / Silver,True,MSI
MSI MAG Z790 TOMAHAWK WIFI,3799.8,LGA1700,ATX,192,4,Black,True,MSI
MSI B450 TOMAHAWK MAX,,AM4,ATX,128,4,Black,False,MSI
Gigabyte B550I AORUS PRO AX,3799.8,AM4,Mini ITX,64,2,Black / Silver,True,Gigabyte
Asus ROG STRIX B860-I GAMING WIFI,4399.8,LGA1851,Mini ITX,128,2,Black / Silver,True,ASUS
ASRock H370M-HDV,1499.6,LGA1151,Micro ATX,64,2,Black / Silver,True,ASRock
Asus ROG STRIX B550-A GAMING,4822.6,AM4,ATX,128,4,Black / White,True,ASUS
NZXT N7 B650E,5217.6,AM5,ATX,128,4,White,True,NZXT
Gigabyte X870E AORUS PRO,6999.8,AM5,ATX,256,4,Black,True,Gigabyte
MSI Z790 GAMING PLUS WIFI,3399.8,LGA1700,ATX,192,4,Black,True,MSI
MSI MPG B850I EDGE TI WIFI,4999.8,AM5,Mini ITX,128,2,Silver,True,MSI
ASRock B650 PRO RS,2940.4,AM5,ATX,256,4,Black / Silver,True,ASRock
Gigabyte Z790 S WIFI DDR4 (rev. 1.0),,LGA1700,ATX,128,4,Black,False,Gigabyte
Gigabyte B650E AORUS ELITE X AX ICE,4180.0,AM5,ATX,192,4,Silver / White,True,Gigabyte
MSI PRO B840-P WIFI,3199.8,AM5,ATX,256,4,Silver,True,MSI
ASRock B550M-ITX/ac,1999.8,AM4,Mini ITX,64,2,Silver / Black,True,ASRock
Gigabyte X870E AORUS MASTER,9999.79,AM5,ATX,256,4,Black,True,Gigabyte
ASRock B850 Pro-A,2799.8,AM5,ATX,256,4,Black / Silver,True,ASRock
ASRock B760M-H2/M.2,3077.6,LGA1700,Micro ATX,96,2,Black / Silver,True,ASRock
Asus ROG STRIX B850-E GAMING WIFI,6780.0,AM5,ATX,256,4,Black,True,ASUS
MSI MAG B650M MORTAR WIFI,3979.8,AM5,Micro ATX,192,4,Black,True,MSI
ASRock B650M Pro X3D WiFi,2799.8,AM5,Micro ATX,256,4,Black / Silver,True,ASRock
MSI PRO X870-P WIFI,5460.0,AM5,ATX,256,4,Black / Silver,True,MSI
Asus PRIME B550-PLUS AC-HES,2599.8,AM4,ATX,128,4,Silver / Black,True,ASUS
Asus PRIME X870-P WIFI,4399.8,AM5,ATX,192,4,Black / Silver,True,ASUS
Gigabyte B650M AORUS ELITE AX,3999.8,AM5,Micro ATX,192,4,Black,True,Gigabyte
ASRock B550 Phantom Gaming-ITX/ax,2999.8,AM4,Mini ITX,64,2,Silver / Black,True,ASRock
Asus Z790-AYW WIFI W II,3799.8,LGA1700,ATX,192,4,White,True,ASUS
ASRock B850M Riptide WiFi,3399.8,AM5,Micro ATX,256,4,Black,True,ASRock
Gigabyte B760M DS3H DDR4,2199.79,LGA1700,Micro ATX,128,4,Black,True,Gigabyte
Asus TUF GAMING B760M-PLUS WIFI II,5275.4,LGA1700,Micro ATX,192,4,Black / Orange,True,ASUS
Gigabyte B650M AORUS ELITE AX ICE,3999.8,AM5,Micro ATX,192,4,Silver,True,Gigabyte
Asus ROG CROSSHAIR X670E HERO,,AM5,ATX,192,4,Black / Silver,False,ASUS
Asus PRIME H610I-PLUS D4-CSM,2259.79,LGA1700,Mini ITX,64,2,Silver / Black,True,ASUS
Asus PRIME B760M-A AX,2634.8,LGA1700,Micro ATX,128,4,Silver / Black,True,ASUS
Gigabyte B550M DS3H,2752.8,AM4,Micro ATX,128,4,Black / Gold,True,Gigabyte
MSI PRO B650-P WIFI,3399.8,AM5,ATX,192,4,Black,True,MSI
ASRock B650M-H/M.2+,1999.8,AM5,Micro ATX,96,2,Silver / Black,True,ASRock
ASRock X870 Steel Legend WiFi,5199.8,AM5,ATX,256,4,White,True,ASRock
Asus ROG MAXIMUS Z790 DARK HERO,19999.8,LGA1700,ATX,192,4,Black,True,ASUS
Gigabyte Z790 AORUS ELITE X WIFI7,4799.8,LGA1700,ATX,192,4,Black,True,Gigabyte
ASRock H610M/ac,1799.8,LGA1700,Micro ATX,64,2,Silver / Black,True,ASRock
Gigabyte B650I AORUS ULTRA,4740.0,AM5,Mini ITX,96,2,Black / Silver,True,Gigabyte
Gigabyte A620M S2H,2216.39,AM5,Micro ATX,96,2,Gray / Black,True,Gigabyte
Gigabyte Z890 EAGLE WIFI7,4485.4,LGA1851,ATX,256,4,Silver / Black,True,Gigabyte
Asus ROG STRIX B450-F GAMING II,5385.4,AM4,ATX,128,4,Black,True,ASUS
Asus ROG STRIX X870-F GAMING WIFI,8399.79,AM5,ATX,192,4,Black,True,ASUS
Gigabyte B450M DS3H,3065.2,AM4,Micro ATX,128,4,Black / Silver,True,Gigabyte
Asus PRIME B840-PLUS WIFI,2999.8,AM5,ATX,192,4,Silver / Black,True,ASUS
ASRock B850 LiveMixer WiFi,3799.8,AM5,ATX,256,4,Silver / Black,True,ASRock
Asus TUF GAMING B550M-PLUS WIFI II,3999.8,AM4,Micro ATX,128,4,Black / Gray,True,ASUS
ASRock B450M PRO4 R2.0,1999.8,AM4,Micro ATX,128,4,Gray / Black,True,ASRock
ASRock B660M Pro RS,2159.79,LGA1700,Micro ATX,128,4,Gray / Black,True,ASRock
ASRock A620M Pro RS WiFi,2978.6,AM5,Micro ATX,256,4,Silver / Black,True,ASRock
Asus ROG STRIX X670E-E GAMING WIFI,7680.0,AM5,ATX,192,4,Black / Silver,True,ASUS
ASRock H510M-HDV/M.2 SE,1886.2,LGA1200,Micro ATX,64,2,Black / Silver,True,ASRock
Asus ROG STRIX B550-F GAMING,4399.8,AM4,ATX,128,4,Black,True,ASUS
ASRock B550M-HDV,1799.8,AM4,Micro ATX,64,2,Black,True,ASRock
MSI PRO Z890-P WIFI,3799.8,LGA1851,ATX,256,4,Black / Silver,True,MSI
MSI PRO B650-A WIFI,3399.8,AM5,ATX,256,4,Black / Silver,True,MSI
ASRock B850M-X WiFi,2499.79,AM5,Micro ATX,128,2,Black / White,True,ASRock
Gigabyte B550M AORUS ELITE,2680.0,AM4,Micro ATX,128,4,Black / Orange,True,Gigabyte
ASRock Phantom Gaming X870 Riptide WiFi,4999.8,AM5,ATX,256,4,Black / Purple,True,ASRock
Asus PRIME B650M-A WIFI II,4741.39,AM5,Micro ATX,192,4,Black / Silver,True,ASUS
MSI MPG B850 EDGE TI WIFI,6199.8,AM5,ATX,256,4,Silver / White,True,MSI
MSI PRO B760M-A WIFI DDR4,3099.8,LGA1700,Micro ATX,128,4,Black,True,MSI
Gigabyte B550M GAMING X WIFI6,3099.8,AM4,Micro ATX,128,4,Gray / Black,True,Gigabyte
MSI B650M PROJECT ZERO,4599.8,AM5,Micro ATX,256,4,Silver / Black,True,MSI
Gigabyte B650M GAMING WIFI,,AM5,Micro ATX,96,2,Black / Silver,False,Gigabyte
ASRock H81 Pro BTC,899.59,LGA1150,ATX,16,2,Black / Silver,True,ASRock
Gigabyte B760 GAMING X AX,4798.8,LGA1700,ATX,192,4,Black / Gray,True,Gigabyte
Asus ROG STRIX B450-F GAMING,2599.8,AM4,ATX,128,4,Black,True,ASUS
MSI PRO-H610M-E-DDR4,,LGA1700,Micro ATX,64,2,Black,False,MSI
Asus B760M-AYW WIFI D4 II,1999.8,LGA1700,Micro ATX,64,2,Black / Silver,True,ASUS
ASRock X870E Taichi Lite,5999.8,AM5,EATX,256,4,Black / Silver,True,ASRock
MSI MPG Z790 CARBON MAX WIFI II,9399.79,LGA1700,ATX,256,4,Black,True,MSI
Asus PRIME B760-PLUS,,LGA1700,ATX,192,4,Black / Silver,False,ASUS
Asus PRIME A320M-K,,AM4,Micro ATX,32,2,Black / White,False,ASUS
NZXT N9 X870E,9199.79,AM5,ATX,192,4,Black,True,NZXT
Asus ROG CROSSHAIR X870E APEX,14999.8,AM5,ATX,128,2,Black,True,ASUS
Asus ROG STRIX Z890-E GAMING WIFI,8480.0,LGA1851,ATX,192,4,Black,True,ASUS
Asus TUF GAMING X670E-PLUS WIFI,4719.8,AM5,ATX,192,4,Black / Orange,True,ASUS
Gigabyte B650I AX,4475.0,AM5,Mini ITX,96,2,Black,True,Gigabyte
Asus ROG STRIX Z790-E GAMING WIFI,7999.8,LGA1700,ATX,192,4,Black,True,ASUS
Gigabyte B650 GAMING X AX,3332.6,AM5,ATX,192,4,Black / Gray,True,Gigabyte
ASRock B660M-HDV,2150.2,LGA1700,Micro ATX,64,2,Gray / Black,True,ASRock
Gigabyte X670 AORUS ELITE AX,4799.8,AM5,ATX,192,4,Black,True,Gigabyte
MSI PRO B850M-P WIFI,3599.8,AM5,Micro ATX,256,4,Black / Silver,True,MSI
Gigabyte B450M K,1999.0,AM4,Micro ATX,64,2,Brown / Silver,True,Gigabyte
ASRock G41M-S,1154.0,LGA775,Micro ATX,8,2,Blue / White,True,ASRock
Gigabyte X870E AORUS ELITE WIFI7 ICE,6599.8,AM5,ATX,256,4,White,True,Gigabyte
Gigabyte X870E AORUS XTREME AI TOP,15999.8,AM5,EATX,256,4,Black,True,Gigabyte
MSI B650M GAMING WIFI,,AM5,Micro ATX,96,2,Silver / Black,False,MSI
ASRock B860I WiFi,3199.8,LGA1851,Mini ITX,128,2,Black,True,ASRock
Asus TUF GAMING B650-PLUS,3199.8,AM5,ATX,128,4,Black / Orange,True,ASUS
Gigabyte GA-B250M-DS3H,4068.8,LGA1151,Micro ATX,64,4,Black / Gold,True,Gigabyte
Gigabyte B650M S2H,2949.4,AM5,Micro ATX,96,2,Black / Gray,True,Gigabyte
MSI B550M PRO-VDH,3061.8,AM4,Micro ATX,128,4,Black,True,MSI
ASRock B450M Steel Legend,1853.4,AM4,Micro ATX,64,4,Black / White,True,ASRock
MSI MAG Z790 TOMAHAWK MAX WIFI,4968.6,LGA1700,ATX,192,4,Black / Yellow,True,MSI
ASRock B850 Pro-A WiFi,3559.8,AM5,ATX,256,4,Black / Silver,True,ASRock
NZXT N9 X870E,9199.79,AM5,ATX,192,4,White,True,NZXT
ASRock B850M Pro RS,2999.8,AM5,Micro ATX,256,4,Silver / Black,True,ASRock
Asus B650E MAX GAMING WIFI,3399.8,AM5,ATX,192,4,Black / Silver,True,ASUS
MSI Z390-A PRO,4739.8,LGA1151,ATX,128,4,Brown / Black,True,MSI
Asus TUF GAMING B850-BTF WIFI W,5599.8,AM5,ATX,256,4,White / Silver,True,ASUS
ASRock H610M-HDV/M.2+ D5,1791.4,LGA1700,Micro ATX,96,2,White / Black,True,ASRock
ASRock B760M Pro RS WiFi White,,LGA1700,Micro ATX,192,4,White,False,ASRock
MSI PRO B650M-B,3097.2,AM5,Micro ATX,96,2,Black,True,MSI
MSI B450M PRO-VDH MAX,2200.0,AM4,Micro ATX,64,4,Black / Silver,True,MSI
Asus PRIME B650-PLUS,3480.4,AM5,ATX,192,4,Black / Silver,True,ASUS
Asus PRIME Z790-P WIFI,4999.8,LGA1700,ATX,192,4,Black / Silver,True,ASUS
Gigabyte Z890 AORUS ELITE WIFI7,4908.0,LGA1851,ATX,256,4,Black,True,Gigabyte
Gigabyte B450M DS3H WIFI,,AM4,Micro ATX,128,4,Brown / Black,False,Gigabyte
Asus TUF GAMING Z890-PLUS WIFI,5200.0,LGA1851,ATX,192,4,Black,True,ASUS
ASRock B850M-X,2239.6,AM5,Micro ATX,128,2,Black / White,True,ASRock
Asus TUF GAMING Z790-PRO WIFI,,LGA1700,ATX,192,4,Black,False,ASUS
Asus ROG STRIX B650E-E GAMING WIFI,8094.6,AM5,ATX,192,4,Black,True,ASUS
Gigabyte B850M DS3H,3099.8,AM5,Micro ATX,256,4,Gray / Black,True,Gigabyte
ASRock B650M PG RIPTIDE WIFI,3719.8,AM5,Micro ATX,256,4,Black,True,ASRock
MSI X870E GAMING PLUS WIFI,6599.8,AM5,ATX,256,4,Black,True,MSI
Gigabyte Z790 AORUS PRO X,6599.8,LGA1700,ATX,192,4,Silver,True,Gigabyte
Gigabyte B650M D3HP,3388.8,AM5,Micro ATX,192,4,Black,True,Gigabyte
Asus TUF GAMING A620M-PLUS WIFI,3119.8,AM5,Micro ATX,192,4,Black / Orange,True,ASUS
Asus ProArt Z890-CREATOR WIFI,9799.79,LGA1851,ATX,256,4,Black / Gold,True,ASUS
Gigabyte TRX40 AORUS XTREME,21258.0,sTRX4,XL ATX,256,8,Black / Silver,True,Gigabyte
Asus PRIME A520M-K,,AM4,Micro ATX,64,2,Black / Silver,False,ASUS
ASRock B550 Phantom Gaming 4,1999.8,AM4,ATX,128,4,Silver / Black,True,ASRock
Gigabyte X870 GAMING X WIFI7,5199.8,AM5,ATX,256,4,Black,True,Gigabyte
MSI Z790 PROJECT ZERO,5599.8,LGA1700,ATX,256,4,Silver / Black,True,MSI
Asus TUF GAMING X870E-PLUS WIFI7,7199.8,AM5,ATX,256,4,Black / Silver,True,ASUS
Asus X870 MAX GAMING WIFI7,4673.0,AM5,ATX,256,4,Black,True,ASUS
Asus ROG STRIX X570-E GAMING WIFI II,9906.2,AM4,ATX,128,4,Black,True,ASUS
Gigabyte Z790M AORUS ELITE AX ICE,3999.8,LGA1700,Micro ATX,192,4,White / Silver,True,Gigabyte
Gigabyte Z890M AORUS ELITE WIFI7 ICE,3799.0,LGA1851,Micro ATX,256,4,White / Silver,True,Gigabyte
MSI B760 GAMING PLUS WIFI DDR4,4874.59,LGA1700,ATX,128,4,Black / Silver,True,MSI
Gigabyte B760I AORUS PRO,3999.8,LGA1700,Mini ITX,96,2,Silver / Black,True,Gigabyte
Gigabyte X870 AORUS STEALTH ICE,6199.8,AM5,ATX,256,4,White,True,Gigabyte
Asus PRIME Z390-A,4889.59,LGA1151,ATX,128,4,Silver / Black,True,ASUS
Asus H110M-K,3465.0,LGA1151,Micro ATX,32,2,Black / Gold,True,ASUS
Gigabyte B550 AORUS ELITE V2,3815.6,AM4,ATX,128,4,Black,True,Gigabyte
MSI B450 TOMAHAWK,,AM4,ATX,64,4,Black / Silver,False,MSI
Asus PRIME B450M-K II,2232.8,AM4,Micro ATX,64,2,Black,True,ASUS
Asus ROG STRIX Z690-E GAMING WIFI,7230.4,LGA1700,ATX,192,4,Black,True,ASUS
Asus PRIME B550-PLUS,3395.6,AM4,ATX,128,4,Black / White,True,ASUS
Asus TUF GAMING B450-PLUS II,3857.0,AM4,ATX,128,4,Black,True,ASUS
MSI PRO B760M-P,2499.6,LGA1700,Micro ATX,192,4,Black,True,MSI
MSI B760M PROJECT ZERO,4139.8,LGA1700,Micro ATX,256,4,Silver / Black,True,MSI
MSI PRO Z690-A DDR4,,LGA1700,ATX,128,4,Black / Silver,False,MSI
Asus ROG MAXIMUS Z890 HERO,12399.8,LGA1851,ATX,192,4,Black,True,ASUS
Gigabyte B850 EAGLE WIFI7 ICE,6857.79,AM5,ATX,256,4,White,True,Gigabyte
ASRock B450M Pro4,,AM4,Micro ATX,128,4,Black / Silver,False,ASRock
ASRock B650M PG Lightning,3859.8,AM5,Micro ATX,256,4,Silver / Black,True,ASRock
Gigabyte B650E AORUS STEALTH ICE,8440.8,AM5,ATX,192,4,White / Silver,True,Gigabyte
MSI PRO H610M-G WIFI DDR4,2399.79,LGA1700,Micro ATX,64,2,Black / Silver,True,MSI
Gigabyte B850M EAGLE WIFI6E ICE,3299.8,AM5,Micro ATX,256,4,White,True,Gigabyte
ASRock A520M-ITX/ac,3000.2,AM4,Mini ITX,64,2,Black / Silver,True,ASRock
ASRock B850 Pro RS,3559.8,AM5,ATX,256,4,Silver / Black,True,ASRock
Gigabyte Z390 AORUS PRO WIFI,5999.8,LGA1151,ATX,128,4,Black / Silver,True,Gigabyte
Asus PRIME B650M-A II-CSM,3199.8,AM5,Micro ATX,192,4,Silver / Black,True,ASUS
MSI MPG X670E CARBON WIFI,9599.79,AM5,ATX,192,4,Black,True,MSI
Gigabyte B560M DS3H AC,,LGA1200,Micro ATX,128,4,Black,False,Gigabyte
ASRock Z790 Lightning WiFi,,LGA1700,ATX,256,4,Silver / Black,False,ASRock
Asus PRIME A520M-A II/CSM,1577.2,AM4,Micro ATX,128,4,Silver / Black,True,ASUS
Asus X870 AYW GAMING WIFI W,4399.8,AM5,ATX,256,4,White / Silver,True,ASUS
ASRock H470M-HVS,1199.8,LGA1200,Micro ATX,64,2,Black / Silver,True,ASRock
ASRock A620M Pro RS,3083.2,AM5,Micro ATX,256,4,Silver / Black,True,ASRock
MSI MAG B860 TOMAHAWK WIFI,3399.8,LGA1851,ATX,256,4,Black / Yellow,True,MSI
MSI MPG B650 EDGE WIFI,3599.8,AM5,ATX,192,4,Black / Silver,True,MSI
Asus ROG STRIX B760-A GAMING WIFI,4599.8,LGA1700,ATX,192,4,Silver / Black,True,ASUS
Asus TUF GAMING B650M-PLUS,,AM5,Micro ATX,192,4,Black,False,ASUS
ASRock B450M/AC,1685.8,AM4,Micro ATX,64,4,Black,True,ASRock
Asus ROG STRIX B850-G GAMING WIFI,5199.8,AM5,Micro ATX,256,4,White,True,ASUS
ASRock B650 Pro RS WiFi,3219.6,AM5,ATX,256,4,Silver / Black,True,ASRock
Gigabyte H610M H V3 DDR4,2618.6,LGA1700,Micro ATX,64,2,Black / Silver,True,Gigabyte
Asus ROG STRIX Z790-F GAMING WIFI II,11599.8,LGA1700,ATX,192,4,Black,True,ASUS
Asus PRIME B650M-K,3765.4,AM5,Micro ATX,96,2,Silver / Black,True,ASUS
MSI MAG B760M MORTAR WIFI II,3999.6,LGA1700,Micro ATX,192,4,Silver / Black,True,MSI
Asus PRIME A620M-K,2892.6,AM5,Micro ATX,96,2,Black / Silver,True,ASUS
Asus PRIME Z390-P,3773.0,LGA1151,ATX,128,4,Silver / Black,True,ASUS
Gigabyte H410M H V2,2172.19,LGA1200,Micro ATX,64,2,Gray / Black,True,Gigabyte
MSI MEG X670E ACE,7399.8,AM5,EATX,192,4,Black / Gold,True,MSI
Asus PRIME B550M-A AC,2199.79,AM4,Micro ATX,128,4,Black / Silver,True,ASUS
MSI B450 Gaming Plus MAX,3240.0,AM4,ATX,128,4,Red / Black,True,MSI
Asus TUF GAMING B550-PLUS,4141.0,AM4,ATX,128,4,Black,True,ASUS
ASRock A520M-HVS,1713.4,AM4,Micro ATX,64,2,Black / Silver,True,ASRock
Asus PRIME B450M-A,2555.6,AM4,Micro ATX,64,4,Black,True,ASUS
NZXT N7 Z790,5999.8,LGA1700,ATX,192,4,White / Black,True,NZXT
MSI PRO Z790-P WIFI DDR4,4100.0,LGA1700,ATX,128,4,Black / Silver,True,MSI
Gigabyte A520 AORUS ELITE,2702.8,AM4,ATX,128,4,Black / Orange,True,Gigabyte
Gigabyte A620M GAMING X,3779.8,AM5,Micro ATX,192,4,Brown / Gray,True,Gigabyte
Gigabyte Z790 AORUS PRO X WIFI7,5999.8,LGA1700,ATX,192,4,Black,True,Gigabyte
Asus ROG STRIX X670E-A GAMING WIFI,5299.8,AM5,ATX,192,4,Silver / Black,True,ASUS
ASRock B850 Pro RS WiFi,3799.8,AM5,ATX,256,4,Silver / Black,True,ASRock
MSI MPG Z790 EDGE WIFI,4180.0,LGA1700,ATX,192,4,Silver / Black,True,MSI
Gigabyte B650M GAMING X AX,,AM5,Micro ATX,192,4,Black,False,Gigabyte
Gigabyte B450 AORUS PRO WIFI (rev. 1.0),4545.2,AM4,ATX,64,4,Black / Silver,True,Gigabyte
Gigabyte B550M DS3H R2,,AM4,Micro ATX,128,4,Black,False,Gigabyte
Gigabyte B850M AORUS ELITE WIFI6E,6143.0,AM5,Micro ATX,256,4,Black,True,Gigabyte
ASRock B450 Pro4 R2.0,2598.19,AM4,ATX,128,4,Black,True,ASRock
Asus PRIME B660-PLUS D4,3599.8,LGA1700,ATX,128,4,Silver / Black,True,ASUS
MSI MEG Z890 GODLIKE,21639.8,LGA1851,EATX,256,4,Black,True,MSI
Biostar B450MHP,,AM4,Micro ATX,64,2,Black / Silver,False,Biostar
ASRock B550M Pro RS,,AM4,Micro ATX,128,4,White,False,ASRock
ASRock B550M Phantom Gaming 4,1999.8,AM4,Micro ATX,128,4,Black,True,ASRock
MSI PRO B860M-A WIFI,3199.8,LGA1851,Micro ATX,256,4,Silver / Black,True,MSI
Asus ROG Crosshair VIII Dark Hero,14611.2,AM4,ATX,128,4,Black / Silver,True,ASUS
MSI PRO B760-P II,4787.6,LGA1700,ATX,256,4,Black / Silver,True,MSI
Asus ROG STRIX X670E-F GAMING WIFI,8360.0,AM5,ATX,192,4,Black / Silver,True,ASUS
MSI MPG X570 GAMING EDGE WIFI,,AM4,ATX,128,4,Black / Silver,False,MSI
Gigabyte B850 AORUS STEALTH ICE,5299.8,AM5,ATX,256,4,White,True,Gigabyte
MSI MPG Z490 GAMING EDGE WIFI,8777.6,LGA1200,ATX,128,4,Black / Silver,True,MSI
Gigabyte B850 EAGLE ICE,5435.2,AM5,ATX,256,4,White,True,Gigabyte
Gigabyte B850M D3HP,3934.4,AM5,Micro ATX,256,4,Gray / Black,True,Gigabyte
Gigabyte H610I,2599.8,LGA1700,Mini ITX,64,2,Black,True,Gigabyte
MSI PRO Z790-VC WIFI,3599.8,LGA1700,ATX,192,4,Black,True,MSI
Asus ROG MAXIMUS Z790 HERO,13110.8,LGA1700,ATX,192,4,Black,True,ASUS
MSI Z890 GAMING PLUS WIFI,5339.8,LGA1851,ATX,256,4,Black,True,MSI
ASRock B860 Pro-A,2799.8,LGA1851,ATX,256,4,Black,True,ASRock
Asus ROG STRIX Z890-A GAMING WIFI,7841.6,LGA1851,ATX,256,4,White,True,ASUS
Gigabyte TRX40 AORUS MASTER,10600.0,sTRX4,EATX,256,8,Black / Silver,True,Gigabyte
Asus PRIME H610M-K D4,2301.19,LGA1700,Micro ATX,64,2,Silver / Black,True,ASUS
ASRock Z790M-ITX WIFI,3999.8,LGA1700,Mini ITX,96,2,Black,True,ASRock
Asus PRIME B550M-K,2700.0,AM4,Micro ATX,128,4,Black / White,True,ASUS
Supermicro MBD-X10DAX,18000.0,2 x LGA2011-3,EATX,2048,16,Green / Black,True,Supermicro
Asus PRIME B760M-A WIFI D4,,LGA1700,Micro ATX,128,4,Silver / Black,False,ASUS
Asus ROG STRIX Z390-E GAMING,6800.0,LGA1151,ATX,128,4,Black,True,ASUS
Asus PRIME B450-PLUS,3366.2,AM4,ATX,64,4,Black / Silver,True,ASUS
Asus TUF GAMING B560M-PLUS WIFI,,LGA1200,Micro ATX,128,4,Gold / Black,False,ASUS
Gigabyte B450M DS3H V2,,AM4,Micro ATX,128,4,Black,False,Gigabyte
Asus ROG MAXIMUS Z890 EXTREME,16980.0,LGA1851,EATX,192,4,Black,True,ASUS
Asus Z890 AYW GAMING WIFI W,4399.8,LGA1851,ATX,192,4,White,True,ASUS
Asus PRIME H510M-K,2160.0,LGA1200,Micro ATX,64,2,Black / Silver,True,ASUS
NZXT N7 B650E,,AM5,ATX,128,4,Black,False,NZXT
Gigabyte GA-A320M-S2H,,AM4,Micro ATX,64,2,Black,False,Gigabyte
ASRock TRX40 Creator,,sTRX4,ATX,256,8,Black / Silver,False,ASRock
Asus ProArt X670E-CREATOR WIFI,,AM5,ATX,192,4,Black / Copper,False,ASUS
Asus TUF GAMING Z690-PLUS WIFI,4399.8,LGA1700,ATX,192,4,Black / Gray,True,ASUS
MSI MAG Z690 TOMAHAWK WIFI DDR4,7980.0,LGA1700,ATX,128,4,Black / Silver,True,MSI
MSI A320M-A PRO,,AM4,Micro ATX,64,2,Black,False,MSI
Gigabyte B850 AI TOP,6399.8,AM5,ATX,256,4,Black,True,Gigabyte
ASRock B760 Pro RS,3535.0,LGA1700,ATX,192,4,Silver / Black,True,ASRock
NZXT N7 Z790,5426.2,LGA1700,ATX,192,4,Black,True,NZXT
Gigabyte H610M K V2,2294.79,LGA1700,Micro ATX,96,2,Brown / Black,True,Gigabyte
Asus PRIME Z790-A WIFI,5999.8,LGA1700,ATX,192,4,Black / Silver,True,ASUS
Gigabyte B550 EAGLE,2949.0,AM4,ATX,128,4,Black,True,Gigabyte
NZXT N7 B550,,AM4,ATX,128,4,White / Black,False,NZXT
MSI MPG X570 GAMING PLUS,10244.4,AM4,ATX,128,4,Black / Red,True,MSI
Asus PRIME B660M-A WIFI D4,,LGA1700,Micro ATX,128,4,Silver / Black,False,ASUS
Gigabyte X570 AORUS ELITE WIFI,7360.0,AM4,ATX,128,4,Black,True,Gigabyte
ASRock B550M Steel Legend,3296.8,AM4,Micro ATX,128,4,Silver / Black,True,ASRock
Asus PRIME B650M-R,3648.39,AM5,Micro ATX,96,2,Silver / Black,True,ASUS
Asus ROG STRIX Z790-E GAMING WIFI II,8904.0,LGA1700,ATX,192,4,Black,True,ASUS
Asus X870 MAX GAMING WIFI7 W,4716.8,AM5,ATX,256,4,White,True,ASUS
ASRock X670E Steel Legend,10244.79,AM5,ATX,256,4,Black / White,True,ASRock
Gigabyte X670 GAMING X AX V2,4599.0,AM5,ATX,192,4,Black / Gray,True,Gigabyte
Asus PRIME B760-PLUS D4,3459.8,LGA1700,ATX,128,4,Silver / Black,True,ASUS
Gigabyte B550M DS3H AC R2,2199.79,AM4,Micro ATX,128,4,Black,True,Gigabyte
ASRock X570 Phantom Gaming-ITX/TB3,,AM4,Mini ITX,64,2,Black / Silver,False,ASRock
MSI PRO Z690-A WIFI,,LGA1700,ATX,192,4,Black / Silver,False,MSI
Asus PRIME X570-P,7165.8,AM4,ATX,128,4,Black / White,True,ASUS
Gigabyte B450 AORUS M,,AM4,Micro ATX,128,4,Black / Gray,False,Gigabyte
MSI PRO A620M-B,3222.6,AM5,Micro ATX,128,2,Black,True,MSI
Gigabyte H610M K DDR4,,LGA1700,Micro ATX,64,2,Black,False,Gigabyte
Asus ROG STRIX B550-I GAMING,,AM4,Mini ITX,64,2,Black,False,ASUS
MSI Z490-A PRO,,LGA1200,ATX,128,4,Black / Silver,False,MSI
MSI B450 TOMAHAWK MAX II,,AM4,ATX,128,4,Black / Silver,False,MSI
Asus ProArt Z790-CREATOR WIFI,13876.6,LGA1700,ATX,192,4,Black / Copper,True,ASUS
MSI PRO B760-VC WIFI IV,3399.8,LGA1700,ATX,256,4,Black / Silver,True,MSI
Asus ROG STRIX B550-F GAMING (WI-FI),,AM4,ATX,128,4,Black,False,ASUS
MSI B550M-A PRO,,AM4,Micro ATX,64,2,Black,False,MSI
Asus ROG STRIX Z890-H GAMING WIFI,6599.8,LGA1851,ATX,256,4,Black,True,ASUS
Asus TUF GAMING B760M-BTF WIFI,4799.8,LGA1700,Micro ATX,192,4,Black,True,ASUS
MSI MPG Z890I EDGE TI WIFI,6599.0,LGA1851,Mini ITX,128,2,White,True,MSI
Gigabyte B660M DS3H DDR4,,LGA1700,Micro ATX,128,4,Black,False,Gigabyte
Asus TUF GAMING B550M-PLUS,3159.8,AM4,Micro ATX,128,4,Black,True,ASUS
ASRock B760M Pro RS,,LGA1700,Micro ATX,192,4,Silver / Black,False,ASRock
Asus TUF GAMING X570-PRO WIFI II,,AM4,ATX,128,4,Black,False,ASUS
Gigabyte H610I DDR4,3222.6,LGA1700,Mini ITX,64,2,Black / Gray,True,Gigabyte
Gigabyte TRX40 AORUS PRO WIFI,9520.0,sTRX4,ATX,256,8,Black / Orange,True,Gigabyte
Asus PRIME X670E-PRO WIFI,6999.8,AM5,ATX,192,4,Silver / Black,True,ASUS
Asus PRIME B560M-A,4399.8,LGA1200,Micro ATX,128,4,Silver / Black,True,ASUS
Asus PRIME H610M-A WIFI D4,,LGA1700,Micro ATX,64,2,Black / Silver,False,ASUS
ASRock B760M-ITX/D4 WiFi,4316.39,LGA1700,Mini ITX,64,2,Silver / Black,True,ASRock
ASRock B550M-C,,AM4,Micro ATX,128,4,Black / Silver,False,ASRock
Asus PRO H610M-CT D4-CSM,1799.8,LGA1700,Micro ATX,64,2,Green / Black,True,ASUS
Gigabyte B450 AORUS ELITE,,AM4,ATX,64,4,Black / Silver,False,Gigabyte
ASRock A320M-HDV R4.0,,AM4,Micro ATX,32,2,Black / White,False,ASRock
ASRock B850M Pro-A,3982.6,AM5,Micro ATX,256,4,Black,True,ASRock
MSI MPG B760I EDGE WIFI,4399.8,LGA1700,Mini ITX,96,2,Black / Silver,True,MSI
MSI MPG Z390 GAMING EDGE AC,5924.8,LGA1151,ATX,128,4,Black / Silver,True,MSI
MSI X470 GAMING PLUS MAX,3999.8,AM4,ATX,128,4,Black,True,MSI
MSI MAG B550M MORTAR WIFI,,AM4,Micro ATX,128,4,Silver / Black,False,MSI
Asus TUF GAMING B450M-PLUS II,3299.8,AM4,Micro ATX,128,4,Black,True,ASUS
MSI PRO B840M-B,3155.4,AM5,Micro ATX,128,2,Black,True,MSI
ASRock Z790 PG SONIC,3199.8,LGA1700,ATX,192,4,Black / Blue,True,ASRock
Asus TUF GAMING Z790-PLUS WIFI D4,4599.8,LGA1700,ATX,128,4,Black,True,ASUS
Gigabyte B650 UD AX (rev. 1.0),3399.8,AM5,ATX,192,4,Black / Gray,True,Gigabyte
Asus PRIME B650M-A WIFI II-CSM,,AM5,Micro ATX,192,4,Silver / Black,False,ASUS
MSI MPG Z790 EDGE TI MAX WIFI,7980.0,LGA1700,ATX,192,4,Silver / Black,True,MSI
Asus PRIME Z890M-PLUS WIFI,4599.8,LGA1851,Micro ATX,192,4,Black / Silver,True,ASUS
Asus Z790-AYW WIFI W,,LGA1700,ATX,192,4,White,False,ASUS
Asus PRIME A620-PLUS WIFI6,,AM5,ATX,192,4,Silver / Black,False,ASUS
Asus PRIME B550M-K ARGB,,AM4,Micro ATX,64,2,Black,False,ASUS
Gigabyte B760M DS3H AX DDR4,3576.2,LGA1700,Micro ATX,128,4,Black,True,Gigabyte
Gigabyte B760 GAMING X DDR4,7105.2,LGA1700,ATX,128,4,Black,True,Gigabyte
MSI MPG Z390 GAMING PLUS,5180.0,LGA1151,ATX,128,4,Black / Red,True,MSI
MSI MPG Z490 GAMING PLUS,6740.8,LGA1200,ATX,128,4,Black / Silver,True,MSI
Asus PRIME H510M-A,3041.8,LGA1200,Micro ATX,64,2,Black / Silver,True,ASUS
MSI B650M BOMBER WIFI,,AM5,Micro ATX,128,2,Black / Silver,False,MSI
Asus PRIME B760M-A WIFI-CSM,,LGA1700,Micro ATX,128,4,Silver / Black,False,ASUS
MSI B450-A PRO MAX,4814.59,AM4,ATX,64,4,Brown / Black,True,MSI
Asus PRIME Z890-P WIFI,4799.8,LGA1851,ATX,192,4,Black / Silver,True,ASUS
MSI MAG X570 TOMAHAWK WIFI,,AM4,ATX,128,4,Black,False,MSI
Gigabyte Z390 UD,3799.8,LGA1151,ATX,128,4,Black / Silver,True,Gigabyte
ASRock Z890I Nova WiFi,5999.8,LGA1851,Mini ITX,128,2,Black,True,ASRock
ASRock 970M PRO3,1399.6,AM3+/AM3,Micro ATX,64,4,Black,True,ASRock
ASRock Z790 Steel Legend WiFi,6380.0,LGA1700,ATX,192,4,Silver / Black,True,ASRock
Gigabyte X570 AORUS ELITE,6980.0,AM4,ATX,128,4,Black / Silver,True,Gigabyte
Asus TUF GAMING B850M-PLUS,6682.4,AM5,Micro ATX,192,4,Black,True,ASUS
Gigabyte B650 UD AC,3399.8,AM5,ATX,192,4,Black / Gray,True,Gigabyte
Gigabyte X670E AORUS PRO X,,AM5,ATX,192,4,White / Silver,False,Gigabyte
MSI MPG Z890 CARBON WIFI,9999.79,LGA1851,ATX,256,4,Black,True,MSI
Gigabyte B760M D3HP WIFI6,4640.2,LGA1700,Micro ATX,192,4,Gray / Black,True,Gigabyte
ASRock B450 Steel Legend,3440.0,AM4,ATX,64,4,Black / Silver,True,ASRock
Gigabyte B450 I AORUS PRO WIFI,,AM4,Mini ITX,64,2,Black / Silver,False,Gigabyte
ASRock B850M-X R2.0,,AM5,Micro ATX,128,2,Black / White,False,ASRock
Asus ROG MAXIMUS Z890 HERO BTF,13999.8,LGA1851,ATX,256,4,Black,True,ASUS
Asus PRIME Z270-A,,LGA1151,ATX,64,4,Black / White,False,ASUS
Asus ROG STRIX Z490-E GAMING,7273.2,LGA1200,ATX,128,4,Black,True,ASUS
Asus TUF GAMING A520M-PLUS II,2604.8,AM4,Micro ATX,128,4,Black,True,ASUS
MSI PRO B550-VC,,AM4,ATX,128,4,Black,False,MSI
Asus TUF GAMING B860M-PLUS WIFI,4199.8,LGA1851,Micro ATX,256,4,Black / Silver,True,ASUS
Gigabyte Z790 AORUS MASTER X,8880.0,LGA1700,EATX,192,4,Black,True,Gigabyte
ASRock B860M-X,2399.79,LGA1851,Micro ATX,128,2,Silver / Black,True,ASRock
MSI MPG B550 GAMING EDGE WIFI,,AM4,ATX,128,4,Black / Silver,False,MSI
Gigabyte A620M DS3H,,AM5,Micro ATX,192,4,Gray / Black,False,Gigabyte
ASRock X570 Phantom Gaming 4,5408.8,AM4,ATX,128,4,Black / Silver,True,ASRock
Gigabyte X570 I AORUS PRO WIFI,8000.0,AM4,Mini ITX,64,2,Black / Silver,True,Gigabyte
ASRock B450 Pro4,2431.0,AM4,ATX,64,4,Black / Silver,True,ASRock
Asus ROG STRIX Z690-A GAMING WIFI D4,6199.8,LGA1700,ATX,128,4,Silver / Black,True,ASUS
Gigabyte B860I AORUS PRO ICE,4199.8,LGA1851,Mini ITX,128,2,White / Silver,True,Gigabyte
ASRock B650E PG-ITX WIFI,6999.8,AM5,Mini ITX,96,2,Black / Red,True,ASRock
MSI B450M MORTAR MAX,,AM4,Micro ATX,128,4,Black,False,MSI
Gigabyte H610M S2H V2 DDR4,1999.8,LGA1700,Micro ATX,64,2,Black / Gray,True,Gigabyte
Asus PRIME X570-PRO,8580.0,AM4,ATX,128,4,Black / White,True,ASUS
Biostar B650MT,2500.0,AM5,Micro ATX,96,2,Black / Silver,True,Biostar
ASRock B550 Pro4,3239.8,AM4,ATX,128,4,Silver / Black,True,ASRock
MSI PRO B550M-P GEN3,1919.0,AM4,Micro ATX,128,4,Black,True,MSI
MSI MEG X570 UNIFY,7980.0,AM4,ATX,128,4,Black,True,MSI
Gigabyte H610M H V2,,LGA1700,Micro ATX,96,2,Brown / Black,False,Gigabyte
Asus X99-DELUXE II,11980.0,LGA2011-3,ATX,128,8,Black / White,True,ASUS
Asus ROG Strix X570-I Gaming,10779.8,AM4,Mini ITX,64,2,Black,True,ASUS
MSI PRO B660M-A WIFI DDR4,,LGA1700,Micro ATX,128,4,Black / Silver,False,MSI
MSI PRO Z790-S WIFI,3880.0,LGA1700,ATX,192,4,Black,True,MSI
Gigabyte B650M AORUS ELITE,4094.6,AM5,Micro ATX,192,4,Black,True,Gigabyte
ASRock B860 Pro RS WiFi,3199.8,LGA1851,ATX,256,4,Silver / Black,True,ASRock
ASRock X570 Phantom Gaming 4S,58901.2,AM4,ATX,128,4,Black,True,ASRock
Asus TUF GAMING B860-PLUS WIFI,4399.8,LGA1851,ATX,256,4,Black / Gray,True,ASUS
MSI Z370-A PRO,,LGA1151,ATX,64,4,Brown / Black,False,MSI
Asus ROG STRIX Z590-E GAMING WIFI,10298.0,LGA1200,ATX,128,4,Black,True,ASUS
Gigabyte H610M S2H V3 DDR4,2199.0,LGA1700,Micro ATX,64,2,Black / Silver,True,Gigabyte
Asus ROG MAXIMUS Z790 EXTREME,52172.0,LGA1700,EATX,192,4,Black,True,ASUS
Asus ROG STRIX Z890-F GAMING WIFI,7799.8,LGA1851,ATX,192,4,Black,True,ASUS
Gigabyte Z790 UD AC,3959.8,LGA1700,ATX,192,4,Black,True,Gigabyte
Gigabyte Z890M GAMING X,3399.8,LGA1851,Micro ATX,256,4,Silver / Black,True,Gigabyte
MSI H310M PRO-VDH PLUS,,LGA1151,Micro ATX,32,2,Black,False,MSI
Asus STRIX B350-F GAMING,,AM4,ATX,64,4,Black,False,ASUS
ASRock B860I Lightning WiFi,4399.8,LGA1851,Mini ITX,128,2,Black,True,ASRock
MSI PRO B650-VC WIFI,,AM5,ATX,192,4,Black / Silver,False,MSI
Gigabyte Z790 D AX,5315.2,LGA1700,ATX,192,4,Black / Gray,True,Gigabyte
MSI B450M MORTAR TITANIUM,,AM4,Micro ATX,64,4,White,False,MSI
Asus PRIME B840M-A WIFI-CSM,3599.8,AM5,Micro ATX,192,4,Silver / Black,True,ASUS
Asus TUF GAMING X570-PLUS,7776.6,AM4,ATX,128,4,Black / Gold,True,ASUS
Asus PROART B650-CREATOR,6604.2,AM5,ATX,192,4,Black / Copper,True,ASUS
Gigabyte H370N WIFI,,LGA1151,Mini ITX,32,2,,False,Gigabyte
Asus Z170-A,5639.6,LGA1151,ATX,64,4,Black / White,True,ASUS
Asus TUF GAMING B760-PLUS WIFI D4,,LGA1700,ATX,192,4,Black / Orange,False,ASUS
Asus Prime X470-Pro,,AM4,ATX,64,4,Black / White,False,ASUS
Asus ROG STRIX Z790-A GAMING WIFI D4,8159.0,LGA1700,ATX,128,4,Black / Silver,True,ASUS
Gigabyte B760 DS3H AX,3199.8,LGA1700,ATX,192,4,Gray / Black,True,Gigabyte
Gigabyte B840M DS3H,2752.6,AM5,Micro ATX,256,4,Gray / Black,True,Gigabyte
Gigabyte B650M DS3H,4196.6,AM5,Micro ATX,192,4,Brown / Black,True,Gigabyte
Asus PRIME B760M-K D4,5818.0,LGA1700,Micro ATX,64,2,Silver / Black,True,ASUS
Gigabyte B860 GAMING X WIFI6E,3599.8,LGA1851,ATX,256,4,Silver / Black,True,Gigabyte
Gigabyte B760M H DDR4,,LGA1700,Micro ATX,64,2,Brown / Gray,False,Gigabyte
Asus ROG STRIX X670E-I GAMING WIFI,,AM5,Mini ITX,96,2,Black / Silver,False,ASUS
Asus PRIME X870-P,7265.8,AM5,ATX,192,4,Black / Silver,True,ASUS
Asus ROG STRIX B760-F GAMING WIFI,9558.79,LGA1700,ATX,192,4,Black,True,ASUS
MSI PRO Z890-S WIFI PZ,4199.8,LGA1851,ATX,256,4,Silver,True,MSI
ASRock B760M-HDV/M.2 D4,2501.0,LGA1700,Micro ATX,64,2,Silver / Black,True,ASRock
Asus PRIME X670-P WIFI,5399.8,AM5,ATX,192,4,Silver / Black,True,ASUS
Gigabyte B760M D3HP DDR4,2897.4,LGA1700,Micro ATX,128,4,Black / Gray,True,Gigabyte
Asus B760M-AYW WIFI,,LGA1700,Micro ATX,96,2,Silver / Black,False,ASUS
Asus TUF Gaming Z590-PLUS WIFI,6770.0,LGA1200,ATX,128,4,Silver / Black,True,ASUS
ASRock B760M Steel Legend WiFi,4643.8,LGA1700,Micro ATX,192,4,Silver / Black,True,ASRock
Asus PRIME B550M-A,2925.4,AM4,Micro ATX,128,4,Black / White,True,ASUS
Gigabyte Z890 UD WIFI6E,3795.8,LGA1851,ATX,256,4,Black / Gray,True,Gigabyte
MSI B450 GAMING PRO CARBON MAX WIFI,,AM4,ATX,128,4,Black,False,MSI
ASRock Z890 Pro-A WiFi,3999.8,LGA1851,ATX,256,4,Black / Silver,True,ASRock
MSI MAG B760 TOMAHAWK WIFI DDR4,3799.8,LGA1700,ATX,128,4,Black,True,MSI
Asus ROG Crosshair VIII Hero (WI-FI),14380.0,AM4,ATX,128,4,Black,True,ASUS
MSI PRO H610M-G WIFI,,LGA1700,Micro ATX,96,2,Black,False,MSI
MSI PRO B850M-A WIFI,3999.8,AM5,Micro ATX,128,4,Black / Silver,True,MSI
MSI B450M GAMING PLUS,,AM4,Micro ATX,64,2,Black / Red,False,MSI
Asus PRIME B660M-K D4,2897.4,LGA1700,Micro ATX,64,2,Silver / Black,True,ASUS
Asus ROG MAXIMUS Z790 FORMULA,,LGA1700,ATX,192,4,Silver / Black,False,ASUS
Gigabyte B860 AORUS ELITE WIFI7 ICE,3799.8,LGA1851,ATX,256,4,White / Silver,True,Gigabyte
MSI MPG Z690 EDGE WIFI DDR4,7739.8,LGA1700,ATX,128,4,Black / Gray,True,MSI
Asus PRIME Z790-V WIFI,,LGA1700,ATX,192,4,Black / Silver,False,ASUS
Gigabyte B365M DS3H WIFI,,LGA1151,Micro ATX,64,4,Black,False,Gigabyte
MSI PRO Z690-A WIFI DDR4,,LGA1700,ATX,128,4,Black / Silver,False,MSI
Gigabyte GA-H270N-WIFI,4588.8,LGA1151,Mini ITX,32,2,Black / Silver,True,Gigabyte
MSI PRO B760M-A WIFI,,LGA1700,Micro ATX,192,4,Black,False,MSI
Gigabyte Z890 AORUS ELITE WIFI7 ICE,4399.8,LGA1851,ATX,256,4,White / Silver,True,Gigabyte
Gigabyte B850M EAGLE WIFI6E,3299.8,AM5,Micro ATX,256,4,Black,True,Gigabyte
MSI MAG X570S TOMAHAWK MAX WIFI,,AM4,ATX,128,4,Black,False,MSI
Gigabyte H610M S2H V2,,LGA1700,Micro ATX,96,2,Black / Silver,False,Gigabyte
MSI A520M PRO,2376.6,AM4,Micro ATX,64,2,Black,True,MSI
MSI X570-A PRO,,AM4,ATX,128,4,Black / Silver,False,MSI
Asus TUF GAMING A620M-PLUS,,AM5,Micro ATX,192,4,Black / Orange,False,ASUS
Asus PRIME Z490-P,6100.0,LGA1200,ATX,128,4,Black / Silver,True,ASUS
Asus ROG STRIX Z690-F GAMING WIFI,5500.0,LGA1700,ATX,192,4,Black / Silver,True,ASUS
ASRock Z77 Extreme4,,LGA1155,ATX,32,4,Brown / Black,False,ASRock
Asus PRIME B760M-A D4,2999.8,LGA1700,Micro ATX,128,4,Silver / Black,True,ASUS
ASRock A520M/ac,,AM4,Micro ATX,64,2,Black / Silver,False,ASRock
Gigabyte Z790M AORUS ELITE AX,3999.8,LGA1700,Micro ATX,192,4,Black / Silver,True,Gigabyte
Gigabyte B760M AORUS ELITE AX,4251.39,LGA1700,Micro ATX,192,4,Black / Silver,True,Gigabyte
Asus ROG Strix X570-E Gaming,10780.0,AM4,ATX,128,4,Black,True,ASUS
ASRock Z790 Pro RS,3539.8,LGA1700,ATX,192,4,Silver / Black,True,ASRock
Gigabyte Z790 GAMING X AX,3999.8,LGA1700,ATX,192,4,Black,True,Gigabyte
MSI MAG B550M MORTAR MAX WIFI,3199.8,AM4,Micro ATX,128,4,Silver / Black,True,MSI
Asus TUF GAMING Z890-PRO WIFI,5440.0,LGA1851,ATX,192,4,White,True,ASUS
ASRock B550 PG Riptide,3791.39,AM4,ATX,128,4,Black / Silver,True,ASRock
Asus PRIME Z690-P WIFI D4,,LGA1700,ATX,128,4,Silver / Black,False,ASUS
ASRock B550M PG RIPTIDE,,AM4,Micro ATX,128,4,,False,ASRock
MSI B760M BOMBER WIFI,,LGA1700,Micro ATX,128,2,Black,False,MSI
MSI B860M GAMING PLUS WIFI,3599.8,LGA1851,Micro ATX,256,4,Silver / Black,True,MSI
MSI B450M-A PRO MAX,,AM4,Micro ATX,64,2,Black,False,MSI
ASRock Z790 Nova WiFi,8907.6,LGA1700,ATX,192,4,Black,True,ASRock
ASRock B760M PG SONIC WiFi,,LGA1700,Micro ATX,192,4,Blue / Silver,False,ASRock
Gigabyte B450 AORUS ELITE V2,6020.0,AM4,ATX,128,4,Black,True,Gigabyte
MSI B460M PRO-VDH WIFI,,LGA1200,Micro ATX,128,4,Black,False,MSI
MAXSUN Challenger B650M WIFI ICE,,AM5,Micro ATX,96,2,White,False,MAXSUN
Asus Prime Z370-A,,LGA1151,ATX,64,4,Black / Silver,False,ASUS
MSI B450 GAMING PRO CARBON AC,,AM4,ATX,128,4,Black,False,MSI
Gigabyte B760M GAMING X AX,,LGA1700,Micro ATX,192,4,Brown / Black,False,Gigabyte
Asus TUF GAMING Z690-PLUS WIFI D4,,LGA1700,ATX,128,4,Black / Silver,False,ASUS
MSI MPG Z390 GAMING PRO CARBON,7350.2,LGA1151,ATX,128,4,Black / Silver,True,MSI
Asus ROG STRIX TRX40-XE GAMING,,sTRX4,ATX,256,8,Black,False,ASUS
ASRock B860M-X WiFi,2599.8,LGA1851,Micro ATX,128,2,Silver / Black,True,ASRock
Asus ROG MAXIMUS XI HERO (WI-FI),9368.4,LGA1151,ATX,128,4,Black,True,ASUS
MSI PRO B760-VC WIFI,,LGA1700,ATX,192,4,Black,False,MSI
Asus ROG STRIX Z890-I GAMING WIFI,8399.79,LGA1851,Mini ITX,96,2,Black,True,ASUS
Gigabyte B860 EAGLE WIFI6E,3399.8,LGA1851,ATX,256,4,Gray / Black,True,Gigabyte
Asus PRIME B850-PLUS WIFI,3999.8,AM5,ATX,256,4,Black / Silver,True,ASUS
Gigabyte Z890 AORUS MASTER,9680.2,LGA1851,ATX,256,4,Black / Silver,True,Gigabyte
Asus TUF GAMING Z790-BTF WIFI,5999.8,LGA1700,ATX,192,4,Silver / Black,True,ASUS
Asus PRIME Z790-P,5747.79,LGA1700,ATX,192,4,Silver / Black,True,ASUS
Asus ROG STRIX Z790-F GAMING WIFI,8859.6,LGA1700,ATX,192,4,Black,True,ASUS
MSI PRO H610M-S WIFI DDR4,,LGA1700,Micro ATX,64,2,Black,False,MSI
MSI MPG B760M EDGE TI WIFI,4399.8,LGA1700,Micro ATX,192,4,Silver / Black,True,MSI
Gigabyte B450M S2H,,AM4,Micro ATX,32,2,Black,False,Gigabyte
MSI MAG B660 TOMAHAWK WIFI DDR4,,LGA1700,ATX,128,4,Black / Silver,False,MSI
Gigabyte B760 DS3H,,LGA1700,ATX,192,4,Gray / Black,False,Gigabyte
ASRock A620M-HDV/M.2+,2973.39,AM5,Micro ATX,96,2,Gray / Black,True,ASRock
Asus ROG STRIX Z370-E GAMING,7500.0,LGA1151,ATX,64,4,Black / Silver,True,ASUS
ASRock Z390 Phantom Gaming 4,3999.8,LGA1151,ATX,128,4,Black / Silver,True,ASRock
Asus STRIX Z270-E GAMING,,LGA1151,ATX,64,4,Black / Silver,False,ASUS
MSI PRO Z890-A WIFI,5799.8,LGA1851,ATX,256,4,Black / Silver,True,MSI
Asus PRIME H310M-E R2.0,,LGA1151,Micro ATX,32,2,Black,False,ASUS
Asus ROG STRIX Z690-I GAMING WIFI,8580.0,LGA1700,Mini ITX,96,2,Black / Silver,True,ASUS
Asus TUF GAMING B660M-PLUS WIFI D4,4580.0,LGA1700,Micro ATX,128,4,Black / Orange,True,ASUS
MSI MAG B660M MORTAR WIFI DDR4,,LGA1700,Micro ATX,128,4,Silver / Black,False,MSI
Asus PRIME H610M-E D4-CSM,1999.8,LGA1700,Micro ATX,64,2,Silver / Black,True,ASUS
Gigabyte Z390 GAMING X,5160.0,LGA1151,ATX,128,4,Black / Red,True,Gigabyte
Gigabyte X570SI AORUS PRO AX,,AM4,Mini ITX,64,2,Black / Silver,False,Gigabyte
Asus PRIME B650M-A AX6 II,,AM5,Micro ATX,192,4,Silver / Black,False,ASUS
Asus Prime B760M-K,,LGA1700,Micro ATX,96,2,Silver / Black,False,ASUS
ASRock Z890M Riptide WiFi,4822.0,LGA1851,Micro ATX,256,4,Black / Silver,True,ASRock
MSI PRO H610M-E,3023.39,LGA1700,Micro ATX,96,2,Black,True,MSI
Asus PRIME B360M-A,,LGA1151,Micro ATX,64,4,Silver / Black,False,ASUS
Gigabyte Z790 D,4781.2,LGA1700,ATX,192,4,Black / Gray,True,Gigabyte
MSI B450M PRO-M2 MAX,,AM4,Micro ATX,32,2,Black,False,MSI
ASRock B760I Lightning WiFi,6559.8,LGA1700,Mini ITX,96,2,Black,True,ASRock
Asus TUF GAMING B760M-PLUS II,4831.39,LGA1700,Micro ATX,192,4,Black,True,ASUS
Asus P5QL-VM DO/CSM,,LGA775,Micro ATX,16,4,Black / Yellow,False,ASUS
Asus PRIME A620M-A-CSM,2599.8,AM5,Micro ATX,192,4,Silver / Black,True,ASUS
ASRock B860 Pro RS,2999.8,LGA1851,ATX,256,4,Silver / Black,True,ASRock
Asus TUF GAMING B760M-PLUS WIFI D4,5237.39,LGA1700,Micro ATX,128,4,Black / Orange,True,ASUS
Gigabyte B760M GAMING X DDR4,,LGA1700,Micro ATX,128,4,Black,False,Gigabyte
Asus TUF GAMING A620-PRO WIFI,,AM5,ATX,192,4,Black,False,ASUS
ASRock Fatal1ty B450 Gaming-ITX/ac,,AM4,Mini ITX,64,2,Black / Silver,False,ASRock
Gigabyte B450M DS3H V3 (rev. 1.5),,AM4,ATX,128,4,Black / Gray,False,Gigabyte
ASRock A320M/ac,,AM4,Micro ATX,32,2,White / Black,False,ASRock
Gigabyte B650M K,3900.0,AM5,Micro ATX,192,4,Brown / Silver,True,Gigabyte
MSI X470 GAMING PLUS,,AM4,ATX,128,4,Red / Black,False,MSI
Asus PRIME B365M-A,3425.4,LGA1151,Micro ATX,64,4,Black / Silver,True,ASUS
Asus PRIME A620M-E-CSM,,AM5,Micro ATX,96,2,Black / Silver,False,ASUS
Asus H61M-K,,LGA1155,Micro ATX,16,2,Black / Blue,False,ASUS
MSI PRO B760-P DDR4 II,,LGA1700,ATX,128,4,Black,False,MSI
ASRock B550 Steel Legend,4107.0,AM4,ATX,128,4,Silver / Black,True,ASRock
Asus ROG Strix B450-I Gaming,,AM4,Mini ITX,64,2,Black / Silver,False,ASUS
Intel DQ77MK,,LGA1155,Micro ATX,32,4,Green / Blue,False,Intel
MSI Z97-GAMING 5,,LGA1150,ATX,32,4,Black / Red,False,MSI
Gigabyte B650 AERO G,4599.8,AM5,ATX,192,4,Black / Silver,True,Gigabyte
Asus ROG Strix X570-F Gaming,9673.4,AM4,ATX,128,4,Black,True,ASUS
Gigabyte GA-AB350-GAMING 3,5599.8,AM4,ATX,64,4,Black / Red,True,Gigabyte
MSI B350 TOMAHAWK,,AM4,ATX,64,4,Black / Red,False,MSI
Asus ROG STRIX Z790-H GAMING WIFI,9599.79,LGA1700,ATX,192,4,Black,True,ASUS
Gigabyte B460M DS3H AC,,LGA1200,Micro ATX,128,4,Black / Silver,False,Gigabyte
MSI Z590 PRO WIFI,7629.8,LGA1200,ATX,128,4,Black,True,MSI
ASRock B560M-C,,LGA1200,Micro ATX,128,4,Black,False,ASRock
Gigabyte X870M AORUS ELITE WIFI7,,AM5,Micro ATX,256,4,Black,False,Gigabyte
Gigabyte Z890 AORUS XTREME AI TOP,19999.8,LGA1851,EATX,256,4,Black,True,Gigabyte
MSI MEG Z890 ACE,12199.8,LGA1851,ATX,256,4,Black / Gold,True,MSI
MSI PRO Z790-A WIFI,,LGA1700,ATX,192,4,Black / Silver,False,MSI
MSI PRO X670-P WIFI,,AM5,ATX,192,4,Black / White,False,MSI
MSI MPG Z790I EDGE WIFI,6199.8,LGA1700,Mini ITX,96,2,Silver / Black,True,MSI
Gigabyte B860M AORUS ELITE WIFI6E,3799.8,LGA1851,Micro ATX,256,4,Black,True,Gigabyte
Asus ROG STRIX X470-F Gaming,,AM4,ATX,64,4,Black,False,ASUS
MSI MAG Z790 TOMAHAWK WIFI DDR4,6999.8,LGA1700,ATX,128,4,Black,True,MSI
Asus ROG STRIX B660-I GAMING WIFI,4714.8,LGA1700,Mini ITX,96,2,Black / Silver,True,ASUS
Gigabyte X670E AORUS MASTER (rev. 1.0),,AM5,EATX,192,4,Black / Silver,False,Gigabyte
ASRock B760 Pro RS WiFi White,,LGA1700,ATX,192,4,White,False,ASRock
ASRock B365M Pro4,,LGA1151,Micro ATX,64,4,Black / Silver,False,ASRock
Gigabyte B760I AORUS PRO DDR4,4199.8,LGA1700,Mini ITX,64,2,Black / Gray,True,Gigabyte
Gigabyte B760M GAMING WIFI PLUS,,LGA1700,Micro ATX,96,2,Silver / Black,False,Gigabyte
MSI B350 TOMAHAWK ARCTIC,,AM4,ATX,64,4,White,False,MSI
Gigabyte X470 AORUS ULTRA GAMING,,AM4,ATX,64,4,Black / Orange,False,Gigabyte
Gigabyte B550 AORUS PRO AC,6129.8,AM4,ATX,128,4,Black / Orange,True,Gigabyte
ASRock B650E PG RIPTIDE WIFI,,AM5,ATX,256,4,Black / Blue,False,ASRock
Biostar H610MT-E,2107.19,LGA1700,Micro ATX,64,2,Black,True,Biostar
Asus TUF B450-PLUS GAMING,4377.79,AM4,ATX,64,4,Black / Gold,True,ASUS
Gigabyte B760 GAMING X,,LGA1700,ATX,192,4,Black / Gray,False,Gigabyte
Asus TUF GAMING B650M-E,5102.0,AM5,Micro ATX,192,4,Black,True,ASUS
MSI B560M PRO-E,3599.8,LGA1200,Micro ATX,64,2,Black,True,MSI
MSI A320M-A PRO MAX,,AM4,Micro ATX,32,2,Black,False,MSI
ASRock X870 Pro-A WiFi,3999.8,AM5,ATX,256,4,Black,True,ASRock
Asus ROG STRIX Z790-I GAMING WIFI,,LGA1700,Mini ITX,96,2,Black,False,ASUS
Asus Z170 PRO GAMING,,LGA1151,ATX,64,4,Black / Red,False,ASUS
Asus PRIME B350-PLUS,,AM4,ATX,64,4,Black / Red,False,ASUS
Asus ROG MAXIMUS Z890 APEX,12199.8,LGA1851,ATX,96,2,White,True,ASUS
MSI Z270-A PRO,8719.79,LGA1151,ATX,64,4,Brown / Black,True,MSI
ASRock Z690M-ITX/ax,,LGA1700,Mini ITX,64,2,Silver / Black,False,ASRock
Asus PRIME A520M-R,,AM4,Micro ATX,64,2,Silver / Black,False,ASUS
Gigabyte B760M D3HP,3203.8,LGA1700,Micro ATX,192,4,Black / Gray,True,Gigabyte
Supermicro X11SCL-IF,5199.8,LGA1151,Mini ITX,64,2,Green,True,Supermicro
MSI MPG X570 GAMING PRO CARBON WIFI,7997.79,AM4,ATX,128,4,Black / Silver,True,MSI
NZXT N7 B550,,AM4,ATX,128,4,Black,False,NZXT
Asus PRIME B860-PLUS WIFI,3599.8,LGA1851,ATX,256,4,Silver / Black,True,ASUS
Asus TUF B450M-PLUS GAMING,5780.0,AM4,Micro ATX,64,4,Black / Gold,True,ASUS
Asus PRIME B560-PLUS,,LGA1200,ATX,128,4,Silver / Black,False,ASUS
MSI MPG Z790 CARBON WIFI,9599.79,LGA1700,ATX,192,4,Black,True,MSI
Asus TUF Z390-PLUS GAMING (WI-FI),5980.0,LGA1151,ATX,128,4,Black / Gold,True,ASUS
Asus Prime X299-A II,4919.8,LGA2066,ATX,256,8,Silver / Black,True,ASUS
Asus Z10PE-D16 WS,,2 x LGA2011-3,SSI EEB,1024,16,Black / Gold,False,ASUS
MSI MPG Z890 EDGE TI WIFI,7399.8,LGA1851,ATX,256,4,Silver / White,True,MSI
Asus PRIME H610M-K,,LGA1700,Micro ATX,96,2,Black,False,ASUS
MSI X99S SLI Plus,,LGA2011-3,ATX,128,8,Black,False,MSI
Gigabyte Z890I AORUS ULTRA,6399.8,LGA1851,Mini ITX,128,2,Black,True,Gigabyte
Gigabyte B760 DS3H AC DDR4,,LGA1700,ATX,128,4,Black,False,Gigabyte
Asus ROG STRIX Z390-F GAMING,,LGA1151,ATX,128,4,Black,False,ASUS
MSI PRO B650-VC WIFI II,,AM5,ATX,96,2,Black / White,False,MSI
ASRock X570 Taichi,,AM4,ATX,128,4,Black / Silver,False,ASRock
ASRock Z790I Lightning WiFi,8859.6,LGA1700,Mini ITX,96,2,Black,True,ASRock
MSI Creator X299,2999.8,LGA2066,EATX,256,8,Black / Silver,True,MSI
MSI MPG B650 CARBON WIFI,,AM5,ATX,192,4,Black,False,MSI
Gigabyte B560 DS3H AC,,LGA1200,ATX,128,4,Brown / Black,False,Gigabyte
ASRock H610M-HVS/M.2 R2.0,2094.6,LGA1700,Micro ATX,64,2,Black / Silver,True,ASRock
Asus PRIME Z790M-PLUS,5919.0,LGA1700,Micro ATX,192,4,Silver / Black,True,ASUS
MSI PRO B660M-A DDR4,5780.0,LGA1700,Micro ATX,128,4,Black / Silver,True,MSI
Gigabyte B365M DS3H,,LGA1151,Micro ATX,64,4,Black,False,Gigabyte
ASRock B650M PG RIPTIDE,3719.8,AM5,Micro ATX,256,4,Black,True,ASRock
Gigabyte B760 DS3H AX DDR4,3912.0,LGA1700,ATX,128,4,Black,True,Gigabyte
MSI B450I GAMING PLUS AC,,AM4,Mini ITX,64,2,Black / Red,False,MSI
Asus ROG STRIX B550-E GAMING,,AM4,ATX,128,4,Black,False,ASUS
MSI B550M PRO-VDH WIFI (CEC),,AM4,Micro ATX,128,4,Black,False,MSI
MSI B350M BAZOOKA,2360.0,AM4,Micro ATX,64,4,Black / White,True,MSI
MSI H61M-P31/W8,,LGA1155,Micro ATX,16,2,Black / Blue,False,MSI
Gigabyte Z790 AORUS MASTER,10419.79,LGA1700,EATX,192,4,Black / Silver,True,Gigabyte
NZXT N7-Z69XT-B1,5999.8,LGA1700,ATX,128,4,Black,True,NZXT
Asus ROG CROSSHAIR X670E EXTREME,,AM5,EATX,192,4,Black / Silver,False,ASUS
MSI H510M-A PRO,,LGA1200,Micro ATX,64,2,Black,False,MSI
ASRock Z790 PG LIGHTNING,3888.6,LGA1700,ATX,192,4,Black,True,ASRock
Gigabyte H310M M.2 2.0,,LGA1151,Micro ATX,32,2,Gray / Black,False,Gigabyte
Gigabyte B460M DS3H V2,3831.2,LGA1200,Micro ATX,128,4,Brown / Black,True,Gigabyte
Gigabyte B660 DS3H DDR4,4066.8,LGA1700,ATX,128,4,Black,True,Gigabyte
Asus PRIME B660M-A AC D4,,LGA1700,Micro ATX,128,4,Silver / Black,False,ASUS
Asus TUF B365M-PLUS GAMING,,LGA1151,Micro ATX,64,4,Black / Yellow,False,ASUS
MSI MEG X670E GODLIKE,,AM5,EATX,192,4,Black,False,MSI
MSI MAG B860M MORTAR WIFI,3799.8,LGA1851,Micro ATX,256,4,Black / Green,True,MSI
Gigabyte Z890 GAMING X WIFI7,5199.8,LGA1851,ATX,256,4,Silver / Black,True,Gigabyte
Gigabyte X670E AORUS XTREME (rev. 1.0),18999.8,AM5,EATX,256,4,Black,True,Gigabyte
Asus ROG MAXIMUS Z790 APEX ENCORE,,LGA1700,ATX,96,2,Black,False,ASUS
NZXT N9 Z890,8999.79,LGA1851,ATX,192,4,Black,True,NZXT
MSI PRO Z890-S WIFI WHITE,4199.8,LGA1851,ATX,256,4,White,True,MSI
Asus ROG CROSSHAIR X670E GENE,,AM5,Micro ATX,96,2,Black / Silver,False,ASUS
MSI B450M BAZOOKA MAX WIFI,,AM4,Micro ATX,128,4,Black / Silver,False,MSI
Asus PRIME Z590-P,,LGA1200,ATX,128,4,Silver / Black,False,ASUS
MSI MPG B550I GAMING EDGE WIFI,,AM4,Mini ITX,64,2,Black / Silver,False,MSI
Gigabyte X570S AORUS ELITE AX,,AM4,ATX,128,4,Black / Silver,False,Gigabyte
ASRock B650M-C,,AM5,Micro ATX,256,4,Black,False,ASRock
ASRock X670E PG Lightning,7470.4,AM5,ATX,256,4,Black,True,ASRock
Gigabyte B550 VISION D-P,,AM4,ATX,128,4,White / Black,False,Gigabyte
Gigabyte A620M GAMING X AX,,AM5,Micro ATX,192,4,Brown / Gray,False,Gigabyte
Gigabyte H810M H,2049.6,LGA1851,Micro ATX,128,2,Gray / Black,True,Gigabyte
MSI Z590-A PRO,5999.8,LGA1200,ATX,128,4,Black,True,MSI
ASRock B860 LiveMixer WiFi,2799.8,LGA1851,ATX,256,4,Silver / Black,True,ASRock
Asus ROG STRIX B660-A GAMING WIFI D4,6100.0,LGA1700,ATX,128,4,Silver / Black,True,ASUS
Biostar B450MH,2198.0,AM4,Micro ATX,32,2,Black / Yellow,True,Biostar
Asus Z97-A,6999.8,LGA1150,ATX,32,4,Black / Gold,True,ASUS
Asus PRIME B250M-A,,LGA1151,Micro ATX,64,4,Black / White,False,ASUS
Gigabyte A620M H (rev. 1.0),,AM5,Micro ATX,96,2,Black,False,Gigabyte
ASRock B660M-C,,LGA1700,Micro ATX,128,4,Black,False,ASRock
Biostar AM1MH,,AM1,Micro ATX,16,2,Black / Yellow,False,Biostar
Gigabyte Z690 AORUS ELITE AX DDR4,7540.0,LGA1700,ATX,128,4,Black / Silver,True,Gigabyte
MSI MPG B550 GAMING CARBON WIFI,7520.0,AM4,ATX,128,4,Black / Silver,True,MSI
Gigabyte B550M AORUS PRO-P,4229.8,AM4,Micro ATX,128,4,Black,True,Gigabyte
Asus PRIME B460M-A,,LGA1200,Micro ATX,128,4,Silver / Black,False,ASUS
Asus X99-M WS,,LGA2011-3,Micro ATX,64,4,Black / Silver,False,ASUS
MAXSUN eSport B650ITX WIFI ICE,,AM5,Mini ITX,96,2,White / Black,False,MAXSUN
Gigabyte X570 AORUS MASTER,10600.0,AM4,ATX,128,4,Black / Silver,True,Gigabyte
ASRock B650E STEEL LEGEND WIFI,,AM5,ATX,256,4,Black / Silver,False,ASRock
MSI MAG B550M MORTAR,,AM4,Micro ATX,128,4,Black / Silver,False,MSI
ASRock B650 LiveMixer,,AM5,ATX,256,4,Orange / Black,False,ASRock
MSI B850 GAMING PLUS WIFI PZ,4999.8,AM5,ATX,256,4,Silver / Turquoise,True,MSI
Gigabyte Z890 AI TOP,10999.8,LGA1851,EATX,256,4,Gray / Black,True,Gigabyte
Gigabyte B650M C V3 (rev. 1.0),,AM5,Micro ATX,192,4,Black / Gray,False,Gigabyte
Asus ROG ZENITH EXTREME ALPHA,14380.0,sTR4,EATX,128,8,Black,True,ASUS
Asus PRIME Z690-P D4,,LGA1700,ATX,128,4,Silver / Black,False,ASUS
Asus PRIME H510M-E,,LGA1200,Micro ATX,64,2,Silver / Black,False,ASUS
Gigabyte X570S GAMING X,,AM4,ATX,128,4,Black / Silver,False,Gigabyte
Supermicro X10SLL-F,5480.0,LGA1150,Micro ATX,32,4,Black / Green,True,Supermicro
Asus PRIME H810M-A-CSM,2399.79,LGA1851,Micro ATX,128,2,Silver / Black,True,ASUS
MSI B360M BAZOOKA,,LGA1151,Micro ATX,64,4,Black / White,False,MSI
MSI B365M PRO-VDH,,LGA1151,Micro ATX,64,4,Black / Silver,False,MSI
ASRock B760M-C,,LGA1700,Micro ATX,192,4,Black / Silver,False,ASRock
ASRock B860 Lightning WiFi,2999.8,LGA1851,ATX,256,4,Black,True,ASRock
Gigabyte H810M GAMING WIFI6,2799.8,LGA1851,Micro ATX,128,2,Black / Silver,True,Gigabyte
MSI Z790 GAMING PRO WIFI,,LGA1700,ATX,192,4,Black,False,MSI
ASRock AB350 Pro4,,AM4,ATX,64,4,Black / White,False,ASRock
Gigabyte B860M DS3H WIFI6E,3610.2,LGA1851,Micro ATX,256,4,Silver / Black,True,Gigabyte
Asus MAXIMUS VIII HERO,,LGA1151,ATX,64,4,Black / Red,False,ASUS
Asus TUF GAMING B550-PRO,,AM4,ATX,128,4,Black,False,ASUS
Gigabyte Z790 AORUS ELITE AX ICE,,LGA1700,ATX,192,4,Silver / White,False,Gigabyte
MSI B450 Gaming Plus,3599.8,AM4,ATX,64,4,Red / Black,True,MSI
MSI MAG Z490 TOMAHAWK,,LGA1200,ATX,128,4,Black / Silver,False,MSI
Asus PRIME B760M-R D4,,LGA1700,Micro ATX,64,2,Black,False,ASUS
Gigabyte B840M EAGLE WIFI6,,AM5,Micro ATX,128,2,Silver / Black,False,Gigabyte
Gigabyte X570 GAMING X,,AM4,ATX,128,4,Black / Silver,False,Gigabyte
ASRock X570 Steel Legend,6293.8,AM4,ATX,128,4,Black / Silver,True,ASRock
Asus PRIME H610M-A D4-CSM,2199.79,LGA1700,Micro ATX,64,2,Silver / Black,True,ASUS
Gigabyte Z890 AERO D,18780.0,LGA1851,EATX,256,4,White,True,Gigabyte
Asus PRIME B450M-K,,AM4,Micro ATX,32,2,Black,False,ASUS
Asus PRIME Z590-A,,LGA1200,ATX,128,4,Silver / Black,False,ASUS
ASRock X670E Taichi,,AM5,EATX,256,4,Black,False,ASRock
ASRock Z390 Phantom Gaming 4S,,LGA1151,ATX,128,4,Black,False,ASRock
Asus Pro B550M-C/CSM,2896.6,AM4,Micro ATX,128,4,Green,True,ASUS
Asus ROG STRIX B760-G GAMING WIFI,,LGA1700,Micro ATX,192,4,Silver / Black,False,ASUS
Gigabyte B760 DS3H AC,4078.8,LGA1700,ATX,192,4,Gray / Black,True,Gigabyte
MSI B860 GAMING PLUS WIFI,4055.6,LGA1851,ATX,256,4,Silver / Black,True,MSI
ASRock Z790 Pro RS/D4,4199.8,LGA1700,ATX,128,4,Silver / Black,True,ASRock
Asus ROG MAXIMUS Z690 HERO,14580.0,LGA1700,ATX,192,4,Black / Silver,True,ASUS
Asus TUF GAMING B550-PLUS (WI-FI),5780.0,AM4,ATX,128,4,Black,True,ASUS
Asus TUF GAMING B660-PLUS WIFI D4,,LGA1700,ATX,128,4,Yellow / Black,False,ASUS
Gigabyte GA-A320M-H,,AM4,Micro ATX,32,2,Black,False,Gigabyte
MSI PRO B760M-E DDR4,,LGA1700,Micro ATX,64,2,Black,False,MSI
Asus PRIME X870-P WIFI-CSM,,AM5,ATX,192,4,Black / Silver,False,ASUS
Gigabyte A520M DS3H AC,2470.0,AM4,Micro ATX,128,4,Black,True,Gigabyte
ASRock B650E Taichi Lite,,AM5,EATX,256,4,Black / Gray,False,ASRock
ASRock B860 Steel Legend WiFi,3999.8,LGA1851,ATX,256,4,White / Silver,True,ASRock
NZXT N9 Z890,8999.79,LGA1851,ATX,192,4,White,True,NZXT
Asus TUF GAMING Z490-PLUS (WI-FI),7400.0,LGA1200,ATX,128,4,Black,True,ASUS
Asus PRIME Z690-A,,LGA1700,ATX,192,4,Silver / Black,False,ASUS
Gigabyte GA-Z270P-D3,5320.0,LGA1151,ATX,64,4,Black / Gold,True,Gigabyte
Asus ROG MAXIMUS XII HERO (WI-FI),9800.0,LGA1200,ATX,128,4,Black,True,ASUS
Gigabyte B660M DS3H AX DDR4,,LGA1700,Micro ATX,128,4,Black,False,Gigabyte
Gigabyte GA-H81M-DS2V,,LGA1150,Micro ATX,16,2,Black,False,Gigabyte
Asus B850M MAX GAMING WIFI,,AM5,ATX,256,4,Black / Silver,False,ASUS
MSI MEG Z890 UNIFY-X,10222.6,LGA1851,ATX,128,2,Black,True,MSI
Gigabyte Z390 I AORUS PRO WIFI,6430.0,LGA1151,Mini ITX,64,2,Black / Silver,True,Gigabyte
ASRock H610M-H2/M.2 D5,,LGA1700,Micro ATX,96,2,Black / Silver,False,ASRock
ASRock Z890 Pro-A,3799.8,LGA1851,ATX,256,4,Black / Silver,True,ASRock
Gigabyte B860 DS3H WIFI6E,2799.8,LGA1851,ATX,256,4,Silver / Black,True,Gigabyte
ASRock Z890 Steel Legend WiFi,5199.8,LGA1851,ATX,256,4,Silver,True,ASRock
Asus ROG MAXIMUS Z690 FORMULA,8189.4,LGA1700,ATX,192,4,Silver / Black,True,ASUS
Gigabyte Z790 GAMING PLUS AX,3919.8,LGA1700,ATX,192,4,Black / Gray,True,Gigabyte
Gigabyte B760M DS3H WIFI6E GEN5,,LGA1700,Micro ATX,256,4,Black / Silver,False,Gigabyte
MSI MAG B365M MORTAR,6780.0,LGA1151,Micro ATX,64,4,Black,True,MSI
Gigabyte B450M GAMING,,AM4,Micro ATX,32,2,Red / Black,False,Gigabyte
Gigabyte Z690 GAMING X DDR4,7349.8,LGA1700,ATX,128,4,Black / Gray,True,Gigabyte
Asus PRIME Z790-P WIFI D4,8176.2,LGA1700,ATX,128,4,Black / Silver,True,ASUS
MSI Z370 GAMING PLUS,,LGA1151,ATX,64,4,Black / Red,False,MSI
Gigabyte Z390 AORUS ELITE,4604.8,LGA1151,ATX,128,4,Black / Silver,True,Gigabyte
Asus Prime Z370-P,5980.0,LGA1151,ATX,64,4,Black / Silver,True,ASUS
Asus PRIME B350M-A,,AM4,Micro ATX,64,4,Black / Silver,False,ASUS
MSI B350M GAMING PRO,,AM4,Micro ATX,32,2,Black / Red,False,MSI
Asus TUF GAMING B650EM-E WIFI,4199.8,AM5,Micro ATX,256,4,Black,True,ASUS
Asus ROG STRIX Z390-I GAMING,7980.0,LGA1151,Mini ITX,64,2,Black / Silver,True,ASUS
Asus TUF GAMING X670E-PLUS,,AM5,ATX,192,4,Black / Orange,False,ASUS
Asus PRIME H810M-A WIFI-CSM,2599.8,LGA1851,Micro ATX,128,2,Silver / Black,True,ASUS
Gigabyte B550 AORUS ELITE,4929.8,AM4,ATX,128,4,Black / Silver,True,Gigabyte
MSI PRO Z890-S WIFI,4599.8,LGA1851,ATX,256,4,Black / Silver,True,MSI
ASRock Z890 Taichi,8754.79,LGA1851,ATX,256,4,Black / Gold,True,ASRock
Gigabyte Z390 AORUS MASTER,6179.8,LGA1151,ATX,128,4,Black / Silver,True,Gigabyte
Gigabyte B450 AORUS PRO,,AM4,ATX,64,4,Black / Silver,False,Gigabyte
Gigabyte GA-B85M-D3H,,LGA1150,Micro ATX,32,4,Black / Gray,False,Gigabyte
MSI B840M GAMING PLUS WIFI6E,4449.39,AM5,Micro ATX,256,4,Silver,True,MSI
NZXT N7 Z590,,LGA1200,ATX,128,4,White,False,NZXT
Gigabyte X570S AORUS MASTER,11514.4,AM4,ATX,128,4,Black / Silver,True,Gigabyte
Asus PRIME B840M-A-CSM,4203.2,AM5,Micro ATX,192,4,Silver / Black,True,ASUS
MSI B450-A PRO,,AM4,ATX,64,4,Brown / Black,False,MSI
Gigabyte B760 AORUS ELITE AX,4980.0,LGA1700,ATX,192,4,Black,True,Gigabyte
MSI MEG Z790 ACE MAX,,LGA1700,EATX,192,4,Black,False,MSI
Asus ROG Crosshair VIII Hero,,AM4,ATX,128,4,Black,False,ASUS
ASRock B860M Pro-A WiFi,2999.8,LGA1851,Micro ATX,256,4,Black,True,ASRock
MSI B850M GAMING PLUS WIFI6E,4943.39,AM5,Micro ATX,256,4,Silver / White,True,MSI
ASRock H310CM-HDV,,LGA1151,Micro ATX,32,2,Black,False,ASRock
ASRock A320M-HDV,,AM4,Micro ATX,32,2,Black / Silver,False,ASRock
Gigabyte B360M DS3H,,LGA1151,Micro ATX,64,4,Silver / Black,False,Gigabyte
ASRock Z890 LiveMixer WiFi,4799.8,LGA1851,ATX,256,4,Silver / Black,True,ASRock
Asus ROG Strix X299-E Gaming II,,LGA2066,ATX,256,8,Black,False,ASUS
ASRock B450M-HDV,2999.8,AM4,Micro ATX,32,2,Black / Silver,True,ASRock
Biostar A320MH,,AM4,Micro ATX,32,2,Black / Yellow,False,Biostar
Gigabyte Z790 AORUS XTREME X ICE,,LGA1700,EATX,192,4,White,False,Gigabyte
ASRock B860 Pro-A WiFi,3760.0,LGA1851,ATX,256,4,Black,True,ASRock
Gigabyte Z590I AORUS ULTRA,7780.0,LGA1200,Mini ITX,64,2,Black,True,Gigabyte
NZXT N7-Z69XT-W1,6041.2,LGA1700,ATX,128,4,White / Black,True,NZXT
Asus PRIME X370-PRO,,AM4,ATX,64,4,Black / White,False,ASUS
Gigabyte Z390 AORUS ULTRA,,LGA1151,ATX,128,4,Black / Silver,False,Gigabyte
Gigabyte B840M AORUS ELITE WIFI6E,,AM5,Micro ATX,256,4,Black / Gray,False,Gigabyte
ASRock B760M Pro RS/D4 WiFi,3445.6,LGA1700,Micro ATX,128,4,Silver / Black,True,ASRock
Asus PRIME B860M-A WIFI-CSM,3399.8,LGA1851,Micro ATX,256,4,Silver / Black,True,ASUS
Gigabyte B760M DS3H,,LGA1700,Micro ATX,192,4,Black / Silver,False,Gigabyte
Asus WS X299 SAGE/10G,11999.8,LGA2066,SSI CEB,128,8,Black / Silver,True,ASUS
MSI MPG Z690 CARBON WIFI,,LGA1700,ATX,192,4,Black / Silver,False,MSI
Asus PRIME B760M-A AX6 II,,LGA1700,Micro ATX,192,4,Black / Silver,False,ASUS
MSI MPG Z790 CARBON WIFI II,8599.79,LGA1700,ATX,192,4,Black,True,MSI
MSI MEG Z790 GODLIKE MAX,,LGA1700,EATX,192,4,Black,False,MSI
Gigabyte Z790 AORUS ELITE X AX,,LGA1700,ATX,192,4,Black,False,Gigabyte
Asus ProArt B660-CREATOR D4,3999.0,LGA1700,ATX,128,4,Black,True,ASUS
Gigabyte B450M AORUS ELITE,,AM4,Micro ATX,128,4,Black / Orange,False,Gigabyte
Gigabyte B860M AORUS ELITE WIFI6E ICE,3799.8,LGA1851,Micro ATX,256,4,White / Silver,True,Gigabyte
Asus TUF GAMING B550M-PLUS (WI-FI),5480.0,AM4,Micro ATX,128,4,Black,True,ASUS
ASRock B450M Pro4-F,,AM4,Micro ATX,64,4,Black / Silver,False,ASRock
Gigabyte H510M S2H V3,,LGA1200,Micro ATX,64,2,Gray / Black,False,Gigabyte
Gigabyte H610M S2H,2362.0,LGA1700,Micro ATX,64,2,Brown / Silver,True,Gigabyte
MSI PRO B760-P WIFI,3799.8,LGA1700,ATX,192,4,Black / Silver,True,MSI
MSI B450I GAMING PLUS MAX WIFI,,AM4,Mini ITX,64,2,Black,False,MSI
Asus Strix B550-XE Gaming WiFi,7820.4,AM4,ATX,128,4,Black,True,ASUS
Asus ROG STRIX Z590-A GAMING WIFI,9560.0,LGA1200,ATX,128,4,Silver / Black,True,ASUS
Gigabyte X570 AORUS PRO WIFI,8960.0,AM4,ATX,128,4,Black / Silver,True,Gigabyte
Asus PRIME B550M-A/CSM,3780.0,AM4,Micro ATX,128,4,Black / White,True,ASUS
Asus PRIME Z490-A,,LGA1200,ATX,128,4,Black / Silver,False,ASUS
ASRock B550M/ac,,AM4,Micro ATX,128,4,Black / White,False,ASRock
Asus PRIME B650M-A AX6 II-CSM,,AM5,Micro ATX,192,4,Black,False,ASUS
ASRock Phantom Gaming Z890 Nova WiFi,6999.8,LGA1851,ATX,256,4,Black,True,ASRock
ASRock X670E Pro RS,11022.6,AM5,ATX,256,4,Black,True,ASRock
MSI MEG Z790 ACE,,LGA1700,EATX,192,4,Gold / Black,False,MSI
Asus PRIME A620-PLUS WIFI,,AM5,ATX,192,4,Silver / Black,False,ASUS
ASRock B365 Phantom Gaming 4,,LGA1151,ATX,128,4,Black / Red,False,ASRock
Gigabyte B840M D2H,3390.8,AM5,Micro ATX,128,2,Gray / Black,True,Gigabyte
Gigabyte Z590 AORUS ELITE AX,7558.0,LGA1200,ATX,128,4,Black,True,Gigabyte
Gigabyte B365 HD3,4500.0,LGA1151,ATX,64,4,Black / Silver,True,Gigabyte
ASRock X670E Taichi Carrara,,AM5,EATX,256,4,Black / White,False,ASRock
ASRock B360M Pro4,,LGA1151,Micro ATX,64,4,Black / Silver,False,ASRock
Asus TUF GAMING B460M-PLUS (WI-FI),,LGA1200,Micro ATX,128,4,Black / Gold,False,ASUS
MSI B450M MORTAR,,AM4,Micro ATX,64,4,Black,False,MSI
MSI B350 PC MATE,,AM4,ATX,64,4,Black,False,MSI
MSI B560M PRO-VDH WIFI,,LGA1200,Micro ATX,128,4,Black,False,MSI
Gigabyte B660 DS3H AC DDR4,,LGA1700,ATX,128,4,Black,False,Gigabyte
ASRock B760M Pro-A WiFi,,LGA1700,Micro ATX,192,4,White / Black,False,ASRock
Gigabyte GA-78LMT-USB3,,AM3+,Micro ATX,32,4,Blue / White,False,Gigabyte
Gigabyte B860M EAGLE PLUS WIFI6E,3199.8,LGA1851,Micro ATX,256,4,Black / Silver,True,Gigabyte
ASRock Z890 Lightning WiFi,4359.8,LGA1851,ATX,256,4,Black,True,ASRock
ASRock B760M-H/M.2,2287.4,LGA1700,Micro ATX,96,2,Silver / Black,True,ASRock
MSI MAG Z390 TOMAHAWK,7815.6,LGA1151,ATX,128,4,Black / Silver,True,MSI
Asus ROG MAXIMUS Z790 HERO BTF,,LGA1700,ATX,192,4,Black,False,ASUS
Asus PRIME B660M-A D4,,LGA1700,Micro ATX,128,4,Silver / Black,False,ASUS
ASRock X570M Pro4,,AM4,Micro ATX,128,4,Black / Silver,False,ASRock
MSI PRO H610M-G,2813.0,LGA1700,Micro ATX,96,2,Black,True,MSI
Asus ROG STRIX B860-G GAMING WIFI,7030.4,LGA1851,Micro ATX,256,4,White / Silver,True,ASUS
Gigabyte Z790 AORUS ELITE AX DDR4,5000.0,LGA1700,ATX,128,4,Black,True,Gigabyte
Gigabyte Z790 UD AX,6521.2,LGA1700,ATX,192,4,Black,True,Gigabyte
Gigabyte Z590 UD AC,6593.0,LGA1200,ATX,128,4,Black,True,Gigabyte
Asus P8Z77-V PRO,,LGA1155,ATX,32,4,Black / Blue,False,ASUS
MSI MPG X570S EDGE MAX WIFI,14695.8,AM4,ATX,128,4,Black / Silver,True,MSI
MSI Z270 GAMING PRO CARBON,,LGA1151,ATX,64,4,Black / Silver,False,MSI
Asus H81M-K,,LGA1150,Micro ATX,16,2,,False,ASUS
Gigabyte Z890 AORUS ELITE X ICE,5400.0,LGA1851,ATX,256,4,White / Silver,True,Gigabyte
MSI MPG Z690 FORCE WIFI,7980.0,LGA1700,ATX,192,4,Silver / Black,True,MSI
Gigabyte B760M C,4410.0,LGA1700,Micro ATX,192,4,Brown / Gray,True,Gigabyte
ASRock Z890 Pro RS WiFi White,4539.8,LGA1851,ATX,256,4,White / Silver,True,ASRock
Gigabyte GA-F2A55M-DS2,,FM2,Micro ATX,64,2,Blue / White,False,Gigabyte
Gigabyte B450 Gaming X,,AM4,ATX,64,4,Black / Red,False,Gigabyte
Gigabyte Z890 AORUS PRO ICE,6781.0,LGA1851,ATX,256,4,White / Silver,True,Gigabyte
Gigabyte Z370P D3,,LGA1151,ATX,64,4,Black / Silver,False,Gigabyte
Asus ROG STRIX B860-F GAMING WIFI,8400.8,LGA1851,ATX,256,4,Black,True,ASUS
MSI MPG Z490 GAMING CARBON WIFI,,LGA1200,ATX,128,4,Black / Silver,False,MSI
Gigabyte Z790I AORUS ULTRA,6683.6,LGA1700,Mini ITX,96,2,Silver / Black,True,Gigabyte
Asus PRIME Z370-P II,3980.0,LGA1151,ATX,64,4,Silver / Black,True,ASUS
ASRock Z370 Pro4,,LGA1151,ATX,64,4,Black / Silver,False,ASRock
Gigabyte B650 AORUS PRO AX,9977.4,AM5,ATX,192,4,Black,True,Gigabyte
ASRock B760M Pro RS/D4,,LGA1700,Micro ATX,128,4,Silver / Black,False,ASRock
MSI MPG B560I GAMING EDGE WIFI,,LGA1200,Mini ITX,64,2,Black,False,MSI
Gigabyte GA-A320M-S2H V2,,AM4,Micro ATX,32,2,Black,False,Gigabyte
ASRock Z890 Riptide WiFi,4399.8,LGA1851,ATX,256,4,Black,True,ASRock
Gigabyte X570 UD,5480.0,AM4,ATX,128,4,Black / Silver,True,Gigabyte
Intel DH61AG,3261.6,LGA1155,Thin Mini ITX,16,2,Black / Blue,True,Intel
Asus TUF GAMING B550M-E WIFI,,AM4,Micro ATX,128,4,Orange / Black,False,ASUS
ASRock Fatal1ty B450 GAMING K4,,AM4,ATX,64,4,Black / Silver,False,ASRock
Asus PRIME B550M-A (WI-FI),,AM4,Micro ATX,128,4,Black / White,False,ASUS
MSI 970 GAMING,,AM3+,ATX,32,4,Black / Red,False,MSI
MSI X370 GAMING PRO CARBON,,AM4,ATX,64,4,Black / Silver,False,MSI
Gigabyte Z790 AORUS ELITE DDR4,5116.2,LGA1700,ATX,128,4,Black,True,Gigabyte
MSI MAG B560M MORTAR WIFI,5999.8,LGA1200,Micro ATX,128,4,Black / White,True,MSI
Asus PRIME B850M-A WIFI,,AM5,Micro ATX,256,4,Black / Silver,False,ASUS
Gigabyte A520M DS3H,2169.19,AM4,Micro ATX,128,4,Black,True,Gigabyte
Gigabyte GA-H110M-A,,LGA1151,Micro ATX,32,2,Black,False,Gigabyte
Asus MAXIMUS VII HERO,,LGA1150,ATX,32,4,Black / Red,False,ASUS
Asus Z97-A/USB 3.1,8239.6,LGA1150,ATX,32,4,Black / Gold,True,ASUS
ASRock Z390 Pro4,6416.2,LGA1151,ATX,128,4,Black / Silver,True,ASRock
ASRock B650M-HDV/M.2 White,,AM5,Micro ATX,128,2,White,False,ASRock
ASRock X299 Taichi CLX,3999.8,LGA2066,ATX,256,8,Black / Silver,True,ASRock
Gigabyte B760M AORUS ELITE X AX,,LGA1700,Micro ATX,192,4,White / Silver,False,Gigabyte
MSI MAG B560 TOMAHAWK WIFI,,LGA1200,ATX,128,4,Black,False,MSI
Asus TUF GAMING X570-PRO (WI-FI),,AM4,ATX,128,4,Black / Gold,False,ASUS
MSI PRO B860-P WIFI,3799.8,LGA1851,ATX,256,4,Silver / Black,True,MSI
Gigabyte Z790 AERO G,8478.0,LGA1700,ATX,192,4,,True,Gigabyte
MSI MPG Z590 GAMING CARBON WIFI,7999.8,LGA1200,ATX,128,4,Black,True,MSI
ASRock B660M-ITX/ac,,LGA1700,Mini ITX,64,2,Silver / Black,False,ASRock
MSI Z170A GAMING M5,,LGA1151,ATX,64,4,Black / Red,False,MSI
ASRock B460M Pro4,,LGA1200,Micro ATX,128,4,Black / Silver,False,ASRock
Asus TUF B450M-PRO GAMING,,AM4,Micro ATX,64,4,Black,False,ASUS
MSI B450M PRO-VDH,,AM4,Micro ATX,128,4,Brown,False,MSI
Asus PRIME H310M-K,,LGA1151,Micro ATX,32,2,Black / Silver,False,ASUS
MSI MAG B550M BAZOOKA,,AM4,Micro ATX,128,4,Black / Silver,False,MSI
Asus B760M-AYW WIFI D4,,LGA1700,Micro ATX,64,2,Silver / Black,False,ASUS
Gigabyte Z490 UD,5860.0,LGA1200,ATX,128,4,Black / Silver,True,Gigabyte
Gigabyte B650E AORUS MASTER,,AM5,ATX,192,4,Black / Silver,False,Gigabyte
ASRock AB350M Pro4,,AM4,Micro ATX,64,4,Black / White,False,ASRock
ASRock B860M Pro-A,2799.8,LGA1851,Micro ATX,256,4,Black,True,ASRock
Asus TUF GAMING B660M-PLUS WIFI,5599.8,LGA1700,Micro ATX,192,4,Yellow / Black,True,ASUS
MSI B360 GAMING PLUS,,LGA1151,ATX,64,4,Black / Red,False,MSI
ASRock Z790M PG LIGHTNING/D4,3489.8,LGA1700,Micro ATX,128,4,Black,True,ASRock
ASRock Z890 Taichi AQUA,15139.8,LGA1851,EATX,256,4,White,True,ASRock
Gigabyte H510M H V2,,LGA1200,Micro ATX,64,2,Gray / Brown,False,Gigabyte
MSI B350M MORTAR ARCTIC,,AM4,Micro ATX,64,4,White,False,MSI
Asus Zenith II Extreme,,sTRX4,EATX,256,8,Black,False,ASUS
Asus PRIME H610M-A WIFI-CSM,,LGA1700,Micro ATX,96,2,Black,False,ASUS
MAXSUN H610M 666 WIFI6 ARGB,,LGA1700,Micro ATX,64,2,Black / Blue,False,MAXSUN
Gigabyte X570 AORUS ULTRA,,AM4,ATX,128,4,Black / Silver,False,Gigabyte
ASRock H610M-ITX/eDP,3598.0,LGA1700,Mini ITX,64,2,Silver / Black,True,ASRock
ASRock B550 Extreme4,3699.8,AM4,ATX,128,4,Blue / Black,True,ASRock
ASRock X399M Taichi,,sTR4,Micro ATX,64,4,Black,False,ASRock
Asus PRIME B650M-A WIFI,6968.4,AM5,Micro ATX,128,4,Silver / Black,True,ASUS
ASRock A320M,,AM4,Micro ATX,32,2,Black / Silver,False,ASRock
Gigabyte Z890 AORUS MASTER AI TOP,13999.6,LGA1851,EATX,256,4,Black / Silver,True,Gigabyte
ASRock Z790 Taichi Carrara,7838.2,LGA1700,EATX,192,4,White / Black,True,ASRock
Gigabyte Z690 UD AX DDR4,9435.59,LGA1700,ATX,128,4,Black,True,Gigabyte
Gigabyte GA-AB350M-DS3H,,AM4,Micro ATX,64,4,Black,False,Gigabyte
Gigabyte X299X AORUS MASTER,,LGA2066,EATX,256,8,Black / Orange,False,Gigabyte
ASRock A520M Pro4,1999.8,AM4,Micro ATX,128,4,Black / Silver,True,ASRock
Asus TUF GAMING B760M-E D4,,LGA1700,Micro ATX,128,4,Black / Orange,False,ASUS
Gigabyte B550 GAMING X,,AM4,ATX,128,4,Black / Silver,False,Gigabyte
MSI X99A XPOWER GAMING TITANIUM,,LGA2011-3,EATX,128,8,White / Black,False,MSI
Gigabyte B850M AORUS PRO WIFI7,,AM5,Micro ATX,256,4,Black,False,Gigabyte
Biostar B450NH,,AM4,Mini ITX,64,2,Black / Silver,False,Biostar
MSI MAG B460M MORTAR WIFI,,LGA1200,Micro ATX,128,4,Silver / Black,False,MSI
Gigabyte H510M H,,LGA1200,Micro ATX,64,2,Black,False,Gigabyte
MSI B250M BAZOOKA,,LGA1151,Micro ATX,64,4,Black / Gray,False,MSI
Gigabyte B550 AORUS ELITE AX V3 (rev. 1.5),,AM4,ATX,128,4,Black,False,Gigabyte
MSI MEG Z690 ACE,14737.6,LGA1700,EATX,192,4,Black / Gold,True,MSI
MSI MEG X570 ACE,9195.59,AM4,ATX,128,4,Black / Silver,True,MSI
MSI MPG Z390M GAMING EDGE AC,,LGA1151,Micro ATX,128,4,Black / Silver,False,MSI
ASRock B860M Pro RS WiFi,,LGA1851,Micro ATX,256,4,Silver / Black,False,ASRock
MSI Z97 PC MATE,,LGA1150,ATX,32,4,Black / Blue,False,MSI
Gigabyte Z890 AERO G,6399.8,LGA1851,ATX,256,4,Silver / White,True,Gigabyte
Gigabyte B860M D3HP,2599.8,LGA1851,Micro ATX,256,4,Silver / Black,True,Gigabyte
Gigabyte X570S AERO G,10558.0,AM4,ATX,128,4,Black / White,True,Gigabyte
Asus ROG Crosshair VIII Extreme,,AM4,EATX,128,4,Black,False,ASUS
MSI MPG Z390 GAMING PRO CARBON AC,,LGA1151,ATX,128,4,Black / Silver,False,MSI
MSI PRO B660-A DDR4,,LGA1700,ATX,128,4,Black / Silver,False,MSI
Gigabyte X570S AORUS ELITE,,AM4,ATX,128,4,Black,False,Gigabyte
Asus ROG Crosshair VIII Impact,11780.0,AM4,Mini DTX,64,2,Black,True,ASUS
ASRock Z790 LiveMixer,6163.2,LGA1700,ATX,192,4,Purple / Black,True,ASRock
Asus PRIME Z690-P WIFI,,LGA1700,ATX,192,4,Silver / Black,False,ASUS
MSI MAG Z590 TOMAHAWK WIFI,,LGA1200,ATX,128,4,Black,False,MSI
Asus PRIME B560M-A AC,,LGA1200,Micro ATX,128,4,Black / Silver,False,ASUS
Asus ROG STRIX Z390-H GAMING,,LGA1151,ATX,128,4,Black / Red,False,ASUS
ASRock Z790 Riptide WiFi,,LGA1700,ATX,192,4,Black,False,ASRock
Supermicro C9X299-PG300F,19900.0,LGA2066,ATX,256,8,Black,True,Supermicro
MSI PRO Z790-A WIFI DDR4,,LGA1700,ATX,128,4,Black / Silver,False,MSI
Asus MAXIMUS IX HERO,,LGA1151,ATX,64,4,Black / Silver,False,ASUS
MSI PRO Z690-A,,LGA1700,ATX,192,4,Black / Silver,False,MSI
ASRock Z370 Extreme4,15152.4,LGA1151,ATX,64,4,Black / Silver,True,ASRock
Asus PRIME H610M-E D4,3377.2,LGA1700,Micro ATX,64,2,Silver / Black,True,ASUS
MSI H81M-P33,,LGA1150,Micro ATX,16,2,Black / Blue,False,MSI
Asus X99-A II,,LGA2011-3,ATX,128,8,Black / White,False,ASUS
Asus CROSSHAIR VI HERO,,AM4,ATX,128,4,Black,False,ASUS
ASRock B860M Steel Legend WiFi,3599.8,LGA1851,Micro ATX,256,4,White / Silver,True,ASRock
Intel DG41TX,,LGA775,Micro ATX,4,2,Green / Blue,False,Intel
MSI MEG Z690 UNIFY,9999.79,LGA1700,ATX,192,4,Black / Silver,True,MSI
Gigabyte B560M DS3H V2,,LGA1200,Micro ATX,128,4,Black,False,Gigabyte
Asus TUF GAMING B850M-E WIFI,,AM5,Micro ATX,256,4,Black,False,ASUS
Asus PRO A520M-C II/CSM,1859.8,AM4,Micro ATX,64,2,Green / Black,True,ASUS
Asus TUF GAMING Z790-PLUS D4,6759.4,LGA1700,ATX,128,4,Black,True,ASUS
Asus Prime TRX40-Pro,,sTRX4,ATX,256,8,Black / White,False,ASUS
Gigabyte B450M H,,AM4,Micro ATX,32,2,Black,False,Gigabyte
Asus ROG STRIX Z790-A GAMING WIFI,,LGA1700,ATX,192,4,Silver / Black,False,ASUS
Asus TUF X470-PLUS GAMING,,AM4,ATX,64,4,Black,False,ASUS
MSI PRO B660M-A WIFI,,LGA1700,Micro ATX,192,4,Black / Silver,False,MSI
Asus ROG STRIX B760-A GAMING WIFI D4,7639.8,LGA1700,ATX,128,4,Silver / Black,True,ASUS
Gigabyte Z690 AORUS ELITE AX,,LGA1700,ATX,192,4,Black,False,Gigabyte
Asus PRIME B860-PLUS WIFI-CSM,3599.8,LGA1851,ATX,256,4,Silver / Black,True,ASUS
Asus ROG STRIX B860-A GAMING WIFI,6392.4,LGA1851,ATX,256,4,White / Silver,True,ASUS
Gigabyte H610M S2H DDR4,3460.0,LGA1700,Micro ATX,64,2,Black / Gray,True,Gigabyte
Gigabyte Z490 AORUS XTREME,20378.0,LGA1200,EATX,128,4,Black / Silver,True,Gigabyte
Gigabyte Z370 AORUS Gaming 7 (rev. 1.0),,LGA1151,ATX,64,4,Black / Silver,False,Gigabyte
Asus ProArt X570-CREATOR WIFI,,AM4,ATX,128,4,Black,False,ASUS
Gigabyte GA-B75M-D3H,,LGA1155,Micro ATX,32,4,Blue / White,False,Gigabyte
Colorful CVN B650M GAMING FROZEN V14,,AM5,Micro ATX,192,4,White / Silver,False,Colorful
Asus PRIME B850M-A-CSM,,AM5,Micro ATX,256,4,Black / Silver,False,ASUS
Gigabyte Z890M AORUS ELITE WIFI7,,LGA1851,Micro ATX,256,4,Black,False,Gigabyte
ASRock X570 Pro4,,AM4,ATX,128,4,Black / Silver,False,ASRock
Gigabyte A520M H,,AM4,Micro ATX,64,2,Black,False,Gigabyte
Colorful CVN X570M GAMING FROZEN V14,,AM4,Micro ATX,128,4,White,False,Colorful
ASRock Z890 Pro RS WiFi,3899.8,LGA1851,ATX,256,4,Silver / Black,True,ASRock
Asus TUF GAMING B760M-PLUS WIFI,,LGA1700,Micro ATX,192,4,Black / Orange,False,ASUS
Asus ProArt B760-CREATOR WIFI,,LGA1700,ATX,192,4,Black,False,ASUS
Asus Prime X299-Deluxe II,20760.8,LGA2066,ATX,128,8,White / Black,True,ASUS
Asus ROG MAXIMUS XIII HERO,,LGA1200,ATX,128,4,Black,False,ASUS
Gigabyte A520M K,,AM4,Micro ATX,64,2,Brown / Black,False,Gigabyte
Asus TUF GAMING B560-PLUS WIFI,,LGA1200,ATX,128,4,Black,False,ASUS
MSI B550-A PRO (CEC),,AM4,ATX,128,4,Black,False,MSI
Supermicro MBD-X10DAL-I-O,14500.0,2 x LGA2011-3,ATX,512,8,Black / Green,True,Supermicro
MSI MPG X570S CARBON MAX WIFI,12943.8,AM4,ATX,128,4,Black / Silver,True,MSI
MSI B460M-A PRO,,LGA1200,Micro ATX,64,2,Black,False,MSI
MSI MAG Z690 TOMAHAWK WIFI,,LGA1700,ATX,192,4,Black / Silver,False,MSI
Asus PRIME B760M-PLUS,4358.6,LGA1700,Micro ATX,192,4,Silver / Black,True,ASUS
ASRock Z790 PG-ITX/TB4,,LGA1700,Mini ITX,96,2,Black,False,ASRock
Asus PRIME H410M-E,,LGA1200,Micro ATX,64,2,Black,False,ASUS
Asus ROG STRIX X870E-H GAMING WIFI7,,AM5,ATX,256,4,Black,False,ASUS
MSI MPG B550I GAMING EDGE MAX WIFI,,AM4,Mini ITX,64,2,Black,False,MSI
Asus ROG Crosshair VII Hero,,AM4,ATX,64,4,Black,False,ASUS
MSI MEG Z690I UNIFY,,LGA1700,Mini ITX,96,2,Black / Silver,False,MSI
Gigabyte B650M H,,AM5,Micro ATX,96,2,Black / Gray,False,Gigabyte
Gigabyte Z790 EAGLE,5221.2,LGA1700,ATX,192,4,Gray / Black,True,Gigabyte
ASRock Z68M/USB3,1911.0,LGA1155,Micro ATX,16,2,,True,ASRock
MSI PRO Z690-P DDR4,3399.8,LGA1700,ATX,128,4,Black / Silver,True,MSI
Biostar G41U3G,,LGA775,Micro ATX,8,2,Black / Red,False,Biostar
Asus PRIME H310-PLUS,,LGA1151,ATX,32,2,Black,False,ASUS
Gigabyte Z590 VISION G,7700.0,LGA1200,ATX,128,4,Black / White,True,Gigabyte
Gigabyte Z370 HD3 (rev. 1.0),4720.0,LGA1151,ATX,64,4,Black / Gray,True,Gigabyte
ASRock B650E TAICHI,,AM5,EATX,256,4,Black,False,ASRock
Gigabyte B550 AORUS MASTER,8139.8,AM4,ATX,128,4,Black / Silver,True,Gigabyte
Gigabyte B660 GAMING X DDR4,,LGA1700,ATX,128,4,Black,False,Gigabyte
MSI PRO-B660M-A-CEC-WIFI-DDR4,,LGA1700,Micro ATX,128,4,Black / Silver,False,MSI
NZXT N5 Z690,4558.6,LGA1700,ATX,128,4,Black,True,NZXT
ASRock H610M-HDV/M.2 R2.0,,LGA1700,Micro ATX,64,2,Silver / Black,False,ASRock
Gigabyte Z390 AORUS PRO,7471.2,LGA1151,ATX,128,4,Black / Silver,True,Gigabyte
Gigabyte GA-Z170X-Gaming 3,,LGA1151,ATX,64,4,Black / Red,False,Gigabyte
MSI H410M PRO,,LGA1200,Micro ATX,64,2,Black / Silver,False,MSI
Biostar H510MHP 2.0,1876.8,LGA1200,Micro ATX,64,2,Black,True,Biostar
Asus PRIME B840M-A WIFI,5194.0,AM5,Micro ATX,192,4,Silver / Black,True,ASUS
Asus PRIME B450M-A/CSM,3980.0,AM4,Micro ATX,64,4,Black / Silver,True,ASUS
Asus STRIX Z270F,,LGA1151,ATX,64,4,Black / Silver,False,ASUS
Asus Rampage IV Black Edition,,LGA2011,EATX,128,8,Black / Red,False,ASUS
Asus PRIME Z270-P,,LGA1151,ATX,64,4,Black / Silver,False,ASUS
Asus TUF Z270 MARK 2,,LGA1151,ATX,64,4,Black / Yellow,False,ASUS
Asus H110M-R,,LGA1151,Micro ATX,32,2,Black,False,ASUS
Asus PRIME Z890-P,6674.2,LGA1851,ATX,192,4,Black / Silver,True,ASUS
MSI B250M GAMING PRO,,LGA1151,Micro ATX,32,2,Black / Red,False,MSI
Asus PRIME B760M-A,,LGA1700,Micro ATX,128,4,Silver / Black,False,ASUS
MSI Z97S SLI Krait Edition,,LGA1150,ATX,32,4,Black / White,False,MSI
Gigabyte B560 HD3,,LGA1200,ATX,128,4,Black / Gray,False,Gigabyte
ASRock B250M Pro4,,LGA1151,Micro ATX,64,4,Black / White,False,ASRock
Asus H110M-A/M.2,,LGA1151,Micro ATX,32,2,Black / Gold,False,ASUS
Gigabyte H310M S2H,,LGA1151,Micro ATX,32,2,Silver / Brown,False,Gigabyte
Asus PRIME H310M-K R2.0,,LGA1151,Micro ATX,32,2,Black,False,ASUS
Asus TUF GAMING B760M-PLUS D4,4582.0,LGA1700,Micro ATX,128,4,Black / Orange,True,ASUS
MSI MPG Z790 EDGE WIFI DDR4,11999.8,LGA1700,ATX,128,4,Silver / Black,True,MSI
Asus PRIME H610M-A D4,,LGA1700,Micro ATX,64,2,Silver / Black,False,ASUS
Gigabyte Z590 UD,5560.0,LGA1200,ATX,128,4,Black,True,Gigabyte
Gigabyte Z690I AORUS ULTRA DDR4,5138.0,LGA1700,Mini ITX,64,2,Black / Silver,True,Gigabyte
MSI MEG Z490I UNIFY,7869.6,LGA1200,Mini ITX,64,2,Black / Silver,True,MSI
ASRock B560M Pro4,,LGA1200,Micro ATX,128,4,Silver / Black,False,ASRock
Gigabyte B550 AORUS PRO V2,5829.8,AM4,ATX,128,4,Black,True,Gigabyte
MSI MEG Z790 GODLIKE,,LGA1700,EATX,192,4,Black,False,MSI
Asus ROG STRIX Z370-F GAMING,,LGA1151,ATX,64,4,Black / Silver,False,ASUS
Asus ROG STRIX X470-I GAMING,,AM4,Mini ITX,32,2,Black,False,ASUS
Asus PRIME H310M-A R2.0,,LGA1151,Micro ATX,32,2,Black,False,ASUS
Asus PRIME H610M-K D4-ARGB,,LGA1700,Micro ATX,64,2,Black / Silver,False,ASUS
Gigabyte Z690M AORUS ELITE AX DDR4,5317.79,LGA1700,Micro ATX,128,4,Black,True,Gigabyte
Asus ROG STRIX Z590-I GAMING WIFI,10980.0,LGA1200,Mini ITX,64,2,Black,True,ASUS
ASRock A520M Phantom Gaming 4,1929.8,AM4,Micro ATX,128,4,Black,True,ASRock
Gigabyte H610M GAMING WIFI DDR4 (rev. 1.0),,LGA1700,Micro ATX,64,2,Black / White,False,Gigabyte
Asus PRIME B650M-A II,,AM5,Micro ATX,192,4,Silver / Black,False,ASUS
MSI B350M PRO-VDH,,AM4,Micro ATX,64,4,Brown / Black,False,MSI
Asus M5A97 R2.0,5239.6,AM3+,ATX,32,4,Black / Blue,True,ASUS
Asus Z170I PRO GAMING,,LGA1151,Mini ITX,32,2,Black / Red,False,ASUS
Gigabyte GA-H110M-DS2,,LGA1151,Micro ATX,32,2,Black / Silver,False,Gigabyte
MSI PRO H610M-S DDR4,,LGA1700,Micro ATX,64,2,Black,False,MSI
ASRock Z890 Taichi OCF,10515.8,LGA1851,ATX,128,2,Black / Gold,True,ASRock
Asus Pro B760M-CT-CSM,2999.8,LGA1700,Micro ATX,192,4,Green / Black,True,ASUS
Gigabyte B760M GAMING X AX DDR4,,LGA1700,Micro ATX,128,4,Black,False,Gigabyte
Asus ROG MAXIMUS X HERO,,LGA1151,ATX,64,4,Black,False,ASUS
Asus ROG STRIX B365-F GAMING,,LGA1151,ATX,64,4,,False,ASUS
Asus PRIME Z790-V AX,,LGA1700,ATX,192,4,Silver / Black,False,ASUS
Asus rog-strix-x870e-h-gaming-wifi7-hatsune-miku-edition,,AM5,ATX,256,4,Black / Blue,False,ASUS
Asus PRIME Z790M-PLUS D4,,LGA1700,Micro ATX,128,4,Black / Silver,False,ASUS
Asus PRIME X670-P,,AM5,ATX,192,4,Silver / Black,False,ASUS
MSI Z87-G45 Gaming,,LGA1150,ATX,32,4,Brown / Black,False,MSI
ASRock B760M PG Riptide,5617.4,LGA1700,Micro ATX,192,4,Black / Blue,True,ASRock
Supermicro X11SCL-LN4F,10539.0,LGA1151,Micro ATX,128,4,Green,True,Supermicro
Biostar H61MGC,,LGA1155,Micro ATX,16,2,Black / Red,False,Biostar
MSI PRO B650M-E,,AM5,Micro ATX,96,2,Black,False,MSI
ASRock B860M LiveMixer WiFi,3399.8,LGA1851,Micro ATX,256,4,Silver / Black,True,ASRock
MSI B150A Gaming Pro,,LGA1151,ATX,64,4,Black / Red,False,MSI
Gigabyte Z690 UD DDR4,,LGA1700,ATX,128,4,Black,False,Gigabyte
ASRock Z690 Pro RS,,LGA1700,ATX,128,4,Silver / Black,False,ASRock
Asus A68HM-Plus,,FM2+,Micro ATX,32,2,Black,False,ASUS
Asus TUF Z370 Plus Gaming,,LGA1151,ATX,64,4,Black / Yellow,False,ASUS
Asus PRIME B460-PLUS,,LGA1200,ATX,128,4,Silver / Black,False,ASUS
ASRock Z590-C/ac,,LGA1200,ATX,128,4,Black,False,ASRock
ASRock Z790-C,,LGA1700,ATX,192,4,Black,False,ASRock
Gigabyte B650M C V2,,AM5,Micro ATX,192,4,Black / Gray,False,Gigabyte
Gigabyte B860M EAGLE V2,3729.6,LGA1851,Micro ATX,128,2,Silver / Black,True,Gigabyte
ASRock H670M Pro RS,3311.39,LGA1700,Micro ATX,128,4,Gray / Black,True,ASRock
MSI B450M BAZOOKA V2,,AM4,Micro ATX,64,4,Black,False,MSI
Gigabyte GA-AB350M-Gaming 3,,AM4,Micro ATX,64,4,Black / Red,False,Gigabyte
ASRock H610M-HDV/M.2,,LGA1700,Micro ATX,64,2,Gray / Black,False,ASRock
Gigabyte X870M AORUS ELITE WIFI7 ICE,,AM5,Micro ATX,256,4,White / Silver,False,Gigabyte
ASRock Z890 Pro RS,3956.2,LGA1851,ATX,256,4,Silver / Black,True,ASRock
ASRock X570D4U-2L2T,8380.0,AM4,Micro ATX,128,4,Green / Silver,True,ASRock
Gigabyte GA-B250-HD3,4800.0,LGA1151,ATX,64,4,Black / Gold,True,Gigabyte
Gigabyte GA-B150M-D3H,,LGA1151,Micro ATX,64,4,Black / Silver,False,Gigabyte
ASRock Z690 PG Riptide,,LGA1700,ATX,128,4,Black / Silver,False,ASRock
Gigabyte B650M AORUS PRO AX,,AM5,Micro ATX,192,4,Black,False,Gigabyte
ASRock B365M-HDV,,LGA1151,Micro ATX,32,2,Black / Silver,False,ASRock
MSI MPG Z590 GAMING PLUS,8677.79,LGA1200,ATX,128,4,Black,True,MSI
Asus TUF GAMING B450M-PRO II,,AM4,Micro ATX,128,4,Black / Yellow,False,ASUS
Asus ROG STRIX B560-A GAMING WIFI,,LGA1200,ATX,128,4,Black / Silver,False,ASUS
Asus PRIME H310M-R R2.0,,LGA1151,Micro ATX,32,2,Black,False,ASUS
Gigabyte Z490M,,LGA1200,Micro ATX,128,4,Black / Silver,False,Gigabyte
ASRock B450M Steel Legend Pink,,AM4,Micro ATX,128,4,Black / Pink,False,ASRock
Gigabyte GA-970A-DS3P,,AM3+,ATX,32,4,Black / Gray,False,Gigabyte
Asus STRIX X370-F GAMING,,AM4,ATX,64,4,Black,False,ASUS
MSI MPG B760I EDGE WIFI DDR4,,LGA1700,Mini ITX,64,2,Silver / Black,False,MSI
Asus ROG Crosshair VIII Formula,12600.0,AM4,ATX,128,4,Black,True,ASUS
Asus Z170-AR,7239.6,LGA1151,ATX,64,4,Black / White,True,ASUS
EVGA P55V,2493.8,LGA1156,Micro ATX,16,4,Black / Gray,True,EVGA
ASRock AB350 Gaming-ITX/ac,,AM4,Mini ITX,32,2,Black / Red,False,ASRock
Asus PRIME Z690-P,,LGA1700,ATX,192,4,Silver / Black,False,ASUS
Gigabyte Z590 AORUS PRO AX,8200.0,LGA1200,ATX,128,4,Black,True,Gigabyte
MSI Big Bang-Marshal (B3),,LGA1155,XL ATX,32,4,Black / Blue,False,MSI
Asus Z10PE-D8 WS,,2 x LGA2011-3,SSI EEB,512,8,Black / Gold,False,ASUS
Gigabyte GA-AB350-Gaming,,AM4,ATX,64,4,Black / Red,False,Gigabyte
MSI MPG Z690 EDGE WIFI,,LGA1700,ATX,192,4,,False,MSI
Asus PRO Q570M-C/CSM,1500.0,LGA1200,Micro ATX,128,4,Green / Black,True,ASUS
MSI X470 GAMING PRO CARBON,7980.0,AM4,ATX,64,4,Black / Silver,True,MSI
Gigabyte GA-H61M-DS2,,LGA1155,Micro ATX,16,2,Blue / White,False,Gigabyte
Gigabyte MW50-SV0,,LGA2011-3,ATX,256,8,Blue / Black,False,Gigabyte
MSI B450M BAZOOKA,,AM4,Micro ATX,64,4,Black / Silver,False,MSI
MSI B560M-A PRO,,LGA1200,Micro ATX,64,2,Black,False,MSI
Asus PRIME B850M-K,,AM5,Micro ATX,128,2,Black / Silver,False,ASUS
MSI PRO B840M-P WIFI6E,,AM5,Micro ATX,256,4,Black / Silver,False,MSI
Asus Pro B650M-CT-CSM,2999.8,AM5,Micro ATX,192,4,Green / Black,True,ASUS
Biostar H610MH D5,,LGA1700,Micro ATX,96,2,Black / Silver,False,Biostar
Asus Pro B660M-C D4-CSM,2599.8,LGA1700,Micro ATX,128,4,Green / Black,True,ASUS
Asus ProArt B550-CREATOR,4799.8,AM4,ATX,128,4,Black,True,ASUS
Gigabyte H410M S2H V2,2398.0,LGA1200,Micro ATX,64,2,Black / Gray,True,Gigabyte
MSI MPG Z390I GAMING EDGE AC,,LGA1151,Mini ITX,64,2,Black / Silver,False,MSI
Gigabyte B660 GAMING X AX DDR4,,LGA1700,ATX,128,4,Black,False,Gigabyte
Asus X99-A,,LGA2011-3,ATX,64,8,Black / Silver,False,ASUS
MSI B360M MORTAR,,LGA1151,Micro ATX,64,4,Black,False,MSI
Gigabyte Z490 AORUS ELITE,9509.79,LGA1200,ATX,128,4,Black / Silver,True,Gigabyte
ASRock B760M PG Lightning Wifi,,LGA1700,Micro ATX,192,4,Black,False,ASRock
Gigabyte B550 AORUS ELITE AX,,AM4,ATX,128,4,Black,False,Gigabyte
MSI MEG Z390 ACE,8132.79,LGA1151,ATX,128,4,Black / Silver,True,MSI
Biostar B550MH,,AM4,Micro ATX,64,2,Black,False,Biostar
Asus PRIME B760M-A-CSM,,LGA1700,Micro ATX,128,4,Silver / Black,False,ASUS
Asus ROG MAXIMUS Z790 HERO EVA-02 EDITION,,LGA1700,ATX,192,4,Red / Black,False,ASUS
Gigabyte B460M DS3H,,LGA1200,Micro ATX,128,4,Black / Silver,False,Gigabyte
Biostar A520MH,,AM4,Micro ATX,64,2,Black / Silver,False,Biostar
Gigabyte B560M AORUS PRO AX,,LGA1200,Micro ATX,128,4,Black / Silver,False,Gigabyte
MSI B850 GAMING PLUS WIFI6E,5265.4,AM5,ATX,256,4,Silver,True,MSI
ASRock X299 Steel Legend,3999.8,LGA2066,ATX,256,8,Silver / Black,True,ASRock
Asus Q170M-C/CSM,,LGA1151,Micro ATX,64,4,Black / Gold,False,ASUS
MSI B365M-PRO-VH,,LGA1151,Micro ATX,32,2,Black,False,MSI
Asus ROG STRIX Z490-F GAMING,,LGA1200,ATX,128,4,Black,False,ASUS
Gigabyte B550 AORUS PRO,,AM4,ATX,128,4,Black / Orange,False,Gigabyte
MSI MPG Z590 GAMING EDGE WIFI,,LGA1200,ATX,128,4,Black,False,MSI
Gigabyte Z690 AORUS MASTER,,LGA1700,EATX,192,4,Black,False,Gigabyte
Gigabyte B760 GAMING X AX DDR4,5276.6,LGA1700,ATX,128,4,Black,True,Gigabyte
ASRock B760M PG Lightning,,LGA1700,Micro ATX,192,4,Black,False,ASRock
Asus PRIME A320M-A,,AM4,Micro ATX,64,4,Black / Gray,False,ASUS
Asus ROG STRIX Z490-I GAMING,9980.0,LGA1200,Mini ITX,64,2,Black,True,ASUS
MSI B350M MORTAR,,AM4,Micro ATX,64,4,Black / Red,False,MSI
Asus ROG ZENITH EXTREME,,sTR4,EATX,128,8,Black / Silver,False,ASUS
Asus B85M-G,,LGA1150,Micro ATX,32,4,,False,ASUS
ASRock B760M Pro-A D4 WiFi,,LGA1700,Micro ATX,128,4,White / Black,False,ASRock
Gigabyte B550M AORUS PRO AX,,AM4,Micro ATX,128,4,Black / Silver,False,Gigabyte
Asus Sabertooth Z87,,LGA1150,ATX,32,4,Brown / Black,False,ASUS
Gigabyte GA-X99M-GAMING 5,,LGA2011-3,Micro ATX,32,4,Black / Red,False,Gigabyte
Asus ROG Strix Z370-I Gaming,,LGA1151,Mini ITX,32,2,Black / Silver,False,ASUS
Gigabyte GA-78LMT-USB3 R2,,AM3+,Micro ATX,32,4,Black,False,Gigabyte
ASRock B560M-HDV,,LGA1200,Micro ATX,64,2,Silver / Black,False,ASRock
MSI PRO B760M-E,,LGA1700,Micro ATX,96,2,Black,False,MSI
MSI Z170A PC MATE,6780.0,LGA1151,ATX,64,4,Black,True,MSI
ASRock H81M-HDS R2.0,3023.2,LGA1150,Micro ATX,16,2,Black / Silver,True,ASRock
Gigabyte B660M AORUS Pro AX DDR4,,LGA1700,Micro ATX,128,4,Black,False,Gigabyte
Asus P5QProTurbo,,LGA775,ATX,16,4,Multicolor,False,ASUS
Gigabyte GA-AX370M-DS3H,,AM4,Micro ATX,64,4,Black,False,Gigabyte
MSI X470 GAMING PRO,,AM4,ATX,64,4,Black / Red,False,MSI
Gigabyte Z590 AORUS MASTER,8147.4,LGA1200,ATX,128,4,Black,True,Gigabyte
ASRock X299E-ITX/ac,9602.0,LGA2066,Mini ITX,128,4,Black,True,ASRock
Asus TUF GAMING H770-PRO WIFI,6943.0,LGA1700,ATX,192,4,Black,True,ASUS
Gigabyte B650E A PRO X USB4,,AM5,ATX,256,4,Black,False,Gigabyte
ASRock H97M Pro4,,LGA1150,Micro ATX,32,4,Black / Blue,False,ASRock
MSI Z170A GAMING M7,,LGA1151,ATX,64,4,Black / Red,False,MSI
Asus TUF B360M-PLUS GAMING,,LGA1151,Micro ATX,64,4,Silver / Orange,False,ASUS
Asus EX-A320M-GAMING,,AM4,Micro ATX,64,4,Red / Black,False,ASUS
Supermicro MBD-X10SRL-F-O,14000.0,LGA2011-3 Narrow,ATX,1024,8,Black / Green,True,Supermicro
Asus ROG MAXIMUS XII FORMULA,13080.0,LGA1200,ATX,128,4,Black,True,ASUS
Gigabyte X570 AORUS XTREME,19900.0,AM4,EATX,128,4,Black / Silver,True,Gigabyte
Asus PRIME A520M-E,3198.0,AM4,Micro ATX,64,2,Black,True,ASUS
MSI H110M Pro-VD,,LGA1151,Micro ATX,32,2,Black / Silver,False,MSI
MSI B250M PRO-VD,,LGA1151,Micro ATX,32,2,Brown / Black,False,MSI
MSI Creator TRX40,,sTRX4,EATX,256,8,Black / Silver,False,MSI
Gigabyte B560M DS3H,,LGA1200,Micro ATX,128,4,Black,False,Gigabyte
MSI B550M PRO,,AM4,Micro ATX,64,2,Black,False,MSI
Biostar B660GTA,3808.8,LGA1700,ATX,128,4,Blue / Black,True,Biostar
ASRock Z690 PG Velocita,,LGA1700,ATX,192,4,Silver / Black,False,ASRock
MAXSUN Challenger B760ITX D5 WIFI,,LGA1700,Mini ITX,96,2,Black / White,False,MAXSUN
ASRock AB350M,,AM4,Micro ATX,32,2,Black / White,False,ASRock
Asus PROART B760-CREATOR D4,5712.4,LGA1700,ATX,128,4,Black / Copper,True,ASUS
Asus ROG STRIX B660-F GAMING WIFI,5980.0,LGA1700,ATX,192,4,Black,True,ASUS
ASRock G41M-GS,1257.2,LGA775,Micro ATX,8,2,Blue / White,True,ASRock
MSI H310M PRO-M2 PLUS,,LGA1151,Micro ATX,32,2,Black,False,MSI
MSI A320M PRO-VH,,AM4,Micro ATX,64,2,Brown / Black,False,MSI
MSI H370 GAMING PRO CARBON,,LGA1151,ATX,64,4,Black,False,MSI
Asus H170-PRO,,LGA1151,ATX,64,4,Black / Gold,False,ASUS
ASRock X370 Taichi,,AM4,ATX,64,4,Black / White,False,ASRock
MSI B350 GAMING PLUS,,AM4,ATX,64,4,Black / Red,False,MSI
Asus PRIME B560-PLUS AC-HES,,LGA1200,ATX,128,4,Silver / Black,False,ASUS
ASRock Z690 Extreme,,LGA1700,ATX,128,4,Black / Silver,False,ASRock
Asus Pro WS X570-ACE,11599.8,AM4,ATX,128,4,Black,True,ASUS
Gigabyte B760M GAMING WIFI6 PLUS GEN5,,LGA1700,Micro ATX,128,2,Black / Silver,False,Gigabyte
Asus TUF GAMING A520M-PLUS,,AM4,Micro ATX,128,4,Black,False,ASUS
Asus M5A78L-M PLUS/USB3,,AM3+,Micro ATX,32,4,Black / Blue,False,ASUS
Asus PRIME H410M-A,,LGA1200,Micro ATX,64,2,Black,False,ASUS
Asus ROG STRIX B560-G GAMING WIFI,,LGA1200,Micro ATX,128,4,Black / Silver,False,ASUS
Gigabyte B860M GAMING X WIFI6E,3399.8,LGA1851,Micro ATX,256,4,Silver / Black,True,Gigabyte
Gigabyte GA-AX370-Gaming K5,4729.8,AM4,ATX,64,4,Black / Orange,True,Gigabyte
MSI PRO B860-P,4800.0,LGA1851,ATX,256,4,Silver / Black,True,MSI
Supermicro MBD-X10DRI-O,19940.0,2 x LGA2011-3 Narrow,EATX,1024,16,Black / Green,True,Supermicro
Gigabyte X570 AORUS PRO,,AM4,ATX,128,4,Black / Silver,False,Gigabyte
ASRock B460M Pro4/ac,,LGA1200,Micro ATX,128,4,Silver / Black,False,ASRock
MSI A520M PRO-VH,,AM4,Micro ATX,64,2,Black,False,MSI
Gigabyte Z690 AORUS PRO,7999.8,LGA1700,ATX,192,4,Black,True,Gigabyte
MSI Z270 SLI PLUS,8129.8,LGA1151,ATX,64,4,Black / Silver,True,MSI
ASRock Z690 Steel Legend,,LGA1700,ATX,128,4,Silver / Black,False,ASRock
ASRock Z790 Taichi Lite,,LGA1700,EATX,192,4,Black / Gray,False,ASRock
MSI A320M PRO-VH PLUS,,AM4,Micro ATX,32,2,Brown / Black,False,MSI
Asus PRIME B250M-C-CSM,,LGA1151,Micro ATX,64,4,Green / Black,False,ASUS
Asus ROG MAXIMUS X HERO (WI-FI AC),,LGA1151,ATX,64,4,Black / Silver,False,ASUS
Asus TUF Z390-PLUS GAMING,,LGA1151,ATX,128,4,Black / Gold,False,ASUS
ASRock X570 PG Velocita,,AM4,ATX,128,4,Black / Silver,False,ASRock
Asus Prime Z590-P WiFi,,LGA1200,ATX,128,4,Black / Silver,False,ASUS
Asus ROG MAXIMUS XI FORMULA,11780.0,LGA1151,ATX,128,4,Black,True,ASUS
MSI PRO B660M-E DDR4,,LGA1700,Micro ATX,64,2,Black / Silver,False,MSI
ASRock H310CM-DVS,,LGA1151,Micro ATX,32,2,Black,False,ASRock
Gigabyte GA-H110M-H,,LGA1151,Micro ATX,32,2,Black / Silver,False,Gigabyte
Asus ROG Crosshair VII Hero (Wi-Fi),,AM4,ATX,64,4,Black,False,ASUS
Asus ROG STRIX B450-E GAMING,,AM4,ATX,64,4,Black,False,ASUS
ASRock X399D8A-2T,,sTR4,ATX,256,8,Green / Blue,False,ASRock
Asus TUF GAMING Z690-PLUS D4,,LGA1700,ATX,128,4,Black / Silver,False,ASUS
Gigabyte B760M GAMING DDR4,,LGA1700,Micro ATX,64,2,Black / Red,False,Gigabyte
Gigabyte Z490 GAMING X,5960.0,LGA1200,ATX,128,4,Black / Silver,True,Gigabyte
Gigabyte B660I AORUS Pro DDR4,,LGA1700,Mini ITX,64,2,Black,False,Gigabyte
MSI H110M Gaming,,LGA1151,Micro ATX,32,2,Black / Red,False,MSI
Gigabyte Z490 VISION G,,LGA1200,ATX,128,4,White / Black,False,Gigabyte
MSI Z370 GAMING PRO CARBON,7829.8,LGA1151,ATX,64,4,Black,True,MSI
ASRock B550 Taichi Razer Edition,,AM4,ATX,128,4,Black / Silver,False,ASRock
Asus ROG MAXIMUS VIII HERO ALPHA,,LGA1151,ATX,64,4,Black / Red,False,ASUS
MSI B250 PC MATE,,LGA1151,ATX,64,4,Black / White,False,MSI
ASRock X399 Taichi,,sTR4,ATX,128,8,Black / Silver,False,ASRock
Asus TUF GAMING B460M-PLUS,,LGA1200,Micro ATX,128,4,Black / Gold,False,ASUS
Gigabyte H410M S2 V3,,LGA1200,Micro ATX,64,2,Black / Gray,False,Gigabyte
ASRock B760 Pro RS/D4 WiFi White,,LGA1700,ATX,128,4,White,False,ASRock
Asus PRIME A320M-F,,AM4,Micro ATX,64,2,Black / Silver,False,ASUS
Biostar B650MP-E PRO,,AM5,Micro ATX,192,4,Black / Silver,False,Biostar
ASRock Z690 Steel Legend WiFi 6E/D5,,LGA1700,ATX,192,4,Silver / Black,False,ASRock
ASRock P43DE,1414.0,LGA775,ATX,16,4,Multicolor,True,ASRock
ASRock B550 Taichi,,AM4,ATX,128,4,Gold / Black,False,ASRock
Asus P8Z77-V LX,,LGA1155,ATX,32,4,Black / Blue,False,ASUS
ASRock B250M-HDV,,LGA1151,Micro ATX,32,2,Black / White,False,ASRock
ASRock B560 Pro4,,LGA1200,ATX,128,4,Silver / Black,False,ASRock
MSI MEG X570S ACE MAX,,AM4,ATX,128,4,Black,False,MSI
Asus PRIME B650M-A,,AM5,Micro ATX,128,4,Silver / Black,False,ASUS
MSI B760M GAMING PLUS WIFI DDR4,,LGA1700,Micro ATX,128,4,Black / Silver,False,MSI
Asus Pro B560M-CT/CSM,3180.0,LGA1200,Micro ATX,128,4,Green,True,ASUS
MSI MEG Z690 UNIFY-X,15577.6,LGA1700,ATX,96,2,Black / Silver,True,MSI
ASRock B550 PG Velocita,5207.39,AM4,ATX,128,4,Silver / Black,True,ASRock
MSI MAG B760M MORTAR MAX WIFI DDR4,,LGA1700,Micro ATX,128,4,Silver / Black,False,MSI
Asus H81M-C/CSM,,LGA1150,Micro ATX,16,2,Black / Gold,False,ASUS
Asus ASUS B85M-E,,LGA1150,Micro ATX,32,4,Black / Gold,False,ASUS
Gigabyte B550M AORUS PRO,,AM4,Micro ATX,128,4,Black / Silver,False,Gigabyte
Asus TUF GAMING B550M-ZAKU (WI-FI),,AM4,Micro ATX,128,4,Black / Red,False,ASUS
Asus PRIME B760M-A AX D4,,LGA1700,Micro ATX,128,4,Silver / Black,False,ASUS
Gigabyte B760M C V2 (rev. 1.0),,LGA1700,Micro ATX,192,4,,False,Gigabyte
Asus ROG STRIX B460-H GAMING,,LGA1200,ATX,128,4,Black / Red,False,ASUS
ASRock B860M Pro RS,2999.8,LGA1851,Micro ATX,256,4,Silver / Black,True,ASRock
Asus PRIME A320M-E,4740.0,AM4,Micro ATX,64,2,Black / Silver,True,ASUS
Asus PRIME H610M-K ARGB,,LGA1700,Micro ATX,96,2,Black,False,ASUS
ASRock EP2C602-4L/D16,,2 x LGA2011,SSI EEB,512,16,Blue / White,False,ASRock
Asus Z170-P,,LGA1151,ATX,64,4,Black / Gold,False,ASUS
Gigabyte GA-Z170X-Gaming 7,,LGA1151,ATX,64,4,Black / Red,False,Gigabyte
Asus H110-PLUS,,LGA1151,ATX,32,2,Black / Gold,False,ASUS
MSI B250M PRO-VDH,,LGA1151,Micro ATX,64,4,Brown / Black,False,MSI
ASRock X370 KILLER SLI/ac,,AM4,ATX,64,4,Black / White,False,ASRock
Gigabyte Z370 AORUS Gaming 5 (rev. 1.0),,LGA1151,ATX,64,4,Black / Silver,False,Gigabyte
Gigabyte B360M D3H,,LGA1151,Micro ATX,64,4,Silver / Black,False,Gigabyte
MSI X470 GAMING PRO MAX,,AM4,ATX,128,4,Black / Silver,False,MSI
MSI PRO H510M-B II,,LGA1200,Micro ATX,64,2,Black,False,MSI
ASRock A620AI WiFi,,AM5,Mini ITX,128,2,Black,False,ASRock
MSI MAG B460 TOMAHAWK,5579.8,LGA1200,ATX,128,4,Black / Silver,True,MSI
ASRock B660M Steel Legend,,LGA1700,Micro ATX,128,4,Silver / Black,False,ASRock
ASRock X79 Extreme7,5692.2,LGA2011,ATX,48,6,Black / Silver,True,ASRock
MSI MAG A520M VECTOR WIFI,3536.0,AM4,Micro ATX,64,2,Black,True,MSI
Gigabyte A520M AORUS ELITE,,AM4,Micro ATX,128,4,Black / Orange,False,Gigabyte
Asus M5A99FX PRO R2.0,,AM3+,ATX,32,4,Black / Blue,False,ASUS
Asus Z170-E,,LGA1151,ATX,64,4,Black / Silver,False,ASUS
Asus PRIME Z370-A II,,LGA1151,ATX,64,4,Black / Silver,False,ASUS
MSI H510M PRO,,LGA1200,Micro ATX,64,2,Beige,False,MSI
Biostar A520MHP,,AM4,Micro ATX,64,2,Black,False,Biostar
ASRock H610M-HVS,2218.19,LGA1700,Micro ATX,64,2,Gray / Black,True,ASRock
Asus ROG STRIX B760-G GAMING WIFI D4,,LGA1700,Micro ATX,128,4,Silver / Black,False,ASUS
Asus PRIME H270-PLUS-CSM,,LGA1151,ATX,64,4,Black / Silver,False,ASUS
Gigabyte B360 AORUS Gaming 3 WIFI,,LGA1151,ATX,64,4,Black / Orange,False,Gigabyte
Gigabyte Z390 M GAMING,,LGA1151,Micro ATX,128,4,Black / Red,False,Gigabyte
Asus Pro WS X299 SAGE II,,LGA2066,SSI CEB,256,8,Black / Silver,False,ASUS
Asus ROG STRIX Z590-F GAMING WIFI,,LGA1200,ATX,128,4,Black / Silver,False,ASUS
ASRock B860M-H2,2399.79,LGA1851,Micro ATX,128,2,Black / Silver,True,ASRock
Asus Pro Q670M-C-CSM,3999.8,LGA1700,Micro ATX,128,4,Green / Black,True,ASUS
Intel DB65ALB3,,LGA1155,Micro ATX,32,4,,False,Intel
Gigabyte GA-Z97X-Gaming 3,,LGA1150,ATX,32,4,Black / Red,False,Gigabyte
Asus PRIME B650M-A AX,,AM5,Micro ATX,128,4,Black / Silver,False,ASUS
MSI MAG X570S TORPEDO MAX,,AM4,ATX,128,4,Blue / Black,False,MSI
Asus P8H61-M LX3 R2.0,,LGA1155,Micro ATX,16,2,Black / Blue,False,ASUS
ASRock Fatal1ty X99M Killer,,LGA2011-3,Micro ATX,64,4,Black / Red,False,ASRock
ASRock H110M-HDV,,LGA1151,Micro ATX,32,2,Black / Orange,False,ASRock
Gigabyte GA-AB350M-D3H,,AM4,Micro ATX,64,4,Black / Gray,False,Gigabyte
Asus ROG Strix Z370-H Gaming,,LGA1151,ATX,64,4,Black / Red,False,ASUS
Gigabyte X470 AORUS GAMING 5 WIFI,,AM4,ATX,64,4,Black / Orange,False,Gigabyte
ASRock B365 Pro4,,LGA1151,ATX,64,4,Black / Silver,False,ASRock
Gigabyte Z790 AORUS ELITE AX-W,11708.2,LGA1700,ATX,192,4,Silver / Black,True,Gigabyte
Gigabyte Z690 AORUS ULTRA,7158.2,LGA1700,ATX,192,4,Black,True,Gigabyte
Gigabyte B860 DS3H,4501.0,LGA1851,ATX,256,4,Silver / Black,True,Gigabyte
ASRock X570S PG Riptide,,AM4,ATX,128,4,Black,False,ASRock
Asus ROG STRIX Z690-A GAMING WIFI,,LGA1700,ATX,192,4,Black / Silver,False,ASUS
Gigabyte Z390 DESIGNARE,8260.0,LGA1151,ATX,128,4,Black / Silver,True,Gigabyte
Asus PRIME H610M-D D4,2788.0,LGA1700,Micro ATX,64,2,Silver / Black,True,ASUS
MSI B450M PRO-VDH PLUS,,AM4,Micro ATX,128,4,Black,False,MSI
Gigabyte GA-Z77X-UD3H,,LGA1155,ATX,32,4,Black / Blue,False,Gigabyte
Asus Sabertooth 990FX R2.0,,AM3+,ATX,32,4,Brown / Black,False,ASUS
ASRock X470 Taichi,,AM4,ATX,64,4,Black / Silver,False,ASRock
MSI PRO B760M-B,,LGA1700,Micro ATX,96,2,Black,False,MSI
Asus TUF GAMING B860M-PLUS,4891.2,LGA1851,Micro ATX,256,4,Black / Silver,True,ASUS
ASRock Z690 Phantom Gaming-ITX/TB4,,LGA1700,Mini ITX,96,2,Black / Red,False,ASRock
MSI Z370 SLI PLUS,7629.8,LGA1151,ATX,64,4,Black / Gray,True,MSI
Gigabyte GA-H110-D3A,,LGA1151,ATX,32,2,Black,False,Gigabyte
ASRock H670M-ITX/ax,,LGA1700,Mini ITX,64,2,Silver / Black,False,ASRock
Gigabyte GA-H110M-S2H,,LGA1151,Micro ATX,32,2,Black,False,Gigabyte
Asus ROG STRIX Z270i GAMING,,LGA1151,Mini ITX,32,2,Black / Silver,False,ASUS
Gigabyte X470 AORUS GAMING 7 WIFI,,AM4,ATX,64,4,Black / Orange,False,Gigabyte
Asus ROG MAXIMUS XI HERO,,LGA1151,ATX,128,4,Black / Silver,False,ASUS
ASRock A320M-DVS R4.0,,AM4,Micro ATX,32,2,Black / Silver,False,ASRock
Asus TUF GAMING B460-PLUS,,LGA1200,ATX,128,4,Black / Gold,False,ASUS
ASRock B660M Phantom Gaming 4,,LGA1700,Micro ATX,128,4,Silver / Black,False,ASRock
MSI B760M GAMING WIFI,,LGA1700,Micro ATX,96,2,Silver / Black,False,MSI
Asus TUF GAMING Z490-PLUS,,LGA1200,ATX,128,4,Black,False,ASUS
MSI MAG B560 TORPEDO,,LGA1200,ATX,128,4,Black / Blue,False,MSI
Asus ROG STRIX Z690-G GAMING WIFI,,LGA1700,Micro ATX,128,4,Black / Silver,False,ASUS
Intel DG45FC,,LGA775,Mini ITX,4,2,Blue / Silver,False,Intel
Gigabyte H370 AORUS Gaming 3 WIFI,,LGA1151,ATX,64,4,Black / Orange,False,Gigabyte
Asus PRIME Z890M-PLUS WIFI-CSM,,LGA1851,Micro ATX,192,4,Black / Silver,False,ASUS
Gigabyte H810M S2H,2626.6,LGA1851,Micro ATX,128,2,Gray / Black,True,Gigabyte
Gigabyte H610M D3W DDR4,2957.8,LGA1700,Micro ATX,64,2,Black,True,Gigabyte
ASRock Z890 Taichi Lite,9612.0,LGA1851,ATX,256,4,Silver / Black,True,ASRock
Gigabyte B860M EAGLE WIFI6,,LGA1851,Micro ATX,128,2,Silver / Black,False,Gigabyte
ASRock B660 Pro RS,6226.6,LGA1700,ATX,128,4,Gray / Black,True,ASRock
Asus Sabertooth Z77,,LGA1155,ATX,32,4,Brown / Black,False,ASUS
Asus H110M-C/CSM,,LGA1151,Micro ATX,32,2,Black / Gold,False,ASUS
Asus 970 PRO GAMING/AURA,,AM3+,ATX,32,4,Black / Red,False,ASUS
Asus ROG STRIX B360-F GAMING,,LGA1151,ATX,64,4,Black,False,ASUS
ASRock X570 Steel Legend WiFi ax,,AM4,ATX,128,4,Black / Silver,False,ASRock
Gigabyte B550 VISION D,,AM4,ATX,128,4,White / Black,False,Gigabyte
MSI PRO B550-P GEN3,,AM4,ATX,128,4,Brown / Black,False,MSI
ASRock B650M PG Riptide WiFi White,,AM5,Micro ATX,256,4,White / Black,False,ASRock
Asus WS C246M PRO,,LGA1151,Micro ATX,128,4,Black,False,ASUS
Gigabyte GA-F2A85XN-WIFI,2144.19,FM2,Mini ITX,64,2,Black / Gray,True,Gigabyte
Asus Z97I-PLUS,,LGA1150,Mini ITX,16,2,Black / Gold,False,ASUS
ASRock 970A-G/3.1,,AM3+/AM3,ATX,64,4,Black / Red,False,ASRock
Gigabyte GA-AB350N-Gaming WIFI (rev. 1.0),,AM4,Mini ITX,32,2,Black / Red,False,Gigabyte
Gigabyte B550M S2H,,AM4,Micro ATX,64,2,Black / Silver,False,Gigabyte
ASRock B450M Pro4-F R2.0,,AM4,Micro ATX,128,4,Black,False,ASRock
Asus PRIME B550M-K ARGB-CSM,,AM4,Micro ATX,64,2,Black,False,ASUS
Gigabyte Z790 AORUS XTREME X,,LGA1700,EATX,192,4,Black,False,Gigabyte
Asus GRYPHON Z97,5999.8,LGA1150,Micro ATX,32,4,Brown / Black,True,ASUS
Gigabyte Z490 AORUS ELITE AC,7960.0,LGA1200,ATX,128,4,Black / Silver,True,Gigabyte
Asus PRIME Z690M-PLUS D4,,LGA1700,Micro ATX,128,4,Silver / Black,False,ASUS
Asus ProArt Z690-CREATOR WIFI,8999.79,LGA1700,ATX,192,4,Black / Copper,True,ASUS
Asus H61M-C,,LGA1155,Micro ATX,16,2,Black / Blue,False,ASUS
Asus H110I-PLUS,,LGA1151,Mini ITX,32,2,Black / Gold,False,ASUS
Asus PRIME H270M-PLUS,,LGA1151,Micro ATX,64,4,Black / Silver,False,ASUS
Gigabyte H310M H,,LGA1151,Micro ATX,32,2,Silver / Brown,False,Gigabyte
Asus TUF B450-Pro Gaming,,AM4,ATX,64,4,Black,False,ASUS
Gigabyte B365 M AORUS ELITE,,LGA1151,Micro ATX,64,4,Black / Orange,False,Gigabyte
Gigabyte GA-AB350M-DS3H V2,,AM4,Micro ATX,64,4,Black,False,Gigabyte
Asus ROG STRIX Z490-A GAMING,,LGA1200,ATX,128,4,Black / Silver,False,ASUS
Asus PRIME H410M-K,,LGA1200,Micro ATX,64,2,Black,False,ASUS
Asus TUF GAMING B450M-PRO S,,AM4,Micro ATX,128,4,Black,False,ASUS
Asus PRIME H610M-A,,LGA1700,Micro ATX,96,2,Silver / Black,False,ASUS
ASRock X570D4U,6099.8,AM4,Micro ATX,128,4,Green,True,ASRock
MAXSUN iCraft B760M CROSS,,LGA1700,Micro ATX,192,4,White / Pink,False,MAXSUN
MSI Z270 PC MATE,9819.79,LGA1151,ATX,64,4,Black / Silver,True,MSI
Asus Z87-Pro,,LGA1150,ATX,32,4,Black / Gold,False,ASUS
Asus Rampage V Edition 10,,LGA2011-3,EATX,128,8,Black,False,ASUS
Asus STRIX Z270H,,LGA1151,ATX,64,4,Black / Silver,False,ASUS
Asus ROG Strix TRX40-E Gaming,,sTRX4,ATX,256,8,Black,False,ASUS
MSI 760GMA-P34(FX),,AM3+,Micro ATX,16,2,,False,MSI
Gigabyte GA-H81M-DS2,,LGA1150,Micro ATX,16,2,Black,False,Gigabyte
MSI Z170A GAMING PRO CARBON,,LGA1151,ATX,64,4,Black / Silver,False,MSI
Biostar TB250-BTC,,LGA1151,ATX,32,2,Black / Yellow,False,Biostar
Asus TUF B360-Plus Gaming,,LGA1151,ATX,64,4,Black / Gold,False,ASUS
MSI MEG X570 GODLIKE,,AM4,EATX,128,4,Black,False,MSI
Gigabyte H410M S2H,,LGA1200,Micro ATX,64,2,Black / Silver,False,Gigabyte
MSI MAG B660 TOMAHAWK WIFI,,LGA1700,ATX,192,4,Black / Silver,False,MSI
Biostar A620MP-E PRO,,AM5,Micro ATX,192,4,Black / Silver,False,Biostar
ASRock A320M-ITX,,AM4,Mini ITX,32,2,Black / Silver,False,ASRock
Asus MAXIMUS Z690 HERO EVA,,LGA1700,ATX,128,4,Purple / Green,False,ASUS
MSI Z270 GAMING M3,,LGA1151,ATX,64,4,Black / Red,False,MSI
MSI MAG B660M MORTAR MAX WIFI DDR4,,LGA1700,Micro ATX,128,4,Black / Silver,False,MSI
MSI B360M PRO-VDH,,LGA1151,Micro ATX,64,4,Black,False,MSI
ASRock C236 WSI,,LGA1151,Mini ITX,32,2,Green / Blue,False,ASRock
Asus STRIX B250F GAMING,,LGA1151,ATX,64,4,Black / Silver,False,ASUS
MSI X370 GAMING PLUS,,AM4,ATX,64,4,Black / Red,False,MSI
Asus PRIME Z590-V,,LGA1200,ATX,128,4,Silver / Black,False,ASUS
Asus Z590 WIFI GUNDAM EDITION,,LGA1200,ATX,128,4,Black / White,False,ASUS
Asus PRIME B560M-K,,LGA1200,Micro ATX,64,2,Silver / Black,False,ASUS
Asus TUF GAMING B560M-PLUS,,LGA1200,Micro ATX,128,4,Black / Gold,False,ASUS
Gigabyte X570S UD,,AM4,ATX,128,4,Black / Gray,False,Gigabyte
Gigabyte B760 DS3H AX V2 (rev. 1.0),,LGA1700,ATX,192,4,Black / Gray,False,Gigabyte
Gigabyte B760M E,3696.0,LGA1700,Micro ATX,96,2,Black / Gray,True,Gigabyte
ASRock Z590M Pro4,5999.8,LGA1200,Micro ATX,128,4,Black / Silver,True,ASRock
MSI MAG B760M MORTAR WIFI,,LGA1700,Micro ATX,192,4,Black / Silver,False,MSI
MSI MPG Z790 EDGE MONSTER HUNTER EDITION,,LGA1700,ATX,256,4,Black / Red,False,MSI
Asus TUF GAMING H670-PRO WIFI D4,4599.8,LGA1700,ATX,128,4,Gray / Black,True,ASUS
Asus MAXIMUS VII RANGER,,LGA1150,ATX,32,4,Black / Red,False,ASUS
Asus PRIME B350M-K,,AM4,Micro ATX,32,2,Black / Silver,False,ASUS
Gigabyte X399 DESIGNARE EX,,sTR4,ATX,128,8,Silver / Black,False,Gigabyte
Asus Q87M-E/CSM,,LGA1150,Micro ATX,32,4,Black / Gold,False,ASUS
Gigabyte GA-Z170XP-SLI,,LGA1151,ATX,64,4,Black / Red,False,Gigabyte
ASRock X470 Master SLI/AC,,AM4,ATX,64,4,Black / Silver,False,ASRock
Asus PRIME B365M-K,,LGA1151,Micro ATX,32,2,Black / Silver,False,ASUS
MSI B460M PRO-VDH,,LGA1200,Micro ATX,128,4,Black,False,MSI
XFX MBN790IUL9,7239.8,LGA775,ATX,8,4,,True,Desconocida
MSI B150M PRO-VDH,,LGA1151,Micro ATX,64,4,Brown / Black,False,MSI
Asus PRIME H770-PLUS D4,3799.8,LGA1700,ATX,128,4,Silver / Black,True,ASUS
Gigabyte GA-B85M-HD3,,LGA1150,Micro ATX,16,2,Black,False,Gigabyte
Gigabyte Z490 AORUS MASTER,10218.0,LGA1200,ATX,128,4,Black / Silver,True,Gigabyte
Gigabyte GA-Z97X-SLI,,LGA1150,ATX,32,4,Black / Red,False,Gigabyte
MSI B150 Gaming M3,,LGA1151,ATX,64,4,Black / Red,False,MSI
MSI B150M BAZOOKA,,LGA1151,Micro ATX,64,4,Black / White,False,MSI
Asus PRIME Z270-K,,LGA1151,ATX,64,4,Black / White,False,ASUS
Gigabyte B760M G AX,,LGA1700,Micro ATX,96,2,Black / Silver,False,Gigabyte
Gigabyte Z590 VISION D,,LGA1200,ATX,128,4,Black / White,False,Gigabyte
Asus ROG MAXIMUS XII EXTREME,19937.0,LGA1200,EATX,128,4,Black,True,ASUS
Asus MAXIMUS VIII RANGER,10977.6,LGA1151,ATX,64,4,Black / Red,True,ASUS
Asus TUF GAMING B660M-PLUS D4,9080.0,LGA1700,Micro ATX,128,4,Orange / Black,True,ASUS
Gigabyte Z590 GAMING X,,LGA1200,ATX,128,4,Black / Silver,False,Gigabyte
ASRock Z790 Taichi,,LGA1700,EATX,192,4,Black / Gold,False,ASRock
Asus X99-DELUXE,,LGA2011-3,ATX,64,8,Black / White,False,ASUS
Asus Z10PA-D8,,2 x LGA2011-3,ATX,512,8,Blue / White,False,ASUS
ASRock Z370M-ITX/ac,,LGA1151,Mini ITX,32,2,Black / Silver,False,ASRock
MSI B360-A PRO,,LGA1151,ATX,64,4,Brown,False,MSI
MSI MPG Z590 GAMING FORCE,,LGA1200,ATX,128,4,Black,False,MSI
Asus PRIME B860-PLUS-CSM,5494.6,LGA1851,ATX,256,4,Silver / Black,True,ASUS
Asus ROG Strix X399-E Gaming,,sTR4,EATX,128,8,Black,False,ASUS
Gigabyte Z690 AERO G,,LGA1700,ATX,128,4,Black / Silver,False,Gigabyte
Gigabyte Z790 UD,,LGA1700,ATX,192,4,Black,False,Gigabyte
ASRock H81M-VG4 R3.0,,LGA1150,Micro ATX,16,2,Black,False,ASRock
Gigabyte GA-78LMT-S2,,AM3+,Micro ATX,16,2,Blue / White,False,Gigabyte
Gigabyte GA-H61M-S1,,LGA1155,Micro ATX,16,2,Blue / White,False,Gigabyte
Asus Z170-K,,LGA1151,ATX,64,4,Black / Gold,False,ASUS
Asus H170 PRO GAMING,,LGA1151,ATX,64,4,Black / Red,False,ASUS
Asus PRIME X399-A,,sTR4,EATX,128,8,Black / Silver,False,ASUS
Asus PRIME Z490-V,,LGA1200,ATX,128,4,Black / Silver,False,ASUS
ASRock H410M-HDV/M.2,,LGA1200,Micro ATX,64,2,Black,False,ASRock
MSI MEG Z590 UNIFY,,LGA1200,ATX,128,4,Black,False,MSI
ASRock H610M-ITX/ac,,LGA1700,Mini ITX,64,2,Silver / Black,False,ASRock
ASRock B860M Lightning WiFi,3799.8,LGA1851,Micro ATX,256,4,Black,True,ASRock
Gigabyte H510M S2H,3180.0,LGA1200,Micro ATX,64,2,Brown / Gray,True,Gigabyte
Asus TUF GAMING B760M-PLUS,,LGA1700,Micro ATX,192,4,Black / Orange,False,ASUS
Gigabyte Z890 EAGLE,6247.6,LGA1851,ATX,256,4,Gray / Black,True,Gigabyte
Gigabyte X670 GAMING X AX (rev. 1.0),,AM5,ATX,192,4,Black,False,Gigabyte
MSI PRO B660M-G DDR4,13456.8,LGA1700,Micro ATX,64,2,Black / Silver,True,MSI
Asus PRIME H770-PLUS,,LGA1700,ATX,192,4,Silver / Black,False,ASUS
ASRock P43DE3,1467.8,LGA775,ATX,16,4,Black / Blue,True,ASRock
Gigabyte Z490I AORUS ULTRA,,LGA1200,Mini ITX,64,2,Black / Silver,False,Gigabyte
Gigabyte GA-B250M-D3H,,LGA1151,Micro ATX,64,4,Black / Gold,False,Gigabyte
ASRock Z390M-ITX/ac,,LGA1151,Mini ITX,64,2,Black / Silver,False,ASRock
Asus Crosshair V Formula-Z,,AM3+,ATX,32,4,Black / Red,False,ASUS
MSI B250M MORTAR,,LGA1151,Micro ATX,64,4,Black / Red,False,MSI
Gigabyte GA-AX370-Gaming K7,,AM4,ATX,64,4,Black,False,Gigabyte
Asus Prime H370M-Plus/CSM,,LGA1151,Micro ATX,64,4,Silver / Black,False,ASUS
Gigabyte Z390 D,,LGA1151,ATX,128,4,Black / Silver,False,Gigabyte
MSI MPG Z490M GAMING EDGE WIFI,,LGA1200,Micro ATX,128,4,Black / Silver,False,MSI
Gigabyte B550M GAMING,,AM4,Micro ATX,64,2,Black / Silver,False,Gigabyte
Asus TUF GAMING Z590-PLUS,,LGA1200,ATX,128,4,Black,False,ASUS
ASRock B560M-ITX/ac,,LGA1200,Mini ITX,64,2,Silver / Black,False,ASRock
MSI MEG B550 UNIFY-X,9111.79,AM4,ATX,64,2,Black,True,MSI
Biostar B550MHP,,AM4,Micro ATX,64,2,Black,False,Biostar
Gigabyte B560 AORUS PRO AX,7809.8,LGA1200,ATX,128,4,Black,True,Gigabyte
Gigabyte Z690 AORUS ELITE DDR4,6057.79,LGA1700,ATX,128,4,Black / Silver,True,Gigabyte
MSI PRO H610M-B DDR4,,LGA1700,Micro ATX,64,2,Black / Silver,False,MSI
Intel DH61CRB3,,LGA1155,Micro ATX,8,2,Green / Blue,False,Intel
Asus H81M-A,,LGA1150,Micro ATX,16,2,Black / Gold,False,ASUS
Asus RAMPAGE V EXTREME,,LGA2011-3,EATX,64,8,Black / Red,False,ASUS
Asus Z170-DELUXE,,LGA1151,ATX,64,4,Black / White,False,ASUS
ASRock X99 Taichi,,LGA2011-3,ATX,128,8,Black / White,False,ASRock
Asus STRIX Z270G,,LGA1151,Micro ATX,64,4,Black / Silver,False,ASUS
Asus TUF Z390-PRO GAMING,,LGA1151,ATX,128,4,Black / Gold,False,ASUS
MSI MAG B460M MORTAR,5999.8,LGA1200,Micro ATX,128,4,Black / Silver,True,MSI
ASRock Z590 Pro4,,LGA1200,ATX,128,4,Black / Silver,False,ASRock
ASRock Z690 Phantom Gaming 4,,LGA1700,ATX,128,4,Black / Silver,False,ASRock
MSI PRO B650M-A,,AM5,Micro ATX,192,4,Black / Silver,False,MSI
Gigabyte B760 GAMING X GEN5,,LGA1700,ATX,256,4,Black / Gray,False,Gigabyte
Asus Prime A320I-K,,AM4,Mini ITX,32,2,Black,False,ASUS
ASRock B365M Phantom Gaming 4,,LGA1151,Micro ATX,128,4,Black / Red,False,ASRock
Gigabyte X570S AORUS PRO AX,,AM4,ATX,128,4,Black / Gray,False,Gigabyte
Asus PRIME B850-PLUS,,AM5,ATX,256,4,Black / Silver,False,ASUS
Asus Maximus VI Hero,,LGA1150,ATX,32,4,,False,ASUS
Gigabyte GA-H97M-D3H,,LGA1150,Micro ATX,32,4,Black / Gold,False,Gigabyte
MSI X99A GAMING PRO CARBON,,LGA2011-3,ATX,128,8,Black / Silver,False,MSI
MSI H110M PRO-VH PLUS,,LGA1151,Micro ATX,32,2,Brown,False,MSI
Gigabyte GA-AX370-GAMING 5,,AM4,ATX,64,4,Black / White,False,Gigabyte
ASRock B360M-HDV,,LGA1151,Micro ATX,32,2,Black / Silver,False,ASRock
MSI B450M PRO-M2,,AM4,Micro ATX,32,2,Brown / Black,False,MSI
MSI MEG Z390 GODLIKE,,LGA1151,EATX,128,4,Black,False,MSI
ASRock Z490 Phantom Gaming 4,,LGA1200,ATX,128,4,Black / Gray,False,ASRock
Gigabyte Z490 AORUS PRO AX,,LGA1200,ATX,128,4,Black / Silver,False,Gigabyte
Gigabyte H410M H,,LGA1200,Micro ATX,64,2,Black / Silver,False,Gigabyte
Gigabyte Z590 AORUS ULTRA,,LGA1200,ATX,128,4,Black,False,Gigabyte
NZXT N5 Z690,,LGA1700,ATX,128,4,Black / White,False,NZXT
MSI PRO B760M-G DDR4,,LGA1700,Micro ATX,64,2,Black,False,MSI
Colorful CVN B760I FROZEN WIFI V20,,LGA1700,Mini ITX,64,2,White / Black,False,Colorful
Biostar X870E VALKYRIE,,AM5,ATX,192,4,Black / Gold,False,Biostar
Asus PRIME B650M-A-CSM,5747.4,AM5,Micro ATX,128,4,Silver / Black,True,ASUS
Gigabyte GA-H61M-S2PV(R2.0),,LGA1155,Micro ATX,16,2,Blue / White,False,Gigabyte
Asus Z87-A,,LGA1150,ATX,32,4,Black / Gold,False,ASUS
Asus Z97 PRO GAMER,,LGA1150,ATX,32,4,Black / Red,False,ASUS
MSI Z170A SLI PLUS,,LGA1151,ATX,64,4,Black / Silver,False,MSI
Asus ROG STRIX X99 GAMING,,LGA2011-3,ATX,128,8,Black,False,ASUS
Asus PRIME B250M-K,,LGA1151,Micro ATX,32,2,Black / Silver,False,ASUS
MSI Z370 GAMING M5,,LGA1151,ATX,64,4,Black,False,MSI
Gigabyte B760M AORUS ELITE AX DDR4,,LGA1700,Micro ATX,128,4,Black / Silver,False,Gigabyte
Asus MAXIMUS VIII EXTREME/ASSEMBLY,,LGA1151,EATX,64,4,Black / Red,False,ASUS
Asus PRIME H510M-R R2.0,,LGA1200,Micro ATX,64,2,Black,False,ASUS
ASRock Z590M Phantom Gaming 4,4979.8,LGA1200,Micro ATX,128,4,Silver / Black,True,ASRock
Asus M5A78L-M/USB3,5639.6,AM3+,Micro ATX,32,4,Black / Blue,True,ASUS
MSI MEG B550 UNIFY,,AM4,ATX,128,4,Black / Silver,False,MSI
Asus P8B75-M LX PLUS,,LGA1155,Micro ATX,16,2,Black / Blue,False,ASUS
ASRock H61M-VG3,,LGA1155,Micro ATX,16,2,Black / Blue,False,ASRock
MSI Z97-GAMING 7,,LGA1150,ATX,32,4,Black / Red,False,MSI
MSI Z97A GAMING 6,,LGA1150,ATX,32,4,Black / Red,False,MSI
Asus MAXIMUS IX CODE,,LGA1151,ATX,64,4,Black,False,ASUS
Asus ROG STRIX Z370-G GAMING (WI-FI AC),,LGA1151,Micro ATX,64,4,Black / Silver,False,ASUS
MSI B360 GAMING ARCTIC,,LGA1151,ATX,64,4,White,False,MSI
Asus ROG STRIX B360-I GAMING,,LGA1151,Mini ITX,32,2,Black / Silver,False,ASUS
ASRock Z390 Taichi,,LGA1151,ATX,128,4,Black / Silver,False,ASRock
Asus TUF Z390M-PRO GAMING (WI-FI),,LGA1151,Micro ATX,128,4,Black / Gold,False,ASUS
Asus Prime H310I-PLUS R2.0/CSM,,LGA1151,Mini ITX,32,2,Black,False,ASUS
Asus ROG STRIX B560-F GAMING WIFI,,LGA1200,ATX,128,4,Black / Silver,False,ASUS
MSI MAG B660M MORTAR DDR4,,LGA1700,Micro ATX,128,4,Black / Silver,False,MSI
Gigabyte B660 AORUS Master DDR4,,LGA1700,ATX,128,4,Black,False,Gigabyte
Asus PRIME B860M-A WIFI,6354.0,LGA1851,Micro ATX,256,4,Silver / Black,True,ASUS
Asus ROG MAXIMUS Z790 APEX,,LGA1700,ATX,96,2,Silver / Black,False,ASUS
Gigabyte B560M AORUS ELITE,,LGA1200,Micro ATX,128,4,Black,False,Gigabyte
Asus SABERTOOTH X99,,LGA2011-3,ATX,64,8,Brown / Black,False,ASUS
ASRock X570 Taichi Razer Edition,,AM4,ATX,128,4,Black / Silver,False,ASRock
Asus H81M-E,,LGA1150,Micro ATX,16,2,Black / Gold,False,ASUS
Asus H81M-PLUS,,LGA1150,Micro ATX,16,2,Black / Gold,False,ASUS
MSI Z97-G45 Gaming,,LGA1150,ATX,32,4,Black / Red,False,MSI
Asus STRIX X299-E GAMING,,LGA2066,ATX,128,8,Black,False,ASUS
Asus WS X299 PRO,17720.0,LGA2066,ATX,128,8,Black / Silver,True,ASUS
ASRock H310M-HDV,,LGA1151,Micro ATX,32,2,Black / Silver,False,ASRock
ASRock H370M-ITX/ac,,LGA1151,Mini ITX,32,2,Black / Silver,False,ASRock
Asus PRIME Z590M-PLUS,,LGA1200,Micro ATX,128,4,Silver / Black,False,ASUS
MSI H510I PRO WIFI,,LGA1200,Mini ITX,64,2,Black / Silver,False,MSI
ASRock B365M PRO4-F,,LGA1151,Micro ATX,64,4,Black / Silver,False,ASRock
Asus ROG STRIX B660-G GAMING WIFI,,LGA1700,Micro ATX,128,4,Black,False,ASUS
Biostar B550T-SILVER,,AM4,Mini ITX,64,2,Black / Silver,False,Biostar
Asus A620M-AYW WIFI,,AM5,Micro ATX,96,2,Silver / Black,False,ASUS
MAXSUN Terminator B760ITX D4 WIFI,,LGA1700,Mini ITX,64,2,Silver / Black,False,MAXSUN
MSI B560M PRO-VDH,,LGA1200,Micro ATX,128,4,Black,False,MSI
Asus WS Z390 PRO,15000.0,LGA1151,ATX,128,4,Black / Silver,True,ASUS
MSI PRO B660M-P DDR4,,LGA1700,Micro ATX,128,4,Black / Silver,False,MSI
Asus Z97-K/CSM,,LGA1150,ATX,32,4,Black / Gold,False,ASUS
Gigabyte GA-B150M-D3H DDR3,,LGA1151,Micro ATX,64,4,Black / Silver,False,Gigabyte
ASRock Z390 Phantom Gaming-ITX/ac,,LGA1151,Mini ITX,64,2,Black / Silver,False,ASRock
Gigabyte X399 AORUS PRO,,sTR4,ATX,128,8,Black / Silver,False,Gigabyte
ASRock X570 Phantom Gaming 4 WiFi ax,,AM4,ATX,128,4,Black,False,ASRock
ASRock B560 Steel Legend,,LGA1200,ATX,128,4,Silver / Black,False,ASRock
ASRock Z690 Steel Legend WiFi 6E,,LGA1700,ATX,128,4,Silver / Black,False,ASRock
Gigabyte B660M GAMING X DDR4,,LGA1700,Micro ATX,128,4,Black,False,Gigabyte
ASRock B660M Pro RS/D5,,LGA1700,Micro ATX,192,4,Black / Gray,False,ASRock
ASRock Z270 Killer SLI/ac,14129.8,LGA1151,ATX,64,4,Black / White,True,ASRock
MSI MEG Z490 ACE,9720.0,LGA1200,ATX,128,4,Black / Gold,True,MSI
MSI X79A-GD45 Plus,,LGA2011,ATX,128,8,Black / Gray,False,MSI
Gigabyte GA-H110M-M.2,,LGA1151,Micro ATX,32,2,Black / Silver,False,Gigabyte
Asus M5A97 LE R2.0,,AM3+,ATX,32,4,Black / Blue,False,ASUS
Asus Z9PA-D8,,2 x LGA2011,ATX,64,8,Green / Blue,False,ASUS
Asus PRIME Q270M-C,,LGA1151,Micro ATX,64,4,Green / Black,False,ASUS
Asus PRIME Z270-AR,,LGA1151,ATX,64,4,Black / White,False,ASUS
MSI B350 GAMING PRO CARBON,,AM4,ATX,64,4,Black,False,MSI
Asus CROSSHAIR VI HERO (WI-FI AC),,AM4,ATX,64,4,Black / Gray,False,ASUS
ASRock X299 Taichi,,LGA2066,ATX,128,8,Black / Silver,False,ASRock
ASRock Z370M Pro4,,LGA1151,Micro ATX,64,4,Black / Silver,False,ASRock
Asus PRIME B360M-K,,LGA1151,Micro ATX,32,2,Black / Silver,False,ASUS
Asus ROG STRIX B460-F GAMING,,LGA1200,ATX,128,4,Black / Silver,False,ASUS
ASRock Z590 Steel Legend WiFi 6E,,LGA1200,ATX,128,4,Silver / Black,False,ASRock
MSI PRO Z790-P,,LGA1700,ATX,192,4,Black / Silver,False,MSI
ASRock H670 Steel Legend,3452.0,LGA1700,ATX,128,4,Silver / Gray,True,ASRock
Asus ProArt B760-CREATOR,,LGA1700,ATX,192,4,Black / Copper,False,ASUS
MSI X370 XPOWER GAMING TITANIUM,10857.8,AM4,ATX,64,4,Silver,True,MSI
Gigabyte GA-970A-DS3,,AM3+,ATX,32,4,Blue / White,False,Gigabyte
Gigabyte GA-Z77-HD3,,LGA1155,ATX,32,4,Blue / White,False,Gigabyte
MSI Z170-A PRO,,LGA1151,ATX,64,4,Brown / Black,False,MSI
MSI H110M PRO-D,,LGA1151,Micro ATX,32,2,Black / Silver,False,MSI
MSI C236M WORKSTATION,,LGA1151,Micro ATX,64,4,Black / Silver,False,MSI
MSI Z270 GAMING M7,,LGA1151,ATX,64,4,Black / Silver,False,MSI
ASRock A620M-C,,AM5,Micro ATX,256,4,Black,False,ASRock
Gigabyte Z790 D AC,,LGA1700,ATX,192,4,Gray / Black,False,Gigabyte
MSI Big Bang - XPower II,,LGA2011,XL ATX,128,8,Black,False,MSI
Gigabyte GA-Z170X-Gaming 5,9080.4,LGA1151,ATX,64,4,Black / Red,True,Gigabyte
Asus WS X299 SAGE,10469.79,LGA2066,SSI CEB,128,8,Black,True,ASUS
MSI Z370 TOMAHAWK,,LGA1151,ATX,64,4,Black / Gray,False,MSI
Gigabyte H510M K V2,,LGA1200,Micro ATX,64,2,Black / Gray,False,Gigabyte
Intel DB75EN,,LGA1155,Micro ATX,32,4,Green / Blue,False,Intel
Gigabyte GA-970A-UD3P,,AM3+,ATX,32,4,Black / Gray,False,Gigabyte
Asus Z170M-PLUS,,LGA1151,Micro ATX,64,4,Black / Gold,False,ASUS
MSI Z170A GAMING M3,,LGA1151,ATX,64,4,Black / Red,False,MSI
MSI B150 PC Mate,,LGA1151,ATX,64,4,Black / Silver,False,MSI
ASRock H110M-DGS,,LGA1151,Micro ATX,32,2,Black / Orange,False,ASRock
Gigabyte GA-B150M-DS3H,,LGA1151,Micro ATX,64,4,Black,False,Gigabyte
Asus H110M-D,,LGA1151,Micro ATX,32,2,Black / Silver,False,ASUS
Gigabyte GA-Z170-Gaming K3,,LGA1151,ATX,64,4,Black / Red,False,Gigabyte
ASRock Fatal1ty AB350 Gaming K4,,AM4,ATX,64,4,Black / Red,False,ASRock
Biostar X370GTN,,AM4,Mini ITX,32,2,Black,False,Biostar
ASRock Z390 Extreme4,,LGA1151,ATX,128,4,Black,False,ASRock
MSI A320M PRO-M2 V2,,AM4,Micro ATX,32,2,Brown / Black,False,MSI
MSI TRX40 PRO 10G,,sTRX4,ATX,256,8,Black / Silver,False,MSI
Asus PRIME A520M-A/CSM,,AM4,Micro ATX,128,4,Black / Silver,False,ASUS
MSI MEG X570S UNIFY-X MAX,,AM4,ATX,64,2,Black,False,MSI
Asus ROG STRIX B660-A GAMING WIFI,,LGA1700,ATX,128,4,Silver / Black,False,ASUS
Asus PRIME B860M-K,3581.2,LGA1851,Micro ATX,128,2,Silver / Black,True,ASUS
Gigabyte Z690 GAMING X,10300.0,LGA1700,ATX,192,4,Black / Gray,True,Gigabyte
Gigabyte B760 GAMING X WIFI6E GEN5,,LGA1700,ATX,256,4,Black / Gray,False,Gigabyte
MSI TRX40 PRO WIFI,,sTRX4,ATX,256,8,Black / Silver,False,MSI
Asus ROG MAXIMUS Z690 EXTREME,,LGA1700,EATX,192,4,,False,ASUS
Asus A55M-E,2999.8,FM2,Micro ATX,32,2,Black / Blue,True,ASUS
MSI H81M-E33,,LGA1150,Micro ATX,16,2,Black / Blue,False,MSI
Gigabyte GA-Z97X-GAMING 7,,LGA1150,ATX,32,4,Black / Red,False,Gigabyte
Asus MAXIMUS VII IMPACT,,LGA1150,Mini ITX,16,2,Black / Red,False,ASUS
Gigabyte GA-Z170-HD3,,LGA1151,ATX,64,4,Black / Gold,False,Gigabyte
MSI Z170A KRAIT GAMING 3X,,LGA1151,ATX,64,4,Black / White,False,MSI
Gigabyte Z370N WIFI,,LGA1151,Mini ITX,32,2,Black / White,False,Gigabyte
Biostar H310MHP,,LGA1151,Micro ATX,32,2,Black,False,Biostar
Gigabyte GA-B365M-D3H,,LGA1151,Micro ATX,64,4,Black / Silver,False,Gigabyte
ASRock TRX40 TAICHI,,sTRX4,ATX,256,8,Black / Silver,False,ASRock
Asus PRIME H510M-D,,LGA1200,Micro ATX,64,2,Black / Silver,False,ASUS
Asus MAXIMUS VIII GENE,7239.6,LGA1151,Micro ATX,64,4,Black / Red,True,ASUS
Asus ROG Rampage VI Extreme Encore,,LGA2066,EATX,256,8,Black / Silver,False,ASUS
ASRock Z790 PG Lightning/D4,,LGA1700,ATX,128,4,Black,False,ASRock
ASRock X470D4U,,AM4,Micro ATX,64,4,Green,False,ASRock
ASRock H310CM-HDV/M.2,,LGA1151,Micro ATX,32,2,Black,False,ASRock
MSI MAG B660M BAZOOKA DDR4,,LGA1700,Micro ATX,128,4,Green / Black,False,MSI
Gigabyte GA-990FXA-UD3,,AM3+,ATX,32,4,Black / Silver,False,Gigabyte
Gigabyte GA-G41MT-S2PT,,LGA775,Micro ATX,8,2,Blue / White,False,Gigabyte
Asus P8Z77-V LK,,LGA1155,ATX,32,4,Black / Blue,False,ASUS
ASRock H81M-HDS,,LGA1150,Micro ATX,16,2,Brown / Black,False,ASRock
MSI Z97-Gaming 3,,LGA1150,ATX,32,4,Black / Red,False,MSI
MSI X99S MPOWER,,LGA2011-3,ATX,128,8,Black / Yellow,False,MSI
MSI B150M MORTAR,,LGA1151,Micro ATX,64,4,Black / White,False,MSI
Asus STRIX H270F GAMING,,LGA1151,ATX,64,4,Black / Silver,False,ASUS
Asus ROG Strix H370-F Gaming,,LGA1151,ATX,64,4,Black,False,ASUS
Asus TUF Z370-Plus Gaming II,,LGA1151,ATX,64,4,Black / Yellow,False,ASUS
Asus PRIME Z390M-PLUS,,LGA1151,Micro ATX,128,4,White / Black,False,ASUS
Asus ROG STRIX Z490-G GAMING (WI-FI),,LGA1200,Micro ATX,128,4,Black,False,ASUS
MSI H410M-A PRO,,LGA1200,Micro ATX,64,2,Black / Silver,False,MSI
EVGA Z790 CLASSIFIED,,LGA1700,EATX,128,4,Black,False,EVGA
MSI Z790 GAMING PLUS WIFI7,,LGA1700,ATX,256,4,Black,False,MSI
MAXSUN Challenger H610M ITX 2LAN,,LGA1700,Mini ITX,64,2,Black,False,MAXSUN
Gigabyte X299 UD4 Pro,9780.0,LGA2066,ATX,128,8,Black,True,Gigabyte
MSI H510M PRO-E,,LGA1200,Micro ATX,64,2,Black / Silver,False,MSI
Gigabyte GA-Z77-D3H,,LGA1155,ATX,32,4,Blue / White,False,Gigabyte
Asus PRIME B250M-PLUS,,LGA1151,Micro ATX,64,4,Black / Red,False,ASUS
Gigabyte GA-Z270X-Ultra Gaming,,LGA1151,ATX,64,4,Black / Silver,False,Gigabyte
Asus TUF X299 MARK 2,,LGA2066,ATX,128,8,Black,False,ASUS
Asus PRIME B350M-E,,AM4,Micro ATX,32,2,Black / Red,False,ASUS
Gigabyte Z370M DS3H,,LGA1151,Micro ATX,64,4,Black / Silver,False,Gigabyte
MSI H110M PRO-VH,,LGA1151,Micro ATX,32,2,Brown / Silver,False,MSI
MSI B840M GAMING WIFI6E,,AM5,Micro ATX,128,2,White,False,MSI
MSI MAG B660M MORTAR WIFI,,LGA1700,Micro ATX,192,4,Silver / Black,False,MSI
Biostar B550MX/E PRO,,AM4,Micro ATX,128,4,Black / Silver,False,Biostar
Biostar A520MT,,AM4,Micro ATX,64,2,Black,False,Biostar
Asus P8H61-M LE/CSM R2.0,,LGA1155,Micro ATX,16,2,Black / Blue,False,ASUS
Asus H97M-E,,LGA1150,Micro ATX,32,4,Black / Gray,False,ASUS
ASRock X99M Extreme4,,LGA2011-3,Micro ATX,64,4,Black / Blue,False,ASRock
Gigabyte GA-Z170-HD3P,,LGA1151,ATX,64,4,Black,False,Gigabyte
MSI Z270 KRAIT GAMING,,LGA1151,ATX,64,4,Black / White,False,MSI
Gigabyte GA-Z270-Gaming K3,,LGA1151,ATX,64,4,Black / Red,False,Gigabyte
ASRock Z270 Extreme4,,LGA1151,ATX,64,4,Black / White,False,ASRock
ASRock AB350M-HDV,,AM4,Micro ATX,32,2,Black / White,False,ASRock
MSI Z370 GAMING PRO CARBON AC,,LGA1151,ATX,64,4,Black,False,MSI
Gigabyte Z370XP SLI (rev. 1.0),,LGA1151,ATX,64,4,Black / White,False,Gigabyte
Asus ROG STRIX B350-I GAMING,,AM4,Mini ITX,32,2,Black / Silver,False,ASUS
MSI MAG Z390M MORTAR,,LGA1151,Micro ATX,128,4,Black / Silver,False,MSI
Supermicro X11SCA-F,,LGA1151,ATX,128,4,Green / Silver,False,Supermicro
ASRock H310CM-ITX/ac,,LGA1151,Mini ITX,32,2,Black / Silver,False,ASRock
Gigabyte B460 HD3,,LGA1200,ATX,128,4,Black / Silver,False,Gigabyte
ASRock E3C246D4U2-2L2T,,LGA1151,Micro ATX,128,4,Green,False,ASRock
NZXT N7 Z490,,LGA1200,ATX,128,4,White / Black,False,NZXT
Asus TUF GAMING H570-PRO WIFI,,LGA1200,ATX,128,4,Black / Silver,False,ASUS
Asus PRIME H670-PLUS D4,,LGA1700,ATX,128,4,Silver / Black,False,ASUS
Gigabyte B650 AORUS ELITE,,AM5,ATX,192,4,Black / Silver,False,Gigabyte
ASRock Z490M Pro4,7619.8,LGA1200,Micro ATX,128,4,Black / Silver,True,ASRock
Gigabyte Z390 AORUS XTREME,14999.8,LGA1151,EATX,128,4,Black / Silver,True,Gigabyte
Asus ROG MAXIMUS XI EXTREME,13000.0,LGA1151,EATX,128,4,Black,True,ASUS
ASRock Z690 Taichi,,LGA1700,ATX,192,4,Black / Copper,False,ASRock
ASRock Fatal1ty X79 Professional,5752.2,LGA2011,ATX,32,4,Black / Red,True,ASRock
Supermicro X9SRI-F-O,14800.0,LGA2011,ATX,64,8,Green,True,Supermicro
Gigabyte B660 DS3H AX DDR4,,LGA1700,ATX,128,4,Black,False,Gigabyte
ASRock H470M-HDV/M.2,,LGA1200,Micro ATX,64,2,Black / Silver,False,ASRock
Asus P6TD Deluxe,,LGA1366,ATX,24,6,Black / Orange,False,ASUS
Asus B75M-Plus,,LGA1155,Micro ATX,32,4,Black / Blue,False,ASUS
ECS KAM1-I(1.0),,AM1,Mini ITX,16,2,Black / Gray,False,ECS
MSI X99A SLI PLUS,,LGA2011-3,ATX,128,8,Black,False,MSI
Supermicro X10SRA,,LGA2011-3,ATX,512,8,Black / Blue,False,Supermicro
Asus H110M-E/M.2,,LGA1151,Micro ATX,32,2,Black / Gold,False,ASUS
ASRock A320M Pro4,,AM4,Micro ATX,64,4,Black / White,False,ASRock
Gigabyte B360M D2V,,LGA1151,Micro ATX,32,2,Silver / Black,False,Gigabyte
Asus PRIME B360M-C/CSM,,LGA1151,Micro ATX,64,4,Green / Black,False,ASUS
MSI MAG B560M BAZOOKA,,LGA1200,Micro ATX,128,4,Black / Green,False,MSI
Asus PRIME B760M-A WIFI D4-CSM,,LGA1700,Micro ATX,128,4,Silver / Black,False,ASUS
Asus Pro A620M-DASH-CSM,3089.2,AM5,Micro ATX,96,2,Green,True,ASUS
MSI H97 PC MATE,,LGA1150,ATX,32,4,Black / Blue,False,MSI
MSI Z270 GAMING M5,9629.79,LGA1151,ATX,64,4,Black / Silver,True,MSI
ASRock Z690M Phantom Gaming 4,,LGA1700,Micro ATX,128,4,Silver / Black,False,ASRock
Asus PRIME X670E-PRO WIFI-CSM,,AM5,ATX,192,4,Silver / Black,False,ASUS
ASRock H55M-GE,1520.0,LGA1156,Micro ATX,16,4,Black / Blue,True,ASRock
MSI MAG B660 TOMAHAWK EVA e-PROJECT,,LGA1700,ATX,192,4,Purple / Black,False,MSI
Gigabyte Z490 AORUS ULTRA,,LGA1200,ATX,128,4,Black / Silver,False,Gigabyte
Gigabyte GA-970A-D3P,,AM3+/AM3,ATX,32,4,Black / Gray,False,Gigabyte
Gigabyte GA-H170M-D3H,,LGA1151,Micro ATX,64,4,Black / Gold,False,Gigabyte
Gigabyte GA-Z170MX-Gaming 5,,LGA1151,Micro ATX,64,4,Black / Red,False,Gigabyte
Asus B150 PRO GAMING/AURA,,LGA1151,ATX,64,4,Black / Red,False,ASUS
MSI H110M PRO-VD PLUS,,LGA1151,Micro ATX,32,2,Black / White,False,MSI
Asus PRIME B250-PLUS,,LGA1151,ATX,64,4,Black / Red,False,ASUS
MSI Z270 TOMAHAWK,,LGA1151,ATX,64,4,Black / Red,False,MSI
ASRock Z270M Pro4,,LGA1151,Micro ATX,64,4,Black / White,False,ASRock
Asus TUF Z370 Pro Gaming,,LGA1151,ATX,64,4,Black / Yellow,False,ASUS
ASRock Z370 Killer SLI/ac,,LGA1151,ATX,64,4,Black / Silver,False,ASRock
Asus Prime B360-Plus,,LGA1151,ATX,64,4,Black / Gray,False,ASUS
Asus TUF B360-PRO GAMING,,LGA1151,ATX,64,4,Black / Orange,False,ASUS
MSI Z370M MORTAR,,LGA1151,Micro ATX,64,4,Black / Red,False,MSI
Gigabyte B460M AORUS PRO,,LGA1200,Micro ATX,128,4,Black / Orange,False,Gigabyte
MSI MAG B460M BAZOOKA,,LGA1200,Micro ATX,128,4,Black / Silver,False,MSI
ASRock Z690 Taichi Razer Edition,,LGA1700,ATX,192,4,Black,False,ASRock
Gigabyte H610M H DDR4,,LGA1700,Micro ATX,64,2,Black / Gray,False,Gigabyte
Gigabyte Z790 AORUS XTREME,,LGA1700,EATX,192,4,Black,False,Gigabyte
ASRock B650M Pro X3D,,AM5,Micro ATX,256,4,Black / Silver,False,ASRock
Asus PRIME B650EM-A WIFI,,AM5,Micro ATX,256,4,Black / Silver,False,ASUS
Gigabyte Z590I VISION D,9180.0,LGA1200,Mini ITX,64,2,Black / White,True,Gigabyte
ASRock Z390 Phantom Gaming SLI/ac,7029.8,LGA1151,ATX,128,4,Black / Silver,True,ASRock
Gigabyte B460M GAMING HD,4340.0,LGA1200,Micro ATX,64,2,Black / Red,True,Gigabyte
MSI Z270I GAMING PRO CARBON AC,8099.8,LGA1151,Mini ITX,32,2,Black / Silver,True,MSI
Asus PRIME A320I-K/CSM,,AM4,Mini ITX,32,2,Black / Silver,False,ASUS
Gigabyte B650 Gaming X,,AM5,ATX,192,4,Black,False,Gigabyte
Asus ROG STRIX B360-H GAMING,9377.6,LGA1151,ATX,64,4,Red / Black,True,ASUS
Asus PRIME H310M-E,,LGA1151,Micro ATX,32,2,Silver / Black,False,ASUS
Asus PRIME X570-P/CSM,,AM4,ATX,128,4,Black / Silver,False,ASUS
Gigabyte GA-H81M-S2PV,,LGA1150,Micro ATX,16,2,Black,False,Gigabyte
Gigabyte GA-H81M-H,,LGA1150,Micro ATX,16,2,Black / Silver,False,Gigabyte
Gigabyte GA-H97-D3H,,LGA1150,ATX,32,4,Black / Gold,False,Gigabyte
Gigabyte GA-Z97-HD3,,LGA1150,ATX,32,4,Black / Gold,False,Gigabyte
Gigabyte GA-H97N-WIFI,,LGA1150,Mini ITX,16,2,Black / Silver,False,Gigabyte
Asus Z97-P,,LGA1150,ATX,32,4,Black / Gold,False,ASUS
MSI Z270 GAMING PLUS,,LGA1151,ATX,64,4,Black / Red,False,MSI
Asus ROG STRIX B360-G GAMING,,LGA1151,Micro ATX,64,4,Red / Black,False,ASUS
Gigabyte B360M D3P,,LGA1151,Micro ATX,64,4,Silver / Black,False,Gigabyte
Gigabyte H310M S2P,,LGA1151,Micro ATX,32,2,Silver / Brown,False,Gigabyte
Gigabyte C246-WU4,,LGA1151,ATX,128,4,Black / Silver,False,Gigabyte
Asus ROG STRIX Z490-H GAMING,,LGA1200,ATX,128,4,Black / Red,False,ASUS
ASRock H610M-HDV,,LGA1700,Micro ATX,64,2,Gray / Black,False,ASRock
Asus PRIME B760M-A AX6,,LGA1700,Micro ATX,192,4,Silver / Black,False,ASUS
MSI PRO B650-S,,AM5,ATX,256,4,Black,False,MSI
Gigabyte B760M AORUS ELITE WIFI6E GEN5,,LGA1700,Micro ATX,256,4,Black / Silver,False,Gigabyte
Asus B850M AYW GAMING WIFI,,AM5,Micro ATX,128,2,Black / Silver,False,ASUS
Asus TUF GAMING B650EM-PLUS WIFI,,AM5,Micro ATX,256,4,Black,False,ASUS
MSI Z370I GAMING PRO CARBON AC,,LGA1151,Mini ITX,32,2,Black / Silver,False,MSI
ASRock H510M-ITX/ac,,LGA1200,Mini ITX,64,2,Silver / Black,False,ASRock
Asus M5A78L-M LX PLUS,5039.59,AM3+,Micro ATX,16,2,Black / Blue,True,ASUS
Gigabyte GA-Z270X-Gaming 7,,LGA1151,ATX,64,4,Black / White,False,Gigabyte
MSI MAG B460 TORPEDO,,LGA1200,ATX,128,4,Black,False,MSI
Gigabyte GA-G31M-ES2L,,LGA775,Micro ATX,4,2,Multicolor,False,Gigabyte
Asus Sabertooth X79,,LGA2011,ATX,64,8,Brown / Black,False,ASUS
Gigabyte GA-B75M-D3V,,LGA1155,Micro ATX,16,2,Blue / White,False,Gigabyte
Asus Maximus V Formula,,LGA1155,EATX,32,4,Black / Red,False,ASUS
Asus X79 Deluxe,,LGA2011,ATX,64,8,Black / Gold,False,ASUS
Gigabyte GA-H81M-S2H,,LGA1150,Micro ATX,16,2,Black / Silver,False,Gigabyte
ASRock Z97X Killer/3.1,,LGA1150,ATX,32,4,Black / Red,False,ASRock
Gigabyte GA-B85M-DS3H-A,,LGA1150,Micro ATX,32,4,Black,False,Gigabyte
Gigabyte GA-H170-GAMING 3,,LGA1151,ATX,64,4,Black / Red,False,Gigabyte
ASRock A88M-G/3.1,,FM2+,Micro ATX,64,4,Black / Red,False,ASRock
MSI X370 SLI PLUS,,AM4,ATX,64,4,Black / White,False,MSI
ASRock X399 Phantom Gaming 6,,sTR4,ATX,128,8,Black / Silver,False,ASRock
ASRock B460M-ITX/ac,,LGA1200,Mini ITX,64,2,Black / Silver,False,ASRock
MSI MPG B460I GAMING EDGE WIFI,,LGA1200,Mini ITX,64,2,Black / Silver,False,MSI
ASRock H510M-HVS,,LGA1200,Micro ATX,64,2,Silver / Black,False,ASRock
MSI B560M PRO,,LGA1200,Micro ATX,64,2,Black,False,MSI
Biostar B650EGTQ,,AM5,Micro ATX,192,4,Black / Blue,False,Biostar
MSI B650 GAMING PLUS,,AM5,ATX,256,4,Black,False,MSI
Gigabyte B850M FORCE WIFI6E,,AM5,Micro ATX,128,2,Silver / Orange,False,Gigabyte
ASRock AD2700B-ITX,1586.2,Integrated Atom D2700,Mini ITX,4,2,Black / Blue,True,ASRock
Supermicro MBD-X11SSH-LN4F,7101.0,LGA1151,Micro ATX,64,4,Green / Black,True,Supermicro
Asus ROG Maximus XIII Extreme,,LGA1200,EATX,128,4,Silver / Black,False,ASUS
MSI X470 GAMING M7 AC,,AM4,ATX,64,4,Black / Silver,False,MSI
ASRock H410M-HVS,,LGA1200,Micro ATX,64,2,Black / Silver,False,ASRock
MSI MAG B560M MORTAR,,LGA1200,Micro ATX,128,4,Black,False,MSI
Gigabyte Z690 AERO G DDR4,,LGA1700,ATX,128,4,Black / Silver,False,Gigabyte
Asus P5G41T-M LX,,LGA775,Micro ATX,8,2,Black / Blue,False,ASUS
Asus M5A99X EVO R2.0,,AM3+,ATX,32,4,Black / Blue,False,ASUS
Asus B150M-C,,LGA1151,Micro ATX,64,4,Black / Gold,False,ASUS
Gigabyte GA-P35-DS3L,,LGA775,ATX,8,4,Multicolor,False,Gigabyte
Gigabyte GA-Z270-HD3,,LGA1151,ATX,64,4,Black / Gold,False,Gigabyte
Gigabyte GA-Z270X-Gaming 5,,LGA1151,ATX,64,4,Black / White,False,Gigabyte
ASRock Z370 Taichi,,LGA1151,ATX,64,4,Black / Silver,False,ASRock
Gigabyte Z370 AORUS Gaming 3 (rev. 1.0),,LGA1151,ATX,64,4,Black / Red,False,Gigabyte
Gigabyte H310M A,,LGA1151,Micro ATX,32,2,Silver / Brown,False,Gigabyte
ASRock Z490M-ITX/ac,,LGA1200,Mini ITX,64,2,Black / Silver,False,ASRock
MSI MAG Z590 TORPEDO,,LGA1200,ATX,128,4,Black / Blue,False,MSI
NZXT N7 Z590,,LGA1200,ATX,128,4,Black,False,NZXT
ASRock Z690 Phantom Gaming 4/D5,,LGA1700,ATX,192,4,Black / Silver,False,ASRock
Asus PRIME H610M-R D4-CSM,,LGA1700,Micro ATX,64,2,Black,False,ASUS
MSI Z790 GAMING WIFI,,LGA1700,ATX,192,4,Black,False,MSI
MSI MPG B860I EDGE TI WIFI,,LGA1851,Mini ITX,128,2,Silver,False,MSI
Gigabyte B550M H,,AM4,Micro ATX,64,2,Black / Silver,False,Gigabyte
Asus PRIME H270-PRO,21706.8,LGA1151,ATX,64,4,Black / Silver,True,ASUS
Biostar B760A-SILVER,3599.4,LGA1700,ATX,192,4,Silver / Black,True,Biostar
Asus PRIME B860M-A-CSM,4234.59,LGA1851,Micro ATX,256,4,Silver / Black,True,ASUS
Gigabyte Z590 AORUS ELITE,7580.0,LGA1200,ATX,128,4,Black,True,Gigabyte
Asus SABERTOOTH Z170 MARK 1,,LGA1151,ATX,64,4,Black,False,ASUS
ASRock Z490 Taichi,18210.8,LGA1200,ATX,128,4,Black / Gold,True,ASRock
EVGA X570 FTW WIFI,,AM4,ATX,128,4,Black,False,EVGA
Asus P6T,,LGA1366,ATX,24,6,Black / Blue,False,ASUS
Asus P8Z77-V,,LGA1155,ATX,32,4,Black / Blue,False,ASUS
Supermicro X9SRA,11926.2,LGA2011,ATX,64,8,Black / Green,True,Supermicro
Asus P8Z77-I Deluxe,,LGA1155,Mini ITX,16,2,Black / Blue,False,ASUS
Asus X99-E WS,,LGA2011-3,SSI CEB,128,8,Black / Silver,False,ASUS
Gigabyte GA-Z170X-UD3,,LGA1151,ATX,64,4,Black / Gold,False,Gigabyte
Supermicro X9DRL-3F,,2 x LGA2011,ATX,64,8,Green / Blue,False,Supermicro
Asus STRIX B250H Gaming,,LGA1151,ATX,64,4,Black / Red,False,ASUS
Asus PRIME X370-A,,AM4,ATX,64,4,Black / Red,False,ASUS
MSI X299 RAIDER,,LGA2066,ATX,128,8,Black / Silver,False,MSI
MSI H310M PRO-VH,,LGA1151,Micro ATX,32,2,Brown / Black,False,MSI
Asus PRIME H310M-A,,LGA1151,Micro ATX,32,2,Silver / Black,False,ASUS
Gigabyte B360 HD3,,LGA1151,ATX,64,4,Silver / Black,False,Gigabyte
ASRock Fatal1ty X470 Gaming-ITX/ac,,AM4,Mini ITX,32,2,Black / Silver,False,ASRock
Gigabyte H310N,,LGA1151,Mini ITX,32,2,Black,False,Gigabyte
ASRock A320M-HDV R3.0,,AM4,Micro ATX,32,2,Black,False,ASRock
Gigabyte GA-B365M-H,,LGA1151,Micro ATX,32,2,Black / Red,False,Gigabyte
Gigabyte X299X DESIGNARE 10G,17999.8,LGA2066,EATX,256,8,Black / Silver,True,Gigabyte
ASRock H410M-HDV,,LGA1200,Micro ATX,64,2,Black / Silver,False,ASRock
Asus PRIME H570-PLUS,,LGA1200,ATX,128,4,Silver / Black,False,ASUS
ASRock Z590M-ITX/ax,,LGA1200,Mini ITX,64,2,Silver / Black,False,ASRock
Asus PRIME H510M-A WIFI,,LGA1200,Micro ATX,64,2,Black / Silver,False,ASUS
Asus PRIME B760M-A D4-CSM,,LGA1700,Micro ATX,128,4,Silver / Black,False,ASUS
Asus PRIME H610M-R,,LGA1700,Micro ATX,96,2,Black,False,ASUS
MSI PRO B760-VC WIFI II,,LGA1700,ATX,192,4,Black,False,MSI
MSI MAG B850M MORTAR,,AM5,Micro ATX,256,4,Black,False,MSI
MSI MAG Z690 TORPEDO,7733.6,LGA1700,ATX,192,4,Blue / Black,True,MSI
Asus ROG MAXIMUS Z690 APEX,16252.2,LGA1700,ATX,96,2,Black / Silver,True,ASUS
ASRock H810M-X WiFi,,LGA1851,Micro ATX,128,2,Silver / Black,False,ASRock
Asus P9X79 LE,15180.0,LGA2011,ATX,64,8,Black / Blue,True,ASUS
Gigabyte Z370 AORUS GAMING WIFI (rev. 1.0),7529.8,LGA1151,ATX,64,4,Black / Red,True,Gigabyte
MSI MEG Z490 UNIFY,,LGA1200,ATX,128,4,Black / Silver,False,MSI
ASRock B760 Pro RS WiFi,,LGA1700,ATX,192,4,Black / Silver,False,ASRock
MSI MPG Z790 CARBON MAX WIFI,,LGA1700,ATX,192,4,Black,False,MSI
Asus P5KPL-AM EPU,,LGA775,Micro ATX,4,2,Multicolor,False,ASUS
ASRock Z97 Extreme6,,LGA1150,ATX,32,4,Black / Blue,False,ASRock
Asus H97-PLUS,,LGA1150,ATX,32,4,Black / Gold,False,ASUS
Gigabyte GA-Z97-D3H,,LGA1150,ATX,32,4,Black / Gold,False,Gigabyte
Gigabyte GA-X99-UD4,,LGA2011-3,ATX,128,8,Black / Yellow,False,Gigabyte
Supermicro H8DG6-F,,2 x G34,EATX,512,16,Black / Blue,False,Supermicro
Gigabyte GA-Z170N-WIFI,,LGA1151,Mini ITX,32,2,Black,False,Gigabyte
Asus H170M-PLUS,,LGA1151,Micro ATX,64,4,Black / Gold,False,ASUS
MSI C236A WORKSTATION,,LGA1151,ATX,64,4,Black / White,False,MSI
Asus X99-E,,LGA2011-3,ATX,128,8,Black / Silver,False,ASUS
Asus MAXIMUS IX FORMULA,,LGA1151,ATX,64,4,Black,False,ASUS
Asus PRIME X299-A,,LGA2066,ATX,128,8,Black / Silver,False,ASUS
MSI Z370 KRAIT GAMING,,LGA1151,ATX,64,4,Black / White,False,MSI
Asus PRIME A320M-C R2.0,,AM4,Micro ATX,32,2,Black / Gold,False,ASUS
Asus ROG Strix H370-I Gaming,,LGA1151,Mini ITX,32,2,Black / Silver,False,ASUS
Gigabyte H310M DS2,,LGA1151,Micro ATX,32,2,Silver / Black,False,Gigabyte
ASRock Z390M Pro4,,LGA1151,Micro ATX,128,4,Black / Silver,False,ASRock
Asus PRIME B460M-K,,LGA1200,Micro ATX,64,2,Silver / Black,False,ASUS
MSI MEG Z590I UNIFY,,LGA1200,Mini ITX,64,2,Black,False,MSI
EVGA Z690 DARK K|NGP|N,,LGA1700,EATX,64,2,Black / Gold,False,EVGA
Gigabyte B660M AORUS ELITE AX DDR4,,LGA1700,Micro ATX,128,4,Black,False,Gigabyte
ASRock Z690-C/ac,,LGA1700,ATX,128,4,Black / Silver,False,ASRock
Gigabyte B860M DS3H,4610.4,LGA1851,Micro ATX,256,4,Silver / Black,True,Gigabyte
Asus Z170 PRO GAMING/AURA,12815.2,LGA1151,ATX,64,4,Black / Silver,True,ASUS
Gigabyte B560M AORUS PRO,,LGA1200,Micro ATX,128,4,Black,False,Gigabyte
Gigabyte X870 AORUS TACHYON ICE,,AM5,EATX,128,2,White / Silver,False,Gigabyte
Asus PRIME Z270M-PLUS,,LGA1151,Micro ATX,64,4,Black / Silver,False,ASUS
Gigabyte B760 AORUS ELITE AX DDR4,,LGA1700,ATX,128,4,Black / Silver,False,Gigabyte
EVGA 270-WS-W555-A1,,2 x LGA1366,HPTX,48,12,Black / Red,False,EVGA
Asus Sabertooth X58,,LGA1366,ATX,24,6,Brown / Black,False,ASUS
Gigabyte GA-X79S-UP5-WIFI,,LGA2011,EATX,64,8,Black / Blue,False,Gigabyte
ASRock 990FX Extreme9,,AM3+,ATX,64,4,Black / Gold,False,ASRock
Asus Z97-PRO,,LGA1150,ATX,32,4,Black / Gold,False,ASUS
ASRock X99 Extreme11,,LGA2011-3,EATX,128,8,Black / Blue,False,ASRock
Asus SABERTOOTH Z170 S,,LGA1151,ATX,64,4,White / Gray,False,ASUS
Gigabyte GA-H270-Gaming 3,,LGA1151,ATX,64,4,Black / Silver,False,Gigabyte
Gigabyte GA-AX370-Gaming,,AM4,ATX,64,4,Black / Red,False,Gigabyte
Asus ROG MAXIMUS XI CODE,,LGA1151,ATX,128,4,Black,False,ASUS
MSI MEG X299 CREATION,,LGA2066,EATX,128,8,Black,False,MSI
ASRock Z690 Extreme WiFi 6E,,LGA1700,ATX,128,4,Black / Blue,False,ASRock
Gigabyte Z790 D DDR4,,LGA1700,ATX,128,4,Black,False,Gigabyte
Asus PRIME B650-PLUS-CSM,,AM5,ATX,192,4,Silver / Black,False,ASUS
Gigabyte Z690I AORUS ULTRA,,LGA1700,Mini ITX,96,2,Black / Silver,False,Gigabyte
Asus PRIME X299-DELUXE,,LGA2066,ATX,128,8,Black / Silver,False,ASUS
Gigabyte GA-Z77X-UD5H,,LGA1155,ATX,32,4,Black / Blue,False,Gigabyte
Biostar AM1ML,,AM1,Micro ATX,16,2,Black / Yellow,False,Biostar
Asus Z97M-PLUS,,LGA1150,Micro ATX,32,4,Black / Gold,False,ASUS
Supermicro X10DRL-i,,2 x LGA2011,ATX,512,8,Green,False,Supermicro
MSI H170 Gaming M3,,LGA1151,ATX,64,4,Black / Red,False,MSI
Asus B150M-A/M.2,,LGA1151,Micro ATX,64,4,Black / Gold,False,ASUS
MSI H270 GAMING M3,,LGA1151,ATX,64,4,Black / Red,False,MSI
Gigabyte GA-H270-HD3,,LGA1151,ATX,64,4,Black / Gold,False,Gigabyte
ASRock H270M-ITX/ac,,LGA1151,Mini ITX,32,2,Black / Silver,False,ASRock
MSI Z270 TOMAHAWK ARCTIC,,LGA1151,ATX,64,4,White,False,MSI
ASRock A320M-DGS,,AM4,Micro ATX,32,2,Black / Silver,False,ASRock
Gigabyte X399 AORUS Gaming 7,,sTR4,ATX,128,8,Black / Silver,False,Gigabyte
Gigabyte Z370 AORUS Ultra Gaming (rev. 1.0),,LGA1151,ATX,64,4,Black / Red,False,Gigabyte
MSI X399 SLI PLUS,,sTR4,ATX,128,8,Black,False,MSI
MSI B360M PRO-VD,,LGA1151,Micro ATX,32,2,Brown / Black,False,MSI
ASRock B360M-ITX/ac,,LGA1151,Mini ITX,32,2,Black / Silver,False,ASRock
Gigabyte B360N WIFI,,LGA1151,Mini ITX,32,2,Black,False,Gigabyte
Gigabyte X399 AORUS XTREME,,sTR4,EATX,128,8,Black / Silver,False,Gigabyte
Asus WS C246 PRO,,LGA1151,ATX,64,4,Black / Silver,False,ASUS
ASRock Z390 STEEL LEGEND,,LGA1151,ATX,128,4,Silver / Black,False,ASRock
Gigabyte H470 HD3,,LGA1200,ATX,128,4,Black / Silver,False,Gigabyte
ASRock B460 Phantom Gaming 4,,LGA1200,ATX,128,4,Black,False,ASRock
Gigabyte B550 AORUS PRO AX,,AM4,ATX,128,4,Black,False,Gigabyte
ASRock Z590 Steel Legend,,LGA1200,ATX,128,4,Silver / Black,False,ASRock
ASRock Z690M PG RIPTIDE/D5,,LGA1700,Micro ATX,192,4,Black / Silver,False,ASRock
EVGA Z790 DARK K|NGP|N,,LGA1700,EATX,64,2,Black,False,EVGA
Gigabyte B760M GAMING WIFI,,LGA1700,Micro ATX,128,2,Silver / Black,False,Gigabyte
Asus Z890 MAX GAMING WIFI7,,LGA1851,ATX,256,4,Silver / Black,False,ASUS
Asus Pro B460M-C/CSM,,LGA1200,Micro ATX,128,4,Green / Black,False,ASUS
ASRock Z590 Phantom Gaming-ITX/TB4,10399.79,LGA1200,Mini ITX,64,2,Black / Red,True,ASRock
ASRock B365M-ITX/ac,,LGA1151,Mini ITX,32,2,Black / Silver,False,ASRock
ASRock H670 PG Riptide,,LGA1700,ATX,128,4,Black,False,ASRock
Supermicro MBD-X11SCV-Q-O,6860.0,LGA1151,Mini ITX,64,2,Green / Black,True,Supermicro
Gigabyte B660 AORUS Master,7300.0,LGA1700,ATX,192,4,Black,True,Gigabyte
Gigabyte GA-Z87-D3HP,15797.4,LGA1150,ATX,32,4,Black / Gray,True,Gigabyte
Intel DZ77GA70K,,LGA1155,ATX,32,4,Black / Blue,False,Intel
Gigabyte Z690 UD AX,,LGA1700,ATX,192,4,Black,False,Gigabyte
Asus M4A785-M,2854.0,AM3/AM2+/AM2,Micro ATX,16,4,Black / Blue,True,ASUS
Intel DH61ZE,,LGA1155,Micro ATX,16,2,Green / Blue,False,Intel
Asus Rampage IV Gene,,LGA2011,Micro ATX,32,4,Black / Red,False,ASUS
ASRock B85M Pro4,,LGA1150,Micro ATX,32,4,Brown / Black,False,ASRock
MSI Z87-GD65 Gaming,,LGA1150,ATX,32,4,Black / Red,False,MSI
MSI Z170A GAMING PRO,,LGA1151,ATX,64,4,Black / Red,False,MSI
Gigabyte G1.Sniper B7,,LGA1151,ATX,64,4,Black / Green,False,Gigabyte
Gigabyte GA-X99-Designare EX,,LGA2011-3,ATX,128,8,White / Blue,False,Gigabyte
Gigabyte GA-A320M-HD2,,AM4,Micro ATX,32,2,Black,False,Gigabyte
MSI B350M PRO-VD PLUS,,AM4,Micro ATX,32,2,Brown / Black,False,MSI
MSI Z370M GAMING PRO AC,,LGA1151,Micro ATX,64,4,Black / Silver,False,MSI
MSI B360M GAMING PLUS,,LGA1151,Micro ATX,32,2,Black / Red,False,MSI
ASRock Fatal1ty X470 Gaming K4,,AM4,ATX,64,4,Black / Silver,False,ASRock
Asus PRIME Z490M-PLUS,,LGA1200,Micro ATX,128,4,Black / White,False,ASUS
MSI MAG B550 TORPEDO,,AM4,ATX,128,4,Black,False,MSI
MSI MEG Z590 ACE,,LGA1200,ATX,128,4,Black,False,MSI
ASRock B560M Pro4/ac,,LGA1200,Micro ATX,128,4,Silver / Black,False,ASRock
Gigabyte B660M AORUS Pro DDR4,,LGA1700,Micro ATX,128,4,Black,False,Gigabyte
MSI MPG Z590M GAMING EDGE WIFI,,LGA1200,Micro ATX,128,4,Black,False,MSI
Gigabyte B760M D2H DDR4,,LGA1700,Micro ATX,64,2,Black,False,Gigabyte
Asus B860M MAX GAMING AX,,LGA1851,Micro ATX,256,4,Silver / Black,False,ASUS
ASRock B760M PG Lightning/D4,,LGA1700,Micro ATX,128,4,Black,False,ASRock
Gigabyte H610M H,,LGA1700,Micro ATX,64,2,Brown / Silver,False,Gigabyte
MSI Z370 PC PRO,,LGA1151,ATX,64,4,Black / White,False,MSI
Asus PRIME H510M-A R2.0,,LGA1200,Micro ATX,64,2,Silver / Black,False,ASUS
MSI B450M BAZOOKA PLUS,,AM4,Micro ATX,64,4,Black,False,MSI
ASRock X370M Pro4,,AM4,Micro ATX,64,4,Black / White,False,ASRock
Asus P8Z68-V LX,,LGA1155,ATX,32,4,Black / Blue,False,ASUS
Asus H81I-PLUS,,LGA1150,Mini ITX,16,2,Black / Gold,False,ASUS
MSI H81M-E34,,LGA1150,Micro ATX,16,2,Black / Silver,False,MSI
ASRock Z97 Extreme4,,LGA1150,ATX,32,4,Black / Blue,False,ASRock
Asus Z97-PRO(Wi-Fi ac),,LGA1150,ATX,32,4,Black / Gold,False,ASUS
Gigabyte GA-Z97MX-Gaming 5,,LGA1150,Micro ATX,32,4,Black / Red,False,Gigabyte
Asus B85M-G R2.0,,LGA1150,Micro ATX,32,4,Black / Gold,False,ASUS
Gigabyte GA-H81M-S1,,LGA1150,Micro ATX,16,2,Black,False,Gigabyte
Asus X99-A/USB 3.1,,LGA2011-3,ATX,64,8,Black / Silver,False,ASUS
Supermicro MBD-X11SSV-Q-O,5868.2,LGA1151,Mini ITX,32,2,Green,True,Supermicro
Supermicro X10SRM-TF,,LGA2011-3 Narrow,Micro ATX,512,4,Black / Green,False,Supermicro
Gigabyte GA-B250M-D2V,,LGA1151,Micro ATX,32,2,Black / Silver,False,Gigabyte
Gigabyte GA-Z270XP-SLI,,LGA1151,ATX,64,4,Black / Red,False,Gigabyte
MSI A320M GAMING PRO,,AM4,Micro ATX,32,2,Black / Red,False,MSI
ASRock Fatal1ty Z370 Gaming-ITX/ac,,LGA1151,Mini ITX,32,2,Black / Silver,False,ASRock
Gigabyte Z370 HD3P (rev. 1.0),,LGA1151,ATX,64,4,Black / Gray,False,Gigabyte
Gigabyte GA-A320MA-M.2 (rev. 1.0),,AM4,Micro ATX,64,4,Brown / Black,False,Gigabyte
ASRock B360 Pro4,,LGA1151,ATX,64,4,Black / Silver,False,ASRock
MSI H310M PRO-VD,,LGA1151,Micro ATX,32,2,Brown / Black,False,MSI
MSI H310M PRO-VDH,,LGA1151,Micro ATX,32,2,Brown / Black,False,MSI
MSI B350I PRO AC,,AM4,Mini ITX,32,2,Brown / Black,False,MSI
Asus TUF H310M-PLUS GAMING,,LGA1151,Micro ATX,32,2,Black / Gold,False,ASUS
ASRock B460 Steel Legend,,LGA1200,ATX,128,4,Black / Silver,False,ASRock
Asus ROG STRIX B460-I GAMING,,LGA1200,Mini ITX,64,2,Black / Silver,False,ASUS
ASRock H510M-HDV/M.2,,LGA1200,Micro ATX,64,2,Silver / Black,False,ASRock
Asus PRIME A620M-E,,AM5,Micro ATX,96,2,Black / Silver,False,ASUS
MSI PRO B760M-A DDR4 II,,LGA1700,Micro ATX,128,4,Silver / Black,False,MSI
ASRock B650 PG Lightning WiFi,,AM5,ATX,256,4,Black / Gray,False,ASRock
Gigabyte Z790 S WIFI DDR4 (rev. 1.1/1.2),,LGA1700,ATX,128,4,Black,False,Gigabyte
Gigabyte B760M K V2 DDR4,,LGA1700,Micro ATX,64,2,Black,False,Gigabyte
Gigabyte B850M AORUS ELITE,,AM5,Micro ATX,256,4,Black,False,Gigabyte
MAXSUN iCraft Z790ITX WIFI,,LGA1700,Mini ITX,96,2,Black / Silver,False,MAXSUN
Gigabyte B760M GAMING X WIFI6E GEN5,,LGA1700,Micro ATX,256,4,Black / Gray,False,Gigabyte
MSI X370 GAMING PRO,,AM4,ATX,64,4,Black / Red,False,MSI
ASRock X570 Extreme4,,AM4,ATX,128,4,Black / Silver,False,ASRock
Biostar B760MX2-E D4,,LGA1700,Micro ATX,64,2,Black,False,Biostar
Asus TUF GAMING B760M-BTF WIFI D4,,LGA1700,Micro ATX,128,4,Black,False,ASUS
Gigabyte H510M K,,LGA1200,Micro ATX,64,2,Black,False,Gigabyte
Colorful CVN Z790D5 GAMING FROZEN V20,,LGA1700,ATX,192,4,Silver / Copper,False,Colorful
Intel DQ57TM,,LGA1156,Micro ATX,16,4,Green / Blue,False,Intel
Gigabyte GA-H81M-HD3,,LGA1150,Micro ATX,16,2,,False,Gigabyte
MSI H81M-E35,,LGA1150,Micro ATX,16,2,Black / Blue,False,MSI
ASRock Z97 Anniversary,,LGA1150,ATX,32,4,Black / Blue,False,ASRock
Asus A68HM-K,,FM2+,Micro ATX,32,2,Black / Gold,False,ASUS
Asus Z170-PRO,,LGA1151,ATX,64,4,Black / White,False,ASUS
Asus H110M-A,,LGA1151,Micro ATX,32,2,Black / Gold,False,ASUS
Asus H110M-PLUS,,LGA1151,Micro ATX,32,2,Black / Gold,False,ASUS
MSI B250M MORTAR ARCTIC,,LGA1151,Micro ATX,64,4,White,False,MSI
ASRock Fatal1ty X399 Professional Gaming,,sTR4,ATX,128,8,Black / Silver,False,ASRock
MSI X399 GAMING PRO CARBON AC,,sTR4,ATX,128,8,Black / Silver,False,MSI
Asus ROG STRIX X370-I GAMING,,AM4,Mini ITX,32,2,Black / Silver,False,ASUS
ASRock X370 Pro4,,AM4,ATX,64,4,Black / White,False,ASRock
Gigabyte B360M AORUS GAMING 3,,LGA1151,Micro ATX,64,4,Black / Orange,False,Gigabyte
Gigabyte B360M HD3,,LGA1151,Micro ATX,32,2,Silver / Black,False,Gigabyte
ASRock B360M Performance,,LGA1151,Micro ATX,64,4,Black / Silver,False,ASRock
ASRock X370M-HDV,,AM4,Micro ATX,32,2,Black / Silver,False,ASRock
Gigabyte Q370M D3H GSM PLUS,,LGA1151,Micro ATX,64,4,Black,False,Gigabyte
Asus TUF B360M-PLUS GAMING S,,LGA1151,Micro ATX,64,4,Black / Gold,False,ASUS
Asus TUF GAMING H470-PRO (WI-FI),,LGA1200,ATX,128,4,Black / Silver,False,ASUS
Biostar A32M2,,AM4,Micro ATX,32,2,Black,False,Biostar
ASRock B560M Steel Legend,,LGA1200,Micro ATX,128,4,Silver / Black,False,ASRock
Gigabyte Z690I AORUS ULTRA LITE,,LGA1700,Mini ITX,96,2,Black,False,Gigabyte
ASRock Z690 STEEL LEGEND/D5,,LGA1700,ATX,192,4,Black / White,False,ASRock
ASRock 880GMH/U3S3,1520.6,AM3+,Micro ATX,32,4,Black / Blue,True,ASRock
Gigabyte H610M K,,LGA1700,Micro ATX,96,2,Brown / Gray,False,Gigabyte
Gigabyte Z690M DS3H DDR4,,LGA1700,Micro ATX,128,4,Brown / Gray,False,Gigabyte
Asus PRIME H610M-D,,LGA1700,Micro ATX,96,2,Black,False,ASUS
Gigabyte Z890 AORUS TACHYON ICE,,LGA1851,EATX,256,2,White,False,Gigabyte
MSI H55M-E23,3180.0,LGA1156,Micro ATX,8,2,Black / Blue,True,MSI
Asus TUF GAMING B660M-E D4,,LGA1700,Micro ATX,128,4,Black / Orange,False,ASUS
ASRock H61M-VS,,LGA1155,Micro ATX,16,2,Black / Blue,False,ASRock
Asus KGPE-D16,,2 x G34,SSI EEB,256,16,Multicolor,False,ASUS
MSI X79MA-GD45,,LGA2011,Micro ATX,64,4,Black / Blue,False,MSI
Asus P8B75-M/CSM,,LGA1155,Micro ATX,32,4,Black / Blue,False,ASUS
EVGA Classified SR-X,,2 x LGA2011,HPTX,96,12,Black / Red,False,EVGA
Intel DQ77KB,,LGA1155,Thin Mini ITX,16,2,Green / Black,False,Intel
Asus Maximus V Extreme,,LGA1155,EATX,32,4,Black / Red,False,ASUS
Asus F2A85-M PRO,,FM2,Micro ATX,64,4,Black / Blue,False,ASUS
ASRock Z87 Extreme4,,LGA1150,ATX,32,4,Brown / Black,False,ASRock
Asus MAXIMUS VII FORMULA,,LGA1150,ATX,32,4,Black / Red,False,ASUS
ASRock X99 Extreme4,,LGA2011-3,ATX,128,8,Black / Blue,False,ASRock
ASRock X99E-ITX/ac,,LGA2011-3 Narrow,Mini ITX,32,2,Black / Blue,False,ASRock
Gigabyte GA-H170N-WIFI,,LGA1151,Mini ITX,32,2,Black,False,Gigabyte
Gigabyte GA-F2A68HM-S1,,FM2+,Micro ATX,64,2,Black,False,Gigabyte
Asus TUF Z270 MARK 1,,LGA1151,ATX,64,4,Camo,False,ASUS
MSI B250I PRO,,LGA1151,Mini ITX,32,2,Black,False,MSI
Intel BBS2600CP2J,,2 x LGA2011,SSI EEB,512,16,Black / Green,False,Intel
Asus TUF B350M-PLUS GAMING,,AM4,Micro ATX,64,4,Black / Yellow,False,ASUS
MSI A320M PRO-VD PLUS,,AM4,Micro ATX,32,2,Brown / Black,False,MSI
Gigabyte GA-AX370-Gaming 3,,AM4,ATX,64,4,Brown / Red,False,Gigabyte
Gigabyte Z370 AORUS ULTRA GAMING WIFI,,LGA1151,ATX,64,4,Black,False,Gigabyte
MSI B450M PRO-M2 V2,,AM4,Micro ATX,32,2,Brown / Black,False,MSI
MSI MEG Z490 GODLIKE,,LGA1200,EATX,128,4,Black / Silver,False,MSI
Gigabyte B460 AORUS PRO AC,,LGA1200,ATX,128,4,Black / Silver,False,Gigabyte
Gigabyte B660M GAMING AC DDR4,,LGA1700,Micro ATX,64,2,Black / Red,False,Gigabyte
Biostar B450MX,,AM4,Micro ATX,128,4,Brown / Black,False,Biostar
Asus PRIME A620M-A,,AM5,Micro ATX,192,4,Silver / Black,False,ASUS
Asus PRIME B760M-F D4,,LGA1700,Micro ATX,64,2,Black / Silver,False,ASUS
Biostar B760NH-E,,LGA1700,Mini ITX,96,2,Silver / Black,False,Biostar
ASRock A785GM-LE/128M,1242.39,AM3/AM2+/AM2,Micro ATX,8,2,Multicolor,True,ASRock
Supermicro MBD-X11SAE-F-O,6580.0,LGA1151,ATX,64,4,Black / Green,True,Supermicro
Gigabyte B650M C,,AM5,Micro ATX,192,4,Brown / Black,False,Gigabyte
Asus MAXIMUS VIII IMPACT,,LGA1151,Mini ITX,32,2,Black / Red,False,ASUS
MSI MAG B760M MORTAR MAX WIFI,,LGA1700,Micro ATX,192,4,Silver / Black,False,MSI
Asus P7P55D,,LGA1156,ATX,16,4,Black / Blue,False,ASUS
Gigabyte GA-X79-UD3,,LGA2011,ATX,32,4,Black,False,Gigabyte
MSI 760GM-P23 (FX),,AM3+,Micro ATX,16,2,Black / Blue,False,MSI
Asus P8H61-I R2.0,,LGA1155,Mini ITX,16,2,Black / Blue,False,ASUS
Gigabyte GA-B85M-DS3H,,LGA1150,Micro ATX,32,4,Black / Gray,False,Gigabyte
MSI B85-G43 GAMING,,LGA1150,ATX,32,4,Black / Red,False,MSI
Gigabyte GA-Z97X-Gaming 5,,LGA1150,ATX,32,4,Black / Red,False,Gigabyte
Gigabyte GA-Z170X-Gaming G1,,LGA1151,EATX,64,4,Black / Red,False,Gigabyte
Gigabyte GA-H110M-H DDR3,,LGA1151,Micro ATX,32,2,Black / Silver,False,Gigabyte
Gigabyte GA-X99-Ultra Gaming,,LGA2011-3,ATX,128,8,Black / Red,False,Gigabyte
Gigabyte GA-F2A88XM-D3HP,,FM2+,Micro ATX,64,4,Black,False,Gigabyte
Asus TUF SABERTOOTH 990FX R3.0,,AM3+/AM3,ATX,32,4,Black,False,ASUS
ASRock Fatal1ty Z270 Gaming K6,,LGA1151,ATX,64,4,Black / Red,False,ASRock
ASRock Z170 Pro4/D3,,LGA1151,ATX,64,4,Black / Orange,False,ASRock
ASRock Fatal1ty X370 Professional Gaming,,AM4,ATX,64,4,Black / Red,False,ASRock
Gigabyte H370 HD3,,LGA1151,ATX,64,4,Black / Silver,False,Gigabyte
ASRock H310M-HDV/M.2,,LGA1151,Micro ATX,32,2,Black / Silver,False,ASRock
NZXT N7 Z390,,LGA1151,ATX,64,4,White / Black,False,NZXT
Gigabyte C246M-WU4,,LGA1151,Micro ATX,128,4,Black,False,Gigabyte
ASRock Z490 Extreme4,,LGA1200,ATX,128,4,Black / Silver,False,ASRock
Asus ProART Z490-CREATOR 10G,,LGA1200,ATX,128,4,Black,False,ASUS
Asus TUF GAMING B460-PRO (WI-FI),,LGA1200,ATX,128,4,Black / Gold,False,ASUS
Colorful CVN B550M GAMING FROZEN V14,,AM4,Micro ATX,128,4,White / Silver,False,Colorful
Asus TUF GAMING B560M-E,,LGA1200,Micro ATX,128,4,Black / Gold,False,ASUS
Gigabyte B660M GAMING X AX DDR4,,LGA1700,Micro ATX,128,4,Black,False,Gigabyte
Gigabyte B660M GAMING DDR4,,LGA1700,Micro ATX,64,2,Black / Red,False,Gigabyte
MSI MEG Z690 GODLIKE,,LGA1700,EATX,192,4,Black / Silver,False,MSI
Biostar B660MXC PRO,,LGA1700,Micro ATX,128,4,Black / Silver,False,Biostar
MSI PRO B660M-P WIFI DDR4,,LGA1700,Micro ATX,128,4,Black,False,MSI
Colorful BATTLE-AX Z790M-PLUS D5 V20,,LGA1700,Micro ATX,128,4,Black / Orange,False,Colorful
MSI MAG B760M MORTAR II,,LGA1700,Micro ATX,192,4,Silver / Black,False,MSI
Gigabyte B760M DS3H WIFI6E DDR4 GEN5,,LGA1700,Micro ATX,128,4,Black,False,Gigabyte
Asus Pro H510M-CT/CSM,3669.6,LGA1200,Micro ATX,64,2,Green,True,ASUS
Gigabyte X299 DESIGNARE EX,15379.8,LGA2066,ATX,128,8,Black / Silver,True,Gigabyte
Biostar Z690GTA,,LGA1700,ATX,128,4,Blue / Black,False,Biostar
ASRock H410M-ITX/ac,,LGA1200,Mini ITX,64,2,Black,False,ASRock
ASRock Fatal1ty Z170 Gaming-ITX/ac,,LGA1151,Mini ITX,32,2,Black / Red,False,ASRock
Supermicro C9X299-PGF,9640.0,LGA2066,ATX,128,8,Black,True,Supermicro
ASRock B660M Pro RS/ax,,LGA1700,Micro ATX,128,4,Silver / Black,False,ASRock
Biostar B560MHP 2.0,,LGA1200,Micro ATX,64,2,Black,False,Biostar
Biostar H81MHV3,,LGA1150,Micro ATX,16,2,Black / Yellow,False,Biostar
Asus Maximus V Gene,,LGA1155,Micro ATX,32,4,Black / Red,False,ASUS
Gigabyte GA-H77N-WIFI,,LGA1155,Mini ITX,16,2,Black / Silver,False,Gigabyte
Asus Z87-K,,LGA1150,ATX,32,4,,False,ASUS
MSI Z87-G41 PC Mate,,LGA1150,ATX,32,4,Black / Blue,False,MSI
Biostar AM1MHP,,AM1,Micro ATX,16,2,Black / Yellow,False,Biostar
MSI B85M-E45,,LGA1150,Micro ATX,32,4,Black / Blue,False,MSI
Gigabyte GA-990FXA-UD3 R5,,AM3+,ATX,32,4,Black,False,Gigabyte
Asus B150M PRO GAMING,,LGA1151,Micro ATX,64,4,Black / Red,False,ASUS
Gigabyte GA-H110M-S2,,LGA1151,Micro ATX,32,2,Black / White,False,Gigabyte
Gigabyte GA-Z270X-Gaming K5,,LGA1151,ATX,64,4,Black / Silver,False,Gigabyte
ASRock Z270 Taichi,,LGA1151,ATX,64,4,Black / White,False,ASRock
MSI A320M BAZOOKA,,AM4,Micro ATX,64,4,Black / White,False,MSI
Asus ROG CROSSHAIR VI EXTREME,,AM4,EATX,64,4,Black / Silver,False,ASUS
Asus ROG RAMPAGE VI EXTREME,,LGA2066,EATX,128,8,Black / Silver,False,ASUS
Gigabyte Z370M D3H (rev. 1.0),,LGA1151,Micro ATX,64,4,Black / Gray,False,Gigabyte
MSI B350 TOMAHAWK PLUS,,AM4,ATX,64,4,Black / Red,False,MSI
MSI A320M PRO-VD/S,,AM4,Micro ATX,32,2,Brown / Black,False,MSI
Asus ROG MAXIMUS X FORMULA,,LGA1151,ATX,128,4,Black,False,ASUS
MSI H310M PRO-M2,,LGA1151,Micro ATX,32,2,Brown / Black,False,MSI
Asus TUF H370-Pro Gaming (WI-FI),,LGA1151,ATX,64,4,Black / Silver,False,ASUS
NZXT N7 Z390,,LGA1151,ATX,64,4,Black,False,NZXT
ASRock H110M-DVS R3.0,,LGA1151,Micro ATX,32,2,Black,False,ASRock
ASRock B460M-HDV,,LGA1200,Micro ATX,64,2,Black,False,ASRock
MSI B460M PRO,,LGA1200,Micro ATX,64,2,Black,False,MSI
Colorful BATTLE-AX B550M-HD PRO V14,,AM4,Micro ATX,64,2,Black,False,Colorful
ASRock B660 Steel Legend,,LGA1700,ATX,128,4,Silver / Black,False,ASRock
Asus PRIME A520M-R-CSM,,AM4,Micro ATX,64,2,Silver / Black,False,ASUS
Gigabyte B760M DS3H GEN5,,LGA1700,Micro ATX,256,4,Black,False,Gigabyte
Biostar B760M-SILVER,7111.2,LGA1700,Micro ATX,192,4,Silver / Black,True,Biostar
Asus Pro B760M-C-CSM,,LGA1700,Micro ATX,128,4,Green / Black,False,ASUS
MSI MAG B760M MORTAR,,LGA1700,Micro ATX,192,4,Silver / Black,False,MSI
ASRock Z490 Phantom Gaming-ITX/TB3,,LGA1200,Mini ITX,64,2,Black,False,ASRock
MSI H310-A PRO,,LGA1151,ATX,32,2,Brown / Black,False,MSI
Asus PRIME H610M-E-CSM,,LGA1700,Micro ATX,96,2,Silver / Black,False,ASUS
Gigabyte GA-X58A-UD3R,,LGA1366,ATX,24,6,Blue / White,False,Gigabyte
ASRock P45X3 Deluxe,,LGA775,ATX,16,4,Black / Blue,False,ASRock
Intel DQ67SWB3,,LGA1155,Micro ATX,32,4,Green / Blue,False,Intel
ASRock 970 Extreme4,,AM3+,ATX,32,4,Black / Blue,False,ASRock
Asus Rampage IV Extreme,,LGA2011,EATX,64,8,Black / Red,False,ASUS
Asus P8Z77-M PRO,,LGA1155,Micro ATX,32,4,Black / Blue,False,ASUS
MSI B75MA-P45,,LGA1155,Micro ATX,32,4,Black / Blue,False,MSI
Asus Z87-Plus,,LGA1150,ATX,32,4,Black / Gold,False,ASUS
MSI A68HM-E33 V2,,FM2+,Micro ATX,32,2,Black,False,MSI
MSI X99A SLI KRAIT EDITION,,LGA2011-3,ATX,128,8,Black / White,False,MSI
Gigabyte GA-Z170X-UD5,,LGA1151,ATX,64,4,Black / Gold,False,Gigabyte
ASRock B150M Pro4,,LGA1151,Micro ATX,64,4,Black / Orange,False,ASRock
Gigabyte GA-Z170N-Gaming 5,,LGA1151,Mini ITX,32,2,Black / Red,False,Gigabyte
MSI H110M ECO,,LGA1151,Micro ATX,32,2,Black,False,MSI
ASRock B250 Pro4,,LGA1151,ATX,64,4,Black / White,False,ASRock
ASRock Fatal1ty X370 Gaming K4,,AM4,ATX,64,4,Black / Red,False,ASRock
Biostar B350GT5,,AM4,ATX,64,4,Black / White,False,Biostar
MSI X299 SLI PLUS,,LGA2066,ATX,128,8,Blue / Silver,False,MSI
EVGA X299 DARK,,LGA2066,EATX,64,4,Black / Silver,False,EVGA
MSI B360M MORTAR TITANIUM,,LGA1151,Micro ATX,64,4,White,False,MSI
Asus PRIME Q370M-C/CSM,,LGA1151,Micro ATX,64,4,Green / Black,False,ASUS
ASRock X570 Phantom Gaming X,,AM4,ATX,128,4,Black / Silver,False,ASRock
Gigabyte C246N-WU2,,LGA1151,Mini ITX,64,2,Black,False,Gigabyte
Biostar H410MH,,LGA1200,Micro ATX,64,2,Black,False,Biostar
ASRock Z590 Phantom Gaming 4,,LGA1200,ATX,128,4,Silver / Black,False,ASRock
Asus ROG STRIX B560-I GAMING WIFI,,LGA1200,Mini ITX,64,2,Black,False,ASUS
Biostar H610MH,,LGA1700,Micro ATX,64,2,Gray / Black,False,Biostar
Asus PRIME H310M-D R2.0,,LGA1151,Micro ATX,32,2,Black,False,ASUS
Biostar B550M-SILVER,,AM4,Micro ATX,128,4,Black / Silver,False,Biostar
Asus PRIME H610I-PLUS,,LGA1700,Mini ITX,96,2,Black / Silver,False,ASUS
Gigabyte B850M DS3H ICE,,AM5,Micro ATX,256,4,White / Silver,False,Gigabyte
Asus PRIME B850-PLUS-CSM,,AM5,ATX,256,4,Silver / Black,False,ASUS
Supermicro MBD-X11SSL-F-O,9000.0,LGA1151,Micro ATX,64,4,Black / Green,True,Supermicro
MSI PRESTIGE X570 CREATION,18577.4,AM4,EATX,128,4,Black / Silver,True,MSI
Asus PRIME Z890-P WIFI-CSM,,LGA1851,ATX,192,4,Black / Silver,False,ASUS
Gigabyte Z590M GAMING X,,LGA1200,Micro ATX,128,4,Black / Silver,False,Gigabyte
Intel DG43GT,,LGA775,Micro ATX,8,4,Green / Blue,False,Intel
Asus P9X79 DELUXE,,LGA2011,ATX,64,8,Black / Blue,False,ASUS
MSI 970A-G46,,AM3+,ATX,32,4,Black / Blue,False,MSI
ASRock Z97 Pro4,,LGA1150,ATX,32,4,Black / Blue,False,ASRock
Gigabyte GA-Z97X-UD3H-BK,,LGA1150,ATX,32,4,Black / Gray,False,Gigabyte
Gigabyte GA-X99-UD3,,LGA2011-3,ATX,32,4,Black / Gold,False,Gigabyte
Gigabyte GA-H81M-D2V,,LGA1150,Micro ATX,16,2,Black / Silver,False,Gigabyte
ASRock FM2A68M-DG3+,,FM2+,Micro ATX,32,2,Brown / Black,False,ASRock
MSI Z170A KRAIT GAMING,,LGA1151,ATX,64,4,Black / White,False,MSI
Gigabyte GA-Z170M-D3H,,LGA1151,Micro ATX,64,4,Black / Gold,False,Gigabyte
ASRock Z170 Pro4,,LGA1151,ATX,64,4,Black / Orange,False,ASRock
ASRock Z170 Pro4S,,LGA1151,ATX,64,4,Black / Orange,False,ASRock
ASRock Fatal1ty Z170 Gaming K4,,LGA1151,ATX,64,4,Black / Red,False,ASRock
ASRock H170M Pro4,,LGA1151,Micro ATX,64,4,Black / Orange,False,ASRock
ASRock Z170M Extreme4,,LGA1151,Micro ATX,64,4,Black / Orange,False,ASRock
ASRock C236M WS,,LGA1151,Micro ATX,64,4,Green / Blue,False,ASRock
ECS H110M4-C23,,LGA1151,Micro ATX,32,2,Brown / Black,False,ECS
MSI B250 GAMING M3,,LGA1151,ATX,64,4,Black / Red,False,MSI
Gigabyte GA-H270M-DS3H,,LGA1151,Micro ATX,64,4,Black,False,Gigabyte
Gigabyte GA-Gaming B8,,LGA1151,ATX,64,4,Black / Green,False,Gigabyte
Biostar TB350-BTC,,AM4,ATX,32,2,Black / Yellow,False,Biostar
ASRock X370 Gaming-ITX/ac,,AM4,Mini ITX,32,2,Black / Red,False,ASRock
Gigabyte GA-AB350M-HD3 (rev. 1.0),,AM4,Micro ATX,32,2,Brown / Black,False,Gigabyte
Asus ROG MAXIMUS X CODE,,LGA1151,ATX,64,4,Black,False,ASUS
MSI B360I GAMING PRO AC,,LGA1151,Mini ITX,32,2,Black,False,MSI
Asus ROG RAMPAGE VI EXTREME OMEGA,,LGA2066,EATX,128,8,Black,False,ASUS
Gigabyte Z490M GAMING X,,LGA1200,Micro ATX,128,4,Black / Silver,False,Gigabyte
ASRock B460M Steel Legend,,LGA1200,Micro ATX,128,4,Black / Silver,False,ASRock
Asus ROG STRIX H470-I GAMING,,LGA1200,Mini ITX,64,2,Black,False,ASUS
ASRock H510M-HDV,,LGA1200,Micro ATX,64,2,Silver / Black,False,ASRock
Asus ROG STRIX B560-E GAMING WIFI,,LGA1200,ATX,128,4,Black,False,ASUS
Gigabyte Z690 AORUS XTREME,,LGA1700,EATX,192,4,Black,False,Gigabyte
EVGA Z690 CLASSIFIED,,LGA1700,EATX,128,4,Black / Silver,False,EVGA
MSI Z590 PLUS,,LGA1200,ATX,128,4,Black / Silver,False,MSI
Gigabyte B760M AORUS ELITE,,LGA1700,Micro ATX,192,4,Black / Silver,False,Gigabyte
MSI PRO B760M-G,,LGA1700,Micro ATX,96,2,Black,False,MSI
Gigabyte Z790 GAMING X,,LGA1700,ATX,192,4,Black / Gray,False,Gigabyte
Asus PRIME H610M-E,,LGA1700,Micro ATX,96,2,Silver / Black,False,ASUS
Asus PRIME B650M-F,,AM5,Micro ATX,96,2,Black / Silver,False,ASUS
Asus TUF GAMING B850M-PLUS WIFI7 W,,AM5,Micro ATX,256,4,White / Silver,False,ASUS
MAXSUN iCraft Z890 Arctic,,LGA1851,ATX,256,4,White / Silver,False,MAXSUN
Gigabyte Z590 AORUS XTREME,13999.8,LGA1200,EATX,128,4,Black,True,Gigabyte
Asus P6X58D-E,,LGA1366,ATX,24,6,Black / Blue,False,ASUS
Intel DG41WV,,LGA775,Micro ATX,4,2,Yellow / Black,False,Intel
Intel DH67BL,,LGA1155,Micro ATX,32,4,,False,Intel
Gigabyte GA-Z68X-UD3H-B3,,LGA1155,ATX,32,4,Black / Silver,False,Gigabyte
Asus Crosshair V Formula,,AM3+,ATX,32,4,Black / Red,False,ASUS
Asus P9X79 PRO,,LGA2011,ATX,64,8,Black / Blue,False,ASUS
Asus P8Z77-M,,LGA1155,Micro ATX,32,4,Black / Blue,False,ASUS
MSI Z77 MPOWER,,LGA1155,ATX,32,4,Black / Yellow,False,MSI
Asus B75M-A,,LGA1155,Micro ATX,16,2,Black / Blue,False,ASUS
Gigabyte GA-Z87X-UD3H,,LGA1150,ATX,32,4,Black / Gray,False,Gigabyte
MSI Z87-G43,,LGA1150,ATX,32,4,Black / Blue,False,MSI
MSI B85M-G43,,LGA1150,Micro ATX,32,4,Black / Blue,False,MSI
Asus Maximus VI Impact,,LGA1150,Mini ITX,16,2,Black / Red,False,ASUS
EVGA Classified,,LGA1150,EATX,32,4,Black / Red,False,EVGA
ASRock H81M-DGS R2.0,,LGA1150,Micro ATX,16,2,Brown / Black,False,ASRock
Asus H81M-D PLUS,,LGA1150,Micro ATX,16,2,Black / Yellow,False,ASUS
Gigabyte GA-Z97X-UD3H,,LGA1150,ATX,32,4,Black / Gold,False,Gigabyte
Gigabyte GA-G1.SNIPER Z97,,LGA1150,ATX,32,4,Black / Red,False,Gigabyte
Asus H97I-PLUS,,LGA1150,Mini ITX,16,2,Black / Gold,False,ASUS
Gigabyte GA-Z97N-WIFI,,LGA1150,Mini ITX,16,2,Black / Silver,False,Gigabyte
Asus Z10PE-D16,,2 x LGA2011-3 Narrow,SSI EEB,1024,16,Black / Blue,False,ASUS
ASRock X99 WS-E,,LGA2011-3,EATX,128,8,Black / Blue,False,ASRock
Asus X99-E WS/USB 3.1,,LGA2011-3,SSI CEB,128,8,Black / Silver,False,ASUS
MSI 990FXA-GAMING,,AM3+/AM3,ATX,32,4,Black / Red,False,MSI
EVGA Micro 2,,LGA2011-3,Micro ATX,64,4,Black,False,EVGA
ASRock Z170M Pro4S,,LGA1151,Micro ATX,64,4,Black / Orange,False,ASRock
MSI Z170A TOMAHAWK,,LGA1151,ATX,64,4,Black / Red,False,MSI
MSI H110I Pro,,LGA1151,Mini ITX,32,2,Black / Silver,False,MSI
Asus B150M-A,,LGA1151,Micro ATX,64,4,Black / Gold,False,ASUS
Gigabyte GA-990FX-Gaming,,AM3+,ATX,32,4,Black / Red,False,Gigabyte
Asus H110M-A/DP,,LGA1151,Micro ATX,32,2,Black / Gold,False,ASUS
Gigabyte GA-X99-Phoenix SLI,,LGA2011-3,ATX,128,8,Orange / White,False,Gigabyte
ASRock Z170 Extreme4,,LGA1151,ATX,64,4,Black / Gold,False,ASRock
ASRock X370 Killer SLI,,AM4,ATX,64,4,Black / White,False,ASRock
Asus STRIX B250I GAMING,,LGA1151,Mini ITX,32,2,Black,False,ASUS
Gigabyte H370M DS3H,,LGA1151,Micro ATX,64,4,Silver / Black,False,Gigabyte
ASRock X470 Master SLI,,AM4,ATX,64,4,Black,False,ASRock
Gigabyte GA-B365M-HD3,,LGA1151,Micro ATX,32,2,Black / Silver,False,Gigabyte
Gigabyte B460M D2V,,LGA1200,Micro ATX,64,2,Black / Silver,False,Gigabyte
Asus PRIME H470M-PLUS/CSM,,LGA1200,Micro ATX,128,4,Black / Silver,False,ASUS
Gigabyte B365M D2V,,LGA1151,Micro ATX,32,2,Black / Silver,False,Gigabyte
Asus ROG STRIX B460-G GAMING,,LGA1200,Micro ATX,128,4,Black / Red,False,ASUS
NZXT N7 Z490,,LGA1200,ATX,128,4,Black,False,NZXT
ASRock H570M-ITX/ac,,LGA1200,Mini ITX,64,2,Silver / Black,False,ASRock
ASRock Z590 Extreme WiFi 6E,,LGA1200,ATX,128,4,Black / Blue,False,ASRock
EVGA X570 DARK,,AM4,EATX,64,2,Black,False,EVGA
MSI B560-A PRO,,LGA1200,ATX,128,4,Black,False,MSI
Asus PRIME H610I-PLUS D4,,LGA1700,Mini ITX,64,2,Silver / Black,False,ASUS
Gigabyte B560I AORUS PRO AX,,LGA1200,Mini ITX,64,2,Black / Silver,False,Gigabyte
Gigabyte B660M K DDR4 (rev. 1.0),,LGA1700,Micro ATX,64,2,Black,False,Gigabyte
MSI PRO B840-VC WIFI,,AM5,ATX,256,4,Black / Silver,False,MSI
Gigabyte Q670M D3H,4179.8,LGA1700,Micro ATX,128,4,Brown / Gray,True,Gigabyte
Gigabyte B360M D3H GSM,4640.0,LGA1151,Micro ATX,64,4,Black,True,Gigabyte
Asus PRIME H610M-D D4-CSM,,LGA1700,Micro ATX,64,2,Silver / Black,False,ASUS
Gigabyte Z690 UD,,LGA1700,ATX,192,4,Black,False,Gigabyte
Asus PRIME H510M-R,,LGA1200,Micro ATX,64,2,Black,False,ASUS
MSI X299 PRO,,LGA2066,ATX,256,8,Black,False,MSI
Asus Sabertooth P67,,LGA1155,ATX,32,4,Brown / Black,False,ASUS
Asus Rampage III Black Edition,,LGA1366,EATX,48,6,Black / Gray,False,ASUS
Gigabyte GA-Z77-DS3H,,LGA1155,ATX,32,4,Blue / White,False,Gigabyte
Asus P8H61-M LX PLUS R2.0,,LGA1155,Micro ATX,16,2,Black / Blue,False,ASUS
MSI 970A-G43,,AM3+,ATX,32,4,Black / Blue,False,MSI
Asus M5A97 EVO R2.0,,AM3+,ATX,32,4,Black / Blue,False,ASUS
Asus A88XM-A,,FM2+,Micro ATX,64,4,Black / Gold,False,ASUS
Asus SABERTOOTH Z97 MARK 1,,LGA1150,ATX,32,4,Brown / Black,False,ASUS
Asus H81-GAMER,,LGA1150,ATX,16,4,Black / Red,False,ASUS
MSI 970A SLI Krait Edition,,AM3+,ATX,32,4,Black / White,False,MSI
ASRock Fatal1ty X99M Killer/3.1,,LGA2011-3,Micro ATX,64,4,Black / Red,False,ASRock
Asus X99-WS/IPMI,,LGA2011-3,ATX,128,8,Black / Silver,False,ASUS
Asus Z170-P D3,,LGA1151,ATX,64,4,Black / Gold,False,ASUS
Asus P10S WS,,LGA1151,ATX,64,4,Black,False,ASUS
MSI Z270 SLI,,LGA1151,ATX,64,4,Black / Silver,False,MSI
ASRock Z270M Extreme4,,LGA1151,Micro ATX,64,4,Black / White,False,ASRock
MSI Z270 GAMING PRO,,LGA1151,ATX,64,4,Black / Red,False,MSI
MSI X299 TOMAHAWK ARCTIC,,LGA2066,ATX,256,8,White / Gray,False,MSI
Gigabyte Z370 AORUS Gaming K3 (rev. 1.0),,LGA1151,ATX,64,4,Black / Red,False,Gigabyte
Asus TUF B360M-E GAMING,,LGA1151,Micro ATX,32,2,Orange / Black,False,ASUS
MSI A320M PRO-M2,,AM4,Micro ATX,32,2,Black,False,MSI
ASRock Z390 Taichi Ultimate,,LGA1151,ATX,128,4,Black / Silver,False,ASRock
ECS KAM1-I (V1.0),,AM1,Mini ITX,16,2,Black / Gray,False,ECS
Asus ROG STRIX B365-G GAMING,,LGA1151,Micro ATX,64,4,Black / Red,False,ASUS
ASRock X470D4U2-2T,,AM4,Micro ATX,64,4,Green,False,ASRock
ASRock X299 CREATOR,,LGA2066,ATX,256,8,Silver / Black,False,ASRock
ECS H81H3-M4 (V1.0A),,LGA1150,Micro ATX,16,2,Brown / Gray,False,ECS
Gigabyte B460M D3H,,LGA1200,Micro ATX,128,4,Black / Silver,False,Gigabyte
ASRock H470M Pro4,,LGA1200,Micro ATX,128,4,Black / Silver,False,ASRock
MSI H410M PRO-VH,,LGA1200,Micro ATX,64,2,Black / Silver,False,MSI
Gigabyte Z690M AORUS ELITE DDR4,,LGA1700,Micro ATX,128,4,Black,False,Gigabyte
MSI MAG B660M MORTAR,,LGA1700,Micro ATX,192,4,Black / Silver,False,MSI
Gigabyte H510M-S2H-V2-rev-13,,LGA1200,Micro ATX,64,4,Black,False,Gigabyte
Biostar B550MXC PRO,,AM4,Micro ATX,128,4,Brown / Black,False,Biostar
ASRock Z690-C/D5,,LGA1700,ATX,192,4,Black / Silver,False,ASRock
Gigabyte Z790M AORUS ELITE,,LGA1700,Micro ATX,192,4,Silver / Black,False,Gigabyte
Asus PRIME H510M-E R2.0,,LGA1200,Micro ATX,64,2,Silver / Black,False,ASUS
Gigabyte B560M DS3H V3,,LGA1200,Micro ATX,128,4,Black,False,Gigabyte
MSI PRO H610M-G II,,LGA1700,Micro ATX,96,2,Black,False,MSI
Biostar A620MS,,AM5,Micro ATX,96,2,Black,False,Biostar
Asus Z790-AYW WIFI W II-CSM,,LGA1700,ATX,192,4,White,False,ASUS
MAXSUN B660M GAMING WIFI ICE,,LGA1700,Micro ATX,64,2,Silver / Blue,False,MAXSUN
ASRock 970 Pro3 R2.0,5079.2,AM3+,ATX,64,4,Brown / Black,True,ASRock
ASRock C246M WS,4999.8,LGA1151,Micro ATX,64,4,Green / Blue,True,ASRock
ASRock Z87 OC Formula/ac,4073.0,LGA1150,EATX,32,4,Black / Yellow,True,ASRock
Biostar Z690 VALKYRIE,16500.0,LGA1700,ATX,192,4,Black / Gray,True,Biostar
MSI Z270 CAMO SQUAD,,LGA1151,ATX,64,4,Black / Beige,False,MSI
Gigabyte B760 AORUS ELITE,,LGA1700,ATX,192,4,Black,False,Gigabyte
Asus PRIME B760M-K D4-CSM,,LGA1700,Micro ATX,64,2,Silver / Black,False,ASUS
Asus MAXIMUS IX APEX,9977.6,LGA1151,EATX,32,2,Black / Silver,True,ASUS
ASRock Z590 Taichi,15885.0,LGA1200,ATX,128,4,Black / Silver,True,ASRock
Asus PRIME X670-P WIFI-CSM,,AM5,ATX,192,4,Silver / Black,False,ASUS
Gigabyte B760M GAMING AC DDR4,,LGA1700,Micro ATX,64,2,Black / Red,False,Gigabyte
Gigabyte GA-Z270MX-Gaming 5,,LGA1151,Micro ATX,64,4,Black / Silver,False,Gigabyte
MSI MEG Z590 GODLIKE,,LGA1200,EATX,128,4,Black / Silver,False,MSI
Asus P5N-D,,LGA775,ATX,8,4,Black / Yellow,False,ASUS
Asus P5QL/EPU,,LGA775,ATX,16,4,Black / Yellow,False,ASUS
Asus P8Z68-V PRO,,LGA1155,ATX,32,4,Black / Blue,False,ASUS
Asus Z9PE-D8 WS,,2 x LGA2011,SSI EEB,64,8,Black / Blue,False,ASUS
Asus P8H77-M PRO,,LGA1155,Micro ATX,32,4,,False,ASUS
ASRock B75M-DGS R2.0,,LGA1155,Micro ATX,16,2,Brown / Black,False,ASRock
Asus H87M-E,,LGA1150,Micro ATX,32,4,Black / Gold,False,ASUS
Biostar H61MGV3,,LGA1155,Micro ATX,16,2,Black / Red,False,Biostar
Asus Maximus VI Formula,,LGA1150,ATX,32,4,Black / Red,False,ASUS
Gigabyte GA-F2A88XM-D3H,,FM2+,Micro ATX,64,4,,False,Gigabyte
ASRock 990FX Killer,,AM3+,ATX,64,4,Black / Red,False,ASRock
Gigabyte GA-H97-GAMING 3,,LGA1150,ATX,32,4,Black / Red,False,Gigabyte
MSI X99S Gaming 7,,LGA2011-3,ATX,128,8,Black / Red,False,MSI
ASRock H97 Anniversary,,LGA1150,ATX,32,4,Black / Blue,False,ASRock
Asus H97-PRO GAMER,,LGA1150,ATX,32,4,Black / Red,False,ASUS
ASRock Fatal1ty Z97M Killer,,LGA1150,Micro ATX,32,4,Black / Red,False,ASRock
Gigabyte GA-Z97P-D3,,LGA1150,ATX,32,4,Black / Gold,False,Gigabyte
Asus Z97-E,,LGA1150,ATX,32,4,Black / Gold,False,ASUS
Asus B85-PRO GAMER,,LGA1150,ATX,32,4,Black / Red,False,ASUS
Asus SABERTOOTH Z97 MARK S,,LGA1150,ATX,32,4,White / Gray,False,ASUS
Asus ASUS CS-B,,LGA1150,Micro ATX,32,4,Brown / Black,False,ASUS
MSI X99A GAMING 7,,LGA2011-3,ATX,128,8,Black / Red,False,MSI
MSI G41M4-F,,LGA775,Micro ATX,8,2,Red,False,MSI
Gigabyte GA-X99-SLI,,LGA2011-3,ATX,128,8,Black / Gold,False,Gigabyte
Gigabyte GA-Z170-HD3 DDR3,,LGA1151,ATX,64,4,Black / Gold,False,Gigabyte
MSI Z170I GAMING PRO AC,,LGA1151,Mini ITX,32,2,Black / Red,False,MSI
Gigabyte GA-EP45-UD3R,,LGA775,ATX,16,4,Multicolor,False,Gigabyte
Asus E3 PRO GAMING V5,,LGA1151,ATX,64,4,Black / Red,False,ASUS
ASRock Fatal1ty X99 Professional Gaming i7,,LGA2011-3,ATX,128,8,Black / Red,False,ASRock
Supermicro X10SDV-8C-TLN4F,,Integrated Xeon D-1541,Mini ITX,64,4,Green,False,Supermicro
ASRock Fatal1ty Z170 Gaming K6,,LGA1151,ATX,64,4,Black / Red,False,ASRock
ASRock Z270M-ITX/ac,,LGA1151,Mini ITX,32,2,Black / Silver,False,ASRock
Gigabyte GA-AX370-Gaming K3,,AM4,ATX,64,4,Black / Red,False,Gigabyte
ASRock H370M Pro4,,LGA1151,Micro ATX,64,4,Black / Silver,False,ASRock
Gigabyte B360 AORUS GAMING 3,,LGA1151,ATX,64,4,Black / Orange,False,Gigabyte
Gigabyte H310M S2V,,LGA1151,Micro ATX,32,2,Black / Silver,False,Gigabyte
Gigabyte H310M S2,,LGA1151,Micro ATX,32,2,Silver / Black,False,Gigabyte
Asus TUF H310-Plus Gaming,,LGA1151,ATX,32,2,Orange / Black,False,ASUS
ASRock Z390 Phantom Gaming 6,,LGA1151,ATX,128,4,Black / Silver,False,ASRock
ASRock X570 Creator,,AM4,ATX,128,4,Black / Silver,False,ASRock
ECS B350AM4-M2,,AM4,Micro ATX,64,4,Black,False,ECS
MSI X299 PRO 10G,,LGA2066,ATX,256,8,Black,False,MSI
ASRock Z590 Extreme,,LGA1200,ATX,128,4,Black / Blue,False,ASRock
Asus ROG Maximus XIII Apex,,LGA1200,ATX,64,2,Black,False,ASUS
Gigabyte Z690I AORUS ULTRA LITE DDR4 (rev. 1.0),,LGA1700,Mini ITX,64,2,Silver / Black,False,Gigabyte
MSI Z590 PRO WIFI (CEC),,LGA1200,ATX,128,4,Black / Silver,False,MSI
Gigabyte B760M D3H,,LGA1700,Micro ATX,192,4,Black / Gray,False,Gigabyte
Asus PRIME B760M-F,,LGA1700,Micro ATX,96,2,Black / Gray,False,ASUS
Asus B760M-AYW PRO WIFI,,LGA1700,ATX,96,2,Black / Silver,False,ASUS
Asus PRIME B650-PLUS WIFI-CSM,,AM5,ATX,192,4,Black / Silver,False,ASUS
Gigabyte B760M DS3H DDR4 GEN5,,LGA1700,Micro ATX,128,4,Black,False,Gigabyte
Gigabyte B850M FORCE,,AM5,Micro ATX,128,2,Silver / Orange,False,Gigabyte
Foxconn A7DA-S 3.0,1800.0,AM3,ATX,8,4,,True,Foxconn
ASRock C70M1,,Integrated C-Series C-70,Mini ITX,16,2,Black / Blue,False,ASRock
ASRock P67 Pro3 SE,2184.0,LGA1155,ATX,32,4,Black / Blue,True,ASRock
ASRock A55 Pro3,1500.2,FM1,ATX,32,4,Black / Blue,True,ASRock
MSI H77MA-G43,,LGA1155,Micro ATX,32,4,Black / Blue,False,MSI
Asus Pro A620M-C-CSM,,AM5,Micro ATX,96,2,Green / Black,False,ASUS
Asus AM1M-A,3999.8,AM1,Micro ATX,32,2,Black / Gold,True,ASUS
MSI H370 GAMING PLUS,,LGA1151,ATX,64,4,Black / Red,False,MSI
Intel DH57JG,,LGA1156,Mini ITX,8,2,Blue,False,Intel
Asus Crosshair IV Extreme,10199.0,AM3,EATX,16,4,Black / Red,True,ASUS
Asus P8P67 Deluxe,,LGA1155,ATX,32,4,Black / Blue,False,ASUS
Asus P5Q-EM DO,,LGA775,Micro ATX,16,4,Black / Yellow,False,ASUS
Gigabyte GA-P45T-ES3G,,LGA775,ATX,16,4,Blue / White,False,Gigabyte
ASRock Z68 Extreme3 Gen3,,LGA1155,ATX,32,4,Black,False,ASRock
Gigabyte GA-H77M-D3H,,LGA1155,Micro ATX,32,4,Blue / White,False,Gigabyte
MSI Z77A-G43,,LGA1155,ATX,32,4,Black / Blue,False,MSI
MSI H61M-P20 (G3),,LGA1155,Micro ATX,16,2,Black / Blue,False,MSI
Intel DH77EB,,LGA1155,Micro ATX,32,4,Black / Blue,False,Intel
Intel DH77DF,,LGA1155,Mini ITX,16,2,Black / Blue,False,Intel
Gigabyte GA-X79-UP4,,LGA2011,ATX,64,8,Black / Gray,False,Gigabyte
MSI Z87M-G43,,LGA1150,Micro ATX,32,4,Black / Blue,False,MSI
Gigabyte GA-Z87X-UD4H,,LGA1150,ATX,32,4,Black / Red,False,Gigabyte
Gigabyte GA-B85M-D2V,,LGA1150,Micro ATX,16,2,Black / Gray,False,Gigabyte
MSI A88X-G41 PC MATE,,FM2+,ATX,64,2,Black / Blue,False,MSI
ASRock Fatal1ty X99X Killer,,LGA2011-3,ATX,128,8,Black / Red,False,ASRock
ASRock C226M WS,,LGA1150,Micro ATX,32,4,Green / Blue,False,ASRock
EVGA Stinger WiFi,,LGA1150,Mini ITX,16,2,Black,False,EVGA
Gigabyte GA-F2A68HM-H,,FM2+,Micro ATX,64,2,Black,False,Gigabyte
ASRock H110M-ITX,,LGA1151,Mini ITX,32,2,Black / Orange,False,ASRock
Asus MAXIMUS VIII FORMULA,,LGA1151,ATX,64,4,Black / Red,False,ASUS
MSI X99A GODLIKE GAMING CARBON,,LGA2011-3,EATX,128,8,Black / Silver,False,MSI
Asus X99-E-10G WS,,LGA2011-3,SSI CEB,128,8,Black / Silver,False,ASUS
MSI H270 TOMAHAWK ARCTIC,,LGA1151,ATX,64,4,White / Silver,False,MSI
Gigabyte GA-Z270M-D3H,,LGA1151,Micro ATX,64,4,Black / Gold,False,Gigabyte
MSI X370 KRAIT GAMING,,AM4,ATX,64,4,Black / White,False,MSI
EVGA X299 Micro,,LGA2066,Micro ATX,128,4,Black,False,EVGA
ASRock X299 Extreme4,,LGA2066,ATX,128,8,,False,ASRock
MSI B360M PRO-VH,,LGA1151,Micro ATX,32,2,Brown / Black,False,MSI
Gigabyte B360M H,,LGA1151,Micro ATX,32,2,Silver / Red,False,Gigabyte
ASRock H310M-ITX/ac,,LGA1151,Mini ITX,32,2,Black / Silver,False,ASRock
Asus PRIME H310M-C/CSM,,LGA1151,Micro ATX,32,2,Green / Black,False,ASUS
Gigabyte Z370 AORUS ULTRA GAMING 2.0,,LGA1151,ATX,64,4,Black / Silver,False,Gigabyte
ASRock 760GM-HDV,,AM3+/AM3,Micro ATX,32,2,Black / Blue,False,ASRock
Gigabyte Z390 GAMING SLI,,LGA1151,ATX,128,4,Black / Silver,False,Gigabyte
Asus EX-B360M-V5,,LGA1151,Micro ATX,32,2,Black / Red,False,ASUS
EVGA Z390 FTW,,LGA1151,ATX,128,4,Black / Silver,False,EVGA
Gigabyte X470 AORUS GAMING 7 WIFI-50,,AM4,ATX,64,4,Black / Silver,False,Gigabyte
ASRock Z490 Pro4,,LGA1200,ATX,128,4,Black / Silver,False,ASRock
ASRock Z490 Phantom Gaming 4/ac,,LGA1200,ATX,128,4,Black / Gray,False,ASRock
ASRock H570 Phantom Gaming 4,,LGA1200,ATX,128,4,Silver / Black,False,ASRock
ASRock H570M Pro4,,LGA1200,Micro ATX,128,4,Silver / Black,False,ASRock
Gigabyte B560M D3H,,LGA1200,Micro ATX,128,4,Brown / Black,False,Gigabyte
MSI MEG Z590 ACE GOLD EDITION,,LGA1200,ATX,128,4,Silver / Gold,False,MSI
MSI PRO-B660M-B-DDR4,,LGA1700,Micro ATX,64,2,Black / Silver,False,MSI
Gigabyte B760M AORUS PRO AX,,LGA1700,Micro ATX,192,4,Black / Silver,False,Gigabyte
Biostar B560MX-E PRO,,LGA1200,Micro ATX,128,4,Brown / Silver,False,Biostar
ASRock H310CM-HG4,,LGA1151,Micro ATX,32,2,Black / Silver,False,ASRock
Asus PRIME A620M-K-CSM,,AM5,Micro ATX,96,2,Black / Silver,False,ASUS
ASRock A620AM Pro RS WiFi,,AM5,Micro ATX,256,4,Black / Silver,False,ASRock
MSI X58 Pro-E,,LGA1366,ATX,24,6,Black / Blue,False,MSI
MSI Z97-GD65 Gaming,,LGA1150,ATX,32,4,Black / Red,False,MSI
Gigabyte X299 AORUS Gaming 3,,LGA2066,ATX,128,8,Black / Silver,False,Gigabyte
MSI PRO Z790-P DDR4,,LGA1700,ATX,128,4,Black / Silver,False,MSI
Asus Rampage III Gene,,LGA1366,Micro ATX,24,6,Black / Red,False,ASUS
Asus Rampage III Extreme,,LGA1366,ATX,24,6,Black / Red,False,ASUS
Zotac NF610I-L-E,,LGA775,Micro ATX,4,2,Black / Red,False,Zotac
Gigabyte GA-H55M-S2V,,LGA1156,Micro ATX,16,2,Blue / White,False,Gigabyte
Intel DG41TY,,LGA775,Micro ATX,8,2,Green / Silver,False,Intel
Asus P9X79,,LGA2011,ATX,64,8,Black / Blue,False,ASUS
Intel DX79TO,,LGA2011,ATX,64,8,Black / Blue,False,Intel
Asus Rampage IV Formula,,LGA2011,ATX,32,4,Black / Red,False,ASUS
Gigabyte GA-H77-DS3H,,LGA1155,ATX,32,4,Blue / White,False,Gigabyte
ASRock H61M-DGS,,LGA1155,Micro ATX,16,2,Black / Blue,False,ASRock
ASRock Z77 Extreme3,,LGA1155,ATX,32,4,Brown / Black,False,ASRock
Asus Z87M-Plus,,LGA1150,Micro ATX,32,4,Black / Gold,False,ASUS
Asus B85-PLUS,,LGA1150,ATX,32,4,Black / Gold,False,ASUS
Intel DB85FL,,LGA1150,Micro ATX,32,4,Black / Blue,False,Intel
ASRock 970 Extreme3 R2.0,,AM3+,ATX,64,4,Brown / Black,False,ASRock
Gigabyte GA-B85-HD3,,LGA1150,ATX,32,4,Black / Gray,False,Gigabyte
Asus Z97-AR,,LGA1150,ATX,32,4,Black / Silver,False,ASUS
Gigabyte GA-X99-GAMING 5,,LGA2011-3,ATX,128,8,Black / Red,False,Gigabyte
Asus M5A97 PLUS,,AM3+,ATX,32,4,Black / Blue,False,ASUS
MSI X99A Raider,,LGA2011-3,ATX,128,8,Black,False,MSI
ASRock EPC612D4I,,LGA2011-3 Narrow,Mini ITX,64,4,Black / Green,False,ASRock
Gigabyte GA-970-Gaming,,AM3+,ATX,32,4,Black / Red,False,Gigabyte
ASRock H110M-ITX/ac,,LGA1151,Mini ITX,32,2,Black / Orange,False,ASRock
Gigabyte GA-Q170M-MK,,LGA1151,Micro ATX,64,4,Black / Silver,False,Gigabyte
Gigabyte GA-H110N,,LGA1151,Mini ITX,32,2,Black / Silver,False,Gigabyte
MSI Z170A MPOWER GAMING TITANIUM,,LGA1151,ATX,64,4,Silver / Black,False,MSI
MSI B150M MORTAR ARCTIC,,LGA1151,Micro ATX,64,4,White,False,MSI
MSI E3 KRAIT GAMING V5,,LGA1151,ATX,64,4,Black / White,False,MSI
ASRock Z270 Pro4,,LGA1151,ATX,64,4,Black / White,False,ASRock
MSI X299M GAMING PRO CARBON AC,,LGA2066,Micro ATX,128,4,Black,False,MSI
Gigabyte GA-970A-DS3P FX (rev. 2.1),,AM3+/AM3,ATX,32,4,Black / Gray,False,Gigabyte
MSI X299 TOMAHAWK AC,,LGA2066,ATX,256,8,Black / Silver,False,MSI
Gigabyte B360 HD3P,,LGA1151,ATX,64,4,Silver / Black,False,Gigabyte
Asus PRIME H310M-D,,LGA1151,Micro ATX,32,2,Silver / Black,False,ASUS
Asus Prime H370-A/CSM,,LGA1151,ATX,64,4,Black / Silver,False,ASUS
EVGA H370 Stinger,,LGA1151,Mini ITX,32,2,Black,False,EVGA
MSI B360M BAZOOKA PLUS,,LGA1151,Micro ATX,64,4,Black / Silver,False,MSI
ASRock Z390 PHANTOM GAMING X,,LGA1151,ATX,128,4,Black / Silver,False,ASRock
Gigabyte H470I AORUS PRO AX,,LGA1200,Mini ITX,64,2,Black / Silver,False,Gigabyte
Asus ROG MAXIMUS XII APEX,10199.79,LGA1200,ATX,64,2,Black,True,ASUS
ASRock H470 Phantom Gaming 4,,LGA1200,ATX,128,4,Black / Gray,False,ASRock
Asus PRIME H410M-D,,LGA1200,Micro ATX,64,2,Black,False,ASUS
Asus PRIME B460I-PLUS,,LGA1200,Mini ITX,64,2,Silver / Black,False,ASUS
Gigabyte GA-B460M AORUS ELITE,,LGA1200,Micro ATX,128,4,Black / Orange,False,Gigabyte
Asus PRIME H570M-PLUS,,LGA1200,Micro ATX,128,4,Silver / Black,False,ASUS
Gigabyte Z690 UD AC,,LGA1700,ATX,192,4,Black,False,Gigabyte
MSI MAG Z690M MORTAR WIFI,,LGA1700,Micro ATX,192,4,Silver / Black,False,MSI
MSI PRO B660-A,,LGA1700,ATX,192,4,Black / Silver,False,MSI
MSI PRO H410M-B,,LGA1200,Micro ATX,64,2,Black / Silver,False,MSI
Biostar B450MX-S,,AM4,Micro ATX,128,4,Black / Silver,False,Biostar
Gigabyte B760M GAMING X,,LGA1700,Micro ATX,192,4,Brown / Black,False,Gigabyte
Colorful CVN Z790M FROZEN D5 V20,,LGA1700,Micro ATX,128,4,Silver / Black,False,Colorful
Biostar H610MHP 2.0,,LGA1700,Micro ATX,64,2,Black,False,Biostar
MSI Z790MPOWER,,LGA1700,Micro ATX,128,2,Black / Silver,False,MSI
MSI MEG Z590 UNIFY-X,,LGA1200,ATX,64,2,Black,False,MSI
ASRock X470 Taichi Ultimate,,AM4,ATX,64,4,Silver / Black,False,ASRock
Asus PRIME H470-PLUS,,LGA1200,ATX,128,4,Black / White,False,ASUS
Asus TUF GAMING B850-E WIFI,4599.8,AM5,ATX,256,4,Black,True,ASUS
Gigabyte GA-P55-USB3,,LGA1156,ATX,16,4,Blue / White,False,Gigabyte
Asus P5P43TD,,LGA775,ATX,16,4,Multicolor,False,ASUS
Asus P7H55-M Pro,,LGA1156,Micro ATX,16,4,Black / Blue,False,ASUS
Asus P8P67 PRO,,LGA1155,ATX,32,4,Black / Blue,False,ASUS
Biostar G41D3C,,LGA775,Micro ATX,8,2,Black / Red,False,Biostar
Asus M5A78L-M LX,,AM3+,Micro ATX,8,2,Black / Blue,False,ASUS
Gigabyte GA-970A-UD3,,AM3+,ATX,32,4,Blue / White,False,Gigabyte
Asus P8Z68 Deluxe/GEN3,,LGA1155,ATX,32,4,Black / Blue,False,ASUS
Asus P9X79 WS,,LGA2011,SSI CEB,64,8,Black / Blue,False,ASUS
Intel DX79SI,,LGA2011,ATX,64,8,Black / Blue,False,Intel
MSI B75A-G43,,LGA1155,ATX,32,4,Black / Blue,False,MSI
Asus H87M-Plus/CSM,,LGA1150,Micro ATX,32,4,Black / Gold,False,ASUS
MSI B85-G41 PC Mate,,LGA1150,ATX,32,4,Black / Blue,False,MSI
Gigabyte GA-H87M-D3H,,LGA1150,Micro ATX,32,4,,False,Gigabyte
Gigabyte GA-Q87M-D2H,,LGA1150,Micro ATX,32,4,Black / Gray,False,Gigabyte
ASRock Fatal1ty Z87 Killer,,LGA1150,ATX,32,4,,False,ASRock
MSI A78M-E35,,FM2+,Micro ATX,32,2,Black / Blue,False,MSI
MSI AM1I,,AM1,Mini ITX,32,2,Black / Silver,False,MSI
Gigabyte GA-EX58-UD4P,,LGA1366,ATX,24,6,Blue / White,False,Gigabyte
Gigabyte GA-Z97-HD3P,,LGA1150,ATX,32,4,Black / Gray,False,Gigabyte
ASRock EP2C612D16C-4L,,2 x LGA2011-3 Narrow,SSI EEB,1024,16,Green / Blue,False,ASRock
ASRock Z97 Killer/3.1,,LGA1150,ATX,32,4,Black / Red,False,ASRock
MSI X99A GODLIKE GAMING,,LGA2011-3,EATX,128,8,Black / Red,False,MSI
MSI Z170A XPOWER GAMING TITANIUM EDITION,,LGA1151,ATX,64,4,Black / Silver,False,MSI
MSI Z170M Mortar,,LGA1151,Micro ATX,64,4,Black / Silver,False,MSI
Asus SABERTOOTH Z97 MARK 2/USB 3.1,,LGA1150,ATX,32,4,Brown / Black,False,ASUS
ASRock H170M Pro4S,,LGA1151,Micro ATX,64,4,Black / Orange,False,ASRock
Gigabyte GA-B150M-D3H-GSM,,LGA1151,Micro ATX,64,4,Black / Silver,False,Gigabyte
Gigabyte GA-H170-HD3,,LGA1151,ATX,64,4,Black / Gold,False,Gigabyte
Gigabyte GA-H170M-DS3H,,LGA1151,Micro ATX,64,4,Black,False,Gigabyte
ASRock EP2C612 WS,,2 x LGA2011-3,SSI EEB,256,8,Black / Blue,False,ASRock
Supermicro MBD-X11SSH-F,,LGA1151,Micro ATX,64,4,Black / Green,False,Supermicro
MSI H270 PC MATE,,LGA1151,ATX,64,4,Black / White,False,MSI
Biostar H110MH PRO D4,,LGA1151,Micro ATX,32,2,Black / Yellow,False,Biostar
MSI A320M GRENADE,,AM4,Micro ATX,32,2,Black / Red,False,MSI
Asus ROG STRIX B250G GAMING,,LGA1151,Micro ATX,64,4,Black / Red,False,ASUS
ASRock N68-GS4 FX R2.0,,AM3+,Micro ATX,16,2,Black,False,ASRock
Asus Prime H370-Plus,,LGA1151,ATX,64,4,Silver / Black,False,ASUS
ASRock Fatal1ty B360 Gaming K4,,LGA1151,ATX,64,4,Black,False,ASRock
MSI H310M PRO-D,,LGA1151,Micro ATX,32,2,Brown / Black,False,MSI
MSI MEG X399 CREATION,,sTR4,EATX,128,8,Black / Silver,False,MSI
Asus ROG MAXIMUS XI GENE,,LGA1151,Micro ATX,64,2,Black,False,ASUS
EVGA Z390 DARK,,LGA1151,EATX,64,2,Black / Gold,False,EVGA
MSI B450M PRO-VDH V2,,AM4,Micro ATX,128,4,Black,False,MSI
Gigabyte GA-AB350M-D3V,,AM4,Micro ATX,32,2,Brown / Black,False,Gigabyte
ASRock Z490 Steel Legend,,LGA1200,ATX,128,4,Black / Silver,False,ASRock
Asus Pro WS C246-ACE,,LGA1151,ATX,128,4,Black,False,ASUS
Asus EX-B660M-V5 D4,,LGA1700,Micro ATX,64,2,Red / Black,False,ASUS
Gigabyte GA-H81M-S2V,,LGA1150,Micro ATX,16,2,Brown / Black,False,Gigabyte
Asus PRIME X670-P-CSM,,AM5,ATX,192,4,Silver / Black,False,ASUS
MSI PRO B660M-G,,LGA1700,Micro ATX,96,2,Black / Silver,False,MSI
Gigabyte A620M C,,AM5,Micro ATX,192,4,Gray / Black,False,Gigabyte
ASRock A620M-HDVP,,AM5,Micro ATX,96,2,Black,False,ASRock
Biostar A520MS,,AM4,Micro ATX,64,2,Black,False,Biostar
Supermicro C9Z490-PGW,21000.0,LGA1200,ATX,128,4,Black,True,Supermicro
Asus B85M-E/CSM,,LGA1150,Micro ATX,32,4,Black / Gold,False,ASUS
ASRock Z270 Killer SLI,14129.8,LGA1151,ATX,64,4,Black / White,True,ASRock
ASRock Fatal1ty Z370 Gaming K6,8360.0,LGA1151,ATX,64,4,Black / Silver,True,ASRock
Zotac GF6100-E-E,,AM3/AM2+/AM2,Mini ITX,4,2,Blue / Red,False,Zotac
ASRock G31M-S R2.0,,LGA775,Micro ATX,8,2,,False,ASRock
Asus P8P67 LE,,LGA1155,ATX,32,4,Black / Blue,False,ASUS
MSI H61M-E23 (B3),,LGA1155,Micro ATX,16,2,Black / Blue,False,MSI
Foxconn H61MX,,LGA1155,Micro ATX,8,2,Blue / White,False,Foxconn
Asus Sabertooth 990FX,,AM3+,ATX,32,4,Brown / Black,False,ASUS
MSI Z77A-G45,,LGA1155,ATX,32,4,Black / Blue,False,MSI
Gigabyte GA-Z77X-D3H,,LGA1155,ATX,32,4,Black / Blue,False,Gigabyte
ASRock B75 Pro3,,LGA1155,ATX,32,4,Brown / Black,False,ASRock
ASRock N68C-GS FX,,AM3+,Micro ATX,8,4,Black / Blue,False,ASRock
MSI Z77A-GD65 Gaming,,LGA1155,ATX,32,4,Black / Red,False,MSI
Asus GRYPHON Z87,,LGA1150,Micro ATX,32,4,Brown / Black,False,ASUS
MSI H87-G43,,LGA1150,ATX,32,4,Black / Blue,False,MSI
Gigabyte GA-Z87-HD3,,LGA1150,ATX,32,4,Black / Gray,False,Gigabyte
MSI H81I,,LGA1150,Mini ITX,16,2,Black / Blue,False,MSI
Biostar B85MG,,LGA1150,Micro ATX,16,2,Black / Red,False,Biostar
Jetway JNC9S-B85,,LGA1150,Mini ITX,16,2,Black / Green,False,Jetway
Gigabyte GA-H81N,,LGA1150,Mini ITX,16,2,Black / Silver,False,Gigabyte
ASRock Z97E-ITX/ac,,LGA1150,Mini ITX,16,2,Black / Blue,False,ASRock
Asus MAXIMUS VII GENE,,LGA1150,Micro ATX,32,4,Black / Red,False,ASUS
MSI H97 GAMING 3,,LGA1150,ATX,32,4,Black / Red,False,MSI
ASRock EPC612D8A,,LGA2011-3 Narrow,ATX,256,8,Green / Blue,False,ASRock
Gigabyte GA-X99-UD3P (rev. 1.0),,LGA2011-3,ATX,64,4,Black / Gold,False,Gigabyte
Asus X99-PRO/USB 3.1,,LGA2011-3,ATX,64,8,Black / White,False,ASUS
MSI A68HM-GRENADE,,FM2+,Micro ATX,32,2,Brown / Black,False,MSI
EVGA Z170 Stinger,,LGA1151,Mini ITX,32,2,Black,False,EVGA
Asus B150 PRO GAMING D3,,LGA1151,ATX,64,4,Black / Red,False,ASUS
MSI H170A Gaming Pro,,LGA1151,ATX,64,4,Black / Red,False,MSI
Gigabyte GA-X150M-PRO ECC,,LGA1151,Micro ATX,64,4,Brown / Black,False,Gigabyte
MSI B150M Gaming Pro,,LGA1151,Micro ATX,32,2,Black / Red,False,MSI
Asus B150M-PLUS,,LGA1151,Micro ATX,64,4,Black / Gold,False,ASUS
Asus H110M-E,,LGA1151,Micro ATX,32,2,Black / Gold,False,ASUS
MSI B150M Night Elf,,LGA1151,Micro ATX,64,4,Black / Red,False,MSI
Supermicro X11SAE-M,,LGA1151,Micro ATX,64,4,Green,False,Supermicro
Gigabyte GA-B85M-D3H-A,,LGA1150,Micro ATX,32,4,Translucent Black,False,Gigabyte
MSI Z270M MORTAR,,LGA1151,Micro ATX,64,4,Black / Red,False,MSI
Gigabyte GA-H110M-S2V,,LGA1151,Micro ATX,32,2,Black,False,Gigabyte
MSI Z370 GODLIKE GAMING,,LGA1151,EATX,64,4,Black,False,MSI
NZXT N7 Z370,,LGA1151,ATX,64,4,Black,False,NZXT
MSI H270-A PRO,,LGA1151,ATX,64,4,Black / Silver,False,MSI
MSI H370M BAZOOKA,,LGA1151,Micro ATX,64,4,Black / White,False,MSI
Asus PRIME H310I-PLUS/CSM,,LGA1151,Mini ITX,32,2,Black / Gray,False,ASUS
ASRock Z490 Phantom Gaming 4/ax,,LGA1200,ATX,128,4,Black / Gray,False,ASRock
ASRock H470M-ITX/ac,,LGA1200,Mini ITX,64,2,Black / Silver,False,ASRock
MSI H410I PRO WIFI,,LGA1200,Mini ITX,64,2,Black / Silver,False,MSI
ASRock B660M-HDVP/D5,,LGA1700,Micro ATX,96,2,Black / Silver,False,ASRock
Asus Pro H610M-C-CSM,,LGA1700,Micro ATX,64,2,Green / Black,False,ASUS
Gigabyte B660M D3H DDR4,,LGA1700,Micro ATX,128,4,Black,False,Gigabyte
Gigabyte Q570M D3H,,LGA1200,Micro ATX,128,4,Black,False,Gigabyte
Biostar X670E VALKYRIE,,AM5,ATX,192,4,Black,False,Biostar
ASRock B660M PG Riptide,,LGA1700,Micro ATX,128,4,Black / Blue,False,ASRock
MSI Z490 PLUS,,LGA1200,ATX,128,4,Black,False,MSI
Gigabyte B760M D3H DDR4,,LGA1700,Micro ATX,128,4,Black,False,Gigabyte
MSI PRO B760-VC,,LGA1700,ATX,192,4,Black,False,MSI
ASRock B760M Pro-A,,LGA1700,Micro ATX,192,4,White / Black,False,ASRock
MSI PRO B850M-VC WIFI6E,,AM5,Micro ATX,256,4,Black,False,MSI
Asus TUF GAMING B850M-PLUS WIFI7,,AM5,Micro ATX,256,4,Black,False,ASUS
MSI PRO B850-S WIFI6E,,AM5,ATX,256,4,Black,False,MSI
Gigabyte B760 AORUS MASTER DDR4,,LGA1700,ATX,128,4,Black,False,Gigabyte
MSI Z97 MPOWER,,LGA1150,ATX,32,4,Black / Yellow,False,MSI
ASRock A780LM-S,1258.8,AM3/AM2+/AM2,Micro ATX,8,2,Multicolor,True,ASRock
ASRock G43Twins-FullHD,,LGA775,Micro ATX,8,4,,False,ASRock
MSI A88XM-E45,,FM2+,Micro ATX,64,4,Black / Blue,False,MSI
ASRock Q1900M,,Integrated Celeron J1900,Micro ATX,16,2,Brown,False,ASRock
MSI X470 GAMING PRO CARBON AC,,AM4,ATX,64,4,Black / Silver,False,MSI
ASRock Z590 PG Velocita,12737.4,LGA1200,ATX,128,4,Silver / Black,True,ASRock
Asus Pro B560M-C/CSM,,LGA1200,Micro ATX,128,4,Green / Black,False,ASUS
Asus PRIME H810M-A WIFI,,LGA1851,Micro ATX,128,2,Silver / Black,False,ASUS
Gigabyte GA-H55M-UD2H,,LGA1156,Micro ATX,16,4,Blue / White,False,Gigabyte
Gigabyte GA-EP43-UD3L,,LGA775,ATX,16,4,Multicolor,False,Gigabyte
Gigabyte GA-EP45T-UD3LR,,LGA775,ATX,16,4,Multicolor,False,Gigabyte
EVGA 132-BL-E758-A1,,LGA1366,ATX,24,6,Black / Gray,False,EVGA
Asus P6X58D Premium,,LGA1366,ATX,24,6,Black / Blue,False,ASUS
EVGA 270-WS-W555-A2,,LGA1366,HPTX,48,12,Black / Red,False,EVGA
ECS G31T-M7,,LGA775,Micro ATX,4,2,Multicolor,False,ECS
Asus P8Z68-V,,LGA1155,ATX,32,4,Black / Blue,False,ASUS
Gigabyte GA-990XA-UD3,,AM3+,ATX,32,4,Blue / White,False,Gigabyte
ASRock P67 Extreme4 Gen3,,LGA1155,ATX,32,4,Black / Silver,False,ASRock
Asus P8Z68-V PRO/GEN3,,LGA1155,ATX,32,4,Black / Blue,False,ASUS
Asus Rampage IV Extreme/BF3,,LGA2011,EATX,64,8,Black / Red,False,ASUS
Biostar H77MU3,,LGA1155,Micro ATX,32,4,Black / Red,False,Biostar
Asus P8Q77-M/CSM,,LGA1155,Micro ATX,32,4,Black / Blue,False,ASUS
ASRock X79 Extreme11,,LGA2011,EATX,64,8,Black / Silver,False,ASRock
MSI Z77A-G45 Thunderbolt,,LGA1155,ATX,32,4,Black / Blue,False,MSI
ASRock H87M Pro4,,LGA1150,Micro ATX,32,4,Brown / Black,False,ASRock
MSI B85M-P33,,LGA1150,Micro ATX,32,2,Black / Blue,False,MSI
ASRock EP2C602,,2 x LGA2011,SSI EEB,64,8,Green / Blue,False,ASRock
Gigabyte G1.Sniper B5,,LGA1150,ATX,32,4,Black / Green,False,Gigabyte
MSI A88X-G45 GAMING,,FM2+,ATX,64,4,Black / Red,False,MSI
Gigabyte GA-F2A78M-HD2,,FM2+,Micro ATX,64,2,Black,False,Gigabyte
Asus H97M-PLUS,,LGA1150,Micro ATX,32,4,Black / Gold,False,ASUS
MSI H97M-G43,,LGA1150,Micro ATX,32,4,Black / Blue,False,MSI
ASRock H97M-ITX/AC,,LGA1150,Mini ITX,16,2,Black / Blue,False,ASRock
ASRock Z97 Extreme9,,LGA1150,ATX,32,4,Black / Blue,False,ASRock
MSI B85M GAMING,,LGA1150,Micro ATX,32,4,Black / Red,False,MSI
Gigabyte GA-X99-GAMING G1WIFI,,LGA2011-3,EATX,64,8,Black / Red,False,Gigabyte
Gigabyte GA-H97-HD3,,LGA1150,ATX,32,4,Black / Gold,False,Gigabyte
MSI Z97-G43,,LGA1150,ATX,32,4,Black / Blue,False,MSI
Gigabyte GA-Q87M-MK,,LGA1150,Micro ATX,32,4,Black / White,False,Gigabyte
MSI A68HM-E33,,FM2+,Micro ATX,32,2,Black,False,MSI
Asus X99-DELUXE/U3.1,,LGA2011-3,ATX,64,8,Black / White,False,ASUS
MSI Z170A Tomahawk AC,,LGA1151,ATX,64,4,Black / Red,False,MSI
Asus B150M-A D3,,LGA1151,Micro ATX,64,4,Black / Gold,False,ASUS
ASRock H110M-HDS,,LGA1151,Micro ATX,32,2,Black / Orange,False,ASRock
MSI B150I GAMING PRO AC,,LGA1151,Mini ITX,32,2,Black / Red,False,MSI
Gigabyte GA-B150N-GSM,,LGA1151,Mini ITX,32,2,Black,False,Gigabyte
Supermicro X10SRM-F,,LGA2011-3 Narrow,Micro ATX,512,4,Black / Green,False,Supermicro
MSI B150M BAZOOKA PLUS,,LGA1151,Micro ATX,64,4,Black / White,False,MSI
Asus PRIME B250-PRO,,LGA1151,ATX,64,4,Black / Red,False,ASUS
MSI B250M PRO-VH,,LGA1151,Micro ATX,32,2,Brown / Black,False,MSI
MSI H270M BAZOOKA,,LGA1151,Micro ATX,64,4,Black / White,False,MSI
Gigabyte GA-Z270N-WIFI,,LGA1151,Mini ITX,32,2,Black / Gold,False,Gigabyte
ASRock H270M Pro4,,LGA1151,Micro ATX,64,4,Black / White,False,ASRock
EVGA Z270 Classified K,,LGA1151,EATX,64,4,Black,False,EVGA
Gigabyte GA-B250N-Phoenix WIFI,,LGA1151,Mini ITX,32,2,Black / Orange,False,Gigabyte
Gigabyte GA-Z270X-DESIGNARE,,LGA1151,ATX,64,4,Silver,False,Gigabyte
Asus TUF X299 MARK 1,,LGA2066,ATX,128,8,Black,False,ASUS
Biostar A320MH PRO,,AM4,Micro ATX,32,2,Black / Yellow,False,Biostar
Gigabyte GA-B250M-EVO (rev. 1.0),,LGA1151,Micro ATX,32,2,Black,False,Gigabyte
Gigabyte X299 UD4,,LGA2066,ATX,128,8,Black / Gray,False,Gigabyte
Gigabyte GA-H110M-Gaming 3,,LGA1151,Micro ATX,32,2,Black / Red,False,Gigabyte
Asus Prime H310M-C R2.0/CSM,,LGA1151,Micro ATX,32,2,Green,False,ASUS
Gigabyte Z490 UD AC,,LGA1200,ATX,128,4,Black / Silver,False,Gigabyte
Gigabyte Z490 VISION D,14839.6,LGA1200,ATX,128,4,Black / Silver,True,Gigabyte
ASRock H410M/ac,,LGA1200,Micro ATX,64,2,Black,False,ASRock
Asus Pro H410M-C/CSM,,LGA1200,Micro ATX,64,2,Green,False,ASUS
Gigabyte Z490 GAMING X AX,,LGA1200,ATX,128,4,Brown / Black,False,Gigabyte
Colorful CVN B460I GAMING FROZEN V20,,LGA1200,Mini ITX,64,2,White / Black,False,Colorful
ASRock H510M/ac,,LGA1200,Micro ATX,64,2,Silver / Black,False,ASRock
Biostar H510MH/E 2.0,,LGA1200,Micro ATX,64,2,Black,False,Biostar
Gigabyte B660M AORUS Pro AX,,LGA1700,Micro ATX,192,4,Black,False,Gigabyte
Asus PRO-B660M-C-CSM,,LGA1700,Micro ATX,128,4,Green / Black,False,ASUS
MSI PRO-A320M-B,,AM4,Micro ATX,64,2,Brown / Black,False,MSI
MSI B560M PRO-VDH WIFI (CEC),,LGA1200,Micro ATX,128,4,Black,False,MSI
Biostar H510MH 2.0,,LGA1200,Micro ATX,64,2,Black / Silver,False,Biostar
Asus PRIME B760-PLUS-CSM,,LGA1700,ATX,192,4,Silver / Black,False,ASUS
Biostar B760MX2-E PRO D4,,LGA1700,Micro ATX,128,4,Silver / Black,False,Biostar
Gigabyte Z790 S DDR4 (rev. 1.0),,LGA1700,ATX,128,4,Black,False,Gigabyte
Asus PRIME H610M-F WIFI D4,,LGA1700,Micro ATX,64,2,Black / Silver,False,ASUS
ASRock A620AM-HVS,,AM5,Micro ATX,128,2,Black,False,ASRock
Zotac IONITX-E-E,,Integrated Atom 230,Mini ITX,4,2,Black / Red,False,Zotac
Biostar B650M-SILVER,4025.6,AM5,Micro ATX,192,4,Silver / Black,True,Biostar
Asus PRIME B850-PLUS WIFI-CSM,,AM5,ATX,256,4,Black / Silver,False,ASUS
Intel D525MW,3050.2,Integrated Atom D525,Mini ITX,4,2,Green / Black,True,Intel
MAXSUN Terminator Z890-A WIFI,,LGA1851,ATX,256,4,Silver / Black,False,MAXSUN
ASRock X58 Extreme6,4804.8,LGA1366,ATX,24,6,Black / Blue,True,ASRock
Supermicro MBD-X11SSM-F-O,5399.8,LGA1151,Micro ATX,64,4,Green,True,Supermicro
Gigabyte Z590 AORUS TACHYON,11460.0,LGA1200,EATX,64,2,Black,True,Gigabyte
Biostar Z590MHP,,LGA1200,Micro ATX,64,2,Black / Silver,False,Biostar
Asus M4N68T-M V2,3999.8,AM3,Micro ATX,16,2,Black / Blue,True,ASUS
Supermicro X9SRH-7TF,15899.8,LGA2011,ATX,64,8,Green / Blue,True,Supermicro
Gigabyte Z690 AORUS TACHYON,,LGA1700,EATX,96,2,Black,False,Gigabyte
Intel DH55TC,,LGA1156,Micro ATX,16,4,Black / Blue,False,Intel
Gigabyte GA-MA74GM-S2,,AM3/AM2+/AM2,Micro ATX,8,2,Blue / White,False,Gigabyte
Asus M4A89GTD PRO/USB3,,AM3,ATX,16,4,Black / Blue,False,ASUS
Gigabyte GA-EP45-UD3L,,LGA775,ATX,16,4,Multicolor,False,Gigabyte
MSI G41M-P33,,LGA775,Micro ATX,4,2,Brown / Black,False,MSI
Zotac GF9300-K-E,,LGA775,Mini ITX,8,2,Black / Yellow,False,Zotac
ASRock 760GM-GS3,,AM3,Micro ATX,8,2,Black / Blue,False,ASRock
Intel DH61WWB3,,LGA1155,Micro ATX,8,2,Green / Blue,False,Intel
Asus P8Z68-V/GEN3,,LGA1155,ATX,32,4,Black / Blue,False,ASUS
ASRock X79 Extreme4,,LGA2011,ATX,32,4,Brown / Black,False,ASRock
Biostar TPOWER X79,,LGA2011,ATX,32,4,Black / Red,False,Biostar
ASRock Z77 Pro3,,LGA1155,ATX,32,4,Brown / Black,False,ASRock
Asus P8B75-V,,LGA1155,ATX,32,4,Black / Blue,False,ASUS
ASRock H77M,,LGA1155,Micro ATX,16,2,Brown / Black,False,ASRock
ASRock Z77E-ITX,,LGA1155,Mini ITX,16,2,Brown / Black,False,ASRock
ASRock Z75 Pro3,,LGA1155,ATX,32,4,Brown / Black,False,ASRock
MSI FM2-A55M-E33,,FM2,Micro ATX,16,2,Black / Blue,False,MSI
Asus P8Z77-I DELUXE/WD,,LGA1155,Mini ITX,16,2,Black / Blue,False,ASUS
Gigabyte GA-B75M-HD3,,LGA1155,Micro ATX,16,2,Blue / White,False,Gigabyte
Foxconn H77MXV-D,,LGA1155,Micro ATX,16,2,Blue,False,Foxconn
Asus H87-PLUS,,LGA1150,ATX,32,4,Black / Gold,False,ASUS
Asus Maximus VI Extreme,,LGA1150,ATX,32,4,Black / Red,False,ASUS
Asus H87I-PLUS,,LGA1150,Mini ITX,16,2,Black / Gold,False,ASUS
Gigabyte GA-B75N,,LGA1155,Mini ITX,16,2,Black / Silver,False,Gigabyte
ASRock H81M-DGS,,LGA1150,Micro ATX,16,2,Black,False,ASRock
ASRock H81M-ITX,,LGA1150,Mini ITX,16,2,Brown / Black,False,ASRock
Gigabyte GA-H87-HD3,,LGA1150,ATX,32,4,Black / Gray,False,Gigabyte
Asus A88X-PRO,,FM2+,ATX,64,4,Black / Gold,False,ASUS
ASRock E3C226D2I,,LGA1150,Mini ITX,16,2,Green,False,ASRock
ASRock Z87 Extreme11/ac,,LGA1150,EATX,32,4,Black / Gold,False,ASRock
Asus A78M-A,,FM2+,Micro ATX,64,4,Black / Gold,False,ASUS
Gigabyte GA-Z97X-UD5H,,LGA1150,ATX,32,4,Black / Gold,False,Gigabyte
Gigabyte GA-Z97M-D3H,,LGA1150,Micro ATX,32,4,Black / Gold,False,Gigabyte
MSI Z97 Guard-Pro,,LGA1150,ATX,32,4,Black / Blue,False,MSI
MSI Z97M Gaming,,LGA1150,Micro ATX,32,4,Black / Red,False,MSI
ASRock Z97M Pro4,,LGA1150,Micro ATX,32,4,Black / Blue,False,ASRock
Gigabyte GA-Z97M-DS3H,,LGA1150,Micro ATX,32,4,Black / Gray,False,Gigabyte
Gigabyte GA-X99-UD5 WIFI,,LGA2011-3,EATX,64,8,Black / Yellow,False,Gigabyte
Gigabyte GA-F2A68HM-DS2H,,FM2+,Micro ATX,64,2,Black,False,Gigabyte
ASRock FM2A68M-HD+,,FM2+,Micro ATX,32,2,Brown / Black,False,ASRock
ASRock EPC612D4U-2T8R,,LGA2011-3 Narrow,Micro ATX,512,4,Green / Blue,False,ASRock
EVGA Z170 FTW,,LGA1151,ATX,64,4,Black,False,EVGA
ASRock Z170 Extreme7+,,LGA1151,ATX,64,4,Black / Gold,False,ASRock
MSI Z170A-G45 GAMING,,LGA1151,ATX,64,4,Black / Red,False,MSI
ASRock H170M-ITX/ac,,LGA1151,Mini ITX,32,2,Black / Red,False,ASRock
Gigabyte GA-H170-D3HP,,LGA1151,ATX,64,4,Black / Gold,False,Gigabyte
Asus M2N,,AM2,ATX,8,4,Yellow,False,ASUS
Asus MAXIMUS VIII EXTREME,,LGA1151,EATX,64,4,Black / Red,False,ASUS
Gigabyte GA-H110M-S2PV DDR3 (rev. 1.0),,LGA1151,Micro ATX,32,2,Black,False,Gigabyte
MSI B150M Pro-VD,,LGA1151,Micro ATX,32,2,Black / Silver,False,MSI
Asus Z170-WS,,LGA1151,ATX,64,4,Black / Silver,False,ASUS
Asus B150M-K,,LGA1151,Micro ATX,32,2,Black / Gold,False,ASUS
Asus H110M-C D3,,LGA1151,Micro ATX,32,2,Black / Gold,False,ASUS
Asus H110I-PLUS D3/CSM,,LGA1151,Mini ITX,32,2,Black / Gold,False,ASUS
Asus H110I-PLUS/CSM,,LGA1151,Mini ITX,32,2,Black / Gold,False,ASUS
MSI Z170A SLI,,LGA1151,ATX,64,4,Black / Gray,False,MSI
Gigabyte GA-990FXA-UD3 Ultra,,AM3+,ATX,64,4,Black / Silver,False,Gigabyte
Supermicro X10SDV-4C-TLN2F,,Integrated Xeon D-1521,Mini ITX,64,4,Green,False,Supermicro
MSI 970A GAMING PRO CARBON,,AM3+/AM3,ATX,32,4,Black / Silver,False,MSI
MSI H170M PRO-VDH,,LGA1151,Micro ATX,64,4,Black / White,False,MSI
MSI Z270 XPOWER GAMING TITANIUM,,LGA1151,ATX,64,4,Silver / Black,False,MSI
MSI H270M MORTAR ARCTIC,,LGA1151,Micro ATX,64,4,White / Silver,False,MSI
Gigabyte GA-Z270X-Gaming K7,,LGA1151,ATX,64,4,Black / White,False,Gigabyte
Gigabyte GA-Z270-HD3P,,LGA1151,ATX,64,4,Black / Gold,False,Gigabyte
Biostar B350GT3,,AM4,Micro ATX,64,4,Black / White,False,Biostar
Asus STRIX B250G Gaming,,LGA1151,Micro ATX,64,4,Black / Red,False,ASUS
Asus ROG STRIX H270I GAMING,,LGA1151,Mini ITX,32,2,Black / Silver,False,ASUS
MSI X299 GAMING PRO CARBON AC,,LGA2066,ATX,128,8,Black / Silver,False,MSI
EVGA X299 FTW K,,LGA2066,EATX,256,8,Black,False,EVGA
ASRock X370 GAMING X,,AM4,ATX,64,4,Black / Red,False,ASRock
EVGA Z370 FTW,,LGA1151,ATX,64,4,Black,False,EVGA
ASRock H110M-HDV R3.0,,LGA1151,Micro ATX,32,2,Black / Orange,False,ASRock
Asus TUF B360-Pro Gaming (Wi-Fi),,LGA1151,ATX,64,4,Silver / Orange,False,ASUS
MSI H310M GAMING PLUS,,LGA1151,Micro ATX,32,2,Black / Red,False,MSI
Gigabyte H370M D3H,,LGA1151,Micro ATX,64,4,Silver / Black,False,Gigabyte
Gigabyte B360M GAMING HD,,LGA1151,Micro ATX,32,2,Silver / Red,False,Gigabyte
Gigabyte H310M DS2V,,LGA1151,Micro ATX,32,2,Silver / Black,False,Gigabyte
MSI B360 GAMING PRO CARBON,,LGA1151,ATX,64,4,Black,False,MSI
EVGA Z370 Micro ATX,,LGA1151,Micro ATX,32,2,Black / Silver,False,EVGA
Biostar X470GTN,,AM4,Mini ITX,32,2,Black,False,Biostar
Gigabyte X299-WU8,,LGA2066,SSI CEB,128,8,Black / Silver,False,Gigabyte
ECS A320AM4-M3D,,AM4,Micro ATX,32,2,Black,False,ECS
Gigabyte H470M DS3H,,LGA1200,Micro ATX,128,4,Black / Silver,False,Gigabyte
Gigabyte H410M S2,,LGA1200,Micro ATX,64,2,Black / Silver,False,Gigabyte
ASRock B460 Pro4,,LGA1200,ATX,128,4,Black / Silver,False,ASRock
MSI H410M PRO-C,,LGA1200,Micro ATX,64,2,Black / Silver,False,MSI
Colorful CVN X570M GAMING PRO V14,,AM4,Micro ATX,128,4,Black / Silver,False,Colorful
Gigabyte Z690 AORUS PRO DDR4,,LGA1700,ATX,128,4,Black / Silver,False,Gigabyte
Gigabyte B660 GAMING X,,LGA1700,ATX,192,4,Black,False,Gigabyte
Biostar B660GTN,,LGA1700,Mini ITX,64,2,Blue / Black,False,Biostar
Gigabyte Z690I AORUS ULTRA PLUS DDR4 (rev. 1.0),,LGA1700,Mini ITX,64,2,,False,Gigabyte
MSI PRO B660M-B,,LGA1700,Micro ATX,96,2,Black / Silver,False,MSI
Asus PRIME B650M-A WIFI-CSM,,AM5,Micro ATX,128,4,Silver / Black,False,ASUS
Biostar B45M2,,AM4,Micro ATX,32,2,Black / Silver,False,Biostar
MSI PRO B760-P DDR4,,LGA1700,ATX,128,4,Black / Silver,False,MSI
MSI PRO B760M-A DDR4,,LGA1700,Micro ATX,128,4,Black,False,MSI
Biostar B550MT,,AM4,Micro ATX,64,2,Black,False,Biostar
ASRock H610M-X D5,,LGA1700,Micro ATX,96,2,Black / Silver,False,ASRock
Asus Q170-PLUS,,LGA1151,Mini ITX,32,2,Black,False,ASUS
Asus B840M MAX GAMING AX,,AM5,Micro ATX,256,4,Silver / Black,False,ASUS
ASRock B850M-A,,AM5,Micro ATX,128,2,Black / Silver,False,ASRock
ASRock B850M Pro Plus WiFi,,AM5,Micro ATX,256,4,Silver,False,ASRock
Gigabyte B850M AORUS ELITE WIFI7 ICE-P,,AM5,Micro ATX,256,4,White / Orange,False,Gigabyte
Supermicro A1SRI-2758F-O,9580.0,Integrated Atom C2358,Mini ITX,64,4,Black / Green,True,Supermicro
ASRock A75 Extreme6,2223.0,FM1,ATX,32,4,Black / Blue,True,ASRock
MSI B350 KRAIT GAMING,,AM4,ATX,64,4,Black / White,False,MSI
Biostar B550GTQ,,AM4,Micro ATX,128,4,Black,False,Biostar
Gigabyte GA-Z97X-UD5H-BK,,LGA1150,ATX,32,4,Black / Gray,False,Gigabyte
MSI H310I PRO,,LGA1151,Mini ITX,32,2,Black,False,MSI
Asus PRIME H610M-A WIFI D4-CSM,,LGA1700,Micro ATX,64,2,Silver / Black,False,ASUS
Asus P7P55-M,,LGA1156,Micro ATX,16,4,Black / Blue,False,ASUS
Intel DQ45CB,,LGA775,Micro ATX,8,4,Green / Blue,False,Intel
Intel DG43RK,,LGA775,Micro ATX,8,4,Green / Blue,False,Intel
Asus Rampage II Extreme,,LGA1366,ATX,24,6,Black / Blue,False,ASUS
Biostar G41D3G,,LGA775,Micro ATX,4,2,Multicolor,False,Biostar
Asus P8H67-M LE,,LGA1155,Micro ATX,16,2,Black / Blue,False,ASUS
Asus P8H67-M PRO,,LGA1155,Micro ATX,32,4,,False,ASUS
Asus P8P67,,LGA1155,ATX,32,4,Black / Blue,False,ASUS
Intel DH67CL,,LGA1155,ATX,32,4,Black / Blue,False,Intel
ECS H61H2-M2(1.0),,LGA1155,Micro ATX,16,2,Black / Gray,False,ECS
Gigabyte GA-Z68A-D3H-B3,,LGA1155,ATX,32,4,Blue / White,False,Gigabyte
MSI H61I-E35 (B3),,LGA1155,Mini ITX,16,2,Black / Blue,False,MSI
Asus P6X58-E PRO,,LGA1366,ATX,48,6,Black / Blue,False,ASUS
ASRock 970 Extreme3,,AM3+,ATX,32,4,Black,False,ASRock
Gigabyte GA-A55M-DS2,,FM1,Micro ATX,32,2,Blue / White,False,Gigabyte
Foxconn H67M-V,,LGA1155,Micro ATX,32,4,Blue / White,False,Foxconn
Biostar TA970XE,,AM3+,ATX,32,4,Black / Red,False,Biostar
ASRock 970DE3/U3S3,,AM3+,ATX,32,4,Black / Silver,False,ASRock
ASRock Z77 Extreme6,,LGA1155,ATX,32,4,Black / Gold,False,ASRock
Asus P8H77-I,,LGA1155,Mini ITX,16,2,Black / Blue,False,ASUS
Asus P8B75-M LE,,LGA1155,Micro ATX,16,2,Black / Blue,False,ASUS
MSI Z77A-G41,,LGA1155,ATX,32,4,Black / Blue,False,MSI
MSI 760GM-P34(FX),,AM3+,Micro ATX,16,2,Black / Blue,False,MSI
ASRock B75 Pro3-M,,LGA1155,Micro ATX,32,4,Brown / Black,False,ASRock
ECS H61H2-MV,,LGA1155,Micro ATX,16,2,Black / Gray,False,ECS
Asus Sabertooth 990FX/GEN3 R2.0,,AM3+,ATX,32,4,,False,ASUS
Asus P9X79-E WS,,LGA2011,SSI CEB,64,8,Black / Blue,False,ASUS
ASRock Z87E-ITX,,LGA1150,Mini ITX,16,2,Black / Silver,False,ASRock
Asus Maximus VI Gene,,LGA1150,Micro ATX,32,4,,False,ASUS
ECS NM70-I2(1.0),,Integrated Celeron 1037U,Mini ITX,16,2,Black / Gray,False,ECS
ASRock H87WS-DL,,LGA1150,ATX,32,4,Green / Blue,False,ASRock
ASRock FM2A88M Extreme4+,,FM2+,Micro ATX,64,4,Brown / Black,False,ASRock
Gigabyte G1.Sniper Z87,,LGA1150,ATX,32,4,Black / Green,False,Gigabyte
MSI A88X-G43,,FM2+,ATX,64,4,Black / Blue,False,MSI
Asus Q87T/CSM,,LGA1150,Thin Mini ITX,16,2,Black / Gold,False,ASUS
Gigabyte GA-Z87X-HD3,,LGA1150,ATX,32,4,Black / Gray,False,Gigabyte
MSI B85I,,LGA1150,Mini ITX,16,2,Black / Silver,False,MSI
ASRock Fatal1ty H97 Performance,,LGA1150,ATX,32,4,Black / Red,False,ASRock
Gigabyte GA-Z97X-Gaming G1 WIFI-BK,,LGA1150,ATX,32,4,Black / Red,False,Gigabyte
MSI H97M-E35,,LGA1150,Micro ATX,16,2,Black / Blue,False,MSI
Asus A78M-E,,FM2+,Micro ATX,32,2,Black / Gold,False,ASUS
Gigabyte GA-H97M-HD3,,LGA1150,Micro ATX,16,2,Black / Silver,False,Gigabyte
MSI B85-G43,,LGA1150,ATX,32,4,Black / Blue,False,MSI
Asus A88XM-Plus,,FM2+,Micro ATX,64,4,Black / Gold,False,ASUS
Asus Z97-DELUXE/USB 3.1,,LGA1150,ATX,32,4,Black / Gold,False,ASUS
Gigabyte GA-990FXA-UD5 R5,,AM3+,ATX,32,4,Black / Blue,False,Gigabyte
ASRock B150M Pro4S,,LGA1151,Micro ATX,64,4,Black / Orange,False,ASRock
Gigabyte GA-H170-D3H,,LGA1151,ATX,64,4,Black / Gold,False,Gigabyte
Supermicro X9SCM-iiF,,LGA1155,Micro ATX,32,4,Black / Green,False,Supermicro
Asus M5A78L-M LE/USB3,,AM3+,Micro ATX,16,2,Black / Blue,False,ASUS
Gigabyte GA-Z170X-GAMING 6,,LGA1151,ATX,64,4,Black / Red,False,Gigabyte
Asus H110M-A D3,,LGA1151,Micro ATX,32,2,Black / Gold,False,ASUS
Gigabyte GA-Q170M-D3H,,LGA1151,Micro ATX,64,4,Black / Silver,False,Gigabyte
ASRock Fatal1ty Z170 Professional Gaming i7,,LGA1151,ATX,64,4,Black / Red,False,ASRock
Gigabyte GA-B150M-HD3,,LGA1151,Micro ATX,32,2,Black / Silver,False,Gigabyte
Asus P10S-I,,LGA1151,Mini ITX,32,2,Black / Blue,False,ASUS
Gigabyte GA-970-Gaming SLI,,AM3+/AM3,ATX,64,4,Black / Red,False,Gigabyte
Supermicro X11SSL-CF,,LGA1151,Micro ATX,64,4,Green,False,Supermicro
Gigabyte GA-B150-HD3P,,LGA1151,ATX,64,4,Black / Yellow,False,Gigabyte
MSI X99A TOMAHAWK,,LGA2011-3,ATX,128,8,Black / Silver,False,MSI
Supermicro X10SLH-F,,LGA1150,Micro ATX,32,4,Green,False,Supermicro
Biostar Z270GT9,,LGA1151,ATX,64,4,Black / White,False,Biostar
Gigabyte GA-H270M-D3H,,LGA1151,Micro ATX,64,4,Black / Gold,False,Gigabyte
Gigabyte GA-Z270X-UD3,,LGA1151,ATX,64,4,Black / Silver,False,Gigabyte
ASRock Fatal1ty B250 Gaming K4,,LGA1151,ATX,64,4,Black / Red,False,ASRock
ASRock H270 Pro4,,LGA1151,ATX,64,4,Black / White,False,ASRock
ASRock Fatal1ty Z270 Gaming-ITX/ac,,LGA1151,Mini ITX,32,2,Black / Red,False,ASRock
Asus PRIME B350M-A/CSM,,AM4,Micro ATX,64,4,Black / Silver,False,ASUS
Biostar B350ET2,,AM4,Micro ATX,32,2,Black,False,Biostar
Biostar B350GTN,,AM4,Mini ITX,32,2,Black,False,Biostar
Gigabyte X299 AORUS Gaming 9,,LGA2066,ATX,128,8,Black / Silver,False,Gigabyte
Gigabyte X299 AORUS Gaming 7,,LGA2066,ATX,128,8,Black / Silver,False,Gigabyte
ASRock Z370 Killer SLI,,LGA1151,ATX,64,4,Black / Silver,False,ASRock
EVGA Z370 Classified K,,LGA1151,ATX,64,4,Black / Silver,False,EVGA
Gigabyte H370 AORUS GAMING 3,,LGA1151,ATX,64,4,Black / Orange,False,Gigabyte
Gigabyte B360N AORUS GAMING WIFI,,LGA1151,Mini ITX,32,2,Black / Orange,False,Gigabyte
Gigabyte H310 D3,,LGA1151,ATX,32,2,Silver / Black,False,Gigabyte
Gigabyte X299 AORUS Gaming 3 Pro,,LGA2066,ATX,128,8,Black,False,Gigabyte
Biostar H61MLV,,LGA1155,Micro ATX,16,2,Black / Red,False,Biostar
Gigabyte H370M D3H GSM,,LGA1151,Micro ATX,64,4,Black / Silver,False,Gigabyte
Gigabyte GA-Z68AP-D3,,LGA1155,ATX,32,4,Blue / White,False,Gigabyte
EVGA Z490 DARK K|NGP|N,,LGA1200,EATX,64,2,Black / Yellow,False,EVGA
Asus PRIME B560M-A/CSM,,LGA1200,Micro ATX,128,4,Silver / Black,False,ASUS
ASRock Z590 Phantom Gaming 4/ac+,,LGA1200,ATX,128,4,Black,False,ASRock
Asus PRIME H410I-PLUS/CSM,,LGA1200,Mini ITX,64,2,Black,False,ASUS
Gigabyte Z690 AERO D,,LGA1700,EATX,192,4,Black / Silver,False,Gigabyte
MSI MAG H670 TOMAHAWK WIFI DDR4,,LGA1700,ATX,128,4,Black / Silver,False,MSI
Gigabyte Z690I AORUS ULTRA PLUS (rev. 1.0),,LGA1700,Mini ITX,96,2,,False,Gigabyte
MSI PRO H610M-C EX,,LGA1700,Micro ATX,96,2,Black / Silver,False,MSI
Biostar Z790 VALKYRIE,,LGA1700,ATX,192,4,Black,False,Biostar
Gigabyte H470M K,,LGA1200,Micro ATX,64,2,Black,False,Gigabyte
Gigabyte Z790 AORUS TACHYON,,LGA1700,EATX,96,2,Silver / Black,False,Gigabyte
Gigabyte B650E AORUS TACHYON,,AM5,ATX,96,2,Silver / Black,False,Gigabyte
Gigabyte H410M S2 V2,,LGA1200,Micro ATX,64,2,Gray / Black,False,Gigabyte
Gigabyte A620M S2H (rev. 1.0),,AM5,Micro ATX,96,2,Black,False,Gigabyte
Asus PRIME Z790-V WIFI-CSM,,LGA1700,ATX,192,4,Black / Silver,False,ASUS
Asus EX-B650M-V7,,AM5,Micro ATX,96,2,Black / Red,False,ASUS
Gigabyte Z790 AORUS ELITE X,,LGA1700,ATX,192,4,Black,False,Gigabyte
Asus PRIME H610I-PLUS-CSM,,LGA1700,Mini ITX,96,2,Black / Silver,False,ASUS
Asus PRIME B650M-R-CSM,,AM5,Micro ATX,96,2,Silver / Black,False,ASUS
Asus PRIME H610M-F D4 R2.0,,LGA1700,Micro ATX,64,2,Silver / Black,False,ASUS
MSI PRO Z690-P WIFI,,LGA1700,ATX,192,4,Black,False,MSI
Gigabyte Z590M,,LGA1200,Micro ATX,128,4,Black / Brown,False,Gigabyte
Biostar B650MS2-E,,AM5,Micro ATX,96,2,Black,False,Biostar
Gigabyte B650M D2HP (rev. 1.2),,AM5,Micro ATX,96,2,Black / Gray,False,Gigabyte
Gigabyte Z890 UD,,LGA1851,ATX,256,4,Black / Gray,False,Gigabyte
Asus B860M AYW GAMING WIFI,,LGA1851,Micro ATX,128,2,Silver / Black,False,ASUS
Gigabyte B860M AORUS ELITE,,LGA1851,Micro ATX,256,4,Black,False,Gigabyte
Biostar B850MT2-E DJ,,AM5,Micro ATX,128,2,Black,False,Biostar
Gigabyte B760M AORUS ELITE GEN5,,LGA1700,Micro ATX,256,4,Black / Silver,False,Gigabyte
Asus Pro B860M-CT-CSM,3199.8,LGA1851,Micro ATX,256,4,Black,True,ASUS
Supermicro MBD-X11SBA-LN4F-O,6746.4,Integrated Pentium N3700,Mini ITX,8,2,Green,True,Supermicro
MSI 890FXA-GD65,6239.6,AM3,ATX,16,4,Black / Blue,True,MSI
Asus P10S-M WS,,LGA1151,Micro ATX,64,4,Black,False,ASUS
Gigabyte GA-Z270N-Gaming 5,,LGA1151,Mini ITX,32,2,Black / Orange,False,Gigabyte
ASRock X299 WSI/IPMI,8457.6,LGA2066,Mini ITX,64,4,Black / Silver,True,ASRock
Gigabyte GA-770T-USB3,,AM3,ATX,16,4,Blue / White,False,Gigabyte
Asus M4A78T-E,,AM3,ATX,16,4,Black / Blue,False,ASUS
Asus M4A89TD PRO/USB3,,AM3,ATX,16,4,Black / Blue,False,ASUS
Asus Crosshair IV Formula,,AM3,ATX,16,4,Black / Red,False,ASUS
EVGA 170-BL-E762-A1,,LGA1366,XL ATX,24,6,Black / Red,False,EVGA
Intel DX58SO,,LGA1366,ATX,16,4,Black / Blue,False,Intel
MSI NF980-G65,,AM3,ATX,16,4,Black / Blue,False,MSI
Gigabyte GA-G41MT-D3,,LGA775,Micro ATX,8,2,Blue / White,False,Gigabyte
Asus P5P43TD/USB3,,LGA775,ATX,16,4,,False,ASUS
Asus P8P67 WS Revolution,,LGA1155,ATX,32,4,,False,ASUS
MSI P67A-GD65,,LGA1155,ATX,32,4,Black / Blue,False,MSI
Intel DX58SO2,,LGA1366,ATX,24,6,Black / Blue,False,Intel
Gigabyte G1.Assassin,,LGA1366,XL ATX,24,6,,False,Gigabyte
Gigabyte GA-P67A-D3-B3,,LGA1155,ATX,32,4,Blue / White,False,Gigabyte
Foxconn H61MXV,,LGA1155,Micro ATX,8,2,Blue / White,False,Foxconn
Asus M5A97,,AM3+,ATX,32,4,,False,ASUS
Gigabyte GA-970A-D3,,AM3+,ATX,32,4,Blue / White,False,Gigabyte
Asus P8Z68-V LE,,LGA1155,ATX,32,4,Black / Blue,False,ASUS
ASRock Fatal1ty 990FX Professional,,AM3+,ATX,64,4,Black / Red,False,ASRock
ASRock 990FX Extreme3,,AM3+/AM3,ATX,32,4,Black / Silver,False,ASRock
ASRock X79 Extreme9,,LGA2011,ATX,64,8,Black / Silver,False,ASRock
ASRock X79 Extreme6,,LGA2011,ATX,64,8,Black / Silver,False,ASRock
Asus P8H77-V LE,,LGA1155,ATX,32,4,Black / Blue,False,ASUS
MSI Z77A-GD55,,LGA1155,ATX,32,4,Black / Blue,False,MSI
MSI Z77MA-G45,,LGA1155,Micro ATX,32,4,Black / Blue,False,MSI
ASRock Z77 Pro4-M,,LGA1155,Micro ATX,32,4,Brown / Black,False,ASRock
ASRock H77M-ITX,,LGA1155,Mini ITX,16,2,Brown / Black,False,ASRock
ECS H61H2-M12,,LGA1155,Micro ATX,16,2,Black / Gray,False,ECS
MSI H61M-E33/W8,,LGA1155,Micro ATX,16,2,Black / Blue,False,MSI
Asus F1A55-M LE R2.0,,FM1,Micro ATX,32,2,Black / Blue,False,ASUS
Gigabyte GA-F2A85XM-D3H,,FM2,Micro ATX,64,4,Blue / White,False,Gigabyte
Gigabyte GA-Z87X-UD5H,,LGA1150,ATX,32,4,Black / Gray,False,Gigabyte
Asus Z87-C,,LGA1150,ATX,32,4,,False,ASUS
ASRock B85M-ITX,,LGA1150,Mini ITX,16,2,,False,ASRock
ASRock H87 Pro4,,LGA1150,ATX,32,4,Brown / Black,False,ASRock
ASRock Z87 Pro4,,LGA1150,ATX,32,4,Brown / Black,False,ASRock
MSI Z87 MPOWER,,LGA1150,ATX,32,4,Black / Yellow,False,MSI
Gigabyte GA-Z87N-WIFI,,LGA1150,Mini ITX,16,2,Black,False,Gigabyte
Biostar B75MU3B,,LGA1155,Micro ATX,16,2,Black / Red,False,Biostar
MSI Z87-G55,,LGA1150,ATX,32,4,Black / Blue,False,MSI
ECS H81H3-I/HDMI (V1.0),,LGA1150,Mini ITX,16,2,Black / Gray,False,ECS
ASRock C2550D4I,,Integrated Atom C2550,Mini ITX,64,4,White / Blue,False,ASRock
Asus VANGUARD B85,,LGA1150,Micro ATX,32,4,Brown,False,ASUS
ASRock H97 Pro4,,LGA1150,ATX,32,4,Black / Blue,False,ASRock
ASRock Z97 PRO3,,LGA1150,ATX,32,4,Black / Blue,False,ASRock
Asus Z97-C,,LGA1150,ATX,32,4,Black / Gold,False,ASUS
Asus SABERTOOTH Z97 MARK2,,LGA1150,ATX,32,4,Brown / Black,False,ASUS
Gigabyte GA-Z97N-Gaming 5,,LGA1150,Mini ITX,16,2,Black / Red,False,Gigabyte
Asus X99-PRO,,LGA2011-3,ATX,64,8,Black / White,False,ASUS
ECS A58F2P-M4(1.0),,FM2+,Micro ATX,32,2,Black / Gray,False,ECS
Asus B85M-F,,LGA1150,Micro ATX,16,2,Black / Gold,False,ASUS
Asus X99-S,,LGA2011-3,ATX,64,8,Black / White,False,ASUS
Asus A68HM-E,,FM2+,Micro ATX,32,2,Black / Gold,False,ASUS
Gigabyte GA-F2A68HM-HD2,,FM2+,Micro ATX,32,2,Black,False,Gigabyte
MSI A78M-E35 V2,,FM2+,Micro ATX,32,2,Black,False,MSI
ASRock Fatal1ty X99 Professional/3.1,,LGA2011-3,EATX,128,8,Black / Red,False,ASRock
ASRock Z170 Gaming K4/D3,,LGA1151,ATX,64,4,Black / Red,False,ASRock
Asus B85M-GAMER,,LGA1150,Micro ATX,32,4,Black / Red,False,ASUS
Asus H170I-PLUS D3,,LGA1151,Mini ITX,32,2,Black / Gold,False,ASUS
Gigabyte GA-H81M-S2H GSM,,LGA1150,Micro ATX,16,2,Black / Silver,False,Gigabyte
Gigabyte G1.Sniper Z170,,LGA1151,ATX,64,4,Black / Green,False,Gigabyte
ASRock Z170A-X1/3.1,,LGA1151,ATX,64,4,Black / Orange,False,ASRock
Asus Z170-PREMIUM,,LGA1151,ATX,64,4,Black / White,False,ASUS
Gigabyte GA-X99P-SLI,,LGA2011-3,ATX,128,8,Black / Orange,False,Gigabyte
Gigabyte GA-X150-PLUS WS,,LGA1151,ATX,64,4,Brown / Black,False,Gigabyte
Gigabyte GA-X150M-PLUS WS,,LGA1151,Micro ATX,32,2,Brown / Black,False,Gigabyte
ASRock E3C236D2I,,LGA1151,Mini ITX,32,2,Green / Blue,False,ASRock
Gigabyte GA-F2A88X-D3HP,,FM2+,ATX,64,4,Black / Silver,False,Gigabyte
Gigabyte GA-Z170-Gaming K3-EU,,LGA1151,ATX,64,4,Black / Red,False,Gigabyte
ASRock D1520D4I,,Integrated Xeon D-1520,Mini ITX,128,4,Black / Green,False,ASRock
Gigabyte GA-B250M-HD3,,LGA1151,Micro ATX,32,2,Black / Gold,False,Gigabyte
Gigabyte GA-B250M-D3V,,LGA1151,ATX,32,2,Black / Gold,False,Gigabyte
Gigabyte GA-990X-Gaming SLI,,AM3+,ATX,64,4,Black / Red,False,Gigabyte
ASRock Z270 SuperCarrier,,LGA1151,ATX,64,4,Black / Silver,False,ASRock
Biostar X370GT3,,AM4,Micro ATX,64,4,Black / White,False,Biostar
Supermicro X11SSA-F-B,,LGA1151,ATX,64,4,Green,False,Supermicro
Gigabyte GA-B250M-Gaming 3,,LGA1151,Micro ATX,64,4,Black / Red,False,Gigabyte
MSI X299 XPOWER GAMING AC,,LGA2066,EATX,128,8,Black / Silver,False,MSI
Asus WS X299 PRO/SE,,LGA2066,SSI CEB,128,8,Black / Silver,False,ASUS
Gigabyte GA-H110M-S2PH,,LGA1151,Micro ATX,32,2,Black,False,Gigabyte
ASRock H310M-DGS,,LGA1151,Micro ATX,32,2,Black / Silver,False,ASRock
MSI H310M GAMING ARCTIC,,LGA1151,Micro ATX,32,2,White,False,MSI
Biostar B360MHD PRO,,LGA1151,Micro ATX,32,2,Black,False,Biostar
Biostar H310MHD PRO,,LGA1151,Micro ATX,32,2,Black,False,Biostar
Gigabyte X299 AORUS Ultra Gaming Pro,,LGA2066,ATX,128,8,Black,False,Gigabyte
Biostar X570GT,,AM4,Micro ATX,128,4,Black,False,Biostar
ASRock Z490D4U-2L2T,,LGA1200,Micro ATX,128,4,Green / Blue,False,ASRock
MSI MPG X299M GAMING EDGE AC,,LGA2066,Micro ATX,128,4,Black,False,MSI
Gigabyte H410M HD3P,,LGA1200,Micro ATX,64,2,Black / Silver,False,Gigabyte
ASRock H470M-HDV,,LGA1200,Micro ATX,64,2,Black / Silver,False,ASRock
Gigabyte H510M DS2V,,LGA1200,Micro ATX,64,2,Black,False,Gigabyte
EVGA Z590 DARK,,LGA1200,EATX,64,2,Black,False,EVGA
Gigabyte Z490 UD AC-Y1,,LGA1200,ATX,128,4,Black,False,Gigabyte
Biostar B250MHC,,LGA1151,Micro ATX,32,2,Black / Silver,False,Biostar
Asus PRIME-H510M-F,,LGA1200,Micro ATX,64,2,Black / Silver,False,ASUS
Asus PRO H610M-C D4-CSM,,LGA1700,Micro ATX,64,2,Green / Black,False,ASUS
Gigabyte B650M D2H,,AM5,Micro ATX,96,2,Black,False,Gigabyte
Asus Z790-AYW OC WIFI-CSM,,LGA1700,ATX,96,2,Silver / Black,False,ASUS
Asus PRIME B650M-F-CSM,,AM5,Micro ATX,96,2,Black / Silver,False,ASUS
Asus Pro H810M-C-CSM,,LGA1851,Micro ATX,128,2,Green / Black,False,ASUS
MSI PRO B850-VC WIFI,,AM5,ATX,256,4,Black,False,MSI
MSI PRO B850M-X,,AM5,Micro ATX,128,2,Silver / Black,False,MSI
ASRock X870 NOVA WiFi,,AM5,ATX,256,4,Black,False,ASRock
Asus PRIME B860M-K-CSM,,LGA1851,Micro ATX,128,2,Silver / Black,False,ASUS
ASRock B660M-ITX/eDP,,LGA1700,Mini ITX,64,2,Black / Silver,False,ASRock
Gigabyte GA-B85N-PHOENIX,,LGA1150,Mini ITX,16,2,Black / Orange,False,Gigabyte
Biostar Z590I Valkyrie,,LGA1200,Mini ITX,64,2,Black / Gold,False,Biostar
Biostar Z690MX2-E D4,,LGA1700,Micro ATX,64,2,Black,False,Biostar
Intel DH55HC,,LGA1156,ATX,16,4,Blue / White,False,Intel
Intel DP55WB,,LGA1156,Micro ATX,16,4,Black / Blue,False,Intel
Asus Maximus III Formula,,LGA1156,ATX,16,4,Black / Red,False,ASUS
Gigabyte GA-P55M-UD2,,LGA1156,Micro ATX,16,4,Blue / White,False,Gigabyte
Asus P7P55D-E LX,,LGA1156,ATX,16,4,Blue / White,False,ASUS
Zotac GF6100-B-E,,AM3/AM2+,Micro ATX,4,2,Black / Red,False,Zotac
Gigabyte GA-790XTA-UD4,,AM3,ATX,16,4,Blue / White,False,Gigabyte
ASRock N68-S UCC,,AM3/AM2+/AM2,Micro ATX,8,2,Black / Blue,False,ASRock
Zotac GF9300-A-E,,LGA775,Micro ATX,16,4,Black / Red,False,Zotac
Intel DH55PJ,,LGA1156,Micro ATX,8,2,Black / Blue,False,Intel
Asus P7H55-M LX,,LGA1156,Micro ATX,8,2,Black / Blue,False,ASUS
MSI P43-C51,,LGA775,ATX,16,4,Black / Blue,False,MSI
ECS G41T-M2(1.0),,LGA775,Micro ATX,8,2,,False,ECS
MSI H55M-P33,,LGA1156,Micro ATX,16,4,Black / Blue,False,MSI
ASRock N68C-S UCC,,AM3/AM2+/AM2,Micro ATX,8,4,Multicolor,False,ASRock
Asus P7H55-M/CSM,,LGA1156,Micro ATX,16,4,Black / Blue,False,ASUS
Gigabyte GA-G41MT-S2P,,LGA775,Micro ATX,8,2,Blue / White,False,Gigabyte
Intel DG33TLM,,LGA775,Micro ATX,8,4,Black / Blue,False,Intel
Biostar H61MH,,LGA1155,Micro ATX,8,2,Black / Red,False,Biostar
Gigabyte GA-P61-USB3-B3,,LGA1155,ATX,16,2,Blue / White,False,Gigabyte
Gigabyte GA-H61M-USB3-B3,,LGA1155,Micro ATX,16,2,Blue / White,False,Gigabyte
ASRock G41M-S3,,LGA775,Micro ATX,8,2,Blue / White,False,ASRock
Gigabyte GA-Z68MA-D2H-B3,,LGA1155,Micro ATX,32,4,Blue / White,False,Gigabyte
ASRock Z68 Extreme4,,LGA1155,ATX,32,4,Black / Blue,False,ASRock
Biostar A770 A2+,,AM2+/AM2,ATX,16,4,,False,Biostar
MSI H61M-P21 (B3),,LGA1155,Micro ATX,16,2,Black / Blue,False,MSI
MSI 990FXA-GD65,3072.6,AM3+,ATX,32,4,,True,MSI
Gigabyte GA-H61M-S2-B3,,LGA1155,Micro ATX,16,2,Blue / White,False,Gigabyte
ASRock Z68M-ITX/HT,,LGA1155,Mini ITX,16,2,Black / Blue,False,ASRock
Gigabyte GA-M68MT-S2,,AM3+,Micro ATX,8,2,Blue / White,False,Gigabyte
Asus P5G41T-M LX PLUS,,LGA775,Micro ATX,8,2,Black / Blue,False,ASUS
ASRock X79 Extreme3,,LGA2011,ATX,32,4,Black / Silver,False,ASRock
Gigabyte GA-H61MA-D3V,,LGA1155,Micro ATX,16,2,Blue / White,False,Gigabyte
Asus F1A55-M LX PLUS,,FM1,Micro ATX,32,2,Black / Blue,False,ASUS
MSI A55M-P33,,FM1,Micro ATX,16,2,Black / Blue,False,MSI
ASRock Z77 Pro4,,LGA1155,ATX,32,4,Brown / Black,False,ASRock
Gigabyte GA-Z77MX-D3H,,LGA1155,Micro ATX,32,4,Blue / White,False,Gigabyte
ASRock Z77 Extreme4-M,,LGA1155,Micro ATX,32,4,Brown / Black,False,ASRock
ASRock B75M,,LGA1155,Micro ATX,16,2,Brown / Black,False,ASRock
ASRock H77 Pro4/MVP,,LGA1155,ATX,32,4,Brown / Black,False,ASRock
ASRock B75M-ITX,,LGA1155,Mini ITX,16,2,Brown / Black,False,ASRock
Intel DZ77SL50K,,LGA1155,ATX,32,4,Black / Blue,False,Intel
ASRock 960GM/U3S3 FX,,AM3+,Micro ATX,16,2,Black / Blue,False,ASRock
Gigabyte GA-Z77X-UP4 TH,,LGA1155,ATX,32,4,Black / Gray,False,Gigabyte
Asus E45M1-M PRO,,Integrated E-Series E-450,Micro ATX,8,2,Black / Blue,False,ASUS
MSI FM2-A75MA-E35,,FM2,Micro ATX,16,2,Black / Blue,False,MSI
Gigabyte GA-F2A55M-HD2,,FM2,Micro ATX,64,2,Blue / White,False,Gigabyte
MSI ZH77A-G43,,LGA1155,ATX,32,4,Black / Blue,False,MSI
Asus Z9PA-U8,,LGA2011,ATX,64,8,Green / Blue,False,ASUS
Biostar TA970,,AM3+,ATX,64,4,Black / Red,False,Biostar
Biostar A960D+,,AM3+,Micro ATX,16,2,Black / Red,False,Biostar
Asus Z77-A,,LGA1155,ATX,32,4,,False,ASUS
ASRock H61MV-ITX,,LGA1155,Mini ITX,16,2,Black / Blue,False,ASRock
Gigabyte GA-H61M-USB3H,,LGA1155,Micro ATX,16,2,Black / Blue,False,Gigabyte
MSI B85M-E33,,LGA1150,Micro ATX,32,2,Black / Blue,False,MSI
Intel DH87MC,,LGA1150,ATX,32,4,Black / Blue,False,Intel
Gigabyte GA-Z87X-D3H,,LGA1150,ATX,32,4,Black / Gray,False,Gigabyte
ASRock B85M Pro4/ASM,,LGA1150,Micro ATX,32,4,,False,ASRock
Gigabyte GA-H81M-S2PH,,LGA1150,Micro ATX,16,2,Black,False,Gigabyte
Gigabyte GA-F2A88XN-WIFI,,FM2+,Mini ITX,64,2,,False,Gigabyte
Gigabyte GA-F2A88XM-HD3,,FM2+,Micro ATX,64,2,,False,Gigabyte
MSI H81M-E33 V2,,LGA1150,Micro ATX,16,2,Black / Blue,False,MSI
MSI B85M-P33 V2,,LGA1150,Micro ATX,16,2,Black / Blue,False,MSI
Gigabyte GA-78LMT-S2P(REV5.0),,AM3+,Micro ATX,16,2,Blue / White,False,Gigabyte
ASRock Fatal1ty Z87 Professional,,LGA1150,ATX,32,4,Black / Red,False,ASRock
Gigabyte GA-H81M-HD2,,LGA1150,Micro ATX,16,2,Black / Silver,False,Gigabyte
ASRock Z97 Extreme3,,LGA1150,ATX,32,4,Black / Blue,False,ASRock
Asus Z97-WS,,LGA1150,ATX,32,4,Black / Gold,False,ASUS
EVGA X79 Dark,,LGA2011,EATX,64,8,Black / Red,False,EVGA
MSI Z97I AC,,LGA1150,Mini ITX,16,2,Black / Silver,False,MSI
Asus A88XM-E,,FM2+,Micro ATX,32,2,Black / Gold,False,ASUS
EVGA Z97 Classified,,LGA1150,EATX,32,4,Black,False,EVGA
MSI Z97M-G43,,LGA1150,Micro ATX,32,4,Black / Blue,False,MSI
ASRock Z97 OC FORMULA,,LGA1150,ATX,32,4,Black / Yellow,False,ASRock
ASRock Z97M-ITX/AC,,LGA1150,Mini ITX,16,2,Black / Blue,False,ASRock
EVGA Micro,,LGA2011-3,Micro ATX,64,4,Black,False,EVGA
ASRock X99 Extreme3,,LGA2011-3,ATX,64,4,Black / Blue,False,ASRock
ASRock H97M Anniversary,,LGA1150,Micro ATX,32,4,Black / Blue,False,ASRock
Gigabyte GA-X99-SOC FORCE,,LGA2011-3,EATX,64,8,Black / Orange,False,Gigabyte
MSI B85M Eco,,LGA1150,Micro ATX,32,4,Black / Green,False,MSI
Asus H81-PLUS,,LGA1150,ATX,16,2,Black / Gold,False,ASUS
Asus SABERTOOTH Z97 MARK 1/USB 3.1,,LGA1150,ATX,32,4,Brown / Black,False,ASUS
Asus RAMPAGE V EXTREME/U3,,LGA2011-3,EATX,64,8,Black / Red,False,ASUS
Asus Z97-PRO(Wi-Fi ac)/USB 3.1,,LGA1150,ATX,32,4,Black / Gold,False,ASUS
Gigabyte GA-X99-UD4P,,LGA2011-3,EATX,64,8,Black / Yellow,False,Gigabyte
MSI A88XI AC V2,,FM2+,Mini ITX,16,2,Black / Silver,False,MSI
MSI Z97A GAMING 7,,LGA1150,ATX,32,4,Black / Red,False,MSI
ASRock Fatal1ty X99X Killer/3.1,,LGA2011-3,ATX,128,8,Black / Red,False,ASRock
Asus Z170M-E D3,,LGA1151,Micro ATX,64,4,Black / Gold,False,ASUS
ASRock Z170 Extreme6,,LGA1151,ATX,64,4,Black / Gold,False,ASRock
ASRock FATAL1TY 970 PERFORMANCE/3.1,,AM3+/AM3,ATX,64,4,Black / Red,False,ASRock
Supermicro X10SL7-F,8698.4,LGA1150,Micro ATX,32,4,Black / Green,True,Supermicro
ASRock H170 Pro4,,LGA1151,ATX,64,4,Black / Orange,False,ASRock
Gigabyte GA-H170M-D3H DDR3,,LGA1151,Micro ATX,64,4,Black / Gold,False,Gigabyte
Gigabyte GA-B150M-HD3 DDR3,,LGA1151,Micro ATX,16,2,Black / Silver,False,Gigabyte
Gigabyte GA-H110M-S2HP,,LGA1151,Micro ATX,32,2,Black,False,Gigabyte
MSI Z170A-G43 PLUS,,LGA1151,ATX,64,4,Black / White,False,MSI
Supermicro MBD-X11SSL-O,,LGA1151,Micro ATX,64,4,Black / Green,False,Supermicro
MSI CSM-H110M Pro-VHL,,LGA1151,Micro ATX,32,2,Brown / Black,False,MSI
EVGA 141-BL-E757-TR,,LGA1366,ATX,24,6,Black / Red,False,EVGA
Asus B150I PRO GAMING/WIFI/AURA,,LGA1151,Mini ITX,32,2,Black / Red,False,ASUS
MSI H110I PRO AC,,LGA1151,Mini ITX,32,2,Black / White,False,MSI
Gigabyte GA-Z170X-Designare,,LGA1151,ATX,64,4,Black / Blue,False,Gigabyte
Gigabyte GA-X170-EXTREME ECC,,LGA1151,ATX,64,4,Black / Beige,False,Gigabyte
Asus P10S-E/4L,,LGA1151,ATX,64,4,Black / Blue,False,ASUS
MSI X99A WORKSTATION,,LGA2011-3,ATX,128,8,Black / Yellow,False,MSI
Asus B150-PRO,,LGA1151,ATX,64,4,Black / Gold,False,ASUS
Gigabyte GA-Z270X-UD5,,LGA1151,ATX,64,4,Black / Silver,False,Gigabyte
Gigabyte GA-Z270X-Gaming 8,,LGA1151,ATX,64,4,Black,False,Gigabyte
MSI H270I GAMING PRO AC,,LGA1151,Mini ITX,32,2,Black / Red,False,MSI
MSI B250I GAMING PRO AC,,LGA1151,Mini ITX,32,2,Red,False,MSI
MSI B250 KRAIT GAMING,,LGA1151,ATX,64,4,Black / White,False,MSI
MSI Z270 GAMING M6 AC,,LGA1151,ATX,64,4,Black / Red,False,MSI
Asus ROG MAXIMUS IX EXTREME,,LGA1151,EATX,64,4,Black / Red,False,ASUS
MSI H270 Gaming Pro Carbon,,LGA1151,ATX,64,4,Black / White,False,MSI
ASRock Fatal1ty Z370 Professional Gaming i7,,LGA1151,ATX,64,4,Black / Silver,False,ASRock
MSI B350M PRO-VH PLUS,,AM4,Micro ATX,32,2,Brown / Black,False,MSI
Asus ROG STRIX X299-XE GAMING,,LGA2066,ATX,128,8,Black / Silver,False,ASUS
MSI X370 GAMING PRO CARBON AC,,AM4,ATX,64,4,Black,False,MSI
Gigabyte GA-AX370M-Gaming 3,,AM4,Micro ATX,64,4,Beige / Red,False,Gigabyte
Asus ROG Maximus XI Hero (Wi-Fi) Call of Duty: Black Ops 4 Edition,,LGA1151,ATX,128,4,Black / Orange,False,ASUS
Supermicro C9Z390-CG-IW,,LGA1151,Mini ITX,64,2,Black,False,Supermicro
Biostar B365MHC,,LGA1151,Micro ATX,32,2,Black / Yellow,False,Biostar
Asus Prime X299 Edition 30,,LGA2066,ATX,256,8,Black / White,False,ASUS
Biostar B450GT3,,AM4,Micro ATX,64,4,Black / Silver,False,Biostar
ASRock Z490 Phantom Gaming 4/2.5G,,LGA1200,ATX,128,4,Black / Gray,False,ASRock
Gigabyte Z490 AORUS ULTRA G2,,LGA1200,ATX,128,4,Black / Red,False,Gigabyte
Biostar B550GTA,,AM4,ATX,128,4,Black,False,Biostar
Asus PRIME H410M-A/CSM,,LGA1200,Micro ATX,64,2,Black,False,ASUS
ASRock A520M-HDVP/DASH,,AM4,Micro ATX,64,2,Black / Silver,False,ASRock
Asus PRIME A520M-E/CSM,,AM4,Micro ATX,64,2,Black,False,ASUS
MSI X299-A PRO,,LGA2066,ATX,256,8,Black,False,MSI
Asus WS C246M PRO/SE,,LGA1151,Micro ATX,128,4,Black,False,ASUS
Biostar Z490GTA,,LGA1200,ATX,128,4,Black,False,Biostar
Colorful CVN B550M GAMING PRO V14,,AM4,Micro ATX,128,4,Black / Silver,False,Colorful
Gigabyte GA-H81M-S2PT,,LGA1150,Micro ATX,16,2,Black / Silver,False,Gigabyte
ASRock H570 Steel Legend,,LGA1200,ATX,128,4,Silver / Black,False,ASRock
ASRock Z590 Phantom Gaming 4/ac,,LGA1200,ATX,128,4,Silver / Black,False,ASRock
MSI B550M PRO-DASH,,AM4,Micro ATX,128,4,Black,False,MSI
Gigabyte H510M S2,,LGA1200,Micro ATX,64,2,Black,False,Gigabyte
Asus PRIME H510M-A/CSM,,LGA1200,Micro ATX,64,2,Black / Silver,False,ASUS
Gigabyte Z690 AORUS ELITE,,LGA1700,ATX,192,4,Black,False,Gigabyte
Gigabyte B660M D2H DDR4,,LGA1700,Micro ATX,64,2,Black,False,Gigabyte
Gigabyte Z790 AORUS ELITE,,LGA1700,ATX,192,4,Black,False,Gigabyte
MSI Z790-S01,,LGA1700,ATX,192,4,Black / Silver,False,MSI
Gigabyte B660-AORUS-ELITE-AX-DDR4,,LGA1700,ATX,128,4,Black,False,Gigabyte
Biostar H610MHP,,LGA1700,Micro ATX,64,2,Brown / Black,False,Biostar
Gigabyte Z690 AORUS ELITE AX DDR4 V2,,LGA1700,ATX,128,4,Black / Silver,False,Gigabyte
Asus EX-B760M-V5 D4,,LGA1700,Micro ATX,64,2,Red / Black,False,ASUS
Gigabyte B760M D2H,,LGA1700,Micro ATX,96,2,Black,False,Gigabyte
Biostar A320MD PRO,,AM4,Micro ATX,32,2,Brown / Yellow,False,Biostar
Gigabyte Z690 AORUS ELITE AX (rev. 1.4),,LGA1700,ATX,128,4,Black,False,Gigabyte
Asus PRIME B760M-K-CSM,,LGA1700,Micro ATX,96,2,Silver / Black,False,ASUS
Asus PRIME B650M-K-CSM,,AM5,Micro ATX,96,2,Silver / Black,False,ASUS
MSI PRO A620M-C EX,,AM5,Micro ATX,96,2,Black,False,MSI
Asus PRIME H510M-F R3.0,,LGA1200,Micro ATX,64,2,Silver / Black,False,ASUS
Asus Z790-AYW WIFI W-CSM,,LGA1700,ATX,192,4,White,False,ASUS
Gigabyte Z790 D WIFI (rev. 1.0),,LGA1700,ATX,192,4,Black / Gray,False,Gigabyte
ASRock H110M-DS/Hyper,,LGA1151,Micro ATX,32,2,Black / Silver,False,ASRock
Biostar B850MT-E PRO,,AM5,Micro ATX,256,4,Black / Gray,False,Biostar
MSI PRO B650M-X,,AM5,Micro ATX,128,2,Black / Silver,False,MSI
Asus B850M AYW GAMING WIFI-CSM,,AM5,Micro ATX,128,2,Black / Silver,False,ASUS
Asus PRIME B850M-A,,AM5,Micro ATX,256,4,Black / Silver,False,ASUS
ASRock A620AM-X,,AM5,Micro ATX,128,2,Black,False,ASRock
MSI B760M GAMING PLUS WIFI DDR4 II,,LGA1700,Micro ATX,128,4,Black / Red,False,MSI
Supermicro C7Z87-OCE,13000.0,LGA1150,ATX,32,4,Black / Blue,True,Supermicro
Asus B150M-PLUS D3,,LGA1151,Micro ATX,64,4,Black / Gold,False,ASUS
Foxconn M61PMV,,AM2+/AM2,Micro ATX,4,2,Black / Yellow,False,Foxconn
Asus P7P55D Deluxe,,LGA1156,ATX,16,4,Black / Blue,False,ASUS
Asus P7P55D-E,,LGA1156,ATX,16,4,Black / Blue,False,ASUS
Gigabyte GA-P55A-UD4P,,LGA1156,ATX,16,4,Blue / White,False,Gigabyte
Asus P7P55D-E PRO,,LGA1156,ATX,16,4,Black / Blue,False,ASUS
Intel DQ45EK,,LGA775,Mini ITX,4,2,Green / Blue,False,Intel
MSI 760GM-E51,,AM3,Micro ATX,16,4,Black / Blue,False,MSI
Gigabyte GA-MA785GM-US2H,,AM3/AM2+/AM2,Micro ATX,16,4,Multicolor,False,Gigabyte
Gigabyte GA-MA785GT-UD3H,,AM3,ATX,16,4,Blue / White,False,Gigabyte
Gigabyte GA-880GM-UD2H,,AM3,Micro ATX,16,4,Blue / White,False,Gigabyte
Asus M4A79T DELUXE,,AM3,ATX,16,4,Black / Blue,False,ASUS
Gigabyte GA-890FXA-UD5,,AM3,ATX,32,4,Blue / White,False,Gigabyte
Gigabyte GA-P43-ES3G,,LGA775,ATX,16,4,Multicolor,False,Gigabyte
Gigabyte GA-X58A-UD5,,LGA1366,ATX,24,6,Blue / White,False,Gigabyte
Intel DG41MJ,,LGA775,Mini ITX,8,2,Green / Blue,False,Intel
Gigabyte GA-G41M-ES2L,,LGA775,Micro ATX,8,2,Multicolor,False,Gigabyte
Gigabyte GA-P55-UD3R,,LGA1156,ATX,16,4,Blue / White,False,Gigabyte
MSI H55M-E33,,LGA1156,Micro ATX,16,4,Black / Blue,False,MSI
ASRock H55M-LE,,LGA1156,Micro ATX,8,2,Black / Blue,False,ASRock
Intel DG41CN,,LGA775,Micro ATX,8,2,Multicolor,False,Intel
Gigabyte GA-X58-USB3,,LGA1366,ATX,24,6,Blue / White,False,Gigabyte
Biostar P43D3,,LGA775,ATX,4,2,Multicolor,False,Biostar
Zotac 880GITX-A-E,,AM3,Mini ITX,8,2,Black / Yellow,False,Zotac
Asus P8H67,,LGA1155,ATX,32,4,,False,ASUS
Asus P8H67-M,,LGA1155,Micro ATX,32,4,,False,ASUS
Asus P8H67-V,,LGA1155,ATX,32,4,Black / Blue,False,ASUS
MSI P67A-GD55 (B3),,LGA1155,ATX,32,4,Black / Blue,False,MSI
ASRock H61M/U3S3,,LGA1155,Micro ATX,16,2,Black / Blue,False,ASRock
ASRock H61M-S,,LGA1155,Micro ATX,16,2,Black / Blue,False,ASRock
Supermicro MBD-C7P67-O,,LGA1155,ATX,32,4,Green / Black,False,Supermicro
Gigabyte GA-H67M-D2-B3,,LGA1155,Micro ATX,16,2,Blue,False,Gigabyte
ASRock 890GX Pro3,2488.6,AM3,ATX,32,4,,True,ASRock
MSI H61M-P23 (B3),,LGA1155,Micro ATX,16,2,Black / Blue,False,MSI
Intel DH61BEB3,,LGA1155,Micro ATX,8,2,Green / Blue,False,Intel
Jetway JNC9C-550-LF,,Integrated Atom N550,Mini ITX,2,2,,False,Jetway
Gigabyte GA-78LMT-S2P,,AM3+,Micro ATX,8,2,Blue / White,False,Gigabyte
Asus M5A88-M,,AM3+,Micro ATX,16,4,Black / Blue,False,ASUS
Asus M5A97 EVO,,AM3+,ATX,32,4,Black / Blue,False,ASUS
Gigabyte GA-Z68XP-UD3,,LGA1155,ATX,32,4,Blue / White,False,Gigabyte
Asus Maximus IV Extreme-Z,,LGA1155,EATX,32,4,Black / Red,False,ASUS
Foxconn H61S,,LGA1155,Mini ITX,8,2,Blue,False,Foxconn
ASRock X79 Extreme4-M,,LGA2011,Micro ATX,32,4,Brown / Black,False,ASRock
Gigabyte G1.ASSASSIN2,,LGA2011,EATX,32,4,Black / Green,False,Gigabyte
MSI 760GM-E51 (FX),,AM3+,Micro ATX,32,4,Black / Blue,False,MSI
MSI X79A-GD45 (8D),,LGA2011,ATX,128,8,Black / Blue,False,MSI
MSI 760GM-P21 (FX),,AM3+,Micro ATX,16,2,Black / Blue,False,MSI
Gigabyte GA-Z77X-UD5H-WB,,LGA1155,ATX,32,4,Black / Blue,False,Gigabyte
Gigabyte GA-Z77M-D3H,,LGA1155,Micro ATX,32,4,Blue / White,False,Gigabyte
Gigabyte G1.Sniper M3,,LGA1155,Micro ATX,32,4,Black / Green,False,Gigabyte
Intel DH77KC,,LGA1155,ATX,32,4,Black / Blue,False,Intel
ASRock H77 Pro4-M,,LGA1155,Micro ATX,32,4,Brown / Black,False,ASRock
ECS H61H2-M13,,LGA1155,Micro ATX,16,2,Black / Gray,False,ECS
Gigabyte GA-Q77M-D2H,,LGA1155,Micro ATX,32,4,Blue / White,False,Gigabyte
MSI B75MA-E33,,LGA1155,Micro ATX,16,2,Black / Blue,False,MSI
ECS B75H2-M3(1.0),,LGA1155,Micro ATX,16,2,Black / White,False,ECS
MSI FM2-A75IA-E53,,FM2,Mini ITX,32,2,Black / Blue,False,MSI
Asus P8H77-M LE,,LGA1155,Micro ATX,16,2,Black / Blue,False,ASUS
MSI B75MA-P33,,LGA1155,Micro ATX,16,2,Black / Blue,False,MSI
ASRock 980DE3/U3S3,,AM3+,ATX,32,4,,False,ASRock
Gigabyte GA-H87-D3H,,LGA1150,ATX,32,4,Black / Gray,False,Gigabyte
Asus H87-PRO,,LGA1150,ATX,32,4,Black / Gold,False,ASUS
Asus H87M-PRO,,LGA1150,Micro ATX,32,4,Black / Gold,False,ASUS
Asus Z87-Deluxe,,LGA1150,ATX,32,4,Black / Gold,False,ASUS
ASRock Z87 Pro3,,LGA1150,ATX,32,4,Brown / Black,False,ASRock
ASRock B85 Pro4,,LGA1150,ATX,32,4,Brown / Black,False,ASRock
MSI Z87 MPOWER Max,,LGA1150,ATX,32,4,Black / Yellow,False,MSI
Intel DH87RL,,LGA1150,Micro ATX,32,4,Black / Blue,False,Intel
ECS B85H3-M(1.0),,LGA1150,Micro ATX,32,4,Black / Gray,False,ECS
Gigabyte GA-H77-D3H,,LGA1155,Micro ATX,32,4,Blue / White,False,Gigabyte
Gigabyte GA-H87N-WIFI,,LGA1150,Mini ITX,16,2,Black / Silver,False,Gigabyte
Gigabyte GA-H87M-HD3,,LGA1150,Micro ATX,16,2,Black / Gray,False,Gigabyte
Gigabyte GA-F2A88X-UP4,,FM2+,ATX,64,4,Black / Red,False,Gigabyte
Gigabyte GA-G1.Sniper A88X,,FM2+,ATX,64,4,Black / Green,False,Gigabyte
Gigabyte GA-H81.Amp-UP,,LGA1150,ATX,16,2,Black,False,Gigabyte
Gigabyte GA-H87TN,,LGA1150,Thin Mini ITX,8,2,Blue / White,False,Gigabyte
Gigabyte GA-EP43-S3L,,LGA775,ATX,16,4,,False,Gigabyte
MSI Z87M GAMING,,LGA1150,Micro ATX,32,4,Black / Red,False,MSI
MSI H87M-E35,,LGA1150,Micro ATX,16,2,Black / Blue,False,MSI
ASRock C2750D4I,,Integrated Atom C2750,Mini ITX,64,4,White / Blue,False,ASRock
Gigabyte GA-H81-D3,,LGA1150,ATX,16,2,Black / Silver,False,Gigabyte
MSI A88XI AC,,FM2+,Mini ITX,32,2,Black / Silver,False,MSI
ASRock AM1B-M,,AM1,Micro ATX,32,2,Black / Silver,False,ASRock
ECS H81H3-A3,,LGA1150,ATX,16,2,Black / Gray,False,ECS
ECS H81H3-TI2,,LGA1150,Thin Mini ITX,8,1,Black,False,ECS
Gigabyte GA-Z97X-UD7 TH,,LGA1150,ATX,32,4,Black / Gold,False,Gigabyte
ASRock AM1B-MDH,,AM1,Micro ATX,16,2,Black / Silver,False,ASRock
EVGA Z97 FTW,,LGA1150,ATX,32,4,Black / Red,False,EVGA
Asus H97-PRO,,LGA1150,ATX,32,4,Black / Gold,False,ASUS
ASRock H81M-ITX/WIFI,,LGA1150,Mini ITX,16,2,Brown / Black,False,ASRock
MSI X99S XPOWER AC,,LGA2011-3,EATX,128,8,Black / Yellow,False,MSI
ASRock Z97 Extreme6/ac,,LGA1150,ATX,32,4,Black / Blue,False,ASRock
ASRock EPC612D8A-TB,,LGA2011-3 Narrow,ATX,256,8,Green / Blue,False,ASRock
Biostar Hi-Fi A70U3P,,FM2+,Micro ATX,32,2,Black / Silver,False,Biostar
Asus Z97-E/USB3.1,,LGA1150,ATX,32,4,Black / Gold,False,ASUS
ASRock EP2C612D16SM-2T,,2 x LGA2011-3 Narrow,SSI EEB,1024,16,Green / Blue,False,ASRock
ASRock EPC612D4U-8R,,LGA2011-3 Narrow,Micro ATX,512,4,Green / Blue,False,ASRock
Gigabyte GA-B85-HD3-A (rev. 1.0),,LGA1150,ATX,32,4,Black,False,Gigabyte
ASRock Z170M-ITX/ac,,LGA1151,Mini ITX,32,2,Black / Orange,False,ASRock
ASRock H170 Pro4S,,LGA1151,ATX,64,4,Black / Orange,False,ASRock
ASRock H170M-ITX/DL,,LGA1151,Mini ITX,32,2,Black / Red,False,ASRock
Gigabyte GA-B150M-D2V DDR3,,LGA1151,Micro ATX,16,2,Black / Silver,False,Gigabyte
Asus H170M-PLUS/CSM,,LGA1151,Micro ATX,64,4,Black / Gold,False,ASUS
ASRock H170A-X1/3.1,,LGA1151,ATX,64,4,Black / Orange,False,ASRock
ASRock B150M-HDS,,LGA1151,Micro ATX,32,2,Black / Orange,False,ASRock
MSI H170I Pro AC,,LGA1151,Mini ITX,32,2,Black / White,False,MSI
Gigabyte GA-990XA-UD3 R5,,AM3+/AM3,ATX,32,4,Black / Silver,False,Gigabyte
MSI 970A-G43 Plus,,AM3+/AM3,ATX,32,4,Black / Silver,False,MSI
Asus H110M-D D3,,LGA1151,Micro ATX,32,2,Black / Silver,False,ASUS
Asus M5A78L/USB3,,AM3+,ATX,32,4,Brown,False,ASUS
Gigabyte GA-Z170X-Ultra Gaming,,LGA1151,ATX,64,4,Black / Red,False,Gigabyte
Gigabyte GA-Z170X-UD3 Ultra,,LGA1151,ATX,64,4,Black / Blue,False,Gigabyte
Biostar B250GT5,,LGA1151,ATX,64,4,Black / White,False,Biostar
Gigabyte GA-B250-HD3P,,LGA1151,ATX,64,4,Black / Gold,False,Gigabyte
ASRock Fatal1ty H270 Performance,,LGA1151,ATX,64,4,Black / Red,False,ASRock
ASRock Fatal1ty Z270 Gaming K4,,LGA1151,ATX,64,4,Black / Red,False,ASRock
EVGA Z270 Stinger,,LGA1151,Mini ITX,32,2,Black,False,EVGA
Asus PRIME B250M-D,,LGA1151,Micro ATX,32,2,Black / Silver,False,ASUS
MSI A68HM GAMING,,FM2+,Micro ATX,32,2,Black / Red,False,MSI
MSI X299 TOMAHAWK,,LGA2066,ATX,256,8,Black / Silver,False,MSI
Asus ROG RAMPAGE VI APEX,,LGA2066,EATX,64,4,Black,False,ASUS
Asus STRIX Z370-G GAMING,,LGA1151,Micro ATX,64,4,Black / Silver,False,ASUS
NZXT N7 Z370,,LGA1151,ATX,64,4,White / Black,False,NZXT
ASRock X299M Extreme4,,LGA2066,Micro ATX,64,4,Black / Silver,False,ASRock
ASRock Fatal1ty H370 Performance,,LGA1151,ATX,64,4,Black,False,ASRock
ASRock H370 Pro4,,LGA1151,ATX,64,4,Black / Silver,False,ASRock
Gigabyte H310M HD2,,LGA1151,Micro ATX,32,2,Silver / Black,False,Gigabyte
ASRock H310M-G/M.2,,LGA1151,Micro ATX,32,2,Black / Silver,False,ASRock
Gigabyte Z370M AORUS Gaming,,LGA1151,Micro ATX,64,4,Black / Silver,False,Gigabyte
Biostar B450MHC,,AM4,Micro ATX,32,2,Black / Yellow,False,Biostar
EVGA X299 MICRO ATX 2,,LGA2066,Micro ATX,64,4,Black / Silver,False,EVGA
Gigabyte X299 AORUS MASTER,,LGA2066,EATX,128,8,Black / Silver,False,Gigabyte
Supermicro X11SCM-LN8F,,LGA1151,Micro ATX,128,4,Green / Silver,False,Supermicro
ASRock E3C246D4U,,LGA1151,Micro ATX,128,4,Green,False,ASRock
Asus ROG MAXIMUS XI APEX,,LGA1151,ATX,64,2,Black / Silver,False,ASUS
ASRock Z390 PHANTOM GAMING 7,,LGA1151,ATX,128,4,Black / Silver,False,ASRock
Biostar X470GTA,,AM4,ATX,64,4,Black / Silver,False,Biostar
Biostar X470GTQ,,AM4,Micro ATX,64,4,Black / Silver,False,Biostar
MSI B150M Pro-D,,LGA1151,Micro ATX,32,2,Brown / Black,False,MSI
Gigabyte H470 AORUS PRO AX,,LGA1200,ATX,128,4,Black / Silver,False,Gigabyte
Asus ROG STRIX Z490-G GAMING,,LGA1200,Micro ATX,128,4,Black,False,ASUS
ASRock Z490 PG Velocita,,LGA1200,ATX,128,4,Black / Silver,False,ASRock
ASRock Z490 Phantom Gaming 4SR,,LGA1200,ATX,128,4,Black,False,ASRock
ASRock H410M-HDVP2,,LGA1200,Micro ATX,64,2,Black / Silver,False,ASRock
ASRock A520M-HDVP,,AM4,Micro ATX,64,2,Black / Silver,False,ASRock
MSI B560M PRO WIFI,,LGA1200,Micro ATX,64,2,Black,False,MSI
EVGA Z590 FTW WIFI,,LGA1200,ATX,128,4,Black / Silver,False,EVGA
ASRock B560M Pro4/ac+,,LGA1200,Micro ATX,128,4,Black / Silver,False,ASRock
Asus EX-B560M-V5,,LGA1200,Micro ATX,64,2,Red / Black,False,ASUS
Biostar Z690A VALKYRIE,,LGA1700,ATX,128,4,Black / Gray,False,Biostar
Asus PRIME H670-PLUS D4-CSM,,LGA1700,ATX,128,4,Silver / Black,False,ASUS
Biostar B660MX-E,,LGA1700,Micro ATX,64,2,Gray / Black,False,Biostar
Gigabyte B660-AORUS-ELITE-DDR4,,LGA1700,ATX,128,4,Black,False,Gigabyte
Gigabyte B660M AORUS ELITE DDR4,,LGA1700,Micro ATX,128,4,Black,False,Gigabyte
Gigabyte H470M H,,LGA1200,Micro ATX,64,2,Black,False,Gigabyte
Gigabyte Z690 GAMING X DDR4 V2,,LGA1700,ATX,128,4,Black,False,Gigabyte
Gigabyte B760M AORUS PRO DDR4,,LGA1700,Micro ATX,128,4,Black / Silver,False,Gigabyte
Biostar B560MHP,,LGA1200,Micro ATX,64,2,Black,False,Biostar
ECS B450AM4-M,,AM4,Micro ATX,64,4,Brown / Black,False,ECS
Biostar B760MXC PRO 2.0,,LGA1700,Micro ATX,128,4,Black / Silver,False,Biostar
Gigabyte B760M D DDR4,,LGA1700,Micro ATX,64,2,Gray / Black,False,Gigabyte
Colorful CVN Z790 GAMING FROZEN V20,,LGA1700,ATX,128,4,Silver / Black,False,Colorful
MSI PRO Z790-P II,,LGA1700,ATX,192,4,Black,False,MSI
Asus PRIME B760M-PLUS-CSM,,LGA1700,Micro ATX,192,4,Silver / Black,False,ASUS
ASRock B85M DASH/OL R2.0,,LGA1150,Micro ATX,32,4,Black,False,ASRock
Asus PRIME H410M-K R3.0,,LGA1200,Micro ATX,64,2,Silver / Black,False,ASUS
ASRock Q670M vPro,,LGA1700,Micro ATX,192,4,Black / Silver,False,ASRock
Asus Z790-AYW OC WIFI,,LGA1700,ATX,96,2,Black / Silver,False,ASUS
Asus B760M-AYW PRO WIFI-CSM,,LGA1700,Micro ATX,96,2,Black / Silver,False,ASUS
Asus PRIME B860M-A,,LGA1851,Micro ATX,256,4,Silver / Black,False,ASUS
Gigabyte B860M GAMING WIFI6,,LGA1851,Micro ATX,128,2,Silver / Black,False,Gigabyte
Gigabyte B860M H,,LGA1851,Micro ATX,128,2,Silver / Black,False,Gigabyte
MSI PRO H810M-B,,LGA1851,Micro ATX,128,2,Silver / Black,False,MSI
Biostar Z890 VALKYRIE,,LGA1851,ATX,256,4,Black,False,Biostar
Biostar A620MS-E,,AM5,Micro ATX,128,2,Black,False,Biostar
Asus PRIME B650EM-A WIFI-CSM,,AM5,Micro ATX,256,4,Black / Silver,False,ASUS
MSI PRO B850-VC WIFI6E,,AM5,ATX,256,4,Black,False,MSI
MSI PRO H810I WIFI,,LGA1851,Mini ITX,128,2,Silver / Black,False,MSI
ASRock A785GXH/128M,1718.6,AM3/AM2+/AM2,ATX,16,4,,True,ASRock
Gigabyte GA-H67MA-USB3-B3,,LGA1155,Micro ATX,32,4,Blue / White,False,Gigabyte
Gigabyte B360N GSM,,LGA1151,Mini ITX,32,2,Black,False,Gigabyte
ASRock H810M-X,,LGA1851,Micro ATX,128,2,Silver / Black,False,ASRock
Jetway JNF9J-Q87,,LGA1150,Mini ITX,16,2,,False,Jetway
ASRock FM2A88X+ Killer,,FM2+,ATX,64,4,Black / Red,False,ASRock
Gigabyte GA-H170-HD3 DDR3,,LGA1151,ATX,64,4,Black / Gold,False,Gigabyte
Supermicro C7Z170-OCE,13500.0,LGA1151,ATX,64,4,Black / Green,True,Supermicro
ASRock Fatal1ty B250M Performance,,LGA1151,Micro ATX,64,4,Black / Red,False,ASRock
Biostar B760MX2-E,,LGA1700,Micro ATX,96,2,Black,False,Biostar
ASRock B760M-HDVP,,LGA1700,Micro ATX,96,2,Black / Silver,False,ASRock
Gigabyte GA-H55M-S2,,LGA1156,Micro ATX,16,2,Blue / White,False,Gigabyte
Asus P7P55D Pro,,LGA1156,ATX,16,4,Black / Blue,False,ASUS
Intel DP55WG,,LGA1156,ATX,16,4,Black / Blue,False,Intel
Asus P7P55 LX,,LGA1156,ATX,16,4,Black / Blue,False,ASUS
ASRock M3A770DE,,AM3,ATX,16,4,Multicolor,False,ASRock
Asus M4A79XTD EVO,,AM3,ATX,16,4,Black / Blue,False,ASUS
Asus M4A87TD/USB3,,AM3,ATX,16,4,Black / Blue,False,ASUS
ASRock 870 Extreme3,,AM3,ATX,16,4,Black / Blue,False,ASRock
MSI 890FXA-GD70,,AM3,ATX,16,4,Black / Blue,False,MSI
MSI 890GXM-G65,,AM3,Micro ATX,16,4,Black / Blue,False,MSI
Gigabyte GA-EP43T-USB3,,LGA775,ATX,16,4,Blue / White,False,Gigabyte
Asus Rampage II Gene,,LGA1366,Micro ATX,24,6,Black / Blue,False,ASUS
ASRock X58 Extreme,,LGA1366,ATX,24,6,Black / Blue,False,ASRock
Asus P5G41C-M,,LGA775,Micro ATX,8,4,Black / Blue,False,ASUS
Biostar MCP6P3,,AM3,Micro ATX,8,2,Multicolor,False,Biostar
Asus Rampage III Formula,,LGA1366,ATX,24,6,Black / Red,False,ASUS
ASRock M3A785GMH/128M,,AM3,Micro ATX,16,4,Multicolor,False,ASRock
ASRock 880GXH/USB3,1770.6,AM3,ATX,16,4,Black / Blue,True,ASRock
MSI X58M,,LGA1366,Micro ATX,24,6,Black / Blue,False,MSI
MSI X58A-GD45,,LGA1366,ATX,24,6,Black / Blue,False,MSI
MSI 870-G45,,AM3,ATX,16,4,Black / Blue,False,MSI
Gigabyte GA-MA770T-UD3,,AM3,ATX,16,4,,False,Gigabyte
Foxconn A88GMV,,AM3,Micro ATX,16,4,Multicolor,False,Foxconn
ECS G41T-R3(V1.0A),,LGA775,Micro ATX,8,2,,False,ECS
Asus P7H55/USB3,,LGA1156,ATX,16,4,,False,ASUS
Gigabyte GA-EP43T-UD3L,,LGA775,ATX,8,4,,False,Gigabyte
MSI P55-GD65 USB3,,LGA1156,ATX,16,4,,False,MSI
Foxconn P55A-S,,LGA1156,ATX,16,4,,False,Foxconn
Asus P8P67 EVO,,LGA1155,ATX,32,4,Black / Blue,False,ASUS
Asus P8P67-M,,LGA1155,Micro ATX,32,4,Black / Blue,False,ASUS
Gigabyte GA-P43T-ES3G,,LGA775,ATX,16,4,Blue / White,False,Gigabyte
ECS H67H2-M,,LGA1155,Micro ATX,16,4,Black / White,False,ECS
MSI 870A Fuzion Power Edition,,AM3,ATX,16,4,Black / Blue,False,MSI
MSI H61MU-E35 (B3),,LGA1155,Micro ATX,16,2,,False,MSI
MSI P67A-GD65 (B3),,LGA1155,ATX,32,4,Black / Blue,False,MSI
Asus P8P67 LE (REV 3.0),,LGA1155,ATX,32,4,,False,ASUS
ASRock H67M-ITX,,LGA1155,Mini ITX,16,2,Black / Blue,False,ASRock
MSI H61M-E33 (B3),,LGA1155,Micro ATX,16,2,,False,MSI
Asus P8H67-I DELUXE (REV 3.0),,LGA1155,Mini ITX,16,2,,False,ASUS
Gigabyte GA-P67A-UD4-B3,,LGA1155,ATX,32,4,Black,False,Gigabyte
MSI 880GMS-E35,1576.2,AM3,Micro ATX,16,2,Black / Blue,True,MSI
MSI P67A-G43 (B3),,LGA1155,ATX,32,4,Black / Blue,False,MSI
ASRock Z68 Pro3,,LGA1155,ATX,32,4,Black / Blue,False,ASRock
Asus M5A88-V EVO,,AM3+,ATX,16,4,,False,ASUS
Asus M5A87,,AM3+,ATX,16,4,,False,ASUS
Biostar TForce 590 SLI Deluxe,,AM2,ATX,4,4,,False,Biostar
Gigabyte GA-Z68XP-UD4,,LGA1155,ATX,32,4,Black / Silver,False,Gigabyte
Gigabyte GA-990FXA-UD7,,AM3+,ATX,32,4,Black / Silver,False,Gigabyte
Asus M5A99X EVO,,AM3+,ATX,32,4,Black / Blue,False,ASUS
Asus Maximus IV Gene-Z,,LGA1155,Micro ATX,32,4,Black / Red,False,ASUS
Gigabyte GA-Z68P-DS3,,LGA1155,ATX,32,4,Blue / White,False,Gigabyte
EVGA 160-SB-E679-KR,,LGA1155,EATX,16,4,Black / Red,False,EVGA
Asus P8P67 (REV 3.1),,LGA1155,ATX,32,4,,False,ASUS
ASRock Z68 Extreme4 Gen3,,LGA1155,ATX,32,4,,False,ASRock
Gigabyte GA-Z68M-D2H,,LGA1155,Micro ATX,32,4,Blue / White,False,Gigabyte
EVGA 130-SB-E685-KR,,LGA1155,ATX,16,4,Black / Silver,False,EVGA
MSI Z68A-GD65 (G3),,LGA1155,ATX,32,4,Black / Blue,False,MSI
Gigabyte GA-H61M-S2H,,LGA1155,Micro ATX,16,2,Blue / White,False,Gigabyte
Gigabyte GA-H61N-USB3,,LGA1155,Mini ITX,16,2,Black / Blue,False,Gigabyte
Zotac NM10-B-E-ION,,Integrated Atom D510,Mini DTX,4,2,Black / Red,False,Zotac
Jetway JNAF92-Q67,,LGA1155,ATX,32,4,Multicolor,False,Jetway
Gigabyte GA-X79-UD5,,LGA2011,EATX,64,8,Black / Blue,False,Gigabyte
Asus P8H61-M LX PLUS (REV 3.0),,LGA1155,Micro ATX,16,2,,False,ASUS
Gigabyte GA-880GM-USB3L,,AM3+,Micro ATX,8,2,,False,Gigabyte
MSI 870A-G54 (FX),,AM3+,ATX,32,4,Black / Blue,False,MSI
Biostar A880GZ,,AM3+,Micro ATX,8,2,,False,Biostar
Intel DBS1200KP,,LGA1155,Mini ITX,16,2,Green,False,Intel
ASRock X79 Extreme6/GB,,LGA2011,ATX,64,8,Black / Silver,False,ASRock
MSI Big Bang - Xpower II Limited Edition,,LGA2011,XL ATX,128,8,Black / Red,False,MSI
Jetway JNF9F-H61,,LGA1155,Mini ITX,16,2,,False,Jetway
Asus P8Z77-V DELUXE,,LGA1155,ATX,32,4,Black / Blue,False,ASUS
Asus P8H77-M/CSM,,LGA1155,Micro ATX,32,4,Black / Blue,False,ASUS
Asus P8H77-V,,LGA1155,ATX,32,4,Black / Blue,False,ASUS
Asus M4A88T-V EVO,,AM3,ATX,16,4,Black / Blue,False,ASUS
Asus P8Z77-V LE PLUS,,LGA1155,ATX,32,4,Black / Blue,False,ASUS
Jetway JNAF93-Q77,,LGA1155,ATX,32,4,Green / Blue,False,Jetway
Gigabyte GA-Z77X-UP5 TH,,LGA1155,ATX,32,4,Black / Blue,False,Gigabyte
Gigabyte GA-Z77N-WIFI,,LGA1155,Mini ITX,16,2,Black / Blue,False,Gigabyte
Asus F2A55-M LK PLUS,,FM2,Micro ATX,32,2,Black / Blue,False,ASUS
Gigabyte GA-Z77X-UP7,,LGA1155,EATX,32,4,Black / Orange,False,Gigabyte
Asus F2A55-M/CSM,,FM2,Micro ATX,64,4,Black / Blue,False,ASUS
MSI Z77IA-E53,,LGA1155,Mini ITX,16,2,Black / Blue,False,MSI
Intel DZ75ML-45K,,LGA1155,Micro ATX,32,4,Black / Blue,False,Intel
ASRock Z77 Extreme11,,LGA1155,EATX,32,4,Black / Gold,False,ASRock
ASRock B75M R2.0,,LGA1155,Micro ATX,16,2,Brown / Black,False,ASRock
Gigabyte GA-Z77X-UD4H,,LGA1155,ATX,32,4,Black / Gray,False,Gigabyte
Gigabyte GA-H61M-HD2,,LGA1155,Micro ATX,16,2,Blue / White,False,Gigabyte
Gigabyte GA-H77TN,,LGA1155,Thin Mini ITX,8,2,Black / Blue,False,Gigabyte
Biostar COMBOA7L3C,,Integrated Athlon II X2 215,Micro ATX,16,2,Black / Red,False,Biostar
MSI Z77A-G43 Gaming,,LGA1155,ATX,32,4,Black / Red,False,MSI
Gigabyte GA-Z87M-D3H 1.0,,LGA1150,Micro ATX,32,4,Black / Gray,False,Gigabyte
ASRock Z87M Extreme4,,LGA1150,Micro ATX,32,4,Brown / Black,False,ASRock
ASRock H81M,,LGA1150,Micro ATX,16,2,Black,False,ASRock
ECS H61H2-I5 (V1.0),,LGA1155,Mini ITX,16,2,,False,ECS
Gigabyte GA-F2A75M-HD2,,FM2+,Micro ATX,64,2,,False,Gigabyte
ASRock FM2A55M-DGS R2.0,,FM2,Micro ATX,32,2,Black,False,ASRock
Asus Z87-Pro (V Edition),,LGA1150,ATX,32,4,,False,ASUS
MSI CSM-B75MA-P45,,LGA1155,Micro ATX,32,4,Black / Blue,False,MSI
Asus A55BM-A/USB3,,FM2+,Micro ATX,32,2,Black / Gold,False,ASUS
Gigabyte GA-H81TN,,LGA1150,Thin Mini ITX,16,2,Blue / White,False,Gigabyte
ASRock FM2A88X-ITX+,,FM2+,Mini ITX,32,2,Black / Gray,False,ASRock
MSI H81M-P33 V2,,LGA1150,Micro ATX,16,2,Black / Blue,False,MSI
Sapphire PURE Black 990FX,,AM3+/AM3,ATX,16,4,,False,Sapphire
MSI A88XM-E35,,FM2+,Micro ATX,32,2,Black / Blue,False,MSI
Biostar A58MD Ver. 6.x,,FM2+,Micro ATX,32,2,Black / Red,False,Biostar
ASRock FM2A55M-HD+,,FM2+,Micro ATX,32,2,Black / Silver,False,ASRock
ASRock FM2A75M-HD+,,FM2+,Micro ATX,32,2,Black / Silver,False,ASRock
Foxconn H81MXV-D,,LGA1150,Micro ATX,16,2,Black / Blue,False,Foxconn
Gigabyte GA-F2A78M-D3H,,FM2+,Micro ATX,64,4,Black / Gray,False,Gigabyte
Biostar Hi-Fi H81S2,,LGA1150,ATX,16,2,Black / Silver,False,Biostar
MSI H87-G43 GAMING,,LGA1150,ATX,32,4,Black / Red,False,MSI
Gigabyte GA-Q87N,,LGA1150,Mini ITX,16,2,Black / Silver,False,Gigabyte
Gigabyte GA-F2A88XM-DS2,,FM2+,Micro ATX,64,2,Black / Silver,False,Gigabyte
Asus AM1I-A,,AM1,Mini ITX,32,2,Black / Gold,False,ASUS
Gigabyte GA-AM1M-S2P,,AM1,Micro ATX,32,2,Black,False,Gigabyte
Biostar Hi-Fi B85N 3D,,LGA1150,Mini ITX,16,2,Black / Blue,False,Biostar
ASRock Z97M OC Formula,,LGA1150,Micro ATX,32,4,Black / Yellow,False,ASRock
Gigabyte GA-Z97X-Gaming G1,,LGA1150,ATX,32,4,Black / Red,False,Gigabyte
MSI Z97-G55 SLI,,LGA1150,ATX,32,4,Black / Blue,False,MSI
MSI Z97I Gaming AC,,LGA1150,Mini ITX,16,2,Black / Red,False,MSI
Gigabyte GA-B85N PHOENIX-WIFI,,LGA1150,Mini ITX,16,2,Black / Orange,False,Gigabyte
ECS Z97-MACHINE,,LGA1150,ATX,32,4,Black / Gold,False,ECS
Gigabyte GA-F2A58M-HD2,,FM2+,Micro ATX,64,2,Black / Silver,False,Gigabyte
ASRock Z97 PROFESSIONAL,,LGA1150,ATX,32,4,Black / Red,False,ASRock
Asus B85M-D PLUS,,LGA1150,Micro ATX,16,2,Black / Yellow,False,ASUS
MSI A58M-E35,,FM2+,Micro ATX,32,2,Black / Blue,False,MSI
Foxconn H97M Plus,,LGA1150,Micro ATX,32,4,Black / Silver,False,Foxconn
Asus CROSSBLADE RANGER,,FM2+,ATX,64,4,Black / Red,False,ASUS
EVGA Classified,,LGA2011-3,EATX,128,8,Black / Red,False,EVGA
ASRock X99 Extreme6,,LGA2011-3,ATX,128,8,Black / Blue,False,ASRock
ASRock B85M-DGS,,LGA1150,Micro ATX,16,2,Black,False,ASRock
MSI X99S GAMING 9 ACK,,LGA2011-3,EATX,128,8,Black / Red,False,MSI
Gigabyte GA-H97M-Gaming 3,,LGA1150,Micro ATX,32,4,Black / Red,False,Gigabyte
Gigabyte GA-G1.SNIPER B6,,LGA1150,ATX,32,4,Black / Green,False,Gigabyte
Gigabyte GA-X99-Gaming 7 WIFI,,LGA2011-3,EATX,64,8,Black / Red,False,Gigabyte
MSI X99S SLI Krait,,LGA2011-3,ATX,128,8,Black / White,False,MSI
MSI X99A MPOWER,,LGA2011-3,ATX,128,8,Black / Yellow,False,MSI
Gigabyte GA-X99-Gaming 5P,,LGA2011-3,EATX,128,8,Black / Red,False,Gigabyte
ASRock QC5000-ITX/PH,,Integrated A4-5000,Mini ITX,32,2,Black,False,ASRock
ASRock EP2C612D16SM,,2 x LGA2011-3 Narrow,SSI EEB,1024,16,Green / Blue,False,ASRock
MSI A78M-E45 V2,,FM2+,Micro ATX,64,4,Black / Blue,False,MSI
MSI X99A GAMING 9 ACK,,LGA2011-3,EATX,128,8,Black / Red,False,MSI
ASRock X99 Extreme6/3.1,,LGA2011-3,ATX,128,8,Black / Blue,False,ASRock
ASRock H97M WS,,LGA1150,Micro ATX,32,4,Green / Blue,False,ASRock
ASRock X99 OC Formula/3.1,,LGA2011-3,EATX,128,8,Black / Gold,False,ASRock
MSI A68HI AC,,FM2+,Mini ITX,32,2,Black,False,MSI
ASRock Fatal1ty Z170 Gaming K6+,,LGA1151,ATX,64,4,Black / Red,False,ASRock
Gigabyte GA-Z170-D3H,,LGA1151,ATX,64,4,Black / Gold,False,Gigabyte
ASRock Z170 OC Formula,,LGA1151,ATX,64,4,Black / Gold,False,ASRock
ASRock B150 Gaming K4,,LGA1151,ATX,64,4,Black / Red,False,ASRock
Asus H170-PLUS D3,,LGA1151,ATX,64,4,Black / Gold,False,ASUS
Gigabyte GA-Z170X-UD5 TH,,LGA1151,ATX,64,4,Black / Gold,False,Gigabyte
Asus H110M-K D3,,LGA1151,Micro ATX,32,2,Black / Gold,False,ASUS
Asus B150-PRO D3,,LGA1151,ATX,64,4,Black / Gold,False,ASUS
EVGA Z170 Classified K,,LGA1151,ATX,64,4,Black / Red,False,EVGA
ASRock E3C232D4U-V1L,,LGA1151,Micro ATX,64,4,Green / Blue,False,ASRock
MSI B150I GAMING PRO,,LGA1151,Mini ITX,32,2,Black / Silver,False,MSI
ASRock E3V5 Performance Gaming/OC,,LGA1151,ATX,64,4,Black / Red,False,ASRock
Asus E3-PRO V5,,LGA1151,ATX,64,4,Black / White,False,ASUS
ASRock H110M-DVS/D3,,LGA1151,Micro ATX,32,2,Black / Orange,False,ASRock
ASRock Z170M OC Formula,,LGA1151,Micro ATX,32,2,Black / Yellow,False,ASRock
Asus B150-PLUS,,LGA1151,ATX,64,4,Black / Gold,False,ASUS
ASRock J3710-ITX,,Integrated Pentium J3710,Mini ITX,16,2,Black / White,False,ASRock
Asus H170I-PRO,,LGA1151,Mini ITX,32,2,Black / Gold,False,ASUS
Asus A88XM-A/USB 3.1,,FM2+,Micro ATX,64,4,Black / Gold,False,ASUS
EVGA X99 FTW K,,LGA2011-3,EATX,128,8,Black,False,EVGA
Supermicro X10SDV-7TP4F,,Integrated Xeon D-1537,Flex ATX,64,4,Green,False,Supermicro
ASRock B150M Pro4V,,LGA1151,Micro ATX,64,4,Black / Orange,False,ASRock
Biostar Z270GT6,,LGA1151,ATX,64,4,Black / White,False,Biostar
Biostar Z270GT4,,LGA1151,Micro ATX,64,4,Black / White,False,Biostar
Gigabyte GA-H270-HD3P,,LGA1151,ATX,64,4,Black / Gold,False,Gigabyte
Biostar TB85,,LGA1150,ATX,16,2,Black / Yellow,False,Biostar
Biostar X370GT7,,AM4,ATX,64,4,Black / White,False,Biostar
Biostar X370GT5,,AM4,ATX,64,4,Black / White,False,Biostar
Gigabyte GA-B250M-Gaming 5,,LGA1151,Micro ATX,64,4,Black / Red,False,Gigabyte
ASRock Fatal1ty X299 Gaming K6,,LGA2066,ATX,128,8,Black / Silver,False,ASRock
ASRock X299 Killer SLI/ac,,LGA2066,ATX,128,8,Black / Silver,False,ASRock
MSI A320M PRO-VHL,,AM4,Micro ATX,32,2,Brown / Black,False,MSI
MSI X299 GAMING PRO CARBON,,LGA2066,ATX,128,8,Black / Silver,False,MSI
Asus ROG MAXIMUS X APEX,,LGA1151,EATX,32,2,Black / Silver,False,ASUS
MSI X370 GAMING M7 ACK,,AM4,ATX,64,4,Black / Silver,False,MSI
ASRock Fatal1ty X299 Professional Gaming i9 XE,,LGA2066,ATX,128,8,Black / Gray,False,ASRock
Supermicro X11SSZ-F,,LGA1151,Micro ATX,64,4,Green,False,Supermicro
Biostar Z370GT6,,LGA1151,ATX,64,4,Yellow / Black,False,Biostar
Biostar B360GT5S,,LGA1151,ATX,64,4,Black,False,Biostar
ASRock Z390 Phantom Gaming 9,,LGA1151,ATX,128,4,Black / Silver,False,ASRock
EVGA B360 Micro Gaming,,LGA1151,Micro ATX,32,2,Black / Yellow,False,EVGA
Supermicro X11SCZ-F,,LGA1151,Micro ATX,64,4,Green / Silver,False,Supermicro
ASRock X570 Extreme4 WiFi ax,,AM4,ATX,128,4,Black / Silver,False,ASRock
Biostar X470NH,,AM4,Mini ITX,32,2,Black / Silver,False,Biostar
Supermicro C9Z490-PG,,LGA1200,ATX,128,4,Black,False,Supermicro
Supermicro C9X299-RPGF,,LGA2066,ATX,256,8,Black,False,Supermicro
Biostar B450GT,,AM4,Micro ATX,128,4,Black,False,Biostar
Asus PRIME H570M-PLUS/CSM,,LGA1200,Micro ATX,128,4,Black / Silver,False,ASUS
ASRock Z590 OC Formula,,LGA1200,EATX,64,2,Green / Black,False,ASRock
Asus PRO H410M-C2/CSM,,LGA1200,Micro ATX,64,2,Green,False,ASUS
Gigabyte B660M GAMING X,,LGA1700,Micro ATX,192,4,Black,False,Gigabyte
Gigabyte H610M HD3P (rev. 1.0),,LGA1700,Micro ATX,64,2,Brown / Black,False,Gigabyte
Gigabyte H610M S2 DDR4 (rev. 1.2),,LGA1700,Micro ATX,64,2,Black,False,Gigabyte
Gigabyte Z690 UD AX DDR4 V2,,LGA1700,ATX,128,4,Black,False,Gigabyte
MSI A520M PRO-VDH,,AM4,Micro ATX,128,4,Brown / Black,False,MSI
Gigabyte B760 AORUS ELITE DDR4,,LGA1700,ATX,128,4,Black / Silver,False,Gigabyte
Biostar B760MZ-E PRO,,LGA1700,Micro ATX,192,4,Brown / Black,False,Biostar
Biostar H510MX/E 2.0,,LGA1200,Micro ATX,64,2,Black,False,Biostar
Biostar B560MH-E 2.0,,LGA1200,Micro ATX,64,2,Brown / Black,False,Biostar
Gigabyte B560M DS3H PLUS,,LGA1200,Micro ATX,128,4,Black,False,Gigabyte
Gigabyte B760M POWER,,LGA1700,Micro ATX,96,2,Gray / Black,False,Gigabyte
Gigabyte H610M S2,,LGA1700,Micro ATX,64,2,Brown / Silver,False,Gigabyte
Gigabyte H510M S2 V2,,LGA1200,Micro ATX,64,2,Brown / Gray,False,Gigabyte
Gigabyte B760M AORUS ELITE AX (rev. 1.2),,LGA1700,Micro ATX,192,1,Black / Silver,False,Gigabyte
Asus PRIME H610M-R-CSM,,LGA1700,Micro ATX,96,2,Black,False,ASUS
Biostar H610MHD D5,,LGA1700,Micro ATX,96,2,Black,False,Biostar
Asus PRIME H610M-K D4 ARGB-CSM,,LGA1700,Micro ATX,64,2,Black / Silver,False,ASUS
ASRock B760M Pro-A D4,,LGA1700,Micro ATX,128,4,White / Black,False,ASRock
Asus PRIME Z790-V AX-CSM,,LGA1700,ATX,192,4,Silver / Black,False,ASUS
Gigabyte B360 M AORUS PRO (rev.1.0),,LGA1151,Micro ATX,64,4,Black / Orange,False,Gigabyte
Asus PRIME B760M-F D4-CSM,,LGA1700,Micro ATX,64,2,Black,False,ASUS
Biostar H610MHP-E,,LGA1700,Micro ATX,64,2,Black,False,Biostar
MSI MAG B550M VECTOR WIFI,,AM4,Micro ATX,64,2,Black,False,MSI
Asus PRIME X870-P-CSM,,AM5,ATX,192,4,Black / Silver,False,ASUS
MSI PRO Z890-P,,LGA1851,ATX,256,4,Silver / Black,False,MSI
Asus H810M AYW GAMING WIFI,,LGA1851,Micro ATX,128,2,Silver / Black,False,ASUS
Gigabyte B860M K,,LGA1851,Micro ATX,128,2,Silver / Black,False,Gigabyte
Biostar Z890AX-E PRO,,LGA1851,ATX,256,4,Black,False,Biostar
MSI Z890 GAMING WIFI,,LGA1851,ATX,256,4,Black,False,MSI
Biostar B650M X3D PRO+,,AM5,Micro ATX,192,4,Black / Silver,False,Biostar
Gigabyte H610M D3H WIFI DDR4,,LGA1700,Micro ATX,64,2,Black,False,Gigabyte
Asus EX-B650EM-V7 PLUS,,AM5,Micro ATX,128,2,Black / Red,False,ASUS
Asus EX-B650EM-V7 PLUS-CSM,,AM5,Micro ATX,128,2,Black / Red,False,ASUS
MSI PRO B860-VC WIFI,,LGA1851,ATX,256,4,Black,False,MSI
Asus B760M MAX GAMING WIFI,,LGA1700,Micro ATX,192,4,Black / Silver,False,ASUS
Asus PRIME B650EM-A,,AM5,Micro ATX,256,4,Black / Silver,False,ASUS
Gigabyte B760M AORUS ELITE DDR4 GEN5,,LGA1700,Micro ATX,128,4,,False,Gigabyte
Asus PRIME B760M-F WIFI,,LGA1700,Micro ATX,96,2,Black,False,ASUS
Gigabyte B760M GAMING AC DDR4 GEN5,,LGA1700,Micro ATX,64,2,Black / Red,False,Gigabyte
MSI H510M PLUS II,,LGA1200,Micro ATX,64,2,Black,False,MSI
Gigabyte B860M EAGLE WIFI6 V2,,LGA1851,Micro ATX,128,2,Silver / Black,False,Gigabyte
MSI H97 Guard-Pro,,LGA1150,ATX,32,4,Black / Blue,False,MSI
Supermicro X10SLM-F-O,,LGA1150,Micro ATX,32,4,Black / Green,False,Supermicro
MSI Z68A-G45 (B3),,LGA1155,ATX,32,4,Black / Blue,False,MSI
Biostar Z790A-SILVER,,LGA1700,ATX,192,4,Black / Silver,False,Biostar
MAXSUN iCraft Z890 PACIFIC,,LGA1851,ATX,256,4,Black,False,MAXSUN
Gigabyte GA-H55M-S2H,,LGA1156,Micro ATX,8,2,Blue / White,False,Gigabyte
Intel DP55SB,,LGA1156,Micro ATX,16,4,Black / Blue,False,Intel
Asus Maximus III Gene,,LGA1156,Micro ATX,16,4,Black / Red,False,ASUS
Asus M4A785T-M/CSM,3999.8,AM3,Micro ATX,16,4,Black / Blue,True,ASUS
ASRock 880GMH/USB3,1771.8,AM3,Micro ATX,16,4,Black / Blue,True,ASRock
Gigabyte GA-880GM-USB3,,AM3,Micro ATX,16,4,Blue / White,False,Gigabyte
Asus M4A88T-M,,AM3,Micro ATX,16,4,Black / Blue,False,ASUS
ASRock A790GMH/128M,,AM3/AM2+/AM2,Micro ATX,16,4,,False,ASRock
Asus M4A88TD-V EVO/USB3,,AM3,ATX,16,4,Black / Blue,False,ASUS
Gigabyte GA-880GMA-UD2H,,AM3,Micro ATX,16,4,Blue / White,False,Gigabyte
EVGA 132-GT-E768-KR,,LGA1366,ATX,24,6,Black / Gray,False,EVGA
Gigabyte GA-X58A-UD7,,LGA1366,ATX,24,6,Blue / White,False,Gigabyte
Zotac G31MAT-B-E,,LGA775,Micro ATX,4,2,Black / Red,False,Zotac
Intel DG41RQ,,LGA775,Micro ATX,8,2,Green / Blue,False,Intel
Intel DG41TY,,LGA775,Micro ATX,8,2,Green / Blue,False,Intel
Asus P5G41-M LE/CSM,,LGA775,Micro ATX,8,2,Black / Blue,False,ASUS
Intel DG41AN,,LGA775,Mini ITX,4,2,Green / Blue,False,Intel
Asus P5QPL-AM,,LGA775,Micro ATX,8,2,Black / Yellow,False,ASUS
Gigabyte GA-G41M-ES2H,,LGA775,Micro ATX,8,2,Multicolor,False,Gigabyte
Asus M2N68-AM PLUS,4999.8,AM3/AM2+/AM2,Micro ATX,8,2,Multicolor,True,ASUS
Asus M4N68T-M,,AM3,Micro ATX,8,2,Black / Blue,False,ASUS
EVGA 131-GT-E767-TR,,LGA1366,ATX,24,6,Black / Gray,False,EVGA
Zotac NF610I-K-E,,LGA775,Mini ITX,4,2,Black / Red,False,Zotac
ASRock P55 Pro/USB3,,LGA1156,ATX,16,4,Black / Blue,False,ASRock
ASRock 890GM Pro3,,AM3,Micro ATX,16,4,Black / Blue,False,ASRock
Asus M4A78LT-M LE,,AM3,Micro ATX,8,2,Black / Blue,False,ASUS
ASRock G41M-LE,,LGA775,Micro ATX,8,2,Blue / White,False,ASRock
Zotac GF9300-G-E,,LGA775,Mini ITX,8,2,,False,Zotac
Gigabyte GA-D525TUD,,Integrated Atom D525,Mini ITX,4,2,Blue,False,Gigabyte
MSI Big Bang XPOWER,,LGA1366,ATX,24,6,Black / Blue,False,MSI
MSI 790FX-GD70,,AM3,ATX,16,4,Black / Blue,False,MSI
Asus M4A88TD-M/USB3,5999.8,AM3,Micro ATX,16,4,,True,ASUS
Asus M4A78LT-M,,AM3,Micro ATX,16,4,Black / Blue,False,ASUS
MSI H55-G43,,LGA1156,ATX,16,4,Black / Blue,False,MSI
Asus P5G41C-M LX,,LGA775,Micro ATX,8,2,,False,ASUS
Asus M4A77T/USB3,,AM3,ATX,16,4,,False,ASUS
MSI K9N6PGM2-V2,,AM3/AM2+/AM2,Micro ATX,8,2,,False,MSI
MSI 785GM-E51,,AM3,Micro ATX,16,4,Black / Blue,False,MSI
Biostar A780L3L,,AM3,Micro ATX,8,2,Black / Red,False,Biostar
Asus P6T6 WS Revolution,,LGA1366,ATX,24,6,Black / Blue,False,ASUS
Zotac NF610I-E-E,,LGA775,Micro ATX,4,2,,False,Zotac
Asus P7H55-M LE,,LGA1156,Micro ATX,8,2,Black / Blue,False,ASUS
Gigabyte GA-X58A-UD9,,LGA1366,XL ATX,24,6,,False,Gigabyte
Foxconn H55MXV,,LGA1156,Micro ATX,8,2,Blue / White,False,Foxconn
Asus M4A88T-I Deluxe,,AM3,Mini ITX,8,2,Black / Blue,False,ASUS
ASRock P67 Extreme4,,LGA1155,ATX,32,4,,False,ASRock
MSI H55M-E21,,LGA1156,Micro ATX,8,2,Black / Blue,False,MSI
ASRock P67 Pro3,,LGA1155,ATX,32,4,,False,ASRock
ASRock H67M-GE,,LGA1155,Micro ATX,32,4,,False,ASRock
Foxconn A78AX 3.0,,AM3,ATX,16,4,Black / Yellow,False,Foxconn
Biostar G41DVI,,LGA775,Micro ATX,8,2,Multicolor,False,Biostar
Gigabyte GA-M68MT-S2P,,AM3,Micro ATX,8,2,Blue / White,False,Gigabyte
Jetway JNC81-LF,,AM2+/AM2,Mini ITX,4,2,,False,Jetway
Asus M4A87T,,AM3,ATX,16,4,,False,ASUS
Gigabyte GA-H67A-UD3H-B3,,LGA1155,ATX,32,4,Blue / White,False,Gigabyte
Intel DP35DPM,,LGA775,ATX,8,4,Black / Blue,False,Intel
Asus P8H67-M PRO/CSM (REV 3.0),,LGA1155,Micro ATX,32,4,,False,ASUS
Gigabyte GA-H61M-D2P-B3,,LGA1155,Micro ATX,16,2,Blue / White,False,Gigabyte
Asus P6X58-E WS,,LGA1366,ATX,24,6,,False,ASUS
Gigabyte GA-870A-USB3,,AM3,ATX,16,4,Blue / White,False,Gigabyte
MSI P67A-GD80 (B3),,LGA1155,ATX,32,4,Black / Blue,False,MSI
Zotac G41ITX-B-E,,LGA775,Mini ITX,4,2,Black / Yellow,False,Zotac
Asus P8H61-I (REV 3.0),,LGA1155,Mini ITX,16,2,,False,ASUS
Gigabyte GA-G41MT-USB3,,LGA775,Micro ATX,8,2,Blue / White,False,Gigabyte
Gigabyte GA-880GMA-USB3,,AM3+,Micro ATX,32,4,Blue / White,False,Gigabyte
Intel D410PT,,Integrated Atom D410,Mini ITX,4,2,Green / Black,False,Intel
Gigabyte GA-Z68A-D3-B3,,LGA1155,ATX,32,4,Blue / White,False,Gigabyte
Gigabyte GA-Z68MX-UD2H-B3,,LGA1155,Micro ATX,32,4,Blue / White,False,Gigabyte
Gigabyte GA-Z68X-UD3P-B3,,LGA1155,ATX,32,4,Black,False,Gigabyte
Gigabyte GA-Z68X-UD4-B3,,LGA1155,ATX,32,4,Black,False,Gigabyte
ASRock Z68 Pro3-M,,LGA1155,Micro ATX,32,4,Black / Blue,False,ASRock
Jetway JNMF91-G41,,LGA775,Micro ATX,4,2,,False,Jetway
Asus E35M1-I,,Integrated E-Series E-350,Mini ITX,8,2,Black / Blue,False,ASUS
ASRock Fatal1ty P67 Performance,,LGA1155,ATX,32,4,Black / Red,False,ASRock
Gigabyte GA-990FXA-UD5,,AM3+,ATX,32,4,Black / Silver,False,Gigabyte
ASRock H61DE/S3,,LGA1155,ATX,16,4,Black / Blue,False,ASRock
Biostar TA75A+,,FM1,ATX,32,4,Black / Red,False,Biostar
Jetway JTI41M,,LGA775,Micro ATX,8,2,,False,Jetway
ASRock A75M-HVS,,FM1,Micro ATX,16,2,Black / Blue,False,ASRock
MSI PH61A-P35 (B3),,LGA1155,ATX,16,2,Black / Blue,False,MSI
MSI 970A-G45,,AM3+,ATX,32,4,Black / Blue,False,MSI
Jetway JM26GT4-LF,,AM2,Micro ATX,4,2,,False,Jetway
Zotac Z68ITX-B-E,,LGA1155,Mini ITX,16,2,Black / Silver,False,Zotac
Asus P8H61-M LX (REV 3.0),,LGA1155,Micro ATX,16,2,,False,ASUS
Asus P8Z68-M Pro,,LGA1155,Micro ATX,32,4,Black / Blue,False,ASUS
MSI A55M-P35,,FM1,Micro ATX,16,2,Black / Blue,False,MSI
ASRock H61M-GS,,LGA1155,Micro ATX,16,2,Black / Blue,False,ASRock
Asus Maximus IV Gene-Z/GEN3,,LGA1155,Micro ATX,32,4,Black / Red,False,ASUS
Intel DP45SG,,LGA775,ATX,8,4,Black / Blue,False,Intel
Foxconn H61AP,,LGA1155,ATX,16,2,Blue / White,False,Foxconn
Biostar A55MLV,,FM1,Micro ATX,16,2,Black / Red,False,Biostar
Biostar TZ77MXE,,LGA1155,Micro ATX,32,4,Black / Red,False,Biostar
Asus P8Z77-V LE,,LGA1155,ATX,32,4,Black / Blue,False,ASUS
Intel DZ77BH55K,,LGA1155,ATX,32,4,Black / Blue,False,Intel
ASRock Z77 Performance,,LGA1155,ATX,32,4,Black / Red,False,ASRock
Biostar B75MU3+,,LGA1155,Micro ATX,32,4,Black / Red,False,Biostar
MSI H61M-P31 (G3),,LGA1155,Micro ATX,16,2,Black / Blue,False,MSI
Gigabyte G1.Sniper 3,,LGA1155,EATX,32,4,Black / Green,False,Gigabyte
MSI Z77A-GD80,,LGA1155,ATX,32,4,Black / Blue,False,MSI
Gigabyte GA-B75M-D3P,,LGA1155,Micro ATX,32,4,Blue / White,False,Gigabyte
ECS A780LM-M2,,AM3,Micro ATX,8,2,Multicolor,False,ECS
Asus P8Z77-V PRO/THUNDERBOLT,,LGA1155,ATX,32,4,Black / Blue,False,ASUS
Intel DX79SR,,LGA2011,ATX,64,8,Black / Blue,False,Intel
Asus Maximus V Formula/ThunderFX,,LGA1155,EATX,32,4,Black / Red,False,ASUS
ASRock B75M-GL,,LGA1155,Micro ATX,16,2,Brown / Black,False,ASRock
ASRock Z77 OC Formula,,LGA1155,EATX,32,4,Black / Yellow,False,ASRock
Jetway JMIH67M-HU3,,LGA1155,Micro ATX,16,4,,False,Jetway
Intel DZ77RE75K,,LGA1155,ATX,32,4,Black / Blue,False,Intel
ASRock FM2A55M-DGS,,FM2,Micro ATX,16,2,Brown / Black,False,ASRock
ASRock FM2A75 Pro4-M,,FM2,Micro ATX,32,4,Brown / Black,False,ASRock
Asus F2A55-M LE,,FM2,Micro ATX,32,2,Black / Blue,False,ASUS
ASRock FM2A85X Extreme6,,FM2,ATX,64,4,Black / Gold,False,ASRock
Zotac Z77ITX-A-E,,LGA1155,Mini ITX,16,2,Black / Yellow,False,Zotac
ASRock Z77 Extreme6/TB4,,LGA1155,ATX,32,4,Black / Gold,False,ASRock
EVGA 111-IB-E692-KR,,LGA1155,Mini ITX,16,2,Black,False,EVGA
Gigabyte GA-Z77-HD4,,LGA1155,ATX,32,4,Blue / White,False,Gigabyte
MSI FM2-A85XMA-E35,,FM2,Micro ATX,32,2,Black / Blue,False,MSI
Biostar A780L3C,,AM3,Micro ATX,16,2,Black / Red,False,Biostar
MSI Z77A-G45 Gaming,,LGA1155,ATX,32,4,Black / Red,False,MSI
Gigabyte GA-Z87MX-D3H,,LGA1150,Micro ATX,32,4,Black / Gray,False,Gigabyte
Gigabyte G1.SNIPER 5,,LGA1150,EATX,32,4,Black / Green,False,Gigabyte
ASRock H87M,,LGA1150,Micro ATX,16,2,Brown / Black,False,ASRock
ASRock Z87 Extreme3,,LGA1150,ATX,32,4,Brown / Black,False,ASRock
ASRock Z87 Extreme6,,LGA1150,ATX,32,4,Brown / Black,False,ASRock
ASRock B85M,,LGA1150,Micro ATX,16,2,Brown / Black,False,ASRock
MSI Z87 XPOWER,,LGA1150,XL ATX,32,4,Black / Yellow,False,MSI
Intel DZ87KLT75K,,LGA1150,ATX,32,4,Black / Blue,False,Intel
ECS H87H3-M(1.0),,LGA1150,Micro ATX,32,4,Black / Gray,False,ECS
ASRock H61M-PS4 Micro ATX Intel Motherboard,,LGA1155,Micro ATX,16,2,Green / Blue,False,ASRock
ECS A55F2-M4(1.0),,FM2,Micro ATX,32,2,Black / Gray,False,ECS
EVGA 111-IB-E692-KR Stinger,,LGA1155,Mini ITX,16,2,,False,EVGA
Asus P9D-X,,LGA1150,ATX,32,4,Black / Blue,False,ASUS
Asus Z87I-Deluxe,,LGA1150,Mini ITX,16,2,,False,ASUS
EVGA Z87 Stinger,,LGA1150,Mini ITX,16,2,Black / Red,False,EVGA
Gigabyte GA-Z87X-UD5 TH,,LGA1150,ATX,32,4,Black / Red,False,Gigabyte
ASRock FM2A88M-HD+,,FM2+,Micro ATX,32,2,,False,ASRock
ASRock FM2A75M Pro4+,,FM2+,Micro ATX,64,4,Brown / Black,False,ASRock
MSI CSM-H81M-P32,,LGA1150,Micro ATX,16,2,Black / Blue,False,MSI
Asus A55BM-E,,FM2+,Micro ATX,32,2,Black / Gold,False,ASUS
MSI A55M-E33,,FM2+,Micro ATX,32,2,Black / Blue,False,MSI
MSI A78M-E45,,FM2+,Micro ATX,64,4,Black / Blue,False,MSI
MSI Z87I GAMING AC,,LGA1150,Mini ITX,16,2,Black / Red,False,MSI
Asus Z87-A (NFC Express Edition),,LGA1150,ATX,32,4,Black / Gold,False,ASUS
MSI CSM-Q87M-E43,,LGA1150,Micro ATX,32,4,Black / Blue,False,MSI
MSI CSM-B85M-E45,,LGA1150,Micro ATX,32,4,Black / Blue,False,MSI
Asus H81T/CSM,,LGA1150,Thin Mini ITX,16,2,Black / Gold,False,ASUS
ASRock Fatal1ty H87 Performance,,LGA1150,ATX,32,4,Black / Red,False,ASRock
Asus Z87I-Pro,,LGA1150,Mini ITX,16,2,Black / Yellow,False,ASUS
Asus A55BM-K,,FM2+,Micro ATX,32,2,Black / Yellow,False,ASUS
MSI H87I AC,,LGA1150,Mini ITX,16,2,Black / Silver,False,MSI
MSI A88XM GAMING,,FM2+,Micro ATX,32,4,Black / Red,False,MSI
MSI Z97 MPOWER MAX AC,,LGA1150,ATX,32,4,Black / Yellow,False,MSI
Gigabyte GA-Z97X-SOC FORCE,,LGA1150,ATX,32,4,Black / Orange,False,Gigabyte
Biostar H81MHP2,,LGA1150,Micro ATX,16,2,Black / Red,False,Biostar
Asus Z97-DELUXE,,LGA1150,ATX,32,4,Black / Gold,False,ASUS
Gigabyte GA-Z97X-Gaming GT,,LGA1150,ATX,32,4,Black / Red,False,Gigabyte
Gigabyte GA-Z97X-SOC,,LGA1150,ATX,32,4,Black / Orange,False,Gigabyte
MSI Z97S SLI Plus,,LGA1150,ATX,32,4,Black / Blue,False,MSI
Asus H97M-E/CSM,,LGA1150,Micro ATX,32,4,Black / Gold,False,ASUS
MSI Z97-G43 GAMING,,LGA1150,ATX,32,4,Black / Red,False,MSI
ASRock Z97M Anniversary,,LGA1150,Micro ATX,32,4,Black / Blue,False,ASRock
ASRock H81TM-ITX R2.0,,LGA1150,Thin Mini ITX,16,2,Black,False,ASRock
EVGA X99 FTW,,LGA2011-3,EATX,128,8,Black / Red,False,EVGA
ASRock B85 Anniversary,,LGA1150,ATX,32,4,Black / Blue,False,ASRock
Asus GRYPHON Z97 ARMOR EDITION,,LGA1150,Micro ATX,32,4,Brown / Black,False,ASUS
MSI H81M Eco,,LGA1150,Micro ATX,16,2,Black / Green,False,MSI
ASRock FM2A78M PRO3+,,FM2+,Micro ATX,64,4,Black / Blue,False,ASRock
ASRock X99 Extreme6/ac,,LGA2011-3,ATX,128,8,Black / Blue,False,ASRock
Asus A88X-GAMER,,FM2+,ATX,64,4,Black / Red,False,ASUS
Asus SABERTOOTH Z97 MARK1,,LGA1150,ATX,32,4,Brown / Black,False,ASUS
ASRock 970 Performance,,AM3+,ATX,64,4,Black / Red,False,ASRock
ASRock Fatal1ty Z97 Professional,,LGA1150,ATX,32,4,Black / Red,False,ASRock
Gigabyte GA-X99-SOC Champion,,LGA2011-3,EATX,32,4,Black / Orange,False,Gigabyte
Gigabyte GA-B85M-GAMING 3,,LGA1150,Micro ATX,16,2,Black,False,Gigabyte
MSI X99A XPOWER AC,,LGA2011-3,EATX,128,8,Black / Yellow,False,MSI
Gigabyte GA-EG43M-S2H,,LGA775,Micro ATX,8,4,Multicolor,False,Gigabyte
Asus P5P41T LE,,LGA775,ATX,8,2,Black / Blue,False,ASUS
ASRock Z97 Extreme4/3.1,,LGA1150,ATX,32,4,Black / Blue,False,ASRock
ASRock Z97 Extreme6/3.1,,LGA1150,ATX,32,4,Black / Blue,False,ASRock
ASRock X99 Extreme4/3.1,,LGA2011-3,ATX,128,8,Black / Blue,False,ASRock
ASRock 990FX Killer/3.1,,AM3+/AM3,ATX,64,4,Black / Red,False,ASRock
MSI A88XM-E45 V2,,FM2+,Micro ATX,64,4,Black / Blue,False,MSI
Gigabyte GA-H81M-D3V,,LGA1150,Micro ATX,16,2,Black / Silver,False,Gigabyte
ASRock H87WSA-DL,,LGA1150,ATX,32,4,Green / Blue,False,ASRock
Asus P9D-I,,LGA1150,Mini ITX,16,2,Black / Blue,False,ASUS
MSI Z170A GAMING M9 ACK,,LGA1151,ATX,64,4,Black / Red,False,MSI
EVGA Z170 Classified,,LGA1151,EATX,64,4,Black / Silver,False,EVGA
Gigabyte GA-Z170X-Gaming GT,,LGA1151,ATX,64,4,Black / Red,False,Gigabyte
Asus N3050M-E,,Integrated Celeron N3050,Micro ATX,8,2,Black / Gold,False,ASUS
Asus H170M-E D3,,LGA1151,Micro ATX,64,4,Black / Gold,False,ASUS
MSI H170A PC Mate,,LGA1151,ATX,64,4,Black / Silver,False,MSI
ASRock B150M Pro4/D3,,LGA1151,Micro ATX,64,4,Black / Orange,False,ASRock
Asus B150-PLUS D3,,LGA1151,ATX,64,4,Black / Gold,False,ASUS
Gigabyte GA-Z170X-SOC FORCE,,LGA1151,EATX,64,4,Black / Orange,False,Gigabyte
ASRock B150 Pro4/D3,,LGA1151,ATX,64,4,Black / Orange,False,ASRock
Gigabyte GA-MA790GP-DS4H,,AM3/AM2+,ATX,8,4,Multicolor,False,Gigabyte
Gigabyte MW21-SE0,,LGA1151,Micro ATX,64,4,Black / Blue,False,Gigabyte
Asus H170-PRO/CSM,,LGA1151,ATX,64,4,Black / Gold,False,ASUS
MSI CSM-H170M-A Pro,,LGA1151,Micro ATX,64,4,Black / White,False,MSI
MSI B150M ECO,,LGA1151,Micro ATX,32,2,Black / White,False,MSI
ASRock E3C236D4U,,LGA1151,Micro ATX,64,4,Green,False,ASRock
Gigabyte GA-B150N Phoenix-WIFI,,LGA1151,Mini ITX,32,2,Black / Orange,False,Gigabyte
ASRock E3V5 WS,,LGA1151,ATX,64,4,Black / White,False,ASRock
ASRock FM2A58M-HD+ R2.0,,FM2+,Micro ATX,32,2,Black / Silver,False,ASRock
ASRock H110M-HDV/D3,,LGA1151,Micro ATX,32,2,Black / Orange,False,ASRock
Gigabyte GA-Z170X-Gaming 5-EU,,LGA1151,ATX,64,4,Black / Red,False,Gigabyte
Asus A88X-PLUS/USB 3.1,,FM2+,ATX,64,4,Black / Gold,False,ASUS
Supermicro C7X99-OCE-O,,LGA2011-3,ATX,128,8,Black / Blue,False,Supermicro
ASRock B150M Pro4/Hyper,,LGA1151,Micro ATX,64,4,Black / White,False,ASRock
MSI X99A SLI,,LGA2011-3,ATX,128,8,Black,False,MSI
Supermicro MBD-X10SLL+-F,,LGA1150,Micro ATX,32,4,Green,False,Supermicro
Asus H170I-PRO/CSM,,LGA1151,Mini ITX,32,2,Black / Gold,False,ASUS
MSI B150M GRENADE,,LGA1151,Micro ATX,32,2,Black,False,MSI
ASRock Fatal1ty E3V5 Performance Gaming/OC,,LGA1151,ATX,64,4,Black / Red,False,ASRock
Biostar RACING Z170GTN,,LGA1151,Mini ITX,32,2,Black,False,Biostar
Gigabyte GA-Z270-Gaming 3,,LGA1151,ATX,64,4,Black / Red,False,Gigabyte
ASRock Fatal1ty H270M Performance,,LGA1151,Micro ATX,64,4,Black / Red,False,ASRock
Gigabyte GA-B150M-DS3H DDR3,,LGA1151,Micro ATX,64,4,Brown / Black,False,Gigabyte
Asus PRIME B250M-J,,LGA1151,Micro ATX,32,2,Black / Silver,False,ASUS
MSI Z270 MPOWER GAMING TITANIUM,,LGA1151,ATX,64,4,Silver,False,MSI
MSI X299 GAMING M7 ACK,,LGA2066,ATX,128,8,Black / Silver,False,MSI
ASRock Fatal1ty X299 Professional Gaming i9,,LGA2066,ATX,128,8,Black / Silver,False,ASRock
Gigabyte X299 AORUS Ultra Gaming,,LGA2066,ATX,128,8,Black,False,Gigabyte
ASRock X299 OC Formula,,LGA2066,ATX,64,4,Black,False,ASRock
Asus PRIME H270M PLUS CSM,,LGA1151,Micro ATX,64,4,Black,False,ASUS
MSI H310M PRO-VL,,LGA1151,Micro ATX,32,2,Brown / Black,False,MSI
Gigabyte X299 AORUS Gaming 7 Pro,,LGA2066,ATX,128,8,Black,False,Gigabyte
MSI H110 PC MATE,,LGA1151,ATX,32,2,Brown / Black,False,MSI
Supermicro C9Z390-CGW,,LGA1151,ATX,128,4,Black / Silver,False,Supermicro
Asus P11C-I,,LGA1151,Mini ITX,64,2,Black / Blue,False,ASUS
Supermicro X11SCL-IF,,LGA1151,Mini ITX,64,2,Green / Silver,False,Supermicro
Biostar B365GTA,,LGA1151,ATX,64,4,Black / Silver,False,Biostar
Gigabyte H110M-S2PT,,LGA1151,Micro ATX,32,2,Brown / Black,False,Gigabyte
Gigabyte H410M DS2V,,LGA1200,Micro ATX,64,2,Black / Silver,False,Gigabyte
ASRock H470 Steel Legend,,LGA1200,ATX,128,4,Black / Silver,False,ASRock
Asus Pro Q470M-C/CSM,,LGA1200,Micro ATX,128,4,Green,False,ASUS
EVGA Z490 DARK,,LGA1200,EATX,64,2,Black,False,EVGA
Biostar Racing Z490A-Silver,,LGA1200,ATX,128,4,Black / White,False,Biostar
Biostar B350M,,AM4,Micro ATX,32,2,Black / Yellow,False,Biostar
Colorful CVN X570 GAMING PRO V14,,AM4,ATX,128,4,Black / Silver,False,Colorful
Biostar Z590GTA,,LGA1200,ATX,128,4,Blue / Black,False,Biostar
Asus PRIME H510M-D/CSM,,LGA1200,Micro ATX,64,2,Black / Silver,False,ASUS
Asus Pro H510M-C/CSM,,LGA1200,Micro ATX,64,2,Green,False,ASUS
ASRock H610M-HDVP/D5,,LGA1700,Micro ATX,96,2,Black / Silver,False,ASRock
Asus EX-H610M-V3 D4-CSM,,LGA1700,Micro ATX,64,2,Red / Black,False,ASUS
Asus EX-H610M-V3 D4,,LGA1700,Micro ATX,64,2,Red / Black,False,ASUS
Gigabyte B660M GAMING X AX,,LGA1700,Micro ATX,192,4,Black,False,Gigabyte
Biostar H610MX-E,,LGA1700,Micro ATX,64,2,Gray / Black,False,Biostar
Gigabyte B660 DS3H AC,,LGA1700,ATX,128,4,Black,False,Gigabyte
Gigabyte Q670M D3H DDR4 (rev. 1.0),,LGA1700,Micro ATX,128,4,Brown / Black,False,Gigabyte
Gigabyte H610M HD3P (rev. 2.0),,LGA1700,Micro ATX,64,2,Brown / Black,False,Gigabyte
Biostar B660T-SILVER,,LGA1700,Mini ITX,64,2,Silver / Black,False,Biostar
MSI A520M PRO-C DASH,,AM4,Micro ATX,64,2,Brown / Black,False,MSI
Gigabyte Z690 UD DDR4 V2,,LGA1700,ATX,128,4,Black,False,Gigabyte
Asus PRIME H610M-F D4,,LGA1700,Micro ATX,64,2,Black / Silver,False,ASUS
Asus Z490-GUNDAM (WI-FI),,LGA1200,ATX,128,4,Silver / Black,False,ASUS
MSI PRO-B660M-VC-WIFI-DDR4,,LGA1700,Micro ATX,128,4,Black,False,MSI
Gigabyte B760M AORUS ELITE DDR4,,LGA1700,Micro ATX,128,4,Black,False,Gigabyte
Gigabyte B760M AORUS PRO AX DDR4,,LGA1700,Micro ATX,128,4,Black / Silver,False,Gigabyte
Biostar H510MHP,,LGA1200,Micro ATX,64,2,Black,False,Biostar
Biostar B650MXC PRO,,AM5,Micro ATX,192,4,Black / Silver,False,Biostar
Asus PRIME H510M-E R2.0-CSM,,LGA1200,Micro ATX,64,2,Silver / Black,False,ASUS
Asus Pro Q670M-CE D4-CSM,,LGA1700,Micro ATX,128,4,Green / Black,False,ASUS
Asus Pro H610M-CT2 D4-CSM,,LGA1700,Micro ATX,64,2,Green,False,ASUS
Asus PRIME H610M-K ARGB-CSM,,LGA1700,Micro ATX,96,2,Black / Silver,False,ASUS
Biostar B650MT-E PRO,,AM5,Micro ATX,192,4,Black / Silver,False,Biostar
ASRock B660M-HDVP/D5 R2.0,,LGA1700,Micro ATX,96,2,Black / Silver,False,ASRock
Gigabyte H610M S2 V3 DDR4,,LGA1700,Micro ATX,64,2,Black / Gray,False,Gigabyte
MSI MAG A520M BAZOOKA WIFI,,AM4,Micro ATX,128,4,Black,False,MSI
Asus EX-B860M-V5,,LGA1851,Micro ATX,128,2,Red / Black,False,ASUS
Gigabyte B860M AORUS PRO WIFI7,,LGA1851,Micro ATX,256,4,Black,False,Gigabyte
Gigabyte B860M GAMING X,,LGA1851,Micro ATX,256,4,Silver / Black,False,Gigabyte
Biostar B860MT-E PRO,,LGA1851,Micro ATX,256,4,Black / Gray,False,Biostar
Gigabyte B860M POWER,,LGA1851,Micro ATX,128,2,Gray / Black,False,Gigabyte
Gigabyte H810M K,2759.8,LGA1851,Micro ATX,128,2,Gray / Black,True,Gigabyte
Asus PRIME B850M-K-CSM,,AM5,Micro ATX,128,2,Black / Silver,False,ASUS
Asus B760M-AYW WIFI II,,LGA1700,Micro ATX,96,2,Black / Silver,False,ASUS
Biostar B840MT-E,,AM5,Micro ATX,128,2,Black,False,Biostar
Biostar A620MHC,,AM5,Micro ATX,128,2,Black,False,Biostar
Gigabyte B760M AORUS ELITE WIFI6E DDR4 GEN5,,LGA1700,Micro ATX,128,4,Black / Silver,False,Gigabyte
Asus PRIME B650EM-A-CSM,,AM5,Micro ATX,256,4,Black / Silver,False,ASUS
Asus PRIME B760M-F WIFI-CSM,,LGA1700,Micro ATX,96,2,Black / Silver,False,ASUS
MSI PRO H810M-B WIFI6E,,LGA1851,Micro ATX,128,2,Silver / Black,False,MSI
ASRock 890GX Extreme3,2615.4,AM3,ATX,16,4,Black / Blue,True,ASRock
Intel DG45ID,,LGA775,Micro ATX,8,4,Blue / Silver,False,Intel
Gigabyte GA-H55N-USB3,,LGA1156,Mini ITX,8,2,Blue / White,False,Gigabyte
Asus P7H57D-V EVO,,LGA1156,ATX,16,4,Black / Blue,False,ASUS
Gigabyte GA-H57M-USB3,,LGA1156,Micro ATX,16,4,Blue / White,False,Gigabyte
Biostar T5 XE CFX-SLI,,LGA1156,ATX,16,4,,False,Biostar
Asus Sabertooth 55I,,LGA1156,ATX,16,4,Brown / Black,False,ASUS
Gigabyte GA-P55A-UD3,,LGA1156,ATX,16,4,Blue / White,False,Gigabyte
Foxconn A6GMV,,AM3,Micro ATX,8,2,,False,Foxconn
Gigabyte GA-MA770-UD3,,AM2+/AM2,ATX,16,4,Multicolor,False,Gigabyte
Gigabyte GA-770TA-UD3,,AM3,ATX,16,4,Blue / White,False,Gigabyte
MSI 770T-C45,,AM3/AM2+/AM2,ATX,8,4,,False,MSI
ASRock 770 Extreme3,,AM3,ATX,16,4,Black / White,False,ASRock
Asus M4A785TD-V EVO,,AM3,ATX,16,4,Black / Blue,False,ASUS
ASRock A785GMH/128M,,AM3/AM2+/AM2,Micro ATX,16,4,,False,ASRock
Gigabyte GA-790FXTA-UD5,,AM3,ATX,16,4,Blue / White,False,Gigabyte
MSI 870A-G54,,AM3,ATX,16,4,Black / Blue,False,MSI
Gigabyte GA-870A-UD3,,AM3,ATX,16,4,Blue / White,False,Gigabyte
Asus M4A87TD EVO,,AM3,ATX,16,4,Black / Blue,False,ASUS
Gigabyte GA-880GA-UD3H,,AM3,ATX,16,4,Blue / White,False,Gigabyte
Gigabyte GA-890GPA-UD3H,,AM3,ATX,16,4,Blue / White,False,Gigabyte
Intel DB43LD,,LGA775,Micro ATX,8,2,Green / Blue,False,Intel
Intel DP43BF,,LGA775,ATX,8,4,Green / Blue,False,Intel
Gigabyte GA-EP45T-USB3P,,LGA775,ATX,8,4,Blue / White,False,Gigabyte
EVGA 121-BL-E756-TR,,LGA1366,Micro ATX,24,6,Black / Red,False,EVGA
Intel DG41KR,,LGA775,Micro ATX,8,2,Green / White,False,Intel
Asus P5G41T-M/CSM,,LGA775,Micro ATX,8,2,Black / Blue,False,ASUS
Zotac H55ITX-A-E,,LGA1156,Mini ITX,8,2,Black / Yellow,False,Zotac
Zotac GF9300-I-E,,LGA775,Mini ITX,8,2,Black / Red,False,Zotac
Asus M4A88T-M/USB3,,AM3,Micro ATX,16,4,Black / Blue,False,ASUS
Zotac G43ITX-A-E,,LGA775,Mini ITX,8,2,Black / Red,False,Zotac
ASRock 890FX Deluxe4,3476.8,AM3,ATX,16,4,Black / Blue,True,ASRock
Gigabyte GA-MA78LMT-S2,,AM3,Micro ATX,8,2,Blue / White,False,Gigabyte
ASRock 890GX Extreme4,,AM3,ATX,16,4,Black / Blue,False,ASRock
Gigabyte GA-M68MT-D3,,AM3,Micro ATX,8,2,Blue / White,False,Gigabyte
MSI P55-CD53,,LGA1156,ATX,16,4,Black / Blue,False,MSI
Biostar TA790XE,,AM3/AM2+,ATX,16,4,Multicolor,False,Biostar
MSI 880GM-E41,,AM3,Micro ATX,16,4,Black / Blue,False,MSI
ASRock P55 Extreme4,,LGA1156,ATX,16,4,Black / Blue,False,ASRock
Biostar TA890FXE,,AM3,ATX,16,4,Black / Red,False,Biostar
MSI 870U-G55,,AM3,ATX,16,4,Black / Blue,False,MSI
MSI 770T-C35,,AM2+/AM2,ATX,8,4,Red / Black,False,MSI
Biostar N68S,,AM2+/AM2,Micro ATX,8,2,Black / Red,False,Biostar
Asus P5G41T-M LE,,LGA775,Micro ATX,8,2,Black / Blue,False,ASUS
Asus M4A77TD,,AM3,ATX,16,4,Black / Blue,False,ASUS
Zotac GF6100-F-E,,AM3,Micro ATX,4,2,Multicolor,False,Zotac
Asus P5G43T-M Pro,,LGA775,Micro ATX,8,2,,False,ASUS
Biostar G41 HD,,LGA775,Micro ATX,4,2,,False,Biostar
MSI Big Bang Trinergy,,LGA1156,ATX,16,4,,False,MSI
Biostar H55 HD,,LGA1156,Micro ATX,8,2,Black / Red,False,Biostar
Foxconn A88GMX,,AM3,Micro ATX,16,4,Black / Yellow,False,Foxconn
Asus M4A88T-V EVO/USB3,,AM3,ATX,16,4,Black / Blue,False,ASUS
Foxconn H55MX-S,,LGA1156,Micro ATX,8,2,Blue / White,False,Foxconn
Asus P7F7-E WS SuperComputer,,LGA1156,ATX,16,6,Black / Blue,False,ASUS
Biostar T5 XE,,LGA1156,ATX,16,4,Multicolor,False,Biostar
Biostar G41M7,,LGA775,Micro ATX,8,2,Multicolor,False,Biostar
ASRock H55M/USB3 R2.0,,LGA1156,Micro ATX,8,2,,False,ASRock
Gigabyte GA-P67A-UD4,,LGA1155,ATX,16,4,Black,False,Gigabyte
Asus P8H67-M LX,,LGA1155,Micro ATX,16,2,Black / Blue,False,ASUS
MSI P67A-GD55,,LGA1155,ATX,32,4,Black / Blue,False,MSI
MSI P67A-GD53,,LGA1155,ATX,32,4,Black / Blue,False,MSI
MSI P67A-C43,,LGA1155,ATX,32,4,Black / Blue,False,MSI
Intel DP67BG,,LGA1155,ATX,32,4,Black / Blue,False,Intel
Intel DH67GD,,LGA1155,Micro ATX,32,4,Black / Blue,False,Intel
ECS H67H2-I,,LGA1155,Mini ITX,8,2,,False,ECS
ASRock P67 Extreme6,,LGA1155,ATX,32,4,,False,ASRock
MSI 760GM-P33,,AM3,Micro ATX,8,2,Black / Blue,False,MSI
Biostar A880GU3,4999.8,AM3,Micro ATX,8,2,Black / Red,True,Biostar
Foxconn H67A-S,,LGA1155,ATX,16,4,Black / Yellow,False,Foxconn
MSI 880GM-P51,,AM3,Micro ATX,16,4,Black / Blue,False,MSI
Biostar TForce TG31-A7,,LGA775,ATX,4,2,,False,Biostar
Biostar P43-A7,,LGA775,ATX,8,4,,False,Biostar
MSI X58A-GD65,,LGA1366,ATX,24,6,Black / Blue,False,MSI
ECS A880GM-M6(1.0),,AM3,Micro ATX,32,4,,False,ECS
Biostar TA785G3+,,AM3,Micro ATX,16,4,Black / Red,False,Biostar
Biostar G41HDRCH,,LGA775,Micro ATX,8,2,,False,Biostar
Sapphire PURE Black X58,,LGA1366,ATX,24,6,,False,Sapphire
Gigabyte GA-P67A-UD3-B3,,LGA1155,ATX,32,4,Blue / White,False,Gigabyte
MSI P67A-C43 (B3),,LGA1155,ATX,32,4,Black / Blue,False,MSI
MSI P67A-G45 (B3),,LGA1155,ATX,32,4,Black / Blue,False,MSI
MSI H67MA-E45 (B3),,LGA1155,Micro ATX,32,4,Black / Blue,False,MSI
ASRock H67M-ITX/HT,,LGA1155,Mini ITX,16,2,Black / Blue,False,ASRock
ASRock H67M (B3),,LGA1155,Micro ATX,16,2,Black / Blue,False,ASRock
Gigabyte GA-P67A-UD5-B3,,LGA1155,ATX,32,4,Black,False,Gigabyte
Asus Sabertooth P67 (REV 3.0),,LGA1155,ATX,32,4,,False,ASUS
ECS P45T-AD3,,LGA775,ATX,8,4,,False,ECS
ASRock P67 Extreme 4 (B3),,LGA1155,ATX,32,4,,False,ASRock
MSI 870S-G46,,AM3,ATX,32,4,Black / Blue,False,MSI
Asus P8H61-M LE/CSM (REV 3.0),,LGA1155,Micro ATX,16,2,,False,ASUS
ASRock 880G Pro3,,AM3,ATX,32,4,Black / Blue,False,ASRock
MSI NF725GM-P43,,AM3,Micro ATX,16,2,Black / Blue,False,MSI
Biostar H61ML,,LGA1155,Micro ATX,8,2,Black / Red,False,Biostar
ASRock H67M-GE/HT (B3),,LGA1155,Micro ATX,32,4,Black / Blue,False,ASRock
ECS P67H2-A2 SLI (B3),,LGA1155,ATX,32,4,Black / Gray,False,ECS
Sapphire PURE Black P67,,LGA1155,ATX,16,4,,False,Sapphire
Intel DH67BLB3,,LGA1155,Micro ATX,32,4,Black / Blue,False,Intel
Intel DH67GDB3,,LGA1155,Micro ATX,32,4,Black / Blue,False,Intel
Intel DH61DLB3,,LGA1155,Mini ITX,8,2,Green / Blue,False,Intel
Gigabyte GA-E350N-USB3,,Integrated E-Series E-350,Mini ITX,8,2,Black / Blue,False,Gigabyte
Zotac NM10-A-E-ION,,Integrated Atom D510,Mini ITX,4,2,Black / Red,False,Zotac
Zotac NM10-A-E,,Integrated Atom D510,Mini ITX,4,2,Black / Red,False,Zotac
Foxconn AHD1S-K,,Integrated E-Series E-350,Mini ITX,8,2,,False,Foxconn
Gigabyte GA-Z68X-UD3-B3,,LGA1155,ATX,32,4,Blue / White,False,Gigabyte
MSI Z68MA-ED55 (B3),,LGA1155,Micro ATX,32,4,Black / Blue,False,MSI
Asus M4A785T-M,,AM3,Micro ATX,16,4,,False,ASUS
Jetway JMIP41TA-IC-LF,,LGA775,ATX,8,2,,False,Jetway
Jetway JNAF91R-G41,,LGA775,ATX,4,2,,False,Jetway
Intel DQ67OWB3,,LGA1155,Micro ATX,32,4,Green / Blue,False,Intel
Biostar G31-M7G DVI,,LGA775,Micro ATX,4,2,,False,Biostar
EVGA 130-SB-E675-KR,,LGA1155,ATX,16,4,Black / Gray,False,EVGA
Gigabyte GA-Z68XP-UD3P,,LGA1155,ATX,32,4,Black / Silver,False,Gigabyte
Intel DZ68DB,,LGA1155,ATX,32,4,Black / Blue,False,Intel
Intel DP67BGB3,,LGA1155,ATX,32,4,Black / Blue,False,Intel
ASRock H61M,,LGA1155,Micro ATX,16,2,Black / Blue,False,ASRock
MSI Z68A-GD65 (B3),,LGA1155,ATX,32,4,Black / Blue,False,MSI
Asus F1A75-M,,FM1,Micro ATX,64,4,Black / Blue,False,ASUS
MSI A75MA-G55,,FM1,Micro ATX,32,4,Black / Blue,False,MSI
Asus AT5NM10T-I,,Integrated Atom D525,Mini ITX,4,2,Black / Blue,False,ASUS
ASRock Z68 Professional Gen3,,LGA1155,ATX,32,4,,False,ASRock
Asus P8P67 PRO (REV 3.1),,LGA1155,ATX,32,4,,False,ASUS
Asus Crosshair V Formula/Thunderbolt,,AM3+,ATX,32,4,Black / Red,False,ASUS
Asus F1A75-V EVO,,FM1,ATX,64,4,Black / Blue,False,ASUS
MSI Z68A-GD80 (G3),,LGA1155,ATX,32,4,Black / Blue,False,MSI
MSI A75A-G55,,FM1,ATX,32,4,Black / Blue,False,MSI
Gigabyte G1.SNIPER2,,LGA1155,ATX,32,4,,False,Gigabyte
EVGA 160-SB-E689-KR,,LGA1155,EATX,16,4,Black / Red,False,EVGA
MSI 990XA-GD55,,AM3+/AM3,ATX,32,4,Black / Blue,False,MSI
Biostar A75MH,,FM1,Micro ATX,16,2,Black / Red,False,Biostar
MSI Z68A-G43 (G3),,LGA1155,ATX,32,4,Black / Blue,False,MSI
Biostar H61MHB,,LGA1155,Micro ATX,16,2,Black / Red,False,Biostar
Biostar H61MLB,,LGA1155,Micro ATX,16,2,Black / Red,False,Biostar
Biostar H61MLC,,LGA1155,Micro ATX,16,2,Black / Red,False,Biostar
Biostar TA990FXE,,AM3+,ATX,16,4,Black / Red,False,Biostar
Asus F1A75-I Deluxe,,FM1,Mini ITX,16,2,Black / Blue,False,ASUS
Intel DZ68BC,,LGA1155,ATX,32,4,Black / Blue,False,Intel
ECS A990FXM-A V1.0 CFX/CLI,,AM3+,ATX,128,4,,False,ECS
Supermicro MBD-X9SCM-F-O,,LGA1155,Micro ATX,32,4,Green,False,Supermicro
MSI X79A-GD45,,LGA2011,ATX,64,4,Black / Blue,False,MSI
Asus F1A55-M LE,,FM1,Micro ATX,32,2,Black / Blue,False,ASUS
MSI H61M-P25 (B3),,LGA1155,Micro ATX,16,2,Black / Blue,False,MSI
MSI A75MA-P35,,FM1,Micro ATX,16,2,Black / Blue,False,MSI
Gigabyte GA-880GM-D2H (REV. 3.1),,AM3+,Micro ATX,8,2,,False,Gigabyte
EVGA 120-SB-E682-KR,,LGA1155,Micro ATX,16,4,Black,False,EVGA
Jetway JNF9A-Q67,,LGA1155,Mini ITX,16,2,Green / Black,False,Jetway
MSI H61MA-E35 (B3),,LGA1155,Micro ATX,16,2,,False,MSI
Intel DZ68ZV,,LGA1155,ATX,32,4,Black / Blue,False,Intel
Intel DH61SA,,LGA1155,Micro ATX,8,2,Green / Blue,False,Intel
Biostar TZ77A,,LGA1155,ATX,32,4,Black / Red,False,Biostar
Biostar TZ77XE4,,LGA1155,ATX,32,4,Black / Orange,False,Biostar
MSI Z77A-GD65,,LGA1155,ATX,32,4,Black / Blue,False,MSI
Asus P8Z77 WS,,LGA1155,ATX,32,4,Black / Blue,False,ASUS
Biostar A960G+,,AM3+,Micro ATX,16,2,Black / Red,False,Biostar
ASRock Q77M vPro,,LGA1155,Micro ATX,32,4,Brown / Black,False,ASRock
MSI 990FXA-GD80V2,,AM3+,ATX,32,4,,False,MSI
ASRock 970 Pro3,,AM3+,ATX,32,4,Brown / Black,False,ASRock
ECS H77H2-M,,LGA1155,Micro ATX,32,4,Black / Gray,False,ECS
ASRock Z77 Extreme9,,LGA1155,ATX,32,4,Black / Silver,False,ASRock
ECS A960M-M2,,AM3+,Micro ATX,16,2,Black / Gray,False,ECS
Intel D2700MUD,,Integrated Atom D2700,Mini ITX,4,2,Green / Black,False,Intel
Biostar BIB75-AHB,,LGA1155,ATX,32,4,,False,Biostar
ECS Z77H2-A3(1.2),,LGA1155,ATX,32,4,Black / Gray,False,ECS
ASRock Z77M,,LGA1155,Micro ATX,16,2,Brown / Black,False,ASRock
Zotac H67ITX-D-E,,LGA1155,Mini ITX,16,2,Black / Silver,False,Zotac
Asus F1A55-M LX PLUS R2.0,,FM1,Micro ATX,32,2,Black / Blue,False,ASUS
Jetway JTA55M1,,FM1,Micro ATX,8,2,,False,Jetway
ASRock B75M-DGS,,LGA1155,Micro ATX,16,2,Brown / Black,False,ASRock
ASRock Z77 WS,,LGA1155,ATX,32,4,Brown / Black,False,ASRock
Foxconn B75M,,LGA1155,Micro ATX,32,4,Black,False,Foxconn
Asus F1A55-M LX3,,FM1,Micro ATX,32,2,Black / Blue,False,ASUS
Intel DB65AL,,LGA1155,Micro ATX,32,4,,False,Intel
ECS H61H2-I3 (v1.0),,LGA1155,Mini ITX,16,2,Black / Gray,False,ECS
Asus F2A85-V PRO,,FM2,ATX,64,4,Black / Blue,False,ASUS
Gigabyte GA-F2A75M-D3H,,FM2,Micro ATX,64,4,Blue / White,False,Gigabyte
MSI FM2-A85XA-G65,,FM2,ATX,32,4,Black / Blue,False,MSI
ECS A85F2-A DELUXE(1.0),,FM2,ATX,64,4,Black / Gold,False,ECS
Gigabyte GA-F2A85X-D3H,,FM2,ATX,64,4,Black / Gray,False,Gigabyte
Asus Maximus V Formula/Assassins C3,,LGA1155,EATX,32,4,Black / Red,False,ASUS
ECS A970M-A DELUXE v1.0,,AM3+,ATX,32,4,Black / Gold,False,ECS
ECS H61H2-I v1.1,,LGA1155,Mini ITX,16,2,,False,ECS
ASRock FM2A85X-ITX,,FM2,Mini ITX,32,2,Black / Gold,False,ASRock
ECS A990FXM-A,,AM3+,ATX,32,4,Black / Gray,False,ECS
ASRock Z77 Fatal1ty Professional,,LGA1155,ATX,32,4,Black / Red,False,ASRock
ASRock A55M-VS,,FM1,Micro ATX,16,2,Brown / Black,False,ASRock
ASRock FM2A75M-ITX R2.0,,FM2,Mini ITX,32,2,Brown / Black,False,ASRock
Gigabyte G1.Sniper M5,,LGA1150,Micro ATX,32,4,Black / Green,False,Gigabyte
Gigabyte GA-Z87X-OC Force,,LGA1150,EATX,32,4,Black / Orange,False,Gigabyte
Asus Z87-Expert,,LGA1150,ATX,32,4,,False,ASUS
ASRock H87M-ITX,,LGA1150,Mini ITX,16,2,Brown / Black,False,ASRock
ASRock H87 Performance,,LGA1150,ATX,32,4,Black / Red,False,ASRock
ASRock Z87 Extreme6/ac,,LGA1150,ATX,32,4,Black / Silver,False,ASRock
ASRock Z87M Pro4,,LGA1150,Micro ATX,32,4,Brown / Black,False,ASRock
MSI H87M-G43,,LGA1150,Micro ATX,32,4,Black / Blue,False,MSI
Asus P8Z77-V PRO/THNDRBLT,,LGA1155,ATX,32,4,Black / Blue,False,ASUS
Gigabyte GA-Z87X-OC,,LGA1150,ATX,32,4,Black / Orange,False,Gigabyte
Asus Z87-Deluxe/DUAL,,LGA1150,ATX,32,4,Black / Gold,False,ASUS
ASRock B85M-HDS,,LGA1150,Micro ATX,16,2,Black / Silver,False,ASRock
ASRock Z87 OC Formula,,LGA1150,EATX,32,4,Black / Yellow,False,ASRock
ECS H87H3-M3(1.0),,LGA1150,Micro ATX,16,2,Black / Gray,False,ECS
ASRock Z87 Extreme9/ac,,LGA1150,ATX,32,4,Brown / Black,False,ASRock
ASRock Z87M OC Formula,,LGA1150,Micro ATX,32,4,Black / Yellow,False,ASRock
ASRock Q87M vPro,,LGA1150,Micro ATX,32,4,Brown / Black,False,ASRock
Zotac A55ITX-B-E,,FM2,Mini ITX,16,2,Black / Yellow,False,Zotac
Asus Z87I-Pro Mini-ITX,,LGA1150,Mini ITX,16,2,Black / Gold,False,ASUS
Foxconn Q77M,,LGA1155,Micro ATX,32,4,,False,Foxconn
Biostar Hi-Fi B85S3+ Ver. 6.x,,LGA1150,Micro ATX,32,4,Black,False,Biostar
MSI FM2-A75MA-P33,,FM2,Micro ATX,16,2,Black / Blue,False,MSI
Asus P9D WS,,LGA1150,ATX,32,4,Black / Gold,False,ASUS
MSI FM2-A85XA-G43,,FM2,ATX,64,4,Black / Blue,False,MSI
EVGA 150-SE-E789-KR,,LGA2011,EATX,64,8,Black / Red,False,EVGA
Foxconn H87MX-D,,LGA1150,Micro ATX,16,2,,False,Foxconn
MSI Z87-G43 Gaming,,LGA1150,ATX,32,4,Black / Red,False,MSI
ASRock FM2A88X Extreme6+,,FM2+,ATX,64,4,Brown / Black,False,ASRock
Zotac H87ITX-A-E,,LGA1150,Mini ITX,16,2,Black / Yellow,False,Zotac
Asus M5A97 LE R2.0 BOM,,AM3+,ATX,32,4,,False,ASUS
Gigabyte GA-Q87TN,,LGA1150,Thin Mini ITX,16,2,Blue / White,False,Gigabyte
Asus A88X-PLUS,,FM2+,ATX,64,4,Black / Gold,False,ASUS
Asus A88XM-PLUS/CSM,,FM2+,Micro ATX,64,4,Black / Gold,False,ASUS
Gigabyte GA-Z87-DS3H,,LGA1150,ATX,32,4,Black / Gray,False,Gigabyte
ECS B75H2-M4(V1.0),,LGA1155,Micro ATX,16,2,Black / White,False,ECS
ECS H87H3-TI (V1.0),,LGA1150,Thin Mini ITX,16,2,Black,False,ECS
Gigabyte GA-970A-DS3P BOM,,AM3+,ATX,32,4,Black / Gray,False,Gigabyte
ASRock B85 Killer,,LGA1150,ATX,32,4,Black / Red,False,ASRock
MSI CSM-H87M-G43,,LGA1150,Micro ATX,32,4,Black / Blue,False,MSI
Foxconn H81MX,,LGA1150,Micro ATX,16,2,Black / Blue,False,Foxconn
Gigabyte GA-H87N-WIFI(REV2.0),,LGA1150,Mini ITX,16,2,Black / Gray,False,Gigabyte
Biostar A88M,,FM2+,Micro ATX,32,2,Black / Red,False,Biostar
Foxconn H81MXV,,LGA1150,Micro ATX,16,2,Black / Blue,False,Foxconn
Gigabyte GA-B85N-WIFI,,LGA1150,Mini ITX,16,2,Black / Silver,False,Gigabyte
ASRock FM2A55M-VG3+,,FM2+,Micro ATX,32,2,Brown / Black,False,ASRock
ASRock FM2A78M-HD+,,FM2+,Micro ATX,32,2,Brown / Black,False,ASRock
MSI H81M-E35 V2,,LGA1150,Micro ATX,16,2,Black / Blue,False,MSI
Gigabyte GA-F2A55M-S1,,FM2+,Micro ATX,64,2,Black,False,Gigabyte
Gigabyte GA-AM1M-S2H,,AM1,Micro ATX,32,2,Black / Silver,False,Gigabyte
Asus Z97-DELUXE(NFC&WLC),,LGA1150,ATX,32,4,Black / Gold,False,ASUS
ECS B85H3-M7,,LGA1150,Micro ATX,16,2,Black / Gray,False,ECS
Biostar H81MHC,,LGA1150,Micro ATX,16,2,Black / Red,False,Biostar
ASRock Fatal1ty H97 Killer,,LGA1150,ATX,32,4,Black / Red,False,ASRock
MSI Z97 U3 Plus,,LGA1150,ATX,32,4,Black / Blue,False,MSI
MSI Z97-Gaming 9 AC,,LGA1150,ATX,32,4,Black / Red,False,MSI
MSI Z97 XPOWER AC,,LGA1150,EATX,32,4,Black / Yellow,False,MSI
Gigabyte G1.SNIPER H6,,LGA1150,ATX,32,4,Black / Red,False,Gigabyte
EVGA 111-HR-E972-KR,,LGA1150,Mini ITX,16,2,Brown / Black,False,EVGA
Biostar Hi-Fi A88W 3D,,FM2+,ATX,64,4,Black / Blue,False,Biostar
ASRock H97M,,LGA1150,Micro ATX,16,2,Black / Blue,False,ASRock
Biostar A88MQ,,FM2+,Micro ATX,64,4,Black / Yellow,False,Biostar
MSI X99S GAMING 9 AC,,LGA2011-3,EATX,128,8,Black / Red,False,MSI
MSI H97M Eco,,LGA1150,Micro ATX,32,4,Black / Green,False,MSI
ASRock X99 OC Formula,,LGA2011-3,EATX,128,8,Black / Yellow,False,ASRock
ECS Z97-PK (V1.0),,LGA1150,Micro ATX,32,4,White / Gray,False,ECS
ASRock FM2A88M PRO3+,,FM2+,Micro ATX,64,4,Black / Blue,False,ASRock
Foxconn H61MD,,LGA1155,Micro ATX,16,2,Black / Yellow,False,Foxconn
Gigabyte GA-Z87M-HD3,,LGA1150,Micro ATX,16,2,Black / Silver,False,Gigabyte
Gigabyte GA-Z87X-SLI,,LGA1150,ATX,32,4,Black / Gold,False,Gigabyte
MSI AM1M,,AM1,Micro ATX,16,2,Black,False,MSI
Biostar A58ML,,FM2+,Micro ATX,32,2,Black,False,Biostar
MSI A68HM-P33,,FM2+,Micro ATX,32,2,Black / Blue,False,MSI
ECS B85H3-M9 (1.0),,LGA1150,Micro ATX,16,2,Black / Silver,False,ECS
ASRock FM2A78M-HD+ R2.0,,FM2+,Micro ATX,32,2,Black / Silver,False,ASRock
ASRock H81M-DG4,,LGA1150,Micro ATX,16,2,Brown / Black,False,ASRock
ASRock E3C222D4U,,LGA1150,Micro ATX,32,4,Green / Blue,False,ASRock
ASRock Fatal1ty 970 Performance,,AM3+/AM3,ATX,64,4,Black / Red,False,ASRock
Gigabyte GA-Z97X-Game Plus,,LGA1150,ATX,32,4,Black / Green,False,Gigabyte
Supermicro X10SAT-O,,LGA1150,ATX,32,4,Black / Blue,False,Supermicro
MSI Z97A SLI KRAIT EDITION,,LGA1150,ATX,32,4,Black / White,False,MSI
Gigabyte GA-B85M-HD3-A,,LGA1150,Micro ATX,16,2,Black,False,Gigabyte
MSI Z170 Krait Gaming,,LGA1151,ATX,64,4,Black / White,False,MSI
ASRock N3700-ITX,,Integrated Pentium N3700,Mini ITX,16,2,Black,False,ASRock
ASRock Fatal1ty H170 Performance,,LGA1151,ATX,64,4,Black / Red,False,ASRock
ASRock H170 Pro4/D3,,LGA1151,ATX,64,4,Black / Orange,False,ASRock
ASRock Fatal1ty B150 Gaming K4/D3,,LGA1151,ATX,64,4,Black / Red,False,ASRock
ASRock B150M-HDV,,LGA1151,Micro ATX,32,2,Black / Orange,False,ASRock
Asus B150M-K D3,,LGA1151,Micro ATX,32,2,Black / Gold,False,ASUS
Asus B150M-C D3,,LGA1151,Micro ATX,64,4,Black / Gold,False,ASUS
MSI B150M BAZOOKA D3,,LGA1151,Micro ATX,64,4,Black / White,False,MSI
ASRock Z170 Extreme3,,LGA1151,ATX,64,4,Black / Orange,False,ASRock
Gigabyte GA-H110M-S2H GSM,,LGA1151,Micro ATX,32,2,Brown / Black,False,Gigabyte
ECS Z170-CLAYMORE,,LGA1151,ATX,64,4,Black,False,ECS
Gigabyte GA-MA790X-UD4P,,AM3/AM2+/AM2,ATX,16,4,Multicolor,False,Gigabyte
ASRock B150M-ITX,,LGA1151,Mini ITX,32,2,Black / Orange,False,ASRock
ASRock H170A-X1,,LGA1151,ATX,64,4,Black / Orange,False,ASRock
Asus N3150I-C,,Integrated Celeron N3150,Mini ITX,8,2,Black / Gold,False,ASUS
Asus B150M-C/CSM,,LGA1151,Micro ATX,64,4,Black / Gold,False,ASUS
Gigabyte MW31-SP0,,LGA1151,ATX,64,4,Black / Blue,False,Gigabyte
ASRock Z170A-X1,,LGA1151,ATX,64,4,Black / Orange,False,ASRock
Biostar Z170GT7,,LGA1151,ATX,64,4,Black / Gray,False,Biostar
Biostar B150GT5,,LGA1151,ATX,64,4,Black / White,False,Biostar
ECS H110M-C3D (1.0),,LGA1151,Micro ATX,32,2,Brown / Black,False,ECS
Supermicro MBD-X11SSM-F,,LGA1151,Micro ATX,64,4,Black / Green,False,Supermicro
ASRock FM2A88M Extreme4+ R2.0,,FM2+,Micro ATX,64,4,Black / Silver,False,ASRock
ASRock A68M-ITX,,FM2+,Mini ITX,32,2,Black / Orange,False,ASRock
ASRock H170 Performance/Hyper,,LGA1151,ATX,64,4,Black / Red,False,ASRock
ASRock P55 Deluxe3,,LGA1156,ATX,16,4,Black / Blue,False,ASRock
Asus P10S-M,,LGA1151,Micro ATX,64,4,Black / Blue,False,ASUS
ECS H110I-C4P,,LGA1151,Mini ITX,32,2,Brown / Black,False,ECS
Gigabyte GA-X170-WS ECC (rev. 1.0),,LGA1151,ATX,64,4,Blue,False,Gigabyte
Biostar Z270GT8,,LGA1151,ATX,64,4,Black / White,False,Biostar
Biostar B250GT3,,LGA1151,Micro ATX,64,4,Black / White,False,Biostar
Gigabyte GA-Z270X-Gaming 9,,LGA1151,EATX,64,4,Black / White,False,Gigabyte
Biostar Hi-Fi B350S1,,AM4,Micro ATX,32,2,Black,False,Biostar
Asus Z270-WS,,LGA1151,ATX,64,4,Black / Silver,False,ASUS
ASRock Z270 Professional Gaming i7,,LGA1151,ATX,64,4,Black / Red,False,ASRock
ASRock H110M-HDS R3.0,,LGA1151,Micro ATX,32,2,Black / Orange,False,ASRock
Supermicro C7H170-M,,LGA1151,Micro ATX,64,4,Black / Red,False,Supermicro
Supermicro C7Z270-CG-L,,LGA1151,ATX,64,4,Black / Red,False,Supermicro
MSI H310M PRO-VHL,,LGA1151,Micro ATX,32,2,Brown / Black,False,MSI
ASRock H310M-HDVP,,LGA1151,Micro ATX,32,2,Black / Silver,False,ASRock
MSI X299M-A PRO,,LGA2066,Micro ATX,64,4,Black / Silver,False,MSI
Biostar X470GT8,,AM4,ATX,64,4,Black / Silver,False,Biostar
Gigabyte X299 AORUS Gaming,,LGA2066,ATX,64,4,Black / Silver,False,Gigabyte
Supermicro C9Z390-PGW,,LGA1151,ATX,128,4,Black,False,Supermicro
Supermicro C9Z390-CG,,LGA1151,ATX,128,4,Black,False,Supermicro
MSI 785GM-P45,,AM3,Micro ATX,16,4,Black / Blue,False,MSI
Supermicro X11SCM-F,,LGA1151,Micro ATX,64,4,Green / Silver,False,Supermicro
ASRock Fatal1ty X99 Professional,,LGA2011-3,EATX,128,8,Red / Black,False,ASRock
Biostar X570GT8,,AM4,ATX,128,4,Black,False,Biostar
ASRock C246 WS,,LGA1151,ATX,64,4,Green / Blue,False,ASRock
Biostar X570GTA,,AM4,ATX,128,4,Black / Silver,False,Biostar
ASRock H410M-HDVP,,LGA1200,Micro ATX,64,2,Black / Silver,False,ASRock
EVGA Z490 FTW WIFI,,LGA1200,ATX,128,4,Black,False,EVGA
Supermicro C9X299-PG300,,LGA2066,ATX,128,8,Black,False,Supermicro
Asus PRIME H470-PLUS/CSM,,LGA1200,ATX,128,4,Black / Silver,False,ASUS
Biostar Z490GTA EVO,,LGA1200,ATX,128,4,Black,False,Biostar
Biostar Z490GTN,,LGA1200,Mini ITX,64,2,Black,False,Biostar
Biostar B460GTQ,,LGA1200,Micro ATX,128,4,Black,False,Biostar
Biostar H410MHG,,LGA1200,Micro ATX,64,2,Black,False,Biostar
Biostar X470MH,,AM4,Micro ATX,32,2,Black,False,Biostar
ASRock B560M-HDV-A,,LGA1200,Micro ATX,64,2,Silver / Black,False,ASRock
Gigabyte H410M SH2 V2,,LGA1200,Micro ATX,64,2,Black / Silver,False,Gigabyte
Biostar Z590 VALKYRIE,,LGA1200,ATX,128,4,Black / Gold,False,Biostar
Asus PRIME H610M-K D4-CSM,,LGA1700,Micro ATX,64,2,Silver / Black,False,ASUS
Gigabyte B660M AORUS Pro,,LGA1700,Micro ATX,192,4,Black,False,Gigabyte
Biostar B660GTQ,,LGA1700,Micro ATX,128,4,Blue / Black,False,Biostar
Biostar Z690A-SILVER,,LGA1700,ATX,128,4,Silver / Black,False,Biostar
Biostar B660MX-E PRO,,LGA1700,Micro ATX,128,4,Black / Silver,False,Biostar
Asus EX-B660M-V5-PRO-D4,,LGA1700,Micro ATX,64,2,Red / Black,False,ASUS
MSI Z590M PRO,,LGA1200,Micro ATX,128,4,Black / Silver,False,MSI
Asus PRIME B760M-AJ D4,,LGA1700,Micro ATX,128,4,Silver / Black,False,ASUS
Asus EX-B760M-V5 D4-CSM,,LGA1700,Micro ATX,64,2,Red / Black,False,ASUS
Gigabyte B760M AORUS PRO,,LGA1700,Micro ATX,192,4,Black / Silver,False,Gigabyte
Gigabyte B760M POWER DDR4,,LGA1700,Micro ATX,64,2,Black,False,Gigabyte
Biostar B560M-SILVER,,LGA1200,Micro ATX,128,4,Silver / Black,False,Biostar
Biostar B760MX-E D4,,LGA1700,Micro ATX,64,2,Black,False,Biostar
Biostar B760MH D4,,LGA1700,Micro ATX,64,2,Black,False,Biostar
Biostar B760MXC PRO,,LGA1700,Micro ATX,192,4,Black / Silver,False,Biostar
ASRock H610M-HDVP/D5 R2.0,,LGA1700,Micro ATX,96,2,Black,False,ASRock
Asus PRIME H510M-A R2.0-CSM,,LGA1200,Micro ATX,64,2,Silver / Black,False,ASUS
Gigabyte H410M K,,LGA1200,Micro ATX,64,2,Brown / Gray,False,Gigabyte
Asus PRIME H770-PLUS-CSM,,LGA1700,ATX,192,4,Silver / Black,False,ASUS
Biostar A620MT,,AM5,Micro ATX,96,2,Black,False,Biostar
Biostar H610MS,,LGA1700,Micro ATX,64,2,Brown / Black,False,Biostar
Asus PRIME H610M-D-CSM,,LGA1700,Micro ATX,96,2,Black / Silver,False,ASUS
Gigabyte B760M D,,LGA1700,Micro ATX,96,2,Black / Gray,False,Gigabyte
Gigabyte H610M D3H DDR4 (rev. 1.0),,LGA1700,Micro ATX,64,2,Black,False,Gigabyte
Asus EX-B760M-V7,,LGA1700,Micro ATX,96,2,Black / Red,False,ASUS
Asus PRIME B760M-F-CSM,,LGA1700,Micro ATX,96,2,Black / Gray,False,ASUS
Biostar H510MHP 4.0,,LGA1200,Micro ATX,64,2,Black / Silver,False,Biostar
Asus PRIME Z890-P-CSM,,LGA1851,ATX,192,4,Black / Silver,False,ASUS
Biostar H610MHC 2.0,,LGA1700,Micro ATX,64,2,Black,False,Biostar
Asus B860M-BRO-CSM,,LGA1851,Micro ATX,128,2,White / Black,False,ASUS
MSI PRO H810M-C EX,,LGA1851,Micro ATX,128,2,Black,False,MSI
Biostar Z890A-SILVER,,LGA1851,ATX,256,4,Silver / Black,False,Biostar
Biostar B850M-SILVER,,AM5,Micro ATX,256,4,Silver,False,Biostar
MSI PRO B860M-VC WIFI6E,,LGA1851,Micro ATX,256,4,Black,False,MSI
MSI PRO B860M-VC WIFI,,LGA1851,Micro ATX,256,4,Black,False,MSI
Biostar A520MHK,,AM4,Micro ATX,64,2,Black / Silver,False,Biostar
Asus PRIME H810M-E-CSM,,LGA1851,Micro ATX,128,2,Black / Silver,False,ASUS
Gigabyte B760M GAMING WIFI6E GEN5,,LGA1700,Micro ATX,128,2,Silver / Black,False,Gigabyte
Asus TUF GAMING B850M-PLUS II,,AM5,Micro ATX,256,4,Black,False,ASUS
MSI PRO B850M-A,,AM5,Micro ATX,256,4,Black / Silver,False,MSI
ASRock 880G Extreme3,2372.19,AM3,ATX,16,4,Black / Blue,True,ASRock
Zotac D2700ITXS-A-E,,Integrated Atom D2700,Mini ITX,4,2,Black / Orange,False,Zotac
EVGA 111-CD-E630-TR,,LGA1156,Micro ATX,16,4,Black / Gray,False,EVGA
Gigabyte GA-H55M-USB3,,LGA1156,Micro ATX,16,4,Blue / White,False,Gigabyte
Gigabyte GA-H55-USB3,,LGA1156,ATX,16,4,Blue / White,False,Gigabyte
Intel DH57DD,,LGA1156,Micro ATX,16,4,Blue / White,False,Intel
EVGA 132-LF-E655-KR,,LGA1156,ATX,16,4,Black,False,EVGA
EVGA 141-LF-E658-KR,,LGA1156,ATX,16,4,Black / Gray,False,EVGA
EVGA 141-LF-E658-KR,,LGA1156,EATX,16,4,Black / Red,False,EVGA
Intel DP55KG,,LGA1156,ATX,16,4,Black / Blue,False,Intel
Asus P7P55D-E Deluxe,,LGA1156,ATX,16,4,,False,ASUS
EVGA 123-LF-E653-KR,,LGA1156,ATX,16,4,Black / Gray,False,EVGA
EVGA 132-LF-E657-KR,,LGA1156,ATX,16,4,Black / Gray,False,EVGA
Gigabyte GA-P55A-UD6,,LGA1156,ATX,16,6,Blue / White,False,Gigabyte
Gigabyte GA-P55A-UD3P,,LGA1156,ATX,16,4,Blue / White,False,Gigabyte
Asus M4N75TD,,AM3,ATX,16,4,Black / Blue,False,ASUS
Asus M4N98TD EVO,,AM3,ATX,16,4,Black / Blue,False,ASUS
MSI 740GM-P25,,AM3,Micro ATX,8,2,Black / Blue,False,MSI
Foxconn A74ML-K,,AM3,Micro ATX,8,2,Blue / White,False,Foxconn
Foxconn A76ML-K,,AM3/AM2+/AM2,Micro ATX,4,2,,False,Foxconn
Gigabyte GA-MA78LM-S2H,,AM3/AM2+/AM2,Micro ATX,8,2,Blue / White,False,Gigabyte
Asus M4A78L-M,,AM3/AM2+/AM2,Micro ATX,8,2,,False,ASUS
Asus M4A785TD-M EVO,,AM3,Micro ATX,16,4,Black / Blue,False,ASUS
ECS A785GM-M,,AM3,Micro ATX,16,4,Black / Yellow,False,ECS
Asus M4A785TD-V EVO/U3S6,,AM3,ATX,16,4,Black / Blue,False,ASUS
MSI 785GTM-E45,,AM3/AM2+/AM2,Micro ATX,8,2,Red / Black,False,MSI
MSI 790XT-G45,,AM3/AM2+/AM2,ATX,16,4,,False,MSI
Gigabyte GA-MA790GPT-UD3H,,AM3,ATX,16,4,Blue / White,False,Gigabyte
Jetway JMA3-79GDGD-LF,,AM3/AM2+/AM2,Micro ATX,8,4,,False,Jetway
Gigabyte GA-890XA-UD3,,AM3,ATX,16,4,Blue / White,False,Gigabyte
Asus M4A88TD-M,,AM3,Micro ATX,16,4,Black / Blue,False,ASUS
Asus M4A89TD Pro,,AM3,ATX,16,4,Black / Blue,False,ASUS
Biostar TA890GXB HD,,AM3,Micro ATX,16,4,Black / Red,False,Biostar
ECS A890GXM-A,,AM3,ATX,16,4,Multicolor,False,ECS
Biostar TA890GXE,2195.0,AM3,Micro ATX,16,4,Black / Red,True,Biostar
Asus M4A89GTD PRO,,AM3,ATX,16,4,Black / Blue,False,ASUS
EVGA 132-BL-E758-TR,,LGA1366,ATX,24,6,Black / Gray,False,EVGA
EVGA 141-BL-E760-A1,,LGA1366,EATX,24,6,Black / Red,False,EVGA
Gigabyte GA-M68M-S2P,,AM3/AM2+/AM2,Micro ATX,8,2,Blue / White,False,Gigabyte
ASRock 880GM-LE,,AM3,Micro ATX,8,2,Black / Blue,False,ASRock
ASRock H55M PRO,,LGA1156,Micro ATX,16,4,Black / Blue,False,ASRock
Zotac GF8200-C-E,,AM2+/AM2,Mini ITX,8,2,Black / Red,False,Zotac
EVGA 132-GT-E768-TR,,LGA1366,ATX,24,6,Black / Gray,False,EVGA
ASRock K10N78M-PRO,,AM3/AM2+/AM2,Micro ATX,8,2,Multicolor,False,ASRock
EVGA 123-CD-E635-KR,,LGA1156,ATX,16,4,Black / Gray,False,EVGA
Intel D525MW,,Integrated Atom D525,Mini ITX,4,2,Green / Black,False,Intel
ASRock 890FX Deluxe3,,AM3,ATX,16,4,Black / Blue,False,ASRock
MSI 785GT-E63,,AM3/AM2+/AM2,ATX,16,4,Black / Blue,False,MSI
Biostar A880G+,,AM3,Micro ATX,8,2,Black / Red,False,Biostar
Biostar A770E3,,AM3,ATX,16,4,Multicolor,False,Biostar
MSI NF750-G55,,AM3,ATX,16,4,Black / Blue,False,MSI
MSI H55M-ED55,,LGA1156,Micro ATX,16,4,Black / Blue,False,MSI
EVGA 141-GT-E770-A1,,LGA1366,EATX,24,6,Black / Red,False,EVGA
MSI 790GX-G65,,AM3,ATX,16,4,Multicolor,False,MSI
Biostar TA790GXE,,AM3/AM2+/AM2,Micro ATX,16,4,Multicolor,False,Biostar
Biostar A780L,,AM3/AM2+,Micro ATX,8,2,Black / Red,False,Biostar
MSI GF615M-P33,,AM3,Micro ATX,8,2,Black / Blue,False,MSI
MSI 880GMA-E45,,AM3,Micro ATX,16,4,Black / Blue,False,MSI
Biostar TA880G HD,1763.19,AM3,Micro ATX,16,4,Black / Red,True,Biostar
Foxconn A88GM Deluxe,,AM3,Micro ATX,16,4,,False,Foxconn
Foxconn Q57M,,LGA1156,Micro ATX,16,4,,False,Foxconn
ECS A790GXM-AD3,,AM3,ATX,32,4,Multicolor,False,ECS
Jetway JMA3-880GP-LF,,AM3,Micro ATX,8,2,,False,Jetway
Jetway JMA3-79GDGEXL-LF,,AM3/AM2+/AM2,Micro ATX,4,4,,False,Jetway
MSI 880GMA-E53,,AM3,Micro ATX,16,4,Black / Blue,False,MSI
Jetway JI31GM4-L-LF,,LGA775,Micro ATX,4,2,,False,Jetway
Asus M4A88T-M LE,,AM3,Micro ATX,8,2,Black / Blue,False,ASUS
MSI 870A Fuzion,,AM3,ATX,16,4,Black / Blue,False,MSI
MSI 870S-G54,,AM3,ATX,16,4,Black / Blue,False,MSI
Gigabyte GA-880GM-D2H,,AM3,Micro ATX,8,2,Blue / White,False,Gigabyte
Biostar TP43ECombo,,LGA775,ATX,8,2,,False,Biostar
Biostar TH55 HD,,LGA1156,Micro ATX,16,4,,False,Biostar
MSI 880GM-E43,,AM3,Micro ATX,16,4,Black / Blue,False,MSI
Foxconn A9DA-S,,AM3,ATX,16,4,Black / Yellow,False,Foxconn
Jetway JMA3-785GP-LF,,AM3,Micro ATX,8,2,,False,Jetway
ECS A750GM-M (V7.0),,AM3,Micro ATX,8,2,,False,ECS
Biostar TA880GB+,,AM3,Micro ATX,16,4,,False,Biostar
Asus P7Q57-M DO/CSM,,LGA1156,Micro ATX,16,4,,False,ASUS
Asus M4A77D,,AM3/AM2+/AM2,ATX,16,4,,False,ASUS
Biostar TPOWER i55,,LGA1156,ATX,16,4,Multicolor,False,Biostar
Biostar H55A+,,LGA1156,ATX,16,4,Black / Red,False,Biostar
Biostar TA790GXB3,,AM3,ATX,16,4,Multicolor,False,Biostar
ASRock K10N78D,,AM2+/AM2,ATX,16,4,,False,ASRock
Gigabyte GA-890FXA-UD7,,AM3,XL ATX,16,4,Blue / White,False,Gigabyte
ECS A785GM-M5 1.0,,AM3/AM2+/AM2,Micro ATX,8,2,,False,ECS
ECS A785GM-AD3(1.0),,AM3,ATX,16,4,,False,ECS
ECS H57H-MUS(1.0A),,LGA1156,Micro ATX,16,4,,False,ECS
ECS P55H-AK (V1.0),,LGA1156,ATX,16,4,,False,ECS
ECS A880GM-AD3 (V1.0),,AM3,ATX,32,4,,False,ECS
Jetway JHZ03-GT-LF,,AM3,Micro ATX,8,4,,False,Jetway
ECS A885GM-A2 (V1.1),,AM3,ATX,32,4,,False,ECS
Biostar TH55B HD,,LGA1156,Micro ATX,16,4,,False,Biostar
Foxconn A74ML-K 3.0,,AM3,Micro ATX,8,2,,False,Foxconn
ECS H57H-M (V1.0A),,LGA1156,Micro ATX,16,4,Black / Red,False,ECS
ECS X58B-A3 SLI (V1.0),,LGA1366,ATX,24,6,,False,ECS
Biostar TA785GE 128M,,AM3/AM2+/AM2,Micro ATX,16,4,,False,Biostar
Biostar TA870+,,AM3,ATX,16,4,Black / Red,False,Biostar
MSI Big Bang Fuzion,,LGA1156,ATX,16,4,,False,MSI
MSI P55A FUZION,,LGA1156,ATX,16,4,Black / Blue,False,MSI
Biostar G41D3,,LGA775,Micro ATX,8,2,Black / Red,False,Biostar
Jetway JM26GT4-D3-LF,,AM3,Micro ATX,4,2,,False,Jetway
Jetway JNC84E-LF,,AM3/AM2+/AM2,Mini ITX,4,2,,False,Jetway
MSI H55-GD65,,LGA1156,ATX,16,4,Black / Blue,False,MSI
ASRock H55DE3,,LGA1156,ATX,16,4,Black / Blue,False,ASRock
ASRock X58 Extreme 3,,LGA1366,ATX,24,6,,False,ASRock
Asus P7P55 WS SuperComputer,,LGA1156,ATX,16,4,Black / Blue,False,ASUS
Biostar TP45E Combo 6.X,,LGA775,ATX,8,4,,False,Biostar
Foxconn P55MX,,LGA1156,Micro ATX,8,2,,False,Foxconn
ECS H55H-I,,LGA1156,Mini ITX,8,2,Black / Orange,False,ECS
ECS P55H-CM (V1.0),,LGA1156,Micro ATX,16,4,,False,ECS
Jetway JXBLUE-H55-MINI-LF,,LGA1156,Micro ATX,8,2,,False,Jetway
Asus Sabertooth 55i,,LGA1156,ATX,16,4,Multicolor,False,ASUS
Jetway JXBLUE-77A4-LF,,AM3,ATX,8,2,,False,Jetway
Jetway JM26GT4-A-LF,,AM3/AM2+/AM2,Micro ATX,4,2,,False,Jetway
Biostar A785GE,,AM3/AM2+,Micro ATX,8,2,,False,Biostar
Jetway JPA76GM5D3-LF,,AM3,Micro ATX,8,2,,False,Jetway
Foxconn Cinema Premium,,AM3/AM2+/AM2,Micro ATX,8,4,,False,Foxconn
Zotac H55ITX-C-E,,LGA1156,Mini ITX,8,2,Black / Yellow,False,Zotac
Jetway JHA12-LF,,AM3,ATX,16,4,,False,Jetway
Foxconn A9DA,,AM3,ATX,16,4,,False,Foxconn
ECS IC780M-A2 (V1.0A),,AM3,ATX,16,4,,False,ECS
ECS A880GM-M7 (V2.0),,AM3,Micro ATX,16,2,,False,ECS
ECS IC890GXM-A (V1.1),,AM3,ATX,32,4,,False,ECS
ASRock 880GMH/USB3 R2.0,,AM3,Micro ATX,16,4,,False,ASRock
Gigabyte GA-H67A-UD3H,,LGA1155,ATX,16,4,Blue / White,False,Gigabyte
Gigabyte GA-H67MA-D2H,,LGA1155,Micro ATX,16,2,Blue / White,False,Gigabyte
Gigabyte GA-H67MA-UD2H,,LGA1155,Micro ATX,16,4,Blue / White,False,Gigabyte
Gigabyte GA-H67M-D2,,LGA1155,Micro ATX,16,2,Blue / White,False,Gigabyte
Gigabyte GA-P67A-UD3,,LGA1155,ATX,16,4,Blue / White,False,Gigabyte
Gigabyte GA-P67A-UD3P,,LGA1155,ATX,16,4,Black,False,Gigabyte
Gigabyte GA-P67A-UD5,,LGA1155,ATX,16,4,Black / Silver,False,Gigabyte
Gigabyte GA-P67A-UD7,,LGA1155,ATX,16,4,Black / Silver,False,Gigabyte
Asus P8H67-M EVO,,LGA1155,Micro ATX,32,4,Black / Blue,False,ASUS
Asus Maximus IV Extreme,,LGA1155,EATX,32,4,,False,ASUS
Asus P8P67-M PRO,,LGA1155,Micro ATX,32,4,Black / Blue,False,ASUS
MSI H67MA-EA45,,LGA1155,Micro ATX,32,4,,False,MSI
MSI H67MA-EA43,,LGA1155,Micro ATX,32,4,,False,MSI
MSI H67MA-EA33,,LGA1155,Micro ATX,16,2,,False,MSI
MSI H67MA-ED55,,LGA1155,Micro ATX,32,4,Black / Blue,False,MSI
MSI P67A-C45,,LGA1155,ATX,32,4,Black / Blue,False,MSI
MSI P67S-C43,,LGA1155,ATX,32,4,Black / Blue,False,MSI
Intel DP67BA,,LGA1155,ATX,32,4,Black / Blue,False,Intel
Intel DP67DE,,LGA1155,Micro ATX,32,4,,False,Intel
Intel DH67CF,,LGA1155,Mini ITX,16,2,Blue,False,Intel
MSI H67MS-E43,,LGA1155,Micro ATX,32,4,Black / Blue,False,MSI
Biostar TP67XE,,LGA1155,ATX,16,4,,False,Biostar
Asus P8H67-M PRO/CSM,,LGA1155,Micro ATX,32,4,Black / Blue,False,ASUS
Biostar TH67+,,LGA1155,Micro ATX,16,4,Black / Red,False,Biostar
Biostar TH67XE,,LGA1155,Micro ATX,16,4,,False,Biostar
MSI H67MA-E45,,LGA1155,Micro ATX,32,4,Black / Blue,False,MSI
MSI GF615M-P31,,AM3,Micro ATX,8,2,Red / Black,False,MSI
MSI 870A-G55,,AM3,ATX,16,4,Black / Blue,False,MSI
Jetway JMIH55-M-LF,,LGA1156,Micro ATX,8,2,,False,Jetway
ECS P67H2-A Hydra,,LGA1155,ATX,32,4,Black / White,False,ECS
ECS P67H2-A,,LGA1155,ATX,16,4,Black / White,False,ECS
ECS P67H2-A4,,LGA1155,ATX,16,4,,False,ECS
ECS P67H2-A2 SLI,,LGA1155,ATX,16,4,Black / White,False,ECS
ECS H67H2-A3,,LGA1155,ATX,16,4,,False,ECS
ECS H67H2-M3,,LGA1155,Micro ATX,16,2,Black / White,False,ECS
ECS H67H2-M2,,LGA1155,Micro ATX,16,4,Black / White,False,ECS
ECS H67H2-M4,,LGA1155,Micro ATX,16,4,,False,ECS
ASRock P67 Professional,,LGA1155,ATX,32,4,,False,ASRock
ASRock P67 Pro,,LGA1155,ATX,32,4,,False,ASRock
ASRock H67DE3,,LGA1155,ATX,32,4,,False,ASRock
ASRock H67M-GE/HT,,LGA1155,Micro ATX,32,4,Black / White,False,ASRock
ASRock H67M,,LGA1155,Micro ATX,16,2,,False,ASRock
Biostar TP67B+,,LGA1155,ATX,16,4,,False,Biostar
Jetway HI08,,LGA1155,ATX,16,4,,False,Jetway
Jetway MIH67M-HU3,,LGA1155,Micro ATX,16,4,,False,Jetway
MSI 760GM-P35,,AM3,Micro ATX,16,4,Red / Black,False,MSI
MSI 880G-E45,,AM3,ATX,16,4,,False,MSI
MSI 880GMA-E55,,AM3,Micro ATX,16,4,Black / Blue,False,MSI
ASRock P67 Transformer,,LGA1155,ATX,16,4,,False,ASRock
ASRock Fatal1ty P67 Professional,,LGA1155,ATX,32,4,,False,ASRock
Intel DX58OG,,LGA1366,ATX,24,6,Black / Blue,False,Intel
ASRock A770DE+,,AM3/AM2+/AM2,ATX,16,4,,False,ASRock
Biostar A780L3G,,AM3,Micro ATX,8,2,Black / Red,False,Biostar
MSI H67MS-E33,,LGA1155,Micro ATX,16,2,Black / Blue,False,MSI
Foxconn Inferno Katana GTI,,LGA1156,ATX,16,4,Black / Red,False,Foxconn
Biostar TP55,,LGA1156,ATX,16,4,Multicolor,False,Biostar
Foxconn Inferno Katana,,LGA1156,ATX,16,4,,False,Foxconn
Biostar TA870U3+,,AM3,ATX,16,4,Black / Red,False,Biostar
ECS A890GXM-A(2.0),,AM3,ATX,32,4,,False,ECS
Zotac 890GXITX-A-E,,AM3,Mini ITX,8,2,,False,Zotac
Gigabyte G1.Sniper,,LGA1366,ATX,24,6,,False,Gigabyte
Biostar TH55XERCH,,LGA1156,ATX,16,4,,False,Biostar
MSI 880GM-E35,,AM3,Micro ATX,16,2,Black / Blue,False,MSI
Biostar A880G+RCH,,AM3,Micro ATX,8,2,,False,Biostar
Biostar TA890GXERCH,,AM3,Micro ATX,16,4,,False,Biostar
Asus Maximus IV Extreme (REV 3.0),,LGA1155,EATX,32,4,,False,ASUS
MSI H67MA-E35 (B3),,LGA1155,Micro ATX,16,2,Black / Blue,False,MSI
Gigabyte G1.Guerrilla,,LGA1366,EATX,24,6,,False,Gigabyte
ECS H55H-CM,,LGA1156,Micro ATX,16,4,,False,ECS
Gigabyte GA-H67MA-UD2H-B3,,LGA1155,Micro ATX,32,4,,False,Gigabyte
ECS A785GM-M7,,AM3,Micro ATX,8,2,Green / White,False,ECS
Asus P8H67-M LE (REV 3.0),,LGA1155,Micro ATX,16,2,,False,ASUS
Asus P8H67-M EVO (REV 3.0),,LGA1155,Micro ATX,32,4,,False,ASUS
Asus P8P67 (REV 3.0),,LGA1155,ATX,32,4,,False,ASUS
Asus P8P67 Deluxe (REV 3.0),,LGA1155,ATX,32,4,,False,ASUS
MSI 880GMA-E35,,AM3,Micro ATX,16,2,Black / Blue,False,MSI
Asus P8H67-M LX (REV 3.0),,LGA1155,Micro ATX,16,2,,False,ASUS
Asus P8P67-M PRO (REV 3.0),,LGA1155,Micro ATX,32,4,,False,ASUS
Asus P8P67-M (REV 3.0),,LGA1155,Micro ATX,32,4,,False,ASUS
MSI P67A-GD53 (B3),,LGA1155,ATX,32,4,Black / Blue,False,MSI
MSI H67MS-E43 (B3),,LGA1155,Micro ATX,32,4,Black / Blue,False,MSI
Gigabyte GA-H67N-USB3-B3,,LGA1155,Mini ITX,16,2,Blue,False,Gigabyte
ASRock P67 Extreme6 (B3),,LGA1155,ATX,32,4,,False,ASRock
ASRock Fatal1ty P67 Professional (B3),,LGA1155,ATX,32,4,,False,ASRock
Gigabyte GA-P67A-UD3P-B3,,LGA1155,ATX,32,4,Black,False,Gigabyte
Gigabyte GA-P67A-UD7-B3,,LGA1155,ATX,32,4,Black,False,Gigabyte
ASRock P67 Pro3 (B3),,LGA1155,ATX,32,4,,False,ASRock
ECS H61H2-M3(1.0),,LGA1155,Micro ATX,16,2,,False,ECS
Biostar TA880GU3+,,AM3,Micro ATX,16,4,Black / Red,False,Biostar
Asus P8H61-M (REV 3.0),,LGA1155,Micro ATX,16,2,,False,ASUS
Asus P8P67 WS Revolution (REV 3.0),,LGA1155,ATX,32,4,Black / Blue,False,ASUS
Biostar TP67XE (B3),,LGA1155,ATX,16,4,Black / Red,False,Biostar
Intel DP67DEB3,,LGA1155,Micro ATX,32,4,Black / Blue,False,Intel
MSI 870A-G46,,AM3,ATX,32,4,Black / Blue,False,MSI
Jetway JMIH61M-DU3-LF,,LGA1155,Micro ATX,8,2,,False,Jetway
Zotac H67ITX-C-E,,LGA1155,Mini ITX,16,2,Black / Yellow,False,Zotac
Biostar TH67B,,LGA1155,Micro ATX,16,4,,False,Biostar
Biostar H67MU3,,LGA1155,Micro ATX,8,2,Black / Red,False,Biostar
Biostar A870U3,,AM3,ATX,16,4,Black / Red,False,Biostar
Jetway JMA3-880GTV2-LF,,AM3,Micro ATX,8,2,,False,Jetway
ASRock H61ICAFE,,LGA1155,ATX,16,4,Black / Blue,False,ASRock
Asus P8P67 PRO (REV 3.0),,LGA1155,ATX,32,4,,False,ASUS
ASRock H67M-GE (B3),,LGA1155,Micro ATX,32,4,,False,ASRock
Jetway JHZ03-GT-V2-LF,,AM3,Micro ATX,8,4,,False,Jetway
MSI PH67S-C43 (B3),,LGA1155,ATX,32,4,,False,MSI
ASRock 890FX Deluxe5,,AM3+,ATX,32,4,Black / Blue,False,ASRock
Gigabyte GA-P67X-UD3-B3,,LGA1155,ATX,32,4,Blue / White,False,Gigabyte
Asus P8P67 EVO (REV 3.0),,LGA1155,ATX,32,4,,False,ASUS
Jetway JMA760TMHG-V2-LF,,AM3,Micro ATX,8,2,,False,Jetway
Biostar H67MH,,LGA1155,Micro ATX,8,2,Black / Red,False,Biostar
Biostar H61MU3,,LGA1155,Micro ATX,8,2,Black / Red,False,Biostar
MSI P67S-C43 (B3),,LGA1155,ATX,32,4,Black / Blue,False,MSI
Foxconn A76ML-K 3.0,,AM3,Micro ATX,8,2,Blue / White,False,Foxconn
Intel DH67CFB3,,LGA1155,Mini ITX,16,2,Blue,False,Intel
MSI E350IA-E45,,Integrated E-Series E-350,Mini ITX,8,2,Black / Blue,False,MSI
ECS TIGD-CI3(1.0),,Integrated Atom D525,Mini ITX,4,2,,False,ECS
Asus AT3IONT-I Deluxe,,Integrated Atom 330,Mini ITX,4,2,Black / Blue,False,ASUS
Asus AT5NM10-I,,Integrated Atom D510,Mini ITX,4,2,Black / Blue,False,ASUS
ASRock AD525PV3,,Integrated Atom D525,Mini ITX,8,2,Black / Blue,False,ASRock
MSI E350IS-E45,,Integrated E-Series E-350,Mini ITX,8,2,Black / Blue,False,MSI
Intel D425KT,,Integrated Atom D425,Mini ITX,4,2,Green / Black,False,Intel
ASRock E350M1/USB3,,Integrated E-Series E-350,Mini ITX,16,2,Black / Blue,False,ASRock
Jetway JNC85-E350-LF,,Integrated E-Series E-350,Mini ITX,8,2,,False,Jetway
ASRock E350M1,,Integrated E-Series E-350,Mini ITX,16,2,Black / Blue,False,ASRock
Foxconn D52S,,Integrated Atom D525,Mini ITX,4,2,Blue / White,False,Foxconn
Sapphire PURE Fusion Mini E350,,Integrated E-Series E-350,Mini ITX,8,2,,False,Sapphire
Sapphire Pure White Fusion E350,,Integrated E-Series E-350,Mini ITX,8,2,,False,Sapphire
Asus AT5IONT-I,,Integrated Atom D525,Mini ITX,4,2,Black / Blue,False,ASUS
ECS HDC-I2(1.0),,Integrated E-Series E-350,Mini ITX,8,2,,False,ECS
Asus E35M1-M PRO,,Integrated E-Series E-350,Micro ATX,8,2,Black / Blue,False,ASUS
Zotac IONITX-T-U,,Integrated Atom D525,Mini ITX,4,2,,False,Zotac
Gigabyte GA-Z68X-UD5-B3,,LGA1155,ATX,32,4,Black,False,Gigabyte
Gigabyte GA-X58A-OC,,LGA1366,ATX,24,6,Black / Orange,False,Gigabyte
Gigabyte GA-Z68X-UD7-B3,,LGA1155,ATX,32,4,Black,False,Gigabyte
MSI Z68A-GD80 (B3),,LGA1155,ATX,32,4,,False,MSI
Intel D510MO,,Integrated Atom D510,Mini ITX,4,2,Green / Black,False,Intel
Asus E35M1-I DELUXE,,Integrated E-Series E-350,Mini ITX,8,2,Black / Blue,False,ASUS
ECS A880LM-M(1.0),,AM3,Micro ATX,8,2,,False,ECS
ECS H67H2-M2(1.0),,LGA1155,Micro ATX,32,4,Black / White,False,ECS
Intel DP67BAB3,,LGA1155,ATX,32,4,Black / Blue,False,Intel
Jetway JMIG41TM-LF,,LGA775,Micro ATX,8,2,,False,Jetway
Intel DH67CLB3,,LGA1155,ATX,32,4,Black / Blue,False,Intel
Zotac IONITX-S-E,,Integrated Atom D525,Mini ITX,4,2,Black / Silver,False,Zotac
Biostar TZ68A+,,LGA1155,ATX,16,4,Black / Red,False,Biostar
MSI 990FXA-GD80,,AM3+,ATX,32,4,Black / Blue,False,MSI
MSI NF725GM-P31,,AM3,Micro ATX,16,2,Black / Blue,False,MSI
MSI H67MS-E23 (B3),,LGA1155,Micro ATX,16,2,Black / Blue,False,MSI
Biostar P4M890M7SE,,LGA775,Micro ATX,4,2,,False,Biostar
Biostar TH67A+,,LGA1155,ATX,16,4,Black / Red,False,Biostar
Asus P8Z68 Deluxe,,LGA1155,ATX,32,4,Black / Blue,False,ASUS
Biostar TZ68A+RCH,,LGA1155,ATX,32,4,Black / Red,False,Biostar
Biostar TH55 XE,,LGA1156,Micro ATX,16,4,,False,Biostar
Zotac IONITX-K-E,,Integrated Atom 330,Mini ITX,4,2,Black / Yellow,False,Zotac
Biostar A870,,AM3,ATX,16,4,,False,Biostar
Jetway JM28GT4D3-LF,,AM3,Micro ATX,4,2,,False,Jetway
ASRock H61M-GE,,LGA1155,Micro ATX,16,4,Black / Blue,False,ASRock
Biostar TH61A,,LGA1155,ATX,16,2,,False,Biostar
Biostar TH61 ITX,,LGA1155,Mini ITX,16,2,Black / Red,False,Biostar
Zotac FUSION350-A-E,,Integrated E-Series E-350,Mini ITX,8,2,Black / Gray,False,Zotac
Gigabyte GA-Z68XP-UD5,,LGA1155,ATX,32,4,Black / Silver,False,Gigabyte
Biostar TA75M+,,FM1,Micro ATX,32,4,Black / Red,False,Biostar
Gigabyte GA-A75-UD4H,,FM1,ATX,32,4,Blue / White,False,Gigabyte
Gigabyte GA-A75M-UD2H,,FM1,Micro ATX,32,4,Blue / White,False,Gigabyte
Biostar A780L3B,4999.59,AM3,Micro ATX,16,2,Black / Red,True,Biostar
Gigabyte GA-A75M-D2H,,FM1,Micro ATX,16,2,Blue / White,False,Gigabyte
Gigabyte GA-A75-D3H,,FM1,ATX,32,4,Blue / White,False,Gigabyte
Biostar A880GB+,,AM3,Micro ATX,8,2,,False,Biostar
Asus F1A75-M PRO,,FM1,Micro ATX,64,4,Black / Blue,False,ASUS
ECS A75F-M2,,FM1,Micro ATX,16,2,Black / Gray,False,ECS
Asus F1A75-V PRO,,FM1,ATX,64,4,Black / Blue,False,ASUS
Gigabyte GA-A75M-S2V,,FM1,Micro ATX,16,2,Blue / White,False,Gigabyte
ASRock P67 Transformer (B3),,LGA1156,ATX,16,4,,False,ASRock
Asus P8Q67-M DO/CSM (REV 3.0),,LGA1155,Micro ATX,32,4,,False,ASUS
MSI Z68A-GD55 (B3),,LGA1155,ATX,32,4,Black / Blue,False,MSI
ASRock A75M,,FM1,Micro ATX,16,2,Black / Blue,False,ASRock
ASRock A75 Pro4,,FM1,ATX,32,4,Black / Blue,False,ASRock
EVGA 160-SB-E679-K2,,LGA1155,EATX,16,4,Black / Red,False,EVGA
ASRock A75 Pro4-M,,FM1,Micro ATX,32,4,Black / Blue,False,ASRock
Biostar TA75M+RCH,,FM1,Micro ATX,32,4,,False,Biostar
ECS A75F-A,,FM1,ATX,32,4,,False,ECS
Asus F1A75-M LE,,FM1,Micro ATX,32,2,Black / Blue,False,ASUS
MSI 880GMA-E35 (FX),,AM3,Micro ATX,16,2,Black / Blue,False,MSI
ASRock 990FX Extreme4,,AM3+,ATX,32,4,Black / Blue,False,ASRock
MSI A75A-G35,,FM1,ATX,16,2,Black / Blue,False,MSI
MSI Z68A-G43 (B3),,LGA1155,ATX,32,4,Black / Blue,False,MSI
EVGA 120-SB-E672-KR,,LGA1155,Micro ATX,16,4,Black / Gray,False,EVGA
MSI Z68MA-G45 (B3),,LGA1155,Micro ATX,32,4,Black / Blue,False,MSI
Biostar TH61ITX+RCH,,LGA1155,Mini ITX,8,2,,False,Biostar
MSI H67A-G43 (B3),,LGA1155,ATX,32,4,Black / Blue,False,MSI
Biostar TA785G3HD,,AM3,Micro ATX,16,4,,False,Biostar
Asus P8H67-V (REV 3.0),,LGA1155,ATX,32,4,,False,ASUS
Jetway JNC94FL-510-LF,,Integrated Atom D510,Mini ITX,4,2,,False,Jetway
Jetway JNC94FL-525-LF,,Integrated Atom D525,Mini ITX,8,2,,False,Jetway
ASRock Z68 Extreme7 Gen3,,LGA1155,ATX,32,4,Black / Silver,False,ASRock
Jetway JA76MG2,,AM3,Micro ATX,8,2,,False,Jetway
ASRock 870 Extreme3 R2.0,,AM3+,ATX,32,4,Black / Blue,False,ASRock
ASRock A75M-ITX,,FM1,Mini ITX,16,2,Black / Blue,False,ASRock
ASRock A785GM-LE,,AM3/AM2+/AM2,Micro ATX,8,2,Multicolor,False,ASRock
EVGA 160-SB-E689-K2,,LGA1155,EATX,16,4,Black / Red,False,EVGA
Gigabyte GA-A55M-S2V,,FM1,Micro ATX,32,2,Blue / White,False,Gigabyte
Biostar A55MH,,FM1,Micro ATX,16,2,Black / Red,False,Biostar
Jetway JTA75MG,,FM1,Micro ATX,8,2,Black / Red,False,Jetway
ASRock 870iCafe R2.0,,AM3+,ATX,32,4,Black / Blue,False,ASRock
ASRock A55M-HVS,,FM1,Micro ATX,16,2,Black / Blue,False,ASRock
MSI Z68A-GD55 (G3),,LGA1155,ATX,32,4,Black / Blue,False,MSI
Zotac Z68ITX-A-E,,LGA1155,Mini ITX,16,2,Black / Yellow,False,Zotac
Jetway JTN68M,,AM3,ATX,16,2,,False,Jetway
Jetway JTI61AG3,,LGA1155,ATX,8,2,,False,Jetway
ASRock Z68 Pro3 GEN3,,LGA1155,ATX,32,4,Brown / Black,False,ASRock
Zotac H61MAT-A-E,,LGA1155,Micro ATX,16,2,Multicolor,False,Zotac
Jetway JNF96FL-525-LF,,Integrated Atom D525,Mini ITX,4,2,,False,Jetway
Intel DG41RQ,,LGA775,Micro ATX,8,2,Green / Silver,False,Intel
Asus F1A75-M PRO/CSM,,FM1,Micro ATX,64,4,,False,ASUS
ECS A990FXM-A V1.0,,AM3+,ATX,128,4,,False,ECS
MSI X79A-GD65(8D) Frio Adv,,LGA2011,ATX,128,8,,False,MSI
Gigabyte GA-X79-UD7,,LGA2011,XL ATX,32,4,Black / Orange,False,Gigabyte
MSI X79A-GD65 (8D),,LGA2011,ATX,128,8,Black / Blue,False,MSI
EVGA 132-SE-E775-KR,,LGA2011,ATX,32,4,Black / Silver,False,EVGA
Zotac A75ITX-A-E,,FM1,Mini ITX,8,2,Black / Yellow,False,Zotac
Asus F1A55-M/CSM,,FM1,Micro ATX,32,4,Black / Blue,False,ASUS
ECS A55F-M2(1.0A),,FM1,Micro ATX,32,2,Black / Silver,False,ECS
ECS A55F-M3(1.0),,FM1,Micro ATX,32,2,,False,ECS
ECS X79R-AX(1.0),,LGA2011,ATX,64,4,,False,ECS
EVGA 151-SE-E777-KR,,LGA2011,EATX,32,4,Black / Red,False,EVGA
Foxconn Rattler,,LGA1155,ATX,32,4,Black / Red,False,Foxconn
Foxconn Z68A-S,,LGA1155,ATX,32,4,Black / Yellow,False,Foxconn
Biostar TZ68K+,,LGA1155,ATX,32,4,Black / Red,False,Biostar
EVGA 151-SE-E779-KR,,LGA2011,XL ATX,32,4,Black / Red,False,EVGA
Jetway JI61G-ITX,,LGA1155,Mini ITX,8,2,,False,Jetway
Jetway JHA16-ULTRA,,FM1,ATX,16,4,,False,Jetway
Jetway JTA980AG,,AM3+,ATX,8,2,,False,Jetway
Jetway JTIZ68MG,,LGA1155,Micro ATX,16,4,,False,Jetway
Jetway JTI61M5,,LGA1155,Micro ATX,8,2,Black / Red,False,Jetway
Jetway JTA88MG,,AM3,Micro ATX,8,2,,False,Jetway
Jetway JNC9KDL-2700,,Integrated Atom D2700,Mini ITX,4,2,,False,Jetway
Gigabyte GA-Z68AP-D3(R2.0),,LGA1155,ATX,32,4,,False,Gigabyte
ASRock 770iCafe,,AM3+/AM3,ATX,16,4,Black / Blue,False,ASRock
ASRock 880GM-LE FX,,AM3+,Micro ATX,8,2,Black / Blue,False,ASRock
ECS H55H-M(1.0),,LGA1156,Micro ATX,8,2,,False,ECS
MSI H67MS-E33 (B3),,LGA1155,Micro ATX,16,2,Black / Blue,False,MSI
Foxconn D250S,,Integrated Atom D2500,Mini ITX,4,2,Blue / Silver,False,Foxconn
Foxconn D270S,,Integrated Atom D2700,Mini ITX,4,2,Blue / Silver,False,Foxconn
Jetway JNMF92-H61,,LGA1155,Micro ATX,8,2,,False,Jetway
Jetway JNF9D-2700,,Integrated Atom D2700,Mini ITX,4,2,,False,Jetway
Biostar TZ77B,,LGA1155,ATX,32,4,Black / Red,False,Biostar
Biostar TZ77XE3,,LGA1155,ATX,32,4,Black / Orange,False,Biostar
ECS Z77H2-A2X DELUXE(1.0),,LGA1155,ATX,32,4,,False,ECS
ASRock Z77 Professional,,LGA1155,ATX,32,4,Black / Red,False,ASRock
Foxconn H55A,,LGA1156,ATX,16,4,,False,Foxconn
Biostar TZ75B,,LGA1155,ATX,32,4,Black / Red,False,Biostar
Foxconn A75A,,FM1,ATX,64,4,Black / Yellow,False,Foxconn
Foxconn A75M,,FM1,Micro ATX,64,4,Multicolor,False,Foxconn
ECS A75F-M,,FM1,Micro ATX,64,4,,False,ECS
ASRock Z77 Professional-M,,LGA1155,Micro ATX,32,4,Black / Red,False,ASRock
ASRock AD2700-ITX,,Integrated Atom D2700,Mini ITX,4,2,Black / Blue,False,ASRock
ECS Golden Z77H2-AX(1.0),,LGA1155,ATX,32,4,Black / Gold,False,ECS
ECS Golden Z77H2-A2X(1.0),,LGA1155,ATX,32,4,,False,ECS
Biostar H61MU3B,,LGA1155,Micro ATX,16,2,Black / Red,False,Biostar
ASRock A75 Pro4/MVP,,FM1,ATX,32,4,Brown / Black,False,ASRock
MSI 990FXA-GD65V2,,AM3+,ATX,32,4,Black / Blue,False,MSI
ASRock X79 Champion,,LGA2011,EATX,64,8,Black / Red,False,ASRock
ASRock AD2500B-ITX,,Integrated Atom D2500,Mini ITX,4,2,Black / Silver,False,ASRock
Asus P8Z77-V PREMIUM,,LGA1155,ATX,32,4,Black / Blue,False,ASUS
ECS A890GXM-A2(2.0),,AM3+,ATX,32,4,Black / Gray,False,ECS
ECS H61H2-A2 Deluxe (1.0),,LGA1155,ATX,16,2,Blue / White,False,ECS
ECS H77H2-M3(1.0),,LGA1155,Micro ATX,16,2,Black / Gray,False,ECS
Gigabyte GA-Z77M-D3H-MVP,,LGA1155,Micro ATX,32,4,Blue / White,False,Gigabyte
ECS CDC-M/D2500,,Integrated Atom D2500,Micro ATX,4,2,Black / Silver,False,ECS
ECS H61H-G11,,LGA1155,Thin Mini ITX,16,2,Green / Black,False,ECS
Biostar A75MG,,FM1,Micro ATX,16,2,Black / Red,False,Biostar
MSI 880GMS-E41 (FX),,AM3+,Micro ATX,16,2,Black / Blue,False,MSI
EVGA 132-SE-E775-K2,,LGA2011,ATX,32,4,Black / Gray,False,EVGA
EVGA 151-SE-E777-K2,,LGA2011,EATX,32,4,Black / Red,False,EVGA
EVGA 151-SE-E779-K2,,LGA2011,XL ATX,32,4,Black / Red,False,EVGA
Jetway JNMF93-Q77,,LGA1155,Micro ATX,32,4,,False,Jetway
ECS A990FXM-A DELUXE(1.0),,AM3+,ATX,32,4,,False,ECS
ECS CDC-I/D2500(1.0),,Integrated Atom D2500,Mini ITX,4,2,Black / Silver,False,ECS
ECS A960M-M3,,AM3+,Micro ATX,16,2,Black / Silver,False,ECS
Jetway JTA98MG,,AM3+,Micro ATX,8,2,Black / Red,False,Jetway
Jetway JHA18,,AM3+,ATX,16,4,,False,Jetway
Biostar Hi-Fi Z77X 5.x,,LGA1155,ATX,32,4,Black / Blue,False,Biostar
EVGA Z77 FTW,,LGA1155,EATX,32,4,Black / Red,False,EVGA
Asus F1A75-M PRO R2.0,,FM1,Micro ATX,64,4,Black / Blue,False,ASUS
Intel DZ77GAL-70K,,LGA1155,ATX,32,4,Black / Blue,False,Intel
EVGA 131-IB-E695-KR,,LGA1155,ATX,32,4,Black,False,EVGA
Foxconn A55MX,,FM1,Micro ATX,32,2,,False,Foxconn
ASRock FM2A75M-DGS,,FM2,Micro ATX,16,2,Black / Silver,False,ASRock
ASRock FM2A75 Pro4,,FM2,ATX,32,4,Black,False,ASRock
Gigabyte GA-F2A85X-UP4,,FM2,ATX,64,4,Black / Gray,False,Gigabyte
Biostar Hi-Fi A85W,,FM2,ATX,64,4,Black / Blue,False,Biostar
Biostar TA75MH2,,FM2,Micro ATX,32,2,Black / Red,False,Biostar
ECS A55F-M4(1.0),,FM1,Micro ATX,16,2,,False,ECS
Asus F2A85-M/CSM,,FM2,Micro ATX,64,4,Black / Blue,False,ASUS
ECS A55F2-M3(1.0),,FM2,Micro ATX,32,2,,False,ECS
ECS A75F2-M2(1.0A),,FM2,Micro ATX,32,2,Black / Gray,False,ECS
ECS A85F2-A GOLDEN(1.0),,FM2,ATX,64,4,Black / Gold,False,ECS
ASRock FM2A75M-ITX,,FM2,Mini ITX,32,2,Black,False,ASRock
Intel DZ68PL,,LGA1155,ATX,32,4,Black / Blue,False,Intel
Intel DZ68AF,,LGA1155,Micro ATX,32,4,Black / Blue,False,Intel
ASRock FM2A85X Extreme4,,FM2,ATX,64,4,Brown / Black,False,ASRock
ASRock FM2A85X Extreme4-M,,FM2,Micro ATX,64,4,Brown / Black,False,ASRock
Biostar A55MD2,,FM2,Micro ATX,32,2,Black / Red,False,Biostar
Biostar Hi-Fi A85S3,,FM2,Micro ATX,32,2,Black,False,Biostar
Gigabyte GA-A75M-DS2,,FM1,Micro ATX,64,2,Blue / White,False,Gigabyte
ECS Z77H2-A2X DELUXE(V2.0),,LGA1155,ATX,32,4,Black / Gray,False,ECS
ECS A75F2-A2(1.0),,FM2,ATX,64,2,,False,ECS
Asus F2A85-V,,FM2,ATX,64,4,Black / Blue,False,ASUS
Gigabyte GA-C847N-D,,Integrated Celeron 847,Mini ITX,16,2,Blue / White,False,Gigabyte
ECS Z77H2-A4 v1.1,,LGA1155,ATX,32,4,Black / Gray,False,ECS
Gigabyte GA-F2A85XM-HD3,,FM2,Micro ATX,64,2,Blue / White,False,Gigabyte
Biostar A55ML2,,FM2,Micro ATX,32,2,Black / Red,False,Biostar
ASRock B75M-GL R2.0,,LGA1155,Micro ATX,16,2,Brown / Black,False,ASRock
MSI B75MA-G43,,LGA1155,Micro ATX,32,4,Black / Blue,False,MSI
ECS X79R-AX (V1.0x),,LGA2011,ATX,64,4,Black / Gray,False,ECS
Asus A85XM-A,,FM2,Micro ATX,32,2,,False,ASUS
ASRock Z87 Professional,,LGA1150,ATX,32,4,Black / Red,False,ASRock
ASRock B85M-GL,,LGA1150,Micro ATX,16,2,Brown / Black,False,ASRock
ECS Z87H3-A4(1.0),,LGA1150,ATX,32,4,Black / Gold,False,ECS
ECS B85H3-M3(1.0),,LGA1150,Micro ATX,16,2,Black / Gray,False,ECS
Asus Z87-WS,,LGA1150,ATX,32,4,Black / Gold,False,ASUS
ASRock FM2A75M-DGS R2.0,,FM2,Micro ATX,32,2,Brown / Black,False,ASRock
EVGA 151-SE-E779-K3,,LGA2011,XL ATX,32,4,Black / Red,False,EVGA
MSI Z87I,,LGA1150,Mini ITX,16,2,Black,False,MSI
ECS Z87H3-A2X GOLDEN,,LGA1150,ATX,32,4,Black / Gold,False,ECS
ECS Z87H3-A2X EXTREME,,LGA1150,ATX,32,4,Black / Red,False,ECS
Biostar Hi-Fi Z87W,,LGA1150,ATX,32,4,Black / Blue,False,Biostar
Biostar Hi-Fi Z87X 3D,,LGA1150,ATX,32,4,Black / Blue,False,Biostar
Asus A55M-A/USB3,,FM2,Micro ATX,32,2,Black / Blue,False,ASUS
ASRock C226WS,,LGA1150,ATX,32,4,Brown / Black,False,ASRock
ASRock E3C224,,LGA1150,ATX,32,4,Green / Blue,False,ASRock
ASRock E3C224-4L,,LGA1150,ATX,32,4,Green / Blue,False,ASRock
Zotac A75ITX-B-E,,FM2,Mini ITX,16,2,Black / Yellow,False,Zotac
MSI Z87 MPOWER SP,,LGA1150,ATX,32,4,Black / Yellow,False,MSI
Gigabyte GA-F2A88X-D3H,,FM2+,ATX,64,4,Black / Gray,False,Gigabyte
ASRock E3C224-V+,,LGA1150,ATX,32,4,Green / Blue,False,ASRock
ASRock H87M Pro4/ASM,,LGA1150,Micro ATX,32,4,,False,ASRock
ASRock Q87M vPro/ASM,,LGA1150,Micro ATX,32,4,,False,ASRock
Asus A55M-A,,FM2,Micro ATX,32,2,,False,ASUS
ECS Z87H3-AX GOLDEN (1.0),,LGA1150,ATX,32,4,,False,ECS
Asus Z87-Deluxe/QUAD,,LGA1150,ATX,32,4,Black / Gold,False,ASUS
ASRock AD2550R/U3S3,,Integrated Atom D2550,Mini ITX,4,2,Black / Green,False,ASRock
MSI 760GM-P34 (FX) BOM,,AM3+,Micro ATX,16,2,,False,MSI
EVGA Z87 FTW,,LGA1150,ATX,32,4,Black / Red,False,EVGA
Gigabyte GA-H87N,,LGA1150,Mini ITX,16,2,Black / Gray,False,Gigabyte
ASRock E3C224D2I,,LGA1150,Mini ITX,16,2,Blue / White,False,ASRock
Gigabyte GA-Z87X-UD7 TH,,LGA1150,EATX,32,4,Black / Orange,False,Gigabyte
Biostar H61MGV Ver. 7.x,,LGA1155,Micro ATX,16,2,Black / Red,False,Biostar
MSI CSM-B85M-P32,,LGA1150,Micro ATX,16,2,Black / Blue,False,MSI
ECS Z87H3-A3X,,LGA1150,ATX,32,4,Black / Gold,False,ECS
ASRock FM2A88X Extreme4+,,FM2+,ATX,64,4,Brown / Black,False,ASRock
Gigabyte GA-B85N,,LGA1150,Mini ITX,16,2,Black / Gray,False,Gigabyte
Gigabyte G1.SNIPER Z5S,,LGA1150,ATX,32,4,Black / Green,False,Gigabyte
ASRock FM2A78M-ITX+,,FM2+,Mini ITX,32,2,Brown / Black,False,ASRock
MSI Z87 MPOWER MAX AC,,LGA1150,ATX,32,4,Black / Yellow,False,MSI
MSI A55M-E35,,FM2+,Micro ATX,32,2,Black / Blue,False,MSI
MSI Z87I AC,,LGA1150,Mini ITX,16,2,Black / Silver,False,MSI
ECS A75F2-M,,FM2,Micro ATX,32,4,Black / White,False,ECS
Asus F2A85-M2,,FM2,Micro ATX,64,4,Black / Blue,False,ASUS
ASRock H97 PERFORMANCE,,LGA1150,ATX,32,4,Black / Red,False,ASRock
ASRock FM2A88X+ BTC,,FM2+,ATX,64,4,Black / Red,False,ASRock
Biostar Hi-Fi Z97WE,,LGA1150,ATX,32,4,Black / Gold,False,Biostar
MSI H97I AC,,LGA1150,Mini ITX,16,2,Black / Silver,False,MSI
Gigabyte GA-Z97X-SOC FORCE LN2,,LGA1150,ATX,16,2,Black / Orange,False,Gigabyte
ASRock X99 Professional,,LGA2011-3,EATX,128,8,Black / Red,False,ASRock
ASRock FM2A88X PRO3+,,FM2+,ATX,64,4,Black / Blue,False,ASRock
ASRock FM2A88M-HD+_R2.0,,FM2+,Micro ATX,32,2,Black / Silver,False,ASRock
MSI Z97-Gaming 9 ACK,,LGA1150,ATX,32,4,Black / Red,False,MSI
ASRock FM2A78 PRO3+,,FM2+,ATX,64,4,Black / Blue,False,ASRock
MSI Z97I GAMING ACK,,LGA1150,Mini ITX,16,2,Black / Red,False,MSI
Supermicro C7X99-OCE-F,,LGA2011-3,ATX,128,8,Black / Blue,False,Supermicro
MSI Z97A GAMING 9 ACK,,LGA1150,ATX,32,4,Black / Red,False,MSI
Biostar J1900MH2,,Integrated Celeron J1900,Micro ATX,16,2,Black / Yellow,False,Biostar
Asus H97M-E/CSM/C/SI,,LGA1150,Micro ATX,32,4,Black / Gold,False,ASUS
MSI Z87 MPOWER-R,,LGA1150,ATX,32,4,Black / Yellow,False,MSI
Gigabyte GA-H97M-DS3P,,LGA1150,ATX,32,4,Black / Silver,False,Gigabyte
Gigabyte GA-B85M-DASH,,LGA1150,Micro ATX,32,4,Black,False,Gigabyte
Gigabyte GA-P85-D3T,,LGA1150,ATX,16,2,Black,False,Gigabyte
ASRock Z170 Extreme6+,,LGA1151,ATX,64,4,Black / Gold,False,ASRock
ASRock Z170 Extreme4+,,LGA1151,ATX,64,4,Black / Gold,False,ASRock
ASRock Z170M Pro4,,LGA1151,Micro ATX,64,4,Black / Orange,False,ASRock
ASRock E3C224-V4L,,LGA1150,ATX,32,4,Green / Blue,False,ASRock
ASRock E3C224D4M-16RE,,LGA1150,ATX,32,4,Green / Blue,False,ASRock
ASRock Fatal1ty H170 Performance/D3,,LGA1151,ATX,64,4,Black / Red,False,ASRock
ASRock B150M Pro4S/D3,,LGA1151,Micro ATX,64,4,Black / Orange,False,ASRock
ASRock B150M-HDV/D3,,LGA1151,ATX,16,2,Black / Orange,False,ASRock
ASRock Q170M vPro,,LGA1151,Micro ATX,64,4,Black / Orange,False,ASRock
Supermicro C7Z170-M,,LGA1151,Micro ATX,64,4,Black / Red,False,Supermicro
Supermicro C7Z170-SQ,,LGA1151,ATX,64,4,Black / Red,False,Supermicro
Asus H110M-E D3,,LGA1151,Micro ATX,32,2,Black / Gold,False,ASUS
Supermicro MBD-C7H170-M-O,,LGA1151,Micro ATX,64,4,Black / Red,False,Supermicro
MSI H170M ECO,,LGA1151,Micro ATX,32,2,Black / White,False,MSI
MSI Z170A KRAIT GAMING R6 SIEGE,,LGA1151,ATX,64,4,Black / White,False,MSI
Biostar H170GT3,,LGA1151,Micro ATX,64,4,Black / Gray,False,Biostar
ASRock B150 GAMING K4/HYPER,,LGA1151,ATX,64,4,Black / Red,False,ASRock
Asus H170-PRO/USB 3.1,,LGA1151,ATX,64,4,Black / Gold,False,ASUS
ASRock B150M-DVS R2.0,,LGA1151,Micro ATX,32,2,Black / Orange,False,ASRock
Supermicro C7Z270-PG,,LGA1151,ATX,64,4,Black,False,Supermicro
Gigabyte GA-Z270X-Gaming SOC,,LGA1151,ATX,64,4,Black / Orange,False,Gigabyte
ASRock X299 Taichi XE,,LGA2066,ATX,128,8,Black / Silver,False,ASRock
Supermicro C7Z270-CG,,LGA1151,ATX,64,4,Black / Green,False,Supermicro
Gigabyte B360M D3V,,LGA1151,Micro ATX,32,2,Silver / Black,False,Gigabyte
MSI X58 PLATINUM,,LGA1366,ATX,24,6,Black / Multicolor,False,MSI
Biostar B360GT3S,,LGA1151,Micro ATX,64,4,Black,False,Biostar
ASRock Q370M VPRO,,LGA1151,Micro ATX,64,4,Black,False,ASRock
Asus X299 Edition 30,,LGA2066,ATX,256,8,Silver / Black,False,ASUS
MSI B250M PRO OPT BOOST,,LGA1151,Micro ATX,32,2,Black,False,MSI
Gigabyte GA-H110M-S2PT,,LGA1151,Micro ATX,32,2,Brown / Black,False,Gigabyte
Biostar Racing Z490T-Silver,,LGA1200,Mini ITX,64,2,Black / Silver,False,Biostar
MSI B365M PRO-VD,,LGA1151,Micro ATX,32,2,Black,False,MSI
Biostar B460GTA,,LGA1200,ATX,128,4,Black,False,Biostar
Biostar B350GTX,,AM4,Micro ATX,64,4,Black / Yellow,False,Biostar
Biostar B560GTQ,,LGA1200,Micro ATX,128,4,Black / Blue,False,Biostar
Gigabyte H410M DS2V V2,,LGA1200,Micro ATX,64,2,Black / Silver,False,Gigabyte
Asus PRIME H510M-A WIFI/CSM,,LGA1200,Micro ATX,64,2,Black / Silver,False,ASUS
ASRock Z590-C/ax,,LGA1200,ATX,128,4,Black,False,ASRock
Gigabyte B660M POWER DDR4,,LGA1700,Micro ATX,64,2,Black,False,Gigabyte
Biostar B660M-SILVER,,LGA1700,Micro ATX,128,4,Silver / Black,False,Biostar
Asus PRIME H410M-F,,LGA1200,Micro ATX,64,2,Black / Silver,False,ASUS
Asus PRIME H610M-F D4-CSM,,LGA1700,Micro ATX,64,2,Black / Silver,False,ASUS
Biostar H410MH S2,,LGA1200,Micro ATX,64,2,Black,False,Biostar
Biostar B560MH-E PRO,,LGA1200,Micro ATX,128,4,Brown / Silver,False,Biostar
Biostar B760T-SILVER,,LGA1700,Mini ITX,96,2,Silver / Black,False,Biostar
Biostar B760MX-E,,LGA1700,Micro ATX,96,2,Black,False,Biostar
Asus EX-B760M-V5,,LGA1700,Micro ATX,96,2,Red / Black,False,ASUS
Asus EX-B760M-V5-CSM,,LGA1700,Micro ATX,96,2,Red / Black,False,ASUS
Biostar B650MS2,,AM5,Micro ATX,96,2,Black / Silver,False,Biostar
Asus PRIME H610M-K-CSM,,LGA1700,Micro ATX,96,2,Black / Silver,False,ASUS
Biostar H610MX2-E D5,,LGA1700,Micro ATX,96,2,Brown / Black,False,Biostar
Biostar H610MHC-E,,LGA1700,Micro ATX,64,2,Black,False,Biostar
Asus PRIME B760M-R D4-CSM,,LGA1700,Micro ATX,64,2,Black / Silver,False,ASUS
Asus PRIME H610M-F D4 R2.0-CSM,,LGA1700,Micro ATX,64,2,Black / Silver,False,ASUS
Asus Pro Q670M-CE-CSM,,LGA1700,Micro ATX,192,4,Green / Black,False,ASUS
Asus PRIME H510M-F R3.0-CSM,,LGA1200,Micro ATX,64,2,Silver / Black,False,ASUS
Biostar H510MHP-E 3.0,,LGA1200,Micro ATX,64,2,Black / Silver,False,Biostar
ASRock B860M-CW,,LGA1851,Micro ATX,256,4,White / Black,False,ASRock
ASRock B860M-C,,LGA1851,Micro ATX,256,4,Black / Silver,False,ASRock
Asus B860M-BRO,,LGA1851,Micro ATX,128,2,White / Black,False,ASUS
Asus EX-B860M-V5-CSM,,LGA1851,Micro ATX,128,2,Red / Black,False,ASUS
Asus B860M-E-CSM,,LGA1851,Micro ATX,128,2,Black / Gray,False,ASUS
Asus B860M-E,,LGA1851,Micro ATX,128,2,Black / Gray,False,ASUS
Asus PRIME B860-PLUS,,LGA1851,ATX,256,4,Silver / Black,False,ASUS
Asus PRIME H810M-A,,LGA1851,Micro ATX,128,2,Silver / Black,False,ASUS
Gigabyte B860M D2H,,LGA1851,Micro ATX,128,2,Silver / Black,False,Gigabyte
Gigabyte B860M E,,LGA1851,Micro ATX,128,2,Black / Silver,False,Gigabyte
Gigabyte B860M D,,LGA1851,Micro ATX,128,2,Silver / Black,False,Gigabyte
Biostar B860M-SILVER,,LGA1851,Micro ATX,256,4,Silver,False,Biostar
MSI PRO B860M-C EX,,LGA1851,Micro ATX,128,2,Black,False,MSI
MSI PRO B860-VC WIFI6E,,LGA1851,ATX,256,4,Black,False,MSI
Biostar B860MT2-E DJ,,LGA1851,Micro ATX,128,2,Black,False,Biostar
ASRock A620AM-X WiFi,,AM5,Micro ATX,128,2,Black,False,ASRock
Asus EX-B760M-V7 II,,LGA1700,Micro ATX,96,4,Black / Red,False,ASUS
MSI H810M GAMING WIFI6E,,LGA1851,Micro ATX,128,2,Silver,False,MSI
Asus PRIME H810M-E,,LGA1851,Micro ATX,128,2,Black / Silver,False,ASUS
MSI PRO B860M-X,,LGA1851,Micro ATX,128,2,Black / Silver,False,MSI
Biostar H610MT-E D5,,LGA1700,Micro ATX,96,2,Black,False,Biostar
Asus EX-B850M-V7,,AM5,Micro ATX,128,2,Red / Black,False,ASUS
Asus EX-B850M-V7-CSM,,AM5,Micro ATX,128,2,Red / Black,False,ASUS
MSI PRO B850M-G,,AM5,Micro ATX,128,2,Silver / Black,False,MSI
MSI PRO H610M-A DDR4,,LGA1700,Micro ATX,64,2,Black / Silver,False,MSI
