name,price,type,max_motherboard_form_factor,color,included_psu_wattage,has_included_psu,side_panel,external_volume,internal_35_bays,price_available
Montech XR,1671.8,ATX Mid Tower,ATX,Black,,False,Tempered Glass,45.0,2,True
Phanteks XT PRO,1359.6,ATX Mid Tower,ATX,Black,,False,Tempered Glass,51.8,2,True
NZXT H5 Flow (2024),1699.8,ATX Mid Tower,ATX,Black,,False,Tempered Glass,45.0,1,True
Corsair 3500X ARGB,2319.79,ATX Mid Tower,ATX,White,,False,Tempered Glass,55.9,2,True
Cooler Master MasterBox Q300L,919.59,MicroATX Mini Tower,Micro ATX,Black,,False,Acrylic,33.6,1,True
Corsair 4000D Airflow,1899.8,ATX Mid Tower,ATX,Black,,False,Tinted Tempered Glass,48.6,2,True
Lian Li Lancool 207,1639.8,ATX Mid Tower,ATX,Blue,,False,Tempered Glass,45.5,2,True
NZXT H9 Flow (2023),2399.79,ATX Mid Tower,ATX,Black,,False,Tempered Glass,66.9,2,True
Lian Li O11 VISION COMPACT,2499.79,ATX Mid Tower,ATX,White,,False,Tempered Glass,57.4,2,True
Corsair 3500X ARGB,2319.79,ATX Mid Tower,ATX,Black,,False,Tempered Glass,55.9,2,True
Montech AIR 100 ARGB,1398.0,MicroATX Mid Tower,Micro ATX,Black,,False,Tempered Glass,36.1,2,True
Montech AIR 903 MAX,1499.8,ATX Mid Tower,ATX,Black,,False,Tempered Glass,54.2,2,True
Lian Li A3-mATX,1459.6,MicroATX Mini Tower,Micro ATX,Black,,False,Mesh,26.3,1,True
Fractal Design North,2799.8,ATX Mid Tower,ATX,Black,,False,Tempered Glass,45.1,2,True
HYTE Y70 Touch Infinite,8799.0,ATX Mid Tower,ATX,White,,False,Tempered Glass,70.7,2,True
Fractal Design North XL,3599.8,ATX Full Tower,ATX,Black,,False,Tinted Tempered Glass,61.4,2,True
Lian Li O11 VISION COMPACT,2499.79,ATX Mid Tower,ATX,Black,,False,Tempered Glass,57.4,2,True
NZXT H5 Flow (2024),1199.8,ATX Mid Tower,ATX,White,,False,Tempered Glass,45.0,1,True
Lian Li A3-mATX,1799.8,MicroATX Mini Tower,Micro ATX,Black / Brown,,False,Mesh,26.3,1,True
Phanteks XT PRO ULTRA,1619.6,ATX Mid Tower,ATX,Black,,False,Tempered Glass,51.8,2,True
NZXT H9 Flow (2023),1999.8,ATX Mid Tower,ATX,White,,False,Tempered Glass,66.9,2,True
Montech XR,1597.8,ATX Mid Tower,ATX,White,,False,Tempered Glass,45.0,2,True
Lian Li O11D EVO RGB,3199.8,ATX Mid Tower,ATX,Black,,False,Tempered Glass,65.3,4,True
NZXT H6 Flow,2199.4,ATX Mid Tower,ATX,Black,,False,Tempered Glass,51.8,1,True
Montech AIR 903 BASE,1299.6,ATX Mid Tower,ATX,Black,,False,Tempered Glass,54.2,2,True
HYTE Y70 Touch Infinite,11288.0,ATX Mid Tower,ATX,Black,,False,Tempered Glass,70.7,2,True
NZXT H6 Flow,1799.4,ATX Mid Tower,ATX,White,,False,Tempered Glass,51.8,1,True
Corsair FRAME 4000D RS ARGB,2099.79,ATX Mid Tower,ATX,Black,,False,Tempered Glass,56.7,2,True
NZXT H3 Flow,1399.6,MicroATX Mid Tower,Micro ATX,Black,,False,Tinted Tempered Glass,35.0,1,True
Fractal Design Terra,3599.8,Mini ITX Desktop,Mini ITX,Black / Brown,,False,Mesh,11.4,0,True
Antec C5 ARGB,2299.79,ATX Mid Tower,ATX,Black,,False,Tempered Glass,,1,True
Fractal Design Pop XL Air,2399.4,ATX Full Tower,ATX,Black,,False,Tempered Glass,62.4,3,True
Lian Li LANCOOL 217,2550.0,ATX Mid Tower,ATX,Black / Brown,,False,Tempered Glass,57.7,1,True
Lian Li O11 Dynamic EVO XL,5099.59,ATX Full Tower,ATX,Black,,False,Tempered Glass,84.4,4,True
Montech KING 95 PRO,2979.6,ATX Mid Tower,ATX,Black,,False,Tempered Glass,63.0,5,True
Fractal Design Meshify C,2199.79,ATX Mid Tower,ATX,Black,,False,Tinted Tempered Glass,40.6,2,True
Cooler Master MasterBox NR200,1345.8,Mini ITX Desktop,Mini ITX,Black,,False,Solid,20.3,2,True
Okinos Aqua 3,1299.6,MicroATX Mini Tower,Micro ATX,Black,,False,Tempered Glass,28.8,2,True
Lian Li LANCOOL 216 RGB,2059.4,ATX Mid Tower,ATX,Black,,False,Tempered Glass,55.6,2,True
HYTE Y70,4399.8,ATX Mid Tower,ATX,White,,False,Tempered Glass,70.7,2,True
Fractal Design Pop Air,1599.8,ATX Mid Tower,ATX,Black,,False,Tempered Glass,46.2,2,True
NZXT H7 Flow (2024),2599.8,ATX Mid Tower,ATX,Black,,False,Tempered Glass,62.1,2,True
MUSETEX Y6,1709.6,ATX Mid Tower,ATX,White,,False,Tempered Glass,40.9,2,True
Corsair 3000D AIRFLOW,1899.8,ATX Mid Tower,ATX,Black,,False,Tempered Glass,49.5,2,True
Lian Li O11 Vision,2859.8,ATX Mid Tower,ATX,Black,,False,Tempered Glass,67.8,2,True
Fractal Design North,2799.8,ATX Mid Tower,ATX,Black,,False,Mesh,45.1,2,True
HYTE Y70,4399.8,ATX Mid Tower,ATX,Black,,False,Tempered Glass,70.7,2,True
Lian Li O11D EVO RGB,3199.8,ATX Mid Tower,ATX,White,,False,Tempered Glass,65.3,4,True
Montech X3 Mesh,1099.8,ATX Mid Tower,ATX,Black,,False,Tempered Glass,,2,True
Cooler Master Elite 301 Lite,1298.8,MicroATX Mini Tower,Micro ATX,Black,,False,Tempered Glass,34.1,1,True
Fractal Design Terra,3599.8,Mini ITX Desktop,Mini ITX,Green / Brown,,False,Mesh,11.4,0,True
Corsair FRAME 4000D,2099.79,ATX Mid Tower,ATX,Black,,False,Tempered Glass,56.7,2,True
NZXT H6 Flow RGB,2599.4,ATX Mid Tower,ATX,White,,False,Tempered Glass,51.8,1,True
Asus Prime AP201,1799.4,MicroATX Mini Tower,Micro ATX,Black,,False,Mesh,33.0,3,True
Montech XR Wood,1598.0,ATX Mid Tower,ATX,Black / Brown,,False,Tempered Glass,49.8,2,True
Deepcool CH160,,Mini ITX Desktop,Mini ITX,Black,,False,Tempered Glass,19.1,1,False
Montech X5M,1120.0,MicroATX Mini Tower,Micro ATX,Black,,False,Tempered Glass,45.3,2,True
Lian Li A3-mATX,1799.8,MicroATX Mini Tower,Micro ATX,White / Brown,,False,Tempered Glass,26.3,1,True
Antec C8,1999.8,ATX Full Tower,ATX,Black,,False,Tempered Glass,66.9,2,True
Thermaltake Versa H18,2370.0,MicroATX Mini Tower,Micro ATX,Black,,False,Acrylic,30.4,2,True
Silverstone ALTA F2,21245.4,ATX Full Tower,ATX,Black,,False,Tempered Glass,98.9,8,True
NZXT H6 Flow RGB,2699.4,ATX Mid Tower,ATX,Black,,False,Tempered Glass,51.8,1,True
Corsair 5000D AIRFLOW,3499.8,ATX Mid Tower,ATX,Black,,False,Tempered Glass,66.2,2,True
Fractal Design Ridge PCIe 4.0,2599.8,Mini ITX Tower,Mini ITX,Black,,False,Mesh,16.3,0,True
Corsair 3500X,1999.8,ATX Mid Tower,ATX,Black,,False,Tempered Glass,55.9,2,True
NZXT H9 Elite,3399.4,ATX Mid Tower,ATX,White,,False,Tempered Glass,66.9,2,True
Zalman T3 PLUS,790.0,MicroATX Mid Tower,Micro ATX,Black,,False,Tempered Glass,30.9,1,True
Antec FLUX PRO,3299.8,ATX Full Tower,ATX,Black / Brown,,False,Tempered Glass,70.8,4,True
Cooler Master Elite 301,999.8,MicroATX Mid Tower,Micro ATX,Black,,False,Tempered Glass,34.1,1,True
Lian Li O11 Dynamic EVO XL,4999.8,ATX Full Tower,ATX,White,,False,Tempered Glass,84.4,4,True
Jonsbo Jonsplus Z20,1980.0,MicroATX Desktop,Micro ATX,Black,,False,Tempered Glass,25.3,1,True
Fractal Design Pop Mini Air,1999.8,MicroATX Mid Tower,Micro ATX,Black,,False,Tempered Glass,36.5,2,True
Azza Fighter,1199.8,ATX Mid Tower,ATX,Black,,False,Tempered Glass,34.2,2,True
Fractal Design North XL,3899.4,ATX Full Tower,ATX,Black,,False,Mesh,61.4,2,True
Corsair 4000D Airflow,2071.8,ATX Mid Tower,ATX,White,,False,Tinted Tempered Glass,48.6,2,True
MSI MAG FORGE 321R AIRFLOW,1799.8,ATX Mid Tower,ATX,Black,,False,Tempered Glass,49.4,2,True
Jonsbo D32 PRO,1439.8,MicroATX Desktop,Micro ATX,Black,,False,Tempered Glass,25.7,2,True
Lian Li A4-H20 X4,3099.8,Mini ITX Desktop,Mini ITX,Black,,False,Mesh,11.1,0,True
Lian Li O11 Vision,2779.4,ATX Mid Tower,ATX,White,,False,Tempered Glass,67.8,2,True
Fractal Design North,2799.8,ATX Mid Tower,ATX,White,,False,Tempered Glass,45.1,2,True
Antec C5 ARGB,2099.79,ATX Mid Tower,ATX,White,,False,Tempered Glass,,1,True
Okinos Cypress 3,1299.6,MicroATX Mini Tower,Micro ATX,Black / Brown,,False,Tempered Glass,,2,True
Fractal Design Focus G,1199.8,ATX Mid Tower,ATX,Black,,False,Acrylic,42.2,2,True
Thermaltake View 170 ARGB,1259.8,MicroATX Mini Tower,Micro ATX,Black,,False,Tempered Glass,35.0,1,True
NZXT H5 Flow RGB (2024),2399.79,ATX Mid Tower,ATX,Black,,False,Tempered Glass,45.0,1,True
Fractal Design Terra,3599.8,Mini ITX Desktop,Mini ITX,Silver / Brown,,False,Mesh,11.4,0,True
NZXT H9 Flow RGB+ (2025),5799.8,ATX Mid Tower,ATX,Black,,False,Tinted Tempered Glass,76.7,2,True
Lian Li Lancool 207,1799.8,ATX Mid Tower,ATX,White,,False,Tempered Glass,45.5,2,True
NZXT H9 Elite,4239.8,ATX Mid Tower,ATX,Black,,False,Tempered Glass,66.9,2,True
Corsair 7000D AIRFLOW,5799.8,ATX Full Tower,ATX,Black,,False,Tempered Glass,81.8,6,True
Lian Li ODYSSEY X,29361.0,ATX Full Tower,ATX,Black,,False,Tempered Glass,,3,True
Lian Li LANCOOL 216,2239.4,ATX Mid Tower,ATX,Black,,False,Tempered Glass,55.6,2,True
Thermaltake View 270 Plus TG ARGB,1579.8,ATX Mid Tower,ATX,Black,,False,Tempered Glass,47.6,2,True
Antec FLUX,2099.79,ATX Mid Tower,ATX,Black / Brown,,False,Tempered Glass,58.1,2,True
Lian Li A3-mATX,1459.6,MicroATX Mini Tower,Micro ATX,White,,False,Mesh,26.3,1,True
Cooler Master MasterBox NR200P V2,2199.79,Mini ITX Desktop,Mini ITX,Black,,False,Mesh,20.1,1,True
Montech KING 95 PRO,2780.0,ATX Mid Tower,ATX,White,,False,Tempered Glass,63.0,5,True
Corsair 9000D RGB AIRFLOW,10399.79,ATX Full Tower,ATX,Black,,False,Tempered Glass,149.6,5,True
Thermaltake V100 Perforated,999.8,ATX Mid Tower,ATX,Black,,False,Solid,36.6,2,True
Mars Gaming MC-S2,1586.8,ATX Mid Tower,ATX,White,,False,Acrylic,19.5,1,True
Corsair FRAME 4000D RS,1899.8,ATX Mid Tower,ATX,Black,,False,Tempered Glass,56.7,2,True
Fractal Design Focus 2,1499.8,ATX Mid Tower,ATX,Black,,False,Solid,45.8,2,True
Asus ROG Strix Helios,4699.39,ATX Full Tower,ATX,Black,,False,Tempered Glass,83.5,2,True
Deepcool CH260,,MicroATX Desktop,Micro ATX,Black,,False,Tempered Glass,30.8,1,False
Fractal Design Pop Air RGB,1999.8,ATX Mid Tower,ATX,Black,,False,Tempered Glass,46.2,2,True
Zalman CUBIX,759.8,MicroATX Mini Tower,Micro ATX,Black,,False,Solid,,1,True
Deepcool CG530 4F,,ATX Mid Tower,ATX,Black,,False,Tinted Acrylic,50.0,2,False
NZXT H9 Flow (2025),3299.8,ATX Mid Tower,ATX,Black,,False,Tinted Tempered Glass,76.7,2,True
Montech KING 65 PRO,1899.8,ATX Mid Tower,ATX,Black,,False,Tempered Glass,63.0,2,True
Deepcool CC560 V2,,ATX Mid Tower,ATX,Black,,False,Tempered Glass,44.9,2,False
Fractal Design Define R5,2499.79,ATX Mid Tower,ATX,Black,,False,Solid,54.2,8,True
NZXT H510,,ATX Mid Tower,ATX,Black,,False,Tempered Glass,41.3,2,False
Lian Li Vector V100R,,ATX Mid Tower,ATX,Black,,False,Tempered Glass,53.2,1,False
Cooler Master MasterBox Q300L,739.8,MicroATX Mini Tower,Micro ATX,White,,False,Acrylic,33.6,1,True
NZXT H9 Flow RGB+ (2025),5799.8,ATX Mid Tower,ATX,White,,False,Tempered Glass,76.7,2,True
Cooler Master Q300L V2,1119.59,MicroATX Mini Tower,Micro ATX,Black,,False,Tempered Glass,34.1,1,True
Antec C8 Wood,2399.79,ATX Full Tower,ATX,Black / Brown,,False,Tempered Glass,66.9,2,True
Lian Li O11 Dynamic Mini,4580.0,ATX Mid Tower,ATX,Black,,False,Tempered Glass,43.0,2,True
Montech AIR 100 ARGB,1399.6,MicroATX Mid Tower,Micro ATX,White,,False,Tempered Glass,36.1,2,True
HYTE Y60,3599.8,ATX Mid Tower,ATX,Black,,False,Tempered Glass,60.0,2,True
MUSETEX K2,1499.6,ATX Mid Tower,ATX,Black,,False,Tempered Glass,44.4,2,True
Fractal Design Ridge PCIe 4.0,2859.4,Mini ITX Tower,Mini ITX,White,,False,Mesh,16.3,0,True
HYTE Y70 Touch Infinite,7999.8,ATX Mid Tower,ATX,White / Black,,False,Tempered Glass,70.7,2,True
Zalman S2,999.59,ATX Mid Tower,ATX,Black,,False,Acrylic,38.4,2,True
Fractal Design North XL,3599.8,ATX Full Tower,ATX,White,,False,Tempered Glass,61.4,2,True
Zalman T8,859.0,ATX Mid Tower,ATX,Black,,False,Solid,33.4,2,True
Jonsbo C6-ITX,1240.0,Mini ITX Desktop,Mini ITX,Black,,False,Mesh,15.9,1,True
Lian Li A4-H20 A4,3099.8,Mini ITX Desktop,Mini ITX,Silver / Black,,False,Mesh,11.1,0,True
MSI MAG FORGE M100R,,MicroATX Mini Tower,Micro ATX,Black,,False,Tempered Glass,32.8,2,False
NZXT H510,,ATX Mid Tower,ATX,White,,False,Tempered Glass,41.3,2,False
Deepcool CH370,,MicroATX Mid Tower,Micro ATX,Black,,False,Tempered Glass,38.3,2,False
GameMax Nova N5,1019.8,ATX Mid Tower,ATX,Black,,False,Tempered Glass,37.6,2,True
Lian Li LANCOOL III RGB,3599.8,ATX Mid Tower,ATX,Black,,False,Tempered Glass,65.5,4,True
SAMA SV01,1599.8,ATX Mid Tower,ATX,Black,,False,Tempered Glass,43.5,2,True
be quiet! Pure Base 500DX,2198.0,ATX Mid Tower,ATX,Black,,False,Tempered Glass,48.3,2,True
NZXT H3 Flow,1399.6,MicroATX Mid Tower,Micro ATX,White,,False,Tempered Glass,35.0,1,True
NZXT H5 Flow RGB (2024),1799.8,ATX Mid Tower,ATX,White,,False,Tempered Glass,45.0,1,True
Fractal Design Torrent,4099.8,ATX Mid Tower,ATX,Black,,False,Tinted Tempered Glass,69.8,2,True
Montech AIR 100 LITE,1599.6,MicroATX Mid Tower,Micro ATX,Black,,False,Tempered Glass,36.1,2,True
Lian Li PC-O11 Dynamic,,ATX Full Tower,ATX,Black,,False,Tempered Glass,54.0,3,False
Lian Li A3-mATX,1799.8,MicroATX Mini Tower,Micro ATX,Black / Brown,,False,Tempered Glass,26.3,1,True
Thermaltake Versa H16 ARGB,1099.8,MicroATX Mini Tower,Micro ATX,Black,,False,Tempered Glass,33.0,2,True
Lian Li O11 Dynamic Mini Snow Edition,,ATX Mid Tower,ATX,White,,False,Tempered Glass,43.0,2,False
GameMax Vista M,1078.0,MicroATX Mini Tower,Micro ATX,Black,,False,Tempered Glass,40.9,2,True
Phanteks Eclipse G370A,1139.59,ATX Mid Tower,ATX,Black,,False,Tempered Glass,48.7,0,True
Thermaltake View 170 ARGB,1359.8,MicroATX Mini Tower,Micro ATX,White,,False,Tempered Glass,35.0,1,True
Montech AIR 903 BASE,1380.0,ATX Mid Tower,ATX,White,,False,Tempered Glass,54.2,2,True
MSI MAG PANO 100R PZ,3199.8,ATX Mid Tower,ATX,Black,,False,Tempered Glass,72.5,2,True
GAMDIAS TALOS E3 MESH,1199.8,ATX Mid Tower,ATX,Black,,False,Tempered Glass,34.1,2,True
Antec NX200M,1859.4,MicroATX Mid Tower,Micro ATX,Black,,False,Tempered Glass,,2,True
MSI MAG FORGE 320R AIRFLOW,,ATX Mid Tower,ATX,Black,,False,Tempered Glass,49.4,2,False
Fractal Design Meshify 2,3299.8,ATX Mid Tower,ATX,Black,,False,Solid,61.7,6,True
Fractal Design Node 804,2699.8,MicroATX Mid Tower,Micro ATX,Black,,False,Acrylic,41.1,10,True
Phanteks NV5 MKII,2419.6,ATX Mid Tower,ATX,Black,,False,Tempered Glass,60.2,3,True
Phanteks EVOLV X2,3499.6,ATX Mid Tower,ATX,Black,,False,Tempered Glass,60.9,2,True
NZXT H7 Flow RGB (2024),2999.8,ATX Mid Tower,ATX,Black,,False,Tempered Glass,62.1,2,True
Cooler Master MasterBox NR200,1799.8,Mini ITX Desktop,Mini ITX,White / Black,,False,Solid,20.3,2,True
HYTE Y40,2599.8,ATX Mid Tower,ATX,Black,,False,Tempered Glass,49.7,1,True
Montech X5,1500.0,ATX Mid Tower,ATX,Black,,False,Tempered Glass,51.6,2,True
HAVN HS420,4599.8,ATX Mid Tower,ATX,Black,,False,Tempered Glass,76.8,5,True
Thermaltake Versa H18,1099.8,MicroATX Mini Tower,Micro ATX,Black,,False,Tempered Glass,30.4,2,True
Corsair iCUE 4000X RGB,2899.8,ATX Mid Tower,ATX,Black,,False,Tempered Glass,48.6,2,True
Fractal Design Meshify 3,3099.8,ATX Mid Tower,ATX,Black,,False,Tinted Tempered Glass,50.3,2,True
Fractal Design North,3099.4,ATX Mid Tower,ATX,White,,False,Mesh,45.1,2,True
Thermaltake Core V1,1073.59,Mini ITX Desktop,Mini ITX,Black,,False,Solid,22.4,2,True
HYTE Y60 Snow White,3599.8,ATX Mid Tower,ATX,White,,False,Tempered Glass,60.0,2,True
Fractal Design Node 304,2199.79,Mini ITX Tower,Mini ITX,Black / White,,False,Solid,19.5,6,True
Cooler Master MasterBox TD500 Mesh V2,2157.8,ATX Mid Tower,ATX,,,False,Tempered Glass,52.4,2,True
Lian Li Lancool 207 Digital,2099.79,ATX Mid Tower,ATX,Black,,False,Tempered Glass,45.5,2,True
Corsair 6500X,3999.8,ATX Mid Tower,ATX,Black,,False,Tempered Glass,78.3,2,True
Deepcool MATREXX 40 3FS,,MicroATX Mini Tower,Micro ATX,Black,,False,Tempered Glass,,2,False
Lian Li O11 Dynamic EVO,,ATX Mid Tower,ATX,Black,,False,Tinted Tempered Glass,60.8,6,False
MSI MAG PANO 100R PZ,3199.8,ATX Mid Tower,ATX,White,,False,Tempered Glass,72.5,2,True
Montech X5M,1120.0,MicroATX Mini Tower,Micro ATX,White,,False,Tempered Glass,45.3,2,True
Fractal Design Pop Mini Air,1999.8,MicroATX Mid Tower,Micro ATX,White,,False,Tempered Glass,36.5,2,True
MSI MAG FORGE 120A AIRFLOW,,ATX Mid Tower,ATX,Black,,False,Tempered Glass,43.0,3,False
DIYPC DIY-S07,879.4,ATX Mid Tower,ATX,Black,,False,Acrylic,27.5,2,True
Thermaltake Versa H17,999.8,MicroATX Mini Tower,Micro ATX,Black,,False,Solid,30.4,2,True
Jonsbo TK-0,2599.8,Mini ITX Desktop,Mini ITX,Black,,False,Tempered Glass,16.4,1,True
Aerocool CS-107 RGB,,MicroATX Mini Tower,Micro ATX,Black,,False,Tempered Glass,23.7,1,False
Deepcool CH370,,MicroATX Mid Tower,Micro ATX,White,,False,Tempered Glass,38.3,2,False
Thermaltake Versa H21,959.8,ATX Mid Tower,ATX,Black,,False,Solid,42.8,3,True
Corsair 2500X,2902.6,MicroATX Mini Tower,Micro ATX,Black,,False,Tempered Glass,54.8,2,True
Thermaltake View 270 Plus TG ARGB,1799.8,ATX Mid Tower,ATX,White,,False,Tempered Glass,47.6,2,True
Lian Li PC-O11 Dynamic,,ATX Full Tower,ATX,White,,False,Tempered Glass,54.0,3,False
HYTE Y70,4399.8,ATX Mid Tower,ATX,Pink,,False,Tempered Glass,70.7,2,True
Antec AX20,1966.4,ATX Mid Tower,ATX,Black,,False,Tempered Glass,33.4,2,True
Deepcool CH160,,Mini ITX Desktop,Mini ITX,White,,False,Tempered Glass,19.1,1,False
Montech AIR 903 MAX,1799.8,ATX Mid Tower,ATX,White,,False,Tempered Glass,54.2,2,True
Fractal Design Define 7,3899.8,ATX Mid Tower,ATX,Black,,False,Solid,62.4,6,True
Aerocool Bolt Mini Glass,,MicroATX Mini Tower,Micro ATX,Black,,False,Tempered Glass,,2,False
MSI MAG FORGE 100R,3140.4,ATX Mid Tower,ATX,Black,,False,Tempered Glass,,2,True
NZXT H7 Flow (2024),2199.79,ATX Mid Tower,ATX,White,,False,Tempered Glass,62.1,2,True
FormD T1 V2.1 CNC Anodized,,Mini ITX Desktop,Mini ITX,Black,,False,Mesh,,0,False
Fractal Design Meshify 2 XL,4399.8,ATX Full Tower,ATX,Black,,False,Tinted Tempered Glass,81.5,6,True
Corsair 3500X,1799.8,ATX Mid Tower,ATX,White,,False,Tempered Glass,55.9,2,True
Corsair FRAME 4000D RS ARGB,2499.79,ATX Mid Tower,ATX,White,,False,Tempered Glass,56.7,2,True
MSI MAG FORGE 112R,1799.8,ATX Mid Tower,ATX,Black,,False,Tempered Glass,42.5,2,True
Lian Li O11 Vision Chrome,3280.0,ATX Mid Tower,ATX,Black,,False,Tinted Tempered Glass,67.8,2,True
HAVN HS420 VGPU,5999.8,ATX Mid Tower,ATX,Black,,False,Tempered Glass,76.8,5,True
Corsair iCUE 4000X RGB,1739.8,ATX Mid Tower,ATX,White,,False,Tempered Glass,48.6,2,True
Asus Prime AP201,1599.6,MicroATX Mini Tower,Micro ATX,White,,False,Mesh,33.0,3,True
Lian Li ODYSSEY X,29737.6,ATX Full Tower,ATX,Silver / Black,,False,Tempered Glass,,3,True
Lian Li Vector V100R,1880.0,ATX Mid Tower,ATX,White,,False,Tempered Glass,53.2,1,True
Thermaltake The Tower 300,1999.8,MicroATX Mini Tower,Micro ATX,Black,,False,Tempered Glass,53.0,3,True
Asus TUF Gaming GT502,3599.4,ATX Mid Tower,ATX,Black,,False,Tempered Glass,57.2,4,True
Thermaltake The Tower 600,3399.8,ATX Mid Tower,ATX,Black,,False,Tempered Glass,66.2,1,True
Jonsbo D32 STD,,MicroATX Desktop,Micro ATX,Black,,False,Tempered Glass,25.7,1,False
Corsair iCUE LINK 3500X RGB,3199.8,ATX Mid Tower,ATX,Black,,False,Tempered Glass,55.9,2,True
Corsair 3000D RGB AIRFLOW,2499.79,ATX Mid Tower,ATX,Black,,False,Tempered Glass,49.5,2,True
Cooler Master N400,1299.8,ATX Mid Tower,ATX,Black,,False,Solid,40.2,7,True
Asus Prime AP201,1679.8,MicroATX Mini Tower,Micro ATX,Black,,False,Tempered Glass,33.0,3,True
Lian Li LANCOOL 216 RGB,2119.4,ATX Mid Tower,ATX,White,,False,Tempered Glass,55.6,2,True
NZXT H9 Flow (2025),3199.8,ATX Mid Tower,ATX,White,,False,Tempered Glass,76.7,2,True
Fractal Design Define 7 XL,4499.8,ATX Full Tower,ATX,Black,,False,Solid,82.0,6,True
be quiet! Pure Base 501 Airflow,2139.79,ATX Mid Tower,ATX,Black,,False,Solid,48.1,2,True
Cooler Master N200,1199.8,MicroATX Mini Tower,Micro ATX,Black,,False,Solid,33.8,2,True
Fractal Design Pop Air,1699.8,ATX Mid Tower,ATX,Black,,False,Solid,46.2,2,True
BGears b-Vortex-RGB,979.8,ATX Mid Tower,ATX,Black,,False,Tempered Glass,38.3,2,True
Lian Li LANCOOL 205M MESH,1799.8,MicroATX Mini Tower,Micro ATX,Black,,False,Tempered Glass,33.8,2,True
Jonsbo N4,2399.79,MicroATX Desktop,Micro ATX,Black / Brown,,False,Mesh,19.6,6,True
be quiet! Light Base 600 LX,3598.0,ATX Mid Tower,ATX,Black,,False,Tempered Glass,59.7,1,True
BGears b-Pellucid,1099.8,MicroATX Mini Tower,Micro ATX,Black,,False,Tinted Tempered Glass,36.6,1,True
Vetroo AL900,1699.8,ATX Mid Tower,ATX,Pink,,False,Tempered Glass,48.1,0,True
Deepcool MATREXX 30,,MicroATX Mini Tower,Micro ATX,Black,,False,Tempered Glass,29.6,3,False
Lian Li O11 Dynamic EVO,,ATX Mid Tower,ATX,White / Gray,,False,Tempered Glass,60.8,6,False
Aerocool P500C,,ATX Mid Tower,ATX,Black,,False,Mesh,54.0,2,False
Phanteks XT PRO ULTRA,1639.6,ATX Mid Tower,ATX,White,,False,Tempered Glass,51.8,2,True
Deepcool CG530 4F,,ATX Mid Tower,ATX,White,,False,Tinted Acrylic,50.0,2,False
Phanteks Eclipse G400A,,ATX Mid Tower,ATX,Black,,False,Tempered Glass,59.4,2,False
Thermaltake View 380 ARGB,2079.79,ATX Mid Tower,ATX,Black,,False,Tinted Tempered Glass,51.6,1,True
Fractal Design Pop XL Silent,2199.79,ATX Full Tower,ATX,Black,,False,Solid,62.4,3,True
HYTE Y70 Touch Infinite,8399.79,ATX Mid Tower,ATX,Red / Black,,False,Tempered Glass,70.7,2,True
Corsair iCUE 7000X RGB,7199.8,ATX Full Tower,ATX,Black,,False,Tempered Glass,81.8,6,True
SAMA SV01,1599.8,ATX Mid Tower,ATX,White,,False,Tempered Glass,43.5,2,True
PC Cooler I100 PRO MESH,2033.8,Mini ITX Desktop,Mini ITX,Gray,,False,Mesh,7.5,1,True
Montech X3 Mesh,1399.6,ATX Mid Tower,ATX,White,,False,Tempered Glass,,2,True
Cooler Master MasterBox NR200P V2,2099.79,Mini ITX Desktop,Mini ITX,White,,False,Mesh,20.1,1,True
Lian Li LANCOOL 217,2499.79,ATX Mid Tower,ATX,White / Brown,,False,Tempered Glass,57.7,1,True
Antec C3 ARGB,1943.8,ATX Mid Tower,ATX,Black,,False,Tempered Glass,47.9,1,True
Thermaltake Versa H16 ARGB,999.8,MicroATX Mini Tower,Micro ATX,White,,False,Tempered Glass,33.0,2,True
Deepcool CC360 ARGB,,MicroATX Mini Tower,Micro ATX,Black,,False,Tinted Tempered Glass,38.7,2,False
NZXT H5 Flow RGB (2023),1199.8,ATX Mid Tower,ATX,Black,,False,Tempered Glass,47.0,1,True
Lian Li O11 Air Mini,,ATX Mid Tower,ATX,Black,,False,Tempered Glass,44.2,4,False
Fractal Design Focus 2,1559.6,ATX Mid Tower,ATX,Black,,False,Tempered Glass,45.8,2,True
Asus A31,1499.6,ATX Mid Tower,ATX,Black,,False,Tempered Glass,52.9,2,True
Corsair iCUE 5000D RGB AIRFLOW,4099.8,ATX Mid Tower,ATX,Black,,False,Tempered Glass,66.2,2,True
Antec C8 Curve Wood,3059.8,ATX Mid Tower,ATX,Black / Brown,,False,Tempered Glass,66.9,1,True
Jonsbo NV10,,Mini ITX Desktop,Mini ITX,Black / Brown,,False,Mesh,4.5,0,False
Jonsbo C6 MAX,1599.8,MicroATX Desktop,Micro ATX,Black,,False,Tempered Glass,20.8,1,True
Zalman S3,999.8,ATX Mid Tower,ATX,Black,,False,Acrylic,38.4,2,True
Phanteks XT View,1999.6,ATX Mid Tower,ATX,Black,,False,Tempered Glass,50.6,2,True
Cooler Master QUBE 500 Flatpack,1599.6,ATX Mid Tower,ATX,Black,,False,Tempered Glass,38.9,4,True
Lian Li Vector V100,,ATX Mid Tower,ATX,Black,,False,Tempered Glass,53.2,1,False
Thermaltake TR100,2999.8,Mini ITX Desktop,Mini ITX,Black,,False,Mesh,20.6,0,True
Montech SKY TWO,1999.8,ATX Mid Tower,ATX,Black,,False,Tempered Glass,45.3,2,True
BitFenix Nova Mesh SE,1398.0,ATX Mid Tower,ATX,Black,,False,Tempered Glass,36.1,2,True
Corsair iCUE LINK 3500X RGB,3199.8,ATX Mid Tower,ATX,White,,False,Tempered Glass,55.9,2,True
MSI MPG GUNGNIR 110R,2199.4,ATX Mid Tower,ATX,Black,,False,Tempered Glass,,2,True
KOLINK Stronghold Prime,,ATX Mid Tower,ATX,Black,,False,Tempered Glass,50.8,2,False
DIYPC DIY-CUBE01,1179.59,MicroATX Mini Tower,Micro ATX,White,,False,Tempered Glass,40.0,0,True
Phanteks Enthoo Pro Tempered Glass,2879.6,ATX Full Tower,ATX,Black,,False,Tinted Tempered Glass,69.1,6,True
MSI MAG PANO M100R PZ,2599.8,MicroATX Mid Tower,Micro ATX,White,,False,Tempered Glass,41.9,1,True
Cooler Master MasterBox NR200P,,Mini ITX Desktop,Mini ITX,Black,,False,Tempered Glass,20.3,2,False
Jonsbo D31 MESH,1759.8,MicroATX Mini Tower,Micro ATX,Black,,False,Tempered Glass,31.3,1,True
Montech XR Wood,1358.0,ATX Mid Tower,ATX,White / Brown,,False,Tempered Glass,49.8,2,True
Asus ProArt PA602,5519.8,ATX Mid Tower,ATX,Black,,False,Tempered Glass,81.4,4,True
GAMDIAS ATHENA M3,1499.6,ATX Mid Tower,ATX,Black,,False,Tempered Glass,45.1,2,True
Corsair Obsidian Series 1000D,,ATX Full Tower,ATX,Black,,False,Tempered Glass,149.1,5,False
Asus A21,1159.8,MicroATX Mini Tower,Micro ATX,Black,,False,Tempered Glass,44.0,2,True
Fractal Design North XL,3899.8,ATX Full Tower,ATX,White,,False,Mesh,61.4,2,True
Corsair 6500X,3999.8,ATX Mid Tower,ATX,White,,False,Tempered Glass,78.3,2,True
Jonsbo N5,5099.8,ATX Full Tower,ATX,Black / Brown,,False,Mesh,50.1,12,True
Phanteks EVOLV X2,4399.59,ATX Mid Tower,ATX,White,,False,Tempered Glass,60.9,2,True
NZXT H5 Flow (2022),,ATX Mid Tower,ATX,Black,,False,Tempered Glass,47.0,1,False
Corsair 2500X,2887.6,MicroATX Mini Tower,Micro ATX,White,,False,Tempered Glass,54.8,2,True
Aerocool Prism V2 RGB,1199.8,ATX Mid Tower,ATX,Black,,False,Tempered Glass,41.7,2,True
SSUPD Meshroom D,1999.8,Mini ITX Desktop,Mini ITX,Black,,False,Mesh,15.0,3,True
Okinos Aqua 3,1359.6,MicroATX Mini Tower,Micro ATX,White,,False,Tempered Glass,28.8,2,True
SAMA ARGB-Q5,1279.8,MicroATX Mini Tower,Micro ATX,White,,False,Tempered Glass,31.5,2,True
Antec NX410,1099.8,ATX Mid Tower,ATX,White,,False,Tempered Glass,39.7,2,True
Antec C8,2399.79,ATX Full Tower,ATX,White / Silver,,False,Tempered Glass,66.9,2,True
Fractal Design Pop Mini Silent,1699.8,MicroATX Mid Tower,Micro ATX,Black,,False,Solid,36.5,2,True
Lian Li Q58 (PCIe 4.0),1899.8,Mini ITX Desktop,Mini ITX,White,,False,Tempered Glass,14.5,0,True
Thermaltake Core V21,,MicroATX Mini Tower,Micro ATX,Black,,False,Acrylic,45.6,3,False
HYTE Y70,4399.8,ATX Mid Tower,ATX,White / Black,,False,Tempered Glass,70.7,2,True
Corsair iCUE 4000D RGB AIRFLOW,1799.8,ATX Mid Tower,ATX,White,,False,Tempered Glass,48.6,2,True
MSI MAG PANO M100R PZ,2555.2,MicroATX Mid Tower,Micro ATX,Black,,False,Tempered Glass,41.9,1,True
Fractal Design Era 2,4259.59,Mini ITX Tower,Mini ITX,Black / Brown,,False,Mesh,19.0,0,True
ZZEW A1 Plus,2199.79,Mini ITX Tower,Mini ITX,Silver,,False,Mesh,5.8,0,True
Fractal Design Meshify 3 Ambience Pro RGB,4799.8,ATX Mid Tower,ATX,Black,,False,Tinted Tempered Glass,50.3,2,True
Jonsbo C6,1200.0,MicroATX Mini Tower,Micro ATX,Black,,False,Mesh,15.9,1,True
Deepcool MACUBE 110,,MicroATX Mini Tower,Micro ATX,Black,,False,Tempered Glass,38.8,2,False
Jonsbo N3,3099.8,Mini ITX Desktop,Mini ITX,Black,,False,Solid,18.2,0,True
be quiet! Light Base 900 FX,4998.0,ATX Full Tower,ATX,Black,,False,Tempered Glass,84.2,1,True
Thermaltake View 380 XL TG ARGB,1999.8,ATX Mid Tower,ATX,Black,,False,Tempered Glass,63.6,1,True
Cooler Master HAF 700 EVO,8999.79,ATX Full Tower,ATX,Gray / Black,,False,Tempered Glass,,12,True
darkFlash DB330M,1189.8,MicroATX Mini Tower,Micro ATX,Black,,False,Tempered Glass,29.0,1,True
Corsair 2000D AIRFLOW,2799.8,Mini ITX Tower,Mini ITX,Black,,False,Mesh,24.8,0,True
Corsair 2500D Airflow,2038.6,MicroATX Mini Tower,Micro ATX,Black,,False,Tempered Glass,54.8,2,True
Corsair 2000D AIRFLOW,2399.79,Mini ITX Tower,Mini ITX,White,,False,Mesh,24.8,0,True
be quiet! Silent Base 802,3798.0,ATX Mid Tower,ATX,Black,,False,Solid,83.8,3,True
Fractal Design Mood,3259.4,Mini ITX Tower,Mini ITX,Black,,False,Mesh,20.4,1,True
KOLINK Observatory MX Glass ARGB,,ATX Mid Tower,ATX,Black / White,,False,Tempered Glass,30.8,2,False
HYTE Y40,2599.8,ATX Mid Tower,ATX,White,,False,Tempered Glass,49.7,1,True
Antec C8,3996.0,ATX Full Tower,ATX,White,,False,Tempered Glass,66.9,2,True
Fractal Design Meshify 3,3099.8,ATX Mid Tower,ATX,Black,,False,Solid,50.3,2,True
DARKROCK Classico Storage Master,1799.8,ATX Mid Tower,ATX,Black,,False,Mesh,,10,True
Corsair iCUE 220T RGB Airflow,1699.6,ATX Mid Tower,ATX,Black,,False,Tempered Glass,37.3,2,True
HYTE Y40,2599.8,ATX Mid Tower,ATX,White / Black,,False,Tempered Glass,49.7,1,True
Zalman P30,1599.8,MicroATX Mini Tower,Micro ATX,White,,False,Tempered Glass,45.7,2,True
Corsair 9000D RGB AIRFLOW,10399.79,ATX Full Tower,ATX,White,,False,Tempered Glass,149.6,5,True
Jonsbo N10,1239.8,Mini ITX Tower,Mini ITX,Black,,False,Mesh,4.5,0,True
ENDORFY Ventum 200 Air,1280.0,ATX Mid Tower,ATX,Black,,False,Tempered Glass,35.4,1,True
HAVN HS420 VGPU,5999.8,ATX Mid Tower,ATX,White,,False,Tempered Glass,76.8,5,True
NZXT H5 Flow (2022),,ATX Mid Tower,ATX,White,,False,Tempered Glass,47.0,1,False
Jonsbo N2,2739.8,Mini ITX Desktop,Mini ITX,Black,,False,Solid,11.1,5,True
CyberPowerPC MASTERBOX NR640,,ATX Mid Tower,ATX,Black,,False,Tempered Glass,47.3,4,False
KOLINK KLA-003,,ATX Mid Tower,ATX,Black,,False,Solid,26.2,0,False
Antec AX61 ELITE,1580.6,ATX Mid Tower,ATX,Black,,False,Tempered Glass,36.4,2,True
Thermaltake TR100,2999.8,Mini ITX Desktop,Mini ITX,Green / Black,,False,Mesh,20.6,0,True
Fractal Design Core 1000 USB 3.0,999.8,MicroATX Mid Tower,Micro ATX,Black,,False,Solid,25.8,2,True
HYTE Y60,3599.8,ATX Mid Tower,ATX,White / Black,,False,Tempered Glass,60.0,2,True
Phanteks XT M3,,MicroATX Mid Tower,Micro ATX,Black,,False,Tempered Glass,40.0,1,False
MSI MAG FORGE M100A,2172.4,MicroATX Mid Tower,Micro ATX,Black,,False,Tempered Glass,32.8,2,True
HYTE Y70,4399.8,ATX Mid Tower,ATX,Purple,,False,Tempered Glass,70.7,2,True
DIYPC ARGB-N1,1439.8,MicroATX Mid Tower,Micro ATX,White,,False,Tempered Glass,44.7,2,True
Phanteks XT M3,1359.6,MicroATX Mid Tower,Micro ATX,White,,False,Tempered Glass,40.0,1,True
Fractal Design Focus 2 RGB,1799.8,ATX Mid Tower,ATX,Black,,False,Tempered Glass,45.8,2,True
SAMA 3509,1299.8,ATX Mid Tower,ATX,Black,,False,Tempered Glass,41.4,2,True
DIYPC DIY-CUBE01,,MicroATX Mini Tower,Micro ATX,Black,,False,Tempered Glass,40.0,0,False
Asus Prime AP201,1699.8,MicroATX Mini Tower,Micro ATX,White,,False,Tempered Glass,33.0,3,True
be quiet! Light Base 900 DX,4098.0,ATX Full Tower,ATX,Black,,False,Tempered Glass,84.2,1,True
DIYPC ARGB Q10,1459.8,ATX Mid Tower,ATX,Black,,False,Tempered Glass,50.4,1,True
Asus TUF Gaming GT501,3299.8,ATX Mid Tower,ATX,Black / Gray,,False,Tempered Glass,75.5,4,True
Asus TUF Gaming GT302 ARGB,3320.6,ATX Mid Tower,ATX,Black,,False,Tempered Glass,59.3,2,True
NZXT H5 Elite,3900.0,ATX Mid Tower,ATX,Black,,False,Tempered Glass,47.0,1,True
Fractal Design Pop XL Air,2399.79,ATX Full Tower,ATX,White,,False,Tempered Glass,62.4,3,True
Silverstone ALTA D1,16777.59,ATX Full Tower,ATX,Black,,False,Mesh,78.8,4,True
Corsair 6500D Airflow,3999.8,ATX Mid Tower,ATX,Black,,False,Tempered Glass,78.3,2,True
Fractal Design Meshify 3 XL Ambience Pro RGB,5499.8,ATX Full Tower,ATX,Black,,False,Tinted Tempered Glass,72.6,2,True
Fractal Design Core 1100,999.8,MicroATX Mini Tower,Micro ATX,Black,,False,Solid,25.7,2,True
Fractal Design Pop Air,1999.8,ATX Mid Tower,ATX,White,,False,Tempered Glass,46.2,2,True
Cooler Master Elite 301 Lite,1119.8,MicroATX Mini Tower,Micro ATX,White,,False,Tempered Glass,34.1,1,True
Corsair iCUE 4000D RGB AIRFLOW,2999.8,ATX Mid Tower,ATX,Black,,False,Tempered Glass,48.6,2,True
KOLINK Observatory HF Mesh ARGB,,ATX Mid Tower,ATX,Black,,False,Tempered Glass,35.0,4,False
NCASE M1,,Mini ITX Tower,Mini ITX,Black,,False,Solid,13.9,2,False
Deepcool CH260,,MicroATX Desktop,Micro ATX,White,,False,Tempered Glass,30.8,1,False
NZXT H7 Flow RGB (2024),2999.8,ATX Mid Tower,ATX,White,,False,Tempered Glass,62.1,2,True
DIYPC ARGB-R1,,ATX Mid Tower,ATX,White,,False,Tempered Glass,,0,False
Corsair iCUE LINK 6500X RGB,5399.8,ATX Mid Tower,ATX,Black,,False,Tempered Glass,78.3,2,True
SAMA IM01,,MicroATX Mini Tower,Micro ATX,Black,,False,Solid,21.9,5,False
Fractal Design Torrent,4099.8,ATX Mid Tower,ATX,Black,,False,Solid,69.8,2,True
ADATA XPG VALOR MESH,,ATX Mid Tower,ATX,Black,,False,Tempered Glass,35.8,2,False
MSI MPG GUNGNIR 300R AIRFLOW,2599.8,ATX Mid Tower,ATX,Black,,False,Tempered Glass,60.5,2,True
Fractal Design Torrent RGB,4739.8,ATX Mid Tower,ATX,Black,,False,Tinted Tempered Glass,69.8,2,True
Corsair iCUE 5000X RGB,4099.8,ATX Mid Tower,ATX,Black,,False,Tempered Glass,66.2,2,True
Asus ProArt PA602 Wood Edition,5599.8,ATX Mid Tower,ATX,Black / Brown,,False,Tempered Glass,81.4,4,True
Silverstone FLP01,,HTPC,Mini ITX,White,,False,Solid,27.1,1,False
Fractal Design Define 7 Compact,2499.79,ATX Mid Tower,ATX,Black,,False,Solid,42.5,2,True
Zalman S4,999.59,ATX Mid Tower,ATX,Black,,False,Tinted Acrylic,,2,True
Fractal Design Meshify 3 XL,3699.8,ATX Full Tower,ATX,Black,,False,Solid,72.6,2,True
Lian Li Lancool II Mesh,5900.0,ATX Mid Tower,ATX,Black,,False,Tempered Glass,54.1,3,True
NZXT H510 Elite,,ATX Mid Tower,ATX,White / Black,,False,Tempered Glass,41.3,2,False
Cooler Master NCORE 100 AIR,2799.8,Mini ITX Tower,Mini ITX,Black,,False,Mesh,16.4,0,True
Fractal Design Meshify 2 Compact TG Light Tint,2959.6,ATX Mid Tower,ATX,Black,,False,Tempered Glass,42.3,2,True
Fractal Design Mood,3299.8,Mini ITX Tower,Mini ITX,Gray,,False,Mesh,20.4,1,True
Raidmax INFINITA i802 AIR,1199.8,ATX Mid Tower,ATX,Black,,False,Tempered Glass,38.0,2,True
be quiet! Pure Base 600,1998.0,ATX Mid Tower,ATX,Black,,False,Solid,50.9,3,True
Deepcool CG580,,ATX Mid Tower,ATX,Black,,False,Tempered Glass,51.5,2,False
GAMDIAS ATLAS M1,1699.8,ATX Mid Tower,ATX,Black,,False,Tempered Glass,41.0,1,True
Lian Li O11D EVO RGB Automobili Lamborghini,5999.8,ATX Mid Tower,ATX,Black / Gold,,False,Tempered Glass,65.3,4,True
ENDORFY Ventum 200 ARGB,1440.0,ATX Mid Tower,ATX,Black,,False,Tempered Glass,35.4,1,True
Corsair 2500X Walnut,3199.8,MicroATX Mini Tower,Micro ATX,Black / Brown,,False,Tempered Glass,54.8,2,True
GameMax F46,1339.8,ATX Mid Tower,ATX,Black,,False,Tempered Glass,40.6,2,True
MUSETEX NN8,1599.6,ATX Mid Tower,ATX,Black,,False,Tempered Glass,39.5,2,True
be quiet! Dark Base Pro 901,,ATX Full Tower,ATX,Black,,False,Tempered Glass,94.5,2,False
Zalman CUBIX,759.8,MicroATX Mini Tower,Micro ATX,White,,False,Solid,,1,True
be quiet! Pure Base 500 FX,2498.6,ATX Mid Tower,ATX,Black,,False,Tempered Glass,48.3,2,True
Corsair FRAME 4000D,2099.79,ATX Mid Tower,ATX,White,,False,Tempered Glass,56.7,2,True
MSI MAG FORGE 100M,,ATX Mid Tower,ATX,Black,,False,Tempered Glass,44.1,2,False
Jonsbo Jonsplus Z20,2099.6,MicroATX Desktop,Micro ATX,White,,False,Tempered Glass,25.3,1,True
Jonsbo Jonsplus Z20,2080.0,MicroATX Desktop,Micro ATX,Orange / Black,,False,Tempered Glass,25.3,1,True
Deepcool MATREXX 50 ADD-RGB 4F,,ATX Mid Tower,ATX,Black,,False,Tempered Glass,44.5,2,False
Jonsbo D32 PRO,1619.8,MicroATX Desktop,Micro ATX,White,,False,Tempered Glass,25.7,2,True
Thermaltake AX700,7999.8,ATX Full Tower,ATX,Black,,False,Mesh,141.4,18,True
Vetroo AL800,1199.8,ATX Mid Tower,ATX,Pink,,False,Tempered Glass,46.4,2,True
Thermaltake View 380 ARGB,2299.79,ATX Mid Tower,ATX,White,,False,Tinted Tempered Glass,51.6,1,True
Deepcool MATREXX 40,,MicroATX Mini Tower,Micro ATX,Black,,False,Tempered Glass,,2,False
iBuypower Trace 7 Mesh Pro ARGB,2299.79,ATX Mid Tower,ATX,Black,,False,Tempered Glass,51.8,2,True
BitFenix TRITON,1398.0,ATX Mid Tower,ATX,Black,,False,Tempered Glass,45.1,2,True
Fractal Design Pop Silent,1699.8,ATX Mid Tower,ATX,Black,,False,Solid,46.2,2,True
Antec CX200M RGB ELITE,,MicroATX Mini Tower,Micro ATX,Black,,False,Tempered Glass,28.8,2,False
Asus TUF Gaming GT301,1859.8,ATX Mid Tower,ATX,Black,,False,Tempered Glass,43.9,2,True
HYTE REVOLT 3,2599.8,Mini ITX Tower,Mini ITX,Black,,False,Mesh,18.4,1,True
Cooler Master MasterBox TD500 Mesh V2,2199.79,ATX Mid Tower,ATX,White,,False,Tempered Glass,52.4,2,True
Fractal Design Meshify C,1999.8,ATX Mid Tower,ATX,Black,,False,Solid,40.6,2,True
Zalman i4,1199.8,ATX Mid Tower,ATX,Black,,False,Mesh,43.1,2,True
Jonsbo TK-0,,Mini ITX Desktop,Mini ITX,White,,False,Tempered Glass,16.4,1,False
HAVN HS420,4599.8,ATX Mid Tower,ATX,White,,False,Tempered Glass,76.8,5,True
Deepcool CG530,,ATX Mid Tower,ATX,Black,,False,Tinted Acrylic,50.0,2,False
Thermaltake The Tower 300,2259.79,MicroATX Mini Tower,Micro ATX,White,,False,Tempered Glass,53.0,3,True
Montech X5,1500.0,ATX Mid Tower,ATX,White,,False,Tempered Glass,51.6,2,True
Jonsbo C6 Handle,1280.0,MicroATX Mini Tower,Micro ATX,Black,,False,Mesh,15.9,1,True
Montech Heritage PRO,2198.0,MicroATX Mid Tower,Micro ATX,Black,,False,Tempered Glass,41.5,1,True
Phanteks NV5 MKII,2719.6,ATX Mid Tower,ATX,White,,False,Tempered Glass,60.2,3,True
Thermaltake View 270 Plus TG ARGB,1739.8,ATX Mid Tower,ATX,Green,,False,Tempered Glass,47.6,2,True
Phanteks Eclipse P300A Mesh,,ATX Mid Tower,ATX,Black,,False,Tempered Glass,36.4,2,False
Montech SKY TWO GX,2342.0,ATX Mid Tower,ATX,Black,,False,Tempered Glass,49.5,2,True
Thermaltake The Tower 250,2999.0,Mini ITX Tower,Mini ITX,Black,,False,Tempered Glass,42.7,1,True
SAMA ARGB-Q5,,MicroATX Mini Tower,Micro ATX,Black,,False,Tempered Glass,31.5,2,False
Zalman i3 NEO,,ATX Mid Tower,ATX,Black / Silver,,False,Tempered Glass,44.7,2,False
NZXT H9 Flow RGB (2025),4199.8,ATX Mid Tower,ATX,Black,,False,Tinted Tempered Glass,76.7,2,True
Corsair 5000D AIRFLOW,3499.8,ATX Mid Tower,ATX,White / Gray,,False,Tempered Glass,66.2,2,True
Deepcool CH270 DIGITAL,,MicroATX Mini Tower,Micro ATX,Black,,False,Tempered Glass,32.4,1,False
Montech KING 65 PRO,,ATX Mid Tower,ATX,White,,False,Tempered Glass,63.0,2,False
Deepcool CH170 DIGITAL,,Mini ITX Tower,Mini ITX,Black,,False,Mesh,19.0,1,False
Lian Li LANCOOL III,,ATX Mid Tower,ATX,Black,,False,Tempered Glass,65.5,4,False
Thermaltake The Tower 600,3799.8,ATX Mid Tower,ATX,White,,False,Tempered Glass,66.2,1,True
NZXT H5 Elite,1399.8,ATX Mid Tower,ATX,White,,False,Tempered Glass,47.0,1,True
be quiet! Light Base 600 DX,2812.4,ATX Mid Tower,ATX,Black,,False,Tempered Glass,59.7,1,True
Jonsbo T6,,Mini ITX Tower,Mini ITX,Black / Brown,,False,Solid,13.7,0,False
KOLINK Unity Lateral Performance,,ATX Mid Tower,ATX,Black,,False,Tempered Glass,53.4,2,False
Corsair 4000D Airflow,,ATX Mid Tower,ATX,Black,750.0,True,Tempered Glass,48.6,2,False
Corsair 3000D AIRFLOW,1999.8,ATX Mid Tower,ATX,White,,False,Tempered Glass,49.5,2,True
Jonsbo Jonsplus Z20,2080.0,MicroATX Desktop,Micro ATX,Pink / White,,False,Tempered Glass,25.3,1,True
Cooler Master MasterBox 600,5892.0,ATX Mid Tower,ATX,Black,,False,Tempered Glass,52.4,2,True
Phanteks XT View,1979.8,ATX Mid Tower,ATX,White,,False,Tempered Glass,50.6,2,True
Fractal Design Meshify 2,3199.8,ATX Mid Tower,ATX,Black,,False,Tinted Tempered Glass,61.7,6,True
Lian Li LANCOOL 205M MESH,1799.8,MicroATX Mini Tower,Micro ATX,White,,False,Tempered Glass,33.8,2,True
Antec Performance 1 FT,2459.79,ATX Full Tower,ATX,Black,,False,Tempered Glass,62.7,2,True
darkFlash DB330M,1399.6,MicroATX Mini Tower,Micro ATX,White,,False,Tempered Glass,29.0,1,True
Rosewill Helium NAS,1599.6,ATX Mid Tower,ATX,Black,,False,Mesh,,10,True
Asus ProArt PA401 Wood Edition,2799.8,ATX Mid Tower,ATX,Black,,False,Tempered Glass,46.6,2,True
Zalman T6,1041.59,ATX Mid Tower,ATX,Black,,False,Solid,32.4,2,True
MSI MEG MAESTRO 700L PZ,8199.79,ATX Mid Tower,ATX,Black,,False,Tempered Glass,66.8,0,True
Cougar MX330-X,1119.8,ATX Mid Tower,ATX,Black,,False,Solid,39.4,2,True
DIYPC ARGB-G5,1138.0,ATX Mid Tower,ATX,White,,False,Tempered Glass,,1,True
Rosewill FBM-X3,1799.8,MicroATX Mid Tower,Micro ATX,Black,650.0,True,Tempered Glass,37.0,2,True
Cooler Master HAF 500,1999.8,ATX Mid Tower,ATX,Black,,False,Tempered Glass,,2,True
NZXT H510i,,ATX Mid Tower,ATX,White,,False,Tempered Glass,41.3,2,False
Corsair 2000D RGB AIRFLOW,3999.8,Mini ITX Tower,Mini ITX,Black,,False,Mesh,24.8,0,True
be quiet! Pure Base 500,1598.0,ATX Mid Tower,ATX,Black,,False,Solid,46.0,2,True
Corsair Carbide Series SPEC-DELTA RGB,,ATX Mid Tower,ATX,Black,,False,Tempered Glass,41.6,2,False
Thermaltake Versa J25 RGB,,ATX Mid Tower,ATX,Black,,False,Tempered Glass,,3,False
Vetroo AL700,1379.6,ATX Mid Tower,ATX,White,,False,Tempered Glass,48.1,1,True
Corsair 2500D Airflow,2073.4,MicroATX Mini Tower,Micro ATX,White,,False,Tempered Glass,54.8,2,True
Fractal Design Meshify 3 XL,3699.8,ATX Full Tower,ATX,Black,,False,Tinted Tempered Glass,72.6,2,True
Phanteks NV5,,ATX Mid Tower,ATX,Black,,False,Tempered Glass,60.2,3,False
Antec CX600M ARGB,1614.6,MicroATX Mini Tower,Micro ATX,Black,,False,Tempered Glass,46.8,1,True
Asus TUF Gaming GT502 Horizon,3899.8,ATX Mid Tower,ATX,Black,,False,Tempered Glass,57.2,4,True
DIYPC ARGB-G5,1158.8,ATX Mid Tower,ATX,Black,,False,Tempered Glass,,1,True
NZXT H7 Flow (2022),2599.8,ATX Mid Tower,ATX,Black,,False,Tempered Glass,55.8,2,True
Lian Li PC-O11 Dynamic Razer,,ATX Full Tower,ATX,Black,,False,Tempered Glass,54.0,3,False
MSI MPG VELOX 100R,2799.8,ATX Mid Tower,ATX,Black,,False,Tempered Glass,53.7,2,True
Thermaltake View 270 Plus TG ARGB,1779.8,ATX Mid Tower,ATX,Blue,,False,Tempered Glass,47.6,2,True
Lian Li O11 Air Mini,4199.0,ATX Mid Tower,ATX,White,,False,Tempered Glass,44.2,4,True
Aerocool CS-1103,,ATX Mid Tower,ATX,Black,,False,Solid,29.9,2,False
be quiet! Silent Base 802,4106.2,ATX Mid Tower,ATX,Black,,False,Tempered Glass,83.8,3,True
ENDORFY Arx 700 ARGB,2490.0,ATX Mid Tower,ATX,Black,,False,Tempered Glass,54.2,1,True
Fractal Design Define 7 XL Dark,5099.8,ATX Full Tower,ATX,Black,,False,Tinted Tempered Glass,82.0,6,True
NZXT H5 Flow RGB (2023),2399.79,ATX Mid Tower,ATX,White,,False,Tempered Glass,47.0,1,True
Corsair FRAME 4000D RS,1899.8,ATX Mid Tower,ATX,White,,False,Tempered Glass,56.7,2,True
be quiet! Pure Base 501 Airflow,2198.0,ATX Mid Tower,ATX,Black,,False,Tempered Glass,48.1,2,True
Phanteks Enthoo Pro Closed Panel,3103.2,ATX Full Tower,ATX,Black,,False,Solid,69.1,6,True
Aerocool Cylon,,ATX Mid Tower,ATX,Black,,False,Acrylic,37.5,2,False
Antec C8 ARGB,2739.8,ATX Full Tower,ATX,Black,,False,Tempered Glass,66.9,2,True
Thermaltake Core V1,1199.8,Mini ITX Desktop,Mini ITX,White,,False,Acrylic,22.4,2,True
HYTE Y70,4399.8,ATX Mid Tower,ATX,Black / Red,,False,Tempered Glass,70.7,2,True
BitFenix CETO300,1580.0,ATX Mid Tower,ATX,Black,,False,Tempered Glass,47.9,1,True
Lian Li LANCOOL 205 Mesh C,2359.79,ATX Mid Tower,ATX,Pink,,False,Tempered Glass,41.3,2,True
Antec NX410,,ATX Mid Tower,ATX,Black,,False,Tempered Glass,39.7,2,False
Silverstone SG13,1492.2,Mini ITX Tower,Mini ITX,Black,,False,Solid,11.5,1,True
NZXT H7 Flow (2022),2599.8,ATX Mid Tower,ATX,White / Black,,False,Tempered Glass,55.8,2,True
DARKROCK EC2,,ATX Mid Tower,ATX,Black,,False,Tempered Glass,37.5,2,False
Antec CX500M RGB,,MicroATX Mini Tower,Micro ATX,Black,,False,Tempered Glass,40.8,2,False
Lian Li LANCOOL 205 Mesh C,2399.79,ATX Mid Tower,ATX,Black,,False,Tempered Glass,41.3,2,True
Thermaltake TR100,2759.8,Mini ITX Desktop,Mini ITX,White,,False,Mesh,20.6,0,True
Phanteks Eclipse G360A,,ATX Mid Tower,ATX,Black,,False,Tempered Glass,42.3,2,False
Xigmatek Master X,,ATX Mid Tower,ATX,Black,,False,Tempered Glass,,2,False
Zalman S3,1059.8,ATX Mid Tower,ATX,Black,,False,Tempered Glass,38.4,2,True
Corsair 6500X,,ATX Mid Tower,ATX,Black / Brown,,False,Tempered Glass,78.3,2,False
Fractal Design Meshify 2 Compact,,ATX Mid Tower,ATX,Black,,False,Solid,42.3,2,False
SSUPD Meshroom S V2,,MicroATX Mini Tower,Micro ATX,Black,,False,Mesh,14.9,2,False
NZXT H510 Flow,,ATX Mid Tower,ATX,Black,,False,Tempered Glass,41.3,3,False
Fractal Design Focus G Mini,1530.2,MicroATX Mini Tower,Micro ATX,Black,,False,Acrylic,36.4,2,True
Okinos Cypress 3,1299.6,MicroATX Mini Tower,Micro ATX,Black,,False,Tempered Glass,,2,True
Corsair 3000D RGB AIRFLOW,2599.8,ATX Mid Tower,ATX,White,,False,Tempered Glass,49.5,2,True
Deepcool CH560 DIGITAL,,ATX Mid Tower,ATX,Black,,False,Tempered Glass,49.6,2,False
NZXT H9 Flow RGB (2025),4199.8,ATX Mid Tower,ATX,White,,False,Tempered Glass,76.7,2,True
be quiet! Shadow Base 800 FX,4398.0,ATX Mid Tower,ATX,Black,,False,Tempered Glass,70.9,2,True
Phanteks NV7,4319.59,ATX Full Tower,ATX,Black,,False,Tempered Glass,78.9,2,True
Lian Li LANCOOL 215,,ATX Mid Tower,ATX,Black,,False,Tempered Glass,,2,False
Asus A31,1499.6,ATX Mid Tower,ATX,White,,False,Tempered Glass,52.9,2,True
GAMDIAS AURA GC1 ELITE,,ATX Mid Tower,ATX,Black,,False,Tempered Glass,34.7,2,False
Cooler Master QUBE 500 Flatpack,1619.8,ATX Mid Tower,ATX,White,,False,Tempered Glass,38.9,4,True
Thermaltake S100,1499.6,MicroATX Mini Tower,Micro ATX,Black,,False,Tempered Glass,,2,True
Fractal Design Define 7 Mini,2399.79,MicroATX Mini Tower,Micro ATX,Black,,False,Solid,33.2,2,True
Silverstone GD09 Type-C,2389.19,HTPC,Mini ITX,Black,,False,Mesh,26.5,2,True
be quiet! Light Base 600 LX,3441.0,ATX Mid Tower,ATX,White,,False,Tempered Glass,59.7,1,True
Corsair iCUE LINK 6500X RGB,5399.8,ATX Mid Tower,ATX,White,,False,Tempered Glass,78.3,2,True
Antec FLUX SE,2099.79,ATX Mid Tower,ATX,Black / Brown,,False,Tempered Glass,58.1,2,True
DIYPC ARGB-R1,,ATX Mid Tower,ATX,Black,,False,Tempered Glass,,0,False
Phanteks NV9,,ATX Full Tower,ATX,Black,,False,Tempered Glass,99.0,3,False
GAMDIAS AURA GC2 ELITE,,ATX Mid Tower,ATX,White,,False,Tempered Glass,34.7,2,False
Silverstone FARA H1M,1706.8,MicroATX Mini Tower,Micro ATX,Black,,False,Tempered Glass,30.1,2,True
BitFenix CETO300,1580.0,ATX Mid Tower,ATX,White,,False,Tempered Glass,47.9,1,True
GAMDIAS TALOS E3 MESH,1199.8,ATX Mid Tower,ATX,White,,False,Tempered Glass,34.1,2,True
Fractal Design Focus 2 RGB,1799.8,ATX Mid Tower,ATX,White / Black,,False,Tempered Glass,45.8,2,True
Jonsbo D32 PRO MESH,1499.8,MicroATX Desktop,Micro ATX,,,False,Mesh,25.7,2,True
Cooler Master MasterBox NR400 (w/ODD),1559.6,MicroATX Mid Tower,Micro ATX,Black,,False,Tempered Glass,35.5,4,True
Deepcool MACUBE 110,,MicroATX Mini Tower,Micro ATX,White,,False,Tempered Glass,38.8,2,False
Jonsbo TK-3,2497.6,ATX Mid Tower,ATX,Black,,False,Tempered Glass,52.3,2,True
Asus TUF Gaming GT502,3474.6,ATX Mid Tower,ATX,White,,False,Tempered Glass,57.2,4,True
Lian Li LANCOOL III RGB,6009.4,ATX Mid Tower,ATX,White,,False,Tempered Glass,65.5,4,True
Fractal Design Meshify 2 Nano,,Mini ITX Tower,Mini ITX,Black,,False,Tempered Glass,29.3,1,False
Corsair iCUE 7000X RGB,7199.8,ATX Full Tower,ATX,White,,False,Tempered Glass,81.8,6,True
GameMax Defender MB,1179.8,MicroATX Mini Tower,Micro ATX,Black,,False,Tempered Glass,43.6,2,True
Asus GX601,4799.8,ATX Full Tower,ATX,White / Black,,False,Tempered Glass,83.5,2,True
Phanteks Eclipse P400A,,ATX Mid Tower,ATX,Black,,False,Tempered Glass,45.9,2,False
Cooler Master MasterBox MB520 ARGB,5362.6,ATX Mid Tower,ATX,Black,,False,Tempered Glass,,2,True
Phanteks Enthoo Elite,,ATX Full Tower,ATX,Black,,False,Tinted Tempered Glass,124.5,6,False
Fractal Design Era 2,4362.79,Mini ITX Tower,Mini ITX,Blue / Brown,,False,Mesh,19.0,0,True
Lian Li SUP01,1599.8,ATX Mid Tower,ATX,Black,,False,Tempered Glass,45.7,2,True
darkFlash DS900,,ATX Mid Tower,ATX,Black,,False,Tempered Glass,43.0,2,False
NZXT H7 Elite (2023),2199.79,ATX Mid Tower,ATX,White,,False,Tempered Glass,55.8,2,True
Fractal Design Epoch,2199.79,ATX Mid Tower,ATX,Black,,False,Solid,45.1,2,True
darkFlash DK352,,ATX Mid Tower,ATX,Black,,False,Tempered Glass,43.1,2,False
Jonsbo N1,,Mini ITX Desktop,Mini ITX,Silver,,False,Solid,12.7,5,False
Corsair iCUE 5000D RGB AIRFLOW,4399.8,ATX Mid Tower,ATX,White,,False,Tempered Glass,66.2,2,True
Antec FLUX PRO,3479.8,ATX Full Tower,ATX,White / Brown,,False,Tempered Glass,70.8,4,True
SAMA NEVIEW 4503,2299.79,ATX Mid Tower,ATX,Black,,False,Tempered Glass,54.7,0,True
Deepcool CC560 ARGB V2,,ATX Mid Tower,ATX,,,False,Tempered Glass,44.9,2,False
Jonsbo D41 Mesh Screen,,ATX Mid Tower,ATX,Black,,False,Tempered Glass,35.4,2,False
HYTE Y70 Touch,,ATX Mid Tower,ATX,Black,,False,Tempered Glass,70.7,2,False
Fractal Design Meshify 2 Nano,,Mini ITX Tower,Mini ITX,White,,False,Tempered Glass,29.3,1,False
Corsair iCUE 5000T LX RGB,6899.8,ATX Mid Tower,ATX,Black,,False,Tempered Glass,74.5,2,True
Thermaltake Core W200,10999.8,ATX Full Tower,ATX,Black,,False,Acrylic,,4,True
Fractal Design Era 2,4399.8,Mini ITX Tower,Mini ITX,Silver / Brown,,False,Mesh,19.0,0,True
NZXT H7 Flow (2022),2799.6,ATX Mid Tower,ATX,White,,False,Tempered Glass,55.8,2,True
Jonsbo D31 MESH Screen,,MicroATX Mini Tower,Micro ATX,Black,,False,Tempered Glass,31.3,1,False
Cooler Master MasterBox NR200P,,Mini ITX Desktop,Mini ITX,White / Black,,False,Tempered Glass,20.3,2,False
Jonsbo C6-ITX,1240.0,Mini ITX Desktop,Mini ITX,White,,False,Mesh,15.9,1,True
Gigabyte C102 GLASS,,MicroATX Mid Tower,Micro ATX,Black,,False,Tempered Glass,42.5,2,False
Fractal Design Torrent Compact RGB,3699.8,ATX Mid Tower,ATX,Black,,False,Tinted Tempered Glass,46.7,1,True
Deepcool CC360 ARGB,,MicroATX Mini Tower,Micro ATX,White,,False,Tinted Tempered Glass,38.7,2,False
ENDORFY Arx 700 Air,2280.0,ATX Mid Tower,ATX,Black,,False,Tempered Glass,54.2,1,True
Antec C3 ARGB,1859.8,ATX Mid Tower,ATX,White,,False,Tempered Glass,47.9,1,True
HYTE Y70,4399.8,ATX Mid Tower,ATX,Blue,,False,Tempered Glass,70.7,2,True
Fractal Design Meshify C,,ATX Mid Tower,ATX,White / Black,,False,Tempered Glass,40.6,2,False
Fractal Design Meshify 2 Mini,5794.6,MicroATX Mid Tower,Micro ATX,Black,,False,Tinted Tempered Glass,33.0,2,True
APNX V1,2999.8,ATX Mid Tower,ATX,Black / Brown,,False,Tempered Glass,70.4,2,True
Cooler Master TD300 Mesh,1619.8,MicroATX Mini Tower,Micro ATX,Black,,False,Tempered Glass,,2,True
Deepcool CG530,,ATX Mid Tower,ATX,White,,False,Tinted Acrylic,50.0,2,False
Cooler Master Elite 302,1299.6,MicroATX Mini Tower,Micro ATX,Black,,False,Tempered Glass,34.1,1,True
Antec FLUX,1999.8,ATX Mid Tower,ATX,White / Brown,,False,Tempered Glass,58.1,2,True
Montech SKY TWO,2186.19,ATX Mid Tower,ATX,White,,False,Tempered Glass,45.3,2,True
Corsair Carbide Series 200R,,ATX Mid Tower,ATX,Black,,False,Solid,44.8,4,False
CiT Flash,,MicroATX Mid Tower,Micro ATX,Black,,False,Tempered Glass,,2,False
Zalman P10,1399.19,MicroATX Mini Tower,Micro ATX,White,,False,Tempered Glass,,2,True
Aerocool Trinity Mini V2,1793.19,MicroATX Mini Tower,Micro ATX,Black,,False,Tempered Glass,28.1,2,True
Thermaltake S100 Snow Edition,1499.6,MicroATX Mini Tower,Micro ATX,White / Black,,False,Tempered Glass,,2,True
Silverstone FARA H1M PRO,1799.8,MicroATX Mini Tower,Micro ATX,Black,,False,Tempered Glass,30.1,2,True
Apevia PRISM,1599.6,MicroATX Mid Tower,Micro ATX,Black,,False,Tempered Glass,35.4,2,True
HP OMEN 45L,6999.8,ATX Mid Tower,ATX,Black,,False,Tempered Glass,53.2,2,True
Corsair Obsidian Series 750D,,ATX Full Tower,ATX,Black,,False,Acrylic,71.3,6,False
Jonsbo NV10,1700.0,Mini ITX Desktop,Mini ITX,Silver / Brown,,False,Mesh,4.5,0,True
Phanteks NV9,5459.8,ATX Full Tower,ATX,White,,False,Tempered Glass,99.0,3,True
Deepcool MATREXX 55 MESH ADD-RGB 4F,,ATX Mid Tower,ATX,Black,,False,Tempered Glass,44.4,2,False
Jonsbo TK-3,2620.0,ATX Mid Tower,ATX,White,,False,Tempered Glass,52.3,2,True
Thermaltake View 270 Plus TG ARGB,1799.8,ATX Mid Tower,ATX,Pink / Blue,,False,Tempered Glass,47.6,2,True
Lian Li Lancool II Mesh C RGB,4799.0,ATX Mid Tower,ATX,White,,False,Tempered Glass,54.1,3,True
Fractal Design Pop Air,1999.8,ATX Mid Tower,ATX,Pink / Black,,False,Tempered Glass,46.2,2,True
Antec VSK4000E U3,1973.8,ATX Mid Tower,ATX,Black,,False,Solid,,5,True
KOLINK Observatory MX Glass ARGB,,ATX Mid Tower,ATX,White,,False,Tempered Glass,30.8,2,False
Jonsbo D31 MESH,1759.8,MicroATX Mini Tower,Micro ATX,White,,False,Tempered Glass,31.3,1,True
Lian Li Q58 (PCIe 4.0),,Mini ITX Desktop,Mini ITX,Black,,False,Tempered Glass,14.5,0,False
Montech HS02 Pro,2398.0,ATX Mid Tower,ATX,Black,,False,Tempered Glass,55.3,2,True
SAMA V40,1599.8,ATX Mid Tower,ATX,Black,,False,Tempered Glass,47.9,3,True
Mars Gaming MCV4,,ATX Mid Tower,ATX,Black,,False,Tempered Glass,50.9,2,False
DIYPC ARGB-Q3 V2,,MicroATX Mini Tower,Micro ATX,Black,,False,Tempered Glass,38.6,2,False
Corsair Crystal 570X RGB,,ATX Mid Tower,ATX,Black,,False,Tempered Glass,57.5,2,False
Corsair 4000D Airflow,,ATX Mid Tower,ATX,White,850.0,True,Tempered Glass,48.6,2,False
Fractal Design Pop Air,1999.8,ATX Mid Tower,ATX,Orange / Black,,False,Tempered Glass,46.2,2,True
Xigmatek Aquarius Plus,,ATX Mid Tower,ATX,Black,,False,Tempered Glass,49.6,2,False
Thermaltake Core P7,,ATX Full Tower,ATX,Black,,False,Tempered Glass,281.9,3,False
NZXT S340,,ATX Mid Tower,ATX,Black,,False,Acrylic,38.4,3,False
Thermaltake Versa H15,,MicroATX Mid Tower,Micro ATX,Black,,False,Solid,,3,False
Jonsbo C6 MAX,1778.0,MicroATX Desktop,Micro ATX,White,,False,Tempered Glass,20.8,1,True
Corsair 275R Airflow,,ATX Mid Tower,ATX,Black,,False,Tempered Glass,,2,False
Phanteks ECLIPSE G500A DRGB,2839.8,ATX Mid Tower,ATX,White,,False,Tempered Glass,61.8,2,True
NZXT H510 Elite,,ATX Mid Tower,ATX,Black,,False,Tempered Glass,41.3,2,False
Thermaltake View 380 XL TG ARGB,1799.8,ATX Mid Tower,ATX,White,,False,Tempered Glass,63.6,1,True
Fractal Design North XL RC,3599.8,ATX Full Tower,ATX,Black,,False,Tinted Tempered Glass,61.4,2,True
darkFlash DY470,1750.2,ATX Mid Tower,ATX,White,,False,Tempered Glass,70.1,2,True
Thermaltake TR100,2999.8,Mini ITX Desktop,Mini ITX,Blue / White,,False,Mesh,20.6,0,True
darkFlash DY470,,ATX Mid Tower,ATX,Black,,False,Tempered Glass,70.1,2,False
Gigabyte C301 GLASS,1999.8,ATX Mid Tower,ATX,Black,,False,Tempered Glass,50.6,2,True
Cooler Master Cosmos C700M,11159.8,ATX Full Tower,ATX,Silver / Black,,False,Tempered Glass,,4,True
Thermaltake View 380 ARGB,1999.8,ATX Mid Tower,ATX,Green,,False,Tinted Tempered Glass,51.6,1,True
Corsair 6500X,3999.8,ATX Mid Tower,ATX,White / Brown,,False,Tempered Glass,78.3,2,True
Deepcool CH360 DIGITAL,,MicroATX Mid Tower,Micro ATX,Black,,False,Tempered Glass,39.7,2,False
In Win CE685.FH300TB3,2308.0,MicroATX Slim,Micro ATX,Black,300.0,True,Solid,11.8,1,True
be quiet! Pure Base 500DX,3639.8,ATX Mid Tower,ATX,White,,False,Tempered Glass,48.3,2,True
Montech Heritage,1798.0,MicroATX Mid Tower,Micro ATX,Black,,False,Tempered Glass,41.5,1,True
Fractal Design Pop Air,1999.8,ATX Mid Tower,ATX,Cyan / Black,,False,Tempered Glass,46.2,2,True
Fractal Design Torrent Nano RGB,3104.4,Mini ITX Tower,Mini ITX,White,,False,Tempered Glass,34.6,1,True
Cooler Master MasterCase H500,4935.0,ATX Mid Tower,ATX,Black,,False,Tinted Tempered Glass,,2,True
be quiet! Dark Base 701,4598.0,ATX Mid Tower,ATX,Black,,False,Tempered Glass,73.6,2,True
ADATA XPG VALOR AIR,,ATX Mid Tower,ATX,Black,,False,Tempered Glass,35.8,3,False
Phanteks Enthoo Pro 2 Server Edition,4439.59,ATX Full Tower,ATX,Black,,False,Solid,78.0,4,True
Corsair 7000D AIRFLOW,5799.8,ATX Full Tower,ATX,White / Black,,False,Tempered Glass,81.8,6,True
Lian Li Vector V100,,ATX Mid Tower,ATX,White,,False,Tempered Glass,53.2,1,False
DIYPC ARGB-Q3 V2,,MicroATX Mini Tower,Micro ATX,White,,False,Tempered Glass,38.6,2,False
HYTE Y40,2599.8,ATX Mid Tower,ATX,Red / Black,,False,Tempered Glass,49.7,1,True
MSI MEG PROSPECT 700R,7599.8,ATX Mid Tower,ATX,Black,,False,Tempered Glass,80.7,2,True
Thermaltake The Tower 300 Matcha,2119.79,MicroATX Mini Tower,Micro ATX,Green,,False,Tempered Glass,53.0,3,True
DIYPC Rainbow-Flash-F4,,ATX Mid Tower,ATX,Black,,False,Tempered Glass,33.2,2,False
teenage engineering Computer-1,,Mini ITX Desktop,Mini ITX,Orange / Silver,,False,Solid,10.4,0,False
MUSETEX G07-S6,,ATX Mid Tower,ATX,Black,,False,Tempered Glass,40.9,1,False
NZXT H500,,ATX Mid Tower,ATX,Black,,False,Tempered Glass,41.3,3,False
Zalman S2,1179.59,ATX Mid Tower,ATX,Black,,False,Tempered Glass,38.4,2,True
Fractal Design Torrent,4099.8,ATX Mid Tower,ATX,White,,False,Tempered Glass,69.8,2,True
Antec CX500M RGB,,MicroATX Mini Tower,Micro ATX,White,,False,Tempered Glass,40.8,2,False
Phanteks NV7,4027.6,ATX Full Tower,ATX,White,,False,Tempered Glass,78.9,2,True
KOLINK Citadel Mesh,,MicroATX Mini Tower,Micro ATX,Black,,False,Tempered Glass,34.5,2,False
SSUPD Meshlicious (PCIe 4.0),,Mini ITX Tower,Mini ITX,Black,,False,Mesh,14.7,0,False
GameMax M60,1019.59,MicroATX Mid Tower,Micro ATX,Black,,False,Mesh,29.4,2,True
Apevia Matrix,,ATX Mid Tower,ATX,Black,,False,Tempered Glass,37.8,3,False
Cooler Master MasterBox MB311L ARGB,2807.6,MicroATX Mid Tower,Micro ATX,Black,,False,Tempered Glass,,2,True
Fractal Design Epoch,2199.79,ATX Mid Tower,ATX,Black,,False,Tinted Tempered Glass,45.1,2,True
MSI MAG PANO 100L PZ,2339.79,ATX Mid Tower,ATX,Black,,False,Tempered Glass,72.5,2,True
MSI MAG FORGE 320R AIRFLOW,,ATX Mid Tower,ATX,White,,False,Tempered Glass,49.4,2,False
Montech KING 95,3674.6,ATX Mid Tower,ATX,Black,,False,Tempered Glass,63.0,5,True
Zalman P30,,MicroATX Mini Tower,Micro ATX,Black,,False,Tempered Glass,45.7,2,False
Cougar MX330,1199.8,ATX Mid Tower,ATX,Black,,False,Acrylic,39.4,2,True
Phanteks NV5,,ATX Mid Tower,ATX,White,,False,Tempered Glass,60.2,3,False
Cooler Master NCORE 100 AIR,2799.8,Mini ITX Tower,Mini ITX,Silver / White,,False,Mesh,16.4,0,True
Mars Gaming MC-S2,1280.39,ATX Mid Tower,ATX,Black,,False,Acrylic,19.5,1,True
Montech AIR 1000 PREMIUM,,ATX Mid Tower,ATX,Black,,False,Tempered Glass,45.3,2,False
Antec P101 Silent,,ATX Mid Tower,ATX,Black,,False,Solid,,8,False
Cooler Master Cosmos Infinity 30th Anniversary,,ATX Full Tower,ATX,Black / Silver,,False,Tempered Glass,129.5,2,False
Fractal Design Node 202,,HTPC,Mini ITX,Black,,False,Solid,11.0,0,False
Cooler Master QUBE 500 Flatpack Macaron Edition,1999.8,ATX Mid Tower,ATX,Multicolor,,False,Tempered Glass,38.9,4,True
Geometric Future Model 5,2698.0,ATX Mid Tower,ATX,Black / Gray,,False,Tempered Glass,51.1,2,True
KOLINK Observatory Duo ARGB,,ATX Mid Tower,ATX,Black,,False,Tempered Glass,38.9,2,False
Thermaltake The Tower 600,3799.8,ATX Mid Tower,ATX,Green,,False,Tempered Glass,66.2,1,True
RAIJINTEK Enyo,,ATX Full Tower,ATX,Black,,False,Tempered Glass,185.4,4,False
APNX Creator C1,1999.8,ATX Mid Tower,ATX,Black,,False,Tempered Glass,53.6,3,True
Asus A21 PLUS,,MicroATX Mini Tower,Micro ATX,Black,,False,Tempered Glass,44.0,2,False
Corsair 2500X Bamboo,3199.8,MicroATX Mini Tower,Micro ATX,White / Brown,,False,Tempered Glass,54.8,2,True
Fractal Design Torrent Compact,,ATX Mid Tower,ATX,Black,,False,Solid,46.7,1,False
Cougar MX330-G,1199.8,ATX Mid Tower,ATX,Black,,False,Tempered Glass,39.4,2,True
Lian Li SUP01,1574.6,ATX Mid Tower,ATX,White,,False,Tempered Glass,45.7,2,True
Montech AIR 100 LITE,,MicroATX Mid Tower,Micro ATX,White,,False,Tempered Glass,36.1,2,False
Corsair iCUE 220T RGB Airflow,,ATX Mid Tower,ATX,White,,False,Tempered Glass,37.3,2,False
Deepcool MATREXX 55 MESH,,ATX Mid Tower,ATX,Black,,False,Tempered Glass,44.4,2,False
Mars Gaming MC-VIEW,,MicroATX Mid Tower,Micro ATX,White,,False,Tempered Glass,32.1,1,False
DAN Cases A4-SFXv4.1,,Mini ITX Desktop,Mini ITX,Black,,False,Solid,7.5,0,False
Montech X1,,ATX Mid Tower,ATX,Black,,False,Tempered Glass,32.3,1,False
Jonsbo C6,1200.0,MicroATX Mini Tower,Micro ATX,White,,False,Mesh,15.9,1,True
SAMA 3509,1299.8,ATX Mid Tower,ATX,White,,False,Tempered Glass,41.4,2,True
SSUPD Xhuttle,2400.0,ATX Mid Tower,ATX,Black,,False,Tempered Glass,50.2,2,True
Fractal Design Meshify C,,ATX Mid Tower,ATX,Black,,False,Tempered Glass,40.6,2,False
Fractal Design Torrent Nano,,Mini ITX Tower,Mini ITX,Black,,False,Tinted Tempered Glass,34.6,1,False
MUSETEX K2,,ATX Mid Tower,ATX,Black,1000.0,True,Tempered Glass,44.4,2,False
be quiet! Light Base 900 FX,5197.79,ATX Full Tower,ATX,White,,False,Tempered Glass,84.2,1,True
Fractal Design Meshify 3,3099.8,ATX Mid Tower,ATX,White,,False,Tempered Glass,50.3,2,True
Phanteks Enthoo Pro 2,,ATX Full Tower,ATX,Black,,False,Tempered Glass,,12,False
SHARKOON Rebel C20 ITX,,Mini ITX Desktop,Mini ITX,Black,,False,Mesh,29.5,1,False
HYTE REVOLT 3,2599.8,Mini ITX Tower,Mini ITX,White,,False,Mesh,18.4,1,True
Thermaltake View 200 TG ARGB,1599.6,ATX Mid Tower,ATX,Black,,False,Tempered Glass,38.2,2,True
KOLINK KLM-003,,MicroATX Mini Tower,Micro ATX,Black,,False,Solid,23.2,0,False
Phanteks Eclipse P360A,,ATX Mid Tower,ATX,Black,,False,Tempered Glass,42.3,2,False
Antec C8 ARGB,2999.8,ATX Full Tower,ATX,White,,False,Tempered Glass,66.9,2,True
HYTE Y60,3599.8,ATX Mid Tower,ATX,Red / Black,,False,Tempered Glass,60.0,2,True
iBuypower Slate 8 Mesh Pro ARGB,2699.8,ATX Mid Tower,ATX,Black,,False,Tempered Glass,54.2,1,True
Thermaltake AX700,8099.6,ATX Full Tower,ATX,Black,,False,Tempered Glass,141.4,18,True
NZXT H7 Elite (2023),3980.0,ATX Mid Tower,ATX,Black,,False,Tempered Glass,55.8,2,True
Jonsbo N4,2399.79,MicroATX Desktop,Micro ATX,White / Brown,,False,Mesh,19.6,6,True
Rosewill FBM-X3,1799.8,MicroATX Mid Tower,Micro ATX,Black,650.0,True,Mesh,37.0,2,True
Thermaltake S200 TG ARGB,2474.6,ATX Mid Tower,ATX,Black,,False,Tempered Glass,38.2,2,True
Antec CX500M ARGB,,MicroATX Mini Tower,Micro ATX,Black,,False,Tempered Glass,40.8,2,False
Corsair Crystal Series 680X RGB,5389.8,ATX Mid Tower,ATX,Black,,False,Tempered Glass,73.5,3,True
Thermaltake The Tower 300,1799.8,MicroATX Mini Tower,Micro ATX,Gray,,False,Tempered Glass,53.0,3,True
Jonsbo D41 Mesh,,ATX Mid Tower,ATX,Black,,False,Tempered Glass,35.4,2,False
Corsair FRAME 5000D RS,,ATX Mid Tower,ATX,Black,,False,Tempered Glass,75.3,2,False
Cooler Master MasterBox K501L,3227.2,ATX Mid Tower,ATX,Black,,False,Tempered Glass,,2,True
Thermaltake View 270,1397.4,ATX Mid Tower,ATX,White,,False,Tempered Glass,47.6,2,True
BitFenix Apollo,,ATX Mid Tower,ATX,Black,,False,Tempered Glass,40.2,2,False
Apevia PRISM,1599.6,MicroATX Mid Tower,Micro ATX,Pink,,False,Tempered Glass,35.4,2,True
Cooler Master MasterBox NR600 (w/o ODD),,ATX Mid Tower,ATX,Black,,False,Tempered Glass,47.3,4,False
Thermaltake Level 20,20099.59,ATX Full Tower,ATX,Black / Silver,,False,Tempered Glass,141.0,8,True
NZXT H510 Flow,,ATX Mid Tower,ATX,White,,False,Tempered Glass,41.3,3,False
GAMDIAS NESO P1,2499.79,ATX Full Tower,ATX,Black / Red,,False,Tempered Glass,75.2,5,True
Fractal Design Define Nano S,,Mini ITX Desktop,Mini ITX,Black,,False,Acrylic,28.8,2,False
Tecware Forge M2,,MicroATX Mid Tower,Micro ATX,Black,,False,Tempered Glass,27.3,2,False
Gigabyte C500 PANORAMIC STEALTH,,ATX Mid Tower,ATX,Black,,False,Tempered Glass,50.6,2,False
Fractal Design Define 7 Dark,4099.8,ATX Mid Tower,ATX,Black,,False,Tinted Tempered Glass,62.4,6,True
Montech AIR 1000 LITE,,ATX Mid Tower,ATX,Black,,False,Tempered Glass,45.3,2,False
Thermaltake The Tower 600,3799.8,ATX Mid Tower,ATX,Purple,,False,Tempered Glass,66.2,1,True
Thermaltake The Tower 300 Bubble Pink,3399.8,MicroATX Mini Tower,Micro ATX,Pink / White,,False,Tempered Glass,53.0,3,True
Aerocool P500C,,ATX Mid Tower,ATX,White,,False,Mesh,54.0,2,False
In Win CJ712,1960.0,MicroATX Desktop,Micro ATX,Black,265.0,True,Solid,8.0,1,True
Cooler Master MasterBox Q500L,,ATX Mid Tower,ATX,Black,,False,Acrylic,33.8,1,False
Lian Li O11 Dynamic EVO,,ATX Mid Tower,ATX,Gray / Black,,False,Tinted Tempered Glass,60.8,6,False
Silverstone GD09B,,HTPC,Mini ITX,Black,,False,Solid,26.5,2,False
be quiet! Pure Base 501,2198.0,ATX Mid Tower,ATX,Black,,False,Solid,48.1,2,True
Deepcool CH560,,ATX Mid Tower,ATX,Black,,False,Tempered Glass,49.6,2,False
NZXT H500,,ATX Mid Tower,ATX,White,,False,Tempered Glass,41.3,3,False
Thermaltake The Tower 250,2999.0,Mini ITX Tower,Mini ITX,White,,False,Tempered Glass,42.7,1,True
Fractal Design Define R4,,ATX Mid Tower,ATX,Black,,False,Acrylic,56.0,8,False
Corsair Carbide Series 275R,,ATX Mid Tower,ATX,Black,,False,Tempered Glass,44.2,2,False
Corsair Carbide Series Air 540,,ATX Mid Tower,ATX,Black,,False,Acrylic,62.6,2,False
Montech SKY TWO GX,1580.0,ATX Mid Tower,ATX,White,,False,Tempered Glass,49.5,2,True
Phanteks Enthoo Pro 2 Server Edition,4679.59,ATX Full Tower,ATX,Black,,False,Tempered Glass,78.0,4,True
Vetroo AL900,1599.6,ATX Mid Tower,ATX,Black,,False,Tempered Glass,48.1,0,True
BitFenix Nova Mesh SE,1398.0,ATX Mid Tower,ATX,White,,False,Tempered Glass,36.1,2,True
Antec CX200M RGB ELITE,,MicroATX Mini Tower,Micro ATX,White,,False,Tempered Glass,28.8,2,False
Asus TUF Gaming GT302 ARGB,6254.0,ATX Mid Tower,ATX,White,,False,Tempered Glass,59.3,2,True
iBuypower Scale Mesh ARGB,2399.79,ATX Mid Tower,ATX,Black,,False,Tempered Glass,50.9,1,True
HYTE Y70 Touch,,ATX Mid Tower,ATX,White,,False,Tempered Glass,70.7,2,False
Silverstone GD11,3968.6,HTPC,Mini ITX,Black,,False,Solid,30.9,3,True
Corsair 6500D Airflow,3002.0,ATX Mid Tower,ATX,White,,False,Tempered Glass,78.3,2,True
be quiet! Pure Base 501 LX,2998.0,ATX Mid Tower,ATX,Black,,False,Tempered Glass,48.1,2,True
Gigabyte C200 Glass,,ATX Mid Tower,ATX,Black,,False,Tempered Glass,43.8,2,False
Montech HS02 Pro,2798.0,ATX Mid Tower,ATX,White,,False,Tempered Glass,55.3,2,True
Gigabyte C500 PANORAMIC STEALTH,5191.39,ATX Mid Tower,ATX,White,,False,Tempered Glass,50.6,2,True
SHARKOON AK6 RGB,,ATX Mid Tower,ATX,Black,,False,Tempered Glass,47.5,2,False
Cooler Master NR200P V3,2799.8,Mini ITX Desktop,Mini ITX,Black,,False,Acrylic,20.4,1,True
Thermaltake The Tower 600,3699.8,ATX Mid Tower,ATX,Green / Black,,False,Tempered Glass,66.2,1,True
Lian Li LANCOOL 216 RGB w/Controller,2659.8,ATX Mid Tower,ATX,Black,,False,Tinted Tempered Glass,55.6,2,True
Azza Sanctum,6999.8,ATX Desktop,ATX,Silver / Black,,False,Tempered Glass,76.9,2,True
Thermaltake View 91,,ATX Full Tower,ATX,Black,,False,Tempered Glass,153.3,12,False
Segotep T3 Aeolus,1429.6,ATX Mid Tower,ATX,White,,False,Tempered Glass,54.4,3,True
GAMDIAS TALOS E3 WH,1199.8,ATX Mid Tower,ATX,White / Black,,False,Tempered Glass,,2,True
Rosewill FBM-X2-400-HELIX,1199.8,MicroATX Mini Tower,Micro ATX,Black,400.0,True,Solid,25.3,1,True
Deepcool CH690 DIGITAL,,ATX Mid Tower,ATX,Black,,False,Tempered Glass,107.9,1,False
MSI MAG PANO 100L PZ,2599.8,ATX Mid Tower,ATX,White,,False,Tempered Glass,72.5,2,True
Jonsbo D300,,MicroATX Mid Tower,Micro ATX,Black,,False,Tempered Glass,45.8,2,False
be quiet! Light Base 600 DX,3057.0,ATX Mid Tower,ATX,White,,False,Tempered Glass,59.7,1,True
MSI MAG VAMPIRIC 100R,1724.0,ATX Mid Tower,ATX,Black,,False,Tempered Glass,36.5,2,True
Razer Tomahawk Mini-ITX,3599.8,Mini ITX Tower,Mini ITX,Black / Green,,False,Tinted Tempered Glass,,0,True
Razer Tomahawk ATX,4399.59,ATX Mid Tower,ATX,Black,,False,Tinted Tempered Glass,,3,True
NZXT S340,,ATX Mid Tower,ATX,White,,False,Acrylic,38.4,3,False
BitFenix FLOW,,ATX Mid Tower,ATX,Black,,False,Tempered Glass,42.3,2,False
Silverstone SG05-LITE,1501.0,Mini ITX Desktop,Mini ITX,Black,,False,Solid,10.7,1,True
Gigabyte AORUS C500 GLASS,,ATX Mid Tower,ATX,Black,,False,Tempered Glass,116.6,2,False
Asus TUF Gaming GT502 Plus,,ATX Mid Tower,ATX,Black,,False,Tempered Glass,57.2,4,False
Lian Li O11D XL-W,,ATX Full Tower,ATX,White / Black,,False,Tempered Glass,68.9,4,False
Rosewill Helium Flow,1599.6,ATX Mid Tower,ATX,Black,,False,Solid,50.5,3,True
Silverstone SETA D1,3394.0,ATX Mid Tower,ATX,Black,,False,Solid,56.5,8,True
Fractal Design North XL RC,3899.8,ATX Full Tower,ATX,White,,False,Tempered Glass,61.4,2,True
Thermaltake Core P3 TG Pro,2814.2,ATX Mid Tower,ATX,,,False,Tempered Glass,71.7,4,True
Silverstone SUGO 15,3620.8,Mini ITX Desktop,Mini ITX,Black,,False,Solid,19.1,0,True
In Win Chopin MAX,,Mini ITX Desktop,Mini ITX,Gray,200.0,True,Mesh,4.4,0,False
Apevia PRISM,1599.6,MicroATX Mid Tower,Micro ATX,White,,False,Tempered Glass,35.4,2,True
NZXT H710i,,ATX Mid Tower,ATX,White,,False,Tempered Glass,58.6,4,False
Cooler Master Elite 500 ODD,2682.6,ATX Mid Tower,ATX,Black,,False,Solid,43.1,2,True
Thermaltake View 380 ARGB,2299.79,ATX Mid Tower,ATX,Blue,,False,Tinted Tempered Glass,51.6,1,True
SAMA V40,1599.8,ATX Mid Tower,ATX,White,,False,Tempered Glass,47.9,3,True
CiT F3 ARGB,,MicroATX Mid Tower,Micro ATX,Black,,False,Tempered Glass,25.5,2,False
MSI MPG GUNGNIR 300R AIRFLOW,3119.8,ATX Mid Tower,ATX,White,,False,Tempered Glass,60.5,2,True
Fractal Design Meshify C Mini,,MicroATX Mini Tower,Micro ATX,Black,,False,Tinted Tempered Glass,36.6,2,False
GAMDIAS TALOS E3,,ATX Mid Tower,ATX,Black,,False,Tempered Glass,,2,False
Deepcool CG580,,ATX Mid Tower,ATX,White,,False,Tempered Glass,51.5,2,False
DIYPC ARGB-Q3,,MicroATX Mini Tower,Micro ATX,Pink,,False,Tempered Glass,38.6,2,False
Cooler Master Elite 301,1571.8,MicroATX Mid Tower,Micro ATX,White,,False,Tempered Glass,34.1,1,True
Cooler Master MasterBox 600,2019.8,ATX Mid Tower,ATX,White,,False,Tempered Glass,52.4,2,True
Deepcool CH270 DIGITAL,,MicroATX Mini Tower,Micro ATX,White,,False,Tempered Glass,32.4,1,False
Thermaltake The Tower 200,,Mini ITX Tower,Mini ITX,Black,,False,Tempered Glass,45.1,2,False
KOLINK Unity Meshbay Performance,,ATX Mid Tower,ATX,Black,,False,Solid,41.0,2,False
Fractal Design Meshify 2 Mini,4080.0,MicroATX Mid Tower,Micro ATX,White / Black,,False,Tempered Glass,33.0,2,True
Fractal Design Meshify 3 Ambience Pro RGB,4799.8,ATX Mid Tower,ATX,White,,False,Tempered Glass,50.3,2,True
Antec VSK3000E U3,,MicroATX Mini Tower,Micro ATX,Black,,False,Solid,24.8,2,False
GameMax F45,1219.8,ATX Mid Tower,ATX,Black / Brown,,False,Tempered Glass,40.6,2,True
NZXT H510,,ATX Mid Tower,ATX,Black / Red,,False,Tempered Glass,41.3,2,False
Antec Performance 1 M,3899.8,Mini ITX Desktop,Mini ITX,Black,,False,Mesh,19.3,0,True
Lian Li LANCOOL 215,,ATX Mid Tower,ATX,White,,False,Tempered Glass,,2,False
GameMax Infinity,,ATX Mid Tower,ATX,Black,,False,Tempered Glass,45.7,1,False
Corsair Carbide Series 175R RGB,,ATX Mid Tower,ATX,Black,,False,Tempered Glass,,2,False
Corsair iCUE 5000X RGB,4299.8,ATX Mid Tower,ATX,White / Gray,,False,Tempered Glass,66.2,2,True
Phanteks Eclipse P400A Digital,,ATX Mid Tower,ATX,Black,,False,Tempered Glass,45.9,2,False
Cougar MX360 RGB,,ATX Mid Tower,ATX,Black,,False,Tempered Glass,36.5,2,False
Tecware Forge M,,MicroATX Mini Tower,Micro ATX,Black,,False,Tempered Glass,34.4,1,False
Mars Gaming MCV4,,ATX Mid Tower,ATX,White,,False,Tempered Glass,50.9,2,False
MSI MPG Sekira 500G,21000.0,ATX Mid Tower,ATX,Black,,False,Tempered Glass,67.1,6,True
Corsair 275R Airflow,,ATX Mid Tower,ATX,White / Black,,False,Tempered Glass,,2,False
Chieftec APEX AIR,,ATX Mid Tower,ATX,Black,,False,Tempered Glass,52.9,2,False
HYTE Persona 3 Reload Y70,5199.8,ATX Mid Tower,ATX,Black / Multicolor,,False,Tempered Glass,70.7,2,True
Fractal Design Meshify 3,3199.8,ATX Mid Tower,ATX,Black,,False,Tinted Tempered Glass,50.3,2,True
SSUPD Xhuttle,2400.0,ATX Mid Tower,ATX,White,,False,Tempered Glass,50.2,2,True
be quiet! Dark Base Pro 901,5997.79,ATX Full Tower,ATX,White,,False,Tempered Glass,94.5,2,True
DIYPC ARGB-N1,,MicroATX Mid Tower,Micro ATX,Black,,False,Tempered Glass,44.7,2,False
Antec CX700 RGB ELITE,,ATX Mid Tower,ATX,Black,,False,Tempered Glass,44.5,2,False
Thermaltake Ceres 330 ARGB,1379.8,ATX Mid Tower,ATX,Black,,False,Tempered Glass,53.9,1,True
Lian Li LANCOOL 205 Mesh C,2359.79,ATX Mid Tower,ATX,White,,False,Tempered Glass,41.3,2,True
GAMDIAS TALOS E2 ELITE,,ATX Mid Tower,ATX,Black,,False,Tempered Glass,,2,False
NZXT H710,,ATX Mid Tower,ATX,White,,False,Tempered Glass,58.6,4,False
be quiet! Pure Base 600,2398.0,ATX Mid Tower,ATX,Black,,False,Tempered Glass,50.9,3,True
Montech KING 95 PRO,3380.0,ATX Mid Tower,ATX,Blue / Black,,False,Tempered Glass,63.0,5,True
Cooler Master HAF 700,5999.8,ATX Full Tower,ATX,Black,,False,Tempered Glass,83.6,9,True
MSI MPG VELOX 100P AIRFLOW,5846.6,ATX Mid Tower,ATX,Black,,False,Tempered Glass,53.7,2,True
Lian Li Lancool II Mesh,,ATX Mid Tower,ATX,Black,,False,Tempered Glass,54.1,3,False
Thermaltake The Tower 600,3799.8,ATX Mid Tower,ATX,Yellow,,False,Tempered Glass,66.2,1,True
Asus TUF Gaming GT501,3399.8,ATX Mid Tower,ATX,White / Black,,False,Tempered Glass,75.5,4,True
Phanteks Eclipse P500A D-RGB,,ATX Mid Tower,ATX,Black,,False,Tempered Glass,,2,False
Cooler Master HAF 500,1961.6,ATX Mid Tower,ATX,White,,False,Tempered Glass,,2,True
KOLINK Satellite,,MicroATX Desktop,Micro ATX,Black,,False,Mesh,13.8,3,False
be quiet! Light Base 900 DX,4298.0,ATX Full Tower,ATX,White,,False,Tempered Glass,84.2,1,True
Azza Spectra,1199.8,ATX Mid Tower,ATX,Black,,False,Tempered Glass,33.4,2,True
FSP Group S380,,MicroATX Mini Tower,Micro ATX,Black,,False,Tempered Glass,48.2,2,False
Vetroo AL900,1599.6,ATX Mid Tower,ATX,White,,False,Tempered Glass,48.1,0,True
Phanteks Eclipse P300,,ATX Mid Tower,ATX,Black,,False,Tinted Tempered Glass,36.0,2,False
Silverstone FARA 515XR,1591.8,ATX Mid Tower,ATX,White,,False,Tempered Glass,39.9,2,True
RAIJINTEK OPHION EVO,1398.0,Mini ITX Desktop,Mini ITX,Black,,False,Acrylic,,1,True
KOLINK Observatory MX Mesh ARGB,,ATX Mid Tower,ATX,Black,,False,Tempered Glass,30.8,2,False
KOLINK Rocket Complex,,Mini ITX Tower,Mini ITX,Black,,False,Mesh,20.4,0,False
Corsair iCUE 5000T RGB,4799.8,ATX Mid Tower,ATX,Black,,False,Tempered Glass,74.5,2,True
Thermaltake The Tower 300,2699.8,MicroATX Mini Tower,Micro ATX,Green / Black,,False,Tempered Glass,53.0,3,True
Aerocool Bolt,1655.8,ATX Mid Tower,ATX,Black,,False,Acrylic,35.3,2,True
Jonsbo TK-2 2.0,3240.0,ATX Mid Tower,ATX,Black,,False,Tempered Glass,53.2,1,True
Antec CX300 RGB ELITE,,ATX Mid Tower,ATX,Black,,False,Tempered Glass,44.9,2,False
GameMax Vista A,,ATX Mid Tower,ATX,White,,False,Tempered Glass,44.1,2,False
KOLINK Stronghold Barricade,,ATX Mid Tower,ATX,Black,,False,Tempered Glass,37.6,2,False
Jonsbo D31 STD,,MicroATX Mini Tower,Micro ATX,Black,,False,Tempered Glass,31.3,1,False
Fractal Design Torrent Nano RGB,,Mini ITX Tower,Mini ITX,Black,,False,Tinted Tempered Glass,34.6,1,False
Thermaltake View 380 XL TG ARGB,1580.0,ATX Mid Tower,ATX,Yellow / Black,,False,Tempered Glass,63.6,1,True
APNX Creator C1,1999.8,ATX Mid Tower,ATX,White,,False,Tempered Glass,53.6,3,True
Thermaltake The Tower 600,3399.8,ATX Mid Tower,ATX,Blue,,False,Tempered Glass,66.2,1,True
Cooler Master MasterBox MB320L ARGB,1699.8,MicroATX Mini Tower,Micro ATX,Black,,False,Tempered Glass,38.8,2,True
Antec DF600 FLUX,2099.79,ATX Mid Tower,ATX,Black,,False,Tempered Glass,,3,True
Thermaltake The Tower 300 Hydrangea,3079.8,MicroATX Mini Tower,Micro ATX,Blue,,False,Tempered Glass,53.0,3,True
GAMDIAS ATLAS M1,1699.8,ATX Mid Tower,ATX,White,,False,Tempered Glass,41.0,1,True
Silverstone PS16B,1503.0,MicroATX Mini Tower,Micro ATX,Black,,False,Solid,,3,True
Cooler Master TD300 Mesh,1699.8,MicroATX Mini Tower,Micro ATX,White / Black,,False,Tempered Glass,,2,True
Cooler Master MasterCase H500M,9249.79,ATX Mid Tower,ATX,Black,,False,Tempered Glass,73.7,2,True
Antec DF700 FLUX,2979.6,ATX Mid Tower,ATX,Black,,False,Tempered Glass,49.9,3,True
Deepcool CG580 4F,,ATX Mid Tower,ATX,Black,,False,Tempered Glass,51.5,2,False
Corsair iCUE 465X RGB,,ATX Mid Tower,ATX,Black,,False,Tempered Glass,,2,False
Corsair Vengeance C70,,ATX Mid Tower,ATX,Green,,False,Acrylic,61.4,6,False
Antec C7 ARGB,3469.8,ATX Mid Tower,ATX,Black,,False,Tempered Glass,58.9,2,True
Montech Heritage PRO,2198.0,MicroATX Mid Tower,Micro ATX,White,,False,Tempered Glass,41.5,1,True
Corsair 2500X Obsidian,3199.8,MicroATX Mini Tower,Micro ATX,Black,,False,Tempered Glass,54.8,2,True
Cooler Master HAF XB EVO,,ATX Desktop,ATX,Black,,False,Mesh,61.7,2,False
Cougar MX330-G Pro,1361.8,ATX Mid Tower,ATX,Black,,False,Tempered Glass,49.1,2,True
Apevia Destiny Flow,1519.6,ATX Mid Tower,ATX,Pink,,False,Tempered Glass,,2,True
Asus ProArt PA602 Wood Edition,10018.79,ATX Mid Tower,ATX,Black / Brown,,False,Solid,81.4,4,True
MSI MPG VELOX 100R,2799.8,ATX Mid Tower,ATX,White,,False,Tempered Glass,53.7,2,True
Corsair 6500X,,ATX Mid Tower,ATX,Black / Gray,,False,Tempered Glass,78.3,2,False
Montech HS01 PRO,2298.0,ATX Mid Tower,ATX,Black,,False,Tempered Glass,55.3,2,True
Cooler Master Force 500,,ATX Mid Tower,ATX,Black,,False,Solid,39.8,7,False
be quiet! Shadow Base 800 DX,,ATX Mid Tower,ATX,Black,,False,Tempered Glass,70.9,2,False
Lian Li O11D XL-X,,ATX Full Tower,ATX,Black,,False,Tempered Glass,68.9,4,False
PC Cooler I100 PRO MESH,2033.8,Mini ITX Desktop,Mini ITX,White,,False,Mesh,7.5,1,True
Silverstone MILO 11,1855.4,MicroATX Desktop,Micro ATX,Black / Silver,,False,Solid,10.3,1,True
BitFenix Nova Mesh SE,,ATX Mid Tower,ATX,Black,,False,Solid,36.1,2,False
Silverstone SG13 V2,1482.6,Mini ITX Tower,Mini ITX,Black,,False,Solid,11.5,1,True
Zalman Z7 NEO,1399.6,ATX Mid Tower,ATX,Black,,False,Tempered Glass,41.2,2,True
NZXT H210,,Mini ITX Tower,Mini ITX,Black,,False,Tempered Glass,27.3,1,False
HYTE Hoshimachi Suisei Y70,,ATX Mid Tower,ATX,Blue / Black,,False,Tempered Glass,70.7,2,False
Antec CX800 Wood ARGB,,ATX Mid Tower,ATX,Black / Brown,,False,Tempered Glass,51.2,2,False
iBuypower Slate 9 Mesh,2499.79,ATX Mid Tower,ATX,Black,,False,Tempered Glass,53.4,1,True
Phanteks ECLIPSE G500A DRGB,,ATX Mid Tower,ATX,Black,,False,Tempered Glass,61.8,2,False
KRUX Leda,,ATX Mid Tower,ATX,Black,,False,Tempered Glass,43.5,2,False
ENDORFY Ventum 200,1874.8,ATX Mid Tower,ATX,Black,,False,Solid,34.6,1,True
Phanteks XT PRO,2399.6,ATX Mid Tower,ATX,,,False,Solid,51.8,2,True
Silverstone RM52,10660.2,ATX Full Tower,ATX,Black,,False,Solid,58.6,2,True
be quiet! Pure Base 500,1858.0,ATX Mid Tower,ATX,White,,False,Tempered Glass,46.0,2,True
Deepcool CH360,,MicroATX Mid Tower,Micro ATX,Black,,False,Tempered Glass,39.7,2,False
GAMDIAS ATHENA M3,1648.6,ATX Mid Tower,ATX,White,,False,Tempered Glass,45.1,2,True
Aerocool CS-1102,,ATX Mid Tower,ATX,Black,,False,Solid,33.8,3,False
Phanteks Eclipse G400A,,ATX Mid Tower,ATX,White,,False,Tempered Glass,59.4,2,False
Deepcool CH510,,ATX Mid Tower,ATX,Black,,False,Tempered Glass,47.1,2,False
Deepcool CC560,,ATX Mid Tower,ATX,Black,,False,Tempered Glass,41.7,2,False
NZXT H210i,,Mini ITX Tower,Mini ITX,White,,False,Tempered Glass,27.3,1,False
NCASE M1,,Mini ITX Tower,Mini ITX,Silver / Black,,False,Solid,13.9,2,False
Cooler Master MasterBox Lite 5,,ATX Mid Tower,ATX,Black,,False,Acrylic,42.7,2,False
Fractal Design Torrent RGB,4599.8,ATX Mid Tower,ATX,White,,False,Tempered Glass,69.8,2,True
Jonsbo D41 Mesh,,ATX Mid Tower,ATX,White,,False,Tempered Glass,35.4,2,False
Thermaltake View 170 ARGB,1699.6,MicroATX Mini Tower,Micro ATX,Pink / Blue,,False,Tempered Glass,35.0,1,True
Thermaltake The Tower 100,,Mini ITX Tower,Mini ITX,Black,,False,Tempered Glass,32.7,2,False
Vetroo AL800,1199.8,ATX Mid Tower,ATX,Green,,False,Tempered Glass,46.4,2,True
Corsair Obsidian 500D RGB SE,,ATX Mid Tower,ATX,Black,,False,Tinted Tempered Glass,59.4,2,False
NZXT S340 Elite,,ATX Mid Tower,ATX,Black,,False,Tempered Glass,41.6,2,False
Antec VSK3000B U3,,MicroATX Mini Tower,Micro ATX,Black,,False,Solid,,2,False
Mars Gaming MC-3TCORE,,ATX Mid Tower,ATX,White,,False,Tempered Glass,50.5,1,False
Anidees AI Crystal XL AR 3,,ATX Full Tower,ATX,Black,,False,Tempered Glass,86.7,15,False
FormD T1 V2.1 Aluminum Coated,,Mini ITX Desktop,Mini ITX,Black,,False,Mesh,,0,False
Corsair 3500X CALL OF DUTY BLACK OPS 6 EDITION,1999.8,ATX Mid Tower,ATX,Black / Orange,,False,Tempered Glass,55.9,2,True
Fractal Design Meshify 3 XL RGB,3799.8,ATX Full Tower,ATX,Black,,False,Tinted Tempered Glass,72.6,2,True
Phanteks Eclipse G300A (3 Fan),,ATX Mid Tower,ATX,Black,,False,Tempered Glass,37.2,1,False
Apevia Prism Elite,2199.79,ATX Mid Tower,ATX,Pink,,False,Tempered Glass,47.9,2,True
Deepcool CH170 DIGITAL,,Mini ITX Tower,Mini ITX,White,,False,Mesh,19.0,1,False
be quiet! Pure Base 501 DX,2598.0,ATX Mid Tower,ATX,Black,,False,Tempered Glass,48.1,2,True
Cougar Duoface Pro RGB,2518.19,ATX Mid Tower,ATX,Black,,False,Tempered Glass,55.4,2,True
darkFlash DLM 21,,MicroATX Mid Tower,Micro ATX,White,,False,Tempered Glass,,2,False
Silverstone FARA 515XR,1399.6,ATX Mid Tower,ATX,Black,,False,Tempered Glass,39.9,2,True
Silverstone Sugo 16,1910.0,Mini ITX Tower,Mini ITX,Black,,False,Solid,13.0,1,True
Montech KING 95 PRO,3380.0,ATX Mid Tower,ATX,Red / Black,,False,Tempered Glass,63.0,5,True
Thermaltake View 71 TG RGB,4399.8,ATX Full Tower,ATX,Black,,False,Acrylic,,4,True
Corsair Carbide Series SPEC-02,,ATX Mid Tower,ATX,Black / Red,,False,Acrylic,,3,False
Corsair iCUE 5000X RGB,,ATX Mid Tower,ATX,Black,850.0,True,Tempered Glass,66.2,2,False
HYTE Gundam Wing Y70 Touch Infinite,9999.79,ATX Mid Tower,ATX,White / Gold,,False,Tempered Glass,70.7,2,True
Fractal Design Epoch,2199.79,ATX Mid Tower,ATX,White,,False,Tempered Glass,45.1,2,True
Fractal Design Meshify 2 RGB,,ATX Mid Tower,ATX,Black,,False,Tempered Glass,61.7,6,False
Fractal Design Torrent Nano,,Mini ITX Tower,Mini ITX,White / Black,,False,Tempered Glass,34.6,1,False
Jonsbo BO400,6300.0,ATX Mid Tower,ATX,Gray / Black,,False,Tempered Glass,72.1,4,True
Corsair FRAME 5000D RS ARGB,,ATX Mid Tower,ATX,Black,,False,Tempered Glass,75.3,2,False
be quiet! Shadow Base 800,,ATX Mid Tower,ATX,Black,,False,Tempered Glass,70.9,2,False
NZXT H510i,,ATX Mid Tower,ATX,Black,,False,Tempered Glass,41.3,2,False
Jonsbo N10,1239.8,Mini ITX Tower,Mini ITX,Silver,,False,Mesh,4.5,0,True
CiT DS240,,MicroATX Mini Tower,Micro ATX,White,,False,Tempered Glass,36.7,1,False
Silverstone CS382,5192.2,ATX Mid Tower,ATX,Black,,False,Solid,39.6,1,True
MSI MAG VAMPIRIC 100L,,ATX Mid Tower,ATX,Black,,False,Tempered Glass,36.5,2,False
Phanteks Eclipse G360A,,ATX Mid Tower,ATX,White,,False,Tempered Glass,42.3,2,False
SAMA NEVIEW 2851A,,ATX Mid Tower,ATX,Black,,False,Tempered Glass,53.9,1,False
Gigabyte C102 GLASS,,MicroATX Mid Tower,Micro ATX,White,,False,Tempered Glass,42.5,2,False
ADATA XPG VALOR MESH,,ATX Mid Tower,ATX,White,,False,Tempered Glass,35.8,2,False
Xigmatek Aquarius Plus Arctic,,ATX Mid Tower,ATX,White,,False,Tempered Glass,49.6,2,False
MSI MPG GUNGNIR 110R,2399.79,ATX Mid Tower,ATX,White,,False,Tempered Glass,,2,True
GAMDIAS NESO P1,,ATX Full Tower,ATX,Black,,False,Tempered Glass,75.2,5,False
KOLINK KLM-002,,MicroATX Mini Tower,Micro ATX,Black,,False,Solid,9.6,0,False
Lian Li LANCOOL II-X,,ATX Mid Tower,ATX,Black,,False,Tempered Glass,,3,False
Cougar MX600 RGB,,ATX Full Tower,ATX,Black,,False,Tempered Glass,57.8,1,False
Jonsbo D31 MESH Screen,,MicroATX Mini Tower,Micro ATX,White,,False,Tempered Glass,31.3,1,False
ENDORFY Signum 300 ARGB,,ATX Mid Tower,ATX,Black,,False,Tempered Glass,39.9,2,False
Cooler Master MasterBox TD500 Mesh White w/ Controller,,ATX Mid Tower,ATX,White,,False,Tempered Glass,,2,False
YEYIAN Hussar,,MicroATX Mini Tower,Micro ATX,Black,,False,Tempered Glass,26.6,1,False
Thermaltake View 380 ARGB,2299.79,ATX Mid Tower,ATX,Pink / Blue,,False,Tempered Glass,51.6,1,True
CiT DS240,,MicroATX Mini Tower,Micro ATX,Black,,False,Tempered Glass,36.7,1,False
Antec NX360,,ATX Mid Tower,ATX,Black,,False,Tempered Glass,37.5,1,False
MSI MPG GUNGNIR 111R,,ATX Mid Tower,ATX,Black,,False,Tempered Glass,44.4,2,False
ENDORFY Regnum 400 ARGB,,ATX Mid Tower,ATX,Black,,False,Tempered Glass,45.9,2,False
Deepcool MORPHEUS,,ATX Full Tower,ATX,White,,False,Tempered Glass,72.7,2,False
Mars Gaming MC-VIEW,,MicroATX Mid Tower,Micro ATX,Black,,False,Tempered Glass,32.1,1,False
ENDORFY ARX 500 ARGB,2280.0,ATX Mid Tower,ATX,Black,,False,Tempered Glass,47.5,1,True
iBuypower Element 9 PRO,2699.8,ATX Mid Tower,ATX,Black,,False,Tempered Glass,49.2,2,True
Fractal Design Meshify 3 XL Ambience Pro RGB,5499.8,ATX Full Tower,ATX,White,,False,Tempered Glass,72.6,2,True
Silverstone RM42-502,8503.2,ATX Mid Tower,ATX,Black,,False,Solid,35.4,0,True
Thermaltake S200 TG ARGB,2736.8,ATX Mid Tower,ATX,White,,False,Tempered Glass,38.2,2,True
Aerocool CS-106,,MicroATX Mini Tower,Micro ATX,Black,,False,Solid,23.9,1,False
Silverstone SUGO 14,,Mini ITX Desktop,Mini ITX,Black / Yellow,,False,Solid,19.5,0,False
Corsair Crystal Series 680X RGB,3299.8,ATX Mid Tower,ATX,White / Black,,False,Tempered Glass,73.5,3,True
darkFlash DLM 21,,MicroATX Mid Tower,Micro ATX,Black,,False,Tempered Glass,,2,False
Asus ROG Strix Helios Gundam Edition,,ATX Full Tower,ATX,Silver / Multicolor,,False,Tempered Glass,83.5,2,False
Thermaltake The Tower 600,3739.8,ATX Mid Tower,ATX,Pink,,False,Tempered Glass,66.2,1,True
Silverstone SETA H2,3683.39,ATX Full Tower,ATX,Black,,False,Mesh,70.3,12,True
Fractal Design Torrent Nano,,Mini ITX Tower,Mini ITX,Black,,False,Solid,34.6,1,False
DIYPC Rainbow-Flash-F4,1319.6,ATX Mid Tower,ATX,Pink,,False,Tempered Glass,33.2,2,True
DIYPC ARGB-Q3,,MicroATX Mini Tower,Micro ATX,Green,,False,Tempered Glass,38.6,2,False
Deepcool Wave V2,,MicroATX Mini Tower,Micro ATX,Black,,False,Solid,24.0,2,False
Corsair Carbide Series SPEC-05,,ATX Mid Tower,ATX,Black,,False,Acrylic,41.6,2,False
Geometric Future Model 5,2998.0,ATX Mid Tower,ATX,Black / Green,,False,Tempered Glass,51.1,2,True
Thermaltake Core P3,3035.4,ATX Mid Tower,ATX,Black,,False,Tempered Glass,80.1,2,True
NZXT H7 Flow RGB (2023),3379.8,ATX Mid Tower,ATX,Black,,False,Tempered Glass,55.8,2,True
Jonsbo D41 Mesh Screen,,ATX Mid Tower,ATX,White,,False,Tempered Glass,35.4,2,False
Cooler Master HAF 912,,ATX Mid Tower,ATX,Black,,False,Solid,54.9,6,False
Vetroo M05,1299.6,MicroATX Mid Tower,Micro ATX,Green,,False,Tempered Glass,36.3,2,True
Silverstone Crown 04,10999.8,HTPC,Mini ITX,Black,,False,Mesh,48.2,2,True
KOLINK Observatory Y AMD SE,,ATX Mid Tower,ATX,Black,,False,Tempered Glass,53.1,2,False
Fractal Design Define Mini C,,MicroATX Mid Tower,Micro ATX,Black,,False,Solid,35.7,2,False
NZXT H440,,ATX Mid Tower,ATX,Black / White,,False,Acrylic,53.3,8,False
be quiet! Pure Base 501 Airflow,1899.8,ATX Mid Tower,ATX,White,,False,Solid,48.1,2,True
Silverstone PS15,1199.8,MicroATX Mid Tower,Micro ATX,Black,,False,Tempered Glass,25.7,1,True
SHARKOON VS8,,ATX Mid Tower,ATX,Black,,False,Solid,42.1,2,False
GAMDIAS Talos M3 Mesh,1699.8,ATX Mid Tower,ATX,Black,,False,Tempered Glass,48.6,2,True
Lian Li LANCOOL 206,,ATX Mid Tower,ATX,Black,,False,Tempered Glass,49.6,3,False
Phanteks Eclipse P600S,,ATX Mid Tower,ATX,Black,,False,Tinted Tempered Glass,,4,False
Phanteks Eclipse P400,,ATX Mid Tower,ATX,Black,,False,Tinted Tempered Glass,45.9,2,False
Thermaltake V200 RGB,,ATX Mid Tower,ATX,Black,,False,Tempered Glass,,2,False
Mars Gaming MC-S1,,MicroATX Mini Tower,Micro ATX,Black,,False,Acrylic,18.6,1,False
GAMDIAS ATHENA P1,,ATX Mid Tower,ATX,Black,,False,Tempered Glass,49.6,2,False
KOLINK Observatory HF Mesh Core,,ATX Mid Tower,ATX,Black,,False,Tempered Glass,35.0,4,False
Corsair iCUE 5000X RGB QL Edition,4199.8,ATX Mid Tower,ATX,White,,False,Tempered Glass,66.2,2,True
Thermaltake Tower 900,,ATX Full Tower,ATX,Black,,False,Tempered Glass,153.6,6,False
darkFlash DS900,,ATX Mid Tower,ATX,White,,False,Tempered Glass,43.0,2,False
FormD T1 V2.1 Steel Coated,,Mini ITX Desktop,Mini ITX,Black,,False,Mesh,,0,False
Silverstone GD08B,4925.8,HTPC,Mini ITX,Black,,False,Solid,33.4,8,True
Fractal Design Epoch RGB,2599.8,ATX Mid Tower,ATX,Black,,False,Tinted Tempered Glass,45.1,2,True
Lian Li V3000 PLUS,,ATX Full Tower,ATX,Black,,False,Tempered Glass,127.6,8,False
Jonsbo D31 STD,,MicroATX Mini Tower,Micro ATX,White,,False,Tempered Glass,31.3,1,False
Thermaltake Versa H25,,ATX Mid Tower,ATX,Black,,False,Solid,42.6,3,False
Asus TUF Gaming GT502 Horizon,3898.2,ATX Mid Tower,ATX,White,,False,Tempered Glass,57.2,4,True
Lian Li TU150,,Mini ITX Desktop,Mini ITX,Silver,,False,Tempered Glass,23.8,1,False
Phanteks Eclipse P350X,,ATX Mid Tower,ATX,Black,,False,Tinted Tempered Glass,41.0,2,False
Cooler Master Silencio S600,2871.39,ATX Mid Tower,ATX,Black,,False,Solid,47.0,4,True
Thermaltake The Tower 200,2099.6,Mini ITX Tower,Mini ITX,Green,,False,Tempered Glass,45.1,2,True
Thermaltake Divider 370 TG ARGB,3019.8,ATX Mid Tower,ATX,Black,,False,Tempered Glass,50.7,2,True
Phanteks Enthoo Pro 2,,ATX Full Tower,ATX,Black,,False,Solid,,12,False
Thermaltake View 71 TG Snow,4499.59,ATX Full Tower,ATX,White,,False,Acrylic,,4,True
MOROVOL TW7-S2-BL,,MicroATX Mid Tower,Micro ATX,Black,,False,Tempered Glass,27.1,2,False
KOLINK Observatory MX Mesh ARGB,,ATX Mid Tower,ATX,White,,False,Tempered Glass,30.8,2,False
Thermaltake CTE E550,3399.0,ATX Mid Tower,ATX,Orange,,False,Tempered Glass,77.4,3,True
MSI MAG FORGE 110R,,ATX Mid Tower,ATX,Black,,False,Tempered Glass,42.5,2,False
Lian Li Lancool II Mesh C RGB,,ATX Mid Tower,ATX,Black,,False,Tempered Glass,54.1,3,False
Corsair Obsidian Series 900D,,ATX Full Tower,ATX,Black,,False,Acrylic,112.6,9,False
DAN Cases C4-SFXv1,,Mini ITX Desktop,Mini ITX,Black,,False,Mesh,15.9,0,False
Montech SKY TWO,2719.4,ATX Mid Tower,ATX,Blue,,False,Tempered Glass,45.3,2,True
BGears b-Voguish,1179.8,ATX Mid Tower,ATX,Black,,False,Tempered Glass,,2,True
Cooler Master MasterFrame 600,3599.8,ATX Mid Tower,ATX,Black,,False,Tempered Glass,61.2,2,True
Lian Li LANCOOL III,,ATX Mid Tower,ATX,White,,False,Tempered Glass,65.5,4,False
GameMax Vista A,1599.8,ATX Mid Tower,ATX,Black,,False,Tempered Glass,44.1,2,True
Mars Gaming MC-3TCORE,,ATX Mid Tower,ATX,Black,,False,Tempered Glass,50.5,1,False
Fractal Design Define C,,ATX Mid Tower,ATX,Black,,False,Solid,39.3,2,False
Lian Li LANCOOL 205,,ATX Mid Tower,ATX,Black,,False,Tempered Glass,,2,False
Lian Li LANCOOL 205M,,MicroATX Mid Tower,Micro ATX,Black,,False,Tempered Glass,,2,False
KOLINK Inspire K7 ARGB,,ATX Mid Tower,ATX,Black,,False,Tempered Glass,33.4,2,False
FSP Group S380,,MicroATX Mini Tower,Micro ATX,White,,False,Tempered Glass,48.2,2,False
Lian Li O11 Dynamic Mini,,ATX Mid Tower,ATX,White / Black,,False,Tempered Glass,43.0,2,False
Corsair Carbide Series 275R,,ATX Mid Tower,ATX,White,,False,Tempered Glass,44.2,2,False
GAMDIAS AURA GC1,,ATX Mid Tower,ATX,Black,,False,Tempered Glass,31.1,2,False
GAMDIAS Talos M3 Mesh,1981.2,ATX Mid Tower,ATX,White,,False,Tempered Glass,48.6,2,True
Jonsbo D300,,MicroATX Mid Tower,Micro ATX,White,,False,Tempered Glass,45.8,2,False
Jonsbo T6,,Mini ITX Tower,Mini ITX,,,False,Solid,13.7,0,False
Ocypus Gamma C50,,MicroATX Mini Tower,Micro ATX,Black,,False,Tempered Glass,34.6,2,False
Antec NX416L,,ATX Mid Tower,ATX,Black,,False,Tempered Glass,49.9,2,False
be quiet! Silent Base 802,3849.6,ATX Mid Tower,ATX,White,,False,Tempered Glass,83.8,3,True
Fractal Design Era ITX,,Mini ITX Desktop,Mini ITX,Silver,,False,Tinted Tempered Glass,16.7,1,False
ENDORFY ARX 500 Air,2070.0,ATX Mid Tower,ATX,Black,,False,Tempered Glass,47.5,1,True
Corsair Crystal 280X RGB,4799.8,MicroATX Mid Tower,Micro ATX,White,,False,Tempered Glass,,2,True
Corsair Graphite Series 760T,,ATX Full Tower,ATX,Black,,False,Acrylic,78.8,6,False
Cooler Master Silencio S400,,MicroATX Mini Tower,Micro ATX,Black,,False,Solid,,4,False
Thermaltake CTE C750 ARGB,3699.6,ATX Full Tower,ATX,Black,,False,Tempered Glass,110.7,7,True
Phanteks EVOLV SHIFT XT,,Mini ITX Desktop,Mini ITX,Silver / Black,,False,Tempered Glass,17.5,0,False
Antec Dark Phantom DP301M,,MicroATX Mid Tower,Micro ATX,Black,,False,Acrylic,,2,False
Cooler Master Storm Stryker,,ATX Full Tower,ATX,White / Black,,False,Acrylic,86.7,8,False
Corsair 5000D CORE AIRFLOW,,ATX Mid Tower,ATX,Black,,False,Tinted Tempered Glass,66.2,2,False
Aerocool Shard,,ATX Mid Tower,ATX,Black,,False,Acrylic,36.5,2,False
Thermaltake AX700,7999.8,ATX Full Tower,ATX,White,,False,Tempered Glass,141.4,18,True
be quiet! Dark Base 700,,ATX Mid Tower,ATX,Black,,False,Tempered Glass,,7,False
Apex MI-008,1367.8,Mini ITX Tower,Mini ITX,Black,250.0,True,Solid,8.5,1,True
Lian Li LANCOOL 216 RGB w/Controller,,ATX Mid Tower,ATX,White,,False,Tinted Tempered Glass,55.6,2,False
Aerocool Bolt Mini,,MicroATX Mini Tower,Micro ATX,Black,,False,Acrylic,,2,False
Fractal Design Meshify 2 Compact TG Dark Tint,,ATX Mid Tower,ATX,Black,,False,Tinted Tempered Glass,42.3,2,False
Corsair Crystal 460X RGB,,ATX Mid Tower,ATX,Black,,False,Tempered Glass,44.9,2,False
Jonsbo N2,,Mini ITX Desktop,Mini ITX,White,,False,Solid,11.1,5,False
Fractal Design Define 7 Compact,,ATX Mid Tower,ATX,Black,,False,Tempered Glass,42.5,2,False
NZXT H7 Flow RGB (2023),3199.8,ATX Mid Tower,ATX,White,,False,Tempered Glass,55.8,2,True
1STPLAYER T3,,MicroATX Mid Tower,Micro ATX,Black,,False,Tempered Glass,32.4,2,False
Thermaltake View 380 XL TG ARGB,1699.8,ATX Mid Tower,ATX,Red / Copper,,False,Tempered Glass,63.6,1,True
Silverstone SG13,1516.2,Mini ITX Tower,Mini ITX,White / Black,,False,Solid,11.5,1,True
GAMDIAS NESO P1,3019.8,ATX Full Tower,ATX,Black / White,,False,Tempered Glass,75.2,5,True
be quiet! Silent Base 601,,ATX Mid Tower,ATX,Black,,False,Solid,,3,False
SSUPD Meshlicious (PCIe 4.0),,Mini ITX Tower,Mini ITX,White,,False,Mesh,14.7,0,False
Lian Li V3000 PLUS White GGF Edition,9899.79,ATX Full Tower,ATX,White,,False,Tempered Glass,127.6,8,True
Fractal Design Define R6,,ATX Mid Tower,ATX,Black / White,,False,Solid,56.7,6,False
KOLINK OBSERVATORY RGB,,ATX Mid Tower,ATX,Black,,False,Tinted Tempered Glass,,3,False
Deepcool TESSERACT BF,,ATX Mid Tower,ATX,Black / Blue,,False,Acrylic,36.4,4,False
SHARKOON TG5,,ATX Mid Tower,ATX,Black / Red,,False,Acrylic,,3,False
NZXT H440,,ATX Mid Tower,ATX,Black / Red,,False,Acrylic,53.3,8,False
Xigmatek SS04,,MicroATX Mid Tower,Micro ATX,Black,,False,Solid,22.1,2,False
Apevia Genesis-BK,1499.6,ATX Mid Tower,ATX,Black,,False,Tempered Glass,,3,True
Thermaltake Core P3 TG Pro Snow,2599.8,ATX Mid Tower,ATX,,,False,Tempered Glass,71.7,4,True
Genesis Irid 503,,ATX Mini Tower,ATX,Black,,False,Tempered Glass,38.8,2,False
Antec CX700 RGB ELITE,1932.2,ATX Mid Tower,ATX,White,,False,Tempered Glass,44.5,2,True
Montech HS02,1918.0,ATX Mid Tower,ATX,Black,,False,Tempered Glass,55.3,2,True
Thermaltake The Tower 300 Bumblebee,2099.79,MicroATX Mini Tower,Micro ATX,Yellow / Black,,False,Tempered Glass,53.0,3,True
Asus A21,,MicroATX Mini Tower,Micro ATX,White,,False,Tempered Glass,44.0,2,False
Deepcool MATREXX 55 V3 ADD-RGB 3F,,ATX Mid Tower,ATX,Black,,False,Tempered Glass,,2,False
Cooler Master HAF X,,ATX Full Tower,ATX,Black,,False,Acrylic,75.0,5,False
Corsair Carbide Series 100R,,ATX Mid Tower,ATX,Black,,False,Solid,,4,False
Anidees AI CRYSTAL XL PRO LITE,6197.79,ATX Full Tower,ATX,Black,,False,Tempered Glass,,0,True
Corsair iCUE 4000D RGB Airflow QL Edition,2999.8,ATX Mid Tower,ATX,White,,False,Tempered Glass,48.6,2,True
darkFlash L280,2864.4,ATX Mid Tower,ATX,White,,False,Tempered Glass,54.6,2,True
CiT Slammer,,MicroATX Mid Tower,Micro ATX,Black,,False,Tempered Glass,31.7,2,False
HYTE Y70 Silver Wolf,5999.8,ATX Mid Tower,ATX,Black / Purple,,False,Tempered Glass,70.7,2,True
KOLINK Observatory MX Mesh ARGB,,ATX Mid Tower,ATX,Black / White,,False,Tempered Glass,30.8,2,False
PC Cooler C3 T500 ARGB,2399.79,ATX Mid Tower,ATX,White,,False,Tempered Glass,45.1,2,True
Thermaltake S300 Tempered Glass Snow Edition,1679.8,ATX Mid Tower,ATX,White,,False,Tempered Glass,,2,True
Antec CX500M ARGB,,MicroATX Mini Tower,Micro ATX,White,,False,Tempered Glass,40.8,2,False
Cooler Master MasterBox NR400 (w/o ODD),,MicroATX Mid Tower,Micro ATX,Black,,False,Tempered Glass,35.5,3,False
Fractal Design Define 7 Nano,,Mini ITX Tower,Mini ITX,Black,,False,Solid,29.5,1,False
darkFlash DLM 22,,MicroATX Mid Tower,Micro ATX,Black,,False,Tempered Glass,,2,False
MSI MAG VAMPIRIC 010,,ATX Mid Tower,ATX,Black,,False,Tempered Glass,41.9,2,False
Linkworld 920-01C2121U,990.0,HTPC,Mini ITX,Black,150.0,True,Solid,5.3,0,True
Silverstone CS351,3799.8,MicroATX Desktop,Micro ATX,Black,,False,Solid,22.8,2,True
Thermaltake The Tower 200,2099.6,Mini ITX Tower,Mini ITX,Beige,,False,Tempered Glass,45.1,2,True
Corsair 2000D RGB AIRFLOW,,Mini ITX Tower,Mini ITX,White,,False,Mesh,24.8,0,False
Thermaltake Ceres 300 TG ARGB,2399.6,ATX Mid Tower,ATX,Green,,False,Tempered Glass,53.9,1,True
GameMax HYPE,,ATX Mid Tower,ATX,Black,,False,Tempered Glass,113.8,2,False
BitFenix Nova Mesh M ARGB,,MicroATX Mini Tower,Micro ATX,Black,,False,Tempered Glass,31.6,2,False
Fractal Design Define S,,ATX Mid Tower,ATX,Black,,False,Solid,57.7,3,False
Antec VSK 3000 Elite,2268.6,MicroATX Mini Tower,Micro ATX,Black,,False,Solid,27.5,4,True
be quiet! Pure Base 500,1998.0,ATX Mid Tower,ATX,White,,False,Solid,46.0,2,True
PC Cooler CPS C3D310 ARGB,,MicroATX Mid Tower,Micro ATX,Black,,False,Tempered Glass,36.6,2,False
Corsair iCUE 5000T LX RGB,6799.8,ATX Mid Tower,ATX,White,,False,Tempered Glass,74.5,2,True
KOLINK Rocket V2,,Mini ITX Tower,Mini ITX,Silver,,False,Mesh,14.2,0,False
Thermaltake V250 TG ARGB,2699.2,ATX Mid Tower,ATX,Black,,False,Tempered Glass,,2,True
Antec AX81 ELITE,,ATX Mid Tower,ATX,Black,,False,Tempered Glass,42.9,2,False
Fractal Design Pop Mini Silent,,MicroATX Mid Tower,Micro ATX,Black,,False,Tempered Glass,36.5,2,False
HYTE Y70 Touch,,ATX Mid Tower,ATX,Black / White,,False,Tempered Glass,70.7,2,False
Corsair 480T RGB,,ATX Mid Tower,ATX,Black,,False,Tempered Glass,45.4,0,False
Tecware Forge M ARGB,,MicroATX Mini Tower,Micro ATX,Black,,False,Tempered Glass,34.4,1,False
Phanteks Eclipse P360A,,ATX Mid Tower,ATX,White,,False,Tempered Glass,42.3,2,False
KOLINK Observatory HF Mesh ARGB,,ATX Mid Tower,ATX,White,,False,Tempered Glass,35.0,4,False
ADATA XPG INVADER X,3380.0,ATX Mid Tower,ATX,Black,,False,Tempered Glass,52.1,3,True
Raidmax ATX-818WB,,MicroATX Mid Tower,Micro ATX,Black,,False,Acrylic,,4,False
Cooler Master HAF 932 Advanced,,ATX Full Tower,ATX,Black,,False,Acrylic,71.7,5,False
Montech X2 Mesh,,ATX Mid Tower,ATX,Black,,False,Tempered Glass,32.3,2,False
Xigmatek Cubi ARGB,,ATX Mid Tower,ATX,Black,,False,Tempered Glass,62.8,2,False
GameMax MeshBox,,ATX Mid Tower,ATX,Black,,False,Mesh,33.5,1,False
Antec P20C,1599.8,ATX Mid Tower,ATX,Black,,False,Tempered Glass,50.6,2,True
Fractal Design Pop XL Silent,10734.6,ATX Full Tower,ATX,Black,,False,Tempered Glass,62.4,3,True
Antec CX600M Wood ARGB,,MicroATX Mini Tower,Micro ATX,Black / Brown,,False,Tempered Glass,46.8,1,False
Thermaltake The Tower 300,3399.8,MicroATX Mini Tower,Micro ATX,Brown / Gold,,False,Tempered Glass,53.0,3,True
SHARKOON Rebel C70G RGB,,ATX Mid Tower,ATX,Brown / Black,,False,Tempered Glass,54.5,3,False
Cooler Master Elite 130,,Mini ITX Tower,Mini ITX,Black,,False,Solid,19.8,3,False
Corsair Carbide Series 500R,,ATX Mid Tower,ATX,Black,,False,Solid,54.2,6,False
HEC 6T10LITE,,MicroATX Mini Tower,Micro ATX,Black,,False,Solid,24.0,2,False
Lian Li LANCOOL 206,3399.8,ATX Mid Tower,ATX,White,,False,Tempered Glass,49.6,3,True
Silverstone Lucid 04,,MicroATX Mid Tower,Micro ATX,Black,,False,Tempered Glass,38.2,2,False
KOLINK OBSERVATORY LITE MESH RGB,,ATX Mid Tower,ATX,Black,,False,Tempered Glass,,2,False
be quiet! Pure Base 600,,ATX Mid Tower,ATX,Black / Orange,,False,Tempered Glass,50.9,3,False
Thermaltake The Tower 250,2999.8,Mini ITX Tower,Mini ITX,Green / Black,,False,Tempered Glass,42.7,1,True
KOLINK Observatory Lite,,ATX Mid Tower,ATX,Black,,False,Tempered Glass,33.4,2,False
Antec CX800 RGB ELITE,,ATX Mid Tower,ATX,Black,,False,Tempered Glass,51.2,2,False
AQIRYS Sargas,,ATX Mid Tower,ATX,Black / Blue,,False,Tempered Glass,50.1,2,False
Cooler Master MasterCase Pro 5,,ATX Mid Tower,ATX,Black,,False,Acrylic,,5,False
NZXT S340 Elite,,ATX Mid Tower,ATX,White,,False,Tempered Glass,41.6,2,False
Phanteks Eclipse P400A Digital,,ATX Mid Tower,ATX,White,,False,Tempered Glass,45.9,2,False
Mars Gaming MCZ,,MicroATX Mid Tower,Micro ATX,Black,,False,Tempered Glass,,1,False
Cooler Master MasterBox TD500 Mesh w/ Controller,,ATX Mid Tower,ATX,Black,,False,Tempered Glass,,2,False
Cooler Master MasterBox MB511 ARGB,,ATX Mid Tower,ATX,Black,,False,Tempered Glass,,2,False
SSUPD Meshroom S w/PCIe 4.0 Riser,,ATX Mini Tower,ATX,Black,,False,Mesh,14.9,0,False
Thermaltake CTE C700 Air,2699.6,ATX Mid Tower,ATX,Black,,False,Tempered Glass,93.8,7,True
Mars Gaming MCV4,,ATX Mid Tower,ATX,Pink / Black,,False,Tempered Glass,50.9,2,False
Thermaltake CTE C750 Air ARGB,,ATX Full Tower,ATX,White,,False,Tempered Glass,110.7,7,False
CiT Seven,,MicroATX Mid Tower,Micro ATX,Black,,False,Acrylic,,1,False
ENDORFY Signum 300 Air,2612.2,ATX Mid Tower,ATX,Black,,False,Tempered Glass,39.9,2,True
Fractal Design Focus G,,ATX Mid Tower,ATX,White,,False,Acrylic,42.2,2,False
Fractal Design Core 500,,Mini ITX Desktop,Mini ITX,Black,,False,Solid,18.6,3,False
KOLINK Observatory HF Glass ARGB,,ATX Mid Tower,ATX,Black,,False,Tempered Glass,35.0,2,False
Fractal Design Meshify 2 Compact Lite,,ATX Mid Tower,ATX,White,,False,Tempered Glass,42.3,2,False
Fractal Design Pop Air,3092.4,ATX Mid Tower,ATX,White,,False,Tempered Glass,46.2,2,True
Deepcool CH360 DIGITAL,,MicroATX Mid Tower,Micro ATX,White,,False,Tempered Glass,39.7,2,False
Chieftec Hunter,2225.8,ATX Mid Tower,ATX,Black,,False,Tempered Glass,39.8,2,True
Deepcool CH780,,ATX Full Tower,ATX,Black,,False,Tempered Glass,72.7,2,False
Silverstone ML06B,1850.8,HTPC,Mini ITX,Black,,False,Solid,7.1,0,True
Corsair 4000D Airflow Teak,2350.0,ATX Mid Tower,ATX,Black / Brown,,False,Tempered Glass,48.6,2,True
Silverstone ML03B,2028.19,HTPC,Mini ITX,Black,,False,Solid,15.5,2,True
Inter-Tech IM-1 POCKET,,MicroATX Mini Tower,Micro ATX,Black,,False,Mesh,21.9,4,False
Silverstone ML07B,2374.4,HTPC,Mini ITX,Black,,False,Solid,13.9,1,True
SHARKOON Rebel C20 ITX RGB,,Mini ITX Desktop,Mini ITX,Black,,False,Mesh,29.5,1,False
MSI MPG GUNGNIR 300P AIRFLOW,7239.6,ATX Mid Tower,ATX,Black,,False,Tempered Glass,60.5,2,True
Phanteks Evolv X,,ATX Mid Tower,ATX,Silver,,False,Tinted Tempered Glass,64.9,4,False
Phanteks Eclipse P500A,,ATX Mid Tower,ATX,Black,,False,Tempered Glass,,2,False
Lian Li O11 Dynamic Mini,,ATX Mid Tower,ATX,Black,750.0,True,Tempered Glass,43.0,2,False
BitFenix CETO Premium,,ATX Mid Tower,ATX,Black,,False,Tempered Glass,49.0,3,False
CiT SO14B,,MicroATX Desktop,Micro ATX,Black,300.0,True,Solid,12.3,2,False
Thermaltake The Tower 250,2999.0,Mini ITX Tower,Mini ITX,Blue / White,,False,Tempered Glass,42.7,1,True
be quiet! Pure Base 500,,ATX Mid Tower,ATX,Black,,False,Tempered Glass,46.0,2,False
iBuypower Element 9,2299.79,ATX Mid Tower,ATX,Black,,False,Tempered Glass,49.2,2,True
Antec C7 ARGB,3639.8,ATX Mid Tower,ATX,White,,False,Tempered Glass,58.9,2,True
Corsair 5000D,,ATX Mid Tower,ATX,White / Gray,,False,Tempered Glass,66.2,2,False
Thermaltake H200 TG RGB,,ATX Mid Tower,ATX,Black,,False,Tempered Glass,39.7,2,False
Tempest Umbra,,ATX Mid Tower,ATX,Black,,False,Tempered Glass,,2,False
Thermaltake Level 20 RS ARGB,1799.6,ATX Mid Tower,ATX,Black,,False,Tempered Glass,,3,True
Jonsbo D41 STD,,ATX Mid Tower,ATX,Black,,False,Tempered Glass,35.4,2,False
Jonsbo TK-2 2.0,3240.0,ATX Mid Tower,ATX,White,,False,Tempered Glass,53.2,1,True
Fractal Design Meshify 2 Compact Lite RGB,6421.0,ATX Mid Tower,ATX,Black,,False,Tinted Tempered Glass,42.3,2,True
BitFenix Nova Mesh M ARGB,,MicroATX Mini Tower,Micro ATX,White,,False,Tempered Glass,31.6,2,False
Asus ROG Strix Helios EVA Edition,,ATX Full Tower,ATX,Black / Multicolor,,False,Tinted Tempered Glass,83.5,2,False
Antec NX292,,ATX Mid Tower,ATX,Black,,False,Tempered Glass,37.6,2,False
GAMDIAS ARGUS E4 ELITE,1229.4,ATX Mid Tower,ATX,Black,,False,Tempered Glass,,2,True
GAMDIAS TALOS E3 MESH ELITE,,ATX Mid Tower,ATX,White,,False,Tempered Glass,48.6,2,False
Deepcool MORPHEUS,,ATX Full Tower,ATX,Black,,False,Tempered Glass,72.7,2,False
Corsair iCUE 465X RGB,,ATX Mid Tower,ATX,White / Black,,False,Tempered Glass,,2,False
Corsair iCUE 220T RGB,,ATX Mid Tower,ATX,Black,,False,Tempered Glass,37.3,2,False
Aerocool P300C,,MicroATX Mini Tower,Micro ATX,Black,,False,Tempered Glass,49.8,2,False
Zalman CHRONIX,,ATX Mid Tower,ATX,Black,,False,Tempered Glass,45.7,2,False
Rosewill Helium Flow,1599.6,ATX Mid Tower,ATX,White,,False,Solid,50.5,3,True
Vetroo AL800,1299.6,ATX Mid Tower,ATX,Black,,False,Tempered Glass,46.4,2,True
Asus ProArt PA401 Wood Edition,5479.2,ATX Mid Tower,ATX,Black,,False,Solid,46.6,2,True
Thermaltake The Tower 200,,Mini ITX Tower,Mini ITX,White,,False,Tempered Glass,45.1,2,False
Lian Li LANCOOL 205 Mesh,3900.0,ATX Mid Tower,ATX,Black,,False,Tempered Glass,41.3,2,True
Gigabyte AORUS C700,,ATX Full Tower,ATX,Black,,False,Tempered Glass,144.2,4,False
Gigabyte AORUS C300,,ATX Mid Tower,ATX,Black,,False,Tinted Tempered Glass,,2,False
GAMDIAS AURA GC2 ELITE,,ATX Mid Tower,ATX,Black,,False,Tempered Glass,34.7,2,False
Corsair 4000D,,ATX Mid Tower,ATX,Black,,False,Tempered Glass,48.6,2,False
Apex DM-387,1759.8,HTPC,Mini ITX,Black,275.0,True,Solid,12.8,1,True
MagniumGear NEO QUBE 2,,ATX Mid Tower,ATX,Black,,False,Tempered Glass,55.9,2,False
be quiet! Pure Base 600,,ATX Mid Tower,ATX,Black / Silver,,False,Solid,50.9,3,False
Chieftec CI-02B-OP,,MicroATX Desktop,Micro ATX,Black,,False,Mesh,32.8,2,False
Thermaltake The Tower 500,,ATX Mid Tower,ATX,Black,,False,Tempered Glass,93.9,8,False
Zalman Z1 Iceberg,,MicroATX Mid Tower,Micro ATX,Black,,False,Tempered Glass,38.5,2,False
Montech KING 95,,ATX Mid Tower,ATX,White,,False,Tempered Glass,63.0,5,False
Corsair Crystal Series 280X,,MicroATX Mid Tower,Micro ATX,Black,,False,Tempered Glass,,2,False
Lian Li Lancool II Mesh,,ATX Mid Tower,ATX,White,,False,Tempered Glass,54.1,3,False
Corsair Carbide Series 110R,,ATX Mid Tower,ATX,Black,,False,Tempered Glass,42.1,2,False
Montech HS01,1798.0,ATX Mid Tower,ATX,Black,,False,Tempered Glass,55.3,2,True
GAMDIAS ATLAS E1,1696.8,ATX Mid Tower,ATX,White,,False,Tempered Glass,36.3,1,True
Fractal Design Meshify 2 RGB,,ATX Mid Tower,ATX,White / Black,,False,Tempered Glass,61.7,6,False
Fractal Design Torrent Compact,,ATX Mid Tower,ATX,Black,,False,Tinted Tempered Glass,46.7,1,False
Deepcool CH560 DIGITAL,,ATX Mid Tower,ATX,White,,False,Tempered Glass,49.6,2,False
Lian Li Lancool II Mesh C Performance,,ATX Mid Tower,ATX,Black,,False,Tempered Glass,54.1,3,False
Deepcool CH360,,MicroATX Mid Tower,Micro ATX,White,,False,Tempered Glass,39.7,2,False
Phanteks Eclipse P600S,3179.6,ATX Mid Tower,ATX,White,,False,Tempered Glass,,4,True
Chieftec APEX,3575.6,ATX Mid Tower,ATX,Black,,False,Tempered Glass,52.9,2,True
Corsair SPEC-OMEGA RGB,,ATX Mid Tower,ATX,Black,,False,Tempered Glass,,3,False
Deepcool CK560,,ATX Mid Tower,ATX,Black,,False,Tempered Glass,,2,False
Tecware Nexus M,,MicroATX Mid Tower,Micro ATX,Black,,False,Tempered Glass,,2,False
Deepcool MATREXX 50,,ATX Mid Tower,ATX,Black,,False,Tempered Glass,44.5,2,False
Silverstone FARA 313 Type-C,1571.8,MicroATX Mid Tower,Micro ATX,Black,,False,Solid,26.7,3,True
Geometric Future Model 5,2998.0,ATX Mid Tower,ATX,White,,False,Tempered Glass,51.1,2,True
KOLINK STRONGHOLD,,ATX Mid Tower,ATX,White / Black,,False,Tempered Glass,,3,False
Asiahorse Perseus,3599.8,ATX Mid Tower,ATX,Black,,False,Tempered Glass,73.9,2,True
HYTE Persona 3 Reload Y60,4599.8,ATX Mid Tower,ATX,Black / Blue,,False,Tempered Glass,60.0,2,True
NZXT H7,,ATX Mid Tower,ATX,White,,False,Tempered Glass,55.8,2,False
Lian Li TU150,,Mini ITX Desktop,Mini ITX,Black,,False,Tempered Glass,23.8,1,False
Corsair Carbide Series 400C,,ATX Mid Tower,ATX,Black,,False,Acrylic,42.4,2,False
Silverstone FARA H1M,1599.0,MicroATX Mini Tower,Micro ATX,Black,,False,Solid,30.1,2,True
Geometric Future Model 5 Fanless,2198.0,ATX Mid Tower,ATX,Black / Gray,,False,Tempered Glass,51.1,2,True
Thermaltake Ceres 300 TG ARGB,1999.8,ATX Mid Tower,ATX,White,,False,Tempered Glass,53.9,1,True
Thermaltake AX700,8099.6,ATX Full Tower,ATX,White,,False,Mesh,141.4,18,True
Cougar Archon 2 Mesh RGB,,ATX Mid Tower,ATX,Black,,False,Tempered Glass,37.5,2,False
GameMax Infinity,,ATX Mid Tower,ATX,White,,False,Tempered Glass,45.7,1,False
FormD T1 V2.1 CNC Anodized,,Mini ITX Desktop,Mini ITX,Silver,,False,Mesh,,0,False
Thermaltake The Tower 200 Bumblebee,2099.6,Mini ITX Tower,Mini ITX,Yellow / Black,,False,Tempered Glass,45.1,2,True
Mars Gaming MC-VIEW,,MicroATX Mid Tower,Micro ATX,Pink,,False,Tempered Glass,32.1,1,False
Antec CX600M Trio ARGB,2236.8,MicroATX Mini Tower,Micro ATX,Black,,False,Tempered Glass,46.8,1,True
Cooler Master MasterCase H500 ARGB,4935.0,ATX Mid Tower,ATX,Black,,False,Tempered Glass,,2,True
Fractal Design Define 7 Mini,,MicroATX Mini Tower,Micro ATX,Black,,False,Tinted Tempered Glass,33.2,2,False
KOLINK VOID RGB,,ATX Mid Tower,ATX,Black,,False,Tempered Glass,,2,False
Fractal Design Meshify 2,,ATX Mid Tower,ATX,White / Black,,False,Tempered Glass,61.7,6,False
Montech AIR 1000 PREMIUM,,ATX Mid Tower,ATX,White,,False,Tempered Glass,45.3,2,False
Thermaltake Core X9,,ATX Desktop,ATX,Black,,False,Acrylic,,7,False
Montech Heritage,1798.0,MicroATX Mid Tower,Micro ATX,White,,False,Tempered Glass,41.5,1,True
Antec CX600M Trio ARGB,3714.6,MicroATX Mini Tower,Micro ATX,White,,False,Tempered Glass,46.8,1,True
Mars Gaming MC-S1,,MicroATX Mini Tower,Micro ATX,White,,False,Acrylic,18.6,1,False
Azza Aero,2199.79,ATX Mid Tower,ATX,Black,,False,Mesh,47.3,2,True
ADATA XPG INVADER,1698.6,ATX Mid Tower,ATX,Black,,False,Tempered Glass,,2,True
Cooler Master HAF 700 EVO,,ATX Full Tower,ATX,White,,False,Tempered Glass,,12,False
Fractal Design Define 7 Nano,,Mini ITX Tower,Mini ITX,Black,,False,Tinted Tempered Glass,29.5,1,False
Cooler Master MasterBox 520 Mesh,,ATX Mid Tower,ATX,Black / White,,False,Tempered Glass,52.5,2,False
NZXT H630,,ATX Full Tower,ATX,Black,,False,Solid,,8,False
SAMA IM01 Pro,,MicroATX Mini Tower,Micro ATX,Black,,False,Tempered Glass,26.1,4,False
Thermaltake The Tower 600,3719.8,ATX Mid Tower,ATX,Red,,False,Tempered Glass,66.2,1,True
MagniumGear Neo-G Mini V2,,Mini ITX Tower,Mini ITX,Black,,False,Tempered Glass,,1,False
Antec P20CE,3452.2,ATX Mid Tower,ATX,Black,,False,Solid,50.6,2,True
Thermaltake View 200 TG ARGB,1699.6,ATX Mid Tower,ATX,White,,False,Tempered Glass,38.2,2,True
Silverstone Lucid 04,,MicroATX Mid Tower,Micro ATX,White,,False,Tempered Glass,38.2,2,False
Fractal Design Meshify 2,,ATX Mid Tower,ATX,Gray,,False,Tinted Tempered Glass,61.7,6,False
PC Cooler C3 T500 ARGB,3371.2,ATX Mid Tower,ATX,Black,,False,Tempered Glass,45.1,2,True
Phanteks Enthoo Pro,,ATX Full Tower,ATX,White,,False,Acrylic,68.6,6,False
Corsair Crystal 570X RGB,,ATX Mid Tower,ATX,White,,False,Acrylic,57.5,2,False
be quiet! Dark Base Pro 900 Rev. 2,,ATX Full Tower,ATX,Black / Orange,,False,Tempered Glass,,7,False
Deepcool CC560,,ATX Mid Tower,ATX,White,,False,Tempered Glass,41.7,2,False
Aerocool Hexform RGB,,MicroATX Mid Tower,Micro ATX,Black,,False,Tempered Glass,28.0,2,False
Silverstone FARA 513 Type-C,1966.2,ATX Mid Tower,ATX,Black,,False,Solid,44.6,2,True
Cougar Archon 2 Mesh RGB,,ATX Mid Tower,ATX,White,,False,Tempered Glass,37.5,2,False
MagniumGear Neo Micro V2,,MicroATX Mid Tower,Micro ATX,Black,,False,Tempered Glass,,2,False
CiT MTX-007B,,Mini ITX Desktop,Mini ITX,Black,180.0,True,Solid,5.1,0,False
Lian Li TU150,,Mini ITX Desktop,Mini ITX,Black,,False,Solid,23.8,1,False
MUSETEX G06MN6-B,,ATX Mid Tower,ATX,Black,,False,Tempered Glass,39.7,2,False
Asus ROG Z11,,Mini ITX Tower,Mini ITX,Black,,False,Tinted Tempered Glass,,1,False
Phanteks Eclipse P400S,,ATX Mid Tower,ATX,Black / White,,False,Tinted Tempered Glass,45.9,2,False
Corsair Carbide Series SPEC-06,,ATX Mid Tower,ATX,Black,,False,Tempered Glass,,2,False
Aerocool Aero One Eclipse,,ATX Mid Tower,ATX,Black,,False,Tempered Glass,,2,False
Silverstone SG13 V2,1506.0,Mini ITX Tower,Mini ITX,Pink,,False,Solid,11.5,1,True
CiT Mirage F6,,ATX Mid Tower,ATX,Black,,False,Tempered Glass,29.9,2,False
DIYPC F2,,MicroATX Mini Tower,Micro ATX,Black / Orange,,False,Acrylic,,2,False
NZXT H710,,ATX Mid Tower,ATX,Black,,False,Tempered Glass,58.6,4,False
Antec Performance 1 M,4299.8,Mini ITX Desktop,Mini ITX,Green / Black,,False,Mesh,19.3,0,True
Thermaltake CTE T500 Air,2699.6,ATX Full Tower,ATX,White,,False,Tempered Glass,87.3,4,True
Corsair 5000D CORE AIRFLOW,,ATX Mid Tower,ATX,White,,False,Tempered Glass,66.2,2,False
Antec AX90,,ATX Mid Tower,ATX,Black,,False,Tempered Glass,48.3,2,False
Corsair Graphite Series 780T,,ATX Full Tower,ATX,Black,,False,Acrylic,109.9,6,False
SHARKOON T9 Value,,MicroATX Mid Tower,Micro ATX,Black / Red,,False,Acrylic,,0,False
MUSETEX Phantom,,ATX Mid Tower,ATX,Black,,False,Tempered Glass,,3,False
SilentiumPC Signum SG1 TG,,ATX Mid Tower,ATX,Black,,False,Tempered Glass,,2,False
Silverstone SUGO 17,4249.59,MicroATX Desktop,Micro ATX,Black,,False,Mesh,26.1,1,True
CiT DS360,,ATX Mid Tower,ATX,White,,False,Tempered Glass,52.1,0,False
Thermaltake View 51 Snow ARGB Edition,4292.0,ATX Full Tower,ATX,White,,False,Tempered Glass,91.0,2,True
In Win BL040.300TB3LF,2051.6,HTPC,Mini ITX,Black,300.0,True,Solid,11.6,2,True
Thermaltake The Tower 100,2579.8,Mini ITX Tower,Mini ITX,Turquoise / Black,,False,Tempered Glass,32.7,2,True
iBuypower Snowblind S,3999.8,ATX Mid Tower,ATX,White,,False,Tempered Glass,43.0,2,True
Fractal Design Define R6 USB-C,,ATX Mid Tower,ATX,Black / White,,False,Tempered Glass,56.7,6,False
G.Skill LT1,1399.6,MicroATX Mini Tower,Micro ATX,Black,,False,Tempered Glass,35.0,1,True
Fractal Design Arc Mini,,MicroATX Mini Tower,Micro ATX,Black,,False,Solid,40.9,6,False
Silverstone RVZ03,2820.8,Mini ITX Desktop,Mini ITX,Black,,False,Solid,,0,True
Fractal Design Meshify 2 Lite,,ATX Mid Tower,ATX,Black,,False,Tempered Glass,61.7,2,False
Corsair 5000T,4899.8,ATX Mid Tower,ATX,Black,,False,Tempered Glass,74.5,2,True
Fractal Design Meshify 2 Compact White TG Clear Tint,,ATX Mid Tower,ATX,White / Black,,False,Tempered Glass,42.3,2,False
Cooler Master MasterBox MB400L,,MicroATX Mini Tower,Micro ATX,Black,,False,Tempered Glass,36.7,2,False
Empire Gaming Diamond,,ATX Mid Tower,ATX,Black,,False,Tempered Glass,48.5,2,False
SHARKOON MK6 RGB,,MicroATX Mid Tower,Micro ATX,Black,,False,Tempered Glass,43.6,2,False
Thermaltake The Tower 300,3399.8,MicroATX Mini Tower,Micro ATX,Turquoise / Black,,False,Tempered Glass,53.0,3,True
DAN Cases C4-SFXv1,,Mini ITX Desktop,Mini ITX,Silver,,False,Mesh,15.9,0,False
Deepcool CG560,,ATX Mid Tower,ATX,Black,,False,Tempered Glass,48.9,2,False
Cougar Airface Pro RGB,,ATX Mid Tower,ATX,Black,,False,Tempered Glass,55.4,2,False
Lian Li LANCOOL II-W,,ATX Mid Tower,ATX,White / Black,,False,Tempered Glass,,3,False
Cooler Master Elite 110,,Mini ITX Tower,Mini ITX,Black,,False,Solid,15.3,3,False
Phanteks Eclipse P400S,,ATX Mid Tower,ATX,White,,False,Tinted Tempered Glass,45.9,2,False
Rosewill SPECTRA D100,,ATX Mid Tower,ATX,Black,,False,Tempered Glass,,2,False
MSI MAG FORGE 112R,,ATX Mid Tower,ATX,Black,750.0,True,Tempered Glass,42.5,2,False
MagniumGear NEO QUBE 2 Infinity Mirror,2139.6,ATX Mid Tower,ATX,White,,False,Tempered Glass,55.9,2,True
Phanteks Eclipse P200A Performance,,Mini ITX Tower,Mini ITX,Black,,False,Solid,29.9,0,False
TRYX LUCA L70,4999.8,ATX Mid Tower,ATX,Black,,False,Tempered Glass,80.9,0,True
Antec NX260,,ATX Mid Tower,ATX,Black,,False,Tempered Glass,,2,False
Geometric Future Model 5,2698.0,ATX Mid Tower,ATX,Black / Yellow,,False,Tempered Glass,51.1,2,True
Asus A21 PLUS,,MicroATX Mini Tower,Micro ATX,White,,False,Tempered Glass,44.0,2,False
ENDORFY Regnum 400 Air,3025.6,ATX Mid Tower,ATX,Black,,False,Tempered Glass,45.9,2,True
Jonsbo MOD-3,6506.2,ATX Mid Tower,ATX,Black,,False,Tempered Glass,93.1,1,True
KOLINK VOID X ARGB,,ATX Mid Tower,ATX,Black,,False,Tempered Glass,,2,False
GAMDIAS APOLLO E2 ELITE,,ATX Mid Tower,ATX,Black,,False,Tempered Glass,,2,False
Fractal Design Meshify 2,,ATX Mid Tower,ATX,Black,,False,Tinted Tempered Glass,61.7,6,False
Cooler Master MasterBox Lite 3.1,,MicroATX Mid Tower,Micro ATX,Black / Red,,False,Tempered Glass,36.1,2,False
Apex MW-100,,Mini ITX Tower,Mini ITX,Black / White,60.0,True,Solid,2.9,0,False
NZXT H500i,,ATX Mid Tower,ATX,White,,False,Tempered Glass,41.3,3,False
In Win BK623.BH300TB3,2161.0,MicroATX Mini Tower,Micro ATX,Black / Silver,300.0,True,Solid,12.3,1,True
BGears b-Optillusion,1199.8,ATX Mid Tower,ATX,Black,,False,Tempered Glass,38.7,1,True
Thermaltake Ceres 350 MX,2594.2,ATX Mid Tower,ATX,Pink,,False,Tempered Glass,52.5,1,True
Thermaltake CTE T500,2209.79,ATX Full Tower,ATX,White,,False,Tempered Glass,87.3,4,True
Silverstone FARA 514X,2173.8,ATX Mid Tower,ATX,Black,,False,Tempered Glass,49.7,2,True
Thermaltake The Tower 250,3099.6,Mini ITX Tower,Mini ITX,Blue / Pink,,False,Tempered Glass,42.7,1,True
Antec NX500M ARGB,,MicroATX Mini Tower,Micro ATX,Black,,False,Tempered Glass,34.6,2,False
Corsair Obsidian Series 250D,,Mini ITX Tower,Mini ITX,Black,,False,Acrylic,28.1,2,False
Thermaltake Ceres 330 ARGB,1299.8,ATX Mid Tower,ATX,White,,False,Tempered Glass,53.9,1,True
Silverstone Sugo SG11,2632.4,MicroATX Mini Tower,Micro ATX,Black,,False,Solid,,3,True
Silverstone Milo 12,3969.4,HTPC,Mini ITX,Black,,False,Mesh,15.6,0,True
PrimoChill Praxis WetBench,4699.8,ATX Test Bench,ATX,Black,,False,Solid,,4,True
Thermaltake View 71 ARGB,,ATX Full Tower,ATX,Black,,False,Tempered Glass,,4,False
Fractal Design Define Nano S,,Mini ITX Desktop,Mini ITX,Black,,False,Solid,28.8,2,False
Fractal Design Define R4,,ATX Mid Tower,ATX,Black,,False,Solid,56.0,8,False
GAMDIAS ATLAS E1,1696.8,ATX Mid Tower,ATX,Black,,False,Tempered Glass,36.3,1,True
Thermaltake CTE C700 TG ARGB,3098.6,ATX Mid Tower,ATX,Black,,False,Tempered Glass,93.8,7,True
Cooler Master MasterBox MB600L V2,3720.0,ATX Mid Tower,ATX,Black,,False,Solid,37.7,2,True
Zalman S5,,ATX Mid Tower,ATX,Black,,False,Tempered Glass,,2,False
Corsair Crystal 280X RGB,4799.8,MicroATX Mid Tower,Micro ATX,Black,,False,Tempered Glass,,2,True
Thermaltake The Tower 100 Snow,,Mini ITX Tower,Mini ITX,White,,False,Tempered Glass,32.7,2,False
Fractal Design Define R5,,ATX Mid Tower,ATX,Black,,False,Acrylic,54.2,8,False
HYTE Y70 Touch,,ATX Mid Tower,ATX,Black / Red,,False,Tempered Glass,70.7,2,False
Rosewill THOR V2,,ATX Full Tower,ATX,Black,,False,Solid,74.8,6,False
Corsair Carbide Series 100R,,ATX Mid Tower,ATX,Black,,False,Acrylic,,4,False
Phanteks Enthoo EVOLV ATX,,ATX Mid Tower,ATX,Black,,False,Acrylic,,5,False
DIYPC ARGB Q10,,ATX Mid Tower,ATX,White,,False,Tempered Glass,50.4,1,False
FSP Group CUT593P,2199.79,ATX Full Tower,ATX,White,,False,Tempered Glass,62.6,3,True
Asiahorse Perseus,3599.8,ATX Mid Tower,ATX,White,,False,Tempered Glass,73.9,2,True
Zalman T7,,ATX Mid Tower,ATX,Black,,False,Tinted Acrylic,34.0,2,False
Thermaltake The Tower 300,3079.8,MicroATX Mini Tower,Micro ATX,Green / Pink,,False,Tempered Glass,53.0,3,True
In Win 101,2384.0,ATX Mid Tower,ATX,Black,,False,Tempered Glass,48.3,2,True
ADATA XPG INVADER X,3380.0,ATX Mid Tower,ATX,White,,False,Tempered Glass,52.1,3,True
Antec VSK2000-U3,,HTPC,Mini ITX,Black,,False,Solid,,1,False
Corsair 4000D,,ATX Mid Tower,ATX,White,,False,Tempered Glass,48.6,2,False
Apevia Prodigy,1499.6,MicroATX Mini Tower,Micro ATX,Black,,False,Tempered Glass,32.5,2,True
Phanteks Eclipse G300A (1 Fan),,ATX Mid Tower,ATX,Black,,False,Tempered Glass,37.2,1,False
Cougar Uniface RGB,,ATX Mid Tower,ATX,Black,,False,Tempered Glass,53.9,2,False
Cooler Master CMP 520,,ATX Mid Tower,ATX,Black,,False,Tempered Glass,41.5,2,False
SAMA NEVIEW 4503,,ATX Mid Tower,ATX,White,,False,Tempered Glass,54.7,0,False
GAMDIAS NESO P1 PRO,,ATX Full Tower,ATX,Black,,False,Tempered Glass,75.2,2,False
CiT Alpha,,MicroATX Mid Tower,Micro ATX,Black,,False,Tempered Glass,27.1,2,False
Thermaltake The Tower 600,3799.8,ATX Mid Tower,ATX,Green / White,,False,Tempered Glass,66.2,1,True
MSI MPG GUNGNIR 100,,ATX Mid Tower,ATX,Black,,False,Tempered Glass,60.8,2,False
NOX Hummer ASTRA,,ATX Mid Tower,ATX,White,,False,Tempered Glass,54.7,2,False
Rosewill PRISM S500,,ATX Mid Tower,ATX,Black,,False,Tempered Glass,,3,False
Azza Spectra,1299.6,ATX Mid Tower,ATX,White,,False,Tempered Glass,33.4,2,True
Fractal Design Meshify 3 XL RGB,4199.8,ATX Full Tower,ATX,White,,False,Tempered Glass,72.6,2,True
Silverstone FARA R1 PRO V2,,ATX Mid Tower,ATX,Black,,False,Tempered Glass,40.1,2,False
Thermaltake Versa H17,,MicroATX Mini Tower,Micro ATX,Black,,False,Acrylic,30.4,2,False
NZXT S340 Elite,,ATX Mid Tower,ATX,Black / Red,,False,Tempered Glass,41.6,2,False
NZXT H510i,,ATX Mid Tower,ATX,Black / Red,,False,Tempered Glass,41.3,2,False
In Win BQS656.DD120BL,,Mini ITX Desktop,Mini ITX,Black,120.0,True,Solid,3.3,0,False
NZXT H210,,Mini ITX Tower,Mini ITX,White,,False,Tempered Glass,27.3,1,False
aigo AZ300,,ATX Mid Tower,ATX,Black,,False,Tempered Glass,49.6,2,False
Zalman P10,,MicroATX Mini Tower,Micro ATX,Black,,False,Tempered Glass,,2,False
Raidmax X921 MESHIAN,1399.6,ATX Mid Tower,ATX,Black,,False,Tempered Glass,36.8,2,True
Thermaltake CTE E600,3099.6,ATX Mid Tower,ATX,Black,,False,Tempered Glass,77.4,2,True
SHARKOON VK2,,ATX Mid Tower,ATX,Black,,False,Solid,40.5,2,False
DIYPC DIY-S08,,ATX Mid Tower,ATX,Gray / Black,,False,Tempered Glass,33.2,2,False
Cooler Master MasterBox NR200P,,Mini ITX Desktop,Mini ITX,Pink,,False,Tempered Glass,20.3,2,False
Thermaltake AH T600 Snow,,ATX Full Tower,ATX,White / Black,,False,Tempered Glass,161.6,2,False
Fractal Design Meshify S2,,ATX Mid Tower,ATX,Black,,False,Tinted Tempered Glass,58.3,3,False
Lian Li PC-V650,,ATX Mini Tower,ATX,Black,,False,Solid,38.2,7,False
Corsair Carbide Series SPEC-04,,ATX Mid Tower,ATX,Black / Red,,False,Acrylic,42.8,3,False
NZXT H710i,,ATX Mid Tower,ATX,Black,,False,Tempered Glass,58.6,4,False
SAMA NEVIEW 2851A,,ATX Mid Tower,ATX,White,,False,Tempered Glass,53.9,1,False
Azza Celesta 340F,1359.6,ATX Mid Tower,ATX,Black,,False,Tempered Glass,40.2,2,True
Fractal Design Meshify 3,3199.8,ATX Mid Tower,ATX,White,,False,Tempered Glass,50.3,2,True
CiT F3 ARGB,,MicroATX Mid Tower,Micro ATX,White,,False,Tempered Glass,25.5,2,False
SSUPD Meshlicious,,Mini ITX Tower,Mini ITX,White,,False,Mesh,14.7,0,False
Fractal Design Pop Silent,,ATX Mid Tower,ATX,Black,,False,Tempered Glass,46.2,2,False
Deepcool CH690 DIGITAL,,ATX Mid Tower,ATX,White,,False,Tempered Glass,107.9,1,False
be quiet! Shadow Base 800 FX,4797.79,ATX Mid Tower,ATX,White,,False,Tempered Glass,70.9,2,True
ADATA XPG VALOR AIR,,ATX Mid Tower,ATX,White,,False,Tempered Glass,35.8,3,False
Phanteks Enthoo Pro M TG,,ATX Mid Tower,ATX,Black,,False,Tinted Tempered Glass,56.4,2,False
Lian Li LANCOOL 205,,ATX Mid Tower,ATX,White,,False,Tempered Glass,,2,False
Phanteks Eclipse P500A D-RGB,,ATX Mid Tower,ATX,White / Black,,False,Tempered Glass,,2,False
darkFlash DK352,,ATX Mid Tower,ATX,White,,False,Tempered Glass,43.1,2,False
Antec P10C,2272.8,ATX Mid Tower,ATX,Black,,False,Solid,51.0,3,True
Xilence Xilent Blade II,,ATX Mid Tower,ATX,,,False,Tempered Glass,33.7,2,False
GameMax Spark,,MicroATX Mid Tower,Micro ATX,White,,False,Tempered Glass,26.5,1,False
KOLINK Citadel Mesh RGB,,MicroATX Mini Tower,Micro ATX,White,,False,Tempered Glass,34.5,2,False
SSUPD Meshlicious,,Mini ITX Tower,Mini ITX,Black,,False,Mesh,14.7,0,False
Fractal Design Pop Air,,ATX Mid Tower,ATX,Green / Black,,False,Tempered Glass,46.2,2,False
Thermaltake AH T600,,ATX Full Tower,ATX,Black,,False,Tempered Glass,161.6,2,False
NZXT H710,,ATX Mid Tower,ATX,Black / Red,,False,Tempered Glass,58.6,4,False
Thermaltake H200 TG Snow RGB Light Strip,,ATX Mid Tower,ATX,White,,False,Tempered Glass,39.7,2,False
Antec Nine Hundred,,ATX Mid Tower,ATX,Black,,False,Acrylic,47.1,6,False
Corsair Carbide Series SPEC-01,,ATX Mid Tower,ATX,Black,,False,Acrylic,38.3,4,False
DIYPC ARGB-Q3,,MicroATX Mini Tower,Micro ATX,Black,,False,Tempered Glass,38.6,2,False
KOLINK Observatory HF Glass ARGB,,ATX Mid Tower,ATX,White,,False,Tempered Glass,35.0,2,False
KOLINK Rocket Heavy Vented,,Mini ITX Desktop,Mini ITX,Black,,False,Mesh,16.7,1,False
Thermaltake Divider 170 TG ARGB,,MicroATX Mid Tower,Micro ATX,Black,,False,Tempered Glass,36.5,2,False
Jonsbo D30,,MicroATX Mini Tower,Micro ATX,Black,,False,Tempered Glass,26.6,1,False
DIYPC DIY-S08,,ATX Mid Tower,ATX,Green / Black,,False,Tempered Glass,33.2,2,False
Thermaltake Ceres 500,,ATX Mid Tower,ATX,Black,,False,Tempered Glass,65.3,2,False
Zalman Z10 DUO,1999.8,ATX Mid Tower,ATX,Black,,False,Tempered Glass,51.6,2,True
Cooler Master CMP 510,,ATX Mid Tower,ATX,Black,,False,Tempered Glass,42.0,2,False
GameMax MeshBox Pro,,ATX Mid Tower,ATX,Black,,False,Mesh,33.5,1,False
Deepcool CG580 4F,,ATX Mid Tower,ATX,White,,False,Tempered Glass,51.5,2,False
NZXT H400i,,MicroATX Mini Tower,Micro ATX,Black,,False,Tempered Glass,36.9,1,False
NZXT H700i,,ATX Mid Tower,ATX,Black / White,,False,Tempered Glass,58.6,2,False
Fractal Design Define R6,,ATX Mid Tower,ATX,Black / White,,False,Tempered Glass,56.7,6,False
Phanteks EVOLV SHIFT XT,,Mini ITX Desktop,Mini ITX,Black,,False,Tempered Glass,17.5,0,False
darkFlash DPW90M,,MicroATX Mid Tower,Micro ATX,Black,,False,Tempered Glass,48.5,2,False
Silverstone ML05B,1499.8,HTPC,Mini ITX,Black,,False,Solid,,0,True
Cougar Panzer Max,,ATX Full Tower,ATX,Black,,False,Acrylic,90.5,2,False
ENDORFY Signum 300 Solid,,ATX Mid Tower,ATX,Black,,False,Solid,37.8,2,False
GAMDIAS NESO P1,3319.8,ATX Full Tower,ATX,White,,False,Tempered Glass,75.2,5,True
Fractal Design Focus G,,ATX Mid Tower,ATX,Black / Blue,,False,Acrylic,42.2,2,False
FSP Group CMT380,,ATX Mid Tower,ATX,Black,,False,Tempered Glass,45.5,2,False
SHARKOON Rebel C50,9187.79,ATX Mid Tower,ATX,White,,False,Mesh,52.4,3,True
Thermaltake Core P8 TG,,ATX Full Tower,ATX,Black,,False,Tempered Glass,107.4,3,False
Fractal Design Focus 2,,ATX Mid Tower,ATX,White / Black,,False,Tempered Glass,45.8,2,False
Cooler Master MasterBox TD500 ARGB,,ATX Mid Tower,ATX,Black,,False,Tempered Glass,50.1,2,False
Phanteks Enthoo 719,,ATX Full Tower,ATX,Black,,False,Tempered Glass,81.4,4,False
Corsair Obsidian Series 450D,,ATX Mid Tower,ATX,Black,,False,Acrylic,51.6,3,False
Cooler Master MasterCase H500P Mesh ARGB,,ATX Mid Tower,ATX,White,,False,Tempered Glass,71.4,2,False
Montech X1,,ATX Mid Tower,ATX,White,,False,Tempered Glass,32.3,1,False
Apevia Genesis Pro,1599.6,ATX Mid Tower,ATX,White,,False,Tempered Glass,35.7,3,True
Mars Gaming MC-400,,MicroATX Mini Tower,Micro ATX,Black,,False,Tempered Glass,29.9,2,False
Cougar Purity,,MicroATX Mini Tower,Micro ATX,Black,,False,Solid,28.2,2,False
Silverstone FARA 312X,,MicroATX Mini Tower,Micro ATX,Black,,False,Tempered Glass,37.2,2,False
Fractal Design Meshify 2 Compact RGB,5472.6,ATX Mid Tower,ATX,Black,,False,Tinted Tempered Glass,42.3,2,True
Zalman M4,,MicroATX Mini Tower,Micro ATX,Black,,False,Tempered Glass,34.0,2,False
SHARKOON M25-V,,ATX Mid Tower,ATX,Black,,False,Solid,43.9,3,False
Antec Performance 1 FT ARGB,,ATX Full Tower,ATX,Black / Gray,,False,Tempered Glass,62.7,2,False
Cooler Master CMP 320,,MicroATX Mid Tower,Micro ATX,Black,,False,Tempered Glass,38.6,2,False
Fractal Design Torrent,,ATX Mid Tower,ATX,Gray,,False,Tinted Tempered Glass,69.8,2,False
Lian Li PC-D8000,,ATX Full Tower,ATX,Black,,False,Solid,144.9,20,False
HP Omen X,,MicroATX Desktop,Micro ATX,Black / Red,,False,Solid,,0,False
Cooler Master MasterBox Q300L TUF Gaming Edition,,MicroATX Mini Tower,Micro ATX,Black / Gold,,False,Acrylic,33.6,1,False
GAMDIAS TALOS E3 MESH ELITE,,ATX Mid Tower,ATX,Black,,False,Tempered Glass,48.6,2,False
Cooler Master Elite 300 Steel,,MicroATX Mid Tower,Micro ATX,Black,,False,Solid,35.8,2,False
Thermaltake The Tower 200,2099.6,Mini ITX Tower,Mini ITX,Turquoise,,False,Tempered Glass,45.1,2,True
darkFlash L280,2519.79,ATX Mid Tower,ATX,Black,,False,Tempered Glass,54.6,2,True
Antec Dark League DF800 FLUX,,ATX Mid Tower,ATX,Black,,False,Tempered Glass,,3,False
Thermaltake View 270,,ATX Mid Tower,ATX,Black,,False,Tempered Glass,47.6,2,False
Xilence Xilent Breeze,,ATX Mid Tower,ATX,Black,,False,Tempered Glass,44.5,2,False
CiT DS360,,ATX Mid Tower,ATX,Black,,False,Tempered Glass,52.1,0,False
Fractal Design Torrent Compact RGB,,ATX Mid Tower,ATX,White,,False,Tempered Glass,46.7,1,False
Cooler Master MasterBox MB511 RGB,,ATX Mid Tower,ATX,Black,,False,Tempered Glass,,2,False
Corsair Graphite Series 780T,,ATX Full Tower,ATX,Black / White,,False,Acrylic,109.9,6,False
Corsair Crystal 570X RGB,,ATX Mid Tower,ATX,Black / Red,,False,Tempered Glass,57.5,2,False
Cooler Master MasterBox MB530P,,ATX Mid Tower,ATX,Black,,False,Tempered Glass,,2,False
Montech HS02,1918.0,ATX Mid Tower,ATX,White,,False,Tempered Glass,55.3,2,True
Streacom DA2 V2,5180.0,Mini ITX Desktop,Mini ITX,Black,,False,Solid,17.5,0,True
Silverstone SUGO 15,3201.6,Mini ITX Desktop,Mini ITX,Silver,,False,Solid,19.1,0,True
SHARKOON REV300,,ATX Full Tower,ATX,Black,,False,Tempered Glass,65.6,4,False
Vetroo AL800,1299.6,ATX Mid Tower,ATX,White,,False,Tempered Glass,46.4,2,True
Silverstone ML04B,2322.0,HTPC,Mini ITX,Black,,False,Solid,16.0,2,True
Corsair iCUE 5000T RGB,4799.8,ATX Mid Tower,ATX,White / Gray,,False,Tempered Glass,74.5,2,True
Cooler Master MasterFrame 700,3839.8,ATX Full Tower,ATX,Black,,False,Tempered Glass,,4,True
Corsair 2500X Satin,3199.8,MicroATX Mini Tower,Micro ATX,White / Gray,,False,Tempered Glass,54.8,2,True
Fractal Design Core 2300,,ATX Mid Tower,ATX,Black,,False,Solid,37.8,3,False
Phanteks Eclipse P600S,,ATX Mid Tower,ATX,Gray / Black,,False,Tinted Tempered Glass,,4,False
Deepcool MATREXX 70 ADD-RGB 3F,,ATX Mid Tower,ATX,Black,,False,Tempered Glass,54.2,2,False
NZXT Phantom,,ATX Full Tower,ATX,White / Black,,False,Solid,74.3,7,False
Topower TP-3030BB-450,,MicroATX Mini Tower,Micro ATX,Black,450.0,True,Solid,25.3,4,False
SHARKOON VS4-W,,ATX Mid Tower,ATX,Black / Blue,,False,Acrylic,,3,False
MSI MAG SHIELD M301,,MicroATX Mini Tower,Micro ATX,Black,,False,Solid,25.0,1,False
Aerocool Viewport Mini V2,,MicroATX Mini Tower,Micro ATX,Black,,False,Tempered Glass,35.0,1,False
Vetroo M05,1299.6,MicroATX Mid Tower,Micro ATX,White,,False,Tempered Glass,36.3,2,True
Thermaltake CTE E550,3339.8,ATX Mid Tower,ATX,Black,,False,Tempered Glass,77.4,3,True
MagniumGear Neo V2,,ATX Mid Tower,ATX,Black,,False,Tempered Glass,38.3,2,False
Silverstone ML09,2208.6,HTPC,Mini ITX,Black,,False,Solid,,0,True
Cougar Duoface Pro RGB,,ATX Mid Tower,ATX,White,,False,Tempered Glass,55.4,2,False
Gigabyte C301 GLASS V2,,ATX Mid Tower,ATX,Black,,False,Tempered Glass,50.6,2,False
Jonsbo T8 PLUS,,Mini ITX Desktop,Mini ITX,Black,,False,Tempered Glass,12.5,0,False
Cooler Master MasterBox MB511,,ATX Mid Tower,ATX,Black / Red,,False,Acrylic,,2,False
Corsair Obsidian Series 500D Premium,,ATX Mid Tower,ATX,Black,,False,Tinted Tempered Glass,59.4,2,False
Antec CX300M RGB,,MicroATX Mini Tower,Micro ATX,Black,,False,Tempered Glass,41.1,2,False
Cougar Archon 2 RGB,,ATX Mid Tower,ATX,Black,,False,Tempered Glass,37.5,2,False
HYTE Y60 Ouro Kronii,5600.0,ATX Mid Tower,ATX,White / Gold,,False,Tempered Glass,60.0,2,True
Thermaltake CTE E550,3399.0,ATX Mid Tower,ATX,Green / Black,,False,Tempered Glass,77.4,3,True
CiT S8i,,MicroATX Desktop,Micro ATX,Black,,False,Solid,8.6,1,False
MSI MPG Sekira 100R,,ATX Mid Tower,ATX,Black,,False,Tinted Tempered Glass,42.9,2,False
DAN Cases A4-SFXv4.1,,Mini ITX Desktop,Mini ITX,Silver,,False,Solid,7.5,0,False
Corsair Graphite Series 600T,,ATX Mid Tower,ATX,White / Black,,False,Acrylic,79.3,6,False
Corsair SPEC-OMEGA RGB,,ATX Mid Tower,ATX,White / Black,,False,Tempered Glass,,3,False
Chieftec CI-01B-OP,3697.6,MicroATX Desktop,Micro ATX,Black,,False,Solid,33.6,2,True
In Win A3,1391.2,MicroATX Mini Tower,Micro ATX,Black,,False,Tempered Glass,29.9,2,True
MSI MAG VAMPIRIC 300R MIDNIGHT GREEN,,ATX Mid Tower,ATX,Green,,False,Tempered Glass,54.1,2,False
KOLINK Stronghold M,,MicroATX Mini Tower,Micro ATX,Black,,False,Tempered Glass,28.5,2,False
Aerocool CS-109-G,,ATX Mid Tower,ATX,Black,,False,Tempered Glass,23.7,2,False
MagniumGear NEO QUBE 2,,ATX Mid Tower,ATX,White,,False,Tempered Glass,55.9,2,False
be quiet! Silent Base 802,,ATX Mid Tower,ATX,White,,False,Solid,83.8,3,False
Thermaltake CTE T500 Air,,ATX Full Tower,ATX,Black,,False,Tempered Glass,87.3,4,False
Thermaltake Level 20 MT,,ATX Mid Tower,ATX,Black,,False,Tempered Glass,43.7,2,False
Cooler Master Elite 100,,MicroATX Slim,Micro ATX,Black,150.0,True,Solid,5.6,2,False
NZXT Phantom 410,,ATX Mid Tower,ATX,White / Black,,False,Acrylic,58.5,6,False
NZXT S340,,ATX Mid Tower,ATX,Black / Red,,False,Acrylic,38.4,3,False
Thermaltake Level 20 XT,,ATX Desktop,ATX,Black / Silver,,False,Tempered Glass,126.4,6,False
Aerocool Cylon Mini,,MicroATX Mini Tower,Micro ATX,Black,,False,Acrylic,,2,False
Cooler Master MasterBox Pro 5 ARGB,,ATX Mid Tower,ATX,Black,,False,Tempered Glass,53.0,2,False
Corsair 480T,,ATX Mid Tower,ATX,Black,,False,Tempered Glass,45.4,0,False
SHARKOON QB ONE,3195.2,Mini ITX Desktop,Mini ITX,Black,,False,Mesh,14.9,2,True
Antec Performance 1 FT,6117.4,ATX Full Tower,ATX,White,,False,Tempered Glass,62.7,2,True
MagniumGear Neo Micro V2,,MicroATX Mid Tower,Micro ATX,Silver / Black,,False,Tempered Glass,,2,False
SHARKOON MK6 RGB,,MicroATX Mid Tower,Micro ATX,White,,False,Tempered Glass,43.6,2,False
Thermaltake Core P6,3758.0,ATX Mid Tower,ATX,White / Black,,False,Tempered Glass,76.4,4,True
Fractal Design Meshify 2 Lite,9323.0,ATX Mid Tower,ATX,White / Black,,False,Tempered Glass,61.7,2,True
Fractal Design Epoch RGB,2599.8,ATX Mid Tower,ATX,White,,False,Tempered Glass,45.1,2,True
be quiet! Pure Base 500,,ATX Mid Tower,ATX,Gray,,False,Tempered Glass,46.0,2,False
Corsair 6500X,3999.8,ATX Mid Tower,ATX,White / Gray,,False,Tempered Glass,78.3,2,True
Phanteks Eclipse P200A DRGB,,Mini ITX Tower,Mini ITX,Black,,False,Tempered Glass,29.9,0,False
Fractal Design Define 7,,ATX Mid Tower,ATX,White,,False,Tempered Glass,62.4,6,False
Corsair Carbide Series 300R,,ATX Mid Tower,ATX,Black,,False,Solid,45.7,4,False
Corsair Vengeance C70,,ATX Mid Tower,ATX,Black,,False,Acrylic,61.4,6,False
Fractal Design Node 605,,HTPC,Mini ITX,Black,,False,Solid,25.5,4,False
Corsair Carbide Series 270R,,ATX Mid Tower,ATX,Black,,False,Acrylic,,2,False
Silverstone SETA A2,3999.8,ATX Mid Tower,ATX,Black,,False,Tempered Glass,68.7,11,True
HYTE Watson Amelia Y40,5599.8,ATX Mid Tower,ATX,Gold / Black,,False,Tempered Glass,49.7,1,True
SHARKOON VS9,,ATX Mid Tower,ATX,Black,,False,Solid,42.1,2,False
Deepcool CH780,,ATX Full Tower,ATX,White,,False,Tempered Glass,72.7,2,False
Jonsbo U4 Mini,,MicroATX Desktop,Micro ATX,Black,,False,Tempered Glass,37.6,1,False
NZXT H7 Elite (2022),3999.8,ATX Mid Tower,ATX,,,False,Tempered Glass,55.8,2,True
KOLINK STRONGHOLD,,ATX Mid Tower,ATX,Black,,False,Tinted Tempered Glass,,3,False
Fractal Design Define 7 XL Light,,ATX Full Tower,ATX,Black,,False,Tempered Glass,82.0,6,False
Fractal Design Define Mini C TG,,MicroATX Mid Tower,Micro ATX,Black,,False,Tempered Glass,36.9,2,False
NZXT S340,,ATX Mid Tower,ATX,Black / Blue,,False,Acrylic,38.4,3,False
Cougar PANZER MAX-G,,ATX Full Tower,ATX,Black,,False,Tempered Glass,90.5,2,False
MUSETEX ‎TW8-S6 Mesh,,ATX Mid Tower,ATX,Black,,False,Tempered Glass,39.5,2,False
Streacom DA6,2780.0,Mini ITX Test Bench,Mini ITX,Silver,,False,Solid,19.9,4,True
Antec NX100,,ATX Mid Tower,ATX,Black / Gray,,False,Acrylic,37.7,2,False
Antec P20C ARGB,,ATX Mid Tower,ATX,Black,,False,Tempered Glass,50.6,2,False
Mars Gaming MCZW,,MicroATX Mid Tower,Micro ATX,White / Black,,False,Tempered Glass,,1,False
Thermaltake Ceres 300 TG ARGB,,ATX Mid Tower,ATX,Black,,False,Tempered Glass,53.9,1,False
Deepcool CH510 MESH DIGITAL,,ATX Mid Tower,ATX,Black,,False,Tempered Glass,49.2,2,False
Deepcool CH560,,ATX Mid Tower,ATX,White,,False,Tempered Glass,49.6,2,False
Jonsbo D30,,MicroATX Mini Tower,Micro ATX,White,,False,Tempered Glass,26.6,1,False
Zalman Z10 PLUS,,ATX Mid Tower,ATX,Black,,False,Tempered Glass,51.6,2,False
Phanteks Evolv X,,ATX Mid Tower,ATX,Black,,False,Tinted Tempered Glass,64.9,4,False
Cooler Master Elite 430,,ATX Mid Tower,ATX,Black,,False,Acrylic,39.5,5,False
Raidmax Simplex ATX-618B,,MicroATX Mid Tower,Micro ATX,Black,,False,Solid,43.4,5,False
Cooler Master Storm Trooper,,ATX Full Tower,ATX,Black,,False,Solid,87.7,8,False
NZXT H500i,,ATX Mid Tower,ATX,Black,,False,Tempered Glass,41.3,3,False
NZXT H7,,ATX Mid Tower,ATX,Black,,False,Tempered Glass,55.8,2,False
Aerocool Dryft Mini V2,,MicroATX Mid Tower,Micro ATX,Black,,False,Tempered Glass,47.0,1,False
FormD T1 V2.1 Aluminum Coated,,Mini ITX Desktop,Mini ITX,Silver,,False,Mesh,,0,False
Montech HS01,1798.0,ATX Mid Tower,ATX,White,,False,Tempered Glass,55.3,2,True
Azza Pyramid Mesh,8399.79,ATX Mid Tower,ATX,Silver / Black,,False,Mesh,140.5,1,True
HYTE Mori Calliope Y40,6999.8,ATX Mid Tower,ATX,Black / Red,,False,Tempered Glass,49.7,1,True
Zalman M2 Mini Silver,,Mini ITX Desktop,Mini ITX,Silver / Black,,False,Tempered Glass,11.6,0,False
Azza Legionaire 470,2199.79,ATX Mid Tower,ATX,Black,,False,Mesh,46.8,2,True
SHARKOON TG6 RGB,,ATX Mid Tower,ATX,Black,,False,Tempered Glass,,3,False
Corsair Carbide Series Air 240,,MicroATX Mid Tower,Micro ATX,Black,,False,Acrylic,32.8,3,False
Cooler Master MasterBox Lite 5 RGB,,ATX Mid Tower,ATX,Black,,False,Tempered Glass,42.7,2,False
In Win A5,2100.0,ATX Mid Tower,ATX,Black,,False,Tempered Glass,34.9,2,True
Thermaltake Tower 900 Snow Edition,,ATX Full Tower,ATX,White,,False,Tempered Glass,153.6,6,False
ADATA XPG Battlecruiser II,3599.8,ATX Mid Tower,ATX,Black,,False,Tempered Glass,62.6,5,True
Silverstone ML08,2724.4,HTPC,Mini ITX,Black,,False,Acrylic,,0,True
KOLINK Citadel Mesh RGB,,MicroATX Mini Tower,Micro ATX,Black,,False,Tempered Glass,34.5,2,False
be quiet! Silent Base 601,3687.0,ATX Mid Tower,ATX,Black / Silver,,False,Tempered Glass,,3,True
Cougar MX410 MESH-G RGB,,ATX Mid Tower,ATX,Black,,False,Tempered Glass,36.3,2,False
Fractal Design Node 202,,HTPC,Mini ITX,Black,450.0,True,Solid,11.0,0,False
Corsair 5000D,,ATX Mid Tower,ATX,Black,,False,Tempered Glass,66.2,2,False
Corsair Carbide Series SPEC-03,,ATX Mid Tower,ATX,Black / Red,,False,Acrylic,36.1,3,False
NOX Hummer MC,,ATX Mid Tower,ATX,Black / Red,,False,Acrylic,43.6,2,False
YEYIAN Armageddon 2200,,ATX Mid Tower,ATX,Black,,False,Tempered Glass,44.0,2,False
SSUPD Meshroom S V2,,MicroATX Mini Tower,Micro ATX,White,,False,Mesh,14.9,2,False
be quiet! Pure Base 501 Airflow,2298.0,ATX Mid Tower,ATX,White,,False,Tempered Glass,48.1,2,True
GAMDIAS MARS E2,1599.8,MicroATX Mid Tower,Micro ATX,Black,,False,Tempered Glass,,2,True
Mars Gaming MC-MPRO,,MicroATX Mini Tower,Micro ATX,,,False,Tempered Glass,29.9,2,False
CiT MTX-008B,,Mini ITX Desktop,Mini ITX,Black,300.0,True,Solid,8.6,1,False
Asus TUF Gaming GT502 Plus,,ATX Mid Tower,ATX,White,,False,Tempered Glass,57.2,4,False
Thermaltake Core P1,,Mini ITX Tower,Mini ITX,Black,,False,Tempered Glass,53.2,1,False
Thermaltake The Tower 200,,Mini ITX Tower,Mini ITX,Pink,,False,Tempered Glass,45.1,2,False
In Win 101,,ATX Mid Tower,ATX,White,,False,Tempered Glass,48.3,2,False
GameMax White Diamond ARGB,,ATX Mid Tower,ATX,White / Black,,False,Tempered Glass,,2,False
Cooler Master MasterBox NR200P,,Mini ITX Desktop,Mini ITX,Pink / White,,False,Tempered Glass,20.3,2,False
MSI MPG GUNGNIR 120R,,ATX Mid Tower,ATX,Black,,False,Tempered Glass,45.5,2,False
Thermaltake Ceres 350 MX,2899.6,ATX Mid Tower,ATX,Green / Black,,False,Tempered Glass,52.5,1,True
Antec ISK 110 VESA U3,10744.0,Mini ITX Desktop,Mini ITX,Black,90.0,True,Solid,4.1,0,True
Cougar Duoface RGB,,ATX Mid Tower,ATX,Black,,False,Tempered Glass,43.6,2,False
KOLINK Void Rift,,ATX Mid Tower,ATX,Black,,False,Tempered Glass,38.8,2,False
Corsair FRAME 5000D RS ARGB,,ATX Mid Tower,ATX,White,,False,Tempered Glass,75.3,2,False
Cooler Master Silencio S400,7139.6,MicroATX Mini Tower,Micro ATX,Black,,False,Tempered Glass,,4,True
Mars Gaming MCM,,MicroATX Mini Tower,Micro ATX,Black,,False,Tempered Glass,20.5,2,False
SHARKOON PURE STEEL RGB,,ATX Mid Tower,ATX,Black,,False,Tempered Glass,,3,False
Thermaltake Core W100,,ATX Full Tower,ATX,Black,,False,Acrylic,,10,False
Cougar Conquer 2,,ATX Mid Tower,ATX,Black / Orange,,False,Tempered Glass,172.8,2,False
Thermaltake Core P6,,ATX Mid Tower,ATX,Green / Black,,False,Tempered Glass,76.4,4,False
NZXT H210,,Mini ITX Tower,Mini ITX,Black / Red,,False,Tempered Glass,27.3,1,False
Corsair Obsidian Series 800D,,ATX Full Tower,ATX,Black,,False,Acrylic,84.6,2,False
Raidmax Cyclone,,ATX Mid Tower,ATX,Black / Red,,False,Solid,34.1,5,False
Cooler Master Cosmos II,,ATX Full Tower,ATX,Black,,False,Solid,160.8,13,False
Cooler Master MasterBox 5,,ATX Mid Tower,ATX,Black,,False,Acrylic,52.2,2,False
Phanteks ECLIPSE G500A Performance,,ATX Mid Tower,ATX,Black,,False,Tempered Glass,61.8,2,False
GALAX REV-05,,ATX Full Tower,ATX,White,,False,Tempered Glass,39.5,2,False
MagniumGear Neo Air 2,,ATX Mid Tower,ATX,Black / Brown,,False,Tempered Glass,41.9,2,False
Aerocool Cipher,3720.0,ATX Mid Tower,ATX,Black,,False,Solid,48.2,12,True
Mars Gaming MC-CORE,2076.0,MicroATX Mid Tower,Micro ATX,Black,,False,Tempered Glass,14.6,3,True
Azza Elise,1399.6,MicroATX Mid Tower,Micro ATX,Black / Pink,,False,Tempered Glass,34.4,2,True
Thermaltake CTE T500,3099.6,ATX Full Tower,ATX,Black,,False,Tempered Glass,87.3,4,True
KOLINK Inspire K12 ARGB,,ATX Mid Tower,ATX,Black,,False,Tempered Glass,35.0,2,False
Streacom DA6 XL,,Mini ITX Test Bench,Mini ITX,Black / Silver,,False,Solid,21.5,4,False
SSUPD Meshroom D,,Mini ITX Desktop,Mini ITX,White,,False,Mesh,15.0,3,False
Fractal Design Define XL R2,,ATX Full Tower,ATX,Black,,False,Solid,72.1,8,False
Jonsbo D400,,ATX Mid Tower,ATX,Black,,False,Tempered Glass,59.9,2,False
Thermaltake The Tower 500,,ATX Mid Tower,ATX,White,,False,Tempered Glass,93.9,8,False
Cougar Uniface,,ATX Mid Tower,ATX,Black,,False,Tempered Glass,53.9,2,False
NOX Hummer ASTRA,,ATX Mid Tower,ATX,Black,,False,Tempered Glass,54.7,2,False
Cooler Master Storm Enforcer,,ATX Mid Tower,ATX,Black,,False,Acrylic,57.5,6,False
Phanteks Eclipse P300,,ATX Mid Tower,ATX,,,False,Tinted Tempered Glass,36.0,2,False
Silverstone TJ08B-E,3119.4,MicroATX Mini Tower,Micro ATX,Black,,False,Solid,30.2,4,True
Silverstone CS380,5064.0,ATX Mid Tower,ATX,Black,,False,Solid,45.0,8,True
Silverstone FARA H1M,1457.8,MicroATX Mini Tower,Micro ATX,White,,False,Tempered Glass,30.1,2,True
Montech HS01 PRO,2298.0,ATX Mid Tower,ATX,White,,False,Tempered Glass,55.3,2,True
Geometric Future M4 King Arthur,,ATX Mid Tower,ATX,Black / Yellow,,False,Tempered Glass,37.9,2,False
darkFlash J11,1599.6,ATX Mid Tower,ATX,Black,,False,Tempered Glass,38.7,2,True
KOLINK UNITY PEAK ARGB,,ATX Mid Tower,ATX,Black,,False,Tempered Glass,41.0,2,False
Fractal Design Meshify 2 Compact TG Light Tint,,ATX Mid Tower,ATX,Gray / Black,,False,Tempered Glass,42.3,2,False
Cooler Master Cosmos C700P Black Edition,,ATX Full Tower,ATX,Black,,False,Tempered Glass,127.3,2,False
Thermaltake View 51 ARGB Edition,,ATX Full Tower,ATX,Black,,False,Tempered Glass,91.0,2,False
Fractal Design Ridge PCIe 3.0,,Mini ITX Tower,Mini ITX,Black,,False,Mesh,16.3,0,False
Deepcool MATREXX 55,,ATX Mid Tower,ATX,Black,,False,Tempered Glass,,2,False
Antec NX200M RGB,,MicroATX Mini Tower,Micro ATX,Black,,False,Tempered Glass,30.6,2,False
eBlaztr eBlaztr,,Mini ITX Desktop,Mini ITX,Black,,False,Mesh,19.4,0,False
Thermaltake Core P3 TG Snow Edition,,ATX Mid Tower,ATX,White,,False,Tempered Glass,80.1,2,False
Corsair Graphite Series 760T,,ATX Full Tower,ATX,White,,False,Acrylic,78.8,6,False
Corsair Carbide Series 88R,,MicroATX Mid Tower,Micro ATX,Black,,False,Acrylic,,2,False
Corsair Carbide Series SPEC-ALPHA,,ATX Mid Tower,ATX,Black / Red,,False,Acrylic,,3,False
NZXT H210i,,Mini ITX Tower,Mini ITX,Black,,False,Tempered Glass,27.3,1,False
"BitFenix BitFenix Neos Window Side Panel Computer Case, White/Red BFC-NEO-100-WWWKR-RP, ATX/Micro ATX/Mini-ITX Form Factor, Compatible with ATX PSU",,ATX Mid Tower,ATX,White / Red,,False,Acrylic,37.0,3,False
Phanteks Enthoo Pro,,ATX Full Tower,ATX,Black,,False,Solid,68.6,6,False
Gigabyte AORUS C400,6580.4,ATX Mid Tower,ATX,Black,,False,Tempered Glass,42.8,2,True
KOLINK Observatory MX Glass ARGB,,ATX Mid Tower,ATX,Black,,False,Tempered Glass,30.8,2,False
Cooler Master MasterBox MB600L V2,,ATX Mid Tower,ATX,Black,,False,Tempered Glass,37.7,2,False
be quiet! Shadow Base 800 DX,2958.0,ATX Mid Tower,ATX,White,,False,Tempered Glass,70.9,2,True
Fractal Design Pop Silent,,ATX Mid Tower,ATX,White,,False,Tempered Glass,46.2,2,False
SHARKOON VK2 RGB,,ATX Mid Tower,ATX,Black,,False,Tempered Glass,40.5,2,False
Chieftec BE-10B-300,,MicroATX Mini Tower,Micro ATX,Black,300.0,True,Solid,8.8,2,False
Fractal Design Meshify 2 Compact RGB,,ATX Mid Tower,ATX,White,,False,Tempered Glass,42.3,2,False
NZXT H7 Elite (2022),,ATX Mid Tower,ATX,,,False,Tempered Glass,55.8,2,False
Deepcool CG540,,ATX Mid Tower,ATX,Black,,False,Tempered Glass,49.2,2,False
Jonsbo D31 STD Screen,,MicroATX Mini Tower,Micro ATX,Black,,False,Tempered Glass,31.3,1,False
Segotep Phoenix T1,,ATX Mid Tower,ATX,White,,False,Tempered Glass,65.5,2,False
APNX V1,,ATX Mid Tower,ATX,Black,,False,Tempered Glass,70.4,2,False
Fractal Design Node 304,,Mini ITX Tower,Mini ITX,White,,False,Solid,19.5,6,False
Antec TORQUE,,ATX Mid Tower,ATX,Black / Red,,False,Tempered Glass,114.0,1,False
NOX Hummer Quantum,,ATX Mid Tower,ATX,Black,,False,Tempered Glass,47.9,2,False
Thermaltake Level 20 VT,,MicroATX Desktop,Micro ATX,Black / Silver,,False,Tempered Glass,49.4,3,False
Fractal Design Arc Midi R2,,ATX Mid Tower,ATX,Black,,False,Acrylic,55.6,8,False
NZXT Noctis 450,,ATX Mid Tower,ATX,Black / Red,,False,Acrylic,,6,False
NZXT H710i,3833.0,ATX Mid Tower,ATX,Black / Red,,False,Tempered Glass,58.6,4,True
Segotep Phoenix,,ATX Mid Tower,ATX,Black,,False,Tempered Glass,52.9,2,False
Svive Halo S650,,ATX Mid Tower,ATX,Black,,False,Tempered Glass,,2,False
Lian Li Lancool 170M,,MicroATX Mini Tower,Micro ATX,Black,,False,Tempered Glass,22.2,1,False
Aerocool P300C,,MicroATX Mini Tower,Micro ATX,White,,False,Tempered Glass,49.8,2,False
KOLINK UNITY CODE X,,ATX Mid Tower,ATX,Black,,False,Tempered Glass,,2,False
Mars Gaming MC-S1,,MicroATX Mini Tower,Micro ATX,Pink,,False,Acrylic,18.6,1,False
Lian Li LL01,3099.8,ATX Mid Tower,ATX,Black,,False,Tempered Glass,49.5,2,True
Silverstone ML04 Type-C,2817.0,HTPC,Mini ITX,Black,,False,Mesh,16.0,2,True
Thermaltake Versa H24,3220.0,ATX Mid Tower,ATX,Black,,False,Solid,42.6,3,True
Azza Cube 802 RGB,7599.8,ATX Mid Tower,ATX,Black,,False,Tempered Glass,,1,True
Silverstone SUGO 14,,Mini ITX Desktop,Mini ITX,White,,False,Solid,19.5,0,False
MSI MPG GUNGNIR 110M,,ATX Mid Tower,ATX,Black,,False,Tempered Glass,41.6,2,False
Thermaltake Core X71,,ATX Full Tower,ATX,Black,,False,Acrylic,,3,False
SSUPD Meshroom S w/PCIe 4.0 Riser,,ATX Mini Tower,ATX,Green,,False,Mesh,14.9,0,False
Lian Li O11D XL-A,,ATX Full Tower,ATX,Silver / Black,,False,Tempered Glass,68.9,4,False
DIYPC V3Plus,,Mini ITX Tower,Mini ITX,Black,,False,Solid,10.5,1,False
Corsair Carbide Series 600C,,ATX Full Tower,ATX,Black,,False,Acrylic,63.2,2,False
Rosewill NAUTILUS,,ATX Mid Tower,ATX,Black / Blue,,False,Acrylic,,3,False
Enermax StarryFort SF30,,ATX Mid Tower,ATX,Black,,False,Tempered Glass,,2,False
Rosewill CULLINAN V500 RGB,,ATX Mid Tower,ATX,Black,,False,Tempered Glass,,2,False
Cougar FV270 RGB,,ATX Mid Tower,ATX,Black,,False,Tempered Glass,72.7,2,False
APNX V1,,ATX Mid Tower,ATX,White / Brown,,False,Tempered Glass,70.4,2,False
RAIJINTEK Metis Plus,1498.0,Mini ITX Tower,Mini ITX,White,,False,Acrylic,13.4,2,True
Silverstone DS380B,4439.8,Mini ITX Tower,Mini ITX,Black,,False,Solid,,0,True
Cooler Master Elite 500 ODD,,ATX Mid Tower,ATX,Black,,False,Tempered Glass,43.1,2,False
Fractal Design Torrent Compact,,ATX Mid Tower,ATX,White,,False,Tempered Glass,46.7,1,False
Silverstone FARA 512Z,1889.19,ATX Mid Tower,ATX,Black,,False,Tempered Glass,43.3,2,True
Thermaltake Ceres 350 MX,2799.8,ATX Mid Tower,ATX,Blue,,False,Tempered Glass,52.5,1,True
Armoury D60,,ATX Mid Tower,ATX,Black,,False,Tempered Glass,59.3,1,False
Nanoxia NXDS4B,,MicroATX Mini Tower,Micro ATX,Black,,False,Solid,,6,False
LC-Power Gaming 8001B Pro-Storm,,ATX Mid Tower,ATX,White,,False,Tempered Glass,53.6,2,False
Gigabyte C301 GLASS,,ATX Mid Tower,ATX,White,,False,Tempered Glass,50.6,2,False
NZXT Phantom 820,,ATX Full Tower,ATX,Black,,False,Acrylic,92.8,6,False
Cooler Master HAF 912 New,,ATX Mid Tower,ATX,Black,,False,Solid,,6,False
Thermaltake View 31 TG,,ATX Mid Tower,ATX,Black,,False,Acrylic,63.5,3,False
be quiet! Dark Base Pro 900 Rev. 2,,ATX Full Tower,ATX,Black,,False,Tempered Glass,,7,False
Zalman i3,,ATX Mid Tower,ATX,Black,,False,Tempered Glass,39.8,2,False
Antec AX20 Elite,,ATX Mid Tower,ATX,Black,,False,Tempered Glass,33.4,2,False
Silverstone FARA R1 PRO,1839.8,ATX Mid Tower,ATX,Black,,False,Tempered Glass,36.0,1,True
Geometric Future Model 5 Vent,2998.0,ATX Mid Tower,ATX,Black,,False,Tempered Glass,53.8,2,True
In Win F5,2980.0,ATX Full Tower,ATX,Black,,False,Tempered Glass,65.1,2,True
SHARKOON VK3,,ATX Mid Tower,ATX,Black,,False,Solid,40.5,2,False
Thermaltake View 71 TG,3999.8,ATX Full Tower,ATX,Black,,False,Acrylic,,4,True
Aerocool Atomic V1,,MicroATX Mini Tower,Micro ATX,Black,,False,Tempered Glass,36.2,2,False
Mars Gaming MC-400,,MicroATX Mini Tower,Micro ATX,White,,False,Tempered Glass,29.9,2,False
KOLINK Stronghold Prism,,ATX Mid Tower,ATX,Black,,False,Tempered Glass,37.6,2,False
Gigabyte C301 GLASS V2,,ATX Mid Tower,ATX,White,,False,Tempered Glass,50.6,2,False
Cooler Master MasterBox NR200P,,Mini ITX Desktop,Mini ITX,Blue,,False,Tempered Glass,20.3,2,False
iTek Dark Cave DS,,ATX Mid Tower,ATX,Black,,False,Tempered Glass,49.6,2,False
Aerocool AirHawk Duo,,ATX Mid Tower,ATX,Black,,False,Tempered Glass,,2,False
Thermaltake Suppressor F31,,ATX Mid Tower,ATX,Black,,False,Solid,,3,False
SSUPD Meshlicious,,Mini ITX Tower,Mini ITX,White,,False,Tempered Glass,14.7,0,False
Deepcool CK500 WH,,ATX Mid Tower,ATX,White / Black,,False,Tempered Glass,49.4,2,False
Deepcool CC560 ARGB,,ATX Mid Tower,ATX,Black,,False,Tempered Glass,41.7,2,False
Deepcool MATREXX 55 V3 ADD-RGB WH 3F,,ATX Mid Tower,ATX,White / Black,,False,Tempered Glass,,2,False
Cougar Airface RGB,,ATX Mid Tower,ATX,Black,,False,Tempered Glass,43.6,2,False
Phanteks ECLIPSE P500A,,ATX Mid Tower,ATX,White,,False,Tempered Glass,,2,False
iBuypower Element 9 PRO,2699.8,ATX Mid Tower,ATX,White,,False,Tempered Glass,49.2,2,True
Cooler Master HAF 922,,ATX Mid Tower,ATX,Black,,False,Solid,71.5,5,False
darkFlash DLX21 Mesh,,ATX Mid Tower,ATX,Black,,False,Tempered Glass,,2,False
Montech X3 Glass,,ATX Mid Tower,ATX,Black,,False,Tempered Glass,,2,False
Aerocool Prism V1,1505.2,ATX Mid Tower,ATX,Black,,False,Tempered Glass,41.7,2,True
Geometric Future Model 5 Vent,2998.0,ATX Mid Tower,ATX,Black / Yellow,,False,Tempered Glass,53.8,2,True
In Win ModFree Deluxe,5380.0,ATX Full Tower,ATX,Black,,False,Tempered Glass,84.5,1,True
PC Cooler CPS C3D310 ARGB,,MicroATX Mid Tower,Micro ATX,White,,False,Tempered Glass,36.6,2,False
Apevia Prism Elite,2119.79,ATX Mid Tower,ATX,Black,,False,Tempered Glass,47.9,2,True
Zalman M4,,MicroATX Mini Tower,Micro ATX,White,,False,Tempered Glass,34.0,2,False
In Win 503,,ATX Mid Tower,ATX,Black / Red,,False,Acrylic,,4,False
Antec P120 Crystal,,ATX Mid Tower,ATX,Black,,False,Tempered Glass,,2,False
Zalman Z10,,ATX Mid Tower,ATX,Black,,False,Tempered Glass,51.6,2,False
Zalman CHRONIX,,ATX Mid Tower,ATX,White,,False,Tempered Glass,45.7,2,False
Thermaltake Versa H22,,ATX Mid Tower,ATX,Black,,False,Solid,42.8,0,False
Jonsbo D31 STD Screen,,MicroATX Mini Tower,Micro ATX,White,,False,Tempered Glass,31.3,1,False
Zalman Z3 Iceberg,,ATX Mid Tower,ATX,White,,False,Tempered Glass,41.3,2,False
NZXT H5 Flow Starfield,,ATX Mid Tower,ATX,White / Blue,,False,Tempered Glass,47.0,1,False
Antec CX800 RGB ELITE,,ATX Mid Tower,ATX,White,,False,Tempered Glass,51.2,2,False
BitFenix Prodigy,,Mini ITX Tower,Mini ITX,Black,,False,Solid,36.0,5,False
NZXT Source 530,,ATX Full Tower,ATX,Black,,False,Acrylic,60.4,6,False
EVGA Hadron,,Mini ITX Tower,Mini ITX,Black,500.0,True,Acrylic,14.2,2,False
Phanteks Enthoo Pro M,,ATX Mid Tower,ATX,Black,,False,Acrylic,56.4,2,False
Empire Gaming Warfare,,ATX Mid Tower,ATX,Black,,False,Acrylic,49.3,2,False
Vetroo AL600,,ATX Mid Tower,ATX,Pink,,False,Tempered Glass,41.7,3,False
Aerocool Falcon V2,,ATX Mid Tower,ATX,Black,,False,Tempered Glass,33.6,1,False
Thermaltake Divider 170 TG Snow ARGB,,MicroATX Mid Tower,Micro ATX,White / Black,,False,Tempered Glass,36.5,2,False
Apevia Destiny Flow,,ATX Mid Tower,ATX,White,,False,Tempered Glass,,2,False
Thermaltake Core P6,,ATX Mid Tower,ATX,Black,,False,Tempered Glass,76.4,4,False
Deepcool CH510,,ATX Mid Tower,ATX,White / Black,,False,Tempered Glass,47.1,2,False
NOX HUMMER HORUS,,ATX Mid Tower,ATX,Black,,False,Tempered Glass,42.5,2,False
Cougar MX600 RGB,,ATX Full Tower,ATX,White,,False,Tempered Glass,57.8,1,False
ADATA XPG STARKER AIR,,ATX Mid Tower,ATX,Black,,False,Tempered Glass,40.0,2,False
Corsair Carbide Series 300R Windowed,,ATX Mid Tower,ATX,Black,,False,Acrylic,45.7,4,False
Cooler Master N300,,ATX Mid Tower,ATX,Black,,False,Solid,39.5,7,False
Cooler Master MasterBox MB520 RGB,,ATX Mid Tower,ATX,Black,,False,Tempered Glass,,2,False
Fractal Design Meshify S2,,ATX Mid Tower,ATX,Black,,False,Tempered Glass,58.3,3,False
Corsair Carbide Series Air 540,,ATX Mid Tower,ATX,White / Black,,False,Acrylic,62.6,2,False
In Win 303,,ATX Mid Tower,ATX,White,,False,Tempered Glass,,2,False
Corsair Carbide Series 400C,,ATX Mid Tower,ATX,White,,False,Acrylic,42.4,2,False
Fractal Design Define R6 USB-C Blackout,,ATX Mid Tower,ATX,Black,,False,Solid,56.7,6,False
Tecware Nexus,,ATX Mid Tower,ATX,Black,,False,Tempered Glass,,2,False
Rosewill Helium Flow RGB,1799.8,ATX Mid Tower,ATX,Black,,False,Tempered Glass,50.5,3,True
Cooler Master MasterBox MB400L with ODD,1421.2,MicroATX Mini Tower,Micro ATX,Black,,False,Solid,35.4,2,True
Cooler Master Elite 302,1620.6,MicroATX Mini Tower,Micro ATX,White / Black,,False,Tempered Glass,34.1,1,True
Silverstone GD07B,4601.39,HTPC,Mini ITX,Black,,False,Solid,33.4,5,True
Antec Performance 1 SILENT,,ATX Full Tower,ATX,Black / Silver,,False,Solid,62.7,2,False
Silverstone ALTA G1M,3422.6,MicroATX Mid Tower,Micro ATX,,,False,Solid,,4,True
Fractal Design Focus G,,ATX Mid Tower,ATX,Black / Red,,False,Acrylic,42.2,2,False
ADATA XPG STARKER AIR,1799.8,ATX Mid Tower,ATX,Pink,,False,Tempered Glass,40.0,2,True
Apevia Prism Elite,2119.79,ATX Mid Tower,ATX,White,,False,Tempered Glass,47.9,2,True
Thermaltake View 27,,ATX Mid Tower,ATX,Black,,False,Acrylic,,2,False
Deepcool CK560,,ATX Mid Tower,ATX,White / Black,,False,Tempered Glass,,2,False
Thermaltake CTE C750 ARGB,3699.6,ATX Full Tower,ATX,White,,False,Tempered Glass,110.7,7,True
Cooler Master MasterBox NR200P,,Mini ITX Desktop,Mini ITX,Orange,,False,Tempered Glass,20.3,2,False
be quiet! Dark Base 701,4798.0,ATX Mid Tower,ATX,White,,False,Tempered Glass,73.6,2,True
KOLINK Citadel Mesh ARGB,,ATX Mid Tower,ATX,Black,,False,Tempered Glass,51.4,2,False
Cooler Master MasterBox NR200P,,Mini ITX Desktop,Mini ITX,Purple,,False,Tempered Glass,20.3,2,False
GAMDIAS ARGUS M1,,ATX Mid Tower,ATX,Black,,False,Tempered Glass,43.5,2,False
Cooler Master Silencio 352,,MicroATX Mini Tower,Micro ATX,Black,,False,Solid,,2,False
Thermaltake Chaser MK-I,,ATX Full Tower,ATX,Black,,False,Acrylic,77.9,6,False
In Win BQ656T.AD120TBL,,Mini ITX Desktop,Mini ITX,Black,120.0,True,Solid,3.3,0,False
NZXT Phantom 530,,ATX Full Tower,ATX,White,,False,Acrylic,72.7,6,False
Corsair Carbide Series 275R,,ATX Mid Tower,ATX,Black,,False,Acrylic,44.2,2,False
NZXT H700,,ATX Mid Tower,ATX,White,,False,Tempered Glass,58.6,2,False
NZXT H200,,Mini ITX Tower,Mini ITX,White,,False,Tempered Glass,27.3,1,False
Phanteks Eclipse P600S,,ATX Mid Tower,ATX,White / Black,,False,Tinted Tempered Glass,,4,False
Deepcool MACUBE 310,,ATX Mid Tower,ATX,White,,False,Tempered Glass,45.2,2,False
Lian Li O11D-PCMR,,ATX Full Tower,ATX,Black,,False,Tinted Tempered Glass,54.0,3,False
SilentiumPC Ventum VT4V EVO TG ARGB,,ATX Mid Tower,ATX,Black,,False,Tempered Glass,,3,False
aigo AZ300,,ATX Mid Tower,ATX,White,,False,Tempered Glass,49.6,2,False
GameMax Vista M,,MicroATX Mini Tower,Micro ATX,White,,False,Tempered Glass,40.9,2,False
Cougar FV270 RGB,,ATX Mid Tower,ATX,White,,False,Tempered Glass,72.7,2,False
SAMA IM01 Pro,,MicroATX Mini Tower,Micro ATX,White,,False,Tempered Glass,26.1,4,False
FormD T1 V2.1 Steel Coated,,Mini ITX Desktop,Mini ITX,Silver,,False,Mesh,,0,False
Asus Prime AP202,,MicroATX Mid Tower,Micro ATX,Black,,False,Tempered Glass,47.9,2,False
Chieftec BS-10B-300,3340.4,MicroATX Mini Tower,Micro ATX,Black,300.0,True,Solid,14.4,1,True
Apevia Genesis Pro,1599.6,ATX Mid Tower,ATX,Black,,False,Tempered Glass,35.7,3,True
G.Skill Z5i,2799.8,Mini ITX Tower,Mini ITX,Black,,False,Tempered Glass,24.4,1,True
Silverstone Precision PS15 RGB,1463.0,MicroATX Mid Tower,Micro ATX,Black,,False,Tempered Glass,25.7,1,True
Silverstone CS381B,9159.79,MicroATX Desktop,Micro ATX,Black,,False,Solid,,0,True
Thermaltake H570 TG ARGB,2499.6,ATX Mid Tower,ATX,White,,False,Tempered Glass,48.8,2,True
Aerocool Delta,,ATX Mid Tower,ATX,Black,,False,Tempered Glass,30.3,2,False
Thermaltake The Tower 250,2649.8,Mini ITX Tower,Mini ITX,Yellow / Brown,,False,Tempered Glass,42.7,1,True
Cougar Gemini M,3188.6,MicroATX Mini Tower,Micro ATX,Black,,False,Tempered Glass,35.7,2,True
Enermax MarbleShell MS31 RGB,,ATX Mid Tower,ATX,White,,False,Tempered Glass,41.0,2,False
Azza Pyramid Mini 806,6799.8,Mini ITX Tower,Mini ITX,Silver / Black,,False,Tempered Glass,,0,True
Lian Li TU150,,Mini ITX Desktop,Mini ITX,Silver,,False,Solid,23.8,1,False
MSI MAG VAMPIRIC 300R,,ATX Mid Tower,ATX,Black,,False,Tempered Glass,54.1,2,False
Antec P20C,,ATX Mid Tower,ATX,White,,False,Tempered Glass,50.6,2,False
GameMax Spark,,MicroATX Mid Tower,Micro ATX,Black,,False,Tempered Glass,26.5,1,False
Aerocool Cronus,2398.19,ATX Mid Tower,ATX,Black,,False,Tempered Glass,54.0,3,True
iTek DARK CAVE,,ATX Mid Tower,ATX,Black,,False,Tempered Glass,54.7,2,False
iBuypower Element 9,2299.79,ATX Mid Tower,ATX,White,,False,Tempered Glass,49.2,2,True
Antec Three Hundred Two,,ATX Mid Tower,ATX,Black,,False,Solid,54.9,6,False
Deepcool TESSERACT BF,,ATX Mid Tower,ATX,Black / Red,,False,Acrylic,36.4,4,False
In Win H-Frame 2.0,,ATX Full Tower,ATX,,1065.0,True,Tempered Glass,,6,False
Corsair Carbide Series 275Q,,ATX Mid Tower,ATX,Black,,False,Solid,44.1,2,False
Fractal Design Era ITX,,Mini ITX Desktop,Mini ITX,Silver / Black,,False,Solid,16.7,1,False
Anidees AI CRYSTAL XL PRO,,ATX Full Tower,ATX,Black,,False,Tempered Glass,,0,False
CiT S8i-300,,MicroATX Desktop,Micro ATX,Black,300.0,True,Solid,8.6,1,False
In Win DUBILI,,ATX Full Tower,ATX,Gold / Black,,False,Tempered Glass,72.4,2,False
Silverstone FTZ01,3653.0,Mini ITX Desktop,Mini ITX,Black,,False,Solid,,1,True
Corsair FRAME 5000D RS,,ATX Mid Tower,ATX,White,,False,Tempered Glass,75.3,2,False
HYTE REVOLT 3,4999.8,Mini ITX Tower,Mini ITX,Black,700.0,True,Mesh,18.4,1,True
Silverstone RVZ02B,2379.6,HTPC,Mini ITX,Black / Clear,,False,Acrylic,,1,True
Enermax MarbleShell MS31 RGB,,ATX Mid Tower,ATX,Black,,False,Tempered Glass,41.0,2,False
Zalman S5,,ATX Mid Tower,ATX,White / Black,,False,Tempered Glass,,2,False
Fractal Design Meshify 2 XL,,ATX Full Tower,ATX,Black,,False,Tinted Tempered Glass,81.5,6,False
MSI MPG SEKIRA 500X,,ATX Mid Tower,ATX,Black,,False,Tempered Glass,67.1,4,False
BGears b-Voguish RGB,1679.8,ATX Mid Tower,ATX,Black,,False,Tempered Glass,40.8,2,True
Phanteks Evolv Shift 2,,Mini ITX Tower,Mini ITX,Gray,,False,Tempered Glass,22.8,1,False
Cooler Master MasterBox K501L RGB,,ATX Mid Tower,ATX,Black,,False,Tempered Glass,,2,False
Corsair Carbide Series SPEC-06,,ATX Mid Tower,ATX,Black / Red,,False,Tempered Glass,,2,False
Aerocool Rift,,ATX Mid Tower,ATX,Black,,False,Acrylic,36.9,2,False
NZXT Phantom 530,,ATX Full Tower,ATX,Red,,False,Acrylic,72.7,6,False
Phanteks Enthoo Luxe TG,,ATX Full Tower,ATX,Black,,False,Tinted Tempered Glass,72.4,6,False
SHARKOON TG5,,ATX Mid Tower,ATX,Black / Blue,,False,Acrylic,,3,False
Cooler Master MasterCase H500P,,ATX Mid Tower,ATX,Black,,False,Tempered Glass,,2,False
Anidees AI Crystal XL AR,,ATX Full Tower,ATX,Black,,False,Tempered Glass,86.7,0,False
Phanteks Evolv X,,ATX Mid Tower,ATX,Gray,,False,Tinted Tempered Glass,64.9,4,False
Phanteks Eclipse P600S,,ATX Mid Tower,ATX,Black,,False,Solid,,4,False
Antec TORQUE,,ATX Mid Tower,ATX,White,,False,Tempered Glass,114.0,1,False
Thermaltake S300 Tempered Glass Edition,,ATX Mid Tower,ATX,Black,,False,Tempered Glass,,2,False
Xigmatek Master X,,ATX Mid Tower,ATX,Black,600.0,True,Tempered Glass,,2,False
NZXT H7,,ATX Mid Tower,ATX,White / Black,,False,Tempered Glass,55.8,2,False
GAMDIAS ATLAS P1,,ATX Mid Tower,ATX,Black,,False,Tempered Glass,58.8,2,False
Chieftec CN-01B-OP,1883.0,Mini ITX Desktop,Mini ITX,Black,,False,Mesh,13.0,3,True
Geometric Future M4 Caliburn,,ATX Mid Tower,ATX,Black / Silver,,False,Tempered Glass,37.9,2,False
Cooler Master MasterCase H100,3420.0,Mini ITX Desktop,Mini ITX,Black,,False,Solid,,1,True
CiT Range,,ATX Mid Tower,ATX,Black,,False,Tempered Glass,26.8,1,False
Corsair 5000T,4899.8,ATX Mid Tower,ATX,White,,False,Tempered Glass,74.5,2,True
DIYPC MA08,,MicroATX Mini Tower,Micro ATX,Black,,False,Solid,20.5,1,False
Fractal Design Define Mini,,MicroATX Mini Tower,Micro ATX,Black,,False,Solid,40.5,6,False
Montech AIR 1000 SILENT,,ATX Mid Tower,ATX,Black,,False,Solid,,2,False
Cooler Master MasterBox 520 Mesh,,ATX Mid Tower,ATX,White,,False,Tempered Glass,52.5,2,False
Zalman Z3 Iceberg,,ATX Mid Tower,ATX,Black,,False,Tempered Glass,41.3,2,False
Thermaltake Versa N21,,ATX Mid Tower,ATX,Black,,False,Acrylic,51.5,3,False
NZXT H440,,ATX Mid Tower,ATX,Black,,False,Acrylic,53.3,8,False
Cooler Master Cosmos C700P,,ATX Full Tower,ATX,Black / Silver,,False,Tempered Glass,127.3,2,False
Streacom BC1,,ATX Test Bench,ATX,Black,,False,Solid,,2,False
GameMax Centauri,,MicroATX Mid Tower,Micro ATX,Black / Gray,,False,Acrylic,34.7,2,False
Xigmatek Athena,,ATX Mid Tower,ATX,Black,,False,Tempered Glass,35.7,2,False
Lian Li A4-H20 X3,,Mini ITX Desktop,Mini ITX,Black,,False,Mesh,11.1,0,False
Asus TUF Gaming GT501 Demon Slayer Edition,,ATX Mid Tower,ATX,Yellow / Black,,False,Tempered Glass,75.5,4,False
GAMDIAS ATHENA M6,,ATX Mid Tower,ATX,Black,,False,Tempered Glass,45.0,2,False
DIYPC ARGB-Q3,,MicroATX Mini Tower,Micro ATX,White,,False,Tempered Glass,38.6,2,False
Thermaltake CTE C700 Air,2699.6,ATX Mid Tower,ATX,White,,False,Tempered Glass,93.8,7,True
Silverstone SG13,1485.4,Mini ITX Tower,Mini ITX,Black,,False,Solid,11.5,1,True
YEYIAN Mirage X,5609.0,ATX Full Tower,ATX,Black,,False,Tempered Glass,60.4,1,True
Rosewill Helium Flow RGB,1799.8,ATX Mid Tower,ATX,White,,False,Tempered Glass,50.5,3,True
be quiet! Pure Base 501 DX,2798.0,ATX Mid Tower,ATX,White,,False,Tempered Glass,48.1,2,True
Streacom DA2,5777.2,Mini ITX Desktop,Mini ITX,Silver,,False,Solid,,3,True
NOX Hummer ZX,,ATX Mid Tower,ATX,Black,,False,Acrylic,48.8,2,False
Montech Fighter 500,,ATX Mid Tower,ATX,Black,,False,Tempered Glass,38.6,2,False
Cooler Master MasterBox MB600L V2 w/ODD,,ATX Mid Tower,ATX,Black,,False,Solid,42.7,2,False
Zalman Z1 Iceberg,,MicroATX Mid Tower,Micro ATX,White,,False,Tempered Glass,38.5,2,False
Thermaltake Core G3,,ATX Mid Tower,ATX,Black,,False,Acrylic,23.6,2,False
MagniumGear NEO QUBE 2 Infinity Mirror,,ATX Mid Tower,ATX,Black,,False,Tempered Glass,55.9,2,False
MSI MAG FORGE 130A AIRFLOW,,ATX Mid Tower,ATX,Black,,False,Tempered Glass,43.0,2,False
Antec ISK 110 VESA,,Mini ITX Desktop,Mini ITX,Black / Silver,90.0,True,Solid,3.7,0,False
Thermaltake Versa H22,,ATX Mid Tower,ATX,Black,500.0,True,Solid,42.8,0,False
Fractal Design Define R5,,ATX Mid Tower,ATX,White,,False,Solid,54.2,8,False
Corsair Carbide Series 400R,,ATX Mid Tower,ATX,Black,,False,Solid,53.5,6,False
Corsair Obsidian Series 350D Window,,MicroATX Mid Tower,Micro ATX,Black,,False,Acrylic,41.4,2,False
Fractal Design Arc Mini R2,,MicroATX Mini Tower,Micro ATX,Black,,False,Acrylic,41.1,6,False
Enermax OSTROG,,ATX Mid Tower,ATX,Black / Red,,False,Acrylic,43.8,5,False
NZXT S340 Razer,,ATX Mid Tower,ATX,Black / Green,,False,Acrylic,38.4,3,False
Phanteks Enthoo EVOLV ATX TG,,ATX Mid Tower,ATX,Black,,False,Tinted Tempered Glass,,5,False
NZXT H400i,,MicroATX Mini Tower,Micro ATX,Black / White,,False,Tempered Glass,36.9,1,False
Lian Li PC-O11 Air,,ATX Full Tower,ATX,Black,,False,Tempered Glass,60.2,3,False
Cooler Master MasterBox TD500,,ATX Mid Tower,ATX,Black,,False,Acrylic,50.1,2,False
SilentiumPC Signum SG1X TG RGB,,ATX Mid Tower,ATX,Black,,False,Tempered Glass,39.9,2,False
Antec CX300 RGB ELITE,,ATX Mid Tower,ATX,White,,False,Tempered Glass,44.9,2,False
darkFlash DK415P,,MicroATX Mini Tower,Micro ATX,Black,,False,Tempered Glass,39.7,2,False
Fractal Design Core 1000,1545.4,MicroATX Mini Tower,Micro ATX,Black,,False,Solid,26.1,2,True
Thermaltake Ceres 500,2193.19,ATX Mid Tower,ATX,White,,False,Tempered Glass,65.3,2,True
Jonsbo D41 STD Screen,,ATX Mid Tower,ATX,Black,,False,Tempered Glass,35.4,2,False
Jonsbo RM2,,ATX Mid Tower,ATX,Silver,,False,Solid,21.5,1,False
KOLINK Observatory Lite,,ATX Mid Tower,ATX,White / Black,,False,Tempered Glass,33.4,2,False
Inter-Tech C-501 Aspect,,MicroATX Mid Tower,Micro ATX,Black,,False,Tempered Glass,41.1,2,False
Xilence Xilent X,,ATX Mid Tower,ATX,,,False,Tempered Glass,51.3,2,False
Asus A23 PLUS,2580.0,MicroATX Mid Tower,Micro ATX,Black,,False,Tempered Glass,47.4,2,True
Cougar MG140 Air RGB,,MicroATX Mini Tower,Micro ATX,Black / Gray,,False,Tempered Glass,35.3,2,False
NOX Hummer TGM,,ATX Mid Tower,ATX,,,False,Tempered Glass,36.6,2,False
NZXT H510i All Might,4999.8,ATX Mid Tower,ATX,Blue / Red,,False,Tempered Glass,41.3,2,True
Antec NX200M,,MicroATX Mid Tower,Micro ATX,White,,False,Tempered Glass,,2,False
ADATA XPG Battlecruiser,3200.0,ATX Mid Tower,ATX,Black,,False,Tempered Glass,55.2,2,True
Cooler Master Elite 502,,ATX Mid Tower,ATX,Black,,False,Tempered Glass,52.4,2,False
Lian Li PC-A05N,,ATX Mini Tower,ATX,Black,,False,Solid,39.1,3,False
DIYPC Alpha-DB6,,ATX Test Bench,ATX,Black,,False,Solid,21.8,0,False
Zalman Z3 Plus,,ATX Mid Tower,ATX,Black,,False,Acrylic,38.4,4,False
Zalman Z1 NEO,,ATX Mid Tower,ATX,Black,,False,Acrylic,,4,False
Cooler Master MasterBox MB500,,ATX Mid Tower,ATX,Black,,False,Tempered Glass,49.5,2,False
Corsair Carbide Series SPEC-06,,ATX Mid Tower,ATX,White,,False,Tempered Glass,,2,False
SaharaGaming P35,,ATX Mid Tower,ATX,Black,,False,Tempered Glass,,2,False
Rosewill SPECTRA C100,,ATX Mid Tower,ATX,Black,,False,Tempered Glass,,2,False
Fractal Design Meshify S2,,ATX Mid Tower,ATX,White / Black,,False,Tempered Glass,58.3,3,False
Deepcool Matrexx 55 V3,,ATX Mid Tower,ATX,Black,,False,Tempered Glass,,2,False
Jonsbo Jonsplus i100 Pro,,Mini ITX Desktop,Mini ITX,Black,,False,Tempered Glass,25.9,1,False
KOLINK Castle,,ATX Mid Tower,ATX,Black,,False,Tempered Glass,35.4,2,False
Fractal Design Ridge PCIe 3.0,,Mini ITX Tower,Mini ITX,White,,False,Mesh,16.3,0,False
Segotep Phoenix T1,,ATX Mid Tower,ATX,Black,,False,Tempered Glass,65.5,2,False
Montech KING 95 PRO,,ATX Mid Tower,ATX,Pink,,False,Tempered Glass,63.0,5,False
Aerocool Viewport Mini V1,,MicroATX Mini Tower,Micro ATX,Black,,False,Tempered Glass,35.0,1,False
Geometric Future Model 6,1998.0,ATX Mid Tower,ATX,Black / Yellow,,False,Tinted Tempered Glass,43.5,4,True
GameMax Mini Abyss H608,,MicroATX Mid Tower,Micro ATX,Black,,False,Tempered Glass,32.3,2,False
Thermaltake Divider 300 TG,1599.6,ATX Mid Tower,ATX,Black,,False,Tempered Glass,48.2,2,True
ADATA XPG DEFENDER,2136.8,ATX Mid Tower,ATX,Black,,False,Tempered Glass,47.7,2,True
TRYX LUCA L70,4999.8,ATX Mid Tower,ATX,White,,False,Tempered Glass,80.9,0,True
MSI MAG PANO 120R PZ,4708.0,ATX Mid Tower,ATX,Black,,False,Tempered Glass,70.2,2,True
Cougar Archon 2 RGB,,ATX Mid Tower,ATX,White,,False,Tempered Glass,37.5,2,False
Silverstone ALTA G1M,3674.2,MicroATX Mid Tower,Micro ATX,White,,False,Solid,,4,True
Fractal Design Define 7 Compact,,ATX Mid Tower,ATX,White,,False,Tempered Glass,42.5,2,False
KOLINK Unity Lateral ARGB,,ATX Mid Tower,ATX,Black,,False,Tempered Glass,53.4,2,False
KOLINK Big Chungus UNIT,,ATX Full Tower,ATX,Black,,False,Tempered Glass,146.1,2,False
Cooler Master MasterBox 540,,ATX Mid Tower,ATX,Black,,False,Tempered Glass,,2,False
KOLINK Inspire K11 ARGB,,ATX Mid Tower,ATX,,,False,Tempered Glass,32.1,2,False
Corsair Carbide Series 500R,,ATX Mid Tower,ATX,White / Black,,False,Solid,54.2,6,False
Rosewill Zircon I,3799.8,ATX Mid Tower,ATX,Black,,False,Tempered Glass,43.4,2,True
Cooler Master HAF 700,,ATX Full Tower,ATX,White,,False,Tempered Glass,83.6,9,False
APNX Creator C1 ChromaFlair,,ATX Mid Tower,ATX,Purple / Blue,,False,Tempered Glass,53.6,3,False
Corsair Carbide Series Air 240,,MicroATX Mid Tower,Micro ATX,White,,False,Acrylic,32.8,3,False
Deepcool MATREXX 50 MESH 4FS,,ATX Mid Tower,ATX,Black,,False,Tempered Glass,44.5,2,False
Thermaltake S250 TG ARGB,,ATX Mid Tower,ATX,Black,,False,Tempered Glass,49.4,2,False
Apex MW-107V,,Mini ITX Tower,Mini ITX,Black / White,60.0,True,Solid,2.9,0,False
Rosewill BLACKHAWK,,ATX Mid Tower,ATX,Black,,False,Acrylic,55.1,6,False
Corsair Obsidian Series 550D,,ATX Mid Tower,ATX,Black,,False,Solid,57.7,6,False
Zalman Z11,,ATX Mid Tower,ATX,Black,,False,Acrylic,68.0,5,False
NZXT H630,,ATX Full Tower,ATX,White,,False,Solid,,8,False
Lian Li PC-A79,,ATX Full Tower,ATX,Silver,,False,Solid,,6,False
Cooler Master CM Storm Scout 2 Advanced,,ATX Mid Tower,ATX,Black,,False,Acrylic,61.6,7,False
NZXT H440,,ATX Mid Tower,ATX,Black / Green,,False,Acrylic,53.3,8,False
In Win 303,,ATX Mid Tower,ATX,Black,,False,Tempered Glass,,2,False
Cooler Master CM 590 III,,ATX Mid Tower,ATX,Black,,False,Acrylic,45.1,4,False
NZXT H200i,,Mini ITX Tower,Mini ITX,White / Black,,False,Tempered Glass,27.3,1,False
Cooler Master MasterCase H500P Mesh,,ATX Mid Tower,ATX,White,,False,Acrylic,71.4,2,False
darkFlash DLM 21 Mesh,,MicroATX Mini Tower,Micro ATX,Black,,False,Tempered Glass,32.1,2,False
In Win Chopin Pro,,HTPC,Mini ITX,Black,200.0,True,Mesh,4.4,0,False
GALAX REV-06 ARGB,,ATX Mid Tower,ATX,Black,,False,Tempered Glass,39.5,2,False
GameMax Black Hole,,ATX Mid Tower,ATX,Black,,False,Tempered Glass,40.7,2,False
GAMDIAS NESO P1 PRO,,ATX Full Tower,ATX,White,,False,Tempered Glass,75.2,2,False
Antec GX700,4168.8,ATX Mid Tower,ATX,Black,,False,Solid,44.9,5,True
Antec P10 FLUX,2139.79,ATX Mid Tower,ATX,Black,,False,Solid,,3,True
Thermaltake CTE E660 MX,3699.6,ATX Mid Tower,ATX,Blue / White,,False,Tempered Glass,77.4,3,True
BGears ‎b-BlackWidow-RGB,1709.4,ATX Mid Tower,ATX,Black,,False,Tinted Tempered Glass,41.2,2,True
SHARKOON S1000,,MicroATX Mini Tower,Micro ATX,Black,,False,Solid,35.5,2,False
CiT S015B,,MicroATX Desktop,Micro ATX,Black,300.0,True,Solid,11.9,2,False
In Win 301,,MicroATX Mini Tower,Micro ATX,Black / Red,,False,Tempered Glass,28.1,1,False
In Win A1 Plus,,Mini ITX Tower,Mini ITX,White,650.0,True,Tempered Glass,21.8,0,False
Fractal Design Define S,,ATX Mid Tower,ATX,Black,,False,Acrylic,57.7,3,False
Antec NX400,,ATX Mid Tower,ATX,Black,,False,Tempered Glass,45.5,2,False
Jonsbo V9,,MicroATX Mini Tower,Micro ATX,Black,,False,Tempered Glass,17.6,1,False
Thermaltake Core V71,,ATX Full Tower,ATX,Black,,False,Acrylic,75.3,8,False
Jonsbo D40,,ATX Mid Tower,ATX,Black,,False,Tempered Glass,31.6,3,False
Thermaltake V3 Black Edition,,ATX Mid Tower,ATX,Black,,False,Acrylic,38.5,4,False
Zalman Z11 Plus,,ATX Mid Tower,ATX,Black,,False,Acrylic,68.0,5,False
Cooler Master N200,,MicroATX Mini Tower,Micro ATX,Black,500.0,True,Solid,33.8,2,False
NZXT H700i,,ATX Mid Tower,ATX,Black,,False,Tempered Glass,58.6,2,False
Cooler Master MasterBox TD500 Mesh White w/o Controller,,ATX Mid Tower,ATX,White,,False,Tempered Glass,,2,False
Cougar MG120 G,,MicroATX Mini Tower,Micro ATX,Black,,False,Tempered Glass,,2,False
darkFlash DLX21 Mesh,,ATX Mid Tower,ATX,White,,False,Tempered Glass,,2,False
Lian Li A4-H20 A3,,Mini ITX Desktop,Mini ITX,Silver / Black,,False,Mesh,11.1,0,False
Ocelot OGEC02,,ATX Mid Tower,ATX,Black,,False,Tempered Glass,35.0,2,False
SSUPD Meshroom S,,ATX Mini Tower,ATX,Green,,False,Mesh,14.9,0,False
darkFlash Space,,ATX Desktop,ATX,Black,,False,Tempered Glass,48.6,2,False
SAMA AR01-RGB,,MicroATX Mini Tower,Micro ATX,Black,,False,Tempered Glass,46.2,2,False
DIYPC ARGB-Q1.V2,,MicroATX Mini Tower,Micro ATX,Black,,False,Tempered Glass,,1,False
Chieftec UK-02B-OP,3101.8,ATX Mid Tower,ATX,Black,,False,Solid,29.6,2,True
Thermaltake Ceres 350 MX,2899.6,ATX Mid Tower,ATX,Green,,False,Tempered Glass,52.5,1,True
Thermaltake View 270,,ATX Mid Tower,ATX,Blue,,False,Tempered Glass,47.6,2,False
Apevia Destiny Pro,1639.8,ATX Mid Tower,ATX,White / Black,,False,Tempered Glass,42.0,2,True
Thermaltake Ceres 350 MX,2399.79,ATX Mid Tower,ATX,White,,False,Tempered Glass,52.5,1,True
YEYIAN Hussar Plus,,ATX Mid Tower,ATX,Black,,False,Tempered Glass,33.5,1,False
Silverstone PS15,1491.2,MicroATX Mid Tower,Micro ATX,White,,False,Tempered Glass,25.7,1,True
Silverstone FARA 511Z,2079.79,ATX Mid Tower,ATX,Black,,False,Tempered Glass,42.9,2,True
Antec NX210,,ATX Mid Tower,ATX,Black,,False,Tempered Glass,36.9,1,False
Streacom DA2 V2,5199.8,Mini ITX Desktop,Mini ITX,Silver,,False,Solid,17.5,0,True
Fractal Design Torrent,,ATX Mid Tower,ATX,Black,,False,Tinted Tempered Glass,69.8,2,False
HYTE Y60 Hakos Baelz,5600.0,ATX Mid Tower,ATX,Black / Red,,False,Tempered Glass,60.0,2,True
Montech KING 95,,ATX Mid Tower,ATX,Blue / Black,,False,Tempered Glass,63.0,5,False
Thermaltake Core P3,,ATX Mid Tower,ATX,Red,,False,Tempered Glass,80.1,2,False
Lazer3D LZX-8 Stealth,,Mini ITX Desktop,Mini ITX,Black,,False,Solid,8.6,0,False
Fractal Design Define Mini C,,MicroATX Mid Tower,Micro ATX,Black,,False,Acrylic,35.7,2,False
Phanteks Enthoo EVOLV TG,,MicroATX Mini Tower,Micro ATX,Black,,False,Tinted Tempered Glass,41.7,2,False
NZXT H700,,ATX Mid Tower,ATX,Black,,False,Tempered Glass,58.6,2,False
Corsair 110Q,,ATX Mid Tower,ATX,Black,,False,Solid,,2,False
Fractal Design Define 7 Compact,,ATX Mid Tower,ATX,Black,,False,Tinted Tempered Glass,42.5,2,False
GameMax Nova N6,,ATX Mid Tower,ATX,Black,,False,Tempered Glass,37.6,2,False
Cooler Master HAF 932,,ATX Full Tower,ATX,Black,,False,Acrylic,76.7,5,False
Fractal Design Define R3,,ATX Mid Tower,ATX,Black,,False,Solid,47.5,8,False
Linkworld 617-03-c2228U,,MicroATX Slim,Micro ATX,Black / Silver,400.0,True,Solid,16.2,1,False
be quiet! Silent Base 801,,ATX Mid Tower,ATX,Black,,False,Tempered Glass,,5,False
Montech Air 900 MESH,,ATX Mid Tower,ATX,Black,,False,Tempered Glass,44.0,2,False
Thermaltake Level 20 HT,,ATX Full Tower,ATX,Black,,False,Tempered Glass,144.3,4,False
Fractal Design Era ITX,,Mini ITX Desktop,Mini ITX,Blue / Black,,False,Tinted Tempered Glass,16.7,1,False
Antec Dark Phantom DP502 Flux,,ATX Mid Tower,ATX,Black,,False,Tempered Glass,49.5,3,False
ABKONCORE C750,,ATX Mid Tower,ATX,Black,,False,Tempered Glass,32.3,2,False
Lian Li LANCOOL 205M,,MicroATX Mid Tower,Micro ATX,White / Black,,False,Tempered Glass,,2,False
Geometric Future Model 5 Vent Fanless,2198.0,ATX Mid Tower,ATX,Black,,False,Tempered Glass,53.8,2,True
Montech AIR 1000 LITE,,ATX Mid Tower,ATX,White,,False,Tempered Glass,45.3,2,False
ADATA XPG DEFENDER,1934.8,ATX Mid Tower,ATX,White / Black,,False,Tempered Glass,47.7,2,True
Streacom DA6,,Mini ITX Test Bench,Mini ITX,Black / Silver,,False,Solid,19.9,4,False
Inter-Tech IM-2 Expander,,MicroATX Mid Tower,Micro ATX,Black,,False,Mesh,30.7,6,False
Deepcool MACUBE 110,,MicroATX Mini Tower,Micro ATX,Pink,,False,Tempered Glass,38.8,2,False
Fractal Design Core 2500,,ATX Mid Tower,ATX,Black,,False,Solid,37.8,4,False
Cooler Master Masterbox 520,,ATX Mid Tower,ATX,Black,,False,Tempered Glass,52.5,2,False
Cougar FV270,,ATX Mid Tower,ATX,Black,,False,Tempered Glass,72.7,2,False
Corsair Crystal Series 280X,,MicroATX Mid Tower,Micro ATX,White,,False,Tempered Glass,,2,False
Inter-Tech X-908 Infini2,,ATX Mid Tower,ATX,Black,,False,Tempered Glass,,3,False
Rosewill CHALLENGER,,ATX Mid Tower,ATX,Black,,False,Solid,38.4,5,False
In Win BL631.300TBL,,MicroATX Slim,Micro ATX,Black,300.0,True,Solid,11.6,2,False
Corsair Obsidian Series 650D,,ATX Mid Tower,ATX,Black,,False,Acrylic,64.7,5,False
Fractal Design Define XL,,ATX Full Tower,ATX,Black,,False,Solid,72.6,10,False
Xigmatek Elysium Black Server Edition,,ATX Full Tower,ATX,Black,,False,Solid,93.9,8,False
Rosewill THOR V2,,ATX Full Tower,ATX,White / Black,,False,Solid,74.8,6,False
Silverstone Black Grandia GD01B-MXR-USB3.0,,HTPC,Mini ITX,Black,,False,Solid,31.2,6,False
NZXT Phantom 240,,ATX Mid Tower,ATX,Black / White,,False,Acrylic,,6,False
Lian Li PC-A51,,ATX Mini Tower,ATX,Black,,False,Acrylic,,5,False
BitFenix Nova,,ATX Mid Tower,ATX,Black,,False,Solid,,4,False
In Win Chopin,,HTPC,Mini ITX,Black,150.0,True,Solid,,0,False
Thermaltake Core X5,,ATX Desktop,ATX,Black,,False,Acrylic,92.8,4,False
Phanteks Eclipse P400S,,ATX Mid Tower,ATX,Black,,False,Tinted Tempered Glass,45.9,2,False
Cooler Master Trooper SE,,ATX Full Tower,ATX,Black / Red,,False,Tempered Glass,87.7,2,False
Montech AIR X Black,,ATX Mid Tower,ATX,Black,,False,Tempered Glass,,2,False
Montech AIR X White,,ATX Mid Tower,ATX,White,,False,Tempered Glass,,2,False
Cooler Master MasterBox NR600P,,ATX Mid Tower,ATX,Black,,False,Solid,,3,False
GAMDIAS ARGUS E4 ELITE WH,,ATX Mid Tower,ATX,White / Black,,False,Tempered Glass,,2,False
Asus TUF Gaming GT301 ZAKU II EDITION,,ATX Mid Tower,ATX,Red / Black,,False,Tempered Glass,43.9,2,False
GAMDIAS ATHENA M6,,ATX Mid Tower,ATX,White,,False,Tempered Glass,45.0,2,False
Lian Li O11 Air Mini Glass,,ATX Mid Tower,ATX,White,,False,Tempered Glass,44.2,4,False
APNX V1,,ATX Mid Tower,ATX,White,,False,Tempered Glass,70.4,2,False
KOLINK Inspire K9,,ATX Mid Tower,ATX,Black,,False,Tempered Glass,30.8,2,False
Jonsbo D41 STD,,ATX Mid Tower,ATX,White,,False,Tempered Glass,35.4,2,False
Montech KING 95,,ATX Mid Tower,ATX,Red / Black,,False,Tempered Glass,63.0,5,False
Thermaltake Divider 200 TG Air Snow,2999.2,MicroATX Mini Tower,Micro ATX,White,,False,Tempered Glass,51.6,3,True
Silverstone FARA H1M PRO,1839.4,MicroATX Mini Tower,Micro ATX,White / Black,,False,Tempered Glass,30.1,2,True
Antec NX416L,,ATX Mid Tower,ATX,White,,False,Tempered Glass,49.9,2,False
In Win IW-MS04,2977.2,Mini ITX Desktop,Mini ITX,Black,,False,Solid,,4,True
Thermaltake Divider 370 TG Snow ARGB,,ATX Mid Tower,ATX,White / Black,,False,Tempered Glass,50.7,2,False
Chieftec BU-12B-300,,Mini ITX Tower,Mini ITX,Black,300.0,True,Solid,7.5,1,False
KOLINK INSPIRE K5 RGB,,ATX Mid Tower,ATX,Black,,False,Tempered Glass,37.0,2,False
Zalman S4 Plus,,ATX Mid Tower,ATX,Black,,False,Tinted Acrylic,,2,False
ENDORFY Signum 300 Core,,ATX Mid Tower,ATX,Black,,False,Tempered Glass,39.9,2,False
be quiet! Silent Base 601,,ATX Mid Tower,ATX,Black,,False,Tempered Glass,,3,False
Thermaltake CTE C750 Air ARGB,,ATX Full Tower,ATX,Black,,False,Tempered Glass,110.7,7,False
Silverstone PM02-G,3174.2,ATX Mid Tower,ATX,Black / Red,,False,Tempered Glass,49.3,3,True
Cougar Purity RGB,,MicroATX Mini Tower,Micro ATX,Black,,False,Tempered Glass,28.2,2,False
KOLINK Horizon,,ATX Mid Tower,ATX,Black,,False,Tempered Glass,42.9,2,False
Aerocool Graphite v2,,ATX Mid Tower,ATX,,,False,Tempered Glass,43.0,2,False
Thermaltake V250 TG ARGB Air,,ATX Mid Tower,ATX,Black,,False,Tempered Glass,44.4,2,False
SSUPD Meshroom D,,Mini ITX Desktop,Mini ITX,Gray,,False,Mesh,15.0,3,False
Zalman Z1,,ATX Mid Tower,ATX,Black,,False,Solid,,4,False
Corsair Carbide Series 678C,,ATX Mid Tower,ATX,Black,,False,Tempered Glass,65.2,6,False
Deepcool E-Shield,,ATX Mid Tower,ATX,Black,,False,Tempered Glass,43.9,2,False
GAMDIAS TALOS E1,,MicroATX Mini Tower,Micro ATX,Black,,False,Tempered Glass,25.3,1,False
Fractal Design Meshify 2 Lite RGB,,ATX Mid Tower,ATX,Black,,False,Tempered Glass,61.7,2,False
NZXT Phantom,,ATX Full Tower,ATX,Black,,False,Solid,74.3,7,False
Cooler Master Storm Trooper,,ATX Full Tower,ATX,Black / Silver,,False,Acrylic,87.7,8,False
MSI Blitz,,ATX Mid Tower,ATX,Black / Blue,650.0,True,Acrylic,76.1,5,False
Corsair Carbide Series 200R,,ATX Mid Tower,ATX,Black,,False,Acrylic,44.8,4,False
be quiet! Silent Base 800,,ATX Mid Tower,ATX,Black,,False,Solid,,7,False
Corsair Graphite Series 760T,,ATX Full Tower,ATX,Black / Red,,False,Acrylic,78.8,6,False
Zalman Z9 NEO,,ATX Mid Tower,ATX,Black,,False,Acrylic,,4,False
EVGA DG-86,,ATX Full Tower,ATX,Gray,,False,Acrylic,,8,False
NZXT S340,,ATX Mid Tower,ATX,White / Purple,,False,Acrylic,38.4,3,False
Cooler Master MasterBox Lite 3.1,,MicroATX Mid Tower,Micro ATX,Black,,False,Acrylic,36.1,2,False
Phanteks Enthoo EVOLV ITX TG,,Mini ITX Desktop,Mini ITX,Black,,False,Tinted Tempered Glass,34.1,2,False
Raidmax Vortex,,ATX Mid Tower,ATX,Black,,False,Acrylic,42.4,3,False
Corsair Carbide Series SPEC OMEGA,,ATX Mid Tower,ATX,Black / Red,,False,Tempered Glass,,3,False
Segotep SG-K8,,ATX Mid Tower,ATX,Black,,False,Acrylic,53.5,2,False
In Win 101,,ATX Mid Tower,ATX,White / Pink,,False,Tempered Glass,48.3,2,False
Phanteks Eclipse P350X,,ATX Mid Tower,ATX,Black / White,,False,Tinted Tempered Glass,41.0,2,False
Mars Gaming MC7,,ATX Mid Tower,ATX,Black,,False,Tempered Glass,,2,False
Tecware Nexus M,,MicroATX Mid Tower,Micro ATX,Black / White,,False,Tempered Glass,,2,False
Cooler Master MasterBox NR600 (w/ODD),,ATX Mid Tower,ATX,Black,,False,Tempered Glass,47.3,4,False
NZXT H210i,,Mini ITX Tower,Mini ITX,Black / Red,,False,Tempered Glass,27.3,1,False
Apevia CRUSADER-F-PK,,ATX Mid Tower,ATX,Pink,,False,Tempered Glass,,2,False
In Win B1,,Mini ITX Desktop,Mini ITX,Black,200.0,True,Solid,,0,False
Azza Pyramid L,,ATX Mid Tower,ATX,Gray / Black,,False,Tempered Glass,,1,False
OCPC MINI,,Mini ITX Test Bench,Mini ITX,White,,False,Solid,7.2,0,False
Chieftec SCORPION 3,,ATX Mid Tower,ATX,Black,,False,Tempered Glass,43.3,2,False
YEYIAN Lancer,,ATX Mid Tower,ATX,Black,,False,Tempered Glass,35.1,2,False
Raidmax Infinita i600,,MicroATX Mini Tower,Micro ATX,Black,,False,Tempered Glass,43.8,2,False
APNX V1,,ATX Mid Tower,ATX,Multicolor,,False,Tempered Glass,70.4,2,False
darkFlash DPW90M,,MicroATX Mid Tower,Micro ATX,White,,False,Tempered Glass,48.5,2,False
Segotep T3 Aeolus,,ATX Mid Tower,ATX,Black,,False,Tempered Glass,54.4,3,False
Ocypus Gamma C70 ARGB,,ATX Mid Tower,ATX,Black,,False,Tempered Glass,40.3,2,False
Thermaltake CTE C700 TG ARGB,2209.79,ATX Mid Tower,ATX,White,,False,Tempered Glass,93.8,7,True
RAIJINTEK Ponos Ultra MS4,1599.6,ATX Mid Tower,ATX,Black,,False,Tempered Glass,46.3,2,True
Jonsbo D32 STD,,MicroATX Desktop,Micro ATX,White,,False,Tempered Glass,25.7,1,False
Enermax MarbleShell MS21 RGB,,MicroATX Mid Tower,Micro ATX,White,,False,Tempered Glass,33.8,2,False
Silverstone SUGO 17,4327.39,MicroATX Desktop,Micro ATX,White,,False,Mesh,26.1,1,True
Thermaltake The Tower 300,3199.8,MicroATX Mini Tower,Micro ATX,Pink / Blue,,False,Tempered Glass,53.0,3,True
Jonsbo Jonsplus i100 Pro,,Mini ITX Desktop,Mini ITX,Silver,,False,Solid,25.9,1,False
Jonsbo MOD-3,,ATX Mid Tower,ATX,White,,False,Tempered Glass,93.1,1,False
Cougar Uniface RGB,,ATX Mid Tower,ATX,White,,False,Tempered Glass,53.9,2,False
Thermaltake Versa H26,,ATX Mid Tower,ATX,Black,,False,Tempered Glass,,2,False
Fractal Design Define R5,,ATX Mid Tower,ATX,Silver,,False,Solid,54.2,8,False
Thermaltake View 37,,ATX Mid Tower,ATX,Black,,False,Acrylic,73.7,3,False
Antec Three Hundred,,ATX Mid Tower,ATX,Black,,False,Solid,43.5,6,False
Zalman Z9 Plus,,ATX Mid Tower,ATX,Black,,False,Acrylic,48.3,5,False
Thermaltake Level 10 GT,,ATX Full Tower,ATX,White / Black,,False,Acrylic,97.2,5,False
Cooler Master Silencio 550,,ATX Mid Tower,ATX,Black,,False,Solid,47.9,7,False
NZXT H440,,ATX Mid Tower,ATX,Black / Blue,,False,Acrylic,53.3,8,False
Deepcool TESSERACT BF,,ATX Mid Tower,ATX,Black / Blue,,False,Solid,36.4,4,False
Zalman Z11 NEO,,ATX Mid Tower,ATX,Black,,False,Acrylic,,6,False
Corsair Carbide 600Q,,ATX Full Tower,ATX,Black,,False,Solid,63.2,2,False
FSP Group CMT210,,ATX Mid Tower,ATX,Black / Blue,,False,Acrylic,39.7,3,False
Thermaltake Versa N21,,ATX Mid Tower,ATX,White / Black,,False,Acrylic,51.5,3,False
Lazer3D LZ7-v1,,Mini ITX Desktop,Mini ITX,Black,,False,Solid,7.1,0,False
Thermaltake Core X5 TG,,ATX Desktop,ATX,Black,,False,Tempered Glass,92.8,4,False
NZXT H500i,,ATX Mid Tower,ATX,Black / Red,,False,Tempered Glass,41.3,3,False
In Win D-Frame 2.0,,ATX Full Tower,ATX,Black / Gold,1065.0,True,Tempered Glass,,4,False
Antec NX310,,ATX Mid Tower,ATX,Black,,False,Tempered Glass,42.5,2,False
SilentiumPC Regnum RG4T,,ATX Mid Tower,ATX,Black,,False,Tempered Glass,46.8,3,False
NZXT Cyberpunk 2077 H710i,,ATX Mid Tower,ATX,Red / Black,,False,Tempered Glass,58.6,4,False
BitFenix NOVA MESH SE TG,,ATX Mid Tower,ATX,Black,,False,Tempered Glass,36.1,2,False
Thermaltake The Tower 100,,Mini ITX Tower,Mini ITX,Green / Black,,False,Tempered Glass,32.7,2,False
Jonsbo C6 Handle,,MicroATX Mini Tower,Micro ATX,White,,False,Mesh,15.9,1,False
Antec NX500M,,MicroATX Mini Tower,Micro ATX,Black,,False,Tempered Glass,34.6,2,False
Frontier Technology Trendsonic Amalthea AM20A-1,,ATX Mid Tower,ATX,Black,,False,Tempered Glass,33.7,2,False
Armoury C802,,ATX Mid Tower,ATX,White,,False,Tempered Glass,51.4,2,False
Mars Gaming MC-CORE,,MicroATX Mid Tower,Micro ATX,White,,False,Tempered Glass,14.6,3,False
Chieftec BT-02B-U3-250VS (230V),3315.6,Mini ITX Tower,Mini ITX,,250.0,True,Solid,9.6,1,True
Silverstone PS15 PRO,3849.8,MicroATX Mid Tower,Micro ATX,Black,,False,Tempered Glass,25.7,1,True
Cougar MX330-F,1736.8,ATX Mid Tower,ATX,Black,,False,Acrylic,39.4,2,True
Asus TUF Gaming GT301,4599.8,ATX Mid Tower,ATX,Pink / Black,,False,Tempered Glass,43.9,2,True
Fractal Design Focus G,,ATX Mid Tower,ATX,Black / Gray,,False,Acrylic,42.2,2,False
ADATA XPG DEFENDER PRO,,ATX Mid Tower,ATX,Black,,False,Tempered Glass,47.7,2,False
KOLINK Rocket Heavy,,Mini ITX Desktop,Mini ITX,Black,,False,Tempered Glass,16.7,1,False
SHARKOON VG7-W RGB,,ATX Mid Tower,ATX,Black,,False,Acrylic,,3,False
In Win Chopin MAX,,Mini ITX Desktop,Mini ITX,Silver,200.0,True,Mesh,4.4,0,False
SHARKOON Rebel C50 RGB,9627.0,ATX Mid Tower,ATX,Black,,False,Tempered Glass,52.4,3,True
FSP Group CUT593A,,ATX Full Tower,ATX,Black,,False,Tempered Glass,62.6,3,False
Aerocool Trinity Mini V3,,MicroATX Mini Tower,Micro ATX,Black,,False,Tempered Glass,28.1,2,False
Cougar Duoface RGB,2440.0,ATX Mid Tower,ATX,White,,False,Tempered Glass,43.6,2,True
Geometric Future Model 8,,ATX Mid Tower,ATX,Black / Silver,,False,Tinted Tempered Glass,57.5,3,False
Phanteks Enthoo Series Primo Aluminum,,ATX Full Tower,ATX,Black,,False,Acrylic,96.8,6,False
Cooler Master MasterBox Pro 5 RGB,,ATX Mid Tower,ATX,Black,,False,Tempered Glass,53.0,2,False
Cougar MX430 Air RGB,,ATX Mid Tower,ATX,Black,,False,Tempered Glass,37.6,2,False
Thermaltake H570 TG ARGB,,ATX Mid Tower,ATX,Black,,False,Tempered Glass,48.8,2,False
Antec Twelve Hundred,,ATX Full Tower,ATX,Black,,False,Acrylic,63.5,9,False
Apevia X-FIT-100,,Mini ITX Tower,Mini ITX,Black,250.0,True,Solid,4.7,0,False
Corsair Vengeance C70,,ATX Mid Tower,ATX,White / Black,,False,Acrylic,61.4,6,False
Corsair Graphite Series 600T,,ATX Mid Tower,ATX,Silver / Black,,False,Acrylic,79.3,6,False
Cooler Master HAF XB,,ATX Desktop,ATX,Black,,False,Solid,61.7,0,False
Cooler Master Elite 350,,ATX Mid Tower,ATX,Black,500.0,True,Solid,33.0,6,False
Cooler Master HAF Stacker 935,,ATX Full Tower,ATX,Black,,False,Acrylic,96.9,9,False
NZXT Phantom 630,,ATX Full Tower,ATX,White,,False,Acrylic,92.0,6,False
Phanteks Mini XL,,MicroATX Desktop,Micro ATX,Black,,False,Acrylic,,6,False
Phanteks Enthoo EVOLV ATX TG,,ATX Mid Tower,ATX,Silver,,False,Tinted Tempered Glass,,5,False
be quiet! Dark Base 900,,ATX Full Tower,ATX,Black,,False,Solid,82.0,7,False
Rosewill TYRFING,,ATX Mid Tower,ATX,Black,,False,Acrylic,44.0,3,False
Corsair Carbide Series 270R,,ATX Mid Tower,ATX,Black,,False,Solid,,2,False
Cougar Panzer,,ATX Mid Tower,ATX,Black,,False,Tempered Glass,61.1,2,False
Cooler Master MasterBox Pro 5,,ATX Mid Tower,ATX,Black,,False,Tempered Glass,53.0,2,False
Corsair Carbide Series 275R,,ATX Mid Tower,ATX,White,,False,Acrylic,44.2,2,False
NZXT H400,,MicroATX Mini Tower,Micro ATX,White,,False,Tempered Glass,36.9,1,False
Lian Li LANCOOL ONE Digital,,ATX Mid Tower,ATX,Gold / White,,False,Tempered Glass,46.7,2,False
Antec NX600,,ATX Mid Tower,ATX,Black,,False,Tempered Glass,46.8,2,False
MagniumGear Neo Air,,ATX Mid Tower,ATX,,,False,Tempered Glass,41.4,2,False
SilentiumPC Regnum RG6V TG,,ATX Mid Tower,ATX,Black,,False,Tempered Glass,,2,False
AQIRYS Bellatrix,,MicroATX Mid Tower,Micro ATX,Black,,False,Tempered Glass,,0,False
Jonsbo Jonsplus i100 Pro,,Mini ITX Desktop,Mini ITX,Silver / Black,,False,Tempered Glass,25.9,1,False
CiT Blaze Red,,ATX Mid Tower,ATX,Black / Red,,False,Tempered Glass,31.4,2,False
Deepcool CC560 Limited,,ATX Mid Tower,ATX,Black,,False,Tempered Glass,41.7,2,False
Tecware Forge M2,,MicroATX Mid Tower,Micro ATX,Black / White,,False,Tempered Glass,27.3,2,False
Vetroo M05,,MicroATX Mid Tower,Micro ATX,Black,,False,Tempered Glass,36.3,2,False
SAMA AR01-RGB,,MicroATX Mini Tower,Micro ATX,White,,False,Tempered Glass,46.2,2,False
DARKROCK A8-M,,ATX Mid Tower,ATX,Black,,False,Tempered Glass,,2,False
MagniumGear Neo V2,,ATX Mid Tower,ATX,Silver,,False,Tempered Glass,38.3,2,False
Montech SKY ONE LITE,2399.0,ATX Mid Tower,ATX,Black,,False,Tempered Glass,44.8,2,True
be quiet! Pure Base 501 LX,3098.0,ATX Mid Tower,ATX,White,,False,Tempered Glass,48.1,2,True
GameMax Silent,,ATX Mid Tower,ATX,Black,,False,Solid,51.1,2,False
SHARKOON Rebel C70M RGB,,ATX Mid Tower,ATX,Brown / Black,,False,Mesh,54.5,3,False
SHARKOON VS9 RGB,6856.0,ATX Mid Tower,ATX,White,,False,Tempered Glass,42.1,2,True
GameMax Spark Pro,,ATX Mid Tower,ATX,Black,,False,Tempered Glass,33.5,1,False
Silverstone FARA R1 PRO V2,,ATX Mid Tower,ATX,White,,False,Tempered Glass,40.1,2,False
Aerocool Menace Saturn RGB,1762.2,ATX Mid Tower,ATX,Black,,False,Tempered Glass,36.7,2,True
Silverstone RL08BR-RGB,,MicroATX Mini Tower,Micro ATX,Black / Red,,False,Tempered Glass,,3,False
darkFlash LEO,,ATX Mid Tower,ATX,Black,,False,Tempered Glass,30.9,2,False
Aerocool Aero One Mini Eclipse,,MicroATX Mini Tower,Micro ATX,Black,,False,Tempered Glass,,2,False
Fractal Design Meshify 2 Compact Lite,,ATX Mid Tower,ATX,Black,,False,Tinted Tempered Glass,42.3,2,False
Zalman i3 Edge,,ATX Mid Tower,ATX,Black,,False,Tempered Glass,39.8,2,False
Cougar MX600 Mini RGB,,MicroATX Mini Tower,Micro ATX,Black,,False,Tempered Glass,47.1,2,False
Antec P7 Silent,,ATX Mid Tower,ATX,Black / Silver,,False,Solid,,2,False
Tempest Shade RGB,,ATX Mid Tower,ATX,Black,,False,Acrylic,,2,False
KOLINK Void,,ATX Mid Tower,ATX,White / Black,,False,Tempered Glass,,2,False
Aerocool Prism V3 ARGB,,ATX Mid Tower,ATX,Black,,False,Tempered Glass,41.7,2,False
Thermaltake Versa H15,3840.0,MicroATX Mid Tower,Micro ATX,Black,,False,Acrylic,,3,True
Cooler Master MasterBox 5,,ATX Mid Tower,ATX,White,,False,Acrylic,52.2,2,False
Thermaltake V100,,ATX Mid Tower,ATX,Black,500.0,True,Solid,36.6,2,False
MSI MPG GUNGNIR 100D,,ATX Mid Tower,ATX,Black / Red,,False,Tempered Glass,60.8,2,False
Cougar Cratus,,ATX Mid Tower,ATX,Black,,False,Tempered Glass,114.3,2,False
Thermaltake V4 Black Edition,,ATX Mid Tower,ATX,Black,,False,Acrylic,38.6,4,False
Thermaltake Level 10 GT,,ATX Full Tower,ATX,Black,,False,Acrylic,97.2,5,False
Lian Li PC-Q25B,,Mini ITX Tower,Mini ITX,Black,,False,Solid,20.2,7,False
Corsair Graphite Series 380T,,Mini ITX Tower,Mini ITX,Black / Red,,False,Solid,41.0,2,False
Corsair Carbide Series SPEC-ALPHA,,ATX Mid Tower,ATX,White / Red,,False,Acrylic,,3,False
Corsair Carbide Series Air 740,,ATX Full Tower,ATX,Black,,False,Acrylic,73.9,3,False
Corsair Crystal 460X RGB,,ATX Mid Tower,ATX,White,,False,Tempered Glass,44.9,2,False
Corsair Crystal 570X RGB Mirror Black,,ATX Mid Tower,ATX,Black,,False,Tempered Glass,57.5,2,False
NZXT H700i Ninja,,ATX Mid Tower,ATX,Blue / Yellow,,False,Tempered Glass,58.6,2,False
be quiet! Dark Base Pro 900 Rev. 2,,ATX Full Tower,ATX,Silver / Black,,False,Tempered Glass,,7,False
In Win A1 Plus,,Mini ITX Tower,Mini ITX,Black,650.0,True,Tempered Glass,21.8,0,False
Xigmatek Nemesis M,,MicroATX Mini Tower,Micro ATX,Black,,False,Tempered Glass,26.7,2,False
SSUPD Meshlicious,,Mini ITX Tower,Mini ITX,Black,,False,Tempered Glass,14.7,0,False
Azza Celesta 340,,ATX Mid Tower,ATX,Black,,False,Tempered Glass,40.2,2,False
CiT RAIDER RGB,,ATX Mid Tower,ATX,Black,,False,Tempered Glass,37.8,2,False
Jonsbo VR3,,Mini ITX Tower,Mini ITX,Black,,False,Mesh,19.9,0,False
In Win DUBILI,,ATX Full Tower,ATX,Gray / Orange,,False,Tempered Glass,72.4,2,False
RAIJINTEK METIS EVO TGS,1624.6,Mini ITX Desktop,Mini ITX,White,,False,Tempered Glass,22.3,2,True
RAIJINTEK Ponos Ultra TG4,1779.8,ATX Mid Tower,ATX,White,,False,Tempered Glass,46.3,2,True
DIYPC DIY-S08,,ATX Mid Tower,ATX,White / Black,,False,Tempered Glass,33.2,2,False
GameMax N80,2339.79,ATX Mid Tower,ATX,Black,,False,Tempered Glass,56.0,1,True
Aerocool Graphite,,ATX Mid Tower,ATX,,,False,Tempered Glass,43.0,2,False
Chieftec APEX Q,,ATX Mid Tower,ATX,Black,,False,Solid,52.9,2,False
Cooler Master MasterFrame 600,5839.4,ATX Mid Tower,ATX,Silver,,False,Tempered Glass,61.2,2,True
Jonsbo MOD5,,ATX Mid Tower,ATX,Black,,False,Tempered Glass,97.2,1,False
KOLINK Unity Arena ARGB,,ATX Mid Tower,ATX,Black,,False,Tempered Glass,51.2,2,False
FSP Group CUT593P,,ATX Full Tower,ATX,Black,,False,Tempered Glass,62.6,3,False
Montech KING 95 ULTRA,,ATX Mid Tower,ATX,Silver / Black,,False,Tempered Glass,63.0,5,False
Jonsbo D40,,ATX Mid Tower,ATX,White,,False,Tempered Glass,31.6,3,False
KOLINK Nimbus,,ATX Mid Tower,ATX,Black,,False,Tempered Glass,34.2,2,False
Phanteks Evolv Shift 2,,Mini ITX Tower,Mini ITX,Black,,False,Tempered Glass,22.8,1,False
MSI MAG VAMPIRIC 010X,,ATX Mid Tower,ATX,Black,,False,Tempered Glass,41.9,2,False
Cougar Conquer,,ATX Mid Tower,ATX,Black / Orange,,False,Tempered Glass,101.3,3,False
MSI MAG FORGE 111R,,ATX Mid Tower,ATX,Black,,False,Tempered Glass,42.5,2,False
Cooler Master Elite 310,,ATX Mid Tower,ATX,Black / Blue,,False,Acrylic,39.1,6,False
Corsair Obsidian Series 700D,,ATX Full Tower,ATX,Black,,False,Solid,84.6,6,False
NZXT Source 210 Elite,,ATX Mid Tower,ATX,Black,,False,Solid,42.4,8,False
Cooler Master Elite 431 Plus,,ATX Mid Tower,ATX,Black,,False,Acrylic,40.4,5,False
Cooler Master Elite 342,,MicroATX Mini Tower,Micro ATX,Black,400.0,True,Solid,27.9,5,False
Corsair Obsidian Series 350D,,MicroATX Mid Tower,Micro ATX,Black,,False,Solid,41.4,2,False
Corsair Graphite Series 230T,,ATX Mid Tower,ATX,Black / Orange,,False,Acrylic,,4,False
Zalman ZM-T3,,MicroATX Mini Tower,Micro ATX,Black,,False,Solid,,2,False
Deepcool KENDOMEN,,ATX Mid Tower,ATX,Black / Red,,False,Acrylic,,3,False
Cooler Master Cosmos II,,ATX Full Tower,ATX,Black / Silver,,False,Tinted Tempered Glass,160.8,13,False
DAN Cases A4 SFX,,Mini ITX Desktop,Mini ITX,Black,,False,Solid,,0,False
NZXT H500,,ATX Mid Tower,ATX,Black / Red,,False,Tempered Glass,41.3,3,False
darkFlash Phantom,,ATX Mid Tower,ATX,Black,,False,Tempered Glass,,2,False
NOX Hummer TG RGB,,ATX Mid Tower,ATX,Black,,False,Tempered Glass,,3,False
Cooler Master MasterCase H500P Mesh,,ATX Mid Tower,ATX,Black,,False,Tempered Glass,71.4,2,False
SHARKOON TG5,,ATX Mid Tower,ATX,Black,,False,Acrylic,,3,False
Aerocool Scar,,ATX Mid Tower,ATX,Black,,False,Tempered Glass,,2,False
Deepcool CL500,,ATX Mid Tower,ATX,Black / Silver,,False,Tempered Glass,55.5,2,False
BitFenix NOVA MESH SE TG,,ATX Mid Tower,ATX,White / Black,,False,Tempered Glass,36.1,2,False
Antec DP503,,ATX Mid Tower,ATX,Black,,False,Tempered Glass,52.3,2,False
Deepcool CC560 Limited,,ATX Mid Tower,ATX,White,,False,Tempered Glass,41.7,2,False
Vetroo AL700,,ATX Mid Tower,ATX,Black,,False,Tempered Glass,48.1,1,False
GALAX REV-06 RGB,,ATX Mid Tower,ATX,Black,,False,Tempered Glass,39.5,2,False
1STPLAYER T3,,MicroATX Mid Tower,Micro ATX,White,,False,Tempered Glass,32.4,2,False
Ocypus Iota C70 ARGB,,ATX Mid Tower,ATX,Black,,False,Tempered Glass,48.6,2,False
KOLINK Big Chungus Hench,,ATX Mid Tower,ATX,Black,,False,Tempered Glass,77.3,1,False
Silverstone SETA A2,3959.8,ATX Mid Tower,ATX,White,,False,Tempered Glass,68.7,11,True
Silverstone Sugo 16,2002.0,Mini ITX Tower,Mini ITX,White,,False,Solid,13.0,1,True
Geometric Future Model 5 Fanless,2398.0,ATX Mid Tower,ATX,White,,False,Tempered Glass,51.1,2,True
Thermaltake View 300 MX,4575.0,ATX Mid Tower,ATX,Black,,False,Tempered Glass,58.8,2,True
darkFlash DLM 22,,MicroATX Mid Tower,Micro ATX,White,,False,Tempered Glass,,2,False
Silverstone GD10B,3433.0,HTPC,Mini ITX,Black,,False,Solid,27.4,2,True
GameMax Starlight RGB,,ATX Mid Tower,ATX,Black,,False,Tempered Glass,45.3,2,False
KOLINK Citadel,,MicroATX Mini Tower,Micro ATX,Black,,False,Tempered Glass,32.7,2,False
Cougar DarkBlader X5 RGB,6678.8,ATX Mid Tower,ATX,Black,,False,Tempered Glass,50.0,2,True
Cougar Gemini S,2398.8,ATX Mid Tower,ATX,Gray / Black,,False,Tempered Glass,,2,True
RAIJINTEK PAEAN C7,,ATX Mid Tower,ATX,White,,False,Tempered Glass,45.5,2,False
be quiet! Pure Base 500,,ATX Mid Tower,ATX,Gray,,False,Solid,46.0,2,False
Thermaltake Core P6,,ATX Mid Tower,ATX,Blue / Black,,False,Tempered Glass,76.4,4,False
SHARKOON Rebel C50,,ATX Mid Tower,ATX,Black,,False,Mesh,52.4,3,False
Thermaltake V150 Tempered Glass ARGB Breeze,,MicroATX Mid Tower,Micro ATX,Black,,False,Tempered Glass,,2,False
LC-Power Gaming 806W Crosswind_X,,ATX Mid Tower,ATX,White,,False,Tempered Glass,45.8,1,False
In Win 301,,MicroATX Mini Tower,Micro ATX,White / Blue,,False,Tempered Glass,28.1,1,False
Fractal Design Define 7,,ATX Mid Tower,ATX,Gray,,False,Solid,62.4,6,False
KOLINK Quantum,,ATX Mid Tower,ATX,Black,,False,Tempered Glass,39.5,2,False
Cooler Master CMP 520L,,ATX Mid Tower,ATX,Black,,False,Tempered Glass,41.5,2,False
Cooler Master CM 690 II,,ATX Mid Tower,ATX,Black,,False,Solid,57.4,6,False
Fractal Design Define R5 Blackout Edition,,ATX Mid Tower,ATX,Black,,False,Acrylic,54.2,8,False
Thermaltake Core P5,,ATX Mid Tower,ATX,Black,,False,Acrylic,115.4,3,False
Zalman Z9 NEO,,ATX Mid Tower,ATX,White,,False,Acrylic,,4,False
Deepcool SMARTER,,MicroATX Mini Tower,Micro ATX,Black,,False,Solid,30.8,2,False
NZXT H440,,ATX Mid Tower,ATX,White / Purple,,False,Acrylic,53.3,8,False
Phanteks Enthoo EVOLV SHIFT,,Mini ITX Tower,Mini ITX,Gray,,False,Tinted Tempered Glass,24.0,1,False
Cooler Master MasterBox K500,,ATX Mid Tower,ATX,Black,,False,Tempered Glass,46.9,2,False
Lian Li LANCOOL ONE Digital,,ATX Mid Tower,ATX,Black,,False,Acrylic,46.7,2,False
Thermaltake V200,,ATX Mid Tower,ATX,Black,,False,Tempered Glass,,2,False
GameMax Spectrum,,ATX Mid Tower,ATX,Black,,False,Tempered Glass,57.1,2,False
Cooler Master MasterBox TD500 Mesh w/o Controller,,ATX Mid Tower,ATX,Black,,False,Tempered Glass,,2,False
Fractal Design Define 7 Light,,ATX Mid Tower,ATX,Black,,False,Tempered Glass,62.4,6,False
Fractal Design Define 7,,ATX Mid Tower,ATX,Black / White,,False,Tempered Glass,62.4,6,False
Tecware Forge S,,ATX Mid Tower,ATX,Black,,False,Tempered Glass,,2,False
GameMax Destroyer,,MicroATX Mini Tower,Micro ATX,Black,,False,Tempered Glass,43.6,2,False
GameMax Master M905,,ATX Full Tower,ATX,Black,,False,Tempered Glass,53.8,8,False
HYTE Metaphor: ReFantazio Y70,,ATX Mid Tower,ATX,Brown / Gold,,False,Tempered Glass,70.7,2,False
Chieftec BX-10B-M-OP,1884.8,MicroATX Mid Tower,Micro ATX,Black,,False,Mesh,28.8,1,True
Silverstone TJ04B-E,4821.39,ATX Mid Tower,ATX,Black,,False,Solid,51.0,9,True
Thermaltake CTE E550,3399.0,ATX Mid Tower,ATX,White,,False,Tempered Glass,77.4,3,True
Silverstone KL07B-E,2961.6,ATX Mid Tower,ATX,Black,,False,Solid,52.9,3,True
Silverstone RVZ03W-ARGB,2788.6,Mini ITX Desktop,Mini ITX,White,,False,Solid,,0,True
Silverstone FARA 312Z,1777.2,MicroATX Mini Tower,Micro ATX,Black,,False,Tempered Glass,37.2,2,True
Lian Li LANCOOL 205 Mesh,4799.0,ATX Mid Tower,ATX,White / Black,,False,Tempered Glass,41.3,2,True
YEYIAN Hussar Plus,,ATX Mid Tower,ATX,White,,False,Tempered Glass,33.5,1,False
GameMax Abyss TR,2259.79,ATX Mid Tower,ATX,Black,,False,Tempered Glass,57.1,3,True
Silverstone PS13,,ATX Mid Tower,ATX,Black,,False,Solid,,3,False
Cooler Master Masterbox 520,,ATX Mid Tower,ATX,White,,False,Tempered Glass,52.5,2,False
Mars Gaming MCZP,,MicroATX Mid Tower,Micro ATX,Pink / Black,,False,Tempered Glass,,1,False
Deepcool CYCLOPS,,ATX Mid Tower,ATX,White,,False,Tempered Glass,51.5,2,False
Aerocool Zauron V1,,ATX Mid Tower,ATX,Black,,False,Tempered Glass,39.6,2,False
Cooler Master 690 III,,ATX Mid Tower,ATX,Black,,False,Acrylic,58.5,7,False
Antec DF700 FLUX,,ATX Mid Tower,ATX,White,,False,Tempered Glass,49.9,3,False
Thermaltake View 270,,ATX Mid Tower,ATX,Green / Black,,False,Tempered Glass,47.6,2,False
Fractal Design Define C TG,,ATX Mid Tower,ATX,Black,,False,Tempered Glass,40.6,2,False
Fractal Design Define S2,,ATX Mid Tower,ATX,Black / White,,False,Tinted Tempered Glass,58.8,3,False
Phanteks ECLIPSE G500A DRGB (Fanless),,ATX Mid Tower,ATX,Black,,False,Tempered Glass,61.8,2,False
Apevia X-Master,,HTPC,Mini ITX,Black,500.0,True,Solid,22.0,1,False
Fractal Design Arc Midi,,ATX Mid Tower,ATX,Black,,False,Solid,54.4,8,False
Cooler Master HAF 912 Plus,,ATX Mid Tower,ATX,Black,,False,Solid,54.9,6,False
Antec One,,ATX Mid Tower,ATX,Black,,False,Solid,44.2,5,False
Azza Genesis 9000B,,ATX Full Tower,ATX,Black,,False,Acrylic,93.0,5,False
Cooler Master Storm Scout 2,,ATX Mid Tower,ATX,Black,,False,Acrylic,61.6,7,False
Corsair Carbide Series 330R,,ATX Mid Tower,ATX,Black,,False,Solid,49.9,4,False
NZXT H440,,ATX Mid Tower,ATX,Black / Orange,,False,Acrylic,53.3,8,False
Aerocool XPredator X3,,ATX Mid Tower,ATX,Black / Red,,False,Acrylic,62.5,8,False
Phanteks Eclipse P400,,ATX Mid Tower,ATX,Black,,False,Tinted Acrylic,45.9,2,False
Corsair Carbide Series SPEC-ALPHA,,ATX Mid Tower,ATX,Black / Silver,,False,Acrylic,,3,False
DIYPC F2,,MicroATX Mini Tower,Micro ATX,Black / Purple,,False,Acrylic,,2,False
Zalman Z3,,ATX Mid Tower,ATX,Black,,False,Solid,,4,False
be quiet! Dark Base 900,,ATX Full Tower,ATX,Black / Orange,,False,Solid,82.0,7,False
Rosewill CULLINAN,,ATX Mid Tower,ATX,Black,,False,Tempered Glass,,3,False
Lian Li PC-O11,,ATX Full Tower,ATX,Black,,False,Tempered Glass,64.1,4,False
NZXT H500,,ATX Mid Tower,ATX,Black / Blue,,False,Tempered Glass,41.3,3,False
Fractal Design Define S2 Vision RGB,,ATX Mid Tower,ATX,Black,,False,Tinted Tempered Glass,58.8,3,False
Deepcool Gamer Storm MACUBE 550,,ATX Mid Tower,ATX,Black,,False,Tempered Glass,65.9,4,False
Azza PYRAMID 804,,ATX Mid Tower,ATX,Silver / Black,,False,Tempered Glass,,1,False
Zalman M3 Plus,,MicroATX Mini Tower,Micro ATX,Black,,False,Tempered Glass,39.1,2,False
SilentiumPC Signum SG1V EVO TG ARGB,,ATX Mid Tower,ATX,Black,,False,Tempered Glass,,2,False
Corsair iCUE 5000X RGB Neon Night,,ATX Mid Tower,ATX,Black / Purple,,False,Tempered Glass,66.2,2,False
Golden Field MAGE,,ATX Mid Tower,ATX,Pink / Black,,False,Tempered Glass,47.6,2,False
DIYPC S3-BK-ARGB,,ATX Mid Tower,ATX,Black,,False,Tempered Glass,36.8,2,False
Cooler Master Cosmos C700M,,ATX Full Tower,ATX,Silver / White,,False,Tempered Glass,,4,False
SaharaGaming M808W,,MicroATX Mid Tower,Micro ATX,White,,False,Tempered Glass,41.9,2,False
Ocypus Iota C70 ARGB,,ATX Mid Tower,ATX,White,,False,Tempered Glass,48.6,2,False
Thermaltake Ceres 350 MX,2799.8,ATX Mid Tower,ATX,Yellow,,False,Tempered Glass,52.5,1,True
Apevia Destiny Pro,1639.8,ATX Mid Tower,ATX,Black,,False,Tempered Glass,42.0,2,True
In Win F5,3380.0,ATX Full Tower,ATX,White,,False,Tempered Glass,65.1,2,True
Nanoxia Deep Silence 3,,ATX Mid Tower,ATX,Black / Silver,,False,Solid,,5,False
Cougar FV270,,ATX Mid Tower,ATX,White,,False,Tempered Glass,72.7,2,False
Silverstone SETA H1,3860.8,ATX Mid Tower,ATX,Black,,False,Tempered Glass,55.0,2,True
Azza Hive 450,1599.6,ATX Mid Tower,ATX,Black,,False,Tempered Glass,41.9,2,True
GameMax Spark Pro,,ATX Mid Tower,ATX,White,,False,Tempered Glass,33.5,1,False
NOX LITE030,,MicroATX Mid Tower,Micro ATX,Black,500.0,True,Solid,19.6,3,False
Cooler Master MasterBox Q300P,,MicroATX Mini Tower,Micro ATX,Black,,False,Acrylic,46.6,1,False
Phanteks EVOLV SHIFT 2 AIR,,Mini ITX Tower,Mini ITX,Black,,False,Solid,,1,False
Jonsbo Jonsplus i400,,ATX Mid Tower,ATX,Silver,,False,Tempered Glass,55.7,6,False
Thermaltake Level 20 GT ARGB,,ATX Full Tower,ATX,Silver / Black,,False,Tempered Glass,100.9,7,False
Thermaltake H200 TG Snow RGB,,ATX Mid Tower,ATX,White,,False,Tempered Glass,39.7,2,False
SHARKOON Rebel C50 RGB,9604.79,ATX Mid Tower,ATX,White,,False,Tempered Glass,52.4,3,True
Thermaltake Ceres 350 MX,2799.8,ATX Mid Tower,ATX,Black,,False,Tempered Glass,52.5,1,True
Cougar MG130-G,,MicroATX Mini Tower,Micro ATX,Black,,False,Tempered Glass,,2,False
Antec P120 Crystal,,ATX Mid Tower,ATX,White,,False,Tempered Glass,,2,False
Deepcool Quadstellar Infinity,,ATX Mid Tower,ATX,Black,,False,Tempered Glass,129.9,3,False
Aerocool Playa,,ATX Mid Tower,ATX,Black,,False,Tempered Glass,43.8,2,False
FSP Group CMT380,,ATX Mid Tower,ATX,White / Black,,False,Tempered Glass,45.5,2,False
Thermaltake CTE E660 MX,,ATX Mid Tower,ATX,Black,,False,Tempered Glass,77.4,3,False
Cooler Master MB600L,,ATX Mid Tower,ATX,Black / Red,,False,Acrylic,,2,False
Aerocool Aero One Eclipse,,ATX Mid Tower,ATX,White / Black,,False,Tempered Glass,,2,False
In Win Wavy,,Mini ITX Tower,Mini ITX,Black,120.0,True,Solid,6.8,0,False
Fractal Design Array R2,,Mini ITX Desktop,Mini ITX,Black,300.0,True,Solid,17.3,6,False
NZXT Phantom 410,,ATX Mid Tower,ATX,Black,,False,Acrylic,58.5,6,False
Rosewill Line-M,,MicroATX Mini Tower,Micro ATX,Black,,False,Solid,26.9,2,False
Asus VENTO 3600 RED,,ATX Mid Tower,ATX,Red,,False,Solid,101.8,3,False
SHARKOON T9 Value,,MicroATX Mid Tower,Micro ATX,Black / Blue,,False,Acrylic,,0,False
Phanteks Enthoo EVOLV ITX,,Mini ITX Tower,Mini ITX,Black,,False,Acrylic,,2,False
Thermaltake Core X1,,Mini ITX Tower,Mini ITX,Black / Blue,,False,Acrylic,,3,False
Rosewill SRM-01,,MicroATX Mini Tower,Micro ATX,Black,,False,Solid,,2,False
be quiet! Silent Base 600,,ATX Mid Tower,ATX,Black / Orange,,False,Solid,,3,False
Corsair Carbide Series Quiet 400Q,,ATX Mid Tower,ATX,Black,,False,Solid,,2,False
Phanteks Eclipse P400S,,ATX Mid Tower,ATX,Black,,False,Tinted Acrylic,45.9,2,False
NOX Hummer ZN,,ATX Mid Tower,ATX,Black,,False,Solid,52.2,2,False
Thermaltake Versa C22 RGB,,ATX Mid Tower,ATX,Black,,False,Acrylic,52.2,2,False
Thermaltake Core P3 Snow Edition,,ATX Mid Tower,ATX,White,,False,Acrylic,80.1,2,False
Phanteks Eclipse P400,,ATX Mid Tower,ATX,Black / Red,,False,Tinted Tempered Glass,45.9,2,False
Phanteks Eclipse P400S,,ATX Mid Tower,ATX,Black / Red,,False,Tinted Tempered Glass,45.9,2,False
SHARKOON VG4-W,,ATX Mid Tower,ATX,Black / Blue,,False,Acrylic,38.3,3,False
Corsair Carbide Series SPEC OMEGA,,ATX Mid Tower,ATX,Red / Black,,False,Tempered Glass,,3,False
Rosewill CULLINAN MX,,ATX Mid Tower,ATX,Black,,False,Tempered Glass,47.2,4,False
Cooler Master MasterCase MC500M,,ATX Mid Tower,ATX,Black,,False,Tempered Glass,75.6,4,False
Cooler Master Stryker SE,,ATX Full Tower,ATX,White / Black,,False,Tempered Glass,87.7,2,False
NZXT H200,,Mini ITX Tower,Mini ITX,Black,,False,Tempered Glass,27.3,1,False
RAIJINTEK ARCADIA,,ATX Mid Tower,ATX,,,False,Solid,39.1,4,False
Silverstone LD01,,MicroATX Mini Tower,Micro ATX,Black,,False,Tempered Glass,,3,False
Thermaltake Versa J24 RGB,,ATX Mid Tower,ATX,Black,,False,Tempered Glass,,3,False
Cooler Master MasterBox MB510L,,ATX Mid Tower,ATX,Black / Red,,False,Acrylic,,2,False
be quiet! Silent Base 601,,ATX Mid Tower,ATX,Black / Orange,,False,Tempered Glass,,3,False
Antec Dark Avenger DA601,,ATX Mid Tower,ATX,Black,,False,Tempered Glass,,2,False
Fractal Design Define S2 Vision Blackout,,ATX Mid Tower,ATX,Black,,False,Tinted Tempered Glass,58.8,3,False
Phanteks Enthoo 719,,ATX Full Tower,ATX,Gray,,False,Tempered Glass,81.4,4,False
Phanteks Eclipse P360X,,ATX Mid Tower,ATX,Black,,False,Tempered Glass,42.3,2,False
Rosewill Prism M,,ATX Mid Tower,ATX,Black,,False,Tempered Glass,36.9,2,False
SHARKOON RGB LIT 100,,ATX Mid Tower,ATX,Black,,False,Tempered Glass,,2,False
ADATA XPG Battlecruiser,,ATX Mid Tower,ATX,White / Black,,False,Tempered Glass,55.2,2,False
ADATA XPG INVADER,,ATX Mid Tower,ATX,White,,False,Tempered Glass,,2,False
MUSETEX MK7-GN5,,MicroATX Mini Tower,Micro ATX,Black,,False,Tempered Glass,37.4,2,False
Montech X3 Glass,,ATX Mid Tower,ATX,White / Black,,False,Tempered Glass,,2,False
GAMDIAS TALOS E2,,ATX Mid Tower,ATX,Black,,False,Tempered Glass,,2,False
Deepcool CK500,,ATX Mid Tower,ATX,Black,,False,Tempered Glass,49.4,2,False
SilentiumPC Ventum VT2 EVO TG ARGB,,ATX Mid Tower,ATX,Black,,False,Tempered Glass,35.5,1,False
Xigmatek Aquarius Plus Queen,,ATX Mid Tower,ATX,Pink,,False,Tempered Glass,49.6,2,False
DIYPC Dragon-R-4LED,,ATX Mid Tower,ATX,Black / Red,,False,Tempered Glass,33.2,2,False
YEYIAN Hollow 2500,,ATX Mid Tower,ATX,Black,,False,Tempered Glass,37.7,2,False
SeaSonic ARCH Q5,,ATX Mid Tower,ATX,Black,650.0,True,Tempered Glass,46.4,3,False
RAIJINTEK OPHION M EVO TGS,1398.0,MicroATX Mid Tower,Micro ATX,Black,,False,Tempered Glass,,3,True
Chieftec UE-02B,2382.0,MicroATX Mini Tower,Micro ATX,,,False,Solid,12.9,1,True
Thermaltake CTE E600,2599.8,ATX Mid Tower,ATX,Blue,,False,Tempered Glass,77.4,2,True
Cooler Master MASTERBOX E501L,,ATX Mid Tower,ATX,Black / Blue,,False,Solid,,2,False
KOLINK Big Chungus Shredded,,ATX Mid Tower,ATX,Black,,False,Tempered Glass,66.4,1,False
Geometric Future Model 8,,ATX Mid Tower,ATX,Black / Orange,,False,Tinted Tempered Glass,57.5,3,False
Thermaltake CTE E660 MX,3699.6,ATX Mid Tower,ATX,White,,False,Tempered Glass,77.4,3,True
Silverstone Lucid LD03,2996.2,Mini ITX Tower,Mini ITX,,,False,Tinted Tempered Glass,25.2,1,True
Silverstone FARA R1 PRO,1899.8,ATX Mid Tower,ATX,Black,,False,Tempered Glass,36.0,1,True
Mars Gaming MC-LCD,,MicroATX Mini Tower,Micro ATX,Black,,False,Tempered Glass,33.2,1,False
Geometric Future Model 5 Fanless,2398.0,ATX Mid Tower,ATX,Black / Green,,False,Tempered Glass,51.1,2,True
iTek Dark Cave DS,,ATX Mid Tower,ATX,White,,False,Tempered Glass,49.6,2,False
Thermaltake H550 TG ARGB,4692.79,ATX Mid Tower,ATX,Black,,False,Tempered Glass,,2,True
In Win B1 Mesh,,Mini ITX Desktop,Mini ITX,Black,200.0,True,Solid,7.8,0,False
Cougar DarkBlader-S,,ATX Full Tower,ATX,Black / Red,,False,Tempered Glass,,4,False
Fractal Design Define R5 Blackout Edition,,ATX Mid Tower,ATX,Black,,False,Solid,54.2,8,False
SSUPD Meshroom S w/PCIe 4.0 Riser,,ATX Mini Tower,ATX,Blue,,False,Mesh,14.9,0,False
SSUPD Meshroom S w/PCIe 4.0 Riser,,ATX Mini Tower,ATX,Gray,,False,Mesh,14.9,0,False
Thermaltake Core V71 TG,,ATX Full Tower,ATX,Black,,False,Tempered Glass,,8,False
Antec NX800,,ATX Mid Tower,ATX,,,False,Tempered Glass,54.0,3,False
Fractal Design Define 7,,ATX Mid Tower,ATX,White,,False,Solid,62.4,6,False
SeaSonic SYNCRO Q704,,ATX Mid Tower,ATX,Black,,False,Tempered Glass,61.9,2,False
APNX V1,,ATX Mid Tower,ATX,Black / White,,False,Tempered Glass,70.4,2,False
Armoury D60,,ATX Mid Tower,ATX,White,,False,Tempered Glass,59.3,1,False
Cooler Master CM 690,,ATX Mid Tower,ATX,Black,,False,Solid,53.8,5,False
In Win BK623,,MicroATX Desktop,Micro ATX,Black,300.0,True,Solid,12.3,1,False
Rosewill RANGER-M,,MicroATX Mini Tower,Micro ATX,Black,,False,Solid,21.6,2,False
Rosewill FBM-01,,MicroATX Mini Tower,Micro ATX,Black,,False,Solid,21.6,2,False
NZXT Switch 810,,ATX Full Tower,ATX,White / Black,,False,Acrylic,81.3,6,False
Cooler Master K380,,ATX Mid Tower,ATX,Black / Red,,False,Acrylic,,5,False
Silverstone RVZ01B,,Mini ITX Desktop,Mini ITX,Black,,False,Solid,,1,False
Cooler Master K350,,ATX Mid Tower,ATX,Black / Red,,False,Acrylic,,6,False
Lian Li PC-O7S,,HTPC,Mini ITX,Black,,False,Tempered Glass,,7,False
NZXT Manta,,Mini ITX Desktop,Mini ITX,Black,,False,Acrylic,,2,False
Phanteks Eclipse P400,,ATX Mid Tower,ATX,White,,False,Tinted Acrylic,45.9,2,False
iBuypower ARC 647 CASE,,ATX Mid Tower,ATX,Black / Red,,False,Acrylic,,3,False
be quiet! Dark Base 900,,ATX Full Tower,ATX,Black / Silver,,False,Solid,82.0,7,False
Thermaltake Versa C21,,ATX Mid Tower,ATX,Black,,False,Acrylic,52.8,3,False
Thermaltake Versa N24,,ATX Mid Tower,ATX,Black,,False,Acrylic,,2,False
Aerocool Aero-500,,ATX Mid Tower,ATX,Black,,False,Acrylic,45.1,4,False
Thermaltake Core G21 Tempered Glass Edition,,ATX Mid Tower,ATX,Black,,False,Tinted Tempered Glass,46.6,2,False
Azza Inferno 310,,ATX Mid Tower,ATX,Black / Red,,False,Acrylic,46.7,2,False
SHARKOON S25-V,,ATX Mid Tower,ATX,Blue,,False,Acrylic,43.9,3,False
Antec P8,,ATX Mid Tower,ATX,Black,,False,Tempered Glass,43.7,2,False
Fractal Design Define R6 Blackout,,ATX Mid Tower,ATX,Black,,False,Tempered Glass,56.7,6,False
Phanteks Enthoo Pro Tempered Glass,,ATX Full Tower,ATX,Black / White,,False,Tinted Tempered Glass,69.1,6,False
EVGA DG-76,,ATX Mid Tower,ATX,Black,,False,Tempered Glass,48.6,2,False
Cooler Master MasterCase MC500,,ATX Mid Tower,ATX,Black,,False,Tempered Glass,65.9,2,False
Raidmax Alpha Prime,,ATX Mid Tower,ATX,Black,,False,Tempered Glass,44.8,2,False
DAN Cases A4-SFXv3,,Mini ITX Desktop,Mini ITX,Black,,False,Solid,,0,False
Deepcool D-Shield V2,,ATX Mid Tower,ATX,Black,,False,Acrylic,44.0,2,False
Zalman K1,,ATX Mid Tower,ATX,Black,,False,Acrylic,43.3,2,False
GameMax ONYX,,ATX Mid Tower,ATX,Black,,False,Tempered Glass,42.1,3,False
Maingear Vybe Mk. V,,ATX Mid Tower,ATX,Black,,False,Tempered Glass,38.4,2,False
Montech Air 900 ARGB,,ATX Mid Tower,ATX,Black,,False,Tempered Glass,44.0,2,False
SHARKOON Elite Shark CA200G,,ATX Mid Tower,ATX,Black,,False,Tempered Glass,62.8,4,False
MagniumGear NEO Qube,,ATX Mid Tower,ATX,White / Black,,False,Tempered Glass,,2,False
Cooler Master MasterCase H500P ARGB,,ATX Mid Tower,ATX,Black,,False,Tempered Glass,,2,False
Apevia Genesis-PK,,ATX Mid Tower,ATX,Pink / Black,,False,Tempered Glass,,3,False
Jonsbo V9,,MicroATX Mini Tower,Micro ATX,Silver,,False,Tempered Glass,17.6,1,False
CiT S8,,MicroATX Desktop,Micro ATX,Black / Silver,,False,Solid,8.6,1,False
Jonsbo V11,,Mini ITX Tower,Mini ITX,Black,,False,Mesh,13.0,0,False
MSI MPG GUNGNIR 300 MONSTER HUNTER EDITION,,ATX Mid Tower,ATX,Black / Red,,False,Tempered Glass,60.5,2,False
Thermaltake Divider 300 TG Air Snow,2399.79,ATX Mid Tower,ATX,White,,False,Tempered Glass,48.2,2,True
Thermaltake CTE E600,2918.8,ATX Mid Tower,ATX,White,,False,Tempered Glass,77.4,2,True
Montech SKY ONE LITE,2699.2,ATX Mid Tower,ATX,White,,False,Tempered Glass,44.8,2,True
SHARKOON VS9 RGB,,ATX Mid Tower,ATX,Black,,False,Tempered Glass,42.1,2,False
Supermicro SuperChassis 721TQ-350B2,7238.8,Mini ITX Tower,Mini ITX,Black,350.0,True,Solid,14.1,0,True
Thermaltake AH T200 Snow,,MicroATX Mid Tower,Micro ATX,White,,False,Tempered Glass,69.1,2,False
Thermaltake Divider 300 ARGB Triangular,3099.6,ATX Mid Tower,ATX,Black,,False,Tempered Glass,48.2,2,True
Phanteks Enthoo EVOLV SHIFT X,,Mini ITX Tower,Mini ITX,Gray,,False,Tinted Tempered Glass,,2,False
Cougar DarkBlader X7,,ATX Mid Tower,ATX,Black,,False,Tempered Glass,50.0,2,False
RAIJINTEK PAEAN C7,,ATX Mid Tower,ATX,Black,,False,Tempered Glass,45.5,2,False
KOLINK Inspire K8,,ATX Mid Tower,ATX,Black,,False,Tempered Glass,30.8,2,False
Phanteks Enthoo EVOLV TG,,MicroATX Mini Tower,Micro ATX,Silver,,False,Tinted Tempered Glass,41.7,2,False
Aerocool NightHawk Duo,,ATX Mid Tower,ATX,Black,,False,Tempered Glass,,2,False
Silverstone RVZ03B-ARGB,,Mini ITX Desktop,Mini ITX,Black,,False,Solid,,0,False
Thermaltake View 21 Tempered Glass Edition,,ATX Mid Tower,ATX,Black,,False,Acrylic,48.2,2,False
Tempest Shade RGB,,ATX Mid Tower,ATX,White / Black,,False,Acrylic,,2,False
MSI MPG Sekira 500P,,ATX Mid Tower,ATX,Black,,False,Tempered Glass,67.1,6,False
Silverstone GD05B-USB3.0,,HTPC,Mini ITX,Black,,False,Solid,21.4,2,False
GameMax F15M Mesh,,ATX Mid Tower,ATX,Black,,False,Tempered Glass,,4,False
MSI MPG Quietude 100S,,ATX Mid Tower,ATX,Black,,False,Tempered Glass,53.8,2,False
ADATA XPG CRUISER,,ATX Mid Tower,ATX,Black,,False,Tempered Glass,53.8,4,False
KOLINK Unity Cascade ARGB,,ATX Mid Tower,ATX,Black,,False,Tempered Glass,41.9,2,False
Antec Nine Hundred Two,,ATX Mid Tower,ATX,Black,,False,Acrylic,50.6,6,False
NZXT Phantom 410,,ATX Mid Tower,ATX,Red / Black,,False,Acrylic,58.5,6,False
Cougar Solution,,ATX Mid Tower,ATX,Black,,False,Solid,40.7,6,False
Cooler Master HAF XM,,ATX Mid Tower,ATX,Black,,False,Solid,76.0,6,False
Antec VSK-4000,,ATX Mid Tower,ATX,Black,,False,Solid,33.4,2,False
NZXT Source 210,,ATX Mid Tower,ATX,Black,,False,Acrylic,42.4,8,False
Corsair Graphite Series 760T,,ATX Full Tower,ATX,Black / White,,False,Acrylic,78.8,6,False
Deepcool KENDOMEN,,ATX Mid Tower,ATX,Black,,False,Acrylic,,3,False
In Win 805,,ATX Mid Tower,ATX,Black,,False,Tempered Glass,,2,False
Rosewill CHALLENGER S,,ATX Mid Tower,ATX,Black,,False,Solid,,3,False
DIYPC F2,,MicroATX Mini Tower,Micro ATX,White,,False,Acrylic,,2,False
Deepcool Dukase,,ATX Mid Tower,ATX,Black,,False,Acrylic,,3,False
Cooler Master MasterBox Lite 3,,MicroATX Mini Tower,Micro ATX,Black,,False,Solid,26.9,1,False
Corsair Carbide Series SPEC-04,,ATX Mid Tower,ATX,Black / Gray,,False,Acrylic,42.8,3,False
DIYPC Vanguard RGB,,ATX Mid Tower,ATX,Black,,False,Tempered Glass,,3,False
In Win 301C,,MicroATX Mini Tower,Micro ATX,Black,,False,Tempered Glass,26.0,1,False
NZXT H400i,,MicroATX Mini Tower,Micro ATX,Black / Red,,False,Tempered Glass,36.9,1,False
CiT F3,,MicroATX Mini Tower,Micro ATX,Black / Red,,False,Acrylic,,2,False
Fractal Design Define R6 USB-C Blackout,,ATX Mid Tower,ATX,Black,,False,Tempered Glass,56.7,6,False
Thermaltake V100,,ATX Mid Tower,ATX,Black,,False,Solid,36.6,2,False
Antec Dark Phantom DP501,,ATX Mid Tower,ATX,Black,,False,Tempered Glass,64.0,2,False
Deepcool MACUBE 310,,ATX Mid Tower,ATX,Black,,False,Tempered Glass,45.2,2,False
Corsair iCUE 220T RGB,,ATX Mid Tower,ATX,White / Black,,False,Tempered Glass,37.3,2,False
Fractal Design Era ITX,,Mini ITX Desktop,Mini ITX,Gray,,False,Solid,16.7,1,False
Golden Field Z2,,ATX Mid Tower,ATX,Black / Red,,False,Tempered Glass,,2,False
darkFlash DLM 21 Mesh,,MicroATX Mini Tower,Micro ATX,Pink,,False,Tempered Glass,32.1,2,False
MSI MPG GUNGNIR 111M,,ATX Mid Tower,ATX,Black,,False,Tempered Glass,,2,False
SAMA SAMA-Z4,,ATX Mid Tower,ATX,White / Black,,False,Tempered Glass,39.2,2,False
MSI MAG VAMPIRIC 011C,,ATX Mid Tower,ATX,Black,,False,Tempered Glass,41.9,2,False
Jonsbo T8 PLUS,,Mini ITX Desktop,Mini ITX,Silver / Black,,False,Tempered Glass,12.5,0,False
Jonsbo VR3,,Mini ITX Tower,Mini ITX,White,,False,Mesh,19.9,0,False
Cooler Master MasterBox Q300L Retro,,MicroATX Mini Tower,Micro ATX,White / Green,,False,Acrylic,33.6,1,False
SilentiumPC Gladius M35,,ATX Mid Tower,ATX,Black,,False,Solid,49.4,2,False
SAMA V Nature,,ATX Mid Tower,ATX,Black,,False,Tempered Glass,,2,False
Ocypus Gamma C50,,MicroATX Mini Tower,Micro ATX,White,,False,Tempered Glass,34.6,2,False
Geometric Future Model 2 The ARK,3398.0,MicroATX Mini Tower,Micro ATX,Black / Gold,,False,Mesh,40.7,1,True
Thermaltake H700 TG,1899.6,ATX Mid Tower,ATX,White,,False,Tempered Glass,53.5,2,True
Azza Regis,7999.8,ATX Mid Tower,ATX,Black,,False,Tempered Glass,,1,True
Silverstone Lucid LD03-AF,3150.2,Mini ITX Tower,Mini ITX,Black,,False,Tempered Glass,25.2,1,True
Cougar MX600 Mini RGB,,MicroATX Mini Tower,Micro ATX,White,,False,Tempered Glass,47.1,2,False
Silverstone SG12B-V2,3690.6,MicroATX Mini Tower,Micro ATX,Black / Blue,,False,Solid,,3,True
SHARKOON VS8 RGB,6913.8,ATX Mid Tower,ATX,White,,False,Tempered Glass,42.1,2,True
Jonsbo MOD5,,ATX Mid Tower,ATX,Gray,,False,Tempered Glass,97.2,1,False
Aerocool Skribble,,ATX Mid Tower,ATX,Black,,False,Tempered Glass,42.0,2,False
SHARKOON VK3 RGB,,ATX Mid Tower,ATX,Black,,False,Tempered Glass,40.5,2,False
Cougar Airface,,ATX Mid Tower,ATX,Black,,False,Tempered Glass,43.6,2,False
Azza Eclipse 440,1599.6,ATX Mid Tower,ATX,Black,,False,Tempered Glass,45.5,2,True
CiT S015B LED,,MicroATX Desktop,Micro ATX,Black,300.0,True,Solid,11.9,2,False
Antec NX100,,ATX Mid Tower,ATX,Black / Yellow,,False,Acrylic,37.7,2,False
KOLINK Citadel Glass SE ARGB,,MicroATX Mid Tower,Micro ATX,Black,,False,Tempered Glass,53.4,2,False
KOLINK Observatory Y ARGB,,ATX Mid Tower,ATX,Black,,False,Tempered Glass,53.1,2,False
SHARKOON TG7M RGB,,ATX Mid Tower,ATX,Black,,False,Tempered Glass,52.1,2,False
Acer Predator MI900,,Mini ITX Tower,Mini ITX,White / Black,,False,Mesh,15.5,0,False
Lian Li PC-O11ROG,,ATX Full Tower,ATX,Silver,,False,Tempered Glass,65.3,4,False
NZXT H400,,MicroATX Mini Tower,Micro ATX,Black,,False,Tempered Glass,36.9,1,False
Cougar PANZER EVO RGB,,ATX Full Tower,ATX,Black,,False,Tempered Glass,,2,False
Streacom DA2,,Mini ITX Desktop,Mini ITX,Black,,False,Solid,,3,False
Silverstone FARA R1,,ATX Mid Tower,ATX,Black,,False,Tempered Glass,,1,False
ADATA XPG STARKER AIR,,ATX Mid Tower,ATX,White / Black,,False,Tempered Glass,40.0,2,False
Jonsbo V8,,Mini ITX Desktop,Mini ITX,Gray,,False,Mesh,25.3,2,False
RAIJINTEK PAN Slim,,Mini ITX Desktop,Mini ITX,Black,,False,Solid,38.7,2,False
Cooler Master HAF X nVidia Edition,,ATX Full Tower,ATX,Green / Black,,False,Acrylic,76.2,5,False
Rosewill R379-M,,MicroATX Slim,Micro ATX,Black / Silver,300.0,True,Solid,12.9,1,False
Zalman Z9,,ATX Mid Tower,ATX,Black,,False,Solid,,5,False
Lian Li PC-Q12,,Mini ITX Tower,Mini ITX,Black,300.0,True,Solid,6.6,0,False
Zalman Z11 Plus HF1,,ATX Mid Tower,ATX,Black,,False,Acrylic,68.0,5,False
Silverstone SG05-LITE,,Mini ITX Desktop,Mini ITX,Black,450.0,True,Solid,10.7,1,False
Lian Li PC-Q02,,Mini ITX Tower,Mini ITX,Black,300.0,True,Solid,6.8,1,False
Thermaltake Chaser A31 Thunder Edition,,ATX Mid Tower,ATX,Black,,False,Acrylic,63.4,5,False
Rosewill Galaxy-01,,ATX Mid Tower,ATX,Black,,False,Solid,45.9,4,False
Cooler Master HAF Stacker 915R,,Mini ITX Tower,Mini ITX,Black,,False,Solid,32.4,3,False
Antec P100,,ATX Mid Tower,ATX,Black / Silver,,False,Solid,,7,False
Enermax ECA3253,,ATX Mid Tower,ATX,Pink,,False,Acrylic,43.8,5,False
Fractal Design Define R4 Blackout,,ATX Mid Tower,ATX,Black,,False,Solid,56.0,8,False
Zalman Z3 Plus White,,ATX Mid Tower,ATX,Black / White,,False,Acrylic,38.4,4,False
Rosewill RISE,,ATX Full Tower,ATX,Black,,False,Acrylic,55.9,2,False
SHARKOON T9 Value,,MicroATX Mid Tower,Micro ATX,Black,,False,Acrylic,,0,False
be quiet! Silent Base 800,,ATX Mid Tower,ATX,Black / Orange,,False,Solid,,7,False
Thermaltake Suppressor F1,,Mini ITX Desktop,Mini ITX,Black,,False,Acrylic,,2,False
Phanteks Enthoo EVOLV ATX TG,,ATX Mid Tower,ATX,Gray,,False,Tinted Tempered Glass,,5,False
Corsair Crystal Series 460X RGB,,ATX Mid Tower,ATX,Black,,False,Tempered Glass,44.9,2,False
Rosewill FBM-X1,,MicroATX Mini Tower,Micro ATX,Black,,False,Acrylic,22.2,1,False
Deepcool Frame,,MicroATX Mid Tower,Micro ATX,Black,,False,Solid,,3,False
Thermaltake Versa N27,,ATX Mid Tower,ATX,White,,False,Acrylic,,4,False
SHARKOON TG5,,ATX Mid Tower,ATX,Black / White,,False,Acrylic,,3,False
Deepcool Gamer Storm Quadstellar,,ATX Desktop,ATX,Black,,False,Solid,,8,False
Cougar PANZER EVO,,ATX Full Tower,ATX,Black / Red,,False,Acrylic,,2,False
FSP Group CMT520,,ATX Mid Tower,ATX,Black,,False,Tempered Glass,,2,False
Thermaltake Level 20 GT RGB Plus,,ATX Full Tower,ATX,Black / Silver,,False,Tempered Glass,100.9,7,False
Antec P7 Window,,ATX Mid Tower,ATX,Black / Red,,False,Acrylic,,2,False
Antec GX202,,ATX Mid Tower,ATX,Black,,False,Acrylic,40.1,3,False
GameMax Fortress,,ATX Full Tower,ATX,Black,,False,Tempered Glass,54.7,2,False
GameMax Predator,,ATX Mid Tower,ATX,Black,,False,Tinted Tempered Glass,49.8,2,False
DIYPC Jax11,,ATX Mid Tower,ATX,White,,False,Acrylic,,2,False
RAIJINTEK Eris Evo,,ATX Full Tower,ATX,Black,,False,Tempered Glass,137.6,5,False
Apevia CRUSADER-F-BK,,ATX Mid Tower,ATX,Black,,False,Tempered Glass,,2,False
SilentiumPC Regnum RG4,,ATX Mid Tower,ATX,Black,,False,Solid,46.1,3,False
SHARKOON REV 100,,ATX Mid Tower,ATX,Black,,False,Tempered Glass,43.1,3,False
Apevia Enzo,,ATX Mid Tower,ATX,White,,False,Tempered Glass,35.7,3,False
Azza Luminous 110F,,MicroATX Mini Tower,Micro ATX,Black,,False,Tempered Glass,36.1,2,False
GAMDIAS TALOS M1B,,ATX Mid Tower,ATX,Black,,False,Tempered Glass,,2,False
Cougar MX660 Mesh,,ATX Mid Tower,ATX,Black,,False,Tempered Glass,50.0,2,False
In Win Chopin MAX,,Mini ITX Desktop,Mini ITX,Black,200.0,True,Mesh,4.4,0,False
Noua Smash S2,,ATX Mid Tower,ATX,Black,,False,Tempered Glass,32.5,2,False
Tecware Nexus Evo RGB,,ATX Mid Tower,ATX,Black,,False,Tempered Glass,35.4,2,False
NOX Hummer Fusion S,,MicroATX Mini Tower,Micro ATX,Black,,False,Tempered Glass,36.1,2,False
KOLINK Inspire K1,,ATX Mid Tower,ATX,Black,,False,Tempered Glass,25.1,3,False
1STPLAYER T3-G,,MicroATX Mid Tower,Micro ATX,Black,,False,Tempered Glass,32.4,2,False
Jonsbo U4 Mini,,MicroATX Desktop,Micro ATX,White,,False,Tempered Glass,37.6,1,False
Geometric Future Model 8,,ATX Mid Tower,ATX,Black / Blue,,False,Tinted Tempered Glass,57.5,3,False
Chieftec CS-12B-300,2937.2,MicroATX Mini Tower,Micro ATX,Black,300.0,True,Solid,12.3,1,True
Silverstone SG02B-F-USB3.0,,MicroATX Desktop,Micro ATX,Black,,False,Solid,22.4,2,False
Thermaltake Level 20 GT ARGB Black Edition,,ATX Full Tower,ATX,Black,,False,Tempered Glass,100.9,7,False
Cougar MX440-G RGB,,ATX Mid Tower,ATX,Black,,False,Tempered Glass,46.0,2,False
KOLINK OBSERVATORY RGB,,ATX Mid Tower,ATX,White / Black,,False,Tempered Glass,,3,False
Enermax K8 RGB,,ATX Mid Tower,ATX,White,,False,Tempered Glass,50.4,2,False
Jonsbo U4 Pro MESH,,ATX Mid Tower,ATX,Black,,False,Mesh,34.5,1,False
HYTE REVOLT 3,4999.8,Mini ITX Tower,Mini ITX,White,700.0,True,Mesh,18.4,1,True
Fractal Design Define C,,ATX Mid Tower,ATX,Black,,False,Acrylic,39.3,2,False
Antec DARK CUBE,,MicroATX Mini Tower,Micro ATX,Black,,False,Tempered Glass,,1,False
Thermaltake Versa H21,,ATX Mid Tower,ATX,Black,500.0,True,Solid,42.8,3,False
Silverstone ML06B-E,,HTPC,Mini ITX,Black,,False,Solid,,0,False
Silverstone SG13,,Mini ITX Tower,Mini ITX,White / Black,,False,Solid,11.5,1,False
MSI MPG Sekira 100P,,ATX Mid Tower,ATX,Black,,False,Tempered Glass,42.9,2,False
Thermaltake DH102,,HTPC,Mini ITX,Black / Silver,,False,Solid,28.1,3,False
SHARKOON VS8 RGB,,ATX Mid Tower,ATX,Black,,False,Tempered Glass,42.1,2,False
KOLINK Observatory Y Mesh,,ATX Mid Tower,ATX,Black,,False,Tempered Glass,53.1,2,False
Cooler Master Elite 360,,ATX Mini Tower,ATX,Black,,False,Solid,23.2,1,False
Cooler Master Storm Scout,,ATX Mid Tower,ATX,Black,,False,Acrylic,52.6,5,False
Cooler Master Cosmos,,ATX Full Tower,ATX,Silver / Black,,False,Solid,99.2,6,False
Xigmatek Elysium,,ATX Full Tower,ATX,Black,,False,Acrylic,93.9,8,False
Enermax ECA892BG-1350,,ATX Mid Tower,ATX,Black,1350.0,True,Solid,57.5,6,False
Thermaltake Overseer RX-I,,ATX Full Tower,ATX,Black,,False,Acrylic,68.1,5,False
NZXT Phantom 410,,ATX Mid Tower,ATX,Black / Orange,,False,Acrylic,58.5,6,False
Fractal Design Define R4,,ATX Mid Tower,ATX,Black / Gray,,False,Acrylic,56.0,8,False
NZXT Phantom 630,,ATX Full Tower,ATX,Black,,False,Acrylic,92.0,6,False
Lian Li PC-TU100,,Mini ITX Tower,Mini ITX,Black,,False,Solid,10.6,0,False
NZXT Phantom 530,,ATX Full Tower,ATX,Black,,False,Acrylic,72.7,6,False
Corsair Carbide Series SPEC-03,,ATX Mid Tower,ATX,Black / Orange,,False,Acrylic,36.1,3,False
Deepcool TESSERACT BF,,ATX Mid Tower,ATX,Black / White,,False,Solid,36.4,4,False
Thermaltake Versa H35,,ATX Mid Tower,ATX,Black,,False,Acrylic,49.3,3,False
Fractal Design Define R5,,ATX Mid Tower,ATX,White,,False,Acrylic,54.2,8,False
Lian Li PC-Q26,,Mini ITX Tower,Mini ITX,Black,,False,Solid,33.8,10,False
Thermaltake Core V31,,ATX Mid Tower,ATX,Black,,False,Acrylic,72.0,3,False
Phanteks Enthoo EVOLV ATX,,ATX Mid Tower,ATX,Gray,,False,Acrylic,,5,False
Cooler Master MasterCase 5,,ATX Mid Tower,ATX,Black,,False,Solid,,2,False
Antec VSP-5000,,ATX Mid Tower,ATX,Black,,False,Solid,,4,False
NZXT H200i,,Mini ITX Tower,Mini ITX,Black / Red,,False,Tempered Glass,27.3,1,False
Fractal Design Define R6 Blackout,,ATX Mid Tower,ATX,Black,,False,Solid,56.7,6,False
In Win X-Frame 2.0,,ATX Test Bench,ATX,White / Blue,,False,Solid,102.0,6,False
Cooler Master MasterCase MC500Mt,,ATX Mid Tower,ATX,Black / Red,,False,Acrylic,75.6,4,False
be quiet! Silent Base 801,,ATX Mid Tower,ATX,Black,,False,Solid,,5,False
Deepcool MATREXX 55 A-RGB 3F,,ATX Mid Tower,ATX,Black,,False,Tempered Glass,,2,False
In Win BQ656T.AD150TB3,,Mini ITX Tower,Mini ITX,Black,150.0,True,Solid,,0,False
Rosewill FBM-X2,,MicroATX Mini Tower,Micro ATX,Black,,False,Solid,25.3,1,False
In Win D-Frame 2.0,,ATX Full Tower,ATX,Black / Green,1065.0,True,Tempered Glass,,4,False
Deepcool MATREXX 70,,ATX Mid Tower,ATX,Black,,False,Tempered Glass,54.2,2,False
GameMax Expedition,,MicroATX Mini Tower,Micro ATX,Black,,False,Acrylic,29.4,2,False
In Win 309,,ATX Mid Tower,ATX,Black,,False,Tempered Glass,,2,False
MagniumGear Neo Air ATX,,ATX Mid Tower,ATX,White / Black,,False,Tempered Glass,41.4,2,False
Phanteks Evolv Shift Air,,Mini ITX Tower,Mini ITX,Black,,False,Mesh,24.0,1,False
In Win A1 Plus,,Mini ITX Tower,Mini ITX,Pink,650.0,True,Tempered Glass,21.8,0,False
MagniumGear Neo Mini V2,,Mini ITX Desktop,Mini ITX,Black,,False,Tempered Glass,,1,False
Cooler Master MasterBox LITE 5 ARGB,,ATX Mid Tower,ATX,Black,,False,Tempered Glass,42.7,2,False
SilentiumPC Regnum RG6V EVO TG ARGB,,ATX Mid Tower,ATX,Black,,False,Tempered Glass,,2,False
Jonsbo Jonsplus i100 Pro,,Mini ITX Desktop,Mini ITX,Black,,False,Solid,25.9,1,False
GAMDIAS MARS M1,,ATX Mid Tower,ATX,Black,,False,Tempered Glass,,2,False
Montech SKY ONE MINI,,MicroATX Mini Tower,Micro ATX,Black,,False,Tempered Glass,21.9,1,False
Montech SKY ONE MINI,,MicroATX Mini Tower,Micro ATX,White,,False,Tempered Glass,21.9,1,False
MSI MPG GUNGNIR 110R EVA e-PROJECT,,ATX Mid Tower,ATX,Black / Purple,,False,Tempered Glass,,2,False
MSI MAG VAMPIRIC 300R PACIFIC BLUE,,ATX Mid Tower,ATX,Blue,,False,Tempered Glass,54.1,2,False
ADATA XPG STARKER,,ATX Mid Tower,ATX,White,,False,Tempered Glass,40.0,2,False
CiT Raider RGB,,ATX Mid Tower,ATX,White / Black,,False,Tempered Glass,37.8,2,False
FSP Group CMT260,,ATX Mid Tower,ATX,Black,,False,Tempered Glass,36.1,2,False
Cooler Master MasterBox MB520,,ATX Mid Tower,ATX,Black / Red,,False,Acrylic,50.4,2,False
BGears b-Masstige,,MicroATX Mini Tower,Micro ATX,Black,,False,Tempered Glass,28.2,2,False
Jonsbo D300 4PCS,,MicroATX Mid Tower,Micro ATX,Black,,False,Tempered Glass,45.8,2,False
YEYIAN Dragoon,,ATX Mid Tower,ATX,Black,,False,Tempered Glass,35.1,2,False
YEYIAN Haizen 2500,,MicroATX Mid Tower,Micro ATX,Black,,False,Tempered Glass,24.7,2,False
Aerocool Viewport Mini V2,,MicroATX Mini Tower,Micro ATX,White,,False,Tempered Glass,35.0,1,False
SilentiumPC Aquarius X70W,,ATX Mid Tower,ATX,Black,,False,Acrylic,59.1,2,False
Ocypus Gamma C72,,ATX Mid Tower,ATX,White,,False,Tempered Glass,43.0,2,False
In Win 904,1399.6,ATX Mid Tower,ATX,Black,,False,Tempered Glass,,3,True
Geometric Future Model 5 Vent Fanless,2198.0,ATX Mid Tower,ATX,White,,False,Tempered Glass,53.8,2,True
Geometric Future Model 5 Fanless,2198.0,ATX Mid Tower,ATX,Black / Yellow,,False,Tempered Glass,51.1,2,True
Cooler Master Elite 500,,ATX Mid Tower,ATX,Black,,False,Solid,38.0,2,False
Silverstone ALTA F1,5991.0,ATX Mid Tower,ATX,Black,,False,Tempered Glass,56.8,2,True
Azza Chroma 410,2400.0,ATX Mid Tower,ATX,Black,,False,Acrylic,,2,True
Cooler Master MasterBox TD500 Mesh V2 Chun-Li,,ATX Mid Tower,ATX,White / Blue,,False,Tempered Glass,52.4,2,False
Silverstone FTZ01,3639.8,Mini ITX Desktop,Mini ITX,Silver,,False,Solid,,1,True
Silverstone SETA A1,,ATX Mid Tower,ATX,Pink / Silver,,False,Tempered Glass,45.7,2,False
BitFenix Tracery,,ATX Mid Tower,ATX,Black,,False,Tempered Glass,52.8,4,False
Thermaltake Suppressor F31 TG,,ATX Mid Tower,ATX,Black,,False,Tempered Glass,64.0,3,False
KOLINK Unity Solar Mesh ARGB,,ATX Mid Tower,ATX,Black,,False,Tempered Glass,42.3,2,False
RAIJINTEK Thetis,,ATX Mid Tower,ATX,Black,,False,Solid,27.7,2,False
Cooler Master MasterCase SL600M Black Edition,,ATX Mid Tower,ATX,Black,,False,Tempered Glass,,4,False
Thermaltake Divider 200 TG Air,,MicroATX Mini Tower,Micro ATX,White,,False,Tempered Glass,51.6,3,False
Chieftec BX-10B-OP,,MicroATX Mid Tower,Micro ATX,Black,,False,Tempered Glass,28.8,1,False
Cooler Master MasterBox 500,,ATX Mid Tower,ATX,Black,,False,Tempered Glass,52.4,2,False
ADATA XPG Battlecruiser II,3599.8,ATX Mid Tower,ATX,White,,False,Tempered Glass,62.6,5,True
KOLINK Unity Meshbay ARGB,,ATX Mid Tower,ATX,Black,,False,Tempered Glass,41.0,2,False
BitFenix Prodigy M,,MicroATX Mini Tower,Micro ATX,Black,,False,Solid,35.9,4,False
Cougar MX340,,ATX Mid Tower,ATX,Black,,False,Tempered Glass,,2,False
Cougar MX350 MESH-X,,ATX Mid Tower,ATX,Black,,False,Solid,39.4,2,False
Thermaltake Ceres 330 ARGB,,ATX Mid Tower,ATX,Blue,,False,Tempered Glass,53.9,1,False
Corsair Carbide Series 678C,,ATX Mid Tower,ATX,White / Black,,False,Tempered Glass,65.2,6,False
Thermaltake AH T200,,MicroATX Mid Tower,Micro ATX,Black,,False,Tempered Glass,69.1,2,False
Jonsbo MOD-3 Mini,,MicroATX Mid Tower,Micro ATX,Gray,,False,Tempered Glass,76.4,1,False
Cooler Master Elite 120 Advanced,,Mini ITX Tower,Mini ITX,Black / Silver,,False,Solid,19.7,3,False
Anidees AI Crystal Cube,,ATX Mid Tower,ATX,,,False,Tinted Tempered Glass,50.5,3,False
Cougar MX331 MESH-G,,ATX Mid Tower,ATX,Black,,False,Tempered Glass,43.5,2,False
Lian Li Q58 (PCIe 3.0),,Mini ITX Desktop,Mini ITX,White,,False,Tempered Glass,14.5,0,False
Cougar Dust 2,,Mini ITX Tower,Mini ITX,Black / Gold,,False,Mesh,23.6,0,False
Jonsbo VR4,,ATX Mid Tower,ATX,White,,False,Mesh,37.8,2,False
Cougar Airface Pro RGB,,ATX Mid Tower,ATX,White,,False,Tempered Glass,55.4,2,False
Jonsbo D32 PRO MESH,,MicroATX Desktop,Micro ATX,,,False,Mesh,25.7,2,False
Cooler Master HAF X,,ATX Full Tower,ATX,Black,1000.0,True,Acrylic,75.0,5,False
Lian Li PC-Q09,,Mini ITX Desktop,Mini ITX,Black,110.0,True,Solid,5.5,0,False
Foxconn G-007(H),,MicroATX Mid Tower,Micro ATX,Black,,False,Solid,45.4,4,False
Raidmax Thunder ATX-315WB,,ATX Mid Tower,ATX,Black / Silver,,False,Acrylic,36.2,5,False
NZXT Source 210 Elite,,ATX Mid Tower,ATX,White / Black,,False,Solid,42.4,8,False
Azza Solano 1000R,,ATX Full Tower,ATX,Black,,False,Acrylic,56.0,8,False
Rosewill BLACKHAWK-ULTRA,,ATX Full Tower,ATX,Black,,False,Solid,100.6,10,False
CiT Vantage,,ATX Mid Tower,ATX,Black / Yellow,,False,Solid,37.5,5,False
Antec VSK-3000,,MicroATX Mid Tower,Micro ATX,Black,,False,Solid,,2,False
Cooler Master K280,,ATX Mid Tower,ATX,Black,,False,Solid,,6,False
Cooler Master Cosmos SE,,ATX Mid Tower,ATX,Black,,False,Acrylic,78.4,8,False
Corsair Graphite Series 230T Windowed,,ATX Mid Tower,ATX,Black / Gray,,False,Acrylic,,4,False
Nanoxia NXDS6B,,ATX Full Tower,ATX,Black,,False,Solid,,13,False
Fractal Design Core 1500,,MicroATX Mini Tower,Micro ATX,Black,,False,Solid,32.5,4,False
Rosewill I5-397,,ATX Mini Tower,ATX,Black,450.0,True,Solid,37.0,6,False
Rosewill Neutron,,Mini ITX Desktop,Mini ITX,Black,,False,Acrylic,38.9,3,False
BitFenix Prodigy M,,MicroATX Mini Tower,Micro ATX,Black / Orange,,False,Acrylic,35.9,4,False
Sentey GS-6011,,ATX Mid Tower,ATX,Black / Blue,,False,Acrylic,,3,False
Silverstone RVZ02B,,HTPC,Mini ITX,Black,,False,Solid,,1,False
be quiet! Silent Base 600,,ATX Mid Tower,ATX,Black,,False,Acrylic,,3,False
Aerocool CS-101,,MicroATX Slim,Micro ATX,Black,,False,Solid,,1,False
Rosewill NIGHTHAWK 117,,ATX Full Tower,ATX,Black,,False,Acrylic,,8,False
ABS R206-ITX,,MicroATX Mini Tower,Micro ATX,Black,,False,Solid,39.1,1,False
NZXT Manta,,Mini ITX Desktop,Mini ITX,Black / Red,,False,Acrylic,,2,False
be quiet! Dark Base 900,,ATX Full Tower,ATX,Black / Orange,,False,Acrylic,82.0,7,False
NOX Hummer ZS,,ATX Mid Tower,ATX,Black,,False,Acrylic,43.6,2,False
NOX Hummer ZS,,ATX Mid Tower,ATX,White,,False,Acrylic,43.6,2,False
Aerocool P7-C1,,ATX Mid Tower,ATX,Black,,False,Acrylic,60.2,2,False
Phanteks Eclipse P400,,ATX Mid Tower,ATX,Black / White,,False,Tinted Tempered Glass,45.9,2,False
Phanteks Eclipse P400,,ATX Mid Tower,ATX,White,,False,Tinted Tempered Glass,45.9,2,False
Antec Sonata II,,ATX Mid Tower,ATX,Black,450.0,True,Solid,,4,False
Corsair Carbide Series SPEC-04,,ATX Mid Tower,ATX,Black / Yellow,,False,Acrylic,42.8,3,False
Thermaltake Core X5 Riing Edition,,ATX Desktop,ATX,Green / Black,,False,Acrylic,92.8,4,False
NZXT H200i,,Mini ITX Tower,Mini ITX,Black,,False,Tempered Glass,27.3,1,False
DAN Cases A4 SFX,,Mini ITX Desktop,Mini ITX,Silver,,False,Solid,,0,False
In Win 101C,,ATX Mid Tower,ATX,White / Black,,False,Tempered Glass,,2,False
Thermaltake View 71 TG RGB Plus,,ATX Full Tower,ATX,Black / Silver,,False,Acrylic,,4,False
Fractal Design Meshify S2,,ATX Mid Tower,ATX,Black,,False,Solid,58.3,3,False
Raidmax NEON RGB,,ATX Mid Tower,ATX,Black,,False,Acrylic,,2,False
BitFenix Nova Mesh,,ATX Mid Tower,ATX,Black,,False,Acrylic,41.4,2,False
Deepcool MATREXX 50 ADD-RGB 3F,,ATX Mid Tower,ATX,Black,,False,Tempered Glass,44.5,2,False
Cooler Master Silencio S600,,ATX Mid Tower,ATX,Black,,False,Tempered Glass,47.0,4,False
Circle CG830,,ATX Mid Tower,ATX,White / Black,,False,Tempered Glass,,3,False
Golden Field Z3,,ATX Mid Tower,ATX,Black,,False,Tempered Glass,,2,False
DIYPC Shadow-H3-ARGB,,ATX Mid Tower,ATX,Black,,False,Tempered Glass,,3,False
GameMax Black Diamond ARGB,,ATX Mid Tower,ATX,Black,,False,Tempered Glass,,2,False
SHARKOON REV 200,,ATX Mid Tower,ATX,Black,,False,Tempered Glass,50.5,2,False
Apevia Prodigy,,MicroATX Mini Tower,Micro ATX,Pink,,False,Tempered Glass,32.5,2,False
Lian Li Q58 (PCIe 3.0),,Mini ITX Desktop,Mini ITX,Black,,False,Tempered Glass,14.5,0,False
GAMDIAS ATHENA M2 ELITE,,ATX Mid Tower,ATX,Black,,False,Tempered Glass,,2,False
Antec NX700,,ATX Mid Tower,ATX,Black,,False,Tempered Glass,,2,False
Vetroo M01,,MicroATX Mid Tower,Micro ATX,White / Black,,False,Tempered Glass,36.6,2,False
Raidmax X616,,ATX Mid Tower,ATX,Black,,False,Tempered Glass,42.9,2,False
OCPC MICRO,,MicroATX Mid Tower,Micro ATX,Black,,False,Solid,12.7,0,False
Jonsbo D500,,ATX Full Tower,ATX,Black,,False,Tempered Glass,90.8,10,False
Cooler Master Silencio S400 Sakura Limited Edition,,MicroATX Mini Tower,Micro ATX,White / Pink,,False,Tempered Glass,,4,False
Apevia Guardian-M,,ATX Mid Tower,ATX,Black,,False,Tempered Glass,39.5,2,False
Apevia Destiny Flow,,ATX Mid Tower,ATX,Black,,False,Tempered Glass,,2,False
GALAX REV-05,,ATX Full Tower,ATX,Black,,False,Tempered Glass,39.5,2,False
GameMax Aero Mini Eco,,MicroATX Mini Tower,Micro ATX,Black / White,,False,Tempered Glass,31.5,2,False
EVOLVEO Nate 2,,ATX Mid Tower,ATX,,,False,Acrylic,36.6,2,False
Inter-Tech C-703 Vision,,ATX Mid Tower,ATX,Black,,False,Tempered Glass,56.4,2,False
SSUPD Meshroom S V2 w/PCIe 4.0 Riser,,MicroATX Mini Tower,Micro ATX,Black,,False,Mesh,14.9,2,False
SSUPD Meshroom S V2 w/PCIe 4.0 Riser,,MicroATX Mini Tower,Micro ATX,White,,False,Mesh,14.9,2,False
BitFenix CETO Premium,,ATX Mid Tower,ATX,White,,False,Tempered Glass,49.0,3,False
In Win ModFree Base,3580.0,ATX Full Tower,ATX,Black,,False,Tempered Glass,57.2,1,True
GAMDIAS NESO P1,2999.8,ATX Full Tower,ATX,,,False,Tempered Glass,75.2,5,True
Silverstone FARA 313,,MicroATX Mid Tower,Micro ATX,Black,,False,Solid,26.7,3,False
Azza Cast 808,,ATX Mid Tower,ATX,Black,,False,Solid,,1,False
Jonsbo D40,,ATX Mid Tower,ATX,Silver / Black,,False,Tempered Glass,31.6,3,False
Azza Octane A,1999.8,ATX Mid Tower,ATX,Black,,False,Tempered Glass,44.8,2,True
Silverstone FTZ01-E,4013.8,Mini ITX Desktop,Mini ITX,Black,,False,Solid,,0,True
Tempest Spectra RGB,,ATX Mid Tower,ATX,White / Black,,False,Acrylic,,2,False
Geometric Future Model 8,,ATX Mid Tower,ATX,Black,,False,Tinted Tempered Glass,57.5,3,False
Cooler Master MasterBox TD500 Mesh V2 Ryu,,ATX Mid Tower,ATX,White / Red,,False,Tempered Glass,52.4,2,False
Aerocool CS-107,,MicroATX Mini Tower,Micro ATX,Black,,False,Tempered Glass,23.7,1,False
Jonsbo D400,,ATX Mid Tower,ATX,White,,False,Tempered Glass,59.9,2,False
Cooler Master Elite 502,,ATX Mid Tower,ATX,White,,False,Tempered Glass,52.4,2,False
Cooler Master MasterBox MB500 ARGB,,ATX Mid Tower,ATX,Black,,False,Tempered Glass,49.5,2,False
Zalman R2,,ATX Mid Tower,ATX,White / Black,,False,Tempered Glass,,2,False
RAIJINTEK PAN Slim,,Mini ITX Desktop,Mini ITX,White,,False,Solid,38.7,2,False
Vetroo K1,,ATX Mid Tower,ATX,Silver,,False,Tempered Glass,37.4,2,False
GameMax Revolt,,ATX Mid Tower,ATX,Black,,False,Tempered Glass,40.7,2,False
Jonsbo U4 Pro,,ATX Mid Tower,ATX,White,,False,Tempered Glass,34.5,1,False
Cooler Master Silencio 652S,,ATX Mid Tower,ATX,Black,,False,Solid,,9,False
Supermicro S5,,ATX Mid Tower,ATX,Black / Red,,False,Solid,,6,False
Thermaltake Level 20 HT Snow Edition,,ATX Full Tower,ATX,,,False,Tempered Glass,144.3,4,False
BitFenix Nova Mesh SE,,ATX Mid Tower,ATX,White / Purple,,False,Tempered Glass,36.1,2,False
Aerocool Tor Pro,,ATX Full Tower,ATX,Black,,False,Tempered Glass,66.8,2,False
Antec Sonata III,,ATX Mid Tower,ATX,Black,500.0,True,Solid,40.2,4,False
Antec Skeleton,,ATX Mini Tower,ATX,Silver / Black,,False,Solid,51.9,2,False
Cooler Master Cosmos S,,ATX Full Tower,ATX,Black / Gray,,False,Solid,99.2,4,False
Silverstone FT03,,MicroATX Mini Tower,Micro ATX,Black,,False,Solid,32.2,3,False
Xigmatek Elysium,,ATX Full Tower,ATX,Black / Silver,,False,Acrylic,93.9,8,False
nMEDIAPC HTPC 8000,,HTPC,Mini ITX,Brown,,False,Solid,49.6,4,False
NZXT Source 220,,ATX Mid Tower,ATX,Black,,False,Solid,43.4,8,False
Sentey SS1-2420,,MicroATX Slim,Micro ATX,Black,250.0,True,Solid,13.3,1,False
Lian Li PC-V650,,ATX Mini Tower,ATX,Silver,,False,Solid,38.2,7,False
NZXT Phantom 630,,ATX Full Tower,ATX,Gunmetal,,False,Acrylic,92.0,6,False
Cooler Master Elite 330U,,ATX Mid Tower,ATX,Black,350.0,True,Solid,40.7,5,False
Cooler Master Elite 344,,ATX Mini Tower,ATX,Silver,350.0,True,Solid,28.2,5,False
Apevia X-Dreamer4,,ATX Mid Tower,ATX,Pink,,False,Acrylic,43.1,4,False
Thermaltake Chaser A71,,ATX Full Tower,ATX,Black,,False,Acrylic,66.3,5,False
Apevia X-Sniper2,,ATX Mid Tower,ATX,Black / Green,,False,Acrylic,,4,False
Fractal Design Arc XL,,ATX Full Tower,ATX,Black,,False,Acrylic,72.8,8,False
Aerocool Strike-X One,,ATX Mid Tower,ATX,Black / Red,,False,Solid,,6,False
NZXT Phantom,,ATX Full Tower,ATX,Black / Red,,False,Solid,74.3,7,False
Thermaltake Versa H23,,ATX Mid Tower,ATX,Black,,False,Acrylic,43.7,3,False
Corsair Graphite Series 780T,,ATX Full Tower,ATX,Black / Yellow,,False,Acrylic,109.9,6,False
Fractal Design Core 1300,,MicroATX Mini Tower,Micro ATX,Black,,False,Solid,32.5,2,False
Corsair Carbide Series 330R Titanium Edition,,ATX Mid Tower,ATX,Black / Silver,,False,Solid,49.9,4,False
Raidmax Hyperion,,MicroATX Mid Tower,Micro ATX,Black / Blue,,False,Acrylic,,5,False
Thermaltake Core X9 Snow Edition,,ATX Desktop,ATX,White,,False,Acrylic,,7,False
NZXT Noctis 450,,ATX Mid Tower,ATX,White / Blue,,False,Acrylic,,6,False
Aerocool Aero-800,,ATX Mid Tower,ATX,Black / White,,False,Acrylic,,2,False
NZXT H440,,ATX Mid Tower,ATX,White / Black,,False,Acrylic,53.3,8,False
Antec P380,,ATX Full Tower,ATX,Black,,False,Acrylic,,8,False
Cooler Master MasterCase Maker 5,,ATX Mid Tower,ATX,Black,,False,Acrylic,,5,False
be quiet! Dark Base 900,,ATX Full Tower,ATX,Black,,False,Acrylic,82.0,7,False
Rosewill B2-SPIRIT,,ATX Full Tower,ATX,Black,,False,Acrylic,,13,False
Cooler Master MasterCase Pro 3,,MicroATX Mini Tower,Micro ATX,Black,,False,Acrylic,55.4,2,False
NZXT H440 Hyper Beast,,ATX Mid Tower,ATX,Blue,,False,Acrylic,53.3,8,False
Silverstone RL06,,ATX Mid Tower,ATX,Black / Red,,False,Acrylic,43.4,3,False
SHARKOON TG5,,ATX Mid Tower,ATX,Black / Green,,False,Acrylic,,3,False
LC-Power 991B Lighthouse,,ATX Mid Tower,ATX,Black,,False,Tempered Glass,51.6,3,False
Corsair Carbide Series SPEC OMEGA,,ATX Mid Tower,ATX,White / Black,,False,Tempered Glass,,3,False
Xigmatek Scorpio,,MicroATX Mid Tower,Micro ATX,Black,,False,Tempered Glass,30.1,2,False
Thermaltake Versa J23 RGB,,ATX Mid Tower,ATX,Black,,False,Tempered Glass,,2,False
Fractal Design Define R6 USB-C,,ATX Mid Tower,ATX,Black / White,,False,Solid,56.7,6,False
Antec Dark Fleet DF500 RGB,,ATX Mid Tower,ATX,Black,,False,Tempered Glass,,2,False
Rosewill CULLINAN MX-Red,,ATX Mid Tower,ATX,Black / Red,,False,Tempered Glass,47.2,4,False
Silverstone CS280B,,Mini ITX Tower,Mini ITX,Black / Silver,,False,Solid,,0,False
Thermaltake H100 TG,,ATX Mid Tower,ATX,Black,,False,Tempered Glass,39.7,2,False
Rosewill SPECTRA X,,ATX Mid Tower,ATX,Black,,False,Tempered Glass,,5,False
Rosewill PRISM S,,ATX Mid Tower,ATX,Black,,False,Tempered Glass,46.9,3,False
Antec NX500,,ATX Mid Tower,ATX,Black,,False,Tempered Glass,47.4,2,False
MagniumGear Neo Silent,,ATX Mid Tower,ATX,Black,,False,Tempered Glass,41.4,2,False
Jonsbo C3 Plus,,MicroATX Mini Tower,Micro ATX,Silver,,False,Tempered Glass,31.2,4,False
Maingear Vybe Mk. V,,ATX Mid Tower,ATX,Red / Black,,False,Tempered Glass,38.4,2,False
BitFenix Dawn TG,,ATX Mid Tower,ATX,Black,,False,Tempered Glass,,2,False
MagniumGear NEO Qube,,ATX Mid Tower,ATX,Black,,False,Tempered Glass,,2,False
Fractal Design Define 7,,ATX Mid Tower,ATX,Black / White,,False,Solid,62.4,6,False
Cougar MX330-G Air,,ATX Mid Tower,ATX,Black,,False,Tempered Glass,,2,False
FSP Group CMT230,,ATX Mid Tower,ATX,Black,,False,Acrylic,36.9,2,False
SAMA Sama-3D,,ATX Mid Tower,ATX,Black,,False,Tempered Glass,,2,False
Cooler Master MasterCase H500P Mesh ARGB,,ATX Mid Tower,ATX,Gray,,False,Tempered Glass,71.4,2,False
RAIJINTEK PONOS MS,,ATX Mid Tower,ATX,Black,,False,Tempered Glass,45.0,3,False
Jonsbo U4,,ATX Mid Tower,ATX,Black,,False,Tempered Glass,29.8,2,False
Apevia Predator,,ATX Mid Tower,ATX,Black,,False,Tempered Glass,35.7,3,False
Fractal Design Define 7 Compact,,ATX Mid Tower,ATX,White,,False,Solid,42.5,2,False
SilentiumPC Signum SG1,,ATX Mid Tower,ATX,Black,,False,Solid,,2,False
Jonsbo T8,,Mini ITX Desktop,Mini ITX,Black,,False,Tempered Glass,8.4,1,False
Tempest Aura ARGB,,ATX Mid Tower,ATX,Black,,False,Acrylic,,2,False
GAMDIAS ARGUS E3,,ATX Mid Tower,ATX,Black,,False,Tempered Glass,,2,False
GAMDIAS ATHENA E1 ELITE,,ATX Mid Tower,ATX,Black,,False,Tempered Glass,,2,False
darkFlash DLC29,,ATX Mid Tower,ATX,Black,,False,Solid,38.6,2,False
MUSETEX Y4,,ATX Mid Tower,ATX,Black,,False,Tempered Glass,32.9,2,False
Antec NX292,,ATX Mid Tower,ATX,White,,False,Tempered Glass,37.6,2,False
CiT Dark Star,,ATX Mid Tower,ATX,Black,,False,Acrylic,41.3,2,False
DIYPC ARGB-Q01,,MicroATX Mini Tower,Micro ATX,Black,,False,Tempered Glass,40.0,2,False
RAIJINTEK OPHION 7L,,Mini ITX Desktop,Mini ITX,Black,,False,Mesh,7.1,0,False
Vetroo M05,,MicroATX Mid Tower,Micro ATX,Pink,,False,Tempered Glass,36.3,2,False
GameMax Brufen C3,,ATX Mid Tower,ATX,Black / Blue,,False,Tempered Glass,42.2,2,False
GameMax Dragon Knight,,ATX Mid Tower,ATX,Black,,False,Acrylic,59.1,8,False
GameMax G563,,ATX Mid Tower,ATX,Black,,False,Acrylic,37.8,2,False
YEYIAN Phoenix,,ATX Mid Tower,ATX,Black,,False,Tempered Glass,47.3,2,False
Xigmatek Cubi,,ATX Mid Tower,ATX,Black,,False,Tempered Glass,62.8,2,False
SHARKOON Rebel C70G RGB,,ATX Mid Tower,ATX,Brown / White,,False,Tempered Glass,54.5,3,False
Armoury C802,,ATX Mid Tower,ATX,Black,,False,Tempered Glass,51.4,2,False
RAIJINTEK OPHION M EVO ALS,1398.0,MicroATX Mid Tower,Micro ATX,Black,,False,Solid,,3,True
Geometric Future Model 2 The ARK,1998.0,MicroATX Mini Tower,Micro ATX,Gray / Black,,False,Tempered Glass,40.7,1,True
iStarUSA S-917,4239.2,Mini ITX Tower,Mini ITX,Black,,False,Solid,28.2,0,True
BitFenix Prodigy M 2022 ARGB,,MicroATX Mini Tower,Micro ATX,Black / White,,False,Tempered Glass,,2,False
Silverstone FARA R1 PRO,2177.19,ATX Mid Tower,ATX,White,,False,Tempered Glass,36.0,1,True
Silverstone FARA 514X,,ATX Mid Tower,ATX,White,,False,Tempered Glass,49.7,2,False
KOLINK Unity Solar Mesh ARGB,,ATX Mid Tower,ATX,White,,False,Tempered Glass,42.3,2,False
Antec CX600M RGB,,MicroATX Mini Tower,Micro ATX,Black,,False,Tempered Glass,46.8,1,False
Cougar Spike,,MicroATX Mini Tower,Micro ATX,Black,,False,Solid,28.2,2,False
Phanteks Enthoo EVOLV SHIFT X,,Mini ITX Tower,Mini ITX,Black,,False,Tinted Tempered Glass,,2,False
Cooler Master MasterBox K500 ARGB,,ATX Mid Tower,ATX,Black,,False,Tempered Glass,46.9,2,False
Silverstone SETA Q1,,ATX Mid Tower,ATX,Black,,False,Solid,56.2,2,False
Silverstone GD06B,,HTPC,Mini ITX,Black,,False,Solid,22.4,4,False
RAIJINTEK OPHION,,Mini ITX Desktop,Mini ITX,Black,,False,Acrylic,,1,False
Cougar DarkBlader X5,3555.2,ATX Mid Tower,ATX,White,,False,Tempered Glass,50.0,2,True
Zalman R2,,ATX Mid Tower,ATX,Black,,False,Tempered Glass,,2,False
Cougar MX430 Mesh RGB,,ATX Mid Tower,ATX,Black,,False,Tempered Glass,37.6,2,False
Jonsbo U5,,ATX Mid Tower,ATX,Silver,,False,Tempered Glass,40.3,2,False
Cougar Airface RGB,,ATX Mid Tower,ATX,White,,False,Tempered Glass,43.6,2,False
RAIJINTEK PAEAN MINI,,Mini ITX Tower,Mini ITX,Black,,False,Tempered Glass,26.0,1,False
KOLINK Tranquility,,ATX Mid Tower,ATX,Black,,False,Solid,40.6,2,False
Thermaltake A500,,ATX Mid Tower,ATX,Silver / Black,,False,Tempered Glass,67.4,6,False
Aerocool Playa Slim,,MicroATX Mini Tower,Micro ATX,Black,,False,Solid,,1,False
Zalman X3,,ATX Mid Tower,ATX,Black,,False,Tinted Tempered Glass,,2,False
Jonsbo MOD-3,,ATX Mid Tower,ATX,Gray,,False,Tempered Glass,93.1,1,False
BitFenix Prodigy M 2022,,MicroATX Mini Tower,Micro ATX,Black / White,,False,Tempered Glass,,2,False
Cougar MG140 Air RGB,,MicroATX Mini Tower,Micro ATX,White / Black,,False,Tempered Glass,35.3,2,False
Cougar Dust 2,,Mini ITX Tower,Mini ITX,Black / Gray,,False,Mesh,23.6,0,False
LC-Power Gaming 808B Skylla_X,,ATX Mid Tower,ATX,Black,,False,Tempered Glass,50.7,2,False
Zalman P30 AIR,,MicroATX Mini Tower,Micro ATX,Black,,False,Tempered Glass,44.6,2,False
Apevia X-Cruiser,,ATX Mid Tower,ATX,Black / Silver,,False,Acrylic,41.2,5,False
Logisys CS888CL,,ATX Mid Tower,ATX,Clear,,False,Solid,43.3,6,False
NZXT Phantom,,ATX Full Tower,ATX,Pink / Black,,False,Solid,74.3,7,False
In Win BK623.BN300TBL,,MicroATX Mini Tower,Micro ATX,Black,300.0,True,Solid,12.3,1,False
Thermaltake Commander MS-I ID,,ATX Mid Tower,ATX,Black,,False,Acrylic,41.1,5,False
Thermaltake Commander MS/I Snow Edition,,ATX Mid Tower,ATX,White / Black,,False,Acrylic,41.9,5,False
NZXT Switch 810,,ATX Full Tower,ATX,Black,,False,Acrylic,81.3,6,False
Cooler Master Storm Scout 2,,ATX Mid Tower,ATX,White,,False,Acrylic,61.6,7,False
Xion XON-720P,,MicroATX Slim,Micro ATX,White,300.0,True,Solid,10.4,1,False
Topower TP-1687BS-400,,MicroATX Desktop,Micro ATX,Black / Silver,400.0,True,Solid,15.4,1,False
BitFenix Phenom M,,MicroATX Mini Tower,Micro ATX,Black,,False,Solid,30.6,5,False
Apevia X-Hermes,,ATX Mid Tower,ATX,Black / Blue,,False,Acrylic,44.7,4,False
Fractal Design Arc Midi R2,,ATX Mid Tower,ATX,Black,,False,Solid,55.6,8,False
Antec Eleven Hundred V2,,ATX Mid Tower,ATX,Black,,False,Acrylic,67.6,6,False
Phanteks Enthoo Luxe,,ATX Full Tower,ATX,White / Black,,False,Acrylic,72.4,6,False
Thermaltake Core V51,,ATX Mid Tower,ATX,Black,,False,Acrylic,71.2,5,False
Nanoxia Deep Silence 5,,ATX Full Tower,ATX,Black,,False,Solid,,11,False
Lian Li PC-T80,,ATX Test Bench,ATX,Black,,False,Solid,,6,False
CiT Vanquish,,ATX Mid Tower,ATX,Black / Red,,False,Acrylic,,5,False
Rosewill Stryker M,,ATX Mid Tower,ATX,Black,,False,Acrylic,,3,False
Phanteks Enthoo Primo,,ATX Full Tower,ATX,Black / White,,False,Acrylic,,6,False
Phanteks Enthoo Pro M,,ATX Mid Tower,ATX,Green,,False,Acrylic,56.4,2,False
Aerocool Aero-800,,ATX Mid Tower,ATX,Black,,False,Acrylic,,2,False
Zalman R1,,ATX Mid Tower,ATX,Black,,False,Acrylic,,4,False
Xion Xon-350,,ATX Mid Tower,ATX,Black,,False,Solid,23.7,2,False
Antec P182,,ATX Mid Tower,ATX,Black,,False,Solid,55.7,6,False
NOX Hummer MC,,ATX Mid Tower,ATX,White / Blue,,False,Acrylic,43.6,2,False
Corsair Carbide Series SPEC-ALPHA,,ATX Mid Tower,ATX,Black / Yellow,,False,Acrylic,,3,False
Lian Li PC-Q20,,Mini ITX Tower,Mini ITX,Black,,False,Solid,7.2,0,False
Silverstone PM01,,ATX Mid Tower,ATX,Black,,False,Acrylic,70.3,4,False
Apevia X-Mirage,,ATX Mid Tower,ATX,Pink,,False,Acrylic,41.8,2,False
GameMax FALCON WHITE RGB,,ATX Mid Tower,ATX,White / Black,,False,Acrylic,,2,False
SHARKOON VG4-W,,ATX Mid Tower,ATX,Black / Red,,False,Acrylic,38.3,3,False
Aerocool V3X Advance,,ATX Mid Tower,ATX,Black,,False,Solid,30.4,3,False
Phanteks Enthoo EVOLV ITX TG,,Mini ITX Desktop,Mini ITX,Black / Red,,False,Tinted Tempered Glass,34.1,2,False
Lian Li PC-O8X,,ATX Mid Tower,ATX,Gold,,False,Tempered Glass,,6,False
In Win BM639.AD160TBL,,Mini ITX Tower,Mini ITX,Black,,False,Solid,6.8,1,False
NZXT H700i,,ATX Mid Tower,ATX,Black / Red,,False,Tempered Glass,58.6,2,False
SHARKOON S25-S,,ATX Mid Tower,ATX,Black,,False,Acrylic,43.9,3,False
Aerocool P7-C0,,ATX Mid Tower,ATX,Black,,False,Tempered Glass,,2,False
EVGA DG-77,,ATX Mid Tower,ATX,Black,,False,Tempered Glass,,2,False
Streacom BC1 Mini,,Mini ITX Test Bench,Mini ITX,Silver,,False,Solid,,0,False
NZXT H500i,,ATX Mid Tower,ATX,Black / Blue,,False,Tempered Glass,41.3,3,False
Rosewill METEOR XR,,ATX Mid Tower,ATX,Black,,False,Tempered Glass,,2,False
Thermaltake Versa J21,,ATX Mid Tower,ATX,Black,,False,Tempered Glass,,2,False
be quiet! Dark Base 700,,ATX Mid Tower,ATX,White / Black,,False,Tempered Glass,,7,False
Antec VSK10 Window,,MicroATX Mid Tower,Micro ATX,Black,,False,Acrylic,,2,False
Fractal Design Vector RS Blackout,,ATX Mid Tower,ATX,Black,,False,Tinted Tempered Glass,64.1,6,False
In Win EFS052,,ATX Mini Tower,ATX,Black,,False,Solid,25.4,0,False
KOLINK INSPIRE K2 RGB,,MicroATX Mini Tower,Micro ATX,Black,,False,Tempered Glass,28.2,2,False
AvP Arion RGB,,ATX Mid Tower,ATX,Black,,False,Tempered Glass,34.6,2,False
Deepcool MATREXX 55 V3 ADD-RGB WH,,ATX Mid Tower,ATX,White / Black,,False,Tempered Glass,,2,False
NOX Hummer TGF,,ATX Mid Tower,ATX,Black,,False,Tempered Glass,,2,False
darkFlash DLM 21 Mesh,,MicroATX Mini Tower,Micro ATX,White,,False,Tempered Glass,32.1,2,False
Apevia Predator,,ATX Mid Tower,ATX,Pink,,False,Tempered Glass,35.7,3,False
SilentiumPC Signum SG7V EVO TG ARGB,,ATX Mid Tower,ATX,Black,,False,Tempered Glass,,3,False
Aerocool Atomic V2,,MicroATX Mini Tower,Micro ATX,Black,,False,Tempered Glass,36.2,2,False
MS Cyclops V,,ATX Mid Tower,ATX,Black,,False,Acrylic,,3,False
Tempest Spectra RGB,,ATX Mid Tower,ATX,Black,,False,Acrylic,,2,False
Aerocool Mecha,,ATX Mid Tower,ATX,Black,,False,Tempered Glass,33.5,2,False
Jonsbo MOD5,,ATX Mid Tower,ATX,White / Black,,False,Tempered Glass,97.2,1,False
Silverstone CS330B,,MicroATX Mini Tower,Micro ATX,Black,,False,Solid,30.2,4,False
SAMA Sama-S88-BK,,ATX Mid Tower,ATX,Black / Red,,False,Tempered Glass,37.7,2,False
GameMax Contac Turbo COC,,ATX Mid Tower,ATX,Black / Red,,False,Tempered Glass,43.0,2,False
GameMax Contac Turbo COC,,ATX Mid Tower,ATX,White / Black,,False,Tempered Glass,43.0,2,False
Vetroo AL600,,ATX Mid Tower,ATX,White,,False,Tempered Glass,41.7,3,False
Antec DF800 FLUX,,ATX Mid Tower,ATX,White,,False,Tempered Glass,,3,False
In Win Explorer,,Mini ITX Desktop,Mini ITX,White,,False,Tempered Glass,34.3,1,False
Thermaltake Versa T26 TG ARGB,,ATX Mid Tower,ATX,Black,,False,Tempered Glass,50.6,2,False
MSI MAG SHIELD 110R,,ATX Mid Tower,ATX,Black,,False,Tempered Glass,36.5,2,False
ADATA XPG STARKER,,ATX Mid Tower,ATX,Black,,False,Tempered Glass,40.0,2,False
Ocelot OGEC01,,ATX Mid Tower,ATX,Black,,False,Tempered Glass,31.7,2,False
Jonsbo V11,,Mini ITX Tower,Mini ITX,Silver,,False,Mesh,13.0,0,False
OCPC MINI,,Mini ITX Test Bench,Mini ITX,Black,,False,Solid,7.2,0,False
Thermaltake Core P5 V2,,ATX Mid Tower,ATX,Black,,False,Tempered Glass,115.4,6,False
MagniumGear NEO AIR (2023),,ATX Mid Tower,ATX,White / Black,,False,Tempered Glass,41.4,2,False
Noua Diamond C112,,ATX Mid Tower,ATX,White,,False,Tempered Glass,39.8,2,False
Cooler Master HAF XB EVO,,ATX Desktop,ATX,Black,,False,Acrylic,61.7,2,False
GALAX REV-01,,ATX Mid Tower,ATX,Black,,False,Tempered Glass,41.9,2,False
Vetroo M03,,MicroATX Mini Tower,Micro ATX,Black,,False,Tempered Glass,36.1,2,False
Aerocool Dryft Mini V1,,MicroATX Mid Tower,Micro ATX,Black,,False,Tempered Glass,47.0,1,False
GameMax Aero,,ATX Mid Tower,ATX,Black / White,,False,Tempered Glass,40.7,2,False
GameMax Aero Mini,,MicroATX Mini Tower,Micro ATX,Black / White,,False,Tempered Glass,31.5,2,False
GameMax Edge,,ATX Mid Tower,ATX,Black,,False,Tempered Glass,34.2,2,False
GameMax Infinity Mini,,MicroATX Mini Tower,Micro ATX,White,,False,Tempered Glass,36.7,1,False
GameMax Silent Max,,ATX Mid Tower,ATX,Black,,False,Solid,98.5,8,False
DIYPC ARGB-Q1.V2,,MicroATX Mini Tower,Micro ATX,White,,False,Tempered Glass,,1,False
APNX C1-R,,ATX Mid Tower,ATX,Black,,False,Tempered Glass,53.6,3,False
Ocypus Gamma C70 ARGB,,ATX Mid Tower,ATX,White,,False,Tempered Glass,40.3,2,False
Cooler Master Elite 302 Lite,,MicroATX Mini Tower,Micro ATX,Black,,False,Tempered Glass,34.1,1,False
Jonsbo C5,,ATX Mid Tower,ATX,Black,,False,Tempered Glass,34.5,4,False
Silverstone SETA A1,2889.4,ATX Mid Tower,ATX,Silver / Black,,False,Tempered Glass,45.7,2,True
Geometric Future Model 5 Vent,3198.0,ATX Mid Tower,ATX,White,,False,Tempered Glass,53.8,2,True
MagniumGear Neo G,,ATX Mid Tower,ATX,Black,,False,Tempered Glass,41.4,2,False
Antec AX27 RGB ELITE,,ATX Mid Tower,ATX,,,False,Tempered Glass,32.2,2,False
Thermaltake View 300 MX Snow TG ARGB,2899.6,ATX Mid Tower,ATX,White,,False,Tempered Glass,58.8,2,True
Thermaltake S250 TG ARGB,,ATX Mid Tower,ATX,White,,False,Tempered Glass,49.4,2,False
Antec P5,,MicroATX Mini Tower,Micro ATX,Black,,False,Solid,,2,False
Cougar DarkBlader X5,3555.2,ATX Mid Tower,ATX,Black,,False,Tempered Glass,50.0,2,True
Deepcool CYCLOPS,,ATX Mid Tower,ATX,Black,,False,Tempered Glass,51.5,2,False
KOLINK Inspire K6,,MicroATX Mini Tower,Micro ATX,Black,,False,Tempered Glass,32.7,2,False
SHARKOON Rebel C80M RGB,,ATX Mid Tower,ATX,Black,,False,Mesh,55.7,3,False
Silverstone RV05B,2327.0,ATX Mid Tower,ATX,Black,,False,Solid,63.8,2,True
In Win 301C,,MicroATX Mini Tower,Micro ATX,White,,False,Tempered Glass,26.0,1,False
Cooler Master MasterCase MC500P,,ATX Mid Tower,ATX,Black,,False,Tempered Glass,65.9,4,False
Thermaltake Versa J22,,ATX Mid Tower,ATX,Black,,False,Tempered Glass,,2,False
GameMax Vengeance,,ATX Mid Tower,ATX,Black,,False,Tempered Glass,43.9,2,False
BitFenix FLOW,,ATX Mid Tower,ATX,White,,False,Tempered Glass,42.3,2,False
Aerocool CS-109-S,,ATX Mid Tower,ATX,Black,,False,Solid,23.7,2,False
Cooler Master MasterBox 5T,,ATX Mid Tower,ATX,Black / Red,,False,Acrylic,,2,False
Antec VSK10,5915.4,MicroATX Mid Tower,Micro ATX,Black,,False,Solid,,2,True
Silverstone SETA A1,2789.2,ATX Mid Tower,ATX,Black,,False,Tempered Glass,45.7,2,True
Thermaltake Divider 500 TG ARGB Air Snow,3199.8,ATX Mid Tower,ATX,White,,False,Tempered Glass,56.8,2,True
Jonsbo D41 STD Screen,,ATX Mid Tower,ATX,White,,False,Tempered Glass,35.4,2,False
NZXT Phantom 820,,ATX Full Tower,ATX,Gunmetal,,False,Acrylic,92.8,6,False
NZXT H700i,,ATX Mid Tower,ATX,Black / Blue,,False,Tempered Glass,58.6,2,False
Cooler Master MB600L ODD,,ATX Mid Tower,ATX,Black / Red,,False,Acrylic,,2,False
NZXT H700,,ATX Mid Tower,ATX,Black / Red,,False,Tempered Glass,58.6,2,False
be quiet! Silent Base 601,,ATX Mid Tower,ATX,Black / Orange,,False,Solid,,3,False
Jonsbo TR03-G,,ATX Mid Tower,ATX,Black,,False,Tempered Glass,95.3,3,False
Cooler Master Elite 300 TG,,MicroATX Mid Tower,Micro ATX,Black,,False,Tempered Glass,35.8,2,False
Enermax K8 RGB,,ATX Mid Tower,ATX,Black,,False,Tempered Glass,50.4,2,False
Antec LanBoy Air,,ATX Mid Tower,ATX,Black / Yellow,,False,Solid,58.5,6,False
Corsair Graphite Series 600T,,ATX Mid Tower,ATX,Black,,False,Solid,79.3,6,False
Antec Twelve Hundred,,ATX Full Tower,ATX,Black,750.0,True,Acrylic,63.5,9,False
Cooler Master Centurion 5,,ATX Mid Tower,ATX,Black / Silver,,False,Solid,42.0,4,False
Cooler Master CM690 II Basic,,ATX Mid Tower,ATX,Black,,False,Solid,57.4,6,False
Thermaltake SopranoRS 101,,ATX Mid Tower,ATX,Black,,False,Acrylic,43.7,5,False
Thermaltake Element V,,ATX Full Tower,ATX,Black,,False,Acrylic,62.4,6,False
Cooler Master HAF 932 AMD Limited Edition,,ATX Full Tower,ATX,Black / Red,,False,Acrylic,76.5,5,False
Apevia X-Master,,HTPC,Mini ITX,Black / Blue,500.0,True,Solid,22.0,1,False
NZXT H2,,ATX Mid Tower,ATX,Black,,False,Solid,51.8,8,False
Raidmax Cyclone,,ATX Mid Tower,ATX,Black / Red,450.0,True,Solid,34.1,5,False
Fractal Design Define R3,,ATX Mid Tower,ATX,White,,False,Solid,47.5,8,False
Azza Orion 202 EVO,,ATX Mid Tower,ATX,Black / Red,,False,Acrylic,43.5,4,False
Antec P280,,ATX Mid Tower,ATX,Black / Gray,,False,Solid,68.0,6,False
Sentey SS1-2421,,MicroATX Slim,Micro ATX,Black,250.0,True,Solid,13.3,1,False
Silverstone PS07B,,MicroATX Mini Tower,Micro ATX,Black,,False,Solid,31.4,5,False
Cooler Master CM 690 II Advanced NVIDIA Edition,,ATX Mid Tower,ATX,Black,,False,Acrylic,55.7,4,False
Zalman ZM-Z9 U3,,ATX Mid Tower,ATX,Black,,False,Acrylic,48.3,5,False
In Win Z583T.CQ350TB3L,,MicroATX Mini Tower,Micro ATX,Black / Silver,350.0,True,Solid,24.2,1,False
Azza Genesis 9000W,,ATX Full Tower,ATX,White / Black,,False,Acrylic,93.0,5,False
Ultra XBlaster V2,,ATX Mid Tower,ATX,Black,450.0,True,Solid,36.0,6,False
Thermaltake Armor Revo Gene Snow Edition,,ATX Mid Tower,ATX,White,,False,Acrylic,69.9,5,False
Cooler Master Storm Scout 2 Advanced,,ATX Mid Tower,ATX,Black,,False,Acrylic,61.6,7,False
Cooler Master N600,,ATX Mid Tower,ATX,Black,,False,Solid,48.5,7,False
Rosewill Galaxy-02,,ATX Mid Tower,ATX,Black,,False,Solid,26.4,4,False
BitFenix Prodigy M,,MicroATX Mini Tower,Micro ATX,White,,False,Solid,35.9,4,False
Antec 1100 Illusion,,ATX Full Tower,ATX,Black,,False,Acrylic,67.6,6,False
Corsair Carbide Series Air 540,,ATX Mid Tower,ATX,Black / Silver,,False,Acrylic,62.6,2,False
Raidmax Vampire,,ATX Full Tower,ATX,White / Blue,,False,Acrylic,80.5,7,False
Fractal Design Define R4 Blackout,,ATX Mid Tower,ATX,Black,,False,Acrylic,56.0,8,False
Cooler Master 690 III,,ATX Mid Tower,ATX,Black / Green,,False,Solid,58.5,7,False
Lian Li PC-A51,,ATX Mini Tower,ATX,Silver,,False,Solid,,5,False
Phanteks Enthoo Primo,,ATX Full Tower,ATX,White,,False,Acrylic,,6,False
Zalman ZM-T4,,MicroATX Mini Tower,Micro ATX,Black,,False,Solid,,2,False
BitFenix Neos,,ATX Mid Tower,ATX,Black,,False,Solid,37.0,3,False
Rosewill RISE Glow,,ATX Full Tower,ATX,Black,,False,Acrylic,55.9,5,False
Aerocool Mechatron-Black Steel Edition,,ATX Mid Tower,ATX,Black,,False,Acrylic,60.3,4,False
Aerocool XPredator X1,,ATX Mid Tower,ATX,Black,,False,Solid,43.2,6,False
In Win IW-BQ656T.AD120TB3,,Mini ITX Tower,Mini ITX,Black,120.0,True,Solid,3.3,0,False
Phanteks Enthoo Primo,,ATX Full Tower,ATX,Black / Red,,False,Acrylic,,6,False
Lian Li PC-O6S,,HTPC,Mini ITX,Black,,False,Tempered Glass,,6,False
In Win 703,,ATX Mid Tower,ATX,Black / Red,,False,Acrylic,,4,False
be quiet! Silent Base 600,,ATX Mid Tower,ATX,Black,,False,Solid,,3,False
DIYPC D480,,ATX Mid Tower,ATX,White,,False,Acrylic,,2,False
Phanteks Eclipse P400S,,ATX Mid Tower,ATX,Black,,False,Solid,45.9,2,False
DIYPC Gamemax,,ATX Full Tower,ATX,Black,,False,Acrylic,61.7,4,False
Silverstone PM01,,ATX Mid Tower,ATX,Black / Red,,False,Acrylic,70.3,4,False
Deepcool Dukase,,ATX Mid Tower,ATX,White,,False,Acrylic,,3,False
Rosewill GUNGNIR X,,ATX Mid Tower,ATX,Black / Red,,False,Acrylic,,2,False
Aerocool Aero-300,,ATX Mid Tower,ATX,Black,,False,Acrylic,37.8,2,False
Aerocool Aero-500,,ATX Mid Tower,ATX,White / Black,,False,Acrylic,45.1,4,False
Phanteks Enthoo EVOLV SHIFT,,Mini ITX Tower,Mini ITX,Black,,False,Tinted Tempered Glass,24.0,1,False
Phanteks Enthoo Pro M TG,,ATX Mid Tower,ATX,Black / White,,False,Tinted Tempered Glass,56.4,2,False
be quiet! Dark Base 900,,ATX Full Tower,ATX,White,,False,Acrylic,82.0,7,False
BitFenix Enso,,ATX Mid Tower,ATX,Black,,False,Tempered Glass,,2,False
Lian Li PC-V3000,,ATX Full Tower,ATX,Black,,False,Tinted Tempered Glass,,9,False
Cooler Master MB600L,,ATX Mid Tower,ATX,Black / Blue,,False,Acrylic,,2,False
Fractal Design Define R6,,ATX Mid Tower,ATX,White / Black,,False,Tempered Glass,56.7,6,False
In Win 305,,ATX Mid Tower,ATX,Black,,False,Tempered Glass,,2,False
DIYPC Vision II,,ATX Mid Tower,ATX,Black / Blue,,False,Tempered Glass,46.9,3,False
Streacom BC1 Mini,,Mini ITX Test Bench,Mini ITX,Black,,False,Solid,,0,False
Streacom BC1,,ATX Test Bench,ATX,Silver,,False,Solid,,2,False
Antec P6,,MicroATX Mid Tower,Micro ATX,Black,,False,Tempered Glass,38.1,2,False
Lian Li PC-Q39GWX,,Mini ITX Desktop,Mini ITX,Black,,False,Tempered Glass,,2,False
GamerChief HYVE,,ATX Full Tower,ATX,Black,,False,Acrylic,,4,False
Cooler Master MasterBox MB500 TUF Edition,,ATX Mid Tower,ATX,Black,,False,Tempered Glass,49.5,2,False
NZXT H700,,ATX Mid Tower,ATX,Black / Blue,,False,Tempered Glass,58.6,2,False
NZXT H400,,MicroATX Mini Tower,Micro ATX,Black / Red,,False,Tempered Glass,36.9,1,False
SAMA ARK,,ATX Full Tower,ATX,Black / Blue,,False,Tempered Glass,,4,False
Corsair Carbide Series 275R,,ATX Mid Tower,ATX,Black / Red,,False,Acrylic,44.2,2,False
Fractal Design Define S2 Blackout,,ATX Mid Tower,ATX,Black,,False,Tinted Tempered Glass,58.8,3,False
Cooler Master MasterCase SL600M,,ATX Mid Tower,ATX,Silver / Black,,False,Tempered Glass,,4,False
Enermax SABERAY RGB,,ATX Mid Tower,ATX,Black,,False,Tempered Glass,60.3,2,False
NZXT H700 Nuka-Cola,,ATX Mid Tower,ATX,Red / Black,,False,Tempered Glass,58.6,2,False
Tecware Nexus M,,MicroATX Mid Tower,Micro ATX,White,,False,Tempered Glass,,2,False
NZXT H500 Overwatch,,ATX Mid Tower,ATX,Black / Orange,,False,Tempered Glass,41.3,3,False
Rosewill PRISM S,,ATX Mid Tower,ATX,White / Black,,False,Tempered Glass,46.9,3,False
BitFenix Nova Mesh TG,,ATX Mid Tower,ATX,Black,,False,Tempered Glass,41.4,2,False
GameMax Centauri,,MicroATX Mid Tower,Micro ATX,Black / Red,,False,Acrylic,34.7,2,False
NZXT H510i Phantom Gaming,,ATX Mid Tower,ATX,Black / Red,,False,Tempered Glass,41.3,2,False
Antec Striker,,Mini ITX Tower,Mini ITX,White,,False,Tempered Glass,39.6,0,False
Montech Air 900 MESH,,ATX Mid Tower,ATX,White,,False,Tempered Glass,44.0,2,False
Aerocool Sentinel,,ATX Mid Tower,ATX,Black,,False,Tempered Glass,,1,False
FSP Group CST 110,,MicroATX Mini Tower,Micro ATX,Black,,False,Solid,15.4,3,False
darkFlash DLM 22,,MicroATX Mid Tower,Micro ATX,Pink,,False,Tempered Glass,,2,False
Enermax MarbleShell M MS20 ARGB,,MicroATX Mini Tower,Micro ATX,White / Black,,False,Tempered Glass,,2,False
SilentiumPC Armis AR1,,ATX Mid Tower,ATX,Black,,False,Solid,29.2,2,False
NZXT CRFT 08 H510 Valhalla,,ATX Mid Tower,ATX,Black / Gray,,False,Tempered Glass,41.3,2,False
GAMDIAS ARGUS E2 ELITE,,ATX Mid Tower,ATX,Black,,False,Tempered Glass,,2,False
GAMDIAS ATHENA M2 LITE,,MicroATX Mid Tower,Micro ATX,Black,,False,Tempered Glass,,2,False
GAMDIAS MARS M2,,MicroATX Mid Tower,Micro ATX,Black,,False,Tempered Glass,,2,False
Jonsbo D30,,MicroATX Mini Tower,Micro ATX,Silver / Black,,False,Tempered Glass,26.6,1,False
Vetroo AL600,,ATX Mid Tower,ATX,Black,,False,Tempered Glass,41.7,3,False
darkFlash DLH21,,Mini ITX Tower,Mini ITX,Black,,False,Solid,17.2,1,False
In Win B1 Pure,,Mini ITX Desktop,Mini ITX,White / Brown,200.0,True,Solid,7.8,0,False
Thermaltake Divider 500 TG ARGB,3299.6,ATX Mid Tower,ATX,Black,,False,Tempered Glass,56.8,2,True
Azza Crimson 211,,ATX Mid Tower,ATX,Black,,False,Acrylic,40.4,3,False
Corsair Carbide Series SPEC-02,,ATX Mid Tower,ATX,Black,,False,Acrylic,,3,False
Inter-Tech C-702 DIORAMA,,ATX Mid Tower,ATX,Black,,False,Tempered Glass,44.1,2,False
Cougar MX410,,ATX Mid Tower,ATX,Black,,False,Acrylic,36.3,2,False
Vetroo AL-MESH-7C,,ATX Mid Tower,ATX,Black,,False,Tempered Glass,40.9,2,False
DIYPC ARGB-Q8-BK,,MicroATX Mid Tower,Micro ATX,Black,,False,Tempered Glass,28.4,2,False
Antec NX320,,ATX Mid Tower,ATX,Black,,False,Tempered Glass,40.5,2,False
CiT Blaze,,ATX Mid Tower,ATX,Black / Blue,,False,Tempered Glass,31.4,2,False
Apevia Destiny Pro,,ATX Mid Tower,ATX,Pink / Black,,False,Tempered Glass,42.0,2,False
Corsair iCUE 5000D RGB AIRFLOW iCUE Lighting Node PRO,,ATX Mid Tower,ATX,Black,,False,Tempered Glass,66.2,2,False
LC-Power Gaming 900B - Lumaxx Gloom,,ATX Mid Tower,ATX,Black,,False,Tempered Glass,57.0,2,False
Chieftec STALLION II,,ATX Mid Tower,ATX,Black,,False,Tempered Glass,62.5,2,False
Jonsbo MOD-3 Mini,,MicroATX Mid Tower,Micro ATX,White,,False,Tempered Glass,76.4,1,False
Antec NX360 Elite,,ATX Mid Tower,ATX,Black,,False,Tempered Glass,37.5,1,False
GALAX REV-06 RGB,,ATX Mid Tower,ATX,White,,False,Tempered Glass,39.5,2,False
GALAX REV-06 ARGB,,ATX Mid Tower,ATX,White,,False,Tempered Glass,39.5,2,False
GameMax M60,,MicroATX Mid Tower,Micro ATX,White,,False,Mesh,29.4,2,False
Jonsbo BO 100,,Mini ITX Desktop,Mini ITX,Black,,False,Tempered Glass,15.7,1,False
KOLINK Outline,,ATX Mid Tower,ATX,Black,,False,Tempered Glass,38.3,2,False
Thermaltake CTE E660 MX,,ATX Mid Tower,ATX,Green / Black,,False,Tempered Glass,77.4,3,False
GameMax Spark Mini,,Mini ITX Desktop,Mini ITX,Black,,False,Tempered Glass,15.1,1,False
SAMA V Nature,,ATX Mid Tower,ATX,White,,False,Tempered Glass,,2,False
MSI PRO FORGE M050A,,MicroATX Mini Tower,Micro ATX,Black,,False,Tempered Glass,32.8,2,False
Geometric Future Model 5 Vent Fanless,2198.0,ATX Mid Tower,ATX,Black / Yellow,,False,Tempered Glass,53.8,2,True
Silverstone ALTA F1,5817.6,ATX Mid Tower,ATX,Silver / Black,,False,Tempered Glass,56.8,2,True
SHARKOON MS-Z1000,,MicroATX Mid Tower,Micro ATX,Black,,False,Tempered Glass,26.2,1,False
Silverstone PM02-G,3128.2,ATX Mid Tower,ATX,,,False,Tempered Glass,49.3,3,True
Antec NSK4100,,ATX Mid Tower,ATX,Black,,False,Solid,35.6,6,False
Fractal Design Define R6,,ATX Mid Tower,ATX,Silver,,False,Solid,56.7,6,False
Antec P110 Luce,,ATX Mid Tower,ATX,Black,,False,Tempered Glass,,6,False
LC-Power Gaming 807W Stormwatch_X,,ATX Mid Tower,ATX,White,,False,Tempered Glass,54.2,1,False
KOLINK Levante V2 ARGB,,ATX Mid Tower,ATX,Black,,False,Tempered Glass,40.6,3,False
Thermaltake Core P90,,ATX Mid Tower,ATX,Black,,False,Tinted Tempered Glass,135.9,3,False
Azza Overdrive,,ATX Full Tower,ATX,Black,,False,Tempered Glass,,2,False
Thermaltake Divider 300 TG Air,2499.6,ATX Mid Tower,ATX,Black,,False,Tempered Glass,48.2,2,True
Aerocool Graphite v3 ARGB,,ATX Mid Tower,ATX,,,False,Tempered Glass,43.0,2,False
Cooler Master Elite 330,,ATX Mid Tower,ATX,Black / Silver,,False,Solid,38.2,5,False
Fractal Design Define XL R2,,ATX Full Tower,ATX,Gray,,False,Solid,72.1,8,False
Corsair Graphite Series 230T,,ATX Mid Tower,ATX,Black / Red,,False,Solid,,4,False
Thermaltake Versa N26,,ATX Mid Tower,ATX,Black,,False,Acrylic,44.7,3,False
Montech Fighter 500,,ATX Mid Tower,ATX,White,,False,Tempered Glass,38.6,2,False
Cougar Purity RGB,,MicroATX Mini Tower,Micro ATX,White,,False,Tempered Glass,28.2,2,False
BitFenix Saber,,ATX Mid Tower,ATX,Black,,False,Tempered Glass,,2,False
Thermaltake A700 TG,,ATX Full Tower,ATX,Silver,,False,Tempered Glass,102.0,4,False
Antec NX800,,ATX Mid Tower,ATX,White,,False,Tempered Glass,54.0,3,False
Thermaltake Divider 200 TG,,MicroATX Mini Tower,Micro ATX,Black,,False,Tempered Glass,51.6,3,False
MSI MAG PYLON,,ATX Mid Tower,ATX,Black,,False,Tempered Glass,45.1,2,False
Azza Iris 330,,ATX Mid Tower,ATX,Black,,False,Tempered Glass,42.5,2,False
RAIJINTEK Ponos Ultra TG4,,ATX Mid Tower,ATX,Black,,False,Tempered Glass,46.3,2,False
Cooler Master Sileo 500,,ATX Mid Tower,ATX,Black,500.0,True,Solid,41.3,4,False
Cooler Master Storm Sniper,,ATX Mid Tower,ATX,Black,,False,Solid,79.2,5,False
Lian Li PC-V351,,MicroATX Desktop,Micro ATX,Black,,False,Solid,27.1,2,False
Apevia X-Alien,,ATX Full Tower,ATX,Black,500.0,True,Solid,50.9,5,False
Apevia X-FIT-200,,Mini ITX Tower,Mini ITX,Black,250.0,True,Solid,6.4,1,False
Broadway Com Corp 939PL,,ATX Mid Tower,ATX,Black,550.0,True,Solid,34.4,4,False
Raidmax Blackstorm ATX-615WU,,ATX Mid Tower,ATX,Black / Blue,,False,Solid,47.7,4,False
NZXT Source 210,,ATX Mid Tower,ATX,White / Black,,False,Solid,42.4,8,False
Apex SK-386,,ATX Mid Tower,ATX,Black,300.0,True,Solid,29.2,5,False
Lian Li PC-TU200,,Mini ITX Tower,Mini ITX,Black,,False,Solid,21.6,4,False
NZXT Phantom,,ATX Full Tower,ATX,Black / Green,,False,Solid,74.3,7,False
Apevia ATXB2KL,,ATX Mid Tower,ATX,Beige / Gray,420.0,True,Solid,40.2,4,False
Silverstone SG08B,,Mini ITX Desktop,Mini ITX,Black,600.0,True,Solid,14.8,1,False
Cooler Master Elite 311,,ATX Mid Tower,ATX,Black / Blue,,False,Acrylic,40.8,5,False
Xigmatek Midgard II,,ATX Mid Tower,ATX,Black,,False,Solid,45.4,6,False
Thermaltake V3 Black AMD Edition,,ATX Mid Tower,ATX,Black / Red,,False,Acrylic,38.5,4,False
Cougar Challenger,,ATX Mid Tower,ATX,Black / Orange,,False,Acrylic,71.6,7,False
Silverstone GD04B-USB3.0,,HTPC,Mini ITX,Black,,False,Solid,21.3,2,False
Ultra Rogue M925,,ATX Full Tower,ATX,Black,,False,Solid,61.9,8,False
Nanoxia Deep Silence 1,,ATX Mid Tower,ATX,Black,,False,Solid,57.0,7,False
Zalman MS800 Plus,,ATX Mid Tower,ATX,Black,,False,Acrylic,,1,False
CFI Pharaoh Evo,,ATX Full Tower,ATX,Black,,False,Acrylic,109.4,10,False
Thermaltake Chaser A31 Snow White,,ATX Mid Tower,ATX,White,,False,Acrylic,52.7,6,False
Apevia X-Cruiser3,,ATX Mid Tower,ATX,Pink,,False,Acrylic,44.7,4,False
Apevia X-Sniper2,,ATX Mid Tower,ATX,Black / Blue,,False,Acrylic,,4,False
NZXT H230,,ATX Mid Tower,ATX,Black,,False,Solid,43.7,6,False
Cubitek MagicCube-AIO,,ATX Mid Tower,ATX,Black,,False,Solid,,5,False
Rosewill Legacy U3-B,,MicroATX Mini Tower,Micro ATX,Black,,False,Acrylic,20.1,2,False
Raidmax Viper GX,,ATX Mid Tower,ATX,Black / Green,,False,Solid,65.3,7,False
Raidmax Cobra Z,,ATX Mid Tower,ATX,Black / Red,,False,Solid,59.5,3,False
Thermaltake Versa H21,,ATX Mid Tower,ATX,Black,,False,Acrylic,42.8,3,False
Thermaltake Urban T81,,ATX Full Tower,ATX,Black,,False,Acrylic,82.8,8,False
Lian Li PC-V1000L,,ATX Full Tower,ATX,Black,,False,Solid,73.6,0,False
Thermaltake Commander G41,,ATX Mid Tower,ATX,Black,,False,Acrylic,57.0,6,False
Phanteks Enthoo EVOLV,,MicroATX Mini Tower,Micro ATX,Black,,False,Acrylic,41.7,3,False
Cooler Master Silencio 652,,ATX Mid Tower,ATX,Black,,False,Solid,,9,False
Xion XON 310,,MicroATX Mid Tower,Micro ATX,Black,,False,Solid,,1,False
Aerocool XPredator,,ATX Full Tower,ATX,White,,False,Acrylic,,6,False
Thermaltake Suppressor F51,,ATX Mid Tower,ATX,Black,,False,Acrylic,69.7,6,False
Lian Li PC-O5S,,HTPC,Mini ITX,Black,,False,Tempered Glass,,5,False
Corsair Carbide Series SPEC-01,,ATX Mid Tower,ATX,Black / Blue,,False,Acrylic,38.3,4,False
Thermaltake Core X2,,MicroATX Mini Tower,Micro ATX,Black,,False,Acrylic,,4,False
be quiet! Silent Base 800,,ATX Mid Tower,ATX,Black,,False,Acrylic,,7,False
Phanteks Enthoo EVOLV ATX,,ATX Mid Tower,ATX,Silver,,False,Acrylic,,5,False
NZXT Manta,,Mini ITX Desktop,Mini ITX,White / Black,,False,Acrylic,,2,False
DIYPC Zondda,,ATX Mid Tower,ATX,Black / Orange,,False,Acrylic,,4,False
Raidmax Ninja II,,ATX Mid Tower,ATX,Black / Orange,,False,Acrylic,,3,False
Phanteks Eclipse P400S,,ATX Mid Tower,ATX,White,,False,Solid,45.9,2,False
BitFenix Nova,,ATX Mid Tower,ATX,White,,False,Acrylic,,4,False
Thermaltake Core X31,,ATX Mid Tower,ATX,Black,,False,Acrylic,,6,False
NOX Coolbay CX,,MicroATX Desktop,Micro ATX,Black,,False,Acrylic,,3,False
NZXT H440 EnVyUs,,ATX Mid Tower,ATX,Black / Blue,,False,Acrylic,53.3,8,False
be quiet! Dark Base 900,,ATX Full Tower,ATX,Black / Silver,,False,Acrylic,82.0,7,False
Azza Taurus 5000B,,ATX Full Tower,ATX,Black,,False,Acrylic,,8,False
DIYPC Silence,,ATX Mid Tower,ATX,Black,,False,Acrylic,,2,False
Deepcool SMARTER,,MicroATX Mini Tower,Micro ATX,Black / Blue,,False,Solid,30.8,2,False
Lian Li PC-Q20,,Mini ITX Tower,Mini ITX,White,,False,Solid,7.2,0,False
Cooler Master MasterBox Lite 3,,MicroATX Mini Tower,Micro ATX,Black,,False,Acrylic,26.9,1,False
SHARKOON VG4-W,,ATX Mid Tower,ATX,Black / Green,,False,Acrylic,38.3,3,False
In Win 303 ROG RGB Edition,,ATX Mid Tower,ATX,Black / Red,,False,Tempered Glass,,2,False
Lian Li PC-D600,,ATX Full Tower,ATX,Black,,False,Acrylic,,6,False
Enermax OSTROG Lite,,ATX Mid Tower,ATX,Black,,False,Acrylic,,2,False
In Win 303 MSI Dragon,,ATX Mid Tower,ATX,White / Silver,,False,Tempered Glass,,2,False
Lian Li ALPHA 550X,,ATX Mid Tower,ATX,Black,,False,Tempered Glass,56.5,4,False
In Win A1,,Mini ITX Tower,Mini ITX,Black,600.0,True,Tempered Glass,20.4,0,False
In Win A1,,Mini ITX Tower,Mini ITX,White,600.0,True,Tempered Glass,20.4,0,False
Raidmax Zeta B04,,ATX Mid Tower,ATX,Black,,False,Tempered Glass,48.3,2,False
CiT F3,,MicroATX Mini Tower,Micro ATX,Black / Purple,,False,Acrylic,,2,False
Corsair SPEC-OMEGA RGB Newegg Edition,,ATX Mid Tower,ATX,Black / Multicolor,,False,Tempered Glass,,3,False
SHARKOON VG5,,ATX Mid Tower,ATX,Black / Red,,False,Acrylic,38.3,3,False
Xigmatek Hawthorn,,ATX Mid Tower,ATX,Black / Blue,,False,Acrylic,36.1,2,False
be quiet! Silent Base 801,,ATX Mid Tower,ATX,Black / Orange,,False,Tempered Glass,,5,False
Antec Dark Fleet DF500,,ATX Mid Tower,ATX,Black,,False,Tempered Glass,,2,False
Tecware Nexus,,ATX Mid Tower,ATX,Black / White,,False,Tempered Glass,,2,False
SAMA Proxima-RGB,,ATX Mid Tower,ATX,Black,,False,Tempered Glass,,2,False
Cooler Master MasterBox CM694 TG,,ATX Mid Tower,ATX,Black,,False,Tempered Glass,,6,False
Azza Apollo 430,,ATX Mid Tower,ATX,White,,False,Tempered Glass,41.3,4,False
BitFenix Nova Mesh TG 4ARGB,,ATX Mid Tower,ATX,White,,False,Tempered Glass,41.4,2,False
Thermaltake S500,,ATX Mid Tower,ATX,Black,,False,Tempered Glass,67.8,2,False
AvP Galaxy III,,ATX Mid Tower,ATX,Black / Blue,,False,Acrylic,39.4,6,False
Montech Flyer Black,,MicroATX Mid Tower,Micro ATX,Black,,False,Tempered Glass,,2,False
Cougar MG120,,MicroATX Mini Tower,Micro ATX,Black,,False,Solid,,2,False
Rosewill Tyrfing V2,,ATX Mid Tower,ATX,Black,,False,Acrylic,44.6,3,False
DIYPC Solo-T2-BK Black USB 3.0,,ATX Mid Tower,ATX,Black / Blue,,False,Solid,39.1,3,False
Cougar Blazer,,ATX Mid Tower,ATX,Black / Orange,,False,Tempered Glass,,3,False
Aerocool Aero One Mini Eclipse,,MicroATX Mini Tower,Micro ATX,White / Black,,False,Tempered Glass,,2,False
darkFlash DLX22,,ATX Mid Tower,ATX,White,,False,Tempered Glass,,2,False
SilentiumPC Armis AR7,,ATX Mid Tower,ATX,Black,,False,Tempered Glass,63.9,3,False
SilentiumPC Signum SG1X EVO TG ARGB,,ATX Mid Tower,ATX,Black,,False,Tempered Glass,,2,False
Montech X2 Mesh,,ATX Mid Tower,ATX,White,,False,Tempered Glass,32.3,2,False
Apevia Prodigy,,MicroATX Mini Tower,Micro ATX,White,,False,Tempered Glass,32.5,2,False
Aerocool Trinity Mini V1,,MicroATX Mini Tower,Micro ATX,Black,,False,Tempered Glass,28.1,2,False
Vetroo A03,,ATX Mid Tower,ATX,Pink / Black,,False,Tempered Glass,,2,False
Vetroo M01,,MicroATX Mid Tower,Micro ATX,Pink / Black,,False,Tempered Glass,36.6,2,False
DIYPC IDX6,,ATX Mid Tower,ATX,Black,,False,Tempered Glass,52.9,2,False
NZXT H510i Rivals,,ATX Mid Tower,ATX,Yellow / Black,,False,Tempered Glass,41.3,2,False
Cougar MX430 Air RGB,,ATX Mid Tower,ATX,White / Black,,False,Tempered Glass,37.6,2,False
GameMax Contac Turbo COC,,ATX Mid Tower,ATX,Black / Gray,,False,Tempered Glass,43.0,2,False
GameMax Contac Turbo COC,,ATX Mid Tower,ATX,Pink / White,,False,Tempered Glass,43.0,2,False
darkFlash DLC29,,ATX Mid Tower,ATX,White,,False,Solid,38.6,2,False
Antec DP505,,ATX Mid Tower,ATX,White,,False,Tempered Glass,51.9,2,False
Apevia Genesis Pro,,ATX Mid Tower,ATX,Pink,,False,Tempered Glass,35.7,3,False
Deepcool MACUBE 310P,,ATX Mid Tower,ATX,White,,False,Tempered Glass,45.2,2,False
Golden Field MAGE,,ATX Mid Tower,ATX,Green / Black,,False,Tempered Glass,47.6,2,False
Phanteks Evolv X,,ATX Mid Tower,ATX,White,,False,Tempered Glass,64.9,4,False
Cougar MX410-T,,ATX Mid Tower,ATX,Black,,False,Tempered Glass,36.3,2,False
Aerocool Delta,,ATX Mid Tower,ATX,Black,,False,Acrylic,30.3,2,False
Antec P7 NEO,,ATX Mid Tower,ATX,Black,,False,Solid,46.3,2,False
CiT Raider AIR,,ATX Mid Tower,ATX,Black,,False,Tempered Glass,35.3,2,False
Corsair iCUE 5000D RGB AIRFLOW iCUE Lighting Node PRO,,ATX Mid Tower,ATX,White,,False,Tempered Glass,66.2,2,False
Enermax StarryKnight SK30 RGB,,ATX Mid Tower,ATX,Black,,False,Tempered Glass,,2,False
Xigmatek Overtake,,ATX Full Tower,ATX,Black,,False,Tempered Glass,67.8,2,False
ADATA XPG VALOR MESH ARGB,,ATX Mid Tower,ATX,Black,,False,Tempered Glass,35.8,2,False
Jonsbo BO 100,,Mini ITX Desktop,Mini ITX,Silver,,False,Tempered Glass,15.7,1,False
DIYPC G3-ARGB,,ATX Mid Tower,ATX,Black,,False,Tempered Glass,43.3,2,False
GameMax Infinity Mini,,MicroATX Mini Tower,Micro ATX,Black,,False,Tempered Glass,36.7,1,False
GameMax Titan Silent,,ATX Full Tower,ATX,Black,,False,Solid,53.8,8,False
MSI MAG FORGE 100M Lite,,ATX Mid Tower,ATX,Black,,False,Tempered Glass,44.1,2,False
Mars Gaming MC9,,ATX Mid Tower,ATX,Black,,False,Tempered Glass,55.7,2,False
Jonsbo Jonsplus Z20,,MicroATX Desktop,Micro ATX,Orange / White,,False,Tempered Glass,25.3,1,False
YEYIAN Haizen 2500,,MicroATX Mid Tower,Micro ATX,White,,False,Tempered Glass,24.7,2,False
YEYIAN Vortex 1200,,ATX Mid Tower,ATX,Black / Red,,False,Tempered Glass,27.5,2,False
MSI MAG PANO M100L PZ,,MicroATX Mid Tower,Micro ATX,White,,False,Tempered Glass,41.9,1,False
DIYPC ARGB-Q3 V2,,MicroATX Mini Tower,Micro ATX,Pink,,False,Tempered Glass,38.6,2,False
Aerocool Zauron V2,,ATX Mid Tower,ATX,Black,,False,Tempered Glass,39.6,2,False
GameMax Spark Mini,,Mini ITX Desktop,Mini ITX,White,,False,Tempered Glass,15.1,1,False
Cooler Master Elite 600,,ATX Mid Tower,ATX,White,,False,Tempered Glass,52.0,2,False
RAIJINTEK STYX,1799.8,MicroATX Mini Tower,Micro ATX,Silver,,False,Solid,,3,True
Silverstone FARA 513,,ATX Mid Tower,ATX,Black,,False,Solid,44.6,2,False
Geometric Future M4 King Arthur,,ATX Mid Tower,ATX,White,,False,Tempered Glass,37.9,2,False
SHARKOON REV300,,ATX Full Tower,ATX,White,,False,Tempered Glass,65.6,4,False
Antec AX26 RGB ELITE,,ATX Mid Tower,ATX,,,False,Tempered Glass,32.2,2,False
Thermaltake S500 Tempered Glass Snow Edition,,ATX Mid Tower,ATX,White,,False,Tempered Glass,67.8,2,False
Antec AX67 ARGB,,ATX Mid Tower,ATX,,,False,Tempered Glass,36.4,2,False
Asus A23 PLUS,2580.0,MicroATX Mid Tower,Micro ATX,White,,False,Tempered Glass,47.4,2,True
RAIJINTEK Silenos Pro,4155.6,ATX Mid Tower,ATX,Black,,False,Tempered Glass,39.8,2,True
In Win 303C,,ATX Mid Tower,ATX,Black,,False,Tempered Glass,51.6,2,False
Fractal Design Define 7 Light,,ATX Mid Tower,ATX,Gray,,False,Tempered Glass,62.4,6,False
KOLINK Inspire K10 ARGB,,ATX Mid Tower,ATX,Black,,False,Tempered Glass,32.1,1,False
KOLINK Observatory Z,,ATX Mid Tower,ATX,Black,,False,Tempered Glass,56.4,2,False
Silverstone CS383,7599.8,ATX Full Tower,ATX,Black,,False,Solid,77.0,1,True
Thermaltake Versa C23 RGB,,ATX Mid Tower,ATX,Black,,False,Tempered Glass,,2,False
In Win 101C,,ATX Mid Tower,ATX,Blue,,False,Tempered Glass,,2,False
SHARKOON VS7,,ATX Mid Tower,ATX,Black,,False,Solid,47.0,2,False
BitFenix Prodigy M 2022,,MicroATX Mini Tower,Micro ATX,White / Black,,False,Tempered Glass,,2,False
Antec Dark Phantom DP31,,MicroATX Mid Tower,Micro ATX,Black,,False,Tempered Glass,31.9,2,False
Antec Dark Fleet DF-85,,ATX Full Tower,ATX,Black,,False,Acrylic,64.1,9,False
Antec ISK-100,,Mini ITX Tower,Mini ITX,Black / Silver,80.0,True,Solid,4.4,0,False
Antec P183,,ATX Mid Tower,ATX,Gray / Black,,False,Solid,53.8,6,False
Antec Six Hundred,,ATX Mid Tower,ATX,Black / Silver,,False,Acrylic,50.6,6,False
Antec Three Hundred Illusion,,ATX Mid Tower,ATX,Black,,False,Solid,43.5,6,False
Cooler Master Elite 360,,ATX Mini Tower,ATX,Black,350.0,True,Solid,23.2,1,False
Thermaltake Xaser VI,,ATX Full Tower,ATX,Silver / Black,,False,Solid,98.9,7,False
Thermaltake ArmorPlus,,ATX Full Tower,ATX,Black,,False,Acrylic,90.8,7,False
Antec Twelve Hundred V3,,ATX Full Tower,ATX,Black,,False,Acrylic,63.5,9,False
Lian Li PC-9F,,ATX Mid Tower,ATX,Black,,False,Solid,49.4,6,False
Lian Li PC-V354,,MicroATX Mini Tower,Micro ATX,Silver,,False,Solid,32.9,7,False
Apevia X-Dreamer3,,ATX Mid Tower,ATX,Pink,,False,Acrylic,37.1,6,False
Aerocool AeroEngine Plus,,ATX Mid Tower,ATX,Black,,False,Solid,38.0,5,False
In Win Dragon Rider,,ATX Full Tower,ATX,Black,,False,Solid,76.6,6,False
In Win IW-BP655.300TBL,,Mini ITX Desktop,Mini ITX,Black,300.0,True,Solid,8.1,0,False
Raidmax Smilodon ATX-612WB,,ATX Mid Tower,ATX,Black,,False,Acrylic,47.5,4,False
Rosewill Thor,,ATX Full Tower,ATX,Black,,False,Solid,74.8,6,False
Sunbeam AC-9B-HUVB,,ATX Mid Tower,ATX,Clear,,False,Solid,49.5,4,False
Antec P193 V3,,ATX Full Tower,ATX,Black,,False,Solid,65.5,6,False
NZXT Phantom,,ATX Full Tower,ATX,Black / Orange,,False,Solid,74.3,7,False
Azza Fusion 3000,,ATX Full Tower,ATX,Black,,False,Solid,100.9,2,False
Rosewill R5,,ATX Mid Tower,ATX,Black,,False,Solid,55.4,6,False
BitFenix Prodigy,,Mini ITX Tower,Mini ITX,White,,False,Solid,36.0,5,False
Xigmatek GIGAS,,MicroATX Desktop,Micro ATX,Silver,,False,Solid,35.2,6,False
NZXT Phantom 820,,ATX Full Tower,ATX,White,,False,Acrylic,92.8,6,False
Silverstone PS08B,,MicroATX Mid Tower,Micro ATX,Black,,False,Solid,23.7,4,False
Zalman Z5,,ATX Mid Tower,ATX,Black,,False,Solid,45.8,3,False
Thermaltake Soprano,,ATX Mid Tower,ATX,Black,,False,Solid,51.1,5,False
Silverstone SG02B-F-USB3.0,,MicroATX Desktop,Micro ATX,White,,False,Solid,22.4,2,False
In Win K1 BASIC,,MicroATX Mini Tower,Micro ATX,Black,120.0,True,Solid,4.7,0,False
Xion XON-710P,,MicroATX Slim,Micro ATX,Black,300.0,True,Solid,9.5,1,False
Thermaltake VP300A5W2N,,ATX Mid Tower,ATX,Blue,,False,Acrylic,52.7,6,False
NZXT H230,,ATX Mid Tower,ATX,White,,False,Solid,43.7,6,False
Cooler Master N500,,ATX Mid Tower,ATX,Black,,False,Solid,44.1,4,False
Aerocool Strike-X Air,,ATX Test Bench,ATX,Black / Red,,False,Solid,,3,False
Cooltek Antiphon,,ATX Mid Tower,ATX,Black,,False,Solid,,4,False
Aerocool DS Cube,,MicroATX Mini Tower,Micro ATX,Black,,False,Acrylic,41.5,2,False
Antec P183 V3 + 850,,ATX Mid Tower,ATX,Black,850.0,True,Solid,53.2,6,False
Silverstone RV01B-W-USB3.0,,ATX Full Tower,ATX,Black,,False,Acrylic,113.1,6,False
LC-Power PRO-923B,,ATX Mid Tower,ATX,Black,,False,Solid,,4,False
nMEDIAPC HTPC 1800B,,HTPC,Mini ITX,Black,,False,Solid,5.8,0,False
Thermaltake Versa H22,,ATX Mid Tower,ATX,Black,,False,Acrylic,42.8,0,False
Fractal Design Core 3300,,ATX Mid Tower,ATX,Black,,False,Solid,54.3,3,False
Fractal Design Core 3500,,ATX Mid Tower,ATX,Black,,False,Solid,56.0,4,False
Parvum Systems S2.0,,MicroATX Mini Tower,Micro ATX,White / Purple,,False,Acrylic,,2,False
Apex TX-388,,MicroATX Mid Tower,Micro ATX,Black,300.0,True,Solid,25.8,4,False
Nanoxia Deep Silence 3,,ATX Mid Tower,ATX,Black,,False,Solid,,5,False
SHARKOON T9 Value,,MicroATX Mid Tower,Micro ATX,Black / Green,,False,Acrylic,,0,False
Corsair Graphite Series 380T,,Mini ITX Tower,Mini ITX,Black / White,,False,Solid,41.0,2,False
BitFenix Pandora,,MicroATX Mid Tower,Micro ATX,Black,,False,Solid,31.2,2,False
DIYPC Gamemax,,ATX Full Tower,ATX,White,,False,Acrylic,61.7,4,False
BitFenix Aegis Core,,MicroATX Mid Tower,Micro ATX,White,,False,Acrylic,46.2,4,False
Raidmax Horus,,ATX Mid Tower,ATX,Black,,False,Acrylic,,3,False
Silverstone PS11B,,ATX Mid Tower,ATX,Black,,False,Acrylic,,3,False
Apevia X-QPack3,,MicroATX Mini Tower,Micro ATX,White,,False,Acrylic,,2,False
VIVO CASE-V01,,ATX Mid Tower,ATX,Black / Blue,,False,Solid,,3,False
DIYPC Ranger-R8,,ATX Mid Tower,ATX,Black / Green,,False,Acrylic,41.6,4,False
Phanteks Eclipse P400S,,ATX Mid Tower,ATX,White,,False,Tinted Acrylic,45.9,2,False
SHARKOON BW9000,,ATX Mid Tower,ATX,Black,,False,Acrylic,,5,False
Zodiac Aries A-100,,MicroATX Mid Tower,Micro ATX,Black,,False,Solid,,1,False
Antec NSK3100,,MicroATX Mini Tower,Micro ATX,Black,,False,Solid,,2,False
Zalman T2 Plus,,MicroATX Mini Tower,Micro ATX,Black,,False,Acrylic,,2,False
Cooler Master Silencio 452,,ATX Mid Tower,ATX,Black,,False,Solid,,6,False
VIVO CASE-V06,,MicroATX Mid Tower,Micro ATX,Black,,False,Acrylic,,2,False
Silverstone PM01,,ATX Mid Tower,ATX,White / Blue,,False,Acrylic,70.3,4,False
Anidees Crystal,,ATX Mid Tower,ATX,Black,,False,Tempered Glass,,3,False
Jonsbo UMX4 Zone,,ATX Mid Tower,ATX,Silver,,False,Solid,38.0,2,False
DIYPC DIY-G5,,ATX Mid Tower,ATX,Black / Red,,False,Tempered Glass,43.2,2,False
Cooler Master MasterCase 5,,ATX Mid Tower,ATX,Black,,False,Acrylic,,2,False
Thermaltake Core P5 TG,,ATX Mid Tower,ATX,Black / Silver,,False,Tinted Tempered Glass,115.4,3,False
Thermaltake Core P3,,ATX Mid Tower,ATX,Red,,False,Acrylic,80.1,2,False
Lian Li PC-O10,,ATX Mid Tower,ATX,Black,,False,Tempered Glass,44.9,4,False
Phanteks Eclipse P400S,,ATX Mid Tower,ATX,Gray,,False,Tinted Tempered Glass,45.9,2,False
Silverstone RL06,,ATX Mid Tower,ATX,White / Black,,False,Acrylic,43.4,3,False
Azza Photios 250,,ATX Mid Tower,ATX,Black,,False,Tempered Glass,,3,False
Corsair Carbide Series SPEC-ALPHA,,ATX Mid Tower,ATX,White / Blue,,False,Acrylic,,3,False
SHARKOON DG7000-G,,ATX Mid Tower,ATX,Black / Red,,False,Tempered Glass,,3,False
mean:it 5PM,,ATX Mid Tower,ATX,Black / Red,,False,Tempered Glass,51.5,3,False
Cooltek JB C2,,MicroATX Mini Tower,Micro ATX,Silver,,False,Solid,12.1,1,False
BitFenix Nova TG,,ATX Mid Tower,ATX,Black / Red,,False,Tempered Glass,40.8,3,False
BitFenix Nova TG,,ATX Mid Tower,ATX,White,,False,Tempered Glass,40.8,3,False
EVGA DG-84,,ATX Full Tower,ATX,Black,,False,Solid,119.1,2,False
Rosewill SCM-01,,MicroATX Mini Tower,Micro ATX,Black,,False,Solid,,3,False
Thermaltake Versa N27,,ATX Mid Tower,ATX,Black,,False,Acrylic,,4,False
Thermaltake View 22,,ATX Mid Tower,ATX,Black,,False,Acrylic,51.1,2,False
Azza Thor 320,,ATX Mid Tower,ATX,Black,,False,Tempered Glass,51.3,2,False
Cooler Master MasterBox E300L,,MicroATX Mini Tower,Micro ATX,Black / Silver,,False,Solid,,2,False
SHARKOON VG5,,ATX Mid Tower,ATX,Black / Blue,,False,Acrylic,38.3,3,False
Lian Li LANCOOL ONE,,ATX Mid Tower,ATX,Black,,False,Tempered Glass,46.7,2,False
Thermaltake Level 20 GT,,ATX Full Tower,ATX,Black / Silver,,False,Tempered Glass,100.9,7,False
Cooler Master MasterBox MB510L,,ATX Mid Tower,ATX,Black,,False,Acrylic,,2,False
be quiet! Silent Base 601,,ATX Mid Tower,ATX,Black / Silver,,False,Solid,,3,False
darkFlash T20,,ATX Mid Tower,ATX,Black,,False,Tempered Glass,,2,False
Deepcool MATREXX 55 ADD-RGB,,ATX Mid Tower,ATX,Black,,False,Tempered Glass,,2,False
Tecware Nexus,,ATX Mid Tower,ATX,White,,False,Tempered Glass,,2,False
Deepcool MATREXX 55 ADD-RGB WH,,ATX Mid Tower,ATX,White / Black,,False,Tempered Glass,,2,False
In Win D-Frame 2.0,,ATX Full Tower,ATX,White / Blue,1065.0,True,Tempered Glass,,4,False
Rosewill FBM-06,,MicroATX Mini Tower,Micro ATX,Black,,False,Solid,23.7,2,False
NZXT H500 Vault Boy,,ATX Mid Tower,ATX,Blue / Yellow,,False,Tempered Glass,41.3,3,False
Lian Li LANCOOL ONE Digital,,ATX Mid Tower,ATX,White / Silver,,False,Tempered Glass,46.7,2,False
SaharaGaming P75,,ATX Full Tower,ATX,,,False,Tempered Glass,,2,False
Cougar Gemini T,,ATX Mid Tower,ATX,Black,,False,Tempered Glass,64.0,2,False
ABKONCORE Cronos 350M,,MicroATX Mini Tower,Micro ATX,Black,,False,Tempered Glass,,2,False
GameMax Draco,,ATX Mid Tower,ATX,Black,,False,Tempered Glass,45.0,3,False
GameMax Ghost,,ATX Mid Tower,ATX,Black,,False,Solid,38.1,1,False
GameMax Kamikaze PRO,,MicroATX Mini Tower,Micro ATX,Black,,False,Tempered Glass,39.6,2,False
GameMax Polaris,,ATX Mid Tower,ATX,Black,,False,Tempered Glass,44.0,3,False
Aerocool Bolt,,ATX Mid Tower,ATX,,,False,Tempered Glass,35.3,2,False
Silverstone SST-PS15B,,MicroATX Mid Tower,Micro ATX,Black,,False,Solid,25.7,1,False
Rosewill Zircon T,,ATX Mid Tower,ATX,Black,,False,Acrylic,44.6,3,False
Antec P82 Flow,,ATX Mid Tower,ATX,Black,,False,Tempered Glass,,2,False
SilentiumPC Regnum RG4T,,ATX Mid Tower,ATX,White / Black,,False,Tempered Glass,46.8,3,False
Rosewill Prism T,,ATX Mid Tower,ATX,Black,,False,Tempered Glass,58.2,2,False
Cougar MX410 Mesh,,ATX Mid Tower,ATX,Black / Black,,False,Solid,36.3,2,False
Cooler Master MasterCase H100 ARGB,,Mini ITX Desktop,Mini ITX,Black,,False,Solid,,1,False
Cooler Master CMP 501,,ATX Mid Tower,ATX,Black,,False,Acrylic,,2,False
Segotep Argus,,ATX Mid Tower,ATX,Black,,False,Tempered Glass,,2,False
darkFlash DLX22,,ATX Mid Tower,ATX,Black,,False,Tempered Glass,,2,False
SHARKOON M25 Silent PCGH Edition,,ATX Mid Tower,ATX,Black,,False,Solid,,3,False
Apevia Matrix,,ATX Mid Tower,ATX,White,,False,Tempered Glass,37.8,3,False
Cougar Gemini T Pro,,ATX Mid Tower,ATX,Black,,False,Tempered Glass,64.0,2,False
SilentiumPC Signum SG7V TG,,ATX Mid Tower,ATX,Black,,False,Solid,,3,False
HYTE REVOLT 3 EU,,Mini ITX Tower,Mini ITX,Black,700.0,True,Mesh,18.4,1,False
GAMDIAS MARS E1,,ATX Mid Tower,ATX,Black,,False,Tempered Glass,,2,False
GAMDIAS TALOS M1,,ATX Mid Tower,ATX,Black,,False,Tempered Glass,,2,False
MOROVOL TW7-S2-WT,,MicroATX Mid Tower,Micro ATX,White / Black,,False,Tempered Glass,27.1,2,False
Vetroo M01,,MicroATX Mid Tower,Micro ATX,Black,,False,Tempered Glass,36.6,2,False
Vetroo MESH6,,ATX Mid Tower,ATX,Black,,False,Tempered Glass,51.0,2,False
Deepcool MACUBE 310P,,ATX Mid Tower,ATX,Black,,False,Tempered Glass,45.2,2,False
MSI Creator 400M,,ATX Mid Tower,ATX,Black,,False,Tempered Glass,65.4,2,False
Azza Thor 320DH,,ATX Mid Tower,ATX,Black,,False,Tempered Glass,51.3,2,False
Aerocool Falcon V1,,ATX Mid Tower,ATX,Black,,False,Acrylic,33.6,1,False
NZXT H510 Siege,,ATX Mid Tower,ATX,Red / Black,,False,Tempered Glass,41.3,2,False
MSI MEG PROSPECT 700RL,,ATX Mid Tower,ATX,Black,,False,Tempered Glass,80.7,2,False
Cougar DarkBlader X7,,ATX Mid Tower,ATX,Black / Green,,False,Tempered Glass,50.0,2,False
RAIJINTEK OPHION ELITE TITAN,,Mini ITX Tower,Mini ITX,Black,,False,Mesh,24.9,3,False
CiT Blade ARGB,,ATX Mid Tower,ATX,Black,,False,Tempered Glass,38.9,2,False
GameMax Typhoon COC,,ATX Mid Tower,ATX,Black,,False,Tempered Glass,40.7,2,False
Noua Mesh M9,,ATX Mid Tower,ATX,Black,,False,Mesh,38.6,2,False
GameMax Commando TG,,MicroATX Mid Tower,Micro ATX,,,False,Tempered Glass,31.9,2,False
Thermaltake Versa T27 TG ARGB,,ATX Mid Tower,ATX,Black,,False,Tempered Glass,50.7,2,False
Jonsbo TB01,,ATX Test Bench,ATX,Black,,False,Solid,50.5,4,False
GameMax Master M905,,ATX Full Tower,ATX,Black,,False,Acrylic,53.8,8,False
DIYPC ARGB-Q01,,MicroATX Mini Tower,Micro ATX,White,,False,Tempered Glass,40.0,2,False
Azza Mesa,,ATX Desktop,ATX,Silver / Black,,False,Tempered Glass,130.2,2,False
KOLINK Inspire X2,,ATX Mid Tower,ATX,Black,,False,Tempered Glass,30.1,2,False
KOLINK Observatory Lite Mesh ARGB,,ATX Mid Tower,ATX,White / Black,,False,Tempered Glass,33.4,2,False
Aerocool Menace Saturn FRGB,2900.0,ATX Mid Tower,ATX,Black,,False,Tempered Glass,36.7,2,True
Antec Draco 10,,MicroATX Mini Tower,Micro ATX,Black,,False,Tempered Glass,40.0,2,False
DIYPC Rainbow-Flash-S1,,ATX Mid Tower,ATX,Pink,,False,Tempered Glass,39.2,2,False
Cougar Uniface,,ATX Mid Tower,ATX,White,,False,Tempered Glass,53.9,2,False
SHARKOON Skiller SGC1 Window,,ATX Mid Tower,ATX,Blue,,False,Acrylic,47.5,2,False
Axiom Nova C013,,ATX Mid Tower,ATX,Black,,False,Tempered Glass,38.5,1,False
Asus Prime AP202,,MicroATX Mid Tower,Micro ATX,White,,False,Tempered Glass,47.9,2,False
In Win EFS712,2199.79,MicroATX Mini Tower,Micro ATX,Black,,False,Solid,25.5,3,True
BitFenix Tracery,,ATX Mid Tower,ATX,White,,False,Tempered Glass,52.8,4,False
Mars Gaming MC-LCD,,MicroATX Mini Tower,Micro ATX,White,,False,Tempered Glass,33.2,1,False
GameMax Destroyer Mesh,,MicroATX Mini Tower,Micro ATX,Black,,False,Tempered Glass,43.6,2,False
CiT Home RGB,,MicroATX Mid Tower,Micro ATX,Black,,False,Solid,,3,False
Thermaltake SD101,,Mini ITX Tower,Mini ITX,Black,180.0,True,Acrylic,8.2,1,False
Geometric Future Model 2 The ARK,,MicroATX Mini Tower,Micro ATX,White,,False,Mesh,40.7,1,False
GameMax Silent Hill,,MicroATX Mini Tower,Micro ATX,Black,,False,Solid,25.0,2,False
Xigmatek Octans,,Mini ITX Desktop,Mini ITX,Black,,False,Solid,,2,False
RIOTORO CR400,,ATX Mid Tower,ATX,Black,,False,Acrylic,43.0,2,False
Geometric Future Model 8,3037.6,ATX Mid Tower,ATX,Black / White,,False,Tinted Tempered Glass,57.5,3,True
MagniumGear NEO,,ATX Mid Tower,ATX,Black,,False,Tempered Glass,37.8,2,False
KOLINK Unity Adapt ARGB,,ATX Mid Tower,ATX,Black,,False,Tempered Glass,51.3,2,False
Streacom DA6 XL,,Mini ITX Test Bench,Mini ITX,Silver,,False,Solid,21.5,4,False
Antec ISK 310-150,,Mini ITX Desktop,Mini ITX,Black / Silver,150.0,True,Solid,6.9,0,False
Foxconn TS-689 (H+A)+ISO-450,,ATX Mid Tower,ATX,Black / Silver,350.0,True,Solid,36.4,2,False
Silverstone SG04B-F,3110.2,MicroATX Mini Tower,Micro ATX,Black,,False,Solid,24.7,2,True
Silverstone PS13,,ATX Mid Tower,ATX,Black,,False,Acrylic,,3,False
Antec NX1000,,ATX Mid Tower,ATX,Black,,False,Tempered Glass,57.6,2,False
Noua Smash S1,,ATX Mid Tower,ATX,Black,,False,Tempered Glass,32.5,2,False
Jonsbo D32 STD MESH,,MicroATX Desktop,Micro ATX,,,False,Tempered Glass,25.7,1,False
Thermaltake View 27,,ATX Mid Tower,ATX,White / Black,,False,Acrylic,,2,False
Cougar Gemini S,,ATX Mid Tower,ATX,Silver / Black,,False,Tempered Glass,,2,False
Deco Gear DGPCS01,,ATX Mid Tower,ATX,Black,,False,Tempered Glass,,2,False
darkFlash DLH21,,Mini ITX Tower,Mini ITX,White,,False,Solid,17.2,1,False
Antec NX420,,ATX Mid Tower,ATX,Black,,False,Tempered Glass,42.6,2,False
Cooler Master MasterBox MB400L,,MicroATX Mini Tower,Micro ATX,Black,,False,Solid,35.4,2,False
BitFenix Garen,,ATX Mid Tower,ATX,Black,,False,Tempered Glass,42.3,2,False
Jonsbo U4 Pro MESH,,ATX Mid Tower,ATX,White,,False,Mesh,34.5,1,False
Antec ISK 300-150,,Mini ITX Desktop,Mini ITX,Black,150.0,True,Solid,6.9,0,False
Cooler Master Elite 310,,ATX Mid Tower,ATX,Black / Silver,,False,Acrylic,39.1,6,False
Cooler Master Elite 370,,ATX Mid Tower,ATX,Black,,False,Solid,38.7,5,False
Thermaltake Element G,,ATX Mid Tower,ATX,Black,850.0,True,Solid,57.5,7,False
Thermaltake Dokker,,ATX Mid Tower,ATX,Black,,False,Acrylic,45.5,5,False
NZXT Gamma Classic,,ATX Mid Tower,ATX,Black,,False,Solid,43.1,7,False
Lian Li PC-K62,,ATX Mid Tower,ATX,Black,,False,Acrylic,52.9,4,False
Antec One Hundred,,ATX Mid Tower,ATX,Black,,False,Solid,45.2,6,False
Cooler Master ATCS 840,,ATX Full Tower,ATX,Black,,False,Solid,88.5,6,False
Lian Li PC-T60,,ATX Test Bench,ATX,Black,,False,Solid,45.6,3,False
Lian Li PC-C36B,,HTPC,Mini ITX,Black,300.0,True,Solid,15.3,2,False
Lian Li PC-C34F,,HTPC,Mini ITX,Black,,False,Solid,30.7,4,False
Lian Li PC-V354,,MicroATX Mini Tower,Micro ATX,Black,,False,Solid,32.9,7,False
Apevia X-Discovery,,ATX Mid Tower,ATX,Black,,False,Acrylic,41.2,4,False
NZXT Guardian 921 RB,,ATX Mid Tower,ATX,Black,,False,Acrylic,,4,False
Broadway Com Corp 1244MA,,ATX Mini Tower,ATX,Black,500.0,True,Solid,20.8,2,False
Apex MJ-16,,MicroATX Mini Tower,Micro ATX,Black,250.0,True,Solid,16.9,3,False
Athenatech A100SC.200,,MicroATX Desktop,Micro ATX,Black / Silver,200.0,True,Solid,18.4,2,False
Athenatech A6605BS.450,,ATX Mini Tower,ATX,Black / Silver,450.0,True,Solid,33.3,2,False
In Win BL647.300TBL,,MicroATX Slim,Micro ATX,Black,300.0,True,Solid,11.6,2,False
Raidmax Iceberg,,ATX Mid Tower,ATX,Black,,False,Acrylic,55.2,4,False
Silverstone FT02B,,ATX Mid Tower,ATX,Black,,False,Acrylic,64.8,5,False
Silverstone TJ07-BW,,ATX Full Tower,ATX,Black,,False,Acrylic,69.2,6,False
Silverstone LC13B-E,,HTPC,Mini ITX,Black,,False,Solid,32.4,4,False
Silverstone SG05BB-450,,Mini ITX Desktop,Mini ITX,Black,450.0,True,Solid,10.7,1,False
Dynapower EN-7255,,MicroATX Mid Tower,Micro ATX,White,,False,Solid,38.7,2,False
NZXT H2,,ATX Mid Tower,ATX,White,,False,Solid,51.8,8,False
Corsair Graphite Series 600T Mesh,,ATX Mid Tower,ATX,Black,,False,Acrylic,79.3,6,False
nMEDIAPC HTPC 6000B,,HTPC,Mini ITX,Black,,False,Solid,29.9,5,False
Sentey DS1-4246,,ATX Mid Tower,ATX,Black,600.0,True,Solid,36.0,4,False
BitFenix Shinobi,,ATX Mid Tower,ATX,Black,,False,Solid,45.8,7,False
Antec Solo II,,ATX Mid Tower,ATX,Black,,False,Solid,42.2,3,False
Antec P180,,ATX Mid Tower,ATX,White / Black,,False,Solid,56.0,6,False
NZXT Tempest 210,,ATX Mid Tower,ATX,Black,,False,Solid,43.6,8,False
Xigmatek Asgard Pro,,ATX Mid Tower,ATX,Black,,False,Solid,41.5,7,False
BitFenix Shinobi XL Window,,ATX Full Tower,ATX,White,,False,Acrylic,77.6,7,False
Fractal Design Define R4,,ATX Mid Tower,ATX,White,,False,Acrylic,56.0,8,False
MSI Ravager,,ATX Mid Tower,ATX,Black,,False,Solid,40.3,6,False
Silverstone SG05B-USB3.0,,Mini ITX Desktop,Mini ITX,Black,300.0,True,Solid,10.7,1,False
Silverstone FT03-MINI,,Mini ITX Tower,Mini ITX,Black,,False,Solid,17.5,1,False
Lian Li PC-Q03,,Mini ITX Tower,Mini ITX,Black,,False,Solid,10.2,1,False
In Win GR One,,ATX Full Tower,ATX,White / Black,,False,Acrylic,81.0,8,False
Lian Li PC-A76,,ATX Full Tower,ATX,Black,,False,Solid,75.5,12,False
Rosewill ARMOR-EVO,,ATX Mid Tower,ATX,Black,,False,Solid,58.3,7,False
Thermaltake Chaser A31,,ATX Mid Tower,ATX,Black,,False,Acrylic,52.7,6,False
Silverstone SG05-LITE,,Mini ITX Desktop,Mini ITX,White,,False,Solid,10.7,1,False
Thermaltake Urban S71,,ATX Full Tower,ATX,Black,,False,Acrylic,66.3,5,False
Silverstone SG10B,,MicroATX Mini Tower,Micro ATX,Black,,False,Solid,,2,False
In Win C583T.CQ350TB3L,,ATX Mid Tower,ATX,Black,350.0,True,Solid,35.0,3,False
In Win GT1,,ATX Mid Tower,ATX,Black,,False,Acrylic,48.8,6,False
Silverstone LC16BM-USB3.0,,HTPC,Mini ITX,Black,,False,Solid,,6,False
Xion XON-720P,,MicroATX Slim,Micro ATX,Red / Black,300.0,True,Solid,10.4,1,False
Apevia X-Dreamer4,,ATX Mid Tower,ATX,Black,,False,Acrylic,43.1,4,False
Thermaltake Chaser A31 Thunder Edition,,ATX Mid Tower,ATX,White,,False,Acrylic,63.4,5,False
Rosewill PATRIOT,,ATX Mid Tower,ATX,Black,,False,Acrylic,51.7,6,False
Xigmatek Aeos,,MicroATX Mid Tower,Micro ATX,Black,,False,Solid,,2,False
DIYPC V3Plus,,Mini ITX Tower,Mini ITX,Red,,False,Solid,10.5,1,False
Cubitek HPTX ICE,,ATX Full Tower,ATX,Black,,False,Solid,,8,False
Thermaltake Urban S71,,ATX Full Tower,ATX,Black,,False,Solid,66.3,5,False
Logisys CS369BK,,ATX Mid Tower,ATX,Black,480.0,True,Solid,,4,False
Rosewill Legacy U3-S,,MicroATX Mini Tower,Micro ATX,Silver,,False,Solid,20.1,2,False
Rosewill Legacy V3 Plus-B,,Mini ITX Tower,Mini ITX,Black,,False,Solid,10.0,1,False
Corsair Graphite Series 730T,,ATX Full Tower,ATX,Black,,False,Acrylic,78.7,6,False
Lian Li PC-A51,,ATX Mini Tower,ATX,Black,,False,Solid,,5,False
Cougar MX300,,ATX Mid Tower,ATX,Black,,False,Acrylic,42.9,3,False
BitFenix Neos,,ATX Mid Tower,ATX,Black / Blue,,False,Solid,37.0,3,False
Thermaltake Commander G42,,ATX Mid Tower,ATX,Black,,False,Acrylic,58.2,6,False
Xigmatek Nebula,,Mini ITX Tower,Mini ITX,Black,,False,Solid,22.3,2,False
Deepcool STEAM CASTLE,,MicroATX Mid Tower,Micro ATX,Black,,False,Acrylic,47.1,3,False
SHARKOON T9 Value,,MicroATX Mid Tower,Micro ATX,Black / White,,False,Acrylic,,0,False
BitFenix Comrade,,ATX Mid Tower,ATX,Black,,False,Acrylic,37.0,3,False
Silverstone RV05B-W,,ATX Mid Tower,ATX,Black,,False,Acrylic,63.8,2,False
Thermaltake Versa H25,,ATX Mid Tower,ATX,Black,,False,Acrylic,42.6,3,False
Nanoxia Deep Silence 5,,ATX Full Tower,ATX,Black / Gray,,False,Solid,,11,False
DIYPC Ranger-R4,,ATX Mid Tower,ATX,Black / Red,,False,Acrylic,41.6,4,False
Xigmatek Spirit M,,MicroATX Mini Tower,Micro ATX,Black,,False,Acrylic,,2,False
Lian Li PC-Q33,,Mini ITX Tower,Mini ITX,Black,,False,Acrylic,18.1,2,False
DIYPC Cuboid,,MicroATX Mini Tower,Micro ATX,Black / Green,,False,Acrylic,,3,False
Cooler Master N300,,ATX Mid Tower,ATX,Black,,False,Acrylic,39.5,7,False
Thermaltake Suppressor F51,,ATX Mid Tower,ATX,Black,,False,Solid,69.7,6,False
Lian Li PC-O8X,,ATX Mid Tower,ATX,Black,,False,Tempered Glass,,6,False
Aerocool Aero-1000,,ATX Mid Tower,ATX,Black,,False,Acrylic,,5,False
Aerocool Aero-1000,,ATX Mid Tower,ATX,White,,False,Acrylic,,5,False
In Win 805,,ATX Mid Tower,ATX,Black / Gold,,False,Tempered Glass,,2,False
Phanteks Enthoo EVOLV ITX,,Mini ITX Tower,Mini ITX,Black / White,,False,Acrylic,,2,False
Corsair Carbide Series SPEC-03,,ATX Mid Tower,ATX,Black / Blue,,False,Acrylic,36.1,3,False
DIYPC Alnitak,,ATX Mid Tower,ATX,Black / Blue,,False,Acrylic,,4,False
RAIJINTEK STYX,,MicroATX Mini Tower,Micro ATX,Green,,False,Acrylic,,3,False
Corsair Carbide Series SPEC-M2,,MicroATX Mid Tower,Micro ATX,Black,,False,Acrylic,,2,False
CiT Spectre,,ATX Mid Tower,ATX,Black,,False,Acrylic,,4,False
Rosewill FBM-05,,MicroATX Mini Tower,Micro ATX,Black,,False,Solid,,2,False
Phanteks Eclipse P400,,ATX Mid Tower,ATX,Gray,,False,Tinted Acrylic,45.9,2,False
BitFenix Nova,,ATX Mid Tower,ATX,Black,,False,Acrylic,,4,False
DIYPC J180,,ATX Mid Tower,ATX,White,,False,Acrylic,,2,False
Zalman R1,,ATX Mid Tower,ATX,White / Gold,,False,Acrylic,,4,False
Antec Super Lanboy,,ATX Mid Tower,ATX,Silver,,False,Acrylic,,4,False
DIYPC J180,,ATX Mid Tower,ATX,Black,,False,Acrylic,,2,False
Cougar MX200,,ATX Mid Tower,ATX,Black,,False,Solid,,6,False
MS-Tech X3 Crow,,ATX Full Tower,ATX,Black / Red,,False,Acrylic,59.5,4,False
NOX Coolbay SX,,ATX Mid Tower,ATX,Black / Blue,,False,Solid,37.9,4,False
Silverstone RL05,,ATX Mid Tower,ATX,Black / Red,,False,Acrylic,43.9,2,False
Phanteks Enthoo Luxe TG,,ATX Full Tower,ATX,Gray,,False,Tinted Tempered Glass,72.4,6,False
Lian Li PC-Q37,,Mini ITX Tower,Mini ITX,Black,,False,Tempered Glass,28.3,2,False
Cooler Master MasterCase Pro 6,,ATX Mid Tower,ATX,Black / Blue,,False,Acrylic,70.1,5,False
Silverstone PM01,,ATX Mid Tower,ATX,White,,False,Acrylic,70.3,4,False
Phanteks Enthoo Elite,,ATX Full Tower,ATX,Gray,,False,Tinted Tempered Glass,124.5,6,False
DIYPC MA01,,MicroATX Mini Tower,Micro ATX,Black / Red,,False,Solid,20.5,1,False
Anidees AI Crystal Cube Lite,,ATX Desktop,ATX,Black,,False,Tempered Glass,50.5,3,False
DIYPC DIY-BG01,,ATX Mid Tower,ATX,Black,,False,Acrylic,,2,False
NZXT S340 Elite,,ATX Mid Tower,ATX,Black / Blue,,False,Tempered Glass,41.6,2,False
Azza Titan 240,,ATX Mid Tower,ATX,Black,,False,Tempered Glass,,3,False
Anidees AI Crystal Cube,,ATX Mid Tower,ATX,White / Black,,False,Tempered Glass,50.5,3,False
Azza Storm 6000B,,ATX Full Tower,ATX,Black,,False,Tempered Glass,63.6,4,False
Cooler Master Elite 342,,MicroATX Mini Tower,Micro ATX,Black,,False,Solid,27.9,5,False
Cooler Master Elite 343,,MicroATX Mini Tower,Micro ATX,Black,420.0,True,Solid,29.1,5,False
EVGA DG-85,,ATX Full Tower,ATX,Black,,False,Acrylic,119.1,2,False
Antec Cube,,Mini ITX Tower,Mini ITX,Black / Green,,False,Acrylic,42.0,1,False
Cooler Master MB600L,,ATX Mid Tower,ATX,Black / Silver,,False,Acrylic,,2,False
EVGA DG-77,,ATX Mid Tower,ATX,White / Black,,False,Tempered Glass,,2,False
SAMA Maxcool-W-15,,MicroATX Mid Tower,Micro ATX,Black / Red,,False,Acrylic,,3,False
GamerChief HYVE,,ATX Full Tower,ATX,White / Black,,False,Acrylic,,4,False
NZXT H200,,Mini ITX Tower,Mini ITX,Black / Red,,False,Tempered Glass,27.3,1,False
RAIJINTEK PAEAN,,ATX Mid Tower,ATX,Black,,False,Tempered Glass,,3,False
Cooler Master MasterBox MB511,,ATX Mid Tower,ATX,Black,,False,Acrylic,,2,False
Phanteks Enthoo Pro M TG,,ATX Mid Tower,ATX,Green / Black,,False,Tinted Tempered Glass,56.4,2,False
RAIJINTEK COEUS ELITE TC,,MicroATX Mini Tower,Micro ATX,Black,,False,Tempered Glass,50.5,0,False
Zalman Z9 NEO Plus,,ATX Mid Tower,ATX,White / Black,,False,Acrylic,,2,False
Xigmatek Frontliner,,ATX Mid Tower,ATX,Black,,False,Acrylic,45.1,2,False
Thermaltake Versa J25,,ATX Mid Tower,ATX,Black,,False,Tempered Glass,,3,False
Fractal Design Define S2,,ATX Mid Tower,ATX,Silver,,False,Tinted Tempered Glass,58.8,3,False
Fractal Design Define S2,,ATX Mid Tower,ATX,White,,False,Tempered Glass,58.8,3,False
In Win 915,,ATX Full Tower,ATX,Silver,,False,Tempered Glass,,4,False
Aerocool Quartz RGB,,ATX Mid Tower,ATX,Black,,False,Tempered Glass,38.3,2,False
DIYPC Rainbow-Flash-R1,,ATX Mid Tower,ATX,Black,,False,Tempered Glass,,2,False
Cougar GEMINI X,,ATX Full Tower,ATX,Black,,False,Tempered Glass,,4,False
Cougar MX330-X-STE500,,ATX Mid Tower,ATX,Black,500.0,True,Solid,39.4,2,False
Raidmax Magnus,,ATX Mid Tower,ATX,Black,,False,Tempered Glass,85.7,2,False
Rosewill PRISM S LITE,,ATX Mid Tower,ATX,White / Black,,False,Tempered Glass,46.9,3,False
GameMax Aurora,,ATX Mid Tower,ATX,Black,,False,Tempered Glass,50.0,2,False
GameMax Cobalt,,ATX Mid Tower,ATX,Black,,False,Tempered Glass,52.3,2,False
GameMax Crusader,,ATX Mid Tower,ATX,Black,,False,Tempered Glass,34.8,3,False
GameMax Expedition,,MicroATX Mini Tower,Micro ATX,Red,,False,Acrylic,29.4,2,False
Aerocool Quartz REVO,,ATX Mid Tower,ATX,Black,,False,Tempered Glass,38.3,2,False
DIYPC DIY-A1-W,,ATX Mid Tower,ATX,White / Black,,False,Tempered Glass,,2,False
Antec Dark Phantom DP501,,ATX Mid Tower,ATX,White,,False,Tempered Glass,64.0,2,False
Deepcool Gamer Storm MACUBE 550,,ATX Mid Tower,ATX,White,,False,Tempered Glass,65.9,4,False
Maingear Vybe Mk. V,,ATX Mid Tower,ATX,White / Black,,False,Tempered Glass,38.4,2,False
Montech Air 900 ARGB,,ATX Mid Tower,ATX,White,,False,Tempered Glass,44.0,2,False
Rosewill Zircon M,,ATX Mid Tower,ATX,Black,,False,Tempered Glass,49.2,2,False
NZXT H510 Alliance,,ATX Mid Tower,ATX,Blue,,False,Tempered Glass,41.3,2,False
In Win 925,,ATX Full Tower,ATX,Black,,False,Tempered Glass,,4,False
Fractal Design Era ITX,,Mini ITX Desktop,Mini ITX,Gold / Black,,False,Tinted Tempered Glass,16.7,1,False
KOLINK BALANCE ARGB,,ATX Mid Tower,ATX,Black,,False,Tempered Glass,,2,False
Thermaltake Core P3 TG Curved,,ATX Mid Tower,ATX,Black,,False,Tempered Glass,80.1,2,False
SilentiumPC Regnum RG4T RGB,,ATX Mid Tower,ATX,White / Black,,False,Tempered Glass,46.8,3,False
Cougar DarkBlader-G,,ATX Full Tower,ATX,Black / Silver,,False,Tempered Glass,,4,False
Cooler Master MasterBox E500 (w/o ODD),,ATX Mid Tower,ATX,Black,,False,Tempered Glass,,2,False
Silverstone FARA R1,,ATX Mid Tower,ATX,White / Black,,False,Tempered Glass,,1,False
Silverstone FARA R1,,ATX Mid Tower,ATX,White,,False,Solid,,1,False
darkFlash V22,,ATX Mid Tower,ATX,Pink,,False,Tempered Glass,41.7,1,False
Cougar MX331 MESH-X,,ATX Mid Tower,ATX,Black,,False,Solid,43.5,2,False
Deco Gear DGPCS20X,,ATX Mid Tower,ATX,Black,,False,Tinted Tempered Glass,53.3,2,False
Phanteks EVOLV SHIFT 2 AIR,,Mini ITX Tower,Mini ITX,Gray / Black,,False,Solid,,1,False
SilentiumPC Armis AR6Q EVO ARGB,,ATX Mid Tower,ATX,Black,,False,Tempered Glass,46.0,2,False
Thermaltake Versa T25,,ATX Mid Tower,ATX,Black,,False,Tempered Glass,41.9,2,False
SilentiumPC Signum SG1Q EVO TG ARGB,,ATX Mid Tower,ATX,Black,,False,Tempered Glass,,2,False
Apevia Genesis-WH,,ATX Mid Tower,ATX,White / Black,,False,Tempered Glass,,3,False
Corsair iCUE 5000X RGB Triptych,,ATX Mid Tower,ATX,Black / Green,,False,Tempered Glass,66.2,2,False
Tempest Vision RGB,,ATX Mid Tower,ATX,Black,,False,Tempered Glass,,0,False
Thermaltake Commander G33,,ATX Mid Tower,ATX,Black,,False,Tempered Glass,46.9,2,False
Antec Dark Phantom DP502 Flux,,ATX Mid Tower,ATX,White / Black,,False,Tempered Glass,49.5,3,False
GAMDIAS ATHENA M1,,ATX Mid Tower,ATX,Black,,False,Tempered Glass,43.5,2,False
GAMDIAS TALOS M1 ELITE,,ATX Mid Tower,ATX,Black,,False,Tempered Glass,,2,False
Montech AIR 1000 SILENT,,ATX Mid Tower,ATX,White,,False,Solid,,2,False
SilentiumPC Ventum VT4V TG,,ATX Mid Tower,ATX,Black,,False,Tempered Glass,,2,False
SilentiumPC Ventum VT4 TG,,ATX Mid Tower,ATX,Black,,False,Tempered Glass,,2,False
ADATA XPG DEFENDER PRO,,ATX Mid Tower,ATX,White / Black,,False,Tempered Glass,47.7,2,False
Thermaltake AH T200,,MicroATX Mid Tower,Micro ATX,Turquoise / Black,,False,Tempered Glass,69.1,2,False
Thermaltake The Tower 100,,Mini ITX Tower,Mini ITX,Gold,,False,Tempered Glass,32.7,2,False
Thermaltake Divider 500 TG ARGB Air,3299.6,ATX Mid Tower,ATX,Black,,False,Tempered Glass,56.8,2,True
Jonsbo VR4,,ATX Mid Tower,ATX,Black,,False,Mesh,37.8,2,False
Jonsbo U4 Plus,,ATX Mid Tower,ATX,Silver,,False,Tempered Glass,31.7,1,False
SAMA AM07GG,,MicroATX Mid Tower,Micro ATX,White,,False,Tempered Glass,38.7,2,False
UNYKAch UK3002,,MicroATX Desktop,Micro ATX,Black,,False,Solid,21.2,0,False
Thermaltake H590 TG ARGB,,ATX Mid Tower,ATX,White,,False,Tempered Glass,49.1,2,False
Antec AX51 Elite,,ATX Mid Tower,ATX,Black,,False,Tempered Glass,40.2,2,False
Antec AX51,,ATX Mid Tower,ATX,Black,,False,Tempered Glass,40.2,2,False
Cooler Master MasterBox MB520,,ATX Mid Tower,ATX,Black,,False,Acrylic,50.4,2,False
Cooler Master MasterBox MB520,,ATX Mid Tower,ATX,Black / White,,False,Acrylic,50.4,2,False
Tecware Nexus Evo RGB,,ATX Mid Tower,ATX,White,,False,Tempered Glass,35.4,2,False
Vetroo M03,,MicroATX Mini Tower,Micro ATX,White,,False,Tempered Glass,36.1,2,False
Vetroo M03,,MicroATX Mini Tower,Micro ATX,Green,,False,Tempered Glass,36.1,2,False
RAIJINTEK OPHION 7L,,Mini ITX Desktop,Mini ITX,White,,False,Mesh,7.1,0,False
FSP Group CMT380 ARGB,,ATX Mid Tower,ATX,Black,,False,Tempered Glass,45.5,2,False
BGears b-Draco5907-RGB,,ATX Mid Tower,ATX,Black,,False,Tempered Glass,43.2,3,False
Thermaltake H700 TG,,ATX Mid Tower,ATX,Black,,False,Tempered Glass,53.5,2,False
SilentiumPC Regnum RG1W,,ATX Mid Tower,ATX,Black,,False,Acrylic,39.4,2,False
DIYPC IDX3-ARGB,,ATX Mid Tower,ATX,Black,,False,Tempered Glass,53.9,2,False
GameMax Kreator,,ATX Mid Tower,ATX,Black,,False,Tempered Glass,40.7,2,False
YEYIAN Kalt 1101,,MicroATX Mid Tower,Micro ATX,Black,,False,Tempered Glass,26.3,2,False
DIYPC ARGB-Q3 V2,,MicroATX Mini Tower,Micro ATX,Green,,False,Tempered Glass,38.6,2,False
SHARKOON Skiller SGC1 Window,,ATX Mid Tower,ATX,Green,,False,Acrylic,47.5,2,False
FSP Group CMT120,,ATX Mid Tower,ATX,Black,,False,Acrylic,34.5,2,False
Ocypus Gamma C72,,ATX Mid Tower,ATX,Black,,False,Tempered Glass,43.0,2,False
Cougar MX330-G Pro,,ATX Mid Tower,ATX,White,,False,Tempered Glass,49.1,2,False
Rosewill REDBONE U3,,ATX Mid Tower,ATX,Black / Red,,False,Solid,37.4,6,False
Chieftec BT-04B-U3-250VS (230V),5240.0,Mini ITX Tower,Mini ITX,Black,250.0,True,Solid,10.5,1,True
RAIJINTEK Metis Plus,,Mini ITX Tower,Mini ITX,Blue,,False,Acrylic,13.4,2,False
In Win Alice,,ATX Mid Tower,ATX,Gray / Black,,False,Solid,,1,False
SHARKOON MS-Y1000,,MicroATX Mid Tower,Micro ATX,Black,,False,Tempered Glass,26.2,1,False
Zalman M1,,Mini ITX Tower,Mini ITX,Black,,False,Solid,,3,False
Azza Apollo 430,,ATX Mid Tower,ATX,Black,,False,Tempered Glass,41.3,4,False
RAIJINTEK METIS EVO TGS,,Mini ITX Desktop,Mini ITX,Black,,False,Tempered Glass,22.3,2,False
Thermaltake Divider 300 TG Snow,,ATX Mid Tower,ATX,White,,False,Tempered Glass,48.2,2,False
Chieftec UK-02W-OP,,ATX Mid Tower,ATX,White,,False,Solid,29.6,2,False
GameMax Brufen C3,,ATX Mid Tower,ATX,Black / White,,False,Tempered Glass,42.2,2,False
GameMax Vega,1959.8,ATX Mid Tower,ATX,Gray / Black,,False,Tempered Glass,53.2,3,True
BitFenix Saber Mesh,,ATX Mid Tower,ATX,Black,,False,Tempered Glass,42.3,2,False
Silverstone CS01-HS,3609.8,Mini ITX Tower,Mini ITX,Black,,False,Solid,,0,True
BitFenix Shogun,,ATX Mid Tower,ATX,Black,,False,Acrylic,74.2,6,False
In Win EM048,7024.8,MicroATX Mini Tower,Micro ATX,Black,,False,Solid,,1,True
SHARKOON S25-V,,ATX Mid Tower,ATX,Black,,False,Solid,43.9,3,False
In Win 303C,,ATX Mid Tower,ATX,White,,False,Tempered Glass,51.6,2,False
be quiet! Silent Base 801,,ATX Mid Tower,ATX,Black / Orange,,False,Solid,,5,False
Cougar Gemini M,,MicroATX Mini Tower,Micro ATX,Silver,,False,Tempered Glass,35.7,2,False
Jonsbo UMX1 Plus,,Mini ITX Desktop,Mini ITX,Black,,False,Solid,16.6,1,False
Jonsbo V4,,MicroATX Mini Tower,Micro ATX,,,False,Solid,19.2,2,False
Thermaltake H590 TG ARGB,,ATX Mid Tower,ATX,Black,,False,Tempered Glass,49.1,2,False
KOLINK INSPIRE K3 ARGB,,MicroATX Mini Tower,Micro ATX,Black,,False,Tempered Glass,28.2,2,False
KOLINK Observatory Z Mesh,,ATX Mid Tower,ATX,Black,,False,Tempered Glass,56.4,2,False
KOLINK Refine,,ATX Mid Tower,ATX,Black,,False,Tempered Glass,40.6,2,False
Zalman P30 AIR,,MicroATX Mini Tower,Micro ATX,White,,False,Tempered Glass,44.6,2,False
Antec ISK 300-65,,Mini ITX Desktop,Mini ITX,Black,65.0,True,Solid,6.9,0,False
Antec LanBoy Air,,ATX Mid Tower,ATX,Black,,False,Solid,58.5,6,False
Antec Three Hundred,,ATX Mid Tower,ATX,Black,430.0,True,Solid,43.5,6,False
Cooler Master Cosmos Pure,,ATX Full Tower,ATX,Black,,False,Solid,99.2,6,False
Cooler Master Elite 335,,ATX Mid Tower,ATX,Black,,False,Solid,36.9,6,False
Cooler Master Elite 341,,MicroATX Mid Tower,Micro ATX,Black,,False,Solid,26.8,2,False
Cooler Master Centurion 534,,ATX Mid Tower,ATX,Black,,False,Solid,42.0,4,False
Cooler Master USP 100,,ATX Mid Tower,ATX,Black / Red,550.0,True,Solid,52.5,6,False
Antec Fusion Remote,,HTPC,Mini ITX,Black,,False,Solid,25.6,2,False
Thermaltake Level 10,,ATX Full Tower,ATX,Black,,False,Solid,129.6,6,False
Thermaltake ARMOR A90,,ATX Mid Tower,ATX,Black / Silver,850.0,True,Acrylic,54.3,6,False
Rosewill R101-P,,MicroATX Mid Tower,Micro ATX,Black,450.0,True,Solid,25.3,4,False
Cooler Master Centurion 590,,ATX Mid Tower,ATX,Black,,False,Solid,46.9,0,False
Lian Li PC-Q07,,Mini ITX Tower,Mini ITX,Black,,False,Solid,11.2,1,False
Lian Li PC-Q08,,Mini ITX Tower,Mini ITX,Black,,False,Solid,21.2,6,False
Lian Li PC-7FN,,ATX Mid Tower,ATX,Black,,False,Solid,47.9,4,False
Lian Li PC-A05N,,ATX Mini Tower,ATX,Silver,,False,Solid,39.1,3,False
Lian Li PC-T7,,Mini ITX Test Bench,Mini ITX,Silver,,False,Solid,18.6,1,False
Lian Li PC-V2120,,ATX Full Tower,ATX,Silver,,False,Solid,93.5,10,False
Apevia X-Plorer2,,ATX Mid Tower,ATX,Black / Pink,,False,Acrylic,39.2,5,False
Apevia X-QPack2,,MicroATX Desktop,Micro ATX,Black / Green,500.0,True,Acrylic,24.2,2,False
HEC 7106BB,,ATX Desktop,ATX,Black,,False,Solid,28.7,2,False
HEC ITX200A,,HTPC,Mini ITX,Black,200.0,True,Solid,5.8,1,False
NZXT Tempest EVO,,ATX Mid Tower,ATX,Black,,False,Acrylic,61.8,8,False
Apex DM-317-A,,MicroATX Slim,Micro ATX,Black / Silver,275.0,True,Solid,12.9,1,False
Apex PC-375,,ATX Mid Tower,ATX,Black,300.0,True,Solid,33.2,4,False
Apex TM366BK,,MicroATX Mid Tower,Micro ATX,Black,300.0,True,Solid,25.0,1,False
Apex Vortex 3620,,ATX Mid Tower,ATX,Black,,False,Solid,33.2,5,False
Diablotek CPA-6170,,ATX Mid Tower,ATX,Black,,False,Solid,38.4,5,False
Foxconn DH-045(H+A)+MT-300,,MicroATX Slim,Micro ATX,Black,300.0,True,Solid,13.0,1,False
Foxconn TLM-436(H+A)+ISO-400-4SS,,MicroATX Mini Tower,Micro ATX,Black / Silver,300.0,True,Solid,25.7,4,False
Foxconn TS-001(H+A)+ISO-400-4SS,,ATX Mid Tower,ATX,Black / Silver,300.0,True,Solid,36.4,2,False
In Win BP655.200BL,,Mini ITX Desktop,Mini ITX,Black,200.0,True,Solid,8.1,0,False
In Win BQ656.AD80TBL,,Mini ITX Tower,Mini ITX,Black,80.0,True,Solid,3.3,0,False
In Win Maelstrom,,ATX Full Tower,ATX,Black,,False,Solid,74.1,6,False
In Win Matrix,,MicroATX Mini Tower,Micro ATX,White,300.0,True,Solid,17.8,1,False
Raidmax Icecube,,MicroATX Desktop,Micro ATX,Black,,False,Solid,33.1,4,False
XClio Godspeed One Advanced,,ATX Mid Tower,ATX,Black,,False,Acrylic,44.3,5,False
Xigmatek Asgard II,,ATX Mid Tower,ATX,Black,,False,Solid,35.5,5,False
Zalman Z7,,ATX Mid Tower,ATX,Black,,False,Solid,48.4,5,False
Lian Li LanCool PC-K57,,ATX Mid Tower,ATX,Black,,False,Solid,47.1,3,False
Apevia X-Trooper-Jr,,ATX Mid Tower,ATX,Black,,False,Acrylic,29.8,3,False
Raidmax ATX-298WY,,ATX Mid Tower,ATX,Black / Yellow,,False,Acrylic,42.9,4,False
Sentey CS2-1333,,ATX Mid Tower,ATX,Black,,False,Solid,25.9,2,False
Diablotek ELITE,,ATX Mid Tower,ATX,Black,450.0,True,Solid,27.9,2,False
Sentey GS-6400R - ARVINA,,ATX Full Tower,ATX,Red / Black,,False,Solid,60.7,5,False
Apevia X-Dreamer,,ATX Mid Tower,ATX,Blue,420.0,True,Acrylic,36.0,5,False
Silverstone RV03B-W,,ATX Full Tower,ATX,Black / Silver,,False,Acrylic,69.4,4,False
Rosewill REDBONE,,ATX Mid Tower,ATX,Black / Red,,False,Solid,37.4,6,False
Sigma ZEN-WAR,,ATX Mid Tower,ATX,Blue / Silver,,False,Acrylic,74.1,3,False
Sentey GS-6000R,,ATX Mid Tower,ATX,Black,,False,Solid,42.5,4,False
Cooler Master Elite 371,,ATX Mid Tower,ATX,Black / Silver,400.0,True,Solid,38.7,5,False
In Win IW-BQ656T.AD80TBL,,HTPC,Mini ITX,Black,80.0,True,Solid,3.3,0,False
Thermaltake Commander MS-I Epic Edition,,ATX Mid Tower,ATX,Black / Red,,False,Acrylic,41.9,5,False
Thermaltake Level 10 GTS,,ATX Mid Tower,ATX,Black,,False,Solid,54.9,5,False
BitFenix Shinobi XL,,ATX Full Tower,ATX,Black,,False,Solid,77.2,7,False
Fractal Design Define R4,,ATX Mid Tower,ATX,White,,False,Solid,56.0,8,False
Diablotek PREDATOR,,ATX Mid Tower,ATX,Black,,False,Solid,39.7,5,False
Diablotek CITADEL,,ATX Mid Tower,ATX,Black,,False,Solid,31.6,5,False
MSI TC,,ATX Mid Tower,ATX,Black,,False,Acrylic,,2,False
Lian Li PC-A55,,ATX Mid Tower,ATX,Silver,,False,Solid,31.8,2,False
Gigabyte GZ-G2SGB,,ATX Mid Tower,ATX,Black,,False,Solid,33.8,6,False
BitFenix Ghost,,ATX Mid Tower,ATX,Black,,False,Solid,55.8,4,False
BitFenix Prodigy,,Mini ITX Tower,Mini ITX,Red,,False,Solid,36.0,5,False
Ultra Rogue M950,,ATX Full Tower,ATX,Black,,False,Solid,61.9,8,False
Thermaltake Level 10 GT Battle Edition,,ATX Full Tower,ATX,Green / Black,,False,Solid,96.7,5,False
Thermaltake Urban S21,,ATX Mid Tower,ATX,Black,,False,Acrylic,40.1,5,False
Cougar Archon,,ATX Mid Tower,ATX,Black / Orange,,False,Acrylic,,3,False
Rosewill THRONE,,ATX Full Tower,ATX,Black,,False,Solid,74.8,10,False
Xion XON-720P,,MicroATX Slim,Micro ATX,Black,300.0,True,Solid,10.4,1,False
Apevia X-Dreamer4,,ATX Mid Tower,ATX,Black / Green,,False,Acrylic,43.1,4,False
Raidmax ATX-605BT,,ATX Full Tower,ATX,Black,,False,Acrylic,75.6,6,False
Thermaltake Versa G2,,ATX Mid Tower,ATX,Black,,False,Acrylic,40.1,5,False
Thermaltake New Soprano Snow Edition,,ATX Mid Tower,ATX,White,,False,Solid,51.2,5,False
BitFenix Prodigy,,Mini ITX Tower,Mini ITX,Blue,,False,Acrylic,36.0,5,False
In Win H-Frame Mini,,Mini ITX Tower,Mini ITX,Black / Red,180.0,True,Solid,,0,False
Thermaltake Versa II,,ATX Mid Tower,ATX,Black,,False,Solid,,5,False
Antec GX500,,ATX Mid Tower,ATX,Black,,False,Solid,44.4,4,False
Aerocool GT-S,,ATX Full Tower,ATX,Black / Red,,False,Acrylic,,7,False
Cooler Master HAF Stacker 915F,,Mini ITX Tower,Mini ITX,Black,,False,Solid,32.4,3,False
Nanoxia NXDS6B,,ATX Full Tower,ATX,White,,False,Solid,,13,False
Cooler Master Elite 241,,ATX Mini Tower,ATX,Black,400.0,True,Solid,,2,False
Cooler Master Storm Scout 2,,ATX Mid Tower,ATX,Gunmetal,,False,Acrylic,61.6,7,False
Azza XT-1,,ATX Full Tower,ATX,Black / Red,,False,Acrylic,59.8,6,False
BitFenix Comrade,,ATX Mid Tower,ATX,Black / White,,False,Solid,37.0,3,False
Rosewill Legacy V4-B,,MicroATX Mini Tower,Micro ATX,Silver,,False,Solid,18.3,3,False
Rosewill THRONE-G-Window,,ATX Full Tower,ATX,Black / Red,,False,Acrylic,74.8,10,False
Supermicro CSE-732G-500B,,ATX Mid Tower,ATX,Black / Blue,500.0,True,Acrylic,64.7,3,False
Supermicro CSE-732G-903B,,ATX Mid Tower,ATX,Black / Blue,900.0,True,Acrylic,64.7,3,False
Xigmatek Aquila,,MicroATX Mini Tower,Micro ATX,Black,,False,Acrylic,,2,False
Corsair Carbide Series SPEC-03,,ATX Mid Tower,ATX,Black / White,,False,Acrylic,36.1,3,False
Gigabyte GZ-G3 PLUS,,ATX Mid Tower,ATX,Black / Red,,False,Solid,33.6,6,False
Cooler Master HAF 912 Advanced,,ATX Mid Tower,ATX,Black / Red,,False,Acrylic,,6,False
Cooler Master K350,,ATX Mid Tower,ATX,Black,,False,Acrylic,,6,False
Deepcool STEAM CASTLE,,MicroATX Mid Tower,Micro ATX,Yellow,,False,Acrylic,47.1,3,False
Lian Li PC-A61,,ATX Mid Tower,ATX,Silver,,False,Solid,57.4,6,False
Lian Li PC-Q01,,Mini ITX Tower,Mini ITX,Black,,False,Solid,13.2,2,False
Lian Li PC-V2130,,ATX Full Tower,ATX,Silver,,False,Solid,94.4,8,False
Azza SIRIUS,,ATX Mid Tower,ATX,Black,,False,Acrylic,38.3,3,False
DIYPC M88,,MicroATX Mini Tower,Micro ATX,Black,,False,Solid,21.1,3,False
In Win BK644.BH300TB3,,MicroATX Mini Tower,Micro ATX,Black / Silver,300.0,True,Solid,12.3,0,False
In Win BP655.FH300TB3,,Mini ITX Tower,Mini ITX,Black / Blue,300.0,True,Solid,8.1,2,False
Silverstone FT05,,ATX Mid Tower,ATX,Black / Silver,,False,Solid,45.3,2,False
Thermaltake Versa H34,,ATX Mid Tower,ATX,Black,,False,Acrylic,49.3,3,False
Phanteks Enthoo EVOLV,,MicroATX Mini Tower,Micro ATX,White,,False,Acrylic,41.7,3,False
Fractal Design Define R5,,ATX Mid Tower,ATX,Silver,,False,Acrylic,54.2,8,False
BitFenix Prodigy M,,MicroATX Mini Tower,Micro ATX,Black / Green,,False,Acrylic,35.9,4,False
Aerocool Strike-X Xtreme,,ATX Mid Tower,ATX,Black / Red,,False,Acrylic,,6,False
Cooler Master N400,,ATX Mid Tower,ATX,Black,,False,Acrylic,40.2,7,False
NZXT H440,,ATX Mid Tower,ATX,Red,,False,Acrylic,53.3,8,False
Enermax ECA5030A,,ATX Full Tower,ATX,Black / Blue,,False,Solid,,5,False
Phanteks Enthoo Primo,,ATX Full Tower,ATX,Black / Orange,,False,Acrylic,,6,False
Raidmax Scorpio V,,ATX Mid Tower,ATX,Black,,False,Acrylic,54.6,8,False
Phanteks Enthoo EVOLV ITX,,Mini ITX Tower,Mini ITX,Black,,False,Solid,,2,False
Azza Nova 8000,,ATX Full Tower,ATX,White,,False,Acrylic,,6,False
DIYPC Cuboid,,MicroATX Mini Tower,Micro ATX,Black / Red,,False,Acrylic,,3,False
Logisys CS6801BK,,MicroATX Mini Tower,Micro ATX,Black,350.0,True,Solid,12.0,1,False
Deepcool Tristellar,,Mini ITX Desktop,Mini ITX,Black,,False,Solid,,2,False
Xigmatek Mach II,,ATX Mid Tower,ATX,Black,,False,Solid,,3,False
Rosewill STAR PREDATOR,,ATX Mid Tower,ATX,Black,,False,Solid,,6,False
Raidmax ATX-404WU,,ATX Mid Tower,ATX,Black / Blue,,False,Acrylic,,3,False
Sentey Ss1-2429,,MicroATX Mid Tower,Micro ATX,Black,,False,Solid,,0,False
Sentey GS-6009,,ATX Mid Tower,ATX,Black / Red,,False,Acrylic,,3,False
Antec P70,,ATX Mid Tower,ATX,Black,,False,Solid,,4,False
DIYPC Skyline-07,,ATX Full Tower,ATX,Black / Blue,,False,Solid,69.2,3,False
DIYPC Skyline-07,,ATX Full Tower,ATX,Black / Green,,False,Solid,69.2,3,False
Cougar Solution 2,,ATX Mid Tower,ATX,Black,,False,Acrylic,,3,False
Silverstone ML08,,HTPC,Mini ITX,Black,,False,Solid,,0,False
be quiet! Silent Base 600,,ATX Mid Tower,ATX,Black / Orange,,False,Acrylic,,3,False
CiT Spectre,,ATX Mid Tower,ATX,White,,False,Acrylic,,4,False
Lian Li PC-Q21,,Mini ITX Tower,Mini ITX,Black,,False,Solid,,2,False
SHARKOON T28,,ATX Mid Tower,ATX,Black / Blue,,False,Acrylic,,6,False
BitFenix Nova,,ATX Mid Tower,ATX,White,,False,Solid,,4,False
Antec VSK3-500,,MicroATX Mini Tower,Micro ATX,Black,500.0,True,Solid,,2,False
DIYPC P48,,ATX Mid Tower,ATX,White,,False,Solid,,3,False
In Win Chopin,,HTPC,Mini ITX,Silver,150.0,True,Solid,,0,False
Silverstone FT01B-USB3.0,,ATX Mid Tower,ATX,Black,,False,Solid,,7,False
Thermaltake Core P3 SE,,ATX Mid Tower,ATX,Black,,False,Acrylic,80.1,2,False
Thermaltake Core P5,,ATX Mid Tower,ATX,Green,,False,Acrylic,115.4,3,False
Aerocool VS-1,,ATX Mid Tower,ATX,Black,,False,Solid,30.7,2,False
In Win 509,,ATX Full Tower,ATX,Black,,False,Tempered Glass,71.6,5,False
In Win 805 Infinity,,ATX Mid Tower,ATX,Black,,False,Tempered Glass,,2,False
NOX Coolbay TX,,ATX Mid Tower,ATX,Black / Blue,,False,Acrylic,57.3,8,False
Aerocool P7-C1,,ATX Mid Tower,ATX,White,,False,Acrylic,60.2,2,False
SHARKOON DG7000,,ATX Mid Tower,ATX,Black / Green,,False,Acrylic,46.4,3,False
Cougar MX310,,ATX Mid Tower,ATX,Black / Orange,,False,Acrylic,49.6,3,False
Thermaltake Versa C22 RGB Snow Edition,,ATX Mid Tower,ATX,White,,False,Acrylic,52.2,2,False
RIOTORO CR1280 PRISM RGB,,ATX Full Tower,ATX,Black,,False,Acrylic,70.6,4,False
Thermaltake Core P5 TG Snow Edition,,ATX Mid Tower,ATX,White / Black,,False,Tinted Tempered Glass,115.4,3,False
Cooler Master MasterCase Maker 5t,,ATX Mid Tower,ATX,Black,,False,Tempered Glass,75.6,2,False
Phanteks Eclipse P400,,ATX Mid Tower,ATX,Gray,,False,Tinted Tempered Glass,45.9,2,False
Raidmax Sigma,,ATX Mid Tower,ATX,Black,,False,Tempered Glass,,2,False
Raidmax Sigma,,ATX Mid Tower,ATX,White,,False,Tempered Glass,,2,False
Azza Onyx 260,,ATX Mid Tower,ATX,White / Black,,False,Acrylic,,3,False
SHARKOON DG7000-G,,ATX Mid Tower,ATX,Black / Blue,,False,Tempered Glass,,3,False
NZXT S340 Elite Hyper Beast,,ATX Mid Tower,ATX,Multicolor,,False,Tempered Glass,41.6,2,False
mean:it 4PM,,ATX Desktop,ATX,Black / Red,,False,Tempered Glass,48.0,3,False
mean:it 4PM,,ATX Desktop,ATX,Black,,False,Tempered Glass,48.0,3,False
Cooltek TG-01 RGB,,ATX Mid Tower,ATX,Black,,False,Tempered Glass,37.6,2,False
Deepcool D-Shield,,ATX Mid Tower,ATX,Black,,False,Acrylic,,3,False
Deepcool EARLKASE RGB,,ATX Mid Tower,ATX,Black,,False,Tempered Glass,,2,False
Azza Storm 6000W,,ATX Full Tower,ATX,White,,False,Tempered Glass,63.6,4,False
Apex 21N,,ATX Mid Tower,ATX,Black,,False,Acrylic,44.4,2,False
Phanteks Enthoo EVOLV ITX TG,,Mini ITX Desktop,Mini ITX,White,,False,Tinted Tempered Glass,34.1,2,False
Xigmatek Prosper,,ATX Mid Tower,ATX,Black,,False,Tempered Glass,45.3,2,False
Antec P280,,ATX Mid Tower,ATX,Black,,False,Acrylic,68.0,6,False
DIYPC Illusion II,,ATX Mid Tower,ATX,Black / Red,,False,Tempered Glass,,3,False
Lian Li PC-A41,,MicroATX Mini Tower,Micro ATX,Black,,False,Solid,,5,False
DIYPC TG8,,ATX Mid Tower,ATX,Green / Black,,False,Tempered Glass,,2,False
Lian Li ALPHA 550W,,ATX Mid Tower,ATX,White / Black,,False,Tempered Glass,56.5,4,False
Gigabyte AC300W,,ATX Mid Tower,ATX,Black,,False,Acrylic,,2,False
Aerocool QS-240,,MicroATX Mid Tower,Micro ATX,Black,,False,Acrylic,,2,False
SAMA Maxcool-W-15,,MicroATX Mid Tower,Micro ATX,White / Red,,False,Acrylic,,3,False
In Win X-Frame 2.0,,ATX Test Bench,ATX,Black / Green,,False,Solid,102.0,6,False
EVGA DG-75,,ATX Mid Tower,ATX,Black,,False,Tempered Glass,47.3,2,False
DIYPC Model X,,ATX Mid Tower,ATX,White,,False,Tempered Glass,,2,False
CiT F3,,MicroATX Mini Tower,Micro ATX,Black / Blue,,False,Acrylic,,2,False
KOLINK ROCKET,,Mini ITX Desktop,Mini ITX,Black,,False,Solid,,0,False
Cooler Master MasterBox E500L,,ATX Mid Tower,ATX,Black / Red,,False,Acrylic,,2,False
Thermaltake Versa J24,,ATX Mid Tower,ATX,Black,,False,Tempered Glass,,3,False
be quiet! Silent Base 801,,ATX Mid Tower,ATX,Black / Silver,,False,Tempered Glass,,5,False
Silverstone RVZ03,,Mini ITX Desktop,Mini ITX,White,,False,Solid,,0,False
Fractal Design Define R6 USB-C,,ATX Mid Tower,ATX,White / Black,,False,Tempered Glass,56.7,6,False
Fractal Design Define R6 USB-C,,ATX Mid Tower,ATX,Silver,,False,Tempered Glass,56.7,6,False
Fractal Design Define R6 USB-C,,ATX Mid Tower,ATX,White / Black,,False,Solid,56.7,6,False
Rosewill MAGNETAR,,ATX Mid Tower,ATX,Black / Blue,,False,Acrylic,,2,False
Rosewill PRISM T500,,ATX Mid Tower,ATX,Black,,False,Tempered Glass,,2,False
Antec P110 Silent,,ATX Mid Tower,ATX,Black,,False,Solid,,6,False
Silverstone RL07,,ATX Mid Tower,ATX,Black / Red,,False,Tempered Glass,,3,False
Cooler Master MasterBox CM694 Steel,,ATX Mid Tower,ATX,Black,,False,Solid,,6,False
Raidmax Magnus,,ATX Mid Tower,ATX,White / Black,,False,Tempered Glass,85.7,2,False
iTek LUNAR 19R2,,ATX Mid Tower,ATX,Black,,False,Tempered Glass,39.9,3,False
GameMax Shadow,,ATX Mid Tower,ATX,Black,,False,Tempered Glass,38.8,1,False
GameMax Titan RGB,,ATX Mid Tower,ATX,Black,,False,Acrylic,54.6,2,False
Aerocool Quartz Blue,,ATX Mid Tower,ATX,Black / Blue,,False,Tempered Glass,38.3,2,False
Jonsbo C3 Plus,,MicroATX Mini Tower,Micro ATX,Black,,False,Tempered Glass,31.2,4,False
Montech Flyer White,,MicroATX Mid Tower,Micro ATX,White,,False,Tempered Glass,,2,False
BitFenix Nova Mesh TG,,ATX Mid Tower,ATX,White,,False,Tempered Glass,41.4,2,False
SHARKOON RGB LIT 200,,ATX Mid Tower,ATX,Black,,False,Tempered Glass,,2,False
Tecware Vega L,,ATX Mid Tower,ATX,Black,,False,Tempered Glass,,1,False
Silverstone PS14-E,,ATX Mid Tower,ATX,Black,,False,Tempered Glass,43.1,2,False
darkFlash DLM 21 Mesh,,MicroATX Mini Tower,Micro ATX,Green,,False,Tempered Glass,32.1,2,False
Antec Striker Phantom Gaming Edition,,Mini ITX Desktop,Mini ITX,White / Black,,False,Tempered Glass,,0,False
Enermax MarbleShell MS30,,ATX Mid Tower,ATX,Black,,False,Tempered Glass,,2,False
Apevia Predator,,ATX Mid Tower,ATX,White,,False,Tempered Glass,35.7,3,False
Cougar MX331-T,,ATX Mid Tower,ATX,Black,,False,Tempered Glass,43.5,2,False
Jonsbo A4 Ver1.1,,ATX Mini Tower,ATX,Silver,,False,Tempered Glass,15.7,1,False
darkFlash DLS 480,,ATX Mid Tower,ATX,White,,False,Tempered Glass,53.7,2,False
Deepcool CL500 4F,,ATX Mid Tower,ATX,Black / Gray,,False,Tempered Glass,55.5,2,False
Casecom RSM-91,,ATX Mid Tower,ATX,Black,,False,Tempered Glass,,3,False
SilentiumPC Armis AR6X TG RGB,,ATX Mid Tower,ATX,Black,,False,Tempered Glass,46.0,2,False
SilentiumPC Armis AR5X RGB,,ATX Full Tower,ATX,Black,,False,Tempered Glass,45.8,2,False
SilentiumPC Armis AR7X RGB,,ATX Mid Tower,ATX,Black,,False,Tempered Glass,63.9,3,False
SilentiumPC Signum SG1M TG,,ATX Mid Tower,ATX,Black,,False,Tempered Glass,,2,False
DIYPC AVVU-W-ARGB,,ATX Mid Tower,ATX,White / Black,,False,Tempered Glass,,3,False
Azza Cast 808W,,ATX Mid Tower,ATX,White / Black,,False,Solid,,1,False
Corsair iCUE 5000X RGB Planetary,,ATX Mid Tower,ATX,Black / Orange,,False,Tempered Glass,66.2,2,False
Tempest Phantom,,ATX Mid Tower,ATX,Black,,False,Acrylic,,2,False
BitFenix Enso Mesh 4ARGB,,ATX Mid Tower,ATX,White / Black,,False,Tempered Glass,,2,False
HYTE REVOLT 3 EU,,Mini ITX Tower,Mini ITX,White,700.0,True,Mesh,18.4,1,False
GAMDIAS APOLLO E2,,ATX Mid Tower,ATX,Black,,False,Tempered Glass,,2,False
GAMDIAS APOLLO M2 ELITE,,ATX Mid Tower,ATX,Black,,False,Tempered Glass,,2,False
GAMDIAS ARGUS E1,,ATX Mid Tower,ATX,Black,,False,Tempered Glass,,2,False
MOROVOL TW7-S2-PK,,MicroATX Mid Tower,Micro ATX,Pink / Black,,False,Tempered Glass,27.1,2,False
Vetroo K2,,Mini ITX Desktop,Mini ITX,Black,,False,Tempered Glass,,0,False
Azza Blaze 231,,ATX Mid Tower,ATX,Black,,False,Tempered Glass,40.4,3,False
Azza Raven 420DF1,,ATX Mid Tower,ATX,Black,,False,Tempered Glass,41.8,6,False
Azza Zircon 7000B,,ATX Full Tower,ATX,Black,,False,Tempered Glass,61.8,5,False
Thermaltake Suppressor F51,,ATX Mid Tower,ATX,Black,,False,Tempered Glass,69.7,6,False
Aerocool Falcon V1,,ATX Mid Tower,ATX,Black,,False,Tempered Glass,33.6,1,False
Aerocool Falcon V2,,ATX Mid Tower,ATX,Black,,False,Acrylic,33.6,1,False
Lazer3D LZX-8 Tek,,Mini ITX Desktop,Mini ITX,Black / Gray,,False,Solid,8.6,0,False
Cougar MG120-G RGB,,ATX Mid Tower,ATX,Black,,False,Tempered Glass,34.9,2,False
Cougar MX670 RGB,,ATX Mid Tower,ATX,,,False,Tempered Glass,50.3,2,False
SSUPD Meshroom S,,ATX Mini Tower,ATX,Black,,False,Mesh,14.9,0,False
Aerocool Raider Mini,,MicroATX Mini Tower,Micro ATX,Black,,False,Tempered Glass,23.8,2,False
Jonsbo RM2,,ATX Mid Tower,ATX,Black,,False,Solid,21.5,1,False
Jonsbo UMX6,,ATX Full Tower,ATX,Silver,,False,Solid,54.1,2,False
Ocelot OC-Purple Katana,,MicroATX Mini Tower,Micro ATX,Purple / Black,,False,Tempered Glass,30.0,2,False
Ocelot OC-HANAMI 1,,MicroATX Mini Tower,Micro ATX,White / Pink,,False,Tempered Glass,30.0,2,False
Horizon Exo,,MicroATX Mid Tower,Micro ATX,Black,,False,Tempered Glass,33.6,2,False
Cooler Master CMP 320L,,MicroATX Mid Tower,Micro ATX,Black,,False,Tempered Glass,38.6,2,False
Jonsbo U5S,,ATX Mid Tower,ATX,Silver,,False,Tempered Glass,40.3,2,False
Enermax StarryKnight SK30 V2,,ATX Mid Tower,ATX,Black,,False,Tempered Glass,49.7,2,False
MagniumGear Neo Air 2,,ATX Mid Tower,ATX,White / Brown,,False,Tempered Glass,41.9,2,False
Silverstone FARA V1M PRO,,MicroATX Mid Tower,Micro ATX,Black,,False,Tempered Glass,36.0,2,False
SHARKOON MS-Y1000,,MicroATX Mid Tower,Micro ATX,White,,False,Tempered Glass,26.2,1,False
KOLINK KLA-002,,ATX Mid Tower,ATX,Black,,False,Solid,25.1,3,False
KOLINK Stronghold Overseer,,ATX Mid Tower,ATX,Black,,False,Tempered Glass,41.0,2,False
BGears b-Voguish Plus,,ATX Mid Tower,ATX,Black,,False,Tempered Glass,40.8,2,False
GameMax Destroyer,,MicroATX Mini Tower,Micro ATX,White,,False,Tempered Glass,43.6,2,False
GameMax Draco XD,,ATX Mid Tower,ATX,Black,,False,Tempered Glass,40.7,2,False
YEYIAN Blade 2100,,ATX Mid Tower,ATX,Black,,False,Tempered Glass,36.6,2,False
YEYIAN Abyss 2500,,ATX Mid Tower,ATX,White / Black,,False,Tempered Glass,40.7,2,False
SeaSonic ARCH Q5,,ATX Mid Tower,ATX,Black,750.0,True,Tempered Glass,46.4,3,False
Enermax ENERPAZO EP237 RGB,,ATX Mid Tower,ATX,White,,False,Tempered Glass,40.0,2,False
MSI MAG PANO M100L PZ,,MicroATX Mid Tower,Micro ATX,Black,,False,Tempered Glass,41.9,1,False
GameMax F46,,ATX Mid Tower,ATX,White,,False,Tempered Glass,40.6,2,False
Aerocool Viewport Mini V1,,MicroATX Mini Tower,Micro ATX,White,,False,Tempered Glass,35.0,1,False
1STPLAYER T3-G,,MicroATX Mid Tower,Micro ATX,White,,False,Tempered Glass,32.4,2,False
APNX C1-R,,ATX Mid Tower,ATX,White,,False,Tempered Glass,53.6,3,False
BitFenix TRITON,,ATX Mid Tower,ATX,White,,False,Tempered Glass,45.1,2,False
Xigmatek ZEUS 5PCS CY120,,ATX Full Tower,ATX,Black,,False,Tempered Glass,98.8,2,False
Zalman Z10 DS,,ATX Mid Tower,ATX,Black,,False,Tempered Glass,50.9,2,False
Thermaltake Commander C34 TG Snow ARGB,1499.19,ATX Mid Tower,ATX,White / Black,,False,Tempered Glass,,3,True
In Win F3,,MicroATX Mini Tower,Micro ATX,White,,False,Tempered Glass,35.5,2,False
Thermaltake V150,,MicroATX Mid Tower,Micro ATX,Black,,False,Tempered Glass,,2,False
In Win DUBILI DIY,,ATX Full Tower,ATX,Gold / Black,,False,Tempered Glass,72.4,2,False
BitFenix Colossus Micro,4600.0,MicroATX Mid Tower,Micro ATX,Black,,False,Solid,30.6,4,True
KOLINK Unity Nexus ARGB,,ATX Mid Tower,ATX,Black,,False,Tempered Glass,51.3,2,False
In Win F3,,MicroATX Mini Tower,Micro ATX,Black,,False,Tempered Glass,35.5,2,False
Antec NSK1480,,MicroATX Desktop,Micro ATX,Black / Silver,350.0,True,Solid,17.8,2,False
XFX Type-01 Series Bravo Edition,,ATX Mid Tower,ATX,Black,,False,Acrylic,68.0,3,False
Cougar MG110,,MicroATX Mini Tower,Micro ATX,Black,,False,Acrylic,30.8,2,False
Geometric Future Model 6,,ATX Mid Tower,ATX,Black / Yellow,,False,Tinted Tempered Glass,43.5,4,False
SHARKOON MS-Z1000,,MicroATX Mid Tower,Micro ATX,White,,False,Tempered Glass,26.2,1,False
RAIJINTEK Ponos Ultra MS4,,ATX Mid Tower,ATX,White,,False,Tempered Glass,46.3,2,False
Thermaltake Level 10 GTS Snow Edition,,ATX Mid Tower,ATX,White / Black,,False,Solid,54.9,5,False
BitFenix Aegis Core,,MicroATX Mid Tower,Micro ATX,Black,,False,Acrylic,46.2,4,False
Silverstone SG12B,,MicroATX Mini Tower,Micro ATX,Black,,False,Solid,,3,False
Phanteks Enthoo EVOLV TG,,MicroATX Mini Tower,Micro ATX,Gray,,False,Tinted Tempered Glass,41.7,2,False
BitFenix Enso,,ATX Mid Tower,ATX,White,,False,Tempered Glass,,2,False
be quiet! Silent Base 801,,ATX Mid Tower,ATX,Black / Silver,,False,Solid,,5,False
Thermaltake Commander C34 TG ARGB,,ATX Mid Tower,ATX,Black,,False,Tempered Glass,,3,False
RAIJINTEK METIS EVO ALS,,Mini ITX Desktop,Mini ITX,Silver,,False,Solid,22.3,2,False
Cooler Master MasterBox MB600L V2 w/ODD,,ATX Mid Tower,ATX,Black,,False,Tempered Glass,42.7,2,False
Jonsbo U5,,ATX Mid Tower,ATX,Black,,False,Tempered Glass,40.3,2,False
Thermaltake AH T200,,MicroATX Mid Tower,Micro ATX,Pink / Black,,False,Tempered Glass,69.1,2,False
Inter-Tech SC-4100,,Mini ITX Desktop,Mini ITX,Black,,False,Solid,10.6,0,False
Jonsbo D500,,ATX Full Tower,ATX,Silver / Black,,False,Tempered Glass,90.8,10,False
Rosewill Blackbone,,ATX Mid Tower,ATX,Black,,False,Solid,35.1,5,False
Antec Dark Fleet DF-10,,ATX Mid Tower,ATX,Black,,False,Acrylic,47.7,6,False
Antec Dark Fleet DF-30,,ATX Mid Tower,ATX,Black,,False,Acrylic,46.6,6,False
Antec Dark Fleet DF-35,,ATX Mid Tower,ATX,Black,,False,Acrylic,46.6,2,False
Antec Mini P180,,MicroATX Mini Tower,Micro ATX,White,,False,Solid,39.7,5,False
Antec Minuet,,MicroATX Slim,Micro ATX,Black / White,350.0,True,Solid,13.3,1,False
Antec P193,,ATX Mid Tower,ATX,Black,,False,Solid,62.2,6,False
Antec Sonata Proto,,ATX Mid Tower,ATX,Black,,False,Solid,40.2,4,False
Antec VSK-2000,,ATX Mid Tower,ATX,Black,,False,Solid,42.1,6,False
Antec VSK2450,,ATX Mid Tower,ATX,Black,450.0,True,Solid,42.1,6,False
Cooler Master Centurion 5,,ATX Mid Tower,ATX,Black / Blue,,False,Solid,42.0,4,False
Cooler Master Centurion 5 II,,ATX Mid Tower,ATX,Black,,False,Acrylic,43.2,5,False
Cooler Master Centurion 534,,ATX Mid Tower,ATX,Black,460.0,True,Solid,42.0,4,False
Cooler Master Centurion 541,,MicroATX Mini Tower,Micro ATX,Black / Silver,,False,Solid,29.4,2,False
Cooler Master CM690 II Advanced,,ATX Mid Tower,ATX,Black,,False,Solid,56.3,6,False
Cooler Master Storm Scout,,ATX Mid Tower,ATX,Black,700.0,True,Acrylic,52.6,5,False
Thermaltake LANBOX Lite,,MicroATX Mini Tower,Micro ATX,Black,,False,Solid,29.6,2,False
Thermaltake Spedo Advance Package,,ATX Full Tower,ATX,Black / Silver,,False,Acrylic,75.4,6,False
Thermaltake V9 Black Edition,,ATX Mid Tower,ATX,Black,,False,Solid,46.6,5,False
Thermaltake WingRS 201,,ATX Mid Tower,ATX,Black,,False,Solid,37.9,4,False
Thermaltake Element V NVIDIA Edition,,ATX Full Tower,ATX,Black,,False,Acrylic,62.4,6,False
Thermaltake V6 BlacX Edition,,ATX Mid Tower,ATX,Black,,False,Acrylic,49.8,3,False
Thermaltake V9 BlacX,,ATX Mid Tower,ATX,Black,,False,Acrylic,50.6,5,False
Thermaltake V9 BlacX Edition,,ATX Mid Tower,ATX,Black,,False,Acrylic,50.6,5,False
Rosewill DESTROYER,,ATX Mid Tower,ATX,Black,,False,Solid,37.4,3,False
Antec Sonata IV,,ATX Mid Tower,ATX,Black,620.0,True,Solid,43.1,4,False
Cooler Master ATCS 840,,ATX Full Tower,ATX,Silver,,False,Solid,88.5,6,False
Thermaltake WingMA,,MicroATX Mid Tower,Micro ATX,Black / Silver,,False,Solid,28.0,4,False
Lian Li PC-Q06,,Mini ITX Test Bench,Mini ITX,Black,,False,Solid,10.7,1,False
Lian Li PC-60FN,,ATX Mid Tower,ATX,Black,,False,Solid,47.9,4,False
Lian Li PC-7B PLUS II,,ATX Mid Tower,ATX,Black,,False,Solid,46.2,3,False
Lian Li PC-A04,,MicroATX Mini Tower,Micro ATX,Black,,False,Solid,,7,False
Lian Li PC-X1000,,ATX Mid Tower,ATX,Black,,False,Solid,67.2,6,False
Aerocool M40,,MicroATX Mini Tower,Micro ATX,Black,,False,Solid,25.9,2,False
Apevia X-Plorer,,ATX Mid Tower,ATX,Black,,False,Acrylic,40.3,4,False
Apevia X-Master,,HTPC,Mini ITX,Black / Silver,500.0,True,Solid,22.0,1,False
Apevia X-Master,,HTPC,Mini ITX,Black / Red,500.0,True,Solid,22.0,1,False
Apevia X-QPack,,MicroATX Desktop,Micro ATX,Black / Silver,420.0,True,Acrylic,22.7,2,False
Apevia X-QPack,,MicroATX Desktop,Micro ATX,Black / Blue,420.0,True,Acrylic,22.7,2,False
Apevia X-QPack2,,MicroATX Desktop,Micro ATX,Black,500.0,True,Solid,24.2,2,False
Antec Nine Hundred Two V3,,ATX Mid Tower,ATX,Black,,False,Acrylic,50.6,6,False
NZXT Alpha,,ATX Mid Tower,ATX,Black / Gray,,False,Acrylic,43.6,5,False
NZXT Duet,,HTPC,Mini ITX,Black / Silver,,False,Solid,30.3,1,False
NZXT Hush,,ATX Mid Tower,ATX,Black,,False,Solid,41.4,5,False
NZXT Vulcan,,MicroATX Mid Tower,Micro ATX,Black,,False,Acrylic,30.3,2,False
Apex TU150,,ATX Mid Tower,ATX,Black,400.0,True,Solid,38.3,3,False
Apex TX-381,,MicroATX Mid Tower,Micro ATX,Black,300.0,True,Solid,30.0,4,False
Athena Power CA-1015CR47,,MicroATX Slim,Micro ATX,Black / Red,470.0,True,Solid,18.1,1,False
Athena Power CA-601B80,,ATX Full Tower,ATX,Black,800.0,True,Solid,50.6,4,False
Athenatech A1019HG.150,,Mini ITX Desktop,Mini ITX,Gray / Black,150.0,True,Solid,5.2,1,False
Athenatech A3712BB.450,,ATX Mid Tower,ATX,Black,450.0,True,Solid,23.2,2,False
Foxconn TLA+436(H+A)+ISO-400-4SS,,ATX Mid Tower,ATX,Black / Silver,300.0,True,Solid,33.2,4,False
Gigabyte Sumo 4192,,ATX Full Tower,ATX,Black,,False,Solid,54.2,5,False
In Win Diva,,Mini ITX Tower,Mini ITX,Black / Pink,160.0,True,Solid,9.3,0,False
In Win Dragon Slayer,,MicroATX Mini Tower,Micro ATX,Black,,False,Solid,35.6,0,False
In Win Z589T.CQ350TBL,,MicroATX Mini Tower,Micro ATX,Black,350.0,True,Solid,24.2,1,False
Raidmax Tornado,,ATX Mid Tower,ATX,Black,,False,Solid,42.1,5,False
Raidmax Smilodon ATX-612WB,,ATX Mid Tower,ATX,Black / White,500.0,True,Acrylic,47.5,4,False
Rosewill RS-MI-01,,Mini ITX Tower,Mini ITX,Black,250.0,True,Solid,9.4,1,False
Silverstone FT03,,MicroATX Mini Tower,Micro ATX,Silver,,False,Solid,32.2,3,False
Silverstone SG02-BF,,MicroATX Desktop,Micro ATX,Black / Silver,,False,Solid,22.4,2,False
Silverstone SG07-B,,Mini ITX Desktop,Mini ITX,Black / Gray,600.0,True,Solid,14.6,1,False
Silverstone TJ08-B,,MicroATX Mid Tower,Micro ATX,Black,,False,Solid,28.0,2,False
Xigmatek Asgard II,,ATX Mid Tower,ATX,Black / Orange,,False,Solid,35.5,5,False
Zalman MS1000-HS1,,ATX Mid Tower,ATX,Black,,False,Solid,55.7,3,False
Athenatech A3701BB,,HTPC,Mini ITX,Black,,False,Solid,23.2,1,False
Silverstone GD05B,,HTPC,Mini ITX,Black,,False,Solid,21.3,2,False
Silverstone LC17-B,,HTPC,Mini ITX,Silver,,False,Solid,30.9,6,False
Cooler Master CM 690 II Nvidia Edition,,ATX Mid Tower,ATX,Black,,False,Acrylic,55.7,6,False
Cooler Master Elite 371,,ATX Mid Tower,ATX,Black / White,,False,Solid,38.7,5,False
Foxconn RM233+FSP150-50GLT,,Mini ITX Tower,Mini ITX,Black / Silver,150.0,True,Solid,9.4,1,False
Rosewill GEAR X3,,ATX Mid Tower,ATX,Black,,False,Solid,44.6,6,False
Apevia X-Trooper-Jr,,ATX Mid Tower,ATX,Black,450.0,True,Acrylic,29.8,3,False
In Win BL672,,MicroATX Desktop,Micro ATX,Black / Silver,,False,Solid,11.6,2,False
Lian Li PC-C60,,HTPC,Mini ITX,Black,,False,Solid,33.1,6,False
Lian Li PC-X2000F,,ATX Full Tower,ATX,Black,,False,Solid,73.5,7,False
Logisys CS305BK,,ATX Mid Tower,ATX,Black,480.0,True,Solid,31.8,5,False
nMEDIAPC HTPC 5000S,,HTPC,Mini ITX,Black,,False,Solid,24.4,4,False
Fractal Design Core 3000,,ATX Mid Tower,ATX,Black,,False,Solid,41.1,6,False
Fractal Design Define XL,,ATX Full Tower,ATX,Black / Gray,,False,Solid,72.6,10,False
Sentey DS1-4237,,ATX Mid Tower,ATX,Black,,False,Solid,38.8,4,False
Raidmax ATX-615WUP,,ATX Mid Tower,ATX,Black / Blue,500.0,True,Solid,47.7,4,False
BitFenix Colossus Venom Edition,,ATX Full Tower,ATX,Black,,False,Solid,79.0,7,False
Cooler Master Elite 335 Upgraded,,ATX Mid Tower,ATX,Black,,False,Solid,40.5,5,False
Fractal Design Define R3,,ATX Mid Tower,ATX,Black / Silver,,False,Solid,47.5,8,False
Thermaltake Level 10 GT LCS,,ATX Full Tower,ATX,Black,,False,Acrylic,96.7,5,False
NZXT Tempest 410 Elite,,ATX Mid Tower,ATX,Black,,False,Acrylic,51.1,8,False
NZXT Hades,,ATX Mid Tower,ATX,Black,,False,Solid,42.7,4,False
Apevia X-Telstar,,ATX Full Tower,ATX,Black,,False,Acrylic,52.7,5,False
Diablotek DIAMOND,,ATX Mid Tower,ATX,Black,400.0,True,Solid,27.9,2,False
Azza Spartan CSAZ-102E,,ATX Mid Tower,ATX,Black,,False,Acrylic,52.1,4,False
Enermax Fulmo Basic,,ATX Mid Tower,ATX,Black,,False,Solid,57.5,6,False
Sentey CS1-1398,,ATX Mid Tower,ATX,Black,250.0,True,Solid,27.8,2,False
Cooler Master Elite 311,,ATX Mid Tower,ATX,Black / Red,,False,Acrylic,40.8,5,False
Lian Li PC-100,,ATX Mid Tower,ATX,Black,,False,Solid,52.4,6,False
Raidmax Super Hurricane,,ATX Mid Tower,ATX,Black,,False,Acrylic,36.7,4,False
Raidmax Seiran,,ATX Mid Tower,ATX,Black,,False,Solid,45.3,6,False
Logisys Area 51,,ATX Mid Tower,ATX,Silver,480.0,True,Acrylic,65.3,5,False
Raidmax Viper,,ATX Mid Tower,ATX,White / Red,,False,Acrylic,42.6,4,False
Cooler Master Elite 361,,ATX Mid Tower,ATX,Black,,False,Solid,25.1,4,False
Lian Li PC-Q12,,Mini ITX Tower,Mini ITX,Silver,300.0,True,Solid,6.6,0,False
Zalman GS-1000,,ATX Full Tower,ATX,Black,,False,Solid,94.7,6,False
BitFenix Colossus Window,,ATX Full Tower,ATX,Black,,False,Acrylic,79.0,7,False
Silverstone FT02B-USB3.0,,ATX Mid Tower,ATX,Silver,,False,Acrylic,64.8,5,False
Zalman MS1000-HS2,,ATX Mid Tower,ATX,Black,,False,Solid,55.7,6,False
In Win C589T.CQ450TBL,,ATX Mid Tower,ATX,Black,450.0,True,Solid,35.0,3,False
Topower TP-1687BS-300,,MicroATX Desktop,Micro ATX,Black / Silver,300.0,True,Solid,15.4,1,False
Silverstone FT03,,MicroATX Mini Tower,Micro ATX,Silver / Black,,False,Solid,32.2,3,False
DIYPC DIY-6811,,MicroATX Mid Tower,Micro ATX,Black,,False,Solid,23.0,2,False
Apevia X-Jupiter-Jr G-Type,,ATX Mid Tower,ATX,Black,,False,Acrylic,42.3,3,False
Cooler Master Elite 311,,ATX Mid Tower,ATX,Black / Blue,420.0,True,Solid,40.8,5,False
Silverstone TJ04B-EW,,ATX Mid Tower,ATX,Black,,False,Acrylic,51.0,9,False
Lian Li PC-A75,,ATX Full Tower,ATX,Black,,False,Solid,75.5,12,False
Gigabyte GZ-ZLM10RS,,ATX Mid Tower,ATX,Black / Red,,False,Solid,36.2,8,False
Silverstone SG09B,,MicroATX Mini Tower,Micro ATX,Black,,False,Solid,22.8,2,False
Chieftec BL-01B-OP,,ATX Mid Tower,ATX,Black,,False,Solid,,3,False
Fractal Design Core 3000 USB 3.0,,ATX Mid Tower,ATX,Black,,False,Solid,71.4,6,False
Silverstone SG05BB-450-USB3,,Mini ITX Desktop,Mini ITX,White,300.0,True,Solid,10.7,1,False
CFI Bastet,,ATX Mid Tower,ATX,Black,,False,Acrylic,48.0,2,False
Lian Li PC-CK101,,Mini ITX Tower,Mini ITX,Black,300.0,True,Solid,24.4,1,False
Nanoxia Deep Silence 2 White,,ATX Mid Tower,ATX,Black,,False,Solid,57.0,7,False
Thermaltake Urban S31,,ATX Mid Tower,ATX,Black,,False,Solid,53.3,6,False
Xigmatek CCC-AD38BT-U03,,ATX Mid Tower,ATX,Black,,False,Solid,43.6,8,False
Enermax ECA3253,,ATX Mid Tower,ATX,Black / Blue,,False,Acrylic,43.8,5,False
Gigabyte GZ-X7,,ATX Mid Tower,ATX,Black,,False,Solid,36.6,6,False
Gigabyte GZ-ZA1,,ATX Mid Tower,ATX,Black,,False,Solid,30.9,5,False
Cooler Master Elite 120 Advanced,,Mini ITX Tower,Mini ITX,White,,False,Solid,19.7,3,False
Silverstone RL04W,,ATX Mid Tower,ATX,White,,False,Acrylic,,5,False
Zalman MS800,,ATX Mid Tower,ATX,Black,,False,Solid,59.6,3,False
Zalman ZM-T1,,MicroATX Mini Tower,Micro ATX,Black,,False,Solid,24.7,2,False
Apex TX-606-U3,,MicroATX Mid Tower,Micro ATX,Black,300.0,True,Solid,27.9,5,False
DIYPC Alpha-DB6,,ATX Test Bench,ATX,White,,False,Solid,21.8,0,False
Thermaltake V2 Plus,,ATX Mid Tower,ATX,Black,450.0,True,Solid,52.7,6,False
Raidmax ATX-502WBG,,ATX Mid Tower,ATX,Black,,False,Acrylic,59.5,3,False
Rosewill FB-04,,ATX Mid Tower,ATX,Black,,False,Solid,26.5,4,False
Sentey CS1-1398 PLUS,,ATX Mid Tower,ATX,Black,,False,Solid,30.3,5,False
Sentey GS-6010 Plus,,ATX Mid Tower,ATX,Black / Blue,,False,Acrylic,36.9,5,False
Sentey GS-6020 Plus,,ATX Mid Tower,ATX,Black / Blue,,False,Acrylic,40.2,4,False
Thermaltake Versa G1,,ATX Mid Tower,ATX,Black,,False,Acrylic,40.1,5,False
Apevia X-Cruiser3,,ATX Mid Tower,ATX,Blue / Silver,,False,Acrylic,44.7,4,False
Apevia X-Cruiser3,,ATX Mid Tower,ATX,Black / Green,,False,Acrylic,44.7,4,False
Lian Li PC-A75,,ATX Full Tower,ATX,Black,,False,Acrylic,75.5,12,False
Apevia X-Sniper2,,ATX Mid Tower,ATX,Black / Red,,False,Acrylic,,4,False
Apevia X-Sniper2,,ATX Mid Tower,ATX,White / Blue,,False,Acrylic,,4,False
Silverstone RV04B-W,,ATX Full Tower,ATX,Black,,False,Acrylic,,7,False
Cougar MG100,,MicroATX Mini Tower,Micro ATX,Black,,False,Solid,,2,False
In Win D-FRAME,,ATX Desktop,ATX,Red,,False,Acrylic,97.5,3,False
Aerocool Strike-X GT,,ATX Mid Tower,ATX,Black / Red,,False,Solid,42.9,6,False
BitFenix Phenom M,,MicroATX Mini Tower,Micro ATX,White,,False,Solid,30.6,5,False
Apevia X-Hermes,,ATX Mid Tower,ATX,Black / Green,,False,Acrylic,44.7,4,False
BitFenix Shadow,,ATX Mid Tower,ATX,Black,,False,Solid,,7,False
Cooler Master N600 Windowed,,ATX Mid Tower,ATX,Black,,False,Acrylic,,7,False
Corsair Graphite Series 230T,,ATX Mid Tower,ATX,Black / Gray,,False,Acrylic,,4,False
Cooler Master Silencio 650,,ATX Mid Tower,ATX,Black,,False,Solid,,7,False
Aerocool XPredator Devil,,ATX Full Tower,ATX,Black / Red,,False,Acrylic,,6,False
Cougar MX500,,ATX Mid Tower,ATX,Black,,False,Solid,,7,False
Enermax ECA3310A,,ATX Mid Tower,ATX,Black,,False,Acrylic,58.6,7,False
Rosewill BLACKHAWK,,ATX Mid Tower,ATX,Black / Blue,,False,Acrylic,55.1,6,False
Rosewill LINE-M-A,,MicroATX Mini Tower,Micro ATX,Black,,False,Solid,26.9,0,False
Silverstone TJ08B-EW,,MicroATX Mid Tower,Micro ATX,Black,,False,Acrylic,30.2,4,False
Antec ISK600,,Mini ITX Tower,Mini ITX,Black / Blue,,False,Solid,18.7,3,False
BitFenix Comrade,,ATX Mid Tower,ATX,White,,False,Solid,37.0,3,False
Silverstone GD04B-USB3.0,,HTPC,Mini ITX,Silver,,False,Solid,21.3,2,False
Thermaltake Armor Series,,ATX Full Tower,ATX,Black,,False,Acrylic,65.0,6,False
EVGA Hadron Hydro,,Mini ITX Tower,Mini ITX,Black,500.0,True,Acrylic,18.4,2,False
Antec VSK-4350E-N,,ATX Mid Tower,ATX,Black,350.0,True,Solid,33.4,5,False
DIYPC HTPC-MiniCube,,Mini ITX Tower,Mini ITX,Gold,,False,Solid,9.8,1,False
In Win BP655.FH200B,,Mini ITX Desktop,Mini ITX,Black,200.0,True,Solid,8.1,1,False
Raidmax Cobra Z,,ATX Mid Tower,ATX,Black / Blue,,False,Solid,59.5,3,False
Thermaltake Urban S1,,MicroATX Mini Tower,Micro ATX,Black,,False,Solid,32.9,5,False
Thermaltake Urban SD1,,MicroATX Mini Tower,Micro ATX,Black,,False,Solid,30.4,2,False
Fractal Design Core 3500,,ATX Mid Tower,ATX,Black,,False,Acrylic,56.0,4,False
Aerocool XPredator X3,,ATX Mid Tower,ATX,Black / White,,False,Acrylic,62.5,8,False
DIYPC Skyline-07,,ATX Full Tower,ATX,Black,,False,Solid,69.2,3,False
Aerocool DS 200,,ATX Mid Tower,ATX,Black / Orange,,False,Solid,,5,False
BitFenix Pandora,,MicroATX Mid Tower,Micro ATX,Silver,,False,Acrylic,31.2,2,False
Lian Li PC-A61,,ATX Mid Tower,ATX,Black,,False,Solid,57.4,6,False
Lian Li PC-Q35A,,Mini ITX Tower,Mini ITX,Silver,,False,Solid,18.1,5,False
In Win BK644.BH300TB,,MicroATX Mini Tower,Micro ATX,Black,300.0,True,Solid,12.3,1,False
Rosewill STEALTH,,ATX Mid Tower,ATX,Black,,False,Acrylic,52.0,8,False
Aerocool GT-A,,ATX Mid Tower,ATX,White,,False,Acrylic,,3,False
Zalman H1,,ATX Full Tower,ATX,Black,,False,Acrylic,74.3,7,False
Silverstone FT05,,ATX Mid Tower,ATX,Silver,,False,Solid,45.3,2,False
be quiet! Silent Base 800,,ATX Mid Tower,ATX,Black / Silver,,False,Solid,,7,False
Ultra Defender II,,ATX Mid Tower,ATX,Black,,False,Acrylic,,4,False
Aerocool Strike-X Xtreme,,ATX Mid Tower,ATX,Black / White,,False,Acrylic,,6,False
Aerocool Strike-X Advance,,ATX Mid Tower,ATX,Black / Red,,False,Acrylic,,0,False
Cooler Master K281,,ATX Mid Tower,ATX,Black / Red,,False,Solid,,7,False
Cooler Master K350,,ATX Mid Tower,ATX,Black / Red,500.0,True,Acrylic,,6,False
DIYPC FM18,,ATX Mid Tower,ATX,Black,,False,Acrylic,33.8,2,False
Cooler Master Elite 334U,,ATX Mid Tower,ATX,Black / Silver,,False,Solid,,5,False
NZXT Phantom 240,,ATX Mid Tower,ATX,Black / Red,,False,Acrylic,,6,False
Phanteks Enthoo EVOLV,,MicroATX Mini Tower,Micro ATX,Silver,,False,Acrylic,41.7,3,False
DIYPC Zondda,,ATX Mid Tower,ATX,Black / Silver,,False,Acrylic,,4,False
BitFenix Aegis Core,,MicroATX Mid Tower,Micro ATX,Blue,,False,Acrylic,46.2,4,False
BitFenix Aegis,,MicroATX Mid Tower,Micro ATX,Black,,False,Acrylic,46.2,4,False
Raidmax HYBODUS,,MicroATX Mini Tower,Micro ATX,Black / Red,,False,Solid,,2,False
Sentey GS-6008,,ATX Mid Tower,ATX,Black,,False,Solid,,2,False
Cooltek UMX1,,Mini ITX Tower,Mini ITX,Black,,False,Solid,,2,False
Azza Nova 8000,,ATX Full Tower,ATX,Black / Orange,,False,Acrylic,,6,False
Rosewill R521-M,,MicroATX Mini Tower,Micro ATX,Black,400.0,True,Solid,,5,False
Apevia X-QPack3,,MicroATX Mini Tower,Micro ATX,Black / Blue,,False,Acrylic,,2,False
Apevia X-QPack3,,MicroATX Mini Tower,Micro ATX,Black,,False,Solid,,2,False
Apevia X-QPack3,,MicroATX Mini Tower,Micro ATX,Pink,,False,Acrylic,,2,False
Element Gaming Hyperion,,MicroATX Mid Tower,Micro ATX,Black / Blue,,False,Acrylic,,5,False
Raidmax Element,,Mini ITX Desktop,Mini ITX,Black / Gray,,False,Solid,,2,False
Raidmax Element,,Mini ITX Desktop,Mini ITX,Black / Blue,450.0,True,Solid,,2,False
VIVO CASE-V02,,ATX Mid Tower,ATX,Black / Blue,,False,Solid,,3,False
VIVO CASE-V03,,ATX Mid Tower,ATX,Black / Red,,False,Solid,,4,False
In Win 707,,ATX Full Tower,ATX,Black / Red,,False,Acrylic,,8,False
be quiet! Silent Base 600,,ATX Mid Tower,ATX,Black / Silver,,False,Solid,,3,False
Zalman ZM-T1 PLUS,,MicroATX Mini Tower,Micro ATX,Black,,False,Solid,,2,False
Thermaltake Suppressor F31,,ATX Mid Tower,ATX,Black,,False,Acrylic,,3,False
RAIJINTEK STYX,,MicroATX Mini Tower,Micro ATX,Silver,,False,Acrylic,,3,False
SHARKOON BD28,,ATX Mid Tower,ATX,Black / Green,,False,Acrylic,,3,False
SHARKOON BD28,,ATX Mid Tower,ATX,Black / Blue,,False,Solid,,3,False
Raidmax Viper II,,ATX Mid Tower,ATX,Black / Green,,False,Acrylic,,3,False
Raidmax Viper II,,ATX Mid Tower,ATX,Black / Red,,False,Acrylic,,3,False
SHARKOON T28,,ATX Mid Tower,ATX,Black / Red,,False,Acrylic,,6,False
SHARKOON T28,,ATX Mid Tower,ATX,Black / Green,,False,Acrylic,,6,False
VIVO Titan,,ATX Mid Tower,ATX,Black,,False,Acrylic,,2,False
Apevia X-QPack3,,MicroATX Mini Tower,Micro ATX,Black / Orange,,False,Acrylic,,2,False
DIYPC Zondda,,ATX Mid Tower,ATX,Black / Blue,,False,Acrylic,,4,False
DIYPC D480,,ATX Mid Tower,ATX,Black,,False,Solid,,2,False
Rosewill GUNGNIR,,ATX Mid Tower,ATX,Black / Red,,False,Acrylic,,3,False
Antec GX500,,ATX Mid Tower,ATX,Black,,False,Acrylic,44.4,4,False
DIYPC M89,,MicroATX Mini Tower,Micro ATX,Black / Red,,False,Solid,20.9,2,False
DIYPC Ranger-R5,,ATX Mid Tower,ATX,Black / Blue,,False,Acrylic,,4,False
DIYPC DIY-M6,,MicroATX Mid Tower,Micro ATX,White / Blue,,False,Acrylic,,2,False
Apevia X-EnerQ,,MicroATX Mid Tower,Micro ATX,Black / Green,,False,Acrylic,,2,False
Apevia X-Qber,,MicroATX Desktop,Micro ATX,Black / Red,,False,Acrylic,,2,False
Anidees AI7,,ATX Desktop,ATX,Black,,False,Acrylic,,4,False
Silverstone RVZ01-E,,HTPC,Mini ITX,Black,,False,Solid,,0,False
Xigmatek Eris,,Mini ITX Desktop,Mini ITX,Black,,False,Solid,,1,False
Logisys CS380BK,,ATX Mid Tower,ATX,Black,480.0,True,Acrylic,,3,False
SHARKOON T3-W,,ATX Mid Tower,ATX,Black / Blue,,False,Acrylic,38.3,6,False
NOX Hummer ZX,,ATX Mid Tower,ATX,White / Black,,False,Acrylic,48.8,2,False
NOX Coolbay SX,,ATX Mid Tower,ATX,Black / Red,,False,Solid,37.9,4,False
NOX Coolbay VX,,ATX Mid Tower,ATX,Black / Red,,False,Acrylic,34.3,7,False
SHARKOON DG7000,,ATX Mid Tower,ATX,Black / Blue,,False,Acrylic,46.4,3,False
SHARKOON DG7000,,ATX Mid Tower,ATX,Black / Red,,False,Acrylic,46.4,3,False
Lian Li PC-Q20,,Mini ITX Tower,Mini ITX,Silver,,False,Solid,7.2,0,False
Thermaltake Core P3,,ATX Mid Tower,ATX,Black / Silver,,False,Acrylic,80.1,2,False
RAIJINTEK Metis Plus,,Mini ITX Tower,Mini ITX,Black,,False,Acrylic,13.4,2,False
RAIJINTEK Metis Plus,,Mini ITX Tower,Mini ITX,Red,,False,Acrylic,13.4,2,False
Azza Onyx 260,,ATX Mid Tower,ATX,Black,,False,Acrylic,,3,False
Silverstone KL07,,ATX Mid Tower,ATX,Black,,False,Solid,52.9,3,False
Lian Li Odyssey,,Mini ITX Desktop,Mini ITX,Black,,False,Solid,,2,False
Lian Li Odyssey,,Mini ITX Desktop,Mini ITX,White,,False,Solid,,2,False
Apevia X-Mirage,,ATX Mid Tower,ATX,Black / Red,,False,Acrylic,41.8,2,False
Apevia X-Mirage,,ATX Mid Tower,ATX,White,,False,Acrylic,41.8,2,False
Aerocool Aero-300 FAW,,ATX Mid Tower,ATX,Black,,False,Acrylic,36.3,2,False
SHARKOON VG4-W,,ATX Mid Tower,ATX,Black,,False,Acrylic,38.3,3,False
VIVO CASE-V06,,MicroATX Mid Tower,Micro ATX,White / Black,,False,Acrylic,,2,False
Anidees AI Crystal Cube,,ATX Mid Tower,ATX,Black,,False,Tempered Glass,50.5,3,False
mean:it 5PM,,ATX Mid Tower,ATX,Black / Blue,,False,Tempered Glass,51.5,3,False
Enermax Ostrog ADV,,ATX Mid Tower,ATX,Black / Blue,,False,Acrylic,54.7,6,False
Enermax Ostrog ADV,,ATX Mid Tower,ATX,Black / Red,,False,Acrylic,54.7,6,False
Cooltek JB C2,,MicroATX Mini Tower,Micro ATX,Black,,False,Solid,12.1,1,False
DIYPC Illusion I,,ATX Mid Tower,ATX,Black / Blue,,False,Tempered Glass,,2,False
DIYPC Skyline-06,,ATX Full Tower,ATX,Black / Green,,False,Acrylic,,3,False
Silverstone RL06,,ATX Mid Tower,ATX,White / Black,,False,Tempered Glass,43.4,3,False
Silverstone TJ08B-E,,MicroATX Mini Tower,Micro ATX,Silver,,False,Solid,30.2,4,False
Raidmax Monster II,,ATX Mid Tower,ATX,Black,,False,Acrylic,,2,False
NZXT H400i,,MicroATX Mini Tower,Micro ATX,Black / Blue,,False,Tempered Glass,36.9,1,False
NZXT H200i,,Mini ITX Tower,Mini ITX,Black / Blue,,False,Tempered Glass,27.3,1,False
SHARKOON AM5,,ATX Mid Tower,ATX,Blue / Black,,False,Acrylic,,3,False
RIOTORO CR500,,ATX Mid Tower,ATX,Black,,False,Tempered Glass,41.0,4,False
Lian Li ALPHA 330X,,ATX Mid Tower,ATX,Black,,False,Tempered Glass,,2,False
Lian Li ALPHA 330W,,ATX Mid Tower,ATX,White,,False,Tempered Glass,,2,False
Rosewill Orbit-Z1,,ATX Mid Tower,ATX,Black,,False,Acrylic,41.6,2,False
Fractal Design Define R6,,ATX Mid Tower,ATX,White / Black,,False,Solid,56.7,6,False
Fractal Design Define R6,,ATX Mid Tower,ATX,Silver,,False,Tempered Glass,56.7,6,False
In Win X-Frame 2.0,,ATX Test Bench,ATX,Black / Red,,False,Solid,102.0,6,False
In Win Tou 2.0,,ATX Full Tower,ATX,,1065.0,True,Tempered Glass,,5,False
EVGA DG-73,,ATX Mid Tower,ATX,Black,,False,Acrylic,45.9,2,False
EVGA DG-75,,ATX Mid Tower,ATX,White,,False,Solid,47.3,2,False
Nanoxia Rexgear 1,,MicroATX Desktop,Micro ATX,Black,,False,Acrylic,,3,False
Nanoxia Deep Silence 4,,MicroATX Mini Tower,Micro ATX,Black / Gray,,False,Solid,,6,False
Raidmax X08,,ATX Mid Tower,ATX,Black / Silver,,False,Tempered Glass,,3,False
NZXT H400,,MicroATX Mini Tower,Micro ATX,Black / Blue,,False,Tempered Glass,36.9,1,False
Raidmax Alpha Prime,,ATX Mid Tower,ATX,White,,False,Tempered Glass,44.8,2,False
Lian Li PC-Q50,,Mini ITX Desktop,Mini ITX,Silver,,False,Solid,,2,False
Thermaltake View 32 TG,,ATX Mid Tower,ATX,Black,,False,Acrylic,,2,False
Cooler Master MasterBox MB511,,ATX Mid Tower,ATX,Black / White,,False,Acrylic,,2,False
RAIJINTEK PAEAN M,,MicroATX Mini Tower,Micro ATX,Black,,False,Tempered Glass,40.9,1,False
RAIJINTEK ASTERION CLASSIC,,ATX Full Tower,ATX,Black,,False,Tempered Glass,56.0,3,False
RAIJINTEK ASTERION PLUS,,ATX Full Tower,ATX,Black,,False,Acrylic,59.3,3,False
Lian Li PC-O11AIR RGB,,ATX Full Tower,ATX,Black,,False,Tempered Glass,60.2,3,False
DAN Cases A4-SFXv3,,Mini ITX Desktop,Mini ITX,Silver,,False,Solid,,0,False
SHARKOON VG5,,ATX Mid Tower,ATX,Black,,False,Acrylic,38.3,3,False
Cooler Master MasterBox E500L,,ATX Mid Tower,ATX,Black / Blue,,False,Acrylic,,2,False
HG Computers Osmi,,Mini ITX Tower,Mini ITX,Black,,False,Solid,,1,False
MagniumGear NEO,,ATX Mid Tower,ATX,Silver,,False,Tempered Glass,37.8,2,False
MagniumGear NEO G MINI,,Mini ITX Tower,Mini ITX,Black,,False,Tempered Glass,,1,False
MagniumGear NEO MINI,,Mini ITX Tower,Mini ITX,Silver,,False,Tempered Glass,,1,False
GAMDIAS Talos P1,,ATX Mid Tower,ATX,Black,,False,Tempered Glass,,2,False
BitFenix Enso Mesh,,ATX Mid Tower,ATX,Black,,False,Tempered Glass,46.4,2,False
FSP Group CMT330,,ATX Mid Tower,ATX,Black / Blue,,False,Acrylic,,2,False
Azza Chroma 410,,ATX Mid Tower,ATX,Black,,False,Tempered Glass,,2,False
DIYPC Trio-GT-RGB,,ATX Mid Tower,ATX,Black,,False,Tempered Glass,,2,False
Cougar Puritas,,ATX Mid Tower,ATX,Black,,False,Tempered Glass,,2,False
Cooler Master MasterBox K500 Phantom Gaming Edition,,ATX Mid Tower,ATX,Black,,False,Tempered Glass,46.9,2,False
Thermaltake Commander C31 TG ARGB,,ATX Mid Tower,ATX,Black,,False,Tempered Glass,,3,False
Cooler Master MasterCase H500P Mesh Phantom Gaming Edition,,ATX Mid Tower,ATX,Black / Red,,False,Acrylic,71.4,2,False
Thermaltake Versa J24 ARGB,,ATX Mid Tower,ATX,Black,,False,Tempered Glass,,3,False
Thermaltake Commander C31 TG Snow ARGB,,ATX Mid Tower,ATX,White / Black,,False,Tempered Glass,,3,False
Cougar MX330-STE500,,ATX Mid Tower,ATX,Black,500.0,True,Acrylic,39.4,2,False
GameMax ABYSS,,ATX Mid Tower,ATX,Black,,False,Tempered Glass,,3,False
Raidmax Alpha,,ATX Mid Tower,ATX,Black,,False,Acrylic,44.2,2,False
Raidmax Alpha,,ATX Mid Tower,ATX,White,,False,Acrylic,44.2,2,False
Rosewill PRISM S LITE,,ATX Mid Tower,ATX,Black,,False,Tempered Glass,46.9,3,False
Deepcool Gamer Storm NEW ARK 90SE,,ATX Mid Tower,ATX,Black,,False,Tempered Glass,,3,False
Anidees AI Crystal Cube MAR 3,,ATX Mid Tower,ATX,Black,,False,Tinted Tempered Glass,50.5,3,False
GameMax Crusader Mirage,,ATX Mid Tower,ATX,Black,,False,Tempered Glass,34.8,3,False
GameMax Expedition,,MicroATX Mini Tower,Micro ATX,White,,False,Acrylic,29.4,2,False
GameMax Explorer,,MicroATX Mini Tower,Micro ATX,Black,,False,Tinted Acrylic,33.7,2,False
GameMax Gravity,,ATX Mid Tower,ATX,Black,,False,Tempered Glass,49.6,2,False
GameMax Knight,,ATX Mid Tower,ATX,Black,,False,Tempered Glass,41.3,3,False
GameMax Moonstone RGB,,ATX Mid Tower,ATX,Black,,False,Tempered Glass,66.9,1,False
GameMax GMX-PRECISION,,ATX Full Tower,ATX,Black,,False,Tempered Glass,82.9,10,False
GameMax Sapphire RGB,,ATX Mid Tower,ATX,Black,,False,Tempered Glass,52.3,2,False
GameMax Solar,,ATX Mid Tower,ATX,Black,,False,Tempered Glass,40.1,1,False
GameMax View,,ATX Mid Tower,ATX,Black,,False,Tempered Glass,50.7,2,False
DIYPC DIY-D3-RGB,,ATX Mid Tower,ATX,Black,,False,Tempered Glass,46.1,2,False
Deepcool Gamer Storm Quadstellar Electro Limited Edition,,ATX Desktop,ATX,Silver / Orange,,False,Solid,,8,False
Rosewill Cullinan V-Silent,,ATX Mid Tower,ATX,Black,,False,Solid,51.8,2,False
NZXT H510 Horde,,ATX Mid Tower,ATX,Red,,False,Tempered Glass,41.3,2,False
RAIJINTEK METIS EVO TGS,,Mini ITX Desktop,Mini ITX,Red,,False,Tempered Glass,22.3,2,False
Rosewill FBM-X2,,MicroATX Mini Tower,Micro ATX,Black,400.0,True,Solid,25.3,1,False
Apevia CRUSADER-F-WH,,ATX Mid Tower,ATX,White,,False,Tempered Glass,,2,False
KOLINK BIG CHUNGUS,,ATX Mid Tower,ATX,Black,,False,Tempered Glass,146.1,2,False
DIYPC Solo-T2-R Black USB 3.0,,ATX Mid Tower,ATX,Black / Red,,False,Solid,39.1,3,False
GameMax RockStar G515,,ATX Mid Tower,ATX,Black,,False,Acrylic,,2,False
Golden Field MUT1,,ATX Mid Tower,ATX,Black,,False,Solid,47.5,2,False
DIYPC Vanguard-V6-RGB,,ATX Mid Tower,ATX,Black,,False,Tempered Glass,,3,False
Raidmax Monster II SE,,ATX Mid Tower,ATX,Black,,False,Tempered Glass,,2,False
SilentiumPC Regnum RG4,,ATX Mid Tower,ATX,White / Black,,False,Solid,46.1,3,False
DIYPC S2-RGB,,ATX Mid Tower,ATX,White / Black,,False,Tempered Glass,44.9,2,False
GAMDIAS APOLLO M1,,ATX Mid Tower,ATX,Black,,False,Tempered Glass,,2,False
Enermax MarbleShell MS30,,ATX Mid Tower,ATX,White / Black,,False,Tempered Glass,,2,False
GameMax Shine G517,,ATX Mid Tower,ATX,Black,,False,Tempered Glass,,2,False
Silverstone FARA R1,,ATX Mid Tower,ATX,Black,,False,Solid,,1,False
Azza Pyramid 804V,,ATX Mid Tower,ATX,Silver / Black,,False,Tempered Glass,,1,False
Aerocool Flo Saturn FRGB,,ATX Mid Tower,ATX,Black,,False,Tempered Glass,48.8,2,False
BitFenix Nova Mesh SE,,ATX Mid Tower,ATX,White,,False,Solid,36.1,2,False
darkFlash DLS 480,,ATX Mid Tower,ATX,Black,,False,Tempered Glass,53.7,2,False
Apevia Matrix,,ATX Mid Tower,ATX,Pink,,False,Tempered Glass,37.8,3,False
Apevia Enzo,,ATX Mid Tower,ATX,Black,,False,Tempered Glass,35.7,3,False
Apevia Enzo,,ATX Mid Tower,ATX,Pink,,False,Tempered Glass,35.7,3,False
SilentiumPC Armis AR6,,ATX Mid Tower,ATX,Black,,False,Tempered Glass,46.0,2,False
SilentiumPC Armis AR6X EVO ARGB,,ATX Mid Tower,ATX,Black,,False,Tempered Glass,46.0,2,False
SilentiumPC Armis AR7 RGB,,ATX Mid Tower,ATX,Black,,False,Tempered Glass,63.9,3,False
DIYPC Vanguard-V8-RGB,,ATX Mid Tower,ATX,Black,,False,Tempered Glass,,3,False
Aerocool Trinity Mini V3,,MicroATX Mini Tower,Micro ATX,White,,False,Tempered Glass,28.1,2,False
BitFenix Prodigy M 2022 ARGB,,MicroATX Mini Tower,Micro ATX,White / Black,,False,Tempered Glass,,2,False
GAMDIAS ARGUS M3,,ATX Mid Tower,ATX,Black,,False,Tempered Glass,,2,False
GAMDIAS ATHENA E1,,ATX Mid Tower,ATX,Black,,False,Tempered Glass,,2,False
GAMDIAS TALOS M1 LITE,,ATX Mid Tower,ATX,Black,,False,Tempered Glass,,2,False
GAMDIAS TALOS M1A,,ATX Mid Tower,ATX,Black,,False,Tempered Glass,,2,False
GAMDIAS TALOS P1A,,ATX Mid Tower,ATX,Black,,False,Tempered Glass,,2,False
BitFenix BitFenix Neos Window BFC-NEO-100-WWWKB-RP White / Blue Steel / Plastic ATX Mid Tower Computer Case,,ATX Mid Tower,ATX,White / Blue,,False,Acrylic,37.0,3,False
"BitFenix BitFenix Neos Window Side Panel Computer Case, Black/Red, BFC-NEO-100-KKWSR-RP, ATX/Micro ATX/Mini-ITX Form Factor, Compatible with ATX PSU",,ATX Mid Tower,ATX,Black / Red,,False,Acrylic,37.0,3,False
SilentiumPC Ventum VT4V EVO TG ARGB,,ATX Mid Tower,ATX,White,,False,Tempered Glass,,2,False
Raidmax P805,,ATX Mid Tower,ATX,Black,,False,Tempered Glass,,2,False
Vetroo A03,,ATX Mid Tower,ATX,Black,,False,Tempered Glass,,2,False
Rosewill SPECTRA C101,,MicroATX Mini Tower,Micro ATX,Black,,False,Tempered Glass,37.0,2,False
Thermaltake Divider 550 TG Ultra,4099.59,ATX Mid Tower,ATX,Black,,False,Tempered Glass,56.8,2,True
Azza Inferno 310DF,,ATX Mid Tower,ATX,Black,,False,Tempered Glass,46.7,2,False
CiT Master,,ATX Mid Tower,ATX,Black,,False,Tempered Glass,37.6,2,False
SSUPD Meshroom S,,ATX Mini Tower,ATX,Yellow,,False,Mesh,14.9,0,False
Rosewill SPECTRA C201,,ATX Mid Tower,ATX,Black,,False,Tempered Glass,37.6,2,False
Vetroo AL-MESH-7C,,ATX Mid Tower,ATX,White,,False,Tempered Glass,40.9,2,False
DIYPC ARGB-Q8-W,,MicroATX Mid Tower,Micro ATX,Silver / Black,,False,Tempered Glass,28.4,2,False
CiT Dark Star ARGB,,ATX Mid Tower,ATX,Black,,False,Acrylic,41.3,2,False
Jonsbo V8,,Mini ITX Desktop,Mini ITX,Black,,False,Mesh,25.3,2,False
OCPC MICRO,,MicroATX Mid Tower,Micro ATX,White,,False,Solid,12.7,0,False
MagniumGear NEO AIR (2023),,ATX Mid Tower,ATX,Black,,False,Tempered Glass,41.4,2,False
Noua Diamond C9,,ATX Mid Tower,ATX,Red / Black,,False,Tempered Glass,41.0,2,False
Noua Iron V7,,ATX Mid Tower,ATX,Black,,False,Tempered Glass,51.5,2,False
Noua Iron V6,,ATX Mid Tower,ATX,Black,,False,Tempered Glass,53.9,2,False
Noua Noob X5,,ATX Mid Tower,ATX,Black,,False,Tempered Glass,35.8,2,False
Noua Smash S10,,ATX Mid Tower,ATX,White,,False,Tempered Glass,35.7,2,False
Noua Oryx M4,,ATX Mid Tower,ATX,Black,,False,Tempered Glass,35.5,2,False
Noua Orizon M3,,ATX Mid Tower,ATX,Black,,False,Tempered Glass,40.1,2,False
Deepcool CC560 FS,,ATX Mid Tower,ATX,Black,,False,Tempered Glass,41.7,2,False
Apevia Guardian-M,,ATX Mid Tower,ATX,Pink,,False,Tempered Glass,39.5,2,False
Jonsbo Jonsplus i400,,ATX Mid Tower,ATX,Silver,,False,Solid,55.7,6,False
Jonsbo Jonsplus i400,,ATX Mid Tower,ATX,Black,,False,Tempered Glass,55.7,6,False
GALAX REV-01,,ATX Mid Tower,ATX,White,,False,Tempered Glass,41.9,2,False
GALAX REV-03,,MicroATX Mini Tower,Micro ATX,White,,False,Mesh,21.9,1,False
SHARKOON Rebel C60 RGB,,ATX Mid Tower,ATX,Black,,False,Tempered Glass,52.0,3,False
Mars Gaming MCM,,MicroATX Mini Tower,Micro ATX,White,,False,Tempered Glass,20.5,2,False
Enermax MarbleShell MS21 RGB,,MicroATX Mid Tower,Micro ATX,Black,,False,Tempered Glass,33.8,2,False
KOLINK INSPIRE K20,,ATX Mid Tower,ATX,Black,,False,Tempered Glass,30.6,2,False
KOLINK Inspire X3,,ATX Mid Tower,ATX,Black,,False,Tempered Glass,30.1,2,False
DIYPC DIY-A5,,MicroATX Mini Tower,Micro ATX,Black,,False,Tempered Glass,28.4,2,False
DIYPC IDX7-ARGB,,ATX Mid Tower,ATX,Black,,False,Tempered Glass,49.8,4,False
Rosewill SRM-01B,,MicroATX Mini Tower,Micro ATX,Black,450.0,True,Solid,,2,False
Jonsbo Jonsplus Z20,,MicroATX Desktop,Micro ATX,Pink / Black,,False,Tempered Glass,25.3,1,False
YEYIAN Blade 2101,,ATX Mid Tower,ATX,Black,,False,Tempered Glass,35.8,2,False
YEYIAN Stahl 900,,ATX Mid Tower,ATX,Black,,False,Solid,27.6,2,False
YEYIAN Shadow 2200,,ATX Mid Tower,ATX,Black,,False,Tempered Glass,44.9,2,False
Cooler Master MasterBox 520 Mesh Blackout Edition,,ATX Mid Tower,ATX,Black,,False,Tempered Glass,50.4,2,False
Thermaltake V100,,ATX Mid Tower,ATX,Black,450.0,True,Acrylic,36.6,2,False
CherryTree Borg Cube w/Lights,,ATX Desktop,ATX,Black,,False,Tempered Glass,55.3,0,False
SSUPD Meshroom S V2,,MicroATX Mini Tower,Micro ATX,Gray,,False,Mesh,14.9,2,False
Aerocool GT,,ATX Mid Tower,ATX,Black,,False,Mesh,34.4,3,False
SHARKOON Skiller SGC1,,ATX Mid Tower,ATX,Black,,False,Solid,47.5,2,False
Aerocool Hexform,,MicroATX Mid Tower,Micro ATX,Black,,False,Tempered Glass,28.0,2,False
Cooler Master CMP 500,,ATX Mid Tower,ATX,Black,,False,Acrylic,46.5,2,False
Cooler Master Elite 600,,ATX Mid Tower,ATX,Black,,False,Tempered Glass,52.0,2,False
Cougar OmnyX,,ATX Mid Tower,ATX,Black,,False,Tempered Glass,73.3,2,False
RAIJINTEK Thetis,,ATX Mid Tower,ATX,Silver,,False,Acrylic,27.7,2,False
NZXT Source 210,,ATX Mid Tower,ATX,Black,,False,Solid,42.4,8,False
Thermaltake Divider 200 TG Snow,,MicroATX Mini Tower,Micro ATX,Black,,False,Tempered Glass,51.6,3,False
Thermaltake Divider 300 ARGB Snow Triangular,,ATX Mid Tower,ATX,White,,False,Tempered Glass,48.2,2,False
Silverstone FARA R1 Rainbow,,ATX Mid Tower,ATX,Black,,False,Tempered Glass,,1,False
Thermaltake Divider 500 TG ARGB Snow,3499.2,ATX Mid Tower,ATX,White,,False,Tempered Glass,56.8,2,True
CiT S003B,,MicroATX Desktop,Micro ATX,Black / Silver,300.0,True,Solid,12.1,2,False
Chieftec Chieftronic M2,,MicroATX Mid Tower,Micro ATX,,,False,Tempered Glass,37.5,2,False
Azza CUBE MINI 805,,Mini ITX Tower,Mini ITX,Silver / Black,,False,Tempered Glass,17.6,0,False
SHARKOON Rebel C60 RGB,,ATX Mid Tower,ATX,White,,False,Tempered Glass,52.0,3,False
SHARKOON Rebel C80G RGB,,ATX Mid Tower,ATX,Black,,False,Tempered Glass,55.7,3,False
Silverstone SG03B-F,,MicroATX Mini Tower,Micro ATX,Black,,False,Solid,22.2,0,False
BitFenix Aegis,,MicroATX Mid Tower,Micro ATX,Red,,False,Acrylic,46.2,4,False
Cooler Master MasterBox E500L,,ATX Mid Tower,ATX,Black / Silver,,False,Solid,,2,False
Jonsbo TR03-A,,ATX Mid Tower,ATX,Black,,False,Tempered Glass,95.3,3,False
Jonsbo TR03-G,,ATX Mid Tower,ATX,Silver,,False,Tempered Glass,95.3,3,False
GAMDIAS ARGUS M2,,ATX Mid Tower,ATX,Black,,False,Tempered Glass,,2,False
In Win Explorer,,Mini ITX Desktop,Mini ITX,Yellow / Red,,False,Tempered Glass,34.3,1,False
In Win A5,,ATX Mid Tower,ATX,White,,False,Tempered Glass,34.9,2,False
Chieftec BT-06B-250VS (230v),,Mini ITX Tower,Mini ITX,,250.0,True,Solid,10.5,1,False
Jonsbo UMX6,,ATX Full Tower,ATX,Black,,False,Solid,54.1,2,False
Chieftec SCORPION 3,,ATX Mid Tower,ATX,White / Black,,False,Tempered Glass,43.3,2,False
GameMax Vega,,ATX Mid Tower,ATX,White / Black,,False,Tempered Glass,53.2,3,False
RAIJINTEK PAN Slim,,Mini ITX Desktop,Mini ITX,Silver,,False,Solid,38.7,2,False
YEYIAN Phoenix,,ATX Mid Tower,ATX,Black,,False,Mesh,47.3,2,False
Antec NSK1380,,MicroATX Mini Tower,Micro ATX,Silver / Black,350.0,True,Solid,18.0,3,False
Antec NSK4482B,,ATX Mid Tower,ATX,Black,380.0,True,Solid,34.9,3,False
Antec Two Hundred V2,,ATX Mid Tower,ATX,Black,,False,Solid,42.1,0,False
Cooler Master Elite 310,,ATX Mid Tower,ATX,Black / Red,,False,Acrylic,39.1,6,False
Cooler Master Elite 330,,ATX Mid Tower,ATX,Black / Silver,350.0,True,Solid,38.2,5,False
Cooler Master Gladiator 600,,ATX Mid Tower,ATX,Black / Gray,,False,Solid,41.8,5,False
Cooler Master Storm Sniper,,ATX Mid Tower,ATX,Black,,False,Acrylic,79.2,5,False
Gigabyte GZ-KXA,,ATX Mid Tower,ATX,Black,,False,Solid,32.8,5,False
Thermaltake LANBOX Lite,,MicroATX Mini Tower,Micro ATX,Black,,False,Acrylic,29.6,2,False
Thermaltake Armor+ MX,,ATX Mid Tower,ATX,Black,,False,Acrylic,62.8,4,False
Thermaltake Element G,,ATX Mid Tower,ATX,Black,,False,Solid,57.5,7,False
Thermaltake Element Q,,Mini ITX Desktop,Mini ITX,Black,200.0,True,Solid,9.4,1,False
Thermaltake ARMOR A90,,ATX Mid Tower,ATX,Black,,False,Acrylic,54.3,6,False
Thermaltake ARMOR A60,,ATX Mid Tower,ATX,Black,,False,Acrylic,50.4,5,False
Thermaltake ARMOR A60 AMD Edition,,ATX Mid Tower,ATX,Black / Red,,False,Acrylic,50.4,5,False
Rosewill Cruiser,,ATX Mid Tower,ATX,Black,,False,Acrylic,47.7,4,False
Rosewill R101-P,,MicroATX Mid Tower,Micro ATX,Black,,False,Solid,25.3,4,False
Rosewill R363-M,,MicroATX Mid Tower,Micro ATX,Black,400.0,True,Solid,25.8,2,False
NZXT Lexa S,,ATX Mid Tower,ATX,Black,,False,Acrylic,49.6,7,False
HEC 63RABB,,ATX Mid Tower,ATX,Black,,False,Solid,35.2,4,False
Antec Solo,,ATX Mid Tower,ATX,Black / White,,False,Solid,41.4,4,False
Cooler Master Elite 334 nVidia,,ATX Mid Tower,ATX,Black,,False,Acrylic,38.2,6,False
Thermaltake Armor A30,,ATX Mini Tower,ATX,Black,,False,Acrylic,35.5,2,False
Lian Li PC-Q06,,Mini ITX Test Bench,Mini ITX,Red,,False,Solid,10.7,1,False
Lian Li PC-Q09F,,Mini ITX Desktop,Mini ITX,Silver,150.0,True,Solid,6.3,0,False
Lian Li PC-Q09F,,Mini ITX Desktop,Mini ITX,Black,150.0,True,Solid,6.3,0,False
Lian Li PC-Q09F,,Mini ITX Desktop,Mini ITX,Red,150.0,True,Solid,6.3,0,False
Lian Li PC-Q09,,Mini ITX Desktop,Mini ITX,Red,80.0,True,Solid,5.5,0,False
Lian Li PC-Q09,,Mini ITX Desktop,Mini ITX,White,110.0,True,Solid,5.5,0,False
Lian Li PC-Q11,,Mini ITX Tower,Mini ITX,Red,,False,Solid,16.8,2,False
Lian Li PC-60FNWX,,ATX Mid Tower,ATX,Black,,False,Acrylic,48.0,4,False
Lian Li PC-7FNWX,,ATX Mid Tower,ATX,Black,,False,Acrylic,47.9,4,False
Lian Li PC-A06FB,,ATX Mid Tower,ATX,Black,,False,Solid,34.0,3,False
Lian Li PC-B70,,ATX Full Tower,ATX,Black,,False,Solid,76.9,10,False
Lian Li PC-C39,,HTPC,Mini ITX,Black,,False,Solid,16.6,2,False
Lian Li PC-C37B,,HTPC,Mini ITX,Black,,False,Solid,15.3,2,False
Lian Li PC-T1,,Mini ITX Test Bench,Mini ITX,Black,,False,Solid,21.1,1,False
Lian Li PC-T7,,Mini ITX Test Bench,Mini ITX,Black,,False,Solid,18.6,1,False
Lian Li PC-V1200Bplus II,,ATX Mid Tower,ATX,Black,,False,Solid,64.2,6,False
Lian Li PC-V2120,,ATX Full Tower,ATX,Black,,False,Solid,93.5,10,False
Lian Li PC-V352,,MicroATX Desktop,Micro ATX,Black,,False,Solid,30.4,3,False
Aerocool AeroRacer Pro-Red,,ATX Mid Tower,ATX,Black / Red,,False,Solid,34.8,4,False
Aerocool Vx-e,,ATX Mid Tower,ATX,Black,,False,Solid,47.7,0,False
Apevia X-Gear,,ATX Mid Tower,ATX,Green / Blue,420.0,True,Acrylic,40.1,4,False
Apevia X-Cruiser2,,ATX Mid Tower,ATX,Blue / Silver,,False,Acrylic,40.1,5,False
Apevia X-Jupiter G-Type,,ATX Full Tower,ATX,Black,,False,Solid,66.3,6,False
Apevia X-Plorer2,,ATX Mid Tower,ATX,Black / Silver,,False,Acrylic,39.2,5,False
Apevia X-QBOII,,MicroATX Mini Tower,Micro ATX,Black,500.0,True,Acrylic,28.4,2,False
Apevia X-QPack,,MicroATX Desktop,Micro ATX,Black / Silver,420.0,True,Solid,22.7,2,False
Apevia X-QPack,,MicroATX Desktop,Micro ATX,Black,420.0,True,Solid,22.7,2,False
Apevia X-QPack2,,MicroATX Desktop,Micro ATX,Black / Silver,500.0,True,Solid,24.2,2,False
Apevia X-QPack2,,MicroATX Desktop,Micro ATX,Black / Pink,500.0,True,Acrylic,24.2,2,False
Apevia X-Telstar-Jr G-Type,,ATX Mid Tower,ATX,Silver,,False,Acrylic,42.3,3,False
Apevia X-Telstar-Jr S-Type,,ATX Mid Tower,ATX,Silver,,False,Solid,42.3,3,False
Apevia X-Telstar-Jr S-Type,,ATX Mid Tower,ATX,Black / Red,,False,Solid,42.3,3,False
Antec P183 V3,,ATX Mid Tower,ATX,Black,,False,Solid,53.8,6,False
NZXT M59 - 001BK,,ATX Mid Tower,ATX,Black,,False,Acrylic,43.1,7,False
HEC 6T18BBHP485D,,MicroATX Mini Tower,Micro ATX,Black,485.0,True,Solid,21.6,1,False
NZXT Apollo,,ATX Mid Tower,ATX,Black,,False,Acrylic,61.8,4,False
NZXT Beta Evo,,ATX Mid Tower,ATX,Black,,False,Solid,48.9,5,False
NZXT Lexa Blackline,,ATX Mid Tower,ATX,Black,,False,Acrylic,65.4,5,False
Apex DM-318,,HTPC,Mini ITX,Black,275.0,True,Solid,12.8,1,False
Apex TM-302-3,,MicroATX Mid Tower,Micro ATX,Black / Silver,300.0,True,Solid,25.7,1,False
Apex TX-373,,MicroATX Mid Tower,Micro ATX,Black,300.0,True,Solid,26.7,4,False
Apex TX-519-35,,MicroATX Mid Tower,Micro ATX,Black,350.0,True,Solid,26.7,4,False
Apex Vortex 3620mini,,MicroATX Mid Tower,Micro ATX,Black,,False,Solid,25.0,2,False
Athena Power CA-1015CR40,,MicroATX Slim,Micro ATX,Black / Red,400.0,True,Solid,18.1,1,False
Athena Power CA-1015IS30,,MicroATX Slim,Micro ATX,Black / Silver,300.0,True,Solid,18.1,1,False
Athena Power CA-1015IS47,,MicroATX Slim,Micro ATX,Black / Silver,470.0,True,Solid,18.1,1,False
Athena Power CA-601B95,,ATX Full Tower,ATX,Black,950.0,True,Solid,50.6,4,False
Athena Power CA-601YW80,,ATX Full Tower,ATX,Yellow,800.0,True,Acrylic,50.6,4,False
Athenatech A1089BB.150,,Mini ITX Tower,Mini ITX,Black,150.0,True,Solid,9.9,1,False
Athenatech A1089BW.150,,Mini ITX Tower,Mini ITX,Black / White,150.0,True,Solid,9.9,1,False
Enermax ECA2020,,MicroATX Mid Tower,Micro ATX,Black,350.0,True,Solid,29.3,4,False
Enermax ECA3170,,ATX Mid Tower,ATX,Black,,False,Solid,33.9,6,False
Foxconn TLA+566(H+A)+ISO-400-4SS,,ATX Mid Tower,ATX,Black / Silver,300.0,True,Solid,33.2,4,False
Foxconn TLM-566(H+A)+ISO-400-4SS,,MicroATX Mid Tower,Micro ATX,Black / Silver,300.0,True,Solid,25.7,4,False
Foxconn TW-689 (H+A)+ISO-450,,MicroATX Mini Tower,Micro ATX,Black / Silver,350.0,True,Solid,25.1,2,False
Gigabyte GZ-AA2CB-SNS,,ATX Mid Tower,ATX,White / Black,,False,Solid,44.1,3,False
Gigabyte Setto 1020,,ATX Mid Tower,ATX,Black,,False,Solid,36.1,6,False
Gigabyte Sumo 5115,,ATX Full Tower,ATX,Black,,False,Solid,60.5,5,False
Gigabyte GZ-P5HA3W,,ATX Mid Tower,ATX,Black,,False,Solid,26.5,5,False
Gigabyte GZ-X6BPD-500,,ATX Mid Tower,ATX,Black,,False,Solid,36.1,3,False
In Win BK644.BN300TBL,,MicroATX Mini Tower,Micro ATX,Black,300.0,True,Solid,12.3,1,False
In Win C583T.CQ350TBL,,ATX Mid Tower,ATX,Black / Silver,350.0,True,Solid,35.0,3,False
In Win EM033.T350BL,,ATX Mini Tower,ATX,Black,,False,Solid,25.3,2,False
In Win IW-Z589T.CQ350TBL,,MicroATX Mini Tower,Micro ATX,Black,350.0,True,Solid,24.2,1,False
In Win IW-Z638T.CQ350TBL,,MicroATX Mini Tower,Micro ATX,Black,350.0,True,Solid,24.2,1,False
Raidmax Tornado,,ATX Mid Tower,ATX,Black / Red,,False,Acrylic,42.1,5,False
Raidmax Tornado,,ATX Mid Tower,ATX,Black / Red,450.0,True,Acrylic,42.1,5,False
Raidmax Smilodon ATX-612WB,,ATX Mid Tower,ATX,Black / White,,False,Acrylic,47.5,4,False
Raidmax Aztec,,ATX Mid Tower,ATX,Black / Yellow,,False,Acrylic,47.5,4,False
Raidmax Quantum ATX-798WB,,ATX Mid Tower,ATX,Black,,False,Acrylic,58.6,6,False
Raidmax Sagitta ATX-928WB,,ATX Mid Tower,ATX,Black,,False,Acrylic,44.6,3,False
Raidmax Skyline ATX-948WB,,ATX Mid Tower,ATX,Black / Silver,,False,Acrylic,47.1,4,False
Silverstone KL02-B,,ATX Mid Tower,ATX,Black,,False,Solid,41.7,4,False
Silverstone KL03-B,,ATX Full Tower,ATX,Silver,,False,Solid,68.2,4,False
Silverstone SG05-B,,Mini ITX Desktop,Mini ITX,Black,300.0,True,Solid,10.7,1,False
Silverstone SG06-B,,Mini ITX Desktop,Mini ITX,Black,300.0,True,Solid,11.1,1,False
Sunbeam ACUF-HUVB,,ATX Mid Tower,ATX,Clear,,False,Solid,33.3,2,False
XClio WTBK ADVANCED,,ATX Full Tower,ATX,Black,,False,Solid,75.7,6,False
Xigmatek Asgard II,,ATX Mid Tower,ATX,Black / Silver,,False,Solid,35.5,5,False
Xion AXP600-001BK,,ATX Mid Tower,ATX,Black,,False,Solid,40.0,4,False
Athenatech A100SC.270,,HTPC,Mini ITX,Gray / Silver,270.0,True,Solid,18.5,2,False
Foxconn DH-153C(H+A)+MT-300-4SS,,HTPC,Mini ITX,Black,300.0,True,Solid,13.0,1,False
Silverstone LC20-B,,HTPC,Mini ITX,Black,,False,Solid,31.3,6,False
Zalman HD160,,HTPC,Mini ITX,Silver / Black,,False,Solid,29.4,4,False
Lian Li PC-K63,,ATX Mid Tower,ATX,Black,,False,Acrylic,60.1,6,False
In Win BK644,,MicroATX Mini Tower,Micro ATX,Black,300.0,True,Solid,12.3,1,False
Broadway Com Corp 937PK,,MicroATX Mid Tower,Micro ATX,Black / Gray,420.0,True,Solid,25.5,4,False
NZXT Zero 2,,ATX Full Tower,ATX,Black,,False,Solid,59.7,6,False
Cooler Master HAF 922,,ATX Mid Tower,ATX,Black,,False,Acrylic,71.5,5,False
Dynapower EN-4102,,MicroATX Mid Tower,Micro ATX,Silver / Black,,False,Solid,38.8,4,False
Gigabyte Triton 180,,ATX Mid Tower,ATX,Black,,False,Solid,41.9,3,False
In Win BP671.200BL,,Mini ITX Tower,Mini ITX,Black,200.0,True,Solid,8.1,1,False
In Win IW-Z589T.D400TBL,,MicroATX Mini Tower,Micro ATX,Black,400.0,True,Solid,,1,False
Lian Li PC-K59,,ATX Mid Tower,ATX,Black,,False,Acrylic,60.1,6,False
Raidmax Atlas,,ATX Mid Tower,ATX,Black,500.0,True,Acrylic,44.7,4,False
Raidmax ATX-298WBP,,ATX Mid Tower,ATX,Black,500.0,True,Acrylic,42.9,4,False
Raidmax Typhoon,,ATX Mid Tower,ATX,Black,450.0,True,Acrylic,36.2,5,False
Raidmax Aztec,,ATX Mid Tower,ATX,Black / Silver,,False,Acrylic,47.5,4,False
Rosewill Future,,ATX Mid Tower,ATX,Black,,False,Solid,39.7,6,False
Apevia X-Trooper,,ATX Mid Tower,ATX,Black,,False,Acrylic,44.8,6,False
Logisys Area 51,,ATX Mid Tower,ATX,Black,480.0,True,Acrylic,65.3,5,False
Lian Li PC-A05FNB,,ATX Mid Tower,ATX,Black,,False,Solid,40.4,3,False
Lian Li PC-A70F USB3.0,,ATX Mid Tower,ATX,Black,,False,Solid,76.3,10,False
Lian Li PC-U6B,,MicroATX Mid Tower,Micro ATX,Black,,False,Solid,44.6,3,False
Lian Li PC-X900,,ATX Mid Tower,ATX,Black,,False,Acrylic,53.3,7,False
Logisys CS206BK,,ATX Mid Tower,ATX,Black,480.0,True,Solid,28.8,5,False
Logisys CS308BK,,ATX Mid Tower,ATX,Black / Silver,480.0,True,Acrylic,31.8,5,False
Logisys CS308RD,,ATX Mid Tower,ATX,Black / Red,480.0,True,Acrylic,31.8,5,False
Raidmax Tornado,,ATX Mid Tower,ATX,Black,450.0,True,Solid,42.1,5,False
Silverstone TJ11B-W,,ATX Full Tower,ATX,Black,,False,Acrylic,94.5,6,False
nMEDIAPC HTPC 1080P,,HTPC,Mini ITX,Black,,False,Solid,17.7,3,False
nMEDIAPC HTPC 2000B,,HTPC,Mini ITX,Black,,False,Solid,29.9,6,False
Linkworld 313-06-C2228,,ATX Mid Tower,ATX,Black / Silver,,False,Solid,35.2,5,False
Sentey BX1-4243 v2.1,,ATX Mid Tower,ATX,Black,,False,Solid,40.2,4,False
Sentey CS2-1332,,ATX Mid Tower,ATX,Black,,False,Solid,25.9,2,False
Linkworld 43716-128FU+P04,,MicroATX Mini Tower,Micro ATX,Black / Silver,430.0,True,Solid,23.2,1,False
Sentey CS2-1331,,ATX Mid Tower,ATX,Black,,False,Solid,25.9,2,False
Diablotek LEGEND,,ATX Mid Tower,ATX,Black,,False,Solid,,2,False
Sigma ORCA-B,,ATX Mid Tower,ATX,Black / Silver,,False,Solid,38.9,4,False
Sentey PS1-3213,,ATX Mid Tower,ATX,Black,,False,Solid,29.8,2,False
Sigma UNICORN-ST,,ATX Mid Tower,ATX,Black / Gray,,False,Solid,47.7,4,False
Sentey BX1-4234 v2.1,,ATX Mid Tower,ATX,Black,,False,Solid,40.2,4,False
Sigma Venom-WB,,ATX Mid Tower,ATX,Black,,False,Acrylic,42.2,5,False
Sentey Arvina Extreme Division,,ATX Full Tower,ATX,Black,,False,Solid,60.7,5,False
Cougar Evolution,,ATX Mid Tower,ATX,Black,,False,Acrylic,59.8,4,False
Azza Toledo 301,,ATX Mid Tower,ATX,Black,,False,Solid,57.1,4,False
Rosewill Challenger-U3,,ATX Mid Tower,ATX,Black,,False,Solid,38.4,5,False
Azza Solano 1000,,ATX Full Tower,ATX,Black,,False,Acrylic,56.0,8,False
Sentey BX1-4284 v2.1,,ATX Mid Tower,ATX,Black,,False,Solid,40.2,4,False
BitFenix Merc Alpha,,ATX Mid Tower,ATX,Black,,False,Solid,40.5,6,False
BitFenix Shinobi Window,,ATX Mid Tower,ATX,Black,,False,Acrylic,46.2,7,False
Fractal Design Define R3,,ATX Mid Tower,ATX,Black / Gray,,False,Solid,47.5,8,False
Cooler Master Silencio 450,,ATX Mid Tower,ATX,Black,,False,Solid,43.0,5,False
Lian Li PC-90,,ATX Full Tower,ATX,Black,,False,Solid,57.5,7,False
Lian Li PC-TU200,,Mini ITX Tower,Mini ITX,Silver,,False,Solid,21.6,4,False
NZXT Apollo,,ATX Mid Tower,ATX,Orange / Black,,False,Acrylic,61.8,4,False
NZXT Apollo,,ATX Mid Tower,ATX,Silver / Black,,False,Acrylic,61.8,4,False
Apevia X-Jupiter G-Type,,ATX Full Tower,ATX,Blue,,False,Solid,66.3,6,False
Apevia X-Jupiter G-Type,,ATX Full Tower,ATX,Gray,,False,Solid,66.3,6,False
Apevia X-Dreamer2,,ATX Mid Tower,ATX,Silver,420.0,True,Acrylic,40.0,5,False
Diablotek FLY,,ATX Mid Tower,ATX,Gray / Black,,False,Solid,37.1,3,False
Cougar 6XR9,,ATX Mid Tower,ATX,Black / White,,False,Solid,51.4,4,False
Linkworld CA-IP-W-WOP,,ATX Mid Tower,ATX,Silver,,False,Solid,,3,False
Xion XON-570,,ATX Mid Tower,ATX,Black,,False,Solid,31.7,5,False
Silverstone Fortress Series FT02S,,ATX Full Tower,ATX,Silver,,False,Solid,64.8,5,False
Azza Helios 910,,ATX Mid Tower,ATX,Black,,False,Solid,47.0,4,False
Azza Hurrican 2000,,ATX Full Tower,ATX,Black,,False,Acrylic,82.0,6,False
In Win PE663T2.D450TBL,,ATX Mid Tower,ATX,Black,450.0,True,Solid,39.4,5,False
Sentey GS-6500,,ATX Full Tower,ATX,Black,,False,Solid,61.0,5,False
Sentey BX1-4237 V2.2,,ATX Mid Tower,ATX,Black,,False,Solid,40.2,4,False
Thermaltake VN10006W2N-B,,ATX Full Tower,ATX,White / Black,,False,Acrylic,96.7,5,False
Sigma ATLANTIS,,ATX Mid Tower,ATX,Black,,False,Solid,74.1,4,False
Sigma ATLANTIS,,ATX Mid Tower,ATX,Silver,,False,Solid,74.1,4,False
Rosewill RANGER,,ATX Mid Tower,ATX,Black,,False,Acrylic,44.6,4,False
Sentey GS-6500R,,ATX Full Tower,ATX,Black / Red,,False,Solid,61.0,5,False
Raidmax ATX-298WR,,ATX Mid Tower,ATX,Black / Red,,False,Acrylic,42.9,4,False
Azza Fusion 4000,,ATX Full Tower,ATX,Black,,False,Solid,122.9,8,False
In Win MANA134,,ATX Mid Tower,ATX,Black,,False,Solid,39.9,6,False
Cooler Master Elite 311,,ATX Mid Tower,ATX,Black / Silver,,False,Acrylic,40.8,5,False
Cooler Master Elite 311,,ATX Mid Tower,ATX,Black / Orange,,False,Acrylic,40.8,5,False
Antec One Hundred USM,,ATX Mid Tower,ATX,Black,,False,Solid,45.3,6,False
In Win MANA136,,ATX Mid Tower,ATX,Black,,False,Solid,40.5,6,False
In Win BUC 101,,ATX Mid Tower,ATX,Black,,False,Solid,50.3,5,False
Enermax Fulmo GT,,ATX Full Tower,ATX,Black,,False,Solid,101.4,10,False
Logisys CS2008XBK,,ATX Mid Tower,ATX,Black,,False,Solid,38.6,5,False
Logisys CS1202BK,,ATX Mid Tower,ATX,Black,,False,Solid,38.6,5,False
nMEDIAPC HTPC 7000B,,HTPC,Mini ITX,Black,,False,Solid,18.3,3,False
In Win MANA137,,ATX Mid Tower,ATX,Black,,False,Solid,40.3,6,False
Lian Li PC-Q09FN,,HTPC,Mini ITX,Black,300.0,True,Solid,7.5,1,False
Lian Li PC-Q18,,HTPC,Mini ITX,Black,,False,Solid,20.9,6,False
BitFenix Shinobi Window XL,,ATX Full Tower,ATX,Black,,False,Acrylic,77.6,7,False
DIYPC Alpha-GT3,,ATX Test Bench,ATX,Black,,False,Solid,35.6,0,False
Thermaltake Armor Revo Snow Edition,,ATX Full Tower,ATX,White / Black,,False,Acrylic,82.0,6,False
Silverstone KL04B,,ATX Mid Tower,ATX,Black,,False,Solid,52.1,9,False
Silverstone TJ07B-W-USB3.0,,ATX Full Tower,ATX,Black,,False,Acrylic,69.2,6,False
Raidmax Sting Ray ATX-249B,,ATX Mid Tower,ATX,Black,,False,Solid,43.4,3,False
Rosewill RPS-01,,ATX Mid Tower,ATX,Black / Silver,,False,Acrylic,45.7,6,False
Azza Armour 203,,ATX Mid Tower,ATX,Black,,False,Acrylic,43.5,6,False
Gigabyte GZ-M3BPD-700,,MicroATX Mid Tower,Micro ATX,Black,,False,Solid,25.3,2,False
Cougar Challenger,,ATX Mid Tower,ATX,Black,,False,Acrylic,71.6,7,False
Silverstone PS07B,,MicroATX Mini Tower,Micro ATX,White,,False,Solid,31.4,5,False
Silverstone RV02B-EW-USB3.0,,ATX Full Tower,ATX,Black,,False,Acrylic,69.6,5,False
MSI Stealth,,ATX Mid Tower,ATX,Black,,False,Solid,40.3,4,False
Zalman GS1000-T,,ATX Full Tower,ATX,Black / Silver,,False,Solid,94.7,6,False
Cougar Volant,,ATX Mid Tower,ATX,Black,,False,Solid,40.6,6,False
In Win C583T.CQ450TBL,,ATX Mid Tower,ATX,Black / Silver,450.0,True,Solid,35.0,3,False
Silverstone FT02B-USB3.0,,ATX Mid Tower,ATX,Black,,False,Solid,64.8,5,False
Silverstone LC13B-E-USB3.0,,HTPC,Mini ITX,Black,,False,Solid,32.3,4,False
Silverstone SG06B-USB3.0,,Mini ITX Desktop,Mini ITX,Black,300.0,True,Solid,11.1,1,False
Sentey GS-6050 II Halcon,,ATX Mid Tower,ATX,Black,,False,Acrylic,42.5,4,False
Silverstone RL01B-USB 3.0,,ATX Mid Tower,ATX,Gray / Black,,False,Acrylic,40.9,5,False
Silverstone SG06BB-450-USB3.0,,Mini ITX Desktop,Mini ITX,Black,450.0,True,Solid,11.1,1,False
Sentey GS-6000 II Optimus,,ATX Mid Tower,ATX,Black,,False,Acrylic,42.5,4,False
Sentey CS3-3340 TAC2.0,,ATX Mid Tower,ATX,Black,,False,Solid,36.9,5,False
Xion XON-980,,ATX Mid Tower,ATX,Black,,False,Solid,60.4,7,False
Topower TP-6208BB-450,,ATX Mid Tower,ATX,Black / Silver,450.0,True,Solid,33.4,6,False
Silverstone FT03-MINI,,Mini ITX Tower,Mini ITX,Silver,,False,Solid,17.5,1,False
Lian Li PC-V355,,MicroATX Mini Tower,Micro ATX,Silver,,False,Solid,28.5,3,False
Lian Li PC-V355,,MicroATX Mini Tower,Micro ATX,Black,,False,Solid,28.5,3,False
Xion XON-910PCB,,MicroATX Mid Tower,Micro ATX,White / Red,450.0,True,Solid,18.6,1,False
Diablotek CYCLOPS,,ATX Mid Tower,ATX,Black,,False,Solid,41.4,5,False
Raidmax ATX-809B,,ATX Mid Tower,ATX,Black,,False,Solid,55.5,5,False
Raidmax ATX-823BR,,ATX Mid Tower,ATX,Black,,False,Solid,58.2,5,False
Thermaltake Commander MS-II,,ATX Mid Tower,ATX,Black,,False,Acrylic,39.7,5,False
Xigmatek GIGAS,,MicroATX Desktop,Micro ATX,Black,,False,Solid,35.2,6,False
Lian Li PC-V750,,ATX Full Tower,ATX,Black,,False,Acrylic,99.4,9,False
Lian Li PC-V750,,ATX Full Tower,ATX,Silver,,False,Solid,99.4,9,False
Silverstone SG07B-USB3.0,,Mini ITX Desktop,Mini ITX,Black / Gray,600.0,True,Solid,14.6,1,False
DIYPC DIY-5823,,ATX Mid Tower,ATX,Black / Silver,,False,Solid,28.3,6,False
Silverstone FT02B-USB3.0,,ATX Mid Tower,ATX,Black,,False,Acrylic,64.8,5,False
DIYPC DIY-5823,,ATX Mid Tower,ATX,Black,,False,Solid,28.3,6,False
In Win IW-BQ656T.AD80TBLR,,Mini ITX Desktop,Mini ITX,Black,80.0,True,Solid,3.3,0,False
DIYPC Adventurer-9601R,,ATX Full Tower,ATX,Black,,False,Acrylic,49.7,7,False
Gigabyte GZ-P5HB5C,,ATX Mid Tower,ATX,Black,,False,Solid,,4,False
Apevia X-Jupiter-Jr G-Type,,ATX Mid Tower,ATX,Blue,,False,Acrylic,42.3,3,False
Rosewill FBM-02,,MicroATX Mini Tower,Micro ATX,Black / Gray,,False,Solid,21.6,2,False
Silverstone FT02B-USB3.0,,ATX Mid Tower,ATX,White / Silver,,False,Solid,64.8,5,False
BitFenix Prodigy,,Mini ITX Tower,Mini ITX,Orange,,False,Solid,36.0,5,False
BitFenix Raider Window,,ATX Mid Tower,ATX,Black,,False,Acrylic,,6,False
Rosewill Line,,ATX Mid Tower,ATX,Black,,False,Solid,35.5,8,False
Zalman Z5 Plus,,ATX Mid Tower,ATX,Black,,False,Acrylic,45.8,3,False
Xion XON-560,,MicroATX Mini Tower,Micro ATX,White,,False,Solid,28.3,3,False
Xion XON-560,,MicroATX Mini Tower,Micro ATX,Black,,False,Solid,28.3,3,False
Silverstone RV02B-W-USB3.0,,ATX Full Tower,ATX,Black,,False,Acrylic,68.3,3,False
CFI Prime 101,,ATX Mid Tower,ATX,Black,,False,Solid,27.5,2,False
CFI CFI-A7007,,ATX Full Tower,ATX,Black,,False,Acrylic,69.1,6,False
Lian Li PC-7H,,ATX Mid Tower,ATX,Silver,,False,Solid,55.5,4,False
Ultra Etorque X10,,ATX Full Tower,ATX,Black,,False,Solid,107.3,8,False
Thermaltake Armor Revo Gene,,ATX Mid Tower,ATX,Black,,False,Acrylic,69.9,5,False
Thermaltake Level 10 Limited Edition,,ATX Full Tower,ATX,Silver,,False,Solid,129.6,6,False
Thermaltake Level 10 GTS,,ATX Mid Tower,ATX,Black,,False,Acrylic,54.9,5,False
Thermaltake Level 10 GTS Snow Edition,,ATX Mid Tower,ATX,White,,False,Acrylic,54.9,5,False
Thermaltake Versa I,,ATX Mid Tower,ATX,Black,,False,Solid,42.2,5,False
Silverstone SG01B-F-USB3.0,,MicroATX Desktop,Micro ATX,Silver,,False,Solid,21.7,2,False
Enermax ECA3280A,,ATX Mid Tower,ATX,Black / Red,,False,Acrylic,58.2,8,False
Lian Li PC-C37B USB3.0,,HTPC,Mini ITX,Black,,False,Solid,15.3,2,False
Lian Li PC-Q30,,Mini ITX Tower,Mini ITX,Black,,False,Solid,23.4,0,False
Lian Li PC-TU100,,Mini ITX Tower,Mini ITX,Silver,,False,Solid,10.6,0,False
Gigabyte GZ-X5,,ATX Mid Tower,ATX,Black,,False,Solid,36.1,5,False
Gigabyte GZ-ZA2,,ATX Mid Tower,ATX,Black,,False,Solid,30.9,5,False
Gigabyte Luxo X10,,ATX Mid Tower,ATX,Black,,False,Solid,34.0,4,False
Cougar Solution C400SL,,ATX Mid Tower,ATX,Black,400.0,True,Solid,,6,False
Rosewill THRONE,,ATX Full Tower,ATX,White,,False,Solid,74.8,10,False
Azza Silentium 920B,,ATX Mid Tower,ATX,Black,,False,Solid,,5,False
Cooler Master RC-912-KKN4,,ATX Mid Tower,ATX,Black,,False,Solid,54.9,6,False
In Win BL040.300TB3LF,,HTPC,Mini ITX,Black,,False,Solid,11.6,2,False
In Win BL672.300TB3LF,,HTPC,Mini ITX,Black,,False,Solid,11.6,2,False
In Win C653T.CQ350TB3L,,ATX Mid Tower,ATX,Black,,False,Solid,35.0,3,False
In Win EM013.CQ350TS3L,,MicroATX Mini Tower,Micro ATX,Black,350.0,True,Solid,25.3,2,False
In Win G7,,ATX Mid Tower,ATX,Black,,False,Solid,43.6,4,False
In Win GT1,,ATX Mid Tower,ATX,White,,False,Acrylic,48.8,6,False
In Win H-Frame,,ATX Mid Tower,ATX,Blue / Silver,,False,Solid,62.8,3,False
In Win PE689T2.CQ450TBL,,ATX Mid Tower,ATX,Black,,False,Solid,39.4,0,False
Silverstone SG06BB-LITE,,Mini ITX Desktop,Mini ITX,Black,,False,Acrylic,,1,False
Xion XON-566TB,,ATX Mid Tower,ATX,Black,,False,Acrylic,,4,False
Zalman Z12 Plus,,ATX Mid Tower,ATX,Black,,False,Acrylic,47.7,5,False
Zalman ZM-T2,,MicroATX Mini Tower,Micro ATX,Black,,False,Solid,24.7,2,False
Apevia X-Cruiser,,ATX Mid Tower,ATX,Blue,,False,Acrylic,41.2,5,False
Apevia X-Dreamer4,,ATX Mid Tower,ATX,Silver,,False,Acrylic,43.1,4,False
Apex DS-539,,HTPC,Mini ITX,Black,275.0,True,Solid,14.3,2,False
DIYPC HTPC-KT28B,,HTPC,Mini ITX,Black,,False,Solid,18.8,2,False
DIYPC MiniQ1,,MicroATX Mini Tower,Micro ATX,White,,False,Solid,24.7,2,False
DIYPC MiniQ7,,ATX Mini Tower,ATX,White,,False,Solid,24.8,2,False
DIYPC Skyline,,ATX Mid Tower,ATX,Black,,False,Solid,28.3,6,False
Raidmax Vampire,,ATX Full Tower,ATX,Black,,False,Acrylic,80.5,7,False
Raidmax Atlas,,ATX Mid Tower,ATX,Blue / Black,,False,Acrylic,44.7,4,False
Raidmax ATX-298WBP,,ATX Mid Tower,ATX,Black / Blue,,False,Solid,42.9,4,False
Raidmax ATX-502WBG,,ATX Mid Tower,ATX,White / Black,,False,Acrylic,59.5,3,False
Rosewill FBM-01,,MicroATX Mini Tower,Micro ATX,White,,False,Solid,21.6,2,False
Sentey GS-6020,,ATX Mid Tower,ATX,Black,,False,Solid,40.2,4,False
HEC EnterpriseH585,,MicroATX Mid Tower,Micro ATX,Black,,False,Solid,,2,False
HEC Vigilance,,MicroATX Mini Tower,Micro ATX,Black,,False,Solid,27.5,2,False
Apevia X-Cruiser3,,ATX Mid Tower,ATX,Black / Blue,,False,Acrylic,44.7,4,False
Apevia X-Cruiser3,,ATX Mid Tower,ATX,Black / Red,,False,Acrylic,44.7,4,False
Logisys CS368BB,,ATX Mid Tower,ATX,Black / Blue,480.0,True,Solid,34.0,6,False
Rosewill Galaxy-03,,ATX Mid Tower,ATX,Black,,False,Solid,29.9,4,False
Silverstone FT04,,ATX Full Tower,ATX,Black,,False,Acrylic,,7,False
Silverstone FT04,,ATX Full Tower,ATX,Silver,,False,Acrylic,,7,False
BitFenix Ronin,,ATX Mid Tower,ATX,Black,,False,Acrylic,,6,False
Enermax ECA3212,,ATX Mid Tower,ATX,Black / Blue,,False,Solid,,5,False
Xigmatek Recon,,ATX Mid Tower,ATX,Black,,False,Solid,,4,False
In Win D-FRAME,,ATX Desktop,ATX,Orange,,False,Acrylic,97.5,3,False
Gigabyte Sumo Alpha,,ATX Mid Tower,ATX,Black,,False,Acrylic,53.1,4,False
Apevia X-Hermes,,ATX Mid Tower,ATX,Black / Red,,False,Acrylic,44.7,4,False
DIYPC FM08,,ATX Mid Tower,ATX,Black / Blue,,False,Solid,33.8,2,False
Gigabyte Luxo M30,,ATX Mid Tower,ATX,Black / Blue,,False,Acrylic,63.8,8,False
Gigabyte Luxo M30 White,,ATX Mid Tower,ATX,White / Black,,False,Acrylic,63.8,8,False
In Win H-Frame Mini,,Mini ITX Tower,Mini ITX,Black / Green,180.0,True,Acrylic,,0,False
Raidmax ATX-502WBG,,ATX Mid Tower,ATX,Black / Silver,,False,Solid,59.5,3,False
Rosewill R536,,ATX Mid Tower,ATX,Black,500.0,True,Solid,35.6,5,False
Rosewill THRONE-G-Window,,ATX Full Tower,ATX,Gunmetal,,False,Acrylic,74.8,10,False
Rosewill FBM-01,,MicroATX Mini Tower,Micro ATX,Black,450.0,True,Solid,21.6,2,False
Enermax ECA3310B,,ATX Mid Tower,ATX,Red,,False,Acrylic,58.6,7,False
Cubitek ATX ICE,,ATX Mid Tower,ATX,Black,,False,Solid,,7,False
Aerocool DS Cube,,MicroATX Mini Tower,Micro ATX,Black / Red,,False,Solid,41.5,2,False
Aerocool DS Cube,,MicroATX Mini Tower,Micro ATX,Black / Orange,,False,Acrylic,41.5,2,False
SHARKOON MA-M1000,,MicroATX Mid Tower,Micro ATX,Black / Blue,,False,Solid,,2,False
Thermaltake ARMOR A30i,,MicroATX Mini Tower,Micro ATX,Black,,False,Acrylic,35.5,3,False
Streacom ST-F1CS-EVO,,HTPC,Mini ITX,Silver,,False,Solid,,0,False
Antec Nineteen Hundred,,ATX Full Tower,ATX,Black / Green,,False,Acrylic,,12,False
Antec Nineteen Hundred,,ATX Full Tower,ATX,Black / Red,,False,Acrylic,,12,False
DIYPC Solar-M1,,ATX Mid Tower,ATX,Black / Green,,False,Acrylic,38.0,5,False
In Win 904,,ATX Mid Tower,ATX,Black,,False,Tempered Glass,,3,False
Rosewill Legacy U2-S,,Mini ITX Tower,Mini ITX,Silver,,False,Acrylic,15.4,2,False
Thermaltake Chaser A21,,ATX Mid Tower,ATX,Black / Blue,,False,Acrylic,41.3,6,False
Xigmatek Assassin,,ATX Mid Tower,ATX,Black / Gray,,False,Acrylic,52.5,8,False
In Win 901,,Mini ITX Tower,Mini ITX,Black / Silver,,False,Tempered Glass,,2,False
DIYPC Solar-M1,,ATX Mid Tower,ATX,Black / Red,,False,Acrylic,38.0,5,False
HEC 63R3BR,,ATX Mid Tower,ATX,Black / Red,,False,Solid,35.2,4,False
Lian Li PC-V358,,MicroATX Mid Tower,Micro ATX,Black,,False,Solid,36.6,6,False
Rosewill Legacy U3-B,,MicroATX Mini Tower,Micro ATX,Black,,False,Solid,20.1,2,False
Rosewill Legacy V6-S,,Mini ITX Tower,Mini ITX,Black / Silver,,False,Solid,12.5,4,False
Silverstone PS09B,,MicroATX Mid Tower,Micro ATX,Black,,False,Solid,24.6,4,False
Supermicro CSE-732G-000B,,ATX Mid Tower,ATX,Black / Blue,,False,Acrylic,64.7,3,False
Thermaltake Element Q,,Mini ITX Desktop,Mini ITX,Black / Red,220.0,True,Solid,9.4,1,False
Xigmatek Aquila,,MicroATX Mini Tower,Micro ATX,Black / White,,False,Acrylic,,2,False
Cooler Master 690 III,,ATX Mid Tower,ATX,Black,,False,Solid,58.5,7,False
Azza Sirius 206,,ATX Mid Tower,ATX,Black / Blue,,False,Acrylic,38.3,3,False
DIYPC HTPC-MiniCube,,Mini ITX Tower,Mini ITX,Silver,,False,Solid,9.8,1,False
nMEDIAPC HTPC 2800B,,HTPC,Mini ITX,Black,,False,Solid,25.0,4,False
Silverstone PS10B,,ATX Mid Tower,ATX,Black,,False,Solid,54.8,0,False
Thermaltake Urban R31,,ATX Mid Tower,ATX,Black,,False,Acrylic,51.2,6,False
Cooler Master K280 USB3.0,,ATX Mid Tower,ATX,Black,,False,Solid,,6,False
SHARKOON Mask,,ATX Mid Tower,ATX,Black,,False,Solid,,3,False
Parvum Systems S2.0,,MicroATX Mini Tower,Micro ATX,Black / White,,False,Acrylic,,2,False
Parvum Systems S2.0,,MicroATX Mini Tower,Micro ATX,Green / White,,False,Acrylic,,2,False
Parvum Systems S2.0,,MicroATX Mini Tower,Micro ATX,White / Red,,False,Acrylic,,2,False
BitFenix Outlaw,,ATX Mid Tower,ATX,Black,,False,Solid,37.3,4,False
BitFenix Outlaw USB3.0,,ATX Mid Tower,ATX,Black,,False,Solid,37.6,4,False
BitFenix Neos,,ATX Mid Tower,ATX,Black / Gold,,False,Acrylic,37.0,3,False
BitFenix Neos,,ATX Mid Tower,ATX,Black / Silver,,False,Solid,37.0,3,False
BitFenix Neos,,ATX Mid Tower,ATX,Black / Red,,False,Solid,37.0,3,False
BitFenix Neos,,ATX Mid Tower,ATX,White / Red,,False,Solid,37.0,3,False
BitFenix Neos,,ATX Mid Tower,ATX,White,,False,Solid,37.0,3,False
BitFenix Phenom M Nvidia Edition,,MicroATX Mini Tower,Micro ATX,Black / Green,,False,Solid,30.6,5,False
Azza GT1,,ATX Full Tower,ATX,Black,,False,Acrylic,90.4,7,False
HEC Voyager,,ATX Mid Tower,ATX,Black,,False,Solid,29.5,1,False
Aerocool DS Cube,,MicroATX Mini Tower,Micro ATX,Black / Blue,,False,Solid,41.5,2,False
Aerocool DS Cube,,MicroATX Mini Tower,Micro ATX,Black / Green,,False,Solid,41.5,2,False
Aerocool Strike-X GT,,ATX Mid Tower,ATX,Black,,False,Solid,42.9,6,False
CiT MTX-005B,,Mini ITX Tower,Mini ITX,Black,300.0,True,Solid,,1,False
Aerocool DS 200,,ATX Mid Tower,ATX,Black / Red,,False,Solid,,5,False
Aerocool DS 200,,ATX Mid Tower,ATX,Black / Blue,,False,Solid,,5,False
Aerocool DS 200,,ATX Mid Tower,ATX,Black / Green,,False,Solid,,5,False
NZXT Source 220,,ATX Mid Tower,ATX,Black,,False,Acrylic,43.4,8,False
Lian Li PC-Q36W,,Mini ITX Tower,Mini ITX,Black,,False,Solid,25.4,2,False
Lian Li PC-V359W,,MicroATX Mid Tower,Micro ATX,Silver,,False,Solid,36.6,3,False
Lian Li PC-V359W,,MicroATX Mid Tower,Micro ATX,Gold,,False,Solid,36.6,3,False
Deepcool PANGU SW,,ATX Mid Tower,ATX,Black,,False,Acrylic,40.8,6,False
Deepcool STEAM CASTLE,,MicroATX Mid Tower,Micro ATX,Red,,False,Acrylic,47.1,3,False
Corsair Graphite Series 380T,,Mini ITX Tower,Mini ITX,Black / Yellow,,False,Solid,41.0,2,False
Antec GX500 ILLUSION,,ATX Mid Tower,ATX,Black,,False,Acrylic,44.4,4,False
Lian Li PC-Q33,,Mini ITX Tower,Mini ITX,Black,,False,Solid,18.1,2,False
In Win GR One,,ATX Full Tower,ATX,White,,False,Acrylic,81.0,8,False
In Win GR One,,ATX Full Tower,ATX,Black / Red,,False,Acrylic,81.0,8,False
Antec ASK4000E-U3,,ATX Mid Tower,ATX,Black,,False,Solid,33.4,5,False
BitFenix Pandora Core,,MicroATX Mid Tower,Micro ATX,Black,,False,Acrylic,31.2,2,False
BitFenix Pandora Core,,MicroATX Mid Tower,Micro ATX,Silver,,False,Acrylic,31.2,2,False
Lian Li PC-B16,,ATX Mid Tower,ATX,Black,,False,Solid,57.4,6,False
Lian Li PC-10N,,ATX Mid Tower,ATX,Silver,,False,Solid,,6,False
Lian Li PC-V1000L,,ATX Full Tower,ATX,Black,,False,Acrylic,73.6,0,False
Lian Li PC-V2130,,ATX Full Tower,ATX,Black,,False,Solid,94.4,8,False
Lian Li PC-V2130,,ATX Full Tower,ATX,Black,,False,Acrylic,94.4,8,False
Lian Li PC-V359W,,MicroATX Mid Tower,Micro ATX,Black,,False,Solid,36.6,3,False
BitFenix Comrade,,ATX Mid Tower,ATX,White,,False,Acrylic,37.0,3,False
DIYPC Mirage-D1,,ATX Mid Tower,ATX,Black / Yellow,,False,Acrylic,37.2,4,False
In Win G7,,ATX Mid Tower,ATX,Gray,,False,Solid,43.6,4,False
DIYPC MA01,,MicroATX Mini Tower,Micro ATX,Black / Green,,False,Solid,20.5,1,False
DIYPC Shadow-H01,,ATX Mid Tower,ATX,White,,False,Acrylic,47.8,4,False
Rosewill I3-397,,MicroATX Mini Tower,Micro ATX,Black,400.0,True,Solid,27.9,4,False
Thermaltake Versa H24,,ATX Mid Tower,ATX,Black,,False,Acrylic,42.6,3,False
BitFenix Prodigy M,,MicroATX Mini Tower,Micro ATX,Black,,False,Acrylic,35.9,4,False
BitFenix Prodigy M,,MicroATX Mini Tower,Micro ATX,Black / Red,,False,Acrylic,35.9,4,False
Aerocool Strike-X Xtreme,,ATX Mid Tower,ATX,Red,,False,Acrylic,,6,False
Aerocool Strike-X Advance,,ATX Mid Tower,ATX,White / Blue,,False,Acrylic,,0,False
DIYPC Solar-M1,,ATX Mid Tower,ATX,Black / Blue,,False,Acrylic,38.0,5,False
DIYPC Solo-T1,,ATX Mid Tower,ATX,Black / Blue,,False,Solid,38.9,3,False
DIYPC Solo-T1,,ATX Mid Tower,ATX,Black / Red,,False,Solid,38.9,3,False
Thermaltake Core V41,,ATX Mid Tower,ATX,Black,,False,Acrylic,59.4,6,False
Raidmax Viper GX,,ATX Mid Tower,ATX,Black / Red,,False,Acrylic,65.3,7,False
Streacom F1CWS Evo,,HTPC,Mini ITX,Black,,False,Solid,,1,False
Deepcool STEAM CASTLE,,MicroATX Mid Tower,Micro ATX,Black,,False,Solid,47.1,3,False
Lian Li PC-T80,,ATX Test Bench,ATX,Silver,,False,Solid,,6,False
RAIJINTEK Metis,,Mini ITX Tower,Mini ITX,Black,,False,Acrylic,13.4,1,False
RAIJINTEK Metis,,Mini ITX Tower,Mini ITX,Red,,False,Acrylic,13.4,1,False
RAIJINTEK Metis,,Mini ITX Tower,Mini ITX,Red,,False,Solid,13.4,1,False
Silverstone KL05B,,ATX Mid Tower,ATX,Black,,False,Acrylic,,6,False
Cooltek UMX1,,Mini ITX Tower,Mini ITX,Silver,,False,Solid,,2,False
BitFenix Aegis,,MicroATX Mid Tower,Micro ATX,White,,False,Acrylic,46.2,4,False
Azza CSAZ-105,,Mini ITX Desktop,Mini ITX,Black,,False,Solid,,1,False
Antec P50,,MicroATX Mini Tower,Micro ATX,Black,,False,Solid,,3,False
Phanteks Enthoo Primo,,ATX Full Tower,ATX,Black / Green,,False,Acrylic,,6,False
Cooltek CoolCube,,HTPC,Mini ITX,Black,,False,Solid,,1,False
Silverstone MM01,,ATX Full Tower,ATX,Black,,False,Solid,,7,False
Apevia X-QPack3,,MicroATX Mini Tower,Micro ATX,Black / Green,,False,Acrylic,,2,False
Apevia X-QPack3,,MicroATX Mini Tower,Micro ATX,Black / Red,,False,Acrylic,,2,False
Aerocool DS 200,,ATX Mid Tower,ATX,Black,,False,Acrylic,,5,False
Aerocool XPredator Cube,,MicroATX Mid Tower,Micro ATX,Black / Red,,False,Acrylic,,3,False
Azza Cosmas 208S,,ATX Mid Tower,ATX,Black,,False,Acrylic,,3,False
Sentey Ss1-2429,,MicroATX Mid Tower,Micro ATX,Black / Green,,False,Solid,,0,False
Sentey Ss1-2429,,MicroATX Mid Tower,Micro ATX,Black / Red,,False,Solid,,0,False
Cooltek W2,,ATX Mid Tower,ATX,Black,,False,Acrylic,,3,False
Cooltek W2,,ATX Mid Tower,ATX,Silver,,False,Acrylic,,3,False
Cooler Master N400,,ATX Mid Tower,ATX,Black,,False,Solid,40.2,7,False
Raidmax Element,,Mini ITX Desktop,Mini ITX,Black / Green,450.0,True,Solid,,2,False
Xigmatek Aquila,,MicroATX Mini Tower,Micro ATX,Black / Green,,False,Acrylic,,2,False
Silverstone CS01,,Mini ITX Tower,Mini ITX,Black,,False,Solid,,2,False
CHENBRO SR30169,,Mini ITX Tower,Mini ITX,Black / Silver,,False,Solid,,4,False
be quiet! Silent Base 800,,ATX Mid Tower,ATX,Black / Orange,,False,Acrylic,,7,False
be quiet! Silent Base 800,,ATX Mid Tower,ATX,Black / Silver,,False,Acrylic,,7,False
Aerocool Aero-500 - C,,ATX Mid Tower,ATX,Black,,False,Acrylic,45.1,4,False
Deepcool Tristellar,,Mini ITX Desktop,Mini ITX,White / Blue,,False,Acrylic,,2,False
Deepcool Tristellar,,Mini ITX Desktop,Mini ITX,Black / Silver,,False,Acrylic,,2,False
In Win 805,,ATX Mid Tower,ATX,Black / Red,,False,Tempered Glass,,2,False
Chieftec DX-02B,,ATX Mid Tower,ATX,Black / Blue,,False,Acrylic,,6,False
Phanteks Enthoo EVOLV ITX,,Mini ITX Tower,Mini ITX,Black / Red,,False,Acrylic,,2,False
NZXT H440,,ATX Mid Tower,ATX,Black,,False,Solid,53.3,8,False
be quiet! Silent Base 600,,ATX Mid Tower,ATX,Black / Silver,,False,Acrylic,,3,False
DIYPC Ranger-R8,,ATX Mid Tower,ATX,Black / Yellow,,False,Acrylic,41.6,4,False
DIYPC DIY-N8,,MicroATX Mini Tower,Micro ATX,Black / Blue,,False,Acrylic,,2,False
Thermaltake Core V51 Riing Edition,,ATX Mid Tower,ATX,Black / Green,,False,Acrylic,71.2,5,False
SHARKOON CA-M,,MicroATX Mini Tower,Micro ATX,Black,,False,Solid,,2,False
Rosewill VIPER Z,,ATX Mid Tower,ATX,Black,,False,Acrylic,,7,False
Lian Li PC-Q10,,Mini ITX Desktop,Mini ITX,Black,,False,Acrylic,,2,False
Aerocool GT-RS,,ATX Mid Tower,ATX,Black,,False,Acrylic,,2,False
Raidmax Viper II,,ATX Mid Tower,ATX,Black / Blue,,False,Acrylic,,3,False
VIVO CASE-V03B,,ATX Mid Tower,ATX,Black / Blue,,False,Acrylic,,4,False
Apevia X-Pioneer,,ATX Mid Tower,ATX,Black / Green,,False,Acrylic,,4,False
Apevia X-Pioneer,,ATX Mid Tower,ATX,Black / Pink,,False,Acrylic,,4,False
Apevia X-Pioneer,,ATX Mid Tower,ATX,Black / Red,,False,Acrylic,,4,False
DIYPC Silence,,ATX Mid Tower,ATX,Black,,False,Solid,,2,False
Phanteks Eclipse P400S,,ATX Mid Tower,ATX,Gray,,False,Solid,45.9,2,False
SHARKOON BW9000,,ATX Mid Tower,ATX,White,,False,Acrylic,,5,False
Silverstone CS01-HS,,Mini ITX Tower,Mini ITX,Silver,,False,Solid,,0,False
Lian Li PC-TU300,,ATX Mid Tower,ATX,Black,,False,Solid,,2,False
Antec VSK4-500,,ATX Mid Tower,ATX,Black,500.0,True,Solid,,5,False
DIYPC DIY-E68,,ATX Mid Tower,ATX,Black,,False,Solid,,3,False
Apevia X-EnerQ,,MicroATX Mid Tower,Micro ATX,Black / Red,,False,Acrylic,,2,False
LEPA LPC309(U3),,ATX Mid Tower,ATX,Black,,False,Acrylic,,3,False
RIOTORO CR1080,,ATX Mid Tower,ATX,Black,,False,Acrylic,,2,False
Apevia X-Qber,,MicroATX Desktop,Micro ATX,Black / Green,,False,Acrylic,,2,False
Apevia X-Qber,,MicroATX Desktop,Micro ATX,Pink,,False,Acrylic,,2,False
Apevia X-Qber,,MicroATX Desktop,Micro ATX,White,,False,Acrylic,,2,False
Anidees AI8,,ATX Full Tower,ATX,Black,,False,Acrylic,,4,False
Nanoxia CoolForce 2,,ATX Full Tower,ATX,Black,,False,Acrylic,,4,False
Zalman T5,,MicroATX Mini Tower,Micro ATX,Black,,False,Solid,,2,False
Silverstone FT01B-USB3.0,,ATX Mid Tower,ATX,Black,,False,Acrylic,,7,False
Raidmax Narwhal,,ATX Full Tower,ATX,Black,,False,Acrylic,,6,False
VIVO CASE-V07,,ATX Mid Tower,ATX,Black,,False,Acrylic,,2,False
SHARKOON T3-W,,ATX Mid Tower,ATX,Black / Green,,False,Acrylic,38.3,6,False
BitFenix Aurora,,ATX Mid Tower,ATX,Black,,False,Tempered Glass,54.8,4,False
In Win 509 ROG,,ATX Full Tower,ATX,Black / Red,,False,Tempered Glass,71.6,5,False
Rosewill WolfStone,,ATX Mid Tower,ATX,Black,,False,Acrylic,,8,False
X2 Nextyde,,ATX Mid Tower,ATX,Black,,False,Acrylic,34.2,2,False
NOX Hummer TX,,ATX Mid Tower,ATX,Black,,False,Acrylic,45.9,8,False
NOX Coolbay SX,,ATX Mid Tower,ATX,Black / Red,,False,Acrylic,37.9,4,False
NOX Coolbay ZX,,ATX Mid Tower,ATX,Black / Green,,False,Acrylic,48.7,3,False
Thermaltake Urban S31 Window,,ATX Mid Tower,ATX,White,,False,Acrylic,53.6,6,False
Deepcool LANDKING V2,,ATX Mid Tower,ATX,Gray,,False,Acrylic,57.5,5,False
RAIJINTEK Metis,,Mini ITX Tower,Mini ITX,Green,,False,Solid,13.4,1,False
Raidmax Viper GX II,,ATX Mid Tower,ATX,Black / Blue,,False,Acrylic,65.6,3,False
Lian Li PC-Q20,,Mini ITX Tower,Mini ITX,Pink,,False,Solid,7.2,0,False
Silverstone RL05,,ATX Mid Tower,ATX,White / Red,,False,Acrylic,43.9,2,False
Cooler Master CM 590 III,,ATX Mid Tower,ATX,White,,False,Acrylic,45.1,4,False
DIYPC DIY-J21,,ATX Mid Tower,ATX,Black,,False,Acrylic,,3,False
DIYPC DIY-J21,,ATX Mid Tower,ATX,White,,False,Acrylic,,3,False
BitFenix Portal,,Mini ITX Tower,Mini ITX,Black,,False,Acrylic,,2,False
BitFenix Portal,,Mini ITX Tower,Mini ITX,White,,False,Acrylic,,2,False
Cooler Master MasterCase Pro 6,,ATX Mid Tower,ATX,Black / Red,,False,Acrylic,70.1,5,False
Anidees AI Crystal Lite,,ATX Mid Tower,ATX,Black,,False,Tempered Glass,50.5,3,False
Lian Li Odyssey,,Mini ITX Desktop,Mini ITX,Silver,,False,Solid,,2,False
Apevia X-Mirage,,ATX Mid Tower,ATX,Black / Blue,,False,Acrylic,41.8,2,False
Apevia X-Mirage,,ATX Mid Tower,ATX,Black / Green,,False,Acrylic,41.8,2,False
SHARKOON DG7000-G,,ATX Mid Tower,ATX,Black / Green,,False,Tempered Glass,,3,False
RIOTORO CR480,,ATX Mid Tower,ATX,Black / Red,,False,Acrylic,,3,False
Rosewill BRADLEY M,,ATX Mid Tower,ATX,Black,,False,Acrylic,36.6,3,False
Azza Solaris 402S,,ATX Mid Tower,ATX,Black,,False,Acrylic,,6,False
Rosewill HIMARS,,ATX Mid Tower,ATX,Black,,False,Acrylic,52.3,0,False
Enermax Ostrog ADV,,ATX Mid Tower,ATX,Black / Green,,False,Acrylic,54.7,6,False
Aerocool Aero-500,,ATX Mid Tower,ATX,Black,,False,Solid,45.1,4,False
Cooler Master 690 III,,ATX Mid Tower,ATX,White / Black,,False,Acrylic,58.5,7,False
DIYPC Skyline-06,,ATX Full Tower,ATX,Black / Red,,False,Acrylic,,3,False
DIYPC Skyline-06,,ATX Full Tower,ATX,Black / Blue,,False,Acrylic,,3,False
Lian Li PC-T60,,ATX Test Bench,ATX,Silver,,False,Solid,45.6,3,False
Lian Li PC-O8X,,ATX Mid Tower,ATX,Green,,False,Tempered Glass,,6,False
Lian Li PC-O8X,,ATX Mid Tower,ATX,Blue,,False,Tempered Glass,,6,False
Apevia X-Harmony,,ATX Mid Tower,ATX,Black / Blue,,False,Acrylic,39.3,2,False
Apevia X-Harmony,,ATX Mid Tower,ATX,Black / Green,,False,Acrylic,39.3,2,False
In Win 901,,Mini ITX Tower,Mini ITX,Black / Gold,,False,Tempered Glass,,2,False
Lian Li PC-M25,,MicroATX Mini Tower,Micro ATX,Black,,False,Solid,,8,False
Thermaltake Urban S21,,ATX Mid Tower,ATX,Black,,False,Solid,40.1,5,False
Xigmatek Shockwave,,ATX Mid Tower,ATX,Black,,False,Solid,,4,False
SHARKOON AM5,,ATX Mid Tower,ATX,Red / Black,,False,Solid,,3,False
SHARKOON AM5,,ATX Mid Tower,ATX,Silver / Black,,False,Solid,,3,False
SHARKOON AM5,,ATX Mid Tower,ATX,Red / Black,,False,Acrylic,,3,False
SHARKOON AM5,,ATX Mid Tower,ATX,Silver / Black,,False,Acrylic,,3,False
Cooltek G3,,HTPC,Mini ITX,Black / Silver,,False,Solid,23.3,2,False
Cooltek UMX3,,MicroATX Mini Tower,Micro ATX,Black,,False,Acrylic,24.6,1,False
DIYPC TG8,,ATX Mid Tower,ATX,White / Black,,False,Tempered Glass,,2,False
DIYPC TG8,,ATX Mid Tower,ATX,Red / Black,,False,Tempered Glass,,2,False
Cougar MG110,,MicroATX Mini Tower,Micro ATX,Black,,False,Solid,30.8,2,False
Enermax GraceMESH,,ATX Mid Tower,ATX,Black / Blue,,False,Tempered Glass,,2,False
CRYORIG TAKU,,Mini ITX Desktop,Mini ITX,Silver,,False,Solid,,1,False
DIYPC Vision II,,ATX Mid Tower,ATX,Black / Green,,False,Tempered Glass,46.9,3,False
Deepcool TESSERACT BF,,ATX Mid Tower,ATX,White / Black,,False,Acrylic,36.4,4,False
Streacom BC1 Mini,,Mini ITX Test Bench,Mini ITX,Red,,False,Solid,,0,False
Streacom BC1,,ATX Test Bench,ATX,Red,,False,Solid,,2,False
Nanoxia Rexgear 1,,MicroATX Desktop,Micro ATX,White / Black,,False,Acrylic,,3,False
Nanoxia Rexgear 1,,MicroATX Desktop,Micro ATX,Red,,False,Acrylic,,3,False
In Win D-FRAME MINI,,Mini ITX Tower,Mini ITX,Green,,False,Tempered Glass,46.3,3,False
Cooler Master MasterCase MC600P,,ATX Mid Tower,ATX,Black,,False,Tempered Glass,70.1,4,False
Aerocool DS 230,,ATX Mid Tower,ATX,Black,,False,Acrylic,,2,False
NZXT H700 PUBG,,ATX Mid Tower,ATX,Red / Blue,,False,Tempered Glass,58.6,2,False
NZXT H200,,Mini ITX Tower,Mini ITX,Black / Blue,,False,Tempered Glass,27.3,1,False
Lian Li PC-Q38,,Mini ITX Tower,Mini ITX,Black / Silver,,False,Acrylic,,1,False
Cooler Master MasterBox MB511,,ATX Mid Tower,ATX,Black / Blue,,False,Acrylic,,2,False
RAIJINTEK COEUS EVO,,ATX Full Tower,ATX,Black,,False,Acrylic,56.8,4,False
CiT F3,,MicroATX Mini Tower,Micro ATX,Black / Green,,False,Acrylic,,2,False
CiT F3,,MicroATX Mini Tower,Micro ATX,White / Black,,False,Acrylic,,2,False
In Win 101 PRGB1,,ATX Mid Tower,ATX,White / Blue,,False,Tempered Glass,48.3,2,False
In Win 301C PRGB2,,MicroATX Mini Tower,Micro ATX,Black,,False,Tempered Glass,26.0,1,False
SHARKOON VG5,,ATX Mid Tower,ATX,Black / Green,,False,Acrylic,38.3,3,False
Cooler Master MasterBox E500L,,ATX Mid Tower,ATX,Black,,False,Solid,,2,False
Rosewill CULLINAN PX,,ATX Mid Tower,ATX,Black / Green,,False,Tempered Glass,,2,False
HG Computers Osmi,,Mini ITX Tower,Mini ITX,White,,False,Solid,,1,False
Fractal Design Define R6 USB-C,,ATX Mid Tower,ATX,Silver,,False,Solid,56.7,6,False
Cougar Pioneer-X,,ATX Mid Tower,ATX,Black,,False,Solid,,6,False
BitFenix Enso Mesh,,ATX Mid Tower,ATX,White,,False,Tempered Glass,46.4,2,False
Zalman X7,,ATX Full Tower,ATX,Black,,False,Acrylic,,6,False
Enermax EQUILENCE,,ATX Mid Tower,ATX,Black,,False,Tempered Glass,,2,False
Azza Obsidian 270,,ATX Mid Tower,ATX,Black / Red,,False,Acrylic,,3,False
DIYPC Trio-VX-RGB,,ATX Mid Tower,ATX,Black,,False,Tempered Glass,,2,False
Cougar Puritas RGB,,ATX Mid Tower,ATX,Black,,False,Tempered Glass,,2,False
AvP Mamba,,ATX Mid Tower,ATX,Black,,False,Acrylic,,3,False
Thermaltake Commander C36 TG ARGB,,ATX Mid Tower,ATX,Black,,False,Tempered Glass,,3,False
Silverstone RL07,,ATX Mid Tower,ATX,White / Blue,,False,Tempered Glass,,3,False
Antec GX330,,ATX Mid Tower,ATX,Black,,False,Acrylic,,2,False
Silverstone RL08BW-RGB,,MicroATX Mini Tower,Micro ATX,Black / White,,False,Tempered Glass,,3,False
HEC HX200,,MicroATX Mini Tower,Micro ATX,Black,,False,Solid,,2,False
HEC HX300,,ATX Mid Tower,ATX,Black,,False,Acrylic,,2,False
BitFenix Nova Mesh TG,,ATX Mid Tower,ATX,,,False,Tempered Glass,41.4,2,False
BitFenix Nova Mesh,,ATX Mid Tower,ATX,,,False,Acrylic,41.4,2,False
GameMax Demolition,,ATX Mid Tower,ATX,Black,,False,Tempered Glass,36.2,2,False
GameMax Eclipse,,ATX Mid Tower,ATX,Black,,False,Tempered Glass,48.0,2,False
GameMax Expedition,,MicroATX Mini Tower,Micro ATX,Blue,,False,Acrylic,29.4,2,False
GameMax Fortress Air,,ATX Full Tower,ATX,Black,,False,Tempered Glass,54.7,2,False
GameMax Hush,,ATX Mid Tower,ATX,Black,,False,Tempered Glass,50.8,3,False
GameMax Muted,,ATX Mid Tower,ATX,Black,,False,Acrylic,58.3,2,False
GameMax Vega,,ATX Mid Tower,ATX,White,,False,Tempered Glass,53.2,3,False
GameMax Whisper,,MicroATX Mini Tower,Micro ATX,Black,,False,Acrylic,36.7,2,False
GameMax Zircon RGB,,ATX Mid Tower,ATX,Black,,False,Acrylic,53.4,3,False
Aerocool Aero-500G RGB,,ATX Mid Tower,ATX,Black,,False,Tempered Glass,43.1,4,False
Enermax SABERAY RGB,,ATX Mid Tower,ATX,White / Black,,False,Tempered Glass,60.3,2,False
Antec GX202,,ATX Mid Tower,ATX,White,,False,Acrylic,40.1,3,False
Deepcool Earlkase RGB V2,,ATX Mid Tower,ATX,Black,,False,Tempered Glass,51.9,2,False
KOLINK Levante,,ATX Mid Tower,ATX,Black,,False,Tempered Glass,43.2,3,False
MagniumGear Neo Mini V2,,Mini ITX Desktop,Mini ITX,Silver,,False,Tempered Glass,,1,False
RAIJINTEK METIS EVO ALS,,Mini ITX Desktop,Mini ITX,Blue,,False,Solid,22.3,2,False
Rosewill SRM-01B,,MicroATX Mini Tower,Micro ATX,Black,,False,Solid,,2,False
Cooler Master MasterBox MB320L ARGB,,MicroATX Mini Tower,Micro ATX,Black,,False,Tempered Glass,38.8,2,False
Rosewill Cullinan V,,ATX Mid Tower,ATX,Black,,False,Tempered Glass,51.8,2,False
In Win 905-SILADD,,ATX Mid Tower,ATX,Silver / Black,,False,Tinted Tempered Glass,,1,False
Silverstone SG13 V2,,Mini ITX Tower,Mini ITX,White / Black,,False,Solid,11.5,1,False
Circle CC830,,ATX Mid Tower,ATX,Black / Red,,False,Acrylic,,3,False
DIYPC Skyline-06-RGB,,ATX Full Tower,ATX,Black,,False,Acrylic,,3,False
Lazer3D LZ7 XTD,,Mini ITX Desktop,Mini ITX,Black,,False,Tempered Glass,,0,False
Cougar MX410 Mesh,,ATX Mid Tower,ATX,Black / Black,,False,Tempered Glass,36.3,2,False
Silverstone PS14-E,,ATX Mid Tower,ATX,Black,,False,Solid,43.1,2,False
Azza ARC 241,,ATX Mid Tower,ATX,Black,,False,Tempered Glass,,3,False
DIYPC S2-RGB,,ATX Mid Tower,ATX,Black,,False,Tempered Glass,44.9,2,False
Zalman X3,,ATX Mid Tower,ATX,White,,False,Tinted Tempered Glass,,2,False
RAIJINTEK PONOS TG,,ATX Mid Tower,ATX,Black,,False,Tempered Glass,45.0,3,False
Enermax LIBLLUSSION LL30,,ATX Mid Tower,ATX,Black,,False,Tempered Glass,,2,False
EG ST-ARGB,,ATX Mid Tower,ATX,Black,,False,Tempered Glass,56.9,5,False
Cougar Blazer Essence,,ATX Mid Tower,ATX,Black / Orange,,False,Tempered Glass,,2,False
darkFlash V22,,ATX Mid Tower,ATX,Black,,False,Tempered Glass,41.7,1,False
darkFlash DLM 22,,MicroATX Mid Tower,Micro ATX,Green,,False,Tempered Glass,,2,False
Cougar MX331 MESH,,ATX Mid Tower,ATX,Black,,False,Acrylic,43.5,2,False
Enermax MarbleShell M MS20 ARGB,,MicroATX Mini Tower,Micro ATX,Black,,False,Tempered Glass,,2,False
Cooler Master CM690 II Advanced,,ATX Mid Tower,ATX,White,,False,Solid,56.3,6,False
SilentiumPC Armis AR5,,ATX Mid Tower,ATX,Black,,False,Tempered Glass,45.8,2,False
SilentiumPC Armis AR5 RGB,,ATX Mid Tower,ATX,Black,,False,Tempered Glass,45.8,2,False
SilentiumPC Armis AR7X EVO ARGB,,ATX Mid Tower,ATX,Black,,False,Tempered Glass,63.9,3,False
SilentiumPC Astrum AT6V EVO,,ATX Mid Tower,ATX,Black,,False,Tempered Glass,46.0,2,False
SilentiumPC Astrum AT6V,,ATX Mid Tower,ATX,Black,,False,Tempered Glass,46.0,2,False
Azza Luminous 110,,MicroATX Mini Tower,Micro ATX,Black,,False,Tempered Glass,36.1,2,False
SilentiumPC Signum SG1M,,ATX Mid Tower,ATX,Black,,False,Solid,,2,False
DIYPC AVVU-BK-ARGB,,ATX Mid Tower,ATX,Black,,False,Tempered Glass,,3,False
Raidmax EVOL H07,,ATX Mid Tower,ATX,White / Black,,False,Tempered Glass,,2,False
Tempest Spook RGB,,ATX Mid Tower,ATX,White / Black,,False,Acrylic,,2,False
Tempest Aura ARGB,,ATX Mid Tower,ATX,White / Black,,False,Acrylic,,2,False
Tempest Vapor RGB,,ATX Mid Tower,ATX,White / Black,,False,Acrylic,,2,False
Tempest Vapor RGB,,ATX Mid Tower,ATX,Black,,False,Acrylic,,2,False
BitFenix Enso Mesh 4ARGB,,ATX Mid Tower,ATX,Black,,False,Tempered Glass,,2,False
Aerocool Trinity Mini V3,,MicroATX Mini Tower,Micro ATX,Pink,,False,Tempered Glass,28.1,2,False
SHARKOON VS7 Window,,ATX Mid Tower,ATX,Black,,False,Acrylic,47.0,2,False
DIYPC Rainbow-Flash-F4,,ATX Mid Tower,ATX,White,,False,Tempered Glass,33.2,2,False
Cooler Master Elite 500,,ATX Mid Tower,ATX,Black,,False,Tempered Glass,38.0,2,False
GAMDIAS APOLLO M1 ELITE,,ATX Mid Tower,ATX,Black,,False,Tempered Glass,,2,False
GAMDIAS APOLLO M2,,ATX Mid Tower,ATX,Black,,False,Tempered Glass,,2,False
GAMDIAS ARGUS E2,,ATX Mid Tower,ATX,Black,,False,Tempered Glass,,2,False
GAMDIAS ARGUS E4,,ATX Mid Tower,ATX,Black,,False,Tempered Glass,,2,False
GAMDIAS ARGUS E5,,ATX Mid Tower,ATX,Black,,False,Tempered Glass,,2,False
GAMDIAS ATHENA M1 ELITE,,ATX Mid Tower,ATX,Black,,False,Tempered Glass,,2,False
GAMDIAS ATHENA M2,,ATX Mid Tower,ATX,Black,,False,Tempered Glass,,2,False
Azza Opus 809,,ATX Mid Tower,ATX,Silver / Black,,False,Tinted Tempered Glass,,1,False
Raidmax P805 ARGB,,ATX Mid Tower,ATX,Black,,False,Tempered Glass,,2,False
Thermaltake Core P5 TG Ti,,ATX Mid Tower,ATX,Black,,False,Tempered Glass,115.4,6,False
Geometric Future Model 6,,ATX Mid Tower,ATX,Black / Green,,False,Tinted Tempered Glass,43.5,4,False
DIYPC IDX6,,ATX Mid Tower,ATX,White / Black,,False,Tempered Glass,52.9,2,False
MUSETEX T2,,Mini ITX Desktop,Mini ITX,Black,,False,Tempered Glass,16.6,2,False
MSI MAG BUNKER,,ATX Mid Tower,ATX,Black,,False,Tempered Glass,45.1,2,False
Azza Iris 330S,,ATX Mid Tower,ATX,Black,,False,Tempered Glass,38.8,2,False
Azza Raven 420,,ATX Mid Tower,ATX,Black,,False,Tempered Glass,41.8,6,False
Azza Thor 320DF,,ATX Mid Tower,ATX,Black,,False,Tempered Glass,51.3,2,False
Azza Crimson 211G,,ATX Mid Tower,ATX,Black,,False,Tempered Glass,40.4,3,False
Azza Golem 221G,,ATX Mid Tower,ATX,Black,,False,Tempered Glass,40.4,3,False
Cougar Turret Mesh,,ATX Mid Tower,ATX,Black,,False,Tempered Glass,39.9,2,False
Cougar Turret RGB,,ATX Mid Tower,ATX,Black,,False,Tempered Glass,39.9,2,False
SSUPD Meshroom S,,ATX Mini Tower,ATX,Blue,,False,Mesh,14.9,0,False
SSUPD Meshroom S,,ATX Mini Tower,ATX,Gray,,False,Mesh,14.9,0,False
Jonsbo UMX1 Plus,,Mini ITX Desktop,Mini ITX,Silver / Black,,False,Tempered Glass,16.6,1,False
Jonsbo V10,,Mini ITX Desktop,Mini ITX,Black,,False,Tempered Glass,18.2,0,False
Raidmax I328,,ATX Mid Tower,ATX,Black,,False,Tempered Glass,34.8,2,False
CiT S012B,,MicroATX Desktop,Micro ATX,Black,300.0,True,Solid,12.2,2,False
Chieftec Chieftronic G1,,ATX Mid Tower,ATX,Black,,False,Tempered Glass,50.2,2,False
Jonsbo U4 Plus,,ATX Mid Tower,ATX,Black,,False,Tempered Glass,31.7,1,False
RAIJINTEK PAEAN PREMIUM,,ATX Mid Tower,ATX,Silver,,False,Tempered Glass,90.6,2,False
darkFlash BLADE-X,,ATX Mid Tower,ATX,Black,,False,Solid,82.6,2,False
OCPC MINI,,Mini ITX Test Bench,Mini ITX,Black / Red,,False,Solid,7.2,0,False
Noua Demon T8,,ATX Mid Tower,ATX,Black,,False,Tempered Glass,36.1,2,False
Noua Diamond C101,,ATX Mid Tower,ATX,Black,,False,Tempered Glass,40.7,2,False
Noua Fobia L8,,MicroATX Mid Tower,Micro ATX,White,,False,Tempered Glass,32.7,2,False
Noua Fobia L7,,MicroATX Mid Tower,Micro ATX,Black,,False,Tempered Glass,32.7,2,False
Noua Fobia L5,,MicroATX Mid Tower,Micro ATX,Black,,False,Tempered Glass,37.2,2,False
Noua Ego Z5,,ATX Full Tower,ATX,Black,,False,Tempered Glass,104.6,2,False
Noua Icaris M5,,ATX Mid Tower,ATX,Black,,False,Tempered Glass,55.1,2,False
Noua Noob X13,,ATX Mid Tower,ATX,White,,False,Tempered Glass,34.0,2,False
Noua Ne-o F18,,ATX Mid Tower,ATX,Black,,False,Tempered Glass,43.8,2,False
Noua Utopia F15,,ATX Mid Tower,ATX,Black,,False,Tempered Glass,41.1,2,False
Noua Utopia F12,,ATX Mid Tower,ATX,Black,,False,Tempered Glass,40.4,3,False
Apevia Guardian-M,,ATX Mid Tower,ATX,White,,False,Tempered Glass,39.5,2,False
Cooler Master MasterBox MB520,,ATX Mid Tower,ATX,Black / Blue,,False,Acrylic,50.4,2,False
Thermaltake Versa H26,,ATX Mid Tower,ATX,White / Black,,False,Tempered Glass,,2,False
GALAX REV-02,,ATX Mid Tower,ATX,White,,False,Tempered Glass,43.0,2,False
Vetroo M03,,MicroATX Mini Tower,Micro ATX,Pink,,False,Tempered Glass,36.1,2,False
GameMax Spark,,MicroATX Mid Tower,Micro ATX,Gray,,False,Tempered Glass,26.5,1,False
KOLINK BASTION RGB,,ATX Mid Tower,ATX,Black,,False,Tempered Glass,39.1,2,False
KOLINK BASTION RGB,,ATX Mid Tower,ATX,White,,False,Tempered Glass,39.1,2,False
KOLINK Ethereal,,ATX Mid Tower,ATX,Black,,False,Tempered Glass,40.6,2,False
Enermax MAKASHI MKII ARGB,,ATX Full Tower,ATX,Black,,False,Tempered Glass,,2,False
In Win AIRFORCE,,ATX Full Tower,ATX,White / Multicolor,,False,Tempered Glass,76.6,2,False
DIYPC G1-ARGB,,ATX Mid Tower,ATX,Black,,False,Tempered Glass,43.3,2,False
DIYPC Gamemax-III-ARGB,,ATX Mid Tower,ATX,Black,,False,Tempered Glass,36.3,2,False
DIYPC IDX2-ARGB,,ATX Mid Tower,ATX,Gray / Black,,False,Tempered Glass,46.9,4,False
DIYPC S2-RGB,,ATX Mid Tower,ATX,Pink / Black,,False,Tempered Glass,44.9,2,False
DIYPC S3-LED,,ATX Mid Tower,ATX,White,,False,Acrylic,36.8,2,False
DIYPC Zetta-ARGB,,ATX Mid Tower,ATX,Black,,False,Tempered Glass,37.5,3,False
GameMax AutoBot II,,ATX Mid Tower,ATX,White / Orange,,False,Tempered Glass,106.4,1,False
Rosewill CULLINAN PX RGB-ST,,ATX Mid Tower,ATX,,,False,Tempered Glass,,2,False
Phanteks Enthoo EVOLV SHIFT,,Mini ITX Tower,Mini ITX,Gray / Black,,False,Mesh,24.0,1,False
YEYIAN Abyss 2500,,ATX Mid Tower,ATX,Black,,False,Tempered Glass,40.7,2,False
YEYIAN Hollow 2500,,ATX Mid Tower,ATX,White / Camo,,False,Tempered Glass,37.7,2,False
BitFenix Saber Mesh,,ATX Mid Tower,ATX,White,,False,Tempered Glass,42.3,2,False
Sentey Stealth II,,ATX Mid Tower,ATX,Black,,False,Acrylic,30.6,2,False
Thermaltake V100,,ATX Mid Tower,ATX,Black,,False,Acrylic,36.6,2,False
SAMA M2,,ATX Mid Tower,ATX,,,False,Tempered Glass,39.2,2,False
CherryTree Borg Cube,,ATX Desktop,ATX,Black,,False,Solid,55.3,0,False
CherryTree Borg Cube,,ATX Desktop,ATX,Black,,False,Tempered Glass,55.3,0,False
DARKROCK A8-X,,ATX Mid Tower,ATX,Black,,False,Tempered Glass,42.5,2,False
SSUPD Meshroom S V2,,MicroATX Mini Tower,Micro ATX,Blue,,False,Mesh,14.9,2,False
SSUPD Meshroom S V2 w/PCIe 4.0 Riser,,MicroATX Mini Tower,Micro ATX,Blue,,False,Mesh,14.9,2,False
SSUPD Meshroom S V2 w/PCIe 4.0 Riser,,MicroATX Mini Tower,Micro ATX,Green,,False,Mesh,14.9,2,False
SSUPD Meshroom S V2 w/PCIe 4.0 Riser,,MicroATX Mini Tower,Micro ATX,Gray,,False,Mesh,14.9,2,False
SSUPD Meshroom S V2 w/PCIe 4.0 Riser,,MicroATX Mini Tower,Micro ATX,Blue / Yellow,,False,Mesh,14.9,2,False
Aerocool GT Advance,,ATX Mid Tower,ATX,Black,,False,Mesh,34.4,3,False
Aerocool GT Advance,,ATX Mid Tower,ATX,White,,False,Mesh,34.4,3,False
GameMax F36,,MicroATX Mini Tower,Micro ATX,White,,False,Tempered Glass,35.1,2,False
DIYPC DIY-S08,,ATX Mid Tower,ATX,Pink / Black,,False,Tempered Glass,33.2,2,False
GameMax F45,,ATX Mid Tower,ATX,White / Yellow,,False,Tempered Glass,40.6,2,False
SHARKOON Skiller SGC1 RGB,,ATX Mid Tower,ATX,Black,,False,Tempered Glass,47.3,3,False
APNX C1-R,,ATX Mid Tower,ATX,Blue,,False,Tempered Glass,53.6,3,False
PC Cooler IE200,,ATX Mid Tower,ATX,White,,False,Tempered Glass,48.1,2,False
Jonsbo U4 Pro,,ATX Mid Tower,ATX,Black,,False,Tempered Glass,34.5,1,False
Cooler Master Elite 302 Lite,,MicroATX Mini Tower,Micro ATX,White / Black,,False,Tempered Glass,34.1,1,False
Cooler Master Elite 502 Lite,,ATX Mid Tower,ATX,Black,,False,Tempered Glass,52.4,2,False
Cooler Master Elite 502 Lite,,ATX Mid Tower,ATX,White,,False,Tempered Glass,52.4,2,False
Xigmatek ZEUS,,ATX Full Tower,ATX,Black,,False,Tempered Glass,98.8,2,False
Cougar OmnyX,,ATX Mid Tower,ATX,White,,False,Tempered Glass,73.3,2,False
In Win 216,,ATX Mid Tower,ATX,White,,False,Tempered Glass,47.1,2,False
Silverstone CS01,2974.4,Mini ITX Tower,Mini ITX,Silver,,False,Solid,,2,True
In Win MANA136 WHITE,,ATX Mid Tower,ATX,White / Black,300.0,True,Acrylic,40.5,0,False
RAIJINTEK STYX,,MicroATX Mini Tower,Micro ATX,Red,,False,Acrylic,,3,False
Noua Demon T7,,ATX Mid Tower,ATX,White / Black,,False,Tempered Glass,33.7,2,False
LC-Power Gaming 900W - Lumaxx Light,,ATX Mid Tower,ATX,White,,False,Tempered Glass,57.0,2,False
Silverstone GD04B,,HTPC,Mini ITX,Black,,False,Solid,21.3,2,False
RAIJINTEK STYX,,MicroATX Mini Tower,Micro ATX,Blue,,False,Acrylic,,3,False
RAIJINTEK Thetis,,ATX Mid Tower,ATX,Silver,,False,Solid,27.7,2,False
RAIJINTEK Thetis,,ATX Mid Tower,ATX,Black,,False,Acrylic,27.7,2,False
In Win 307,,ATX Mid Tower,ATX,White,,False,Tinted Tempered Glass,,2,False
Jonsbo TR03-A,,ATX Mid Tower,ATX,Silver,,False,Tempered Glass,95.3,3,False
Cougar MX660-T RGB,4805.0,ATX Mid Tower,ATX,Black,,False,Tempered Glass,50.0,2,True
RAIJINTEK OPHION ELITE WHITE,,Mini ITX Tower,Mini ITX,White,,False,Mesh,24.9,3,False
Chieftec Chieftronic M1,,MicroATX Mini Tower,Micro ATX,Black,,False,Tempered Glass,37.3,0,False
In Win AIRFORCE,,ATX Full Tower,ATX,Black,,False,Tempered Glass,76.6,2,False
GameMax F36,,MicroATX Mini Tower,Micro ATX,Black,,False,Tempered Glass,35.1,2,False
Antec NSK3480,,MicroATX Mid Tower,Micro ATX,Black / Silver,380.0,True,Solid,24.3,1,False
Antec NSK 6582B,,ATX Mid Tower,ATX,Black,430.0,True,Solid,45.8,5,False
Antec NSK4482,,ATX Mid Tower,ATX,Black / Silver,380.0,True,Solid,34.9,3,False
Antec Six Hundred,,ATX Mid Tower,ATX,Black,,False,Acrylic,50.6,6,False
Antec Sonata Elite,,ATX Mid Tower,ATX,Black,,False,Solid,43.2,4,False
Apevia X-Dreamer,,ATX Mid Tower,ATX,White / Blue,,False,Solid,36.0,5,False
Cooler Master Centurion 5,,ATX Mid Tower,ATX,Black / Silver,,False,Acrylic,42.0,4,False
Cooler Master Elite 310,,ATX Mid Tower,ATX,Black / Blue,420.0,True,Solid,39.1,6,False
Cooler Master Elite 310,,ATX Mid Tower,ATX,Black / Orange,460.0,True,Acrylic,39.1,6,False
Cooler Master Centurion 5 II,,ATX Mid Tower,ATX,Black / White,,False,Acrylic,43.2,5,False
Cooler Master Centurion 541,,MicroATX Mini Tower,Micro ATX,Black / Silver,400.0,True,Solid,29.4,2,False
Gigabyte GZ-AABC61-CNB,,ATX Mid Tower,ATX,Black,,False,Solid,47.4,4,False
Gigabyte GZ-KF01B,,ATX Mid Tower,ATX,Black,,False,Solid,26.5,5,False
Gigabyte GZ-X7BMDX-400,,ATX Mid Tower,ATX,Black,,False,Solid,36.4,6,False
Gigabyte Luxo X142,,ATX Mid Tower,ATX,Black,,False,Solid,38.5,4,False
Gigabyte GZ-PH2A3,,ATX Mid Tower,ATX,Black,,False,Solid,26.5,5,False
Antec M FusionRemote,,HTPC,Mini ITX,Black / Silver,350.0,True,Solid,17.8,1,False
Thermaltake Element T,,ATX Mid Tower,ATX,Black,,False,Solid,52.9,6,False
Thermaltake V5 Black Edition,,ATX Mid Tower,ATX,Black,,False,Acrylic,56.3,3,False
Thermaltake V3 Black Edition,,ATX Mid Tower,ATX,Black,430.0,True,Acrylic,38.5,4,False
Rosewill ARMOR,,ATX Mid Tower,ATX,Black,,False,Solid,41.1,5,False
Rosewill FB-01,,ATX Mid Tower,ATX,Black,,False,Solid,,7,False
Rosewill FB-02,,ATX Mid Tower,ATX,Black,,False,Solid,30.2,7,False
Rosewill R102-P,,MicroATX Mid Tower,Micro ATX,Black,,False,Solid,25.3,4,False
Rosewill R103A,,ATX Mid Tower,ATX,Black,350.0,True,Solid,35.8,4,False
Rosewill R218-P,,ATX Mid Tower,ATX,Black,,False,Solid,34.9,4,False
Rosewill R218-P,,ATX Mid Tower,ATX,Black,450.0,True,Solid,34.9,4,False
Rosewill R519,,ATX Mid Tower,ATX,Black,500.0,True,Solid,35.6,5,False
Rosewill Smart One,,ATX Mid Tower,ATX,Black,,False,Solid,44.1,5,False
Rosewill TU-155 II 500,,ATX Mid Tower,ATX,Black,500.0,True,Acrylic,42.4,3,False
Rosewill Wind Knight,,ATX Mid Tower,ATX,Black,,False,Solid,46.6,5,False
HEC Blitz,,ATX Mid Tower,ATX,Black,,False,Solid,38.4,3,False
HEC 6C11BBX585,,ATX Mid Tower,ATX,Black,585.0,True,Solid,38.4,3,False
HEC 6C28BB8S,,ATX Mid Tower,ATX,Black,,False,Solid,34.8,5,False
HEC 6C28BBOH48D,,ATX Mid Tower,ATX,Black,485.0,True,Solid,38.4,5,False
Lian Li PC-K58,,ATX Mid Tower,ATX,Black,,False,Solid,52.9,4,False
Lian Li PC-K58,,ATX Mid Tower,ATX,Black,,False,Acrylic,52.9,4,False
Lian Li PC-K62R1,,ATX Mid Tower,ATX,Black,,False,Acrylic,50.7,4,False
Antec Two Hundred S,,ATX Mid Tower,ATX,Black,,False,Solid,42.1,6,False
Lian Li K60B,,ATX Mid Tower,ATX,Black,,False,Solid,52.9,4,False
Lian Li PC-Q06,,Mini ITX Test Bench,Mini ITX,Silver,,False,Solid,10.7,1,False
Lian Li PC-Q07R,,Mini ITX Tower,Mini ITX,Red,,False,Solid,11.2,1,False
Lian Li PC-Q08,,Mini ITX Tower,Mini ITX,Silver,,False,Solid,21.2,6,False
Lian Li PC-Q08,,Mini ITX Tower,Mini ITX,Red,,False,Solid,21.2,6,False
Lian Li PC-Q09,,Mini ITX Desktop,Mini ITX,Silver,80.0,True,Solid,5.5,0,False
Lian Li PC-Q09F,,Mini ITX Desktop,Mini ITX,White,150.0,True,Solid,6.3,0,False
Lian Li PC-Q11,,Mini ITX Tower,Mini ITX,Silver,,False,Solid,16.8,2,False
Lian Li PC-Q11,,Mini ITX Tower,Mini ITX,Black,,False,Solid,16.8,2,False
Lian Li PC-8N,,ATX Mid Tower,ATX,Black,,False,Acrylic,80.0,3,False
Lian Li PC-8NWX,,ATX Mid Tower,ATX,Black,,False,Acrylic,48.0,3,False
Lian Li PC-K56,,ATX Mid Tower,ATX,Black,,False,Solid,47.1,4,False
Lian Li PC-K56W,,ATX Mid Tower,ATX,Black,,False,Acrylic,47.1,4,False
Lian Li PC-A04,,MicroATX Mini Tower,Micro ATX,Silver,,False,Solid,,7,False
Lian Li PC-A70F,,ATX Full Tower,ATX,Black,,False,Solid,75.5,10,False
Lian Li PC-X900,,ATX Mid Tower,ATX,Red,,False,Acrylic,53.3,7,False
Lian Li PC-X500FX,,ATX Mid Tower,ATX,Black,,False,Acrylic,58.9,6,False
Lian Li PC-B10,,ATX Mid Tower,ATX,Black,,False,Solid,47.5,4,False
Lian Li PC-P80,,ATX Full Tower,ATX,Black,,False,Solid,88.7,6,False
Lian Li PC-A71F,,ATX Full Tower,ATX,Black,,False,Solid,79.3,10,False
Lian Li PC-A77F,,ATX Full Tower,ATX,Black,,False,Solid,76.9,9,False
Lian Li PC-B25F,,ATX Mid Tower,ATX,Black,,False,Solid,50.5,6,False
Lian Li PC-B25FWB,,ATX Mid Tower,ATX,Black,,False,Acrylic,50.8,6,False
Lian Li PC-P50,,ATX Mid Tower,ATX,Black,,False,Solid,50.8,3,False
Lian Li PC-P50,,ATX Mid Tower,ATX,Black / White,,False,Acrylic,50.8,3,False
Lian Li PC-C50,,HTPC,Mini ITX,Silver,,False,Solid,24.2,3,False
Lian Li PC-C50,,HTPC,Mini ITX,Black,,False,Solid,24.2,3,False
Lian Li PC-P50WB,,ATX Mid Tower,ATX,Black,,False,Acrylic,50.6,3,False
Lian Li PC-C32B,,HTPC,Mini ITX,Black,,False,Solid,37.4,4,False
Lian Li PC-C33B,,HTPC,Mini ITX,Black,,False,Solid,32.5,4,False
Lian Li PC-T1,,Mini ITX Test Bench,Mini ITX,Red,,False,Solid,21.1,1,False
Lian Li PC-V1020,,ATX Mid Tower,ATX,Silver,,False,Solid,55.5,7,False
Lian Li PC-V1020,,ATX Mid Tower,ATX,Black,,False,Solid,55.5,7,False
Lian Li PC-V1020,,ATX Mid Tower,ATX,Red,,False,Solid,55.5,7,False
Lian Li PC-V351,,MicroATX Desktop,Micro ATX,Silver,,False,Solid,27.1,2,False
Lian Li PC-V352,,MicroATX Desktop,Micro ATX,Silver,,False,Solid,30.4,3,False
Lian Li PC-V352,,MicroATX Desktop,Micro ATX,Red,,False,Solid,30.4,3,False
Lian Li PC-V354,,MicroATX Mini Tower,Micro ATX,Red,,False,Solid,32.9,7,False
Aerocool Qx-2000,,MicroATX Mini Tower,Micro ATX,Black,,False,Solid,28.0,2,False
Apevia X-Infinity,,ATX Mid Tower,ATX,Black / Gray,420.0,True,Acrylic,42.7,5,False
Apevia X-Dreamer2,,ATX Mid Tower,ATX,Black,420.0,True,Acrylic,40.0,5,False
Apevia X-Gear,,ATX Mid Tower,ATX,Silver,420.0,True,Acrylic,40.1,4,False
Apevia X-Gear,,ATX Mid Tower,ATX,Black / Blue,420.0,True,Acrylic,40.1,4,False
Apevia X-Gear,,ATX Mid Tower,ATX,Blue,420.0,True,Acrylic,40.1,4,False
Apevia X-Plorer,,ATX Mid Tower,ATX,Black / Blue,,False,Acrylic,40.3,4,False
Apevia MX-Pider,,ATX Full Tower,ATX,Black,500.0,True,Solid,50.9,4,False
Apevia MX-Pleasure,,ATX Full Tower,ATX,Black,500.0,True,Acrylic,52.7,7,False
Apevia MX-Pleasure,,ATX Full Tower,ATX,Black,500.0,True,Solid,52.7,7,False
Apevia X-Cruiser Silver,,ATX Mid Tower,ATX,Silver,,False,Acrylic,40.1,5,False
Apevia X-Cruiser2,,ATX Mid Tower,ATX,Black / Silver,,False,Acrylic,40.1,5,False
Apevia X-Cruiser2,,ATX Mid Tower,ATX,Green / Silver,,False,Acrylic,40.1,5,False
Apevia X-Cruiser2,,ATX Mid Tower,ATX,Pink / Silver,,False,Acrylic,40.1,5,False
Apevia X-Cruiser2,,ATX Mid Tower,ATX,Red / Silver,,False,Acrylic,40.1,5,False
Apevia X-Dreamer3,,ATX Mid Tower,ATX,Black,450.0,True,Solid,37.1,6,False
Apevia X-Dreamer3,,ATX Mid Tower,ATX,Silver,,False,Acrylic,37.1,6,False
Apevia X-Dreamer3,,ATX Mid Tower,ATX,Black,,False,Acrylic,37.1,6,False
Apevia X-Telstar,,ATX Full Tower,ATX,Silver,,False,Acrylic,52.7,5,False
Apevia X-Jupiter G-Type,,ATX Full Tower,ATX,Black,,False,Acrylic,64.5,6,False
Apevia X-Jupiter G-Type,,ATX Full Tower,ATX,Blue,,False,Acrylic,64.5,6,False
Apevia X-Master,,HTPC,Mini ITX,Black / Green,500.0,True,Solid,22.0,1,False
Apevia X-Plorer2,,ATX Mid Tower,ATX,Black,450.0,True,Solid,39.2,5,False
Apevia X-Plorer2,,ATX Mid Tower,ATX,Black,,False,Acrylic,39.2,5,False
Apevia X-Plorer2,,ATX Mid Tower,ATX,Black / Blue,,False,Acrylic,39.2,5,False
Apevia X-Plorer2,,ATX Mid Tower,ATX,Black / Green,,False,Acrylic,39.2,5,False
Apevia X-Plorer2,,ATX Mid Tower,ATX,Black / Red,,False,Acrylic,39.2,5,False
Apevia X-QBOII,,MicroATX Mini Tower,Micro ATX,Black / Silver,500.0,True,Acrylic,28.4,2,False
Apevia X-QBOII,,MicroATX Mini Tower,Micro ATX,Black / Blue,500.0,True,Acrylic,28.4,2,False
Apevia X-QBOII,,MicroATX Mini Tower,Micro ATX,Black / Green,500.0,True,Acrylic,28.4,2,False
Apevia X-QBOII,,MicroATX Mini Tower,Micro ATX,Black / Silver,500.0,True,Solid,28.4,2,False
Apevia X-QBOII,,MicroATX Mini Tower,Micro ATX,Black,500.0,True,Solid,28.4,2,False
Apevia X-QBOII,,MicroATX Mini Tower,Micro ATX,Black / Red,500.0,True,Acrylic,28.4,2,False
Apevia X-QPack,,MicroATX Desktop,Micro ATX,Black,420.0,True,Acrylic,22.7,2,False
Apevia X-QPack2,,MicroATX Desktop,Micro ATX,Black / Silver,500.0,True,Acrylic,24.2,2,False
Apevia X-QPack2,,MicroATX Desktop,Micro ATX,Black,500.0,True,Acrylic,24.2,2,False
Apevia X-QPack2,,MicroATX Desktop,Micro ATX,Black / Blue,500.0,True,Acrylic,24.2,2,False
Apevia X-QPack2,,MicroATX Desktop,Micro ATX,Black / Orange,500.0,True,Acrylic,24.2,2,False
Apevia X-QPack2,,MicroATX Desktop,Micro ATX,Black / Red,500.0,True,Acrylic,24.2,2,False
Apevia X-Sniper G-Type,,ATX Mid Tower,ATX,Black,,False,Acrylic,44.4,3,False
Apevia X-Sniper G-Type,,ATX Mid Tower,ATX,Black / Silver,,False,Acrylic,44.4,3,False
Apevia X-Sniper G-Type,,ATX Mid Tower,ATX,Black / Blue,,False,Acrylic,44.4,3,False
Apevia X-Telstar-Jr G-Type,,ATX Mid Tower,ATX,Black,,False,Acrylic,42.3,3,False
Apevia X-Telstar-Jr G-Type,,ATX Mid Tower,ATX,Black / Blue,,False,Acrylic,42.3,3,False
Apevia X-Telstar-Jr G-Type,,ATX Mid Tower,ATX,Black / Red,,False,Acrylic,42.3,3,False
Apevia X-Telstar-Jr S-Type,,ATX Mid Tower,ATX,Black,,False,Solid,42.3,3,False
Apevia X-Telstar-Jr S-Type,,ATX Mid Tower,ATX,Black / Blue,,False,Solid,42.3,3,False
Apevia X-Telstar-Jr S-Type,,ATX Mid Tower,ATX,Black / Green,,False,Solid,42.3,3,False
NZXT Whisper,,ATX Full Tower,ATX,Black,,False,Solid,61.8,9,False
NZXT Hush,,ATX Mid Tower,ATX,Silver,,False,Solid,41.4,5,False
HEC 6T10BB,,MicroATX Mini Tower,Micro ATX,Black,,False,Solid,24.0,1,False
HEC 6K28BB8F,,MicroATX Mini Tower,Micro ATX,Black,,False,Solid,29.1,2,False
Apex TX-381-C,,MicroATX Mid Tower,Micro ATX,Black,,False,Solid,30.0,4,False
Apex PC-373-C,,ATX Mid Tower,ATX,Black,,False,Solid,33.2,5,False
HEC 6C28BS,,ATX Mid Tower,ATX,Black / Silver,,False,Solid,38.4,4,False
HEC 6C60BS,,ATX Mid Tower,ATX,Black / Silver,,False,Solid,38.4,4,False
HEC 6K28BBX585,,MicroATX Mini Tower,Micro ATX,Black,585.0,True,Solid,29.1,2,False
HEC 6K28BS,,MicroATX Mini Tower,Micro ATX,Black / Silver,,False,Solid,29.1,2,False
HEC 6K60BS,,MicroATX Mini Tower,Micro ATX,Black / Silver,,False,Solid,29.1,1,False
HEC 6T18BB,,MicroATX Mini Tower,Micro ATX,Black,,False,Solid,21.6,1,False
HEC 6XR8,,ATX Mid Tower,ATX,Black,,False,Solid,41.4,4,False
HEC 7106WW,,ATX Desktop,ATX,White,,False,Solid,28.7,2,False
HEC 7K09BBA30FNRX,,HTPC,Mini ITX,Black,300.0,True,Solid,12.8,1,False
HEC 7KJ9BBA30FNRX,,HTPC,Mini ITX,Black,300.0,True,Solid,12.8,1,False
HEC ITX200B,,HTPC,Mini ITX,Black / Silver,200.0,True,Solid,5.8,1,False
HEC 7KJ9,,HTPC,Mini ITX,Black,270.0,True,Solid,12.8,1,False
HEC 6C28BB8SOH58,,ATX Mid Tower,ATX,Black,585.0,True,Solid,,5,False
HEC 6C28BBX585,,ATX Mid Tower,ATX,Black,585.0,True,Solid,,5,False
HEC 6C28BSX585,,ATX Mid Tower,ATX,Black / Silver,585.0,True,Solid,38.4,4,False
HEC 6K11BBOH48D,,MicroATX Mini Tower,Micro ATX,Black,485.0,True,Solid,29.1,1,False
HEC 6K11BBX585,,MicroATX Mini Tower,Micro ATX,Black,585.0,True,Solid,29.1,1,False
HEC 6K28BBOH48D,,MicroATX Mini Tower,Micro ATX,Black,485.0,True,Solid,29.1,2,False
HEC 6K28BSOH48D,,MicroATX Mini Tower,Micro ATX,Black / Silver,485.0,True,Solid,29.1,2,False
HEC 6K28BSX585,,MicroATX Mini Tower,Micro ATX,Black / Silver,585.0,True,Solid,29.1,2,False
HEC 6K60BSX585,,MicroATX Mini Tower,Micro ATX,Black / Silver,585.0,True,Solid,29.1,1,False
HEC 6T10BBHP485D,,MicroATX Mini Tower,Micro ATX,Black,485.0,True,Solid,24.0,1,False
HEC 6T10BBHP585D,,MicroATX Mini Tower,Micro ATX,Black,585.0,True,Solid,24.0,1,False
Broadway Com Corp 1243MA,,ATX Mini Tower,ATX,Black,500.0,True,Solid,20.8,2,False
Broadway Com Corp 943PK,,MicroATX Mid Tower,Micro ATX,Black,500.0,True,Solid,25.5,4,False
Broadway Com Corp FX,,ATX Mid Tower,ATX,Black / Red,,False,Acrylic,34.8,5,False
Broadway Com Corp R-800,,ATX Full Tower,ATX,Black,,False,Solid,60.2,5,False
Broadway Com Corp R-810,,ATX Full Tower,ATX,Black,,False,Solid,60.2,5,False
Broadway Com Corp Runner,,ATX Mid Tower,ATX,Black,,False,Acrylic,38.1,6,False
NZXT Apollo,,ATX Mid Tower,ATX,Blue / Black,,False,Acrylic,61.8,4,False
NZXT Tempest EVO,,ATX Mid Tower,ATX,White / Black,,False,Acrylic,61.8,8,False
Apex MI-100,,Mini ITX Tower,Mini ITX,Black / Silver,250.0,True,Solid,8.5,1,False
Apex MI-100,,Mini ITX Tower,Mini ITX,Black,250.0,True,Solid,8.5,1,False
Apex PC-302-C,,ATX Mid Tower,ATX,Black / Silver,,False,Solid,33.2,4,False
Apex PC-389-C,,ATX Mid Tower,ATX,Black,,False,Solid,33.2,4,False
Apex TM-524,,MicroATX Mid Tower,Micro ATX,Black,,False,Solid,25.0,3,False
Apex TX-518,,MicroATX Mid Tower,Micro ATX,Black,300.0,True,Solid,30.0,4,False
Raidmax ATX-802BP,,ATX Mid Tower,ATX,Black,450.0,True,Solid,42.1,4,False
Athena Power CA-601B60,,ATX Full Tower,ATX,Black,600.0,True,Solid,50.6,4,False
Athena Power CA-1015CR25,,MicroATX Slim,Micro ATX,Black / Red,250.0,True,Solid,18.1,1,False
Athena Power CA-1015CR30,,MicroATX Slim,Micro ATX,Black / Red,300.0,True,Solid,18.1,1,False
Athena Power CA-1015IS25,,MicroATX Slim,Micro ATX,Black / Silver,250.0,True,Solid,18.1,1,False
Athena Power CA-1015IS40,,MicroATX Slim,Micro ATX,Black / Silver,400.0,True,Solid,18.1,1,False
Athena Power CA-601Y60,,ATX Full Tower,ATX,Yellow,600.0,True,Solid,50.6,4,False
Athena Power CA-601Y80,,ATX Full Tower,ATX,Yellow,800.0,True,Solid,50.6,4,False
Athena Power CA-601Y95,,ATX Full Tower,ATX,Yellow,950.0,True,Solid,50.6,4,False
Athena Power CA-601YW60,,ATX Full Tower,ATX,Yellow,600.0,True,Acrylic,50.6,4,False
Athena Power CA-601YW95,,ATX Full Tower,ATX,Yellow,950.0,True,Acrylic,50.6,4,False
Athenatech A100BB.350,,MicroATX Desktop,Micro ATX,Black / Silver,350.0,True,Solid,18.4,2,False
Athenatech A1089BR.150,,Mini ITX Tower,Mini ITX,Black / Red,150.0,True,Solid,9.9,1,False
Athenatech A1089HG.150,,Mini ITX Tower,Mini ITX,Black,150.0,True,Solid,9.9,1,False
Athenatech A301BS.400,,MicroATX Mini Tower,Micro ATX,Black / Silver,400.0,True,Solid,27.8,1,False
Athenatech A301BS.450,,MicroATX Mini Tower,Micro ATX,Black / Silver,450.0,True,Solid,27.8,1,False
Athenatech A3603BB.400,,MicroATX Mini Tower,Micro ATX,Black,400.0,True,Solid,26.9,4,False
Athenatech A412WW.400,,ATX Mid Tower,ATX,White,400.0,True,Solid,35.0,5,False
Athenatech A4224BB.400,,ATX Mid Tower,ATX,Black,400.0,True,Solid,35.0,4,False
Athenatech A43K5BL.400,,ATX Mid Tower,ATX,Black / Blue,400.0,True,Solid,33.9,4,False
Athenatech A5730BB.450,,ATX Mid Tower,ATX,Black,450.0,True,Solid,41.0,5,False
Athenatech A601BS.450,,ATX Mid Tower,ATX,Black,430.0,True,Solid,26.2,3,False
Athenatech A602BS450,,ATX Mid Tower,ATX,Black / Silver,450.0,True,Solid,26.2,3,False
Athenatech A605BL.450,,ATX Mid Tower,ATX,Black / Blue,430.0,True,Solid,26.2,3,False
Athenatech A605BR.450,,ATX Mid Tower,ATX,Black / Red,430.0,True,Solid,35.2,3,False
Dynapower C05.N17.M158,,ATX Mini Tower,ATX,Silver / Black,430.0,True,Solid,23.1,1,False
Dynapower C05.N63.M158,,ATX Mini Tower,ATX,Black,430.0,True,Solid,23.1,1,False
Dynapower CS-HM41602.1266,,ATX Mid Tower,ATX,Black / Red,450.0,True,Solid,42.7,4,False
Dynapower CS-NH3A-C760,,ATX Mid Tower,ATX,White,430.0,True,Solid,,4,False
Dynapower Prestige,,ATX Mid Tower,ATX,Black / White,430.0,True,Solid,40.5,5,False
Enermax ECA3180,,ATX Mid Tower,ATX,Black,,False,Solid,42.2,5,False
Enermax ECA3180,,ATX Mid Tower,ATX,Black / Red,,False,Solid,42.2,5,False
Enermax ECA3192,,ATX Mid Tower,ATX,Black,,False,Solid,41.5,5,False
Enermax ECA3220,,ATX Mid Tower,ATX,Black,,False,Solid,49.9,4,False
Foxconn KS136-ISO450,,MicroATX Mini Tower,Micro ATX,Black,350.0,True,Solid,24.0,4,False
Foxconn KS188-ISO450,,MicroATX Mini Tower,Micro ATX,Black / Silver,350.0,True,Solid,24.0,4,False
Foxconn RS-233(H)+DSL-150-4SS,,Mini ITX Tower,Mini ITX,Black / Silver,150.0,True,Solid,8.4,1,False
Foxconn RS-233+FSP150-50GLT-4SS,,Mini ITX Tower,Mini ITX,Black / Silver,150.0,True,Solid,8.4,1,False
Foxconn TLA+566(H+A)+ISO-400-4SS,,ATX Mid Tower,ATX,Black / Silver,350.0,True,Solid,33.2,4,False
Foxconn TLM-720+ISO-400,,MicroATX Mini Tower,Micro ATX,Black,,False,Solid,25.7,4,False
Foxconn TLM-776(H+A)-ISO-400-4SS,,MicroATX Mini Tower,Micro ATX,Black / Silver,300.0,True,Solid,25.7,4,False
Foxconn TLM-C01+ISO-400,,MicroATX Mini Tower,Micro ATX,Black / Silver,,False,Solid,25.7,4,False
Foxconn TLM-C03+ISO-400,,MicroATX Mini Tower,Micro ATX,Black / Silver,,False,Solid,25.7,4,False
Foxconn TSAA725-ISO450,,ATX Mid Tower,ATX,Black / Silver,350.0,True,Solid,29.7,4,False
Foxconn TW-001(H+A)+ISO-400-4SS,,MicroATX Mini Tower,Micro ATX,Black / Silver,300.0,True,Solid,25.1,1,False
Gigabyte Sumo 4112,,ATX Full Tower,ATX,Black,,False,Solid,53.1,5,False
Gigabyte GZ-AA2CB-SNS,,ATX Mid Tower,ATX,Black,,False,Solid,44.1,3,False
Gigabyte GZ-AA2CB-SNS,,ATX Mid Tower,ATX,Gray / Black,,False,Solid,44.1,3,False
Gigabyte Setto 1000,,ATX Mid Tower,ATX,Black,,False,Solid,36.1,6,False
Gigabyte GZ-KF03B,,ATX Mid Tower,ATX,Black,,False,Solid,26.5,5,False
Gigabyte GZ-X2BPD-500,,ATX Mid Tower,ATX,Black,,False,Solid,36.0,3,False
Gigabyte GZ-X5BPD-500,,ATX Mid Tower,ATX,Black,,False,Solid,36.1,3,False
Gigabyte Luxo M1000,,ATX Mid Tower,ATX,Black,,False,Solid,37.1,4,False
Gigabyte GZ-PH1A3,,ATX Mid Tower,ATX,Black / Gray,,False,Solid,26.5,5,False
In Win Android,,ATX Mid Tower,ATX,Black / Silver,,False,Solid,51.6,3,False
In Win B2,,ATX Mid Tower,ATX,Black,,False,Solid,53.8,5,False
In Win BK623.BN300BL,,MicroATX Desktop,Micro ATX,Black,300.0,True,Solid,12.3,1,False
In Win BL641.300TBL,,MicroATX Slim,Micro ATX,Black,300.0,True,Solid,11.6,2,False
In Win BM650.AD160TBL,,Mini ITX Tower,Mini ITX,Black,160.0,True,Solid,6.8,0,False
In Win C589T.CQ350TBL,,ATX Mid Tower,ATX,Black,350.0,True,Solid,35.0,3,False
In Win C638T.CQ350TBL,,ATX Mid Tower,ATX,Black,350.0,True,Solid,35.0,3,False
In Win EA013.T350SL,,ATX Mid Tower,ATX,Black / Silver,,False,Solid,34.9,2,False
In Win EM006.T350SL+,,MicroATX Mini Tower,Micro ATX,Black / Silver,350.0,True,Solid,48.0,2,False
In Win EM013.T350SL,,MicroATX Mini Tower,Micro ATX,Black / White,,False,Solid,25.3,2,False
In Win EM023.T350SL,,MicroATX Mini Tower,Micro ATX,Black,,False,Solid,25.3,2,False
In Win Griffin,,ATX Mid Tower,ATX,Black,,False,Solid,37.1,5,False
In Win IW-BP655.200BL,,Mini ITX Tower,Mini ITX,Black,200.0,True,Solid,8.1,0,False
In Win IW-BQ656,,Mini ITX Tower,Mini ITX,Black,80.0,True,Solid,3.3,0,False
In Win IW-C589T.CQ350TBL,,ATX Mid Tower,ATX,Black,350.0,True,Solid,35.0,3,False
In Win IW-F430.RL,,ATX Mid Tower,ATX,Red / White,,False,Solid,43.8,3,False
In Win IW-V605T2.CQ350TBL,,MicroATX Mini Tower,Micro ATX,Black,350.0,True,Solid,22.9,1,False
In Win IW-Z583T.CQ350TBL,,MicroATX Mini Tower,Micro ATX,Black / Gray,350.0,True,Solid,24.2,1,False
In Win Ironclad,,ATX Full Tower,ATX,Black / White,,False,Solid,70.5,6,False
In Win S605T2.CQ350TBL,,ATX Mid Tower,ATX,Black,350.0,True,Solid,35.8,2,False
In Win Track,,ATX Mid Tower,ATX,Black / Silver,,False,Solid,45.7,3,False
In Win V564T2.CQ350TBL,,MicroATX Mini Tower,Micro ATX,Black / Silver,350.0,True,Solid,22.9,1,False
In Win V605T2.CQ350TBL,,MicroATX Mini Tower,Micro ATX,Black,350.0,True,Solid,22.9,1,False
In Win V627T2.CQ350TBL,,MicroATX Mini Tower,Micro ATX,Black,350.0,True,Solid,22.9,1,False
In Win Z583T.CQ350TBL,,MicroATX Mini Tower,Micro ATX,Black / Silver,350.0,True,Solid,24.2,1,False
In Win Z638T.CQ350TBL,,MicroATX Mini Tower,Micro ATX,Black,350.0,True,Solid,24.2,1,False
Raidmax Iceberg,,ATX Mid Tower,ATX,Silver,,False,Acrylic,55.2,4,False
Raidmax Tornado,,ATX Mid Tower,ATX,Black / Green,,False,Acrylic,42.1,5,False
Raidmax Tornado,,ATX Mid Tower,ATX,Black / Blue,,False,Acrylic,42.1,5,False
Raidmax Tornado,,ATX Mid Tower,ATX,Black / Yellow,,False,Acrylic,42.1,5,False
Raidmax Hurricane,,ATX Mid Tower,ATX,Black,,False,Acrylic,36.2,5,False
Raidmax Atlas ATX-295WB,,ATX Mid Tower,ATX,Black,,False,Acrylic,42.9,4,False
Raidmax Atlas ATX-298WB,,ATX Mid Tower,ATX,Black,,False,Acrylic,42.9,4,False
Raidmax Typhoon,,ATX Mid Tower,ATX,Black,,False,Acrylic,36.2,5,False
Raidmax Smilodon ATX-612WB,,ATX Mid Tower,ATX,Black,500.0,True,Acrylic,47.5,4,False
Raidmax Blackstorm ATX-615WW,,ATX Mid Tower,ATX,White / Blue,,False,Solid,47.7,1,False
Raidmax Enzo ATX-617WR,,ATX Mid Tower,ATX,Black / Red,,False,Acrylic,47.7,4,False
Raidmax Aztec,,ATX Mid Tower,ATX,Black / Orange,,False,Acrylic,47.5,4,False
Raidmax Fusion ATX-806WB,,ATX Mid Tower,ATX,Gray / Black,,False,Acrylic,41.0,5,False
Raidmax Helios ATX-819WB,,ATX Mid Tower,ATX,Black,,False,Acrylic,51.0,4,False
Raidmax Aura ATX-927WB,,ATX Mid Tower,ATX,Black,,False,Acrylic,40.0,3,False
Raidmax Aura ATX-927WB,,ATX Mid Tower,ATX,Green,,False,Acrylic,40.0,3,False
Raidmax Aura ATX-927WB,,ATX Mid Tower,ATX,Blue,,False,Acrylic,40.0,3,False
Raidmax Skyline ATX-948WB,,ATX Mid Tower,ATX,Black,,False,Acrylic,47.1,4,False
Raidmax Eclipse ATX-989WBBL,,ATX Mid Tower,ATX,Black,,False,Acrylic,42.1,3,False
Rosewill RC-CIX-01,,Mini ITX Tower,Mini ITX,Black,150.0,True,Solid,8.6,1,False
Rosewill RC-CIX-01,,Mini ITX Tower,Mini ITX,Black / Red,150.0,True,Solid,8.6,1,False
Silverstone FT01-B,,ATX Mid Tower,ATX,Black,,False,Solid,51.7,7,False
Silverstone FT01-B,,ATX Mid Tower,ATX,Black,,False,Acrylic,51.7,7,False
Silverstone FT02B,,ATX Mid Tower,ATX,Black,,False,Solid,64.8,5,False
Silverstone GD01B-MXR,,HTPC,Mini ITX,Black,,False,Solid,31.3,6,False
Silverstone KL02-B,,ATX Mid Tower,ATX,Black,,False,Acrylic,41.7,4,False
Silverstone KL03-B,,ATX Full Tower,ATX,Black,,False,Solid,68.2,4,False
Silverstone PS05-B,,ATX Mid Tower,ATX,Black,,False,Solid,43.0,4,False
Silverstone RV01-BW,,ATX Full Tower,ATX,Black,,False,Acrylic,113.1,6,False
Silverstone RV02B-EW,,ATX Full Tower,ATX,Black,,False,Acrylic,68.3,5,False
Silverstone RV02B-EW,,ATX Full Tower,ATX,White,,False,Acrylic,68.3,5,False
Silverstone SG01-BF,,MicroATX Desktop,Micro ATX,Black,,False,Solid,21.8,2,False
Silverstone SG04B-F,,MicroATX Mini Tower,Micro ATX,Black,,False,Solid,24.7,2,False
Silverstone SG07-B,,Mini ITX Desktop,Mini ITX,Black / Gray,600.0,True,Acrylic,14.6,1,False
Silverstone TJ09-B,,ATX Full Tower,ATX,Black,,False,Solid,66.6,6,False
Silverstone TJ09-BW,,ATX Full Tower,ATX,Black,,False,Acrylic,66.7,6,False
Silverstone TJ10-B,,ATX Full Tower,ATX,Black,,False,Solid,69.8,6,False
Sunbeam AC9B-T,,ATX Mid Tower,ATX,Clear,,False,Solid,49.5,4,False
Sunbeam ACMI-P-HUVB,,Mini ITX Tower,Mini ITX,Clear,150.0,True,Acrylic,10.3,1,False
Sunbeam ACMI-P-T,,Mini ITX Tower,Mini ITX,Clear,150.0,True,Acrylic,,1,False
Sunbeam ACUF-T,,ATX Mid Tower,ATX,Clear,,False,Solid,33.8,2,False
Sunbeam IC-AUT,,ATX Mid Tower,ATX,Black,,False,Solid,,3,False
Sunbeam IC-FS,,ATX Mid Tower,ATX,Black,,False,Acrylic,38.6,3,False
Sunbeam IC-TR-US-BA-WOPSU,,ATX Full Tower,ATX,Black / Silver,,False,Acrylic,47.8,6,False
Sunbeam IC-VM,,ATX Mid Tower,ATX,Black,,False,Solid,31.0,5,False
XClio A380BK,,ATX Full Tower,ATX,Black,,False,Acrylic,60.2,7,False
XClio A380COLOR,,ATX Full Tower,ATX,Black,,False,Acrylic,60.2,6,False
XClio A380COLOR-PLUS,,ATX Full Tower,ATX,Black,,False,Acrylic,65.4,6,False
XClio A380PLUS,,ATX Full Tower,ATX,Black,,False,Acrylic,65.4,7,False
XClio Blackhawk,,ATX Full Tower,ATX,Black,,False,Solid,59.7,8,False
XClio Color I,,ATX Mid Tower,ATX,Black,,False,Solid,41.6,5,False
XClio Coolbox Advanced,,ATX Mid Tower,ATX,Black,,False,Solid,34.0,5,False
XClio Godspeed 737,,ATX Mid Tower,ATX,Black,,False,Solid,39.8,5,False
XClio Godspeed 747,,ATX Mid Tower,ATX,Black,,False,Solid,39.8,5,False
XClio Godspeed Two Advanced,,ATX Mid Tower,ATX,Black,,False,Acrylic,44.3,5,False
XClio Nighthawk,,ATX Mid Tower,ATX,Black,,False,Acrylic,37.6,4,False
XClio Nighthawk Color,,ATX Mid Tower,ATX,Black,,False,Acrylic,39.8,4,False
XClio WTBK,,ATX Full Tower,ATX,Black,,False,Solid,69.8,6,False
XClio XCLIO 2000,,ATX Full Tower,ATX,Black,,False,Solid,93.3,12,False
Xigmatek Utgard Window,,ATX Mid Tower,ATX,Black,,False,Acrylic,51.7,4,False
Xigmatek Utgard Mesh,,ATX Mid Tower,ATX,Black,,False,Solid,51.7,4,False
Xion AXP-ARM001-BL,,ATX Mid Tower,ATX,Black,,False,Acrylic,38.3,5,False
Xion AXP100-001BK,,ATX Mid Tower,ATX,Black,,False,Acrylic,37.2,5,False
Xion AXP120-001BK,,ATX Mid Tower,ATX,Black,,False,Acrylic,40.3,5,False
Xion AXP300-001BK,,ATX Mid Tower,ATX,Black,,False,Solid,43.7,5,False
Xion XON-CBX01,,ATX Mid Tower,ATX,Black,,False,Acrylic,38.3,5,False
Xion XON-EC001,,ATX Mid Tower,ATX,Black,,False,Solid,43.7,5,False
Xion XON-EC001,,ATX Mid Tower,ATX,Black / Red,,False,Solid,43.7,5,False
Zalman LQ1000,,ATX Mid Tower,ATX,Black,,False,Solid,47.4,4,False
Athenatech A100BB.270,,HTPC,Mini ITX,Black / Silver,270.0,True,Solid,18.5,2,False
Athenatech A100SC.350,,HTPC,Mini ITX,Gray / Silver,350.0,True,Solid,18.5,2,False
Athenatech A3708BS.450,,HTPC,Mini ITX,Black,450.0,True,Solid,,3,False
Silverstone LC10B-E,,HTPC,Mini ITX,Black,,False,Solid,30.9,7,False
Silverstone LC17-B,,HTPC,Mini ITX,Black,,False,Solid,30.9,6,False
Silverstone ML02B-MXR,,HTPC,Mini ITX,Black / Silver,120.0,True,Solid,12.4,1,False
XClio XCLIO 777Color,,ATX Full Tower,ATX,Black,,False,Solid,93.2,8,False
Xion AXP970-001BK,,ATX Mid Tower,ATX,Black,,False,Acrylic,40.0,3,False
Zalman HD160XT-S,,HTPC,Mini ITX,Silver / Gray,,False,Solid,32.2,5,False
Zalman HD503,,HTPC,Mini ITX,Black,,False,Solid,34.5,3,False
In Win BQ669.AD80TBL,,Mini ITX Tower,Mini ITX,Black,80.0,True,Solid,3.3,0,False
Silverstone SG06BB-450,,Mini ITX Desktop,Mini ITX,Black,450.0,True,Solid,11.0,1,False
Xion XON-160PCB,,ATX Mid Tower,ATX,Black / Silver,500.0,True,Solid,,5,False
Apevia ATX998KL,,ATX Mid Tower,ATX,Gray,420.0,True,Solid,39.6,4,False
Lian Li PC-K59,,ATX Mid Tower,ATX,Black,,False,Solid,60.1,6,False
In Win Fanqua,,ATX Mid Tower,ATX,Black,,False,Solid,49.1,3,False
HEC 6C11BB,,ATX Mid Tower,ATX,Black,,False,Solid,34.8,3,False
Broadway Com Corp 101PA,,ATX Mid Tower,ATX,Black,500.0,True,Solid,32.8,6,False
Apex Vortex 3610,,ATX Mid Tower,ATX,Black,,False,Solid,36.7,5,False
Apevia ATX998KL,,ATX Mid Tower,ATX,Gray,250.0,True,Solid,39.6,4,False
Apex SK-393-C,,ATX Mid Tower,ATX,Black,,False,Solid,31.0,5,False
Enermax Spinerex,,ATX Full Tower,ATX,Black,,False,Solid,68.5,8,False
Gigabyte GZ-X8BPDX-400,,ATX Mid Tower,ATX,Black / Silver,,False,Solid,36.1,6,False
Gigabyte GZ-KX9,,ATX Mid Tower,ATX,Black / Silver,,False,Solid,32.8,5,False
HEC 63R3BB,,ATX Mid Tower,ATX,Black,,False,Solid,35.2,4,False
In Win BUC,,ATX Mid Tower,ATX,Black,,False,Solid,51.4,5,False
In Win C583T.D400TBL,,ATX Mid Tower,ATX,Black / Silver,400.0,True,Solid,35.0,3,False
In Win EA035.CQ350SL,,ATX Mid Tower,ATX,Black / Silver,350.0,True,Solid,34.9,2,False
In Win EM035.CQ350SL,,MicroATX Mini Tower,Micro ATX,Black,350.0,True,Solid,25.3,1,False
In Win Z583T.D400TBL,,MicroATX Mini Tower,Micro ATX,Black / Silver,400.0,True,Solid,24.2,1,False
Lian Li PC-K57W,,ATX Mid Tower,ATX,Black,,False,Acrylic,49.9,3,False
Raidmax Reiter,,ATX Mid Tower,ATX,Black,,False,Solid,49.5,4,False
Silverstone RV03B-W,,ATX Full Tower,ATX,Black / White,,False,Acrylic,69.4,4,False
Sunbeam IC-QB-SVBK,,ATX Mid Tower,ATX,Black / Silver,,False,Acrylic,38.6,3,False
Xigmatek Pantheon,,ATX Mid Tower,ATX,Black,,False,Acrylic,,4,False
Xigmatek Utgard,,ATX Mid Tower,ATX,Black,,False,Solid,51.7,4,False
Apevia X-Trooper-Jr,,ATX Mid Tower,ATX,Black,,False,Solid,29.8,3,False
Apevia X-Trooper-Jr,,ATX Mid Tower,ATX,Black,450.0,True,Solid,29.8,3,False
NZXT Beta,,ATX Mid Tower,ATX,Black,,False,Solid,42.8,5,False
Apevia X-Trooper,,ATX Mid Tower,ATX,Black,450.0,True,Solid,44.8,6,False
Cooler Master Elite 310,,ATX Mid Tower,ATX,Black / Orange,,False,Acrylic,39.1,6,False
Broadway Com Corp A3728,,ATX Mid Tower,ATX,Black,,False,Solid,34.7,4,False
Broadway Com Corp A5938,,ATX Mid Tower,ATX,Black,,False,Solid,40.4,5,False
HEC 6T10LOH400,,MicroATX Mini Tower,Micro ATX,Black,400.0,True,Solid,24.0,2,False
HEC 98R9BB,,ATX Full Tower,ATX,Black,,False,Solid,78.6,5,False
In Win BM639.AD160TBL,,Mini ITX Tower,Mini ITX,Black,160.0,True,Solid,6.8,1,False
In Win EM020.T350SL,,MicroATX Mini Tower,Micro ATX,Black / Silver,,False,Solid,25.3,2,False
Lian Li PC-A05FNA,,ATX Mid Tower,ATX,Silver,,False,Solid,40.4,3,False
Lian Li PC-A71F USB3.0,,ATX Mid Tower,ATX,Black,,False,Solid,79.5,10,False
Lian Li PC-C60,,HTPC,Mini ITX,Silver,,False,Solid,33.1,6,False
Lian Li PC-P80NB,,ATX Full Tower,ATX,Black,,False,Solid,84.4,10,False
Lian Li PC-V600F,,MicroATX Mini Tower,Micro ATX,Silver,,False,Solid,34.5,5,False
Lian Li PC-V600F,,MicroATX Mini Tower,Micro ATX,Black,,False,Solid,34.5,5,False
Lian Li PC-V600F,,MicroATX Mini Tower,Micro ATX,Red,,False,Solid,34.5,5,False
Lian Li PC-V600F,,MicroATX Mini Tower,Micro ATX,Black,,False,Acrylic,34.5,5,False
Lian Li PC-Z60B,,ATX Mid Tower,ATX,Black,,False,Solid,47.5,6,False
Lian Li PC-Z70B,,ATX Full Tower,ATX,Black,,False,Solid,77.7,9,False
Logisys CS1200BK,,ATX Mid Tower,ATX,Black,,False,Solid,47.9,5,False
Logisys CS2006BK,,ATX Mid Tower,ATX,Black,480.0,True,Solid,38.5,5,False
Logisys CS301BK,,ATX Mid Tower,ATX,Black,480.0,True,Solid,34.5,5,False
Raidmax ATX-298WW,,ATX Mid Tower,ATX,Black / White,,False,Acrylic,42.9,4,False
Sunbeam IC-EVO,,ATX Mid Tower,ATX,Black,,False,Acrylic,38.5,5,False
TUNIQ IC-TQ3-US,,ATX Mid Tower,ATX,Black,,False,Acrylic,,3,False
Thermaltake Soprano DX,,ATX Mid Tower,ATX,Black,,False,Solid,49.8,5,False
XClio Blue I,,ATX Mid Tower,ATX,Black,,False,Solid,41.6,5,False
Xion XON-180,,ATX Mid Tower,ATX,Black,,False,Solid,29.5,4,False
Zalman GS1200,,ATX Full Tower,ATX,Black,,False,Solid,93.7,6,False
nMEDIAPC HTPC 1000B,,HTPC,Mini ITX,Black,,False,Solid,24.4,4,False
nMEDIAPC HTPC 3000B,,HTPC,Mini ITX,Black,,False,Solid,28.9,6,False
nMEDIAPC HTPC 6000B,,HTPC,Mini ITX,Silver / Black,,False,Solid,29.9,5,False
Raidmax ATX-615WUP,,ATX Mid Tower,ATX,White / Blue,500.0,True,Solid,47.7,4,False
Raidmax ATX-948WBP,,ATX Mid Tower,ATX,Black,450.0,True,Acrylic,47.1,4,False
Sentey PS2-3268,,ATX Mid Tower,ATX,Black / Silver,,False,Solid,38.8,4,False
Raidmax ATX-948WSP,,ATX Mid Tower,ATX,Black / Silver,450.0,True,Acrylic,47.1,4,False
Sentey DS1-4234,,ATX Mid Tower,ATX,Black,,False,Solid,38.8,4,False
Raidmax ATX-305WBP,,ATX Mid Tower,ATX,Black,450.0,True,Solid,49.5,4,False
Diablotek CPA-3570,,ATX Mid Tower,ATX,Black,,False,Solid,38.4,4,False
Sentey CS1-1396,,ATX Mid Tower,ATX,Black,,False,Solid,27.8,5,False
Sentey BX2-4260 v2.3,,ATX Mid Tower,ATX,Black,,False,Acrylic,39.1,5,False
nMEDIAPC HTPC 2000B,,HTPC,Mini ITX,Silver / Black,,False,Solid,29.9,6,False
Sentey BX1-4246 v2.1,,ATX Mid Tower,ATX,Black,,False,Solid,40.2,4,False
Linkworld 43706-228FU+P04,,MicroATX Mid Tower,Micro ATX,Black,430.0,True,Solid,23.2,2,False
Linkworld 431-06 C.2222,,ATX Mid Tower,ATX,Black,500.0,True,Solid,31.2,5,False
Linkworld 313-11(3131-11),,ATX Mid Tower,ATX,Black / Silver,500.0,True,Solid,63.2,6,False
Sentey GS-6400 - ARVINA,,ATX Full Tower,ATX,Black,,False,Solid,60.7,5,False
Sentey BX1-4283 v2.3,,ATX Mid Tower,ATX,Black,,False,Acrylic,40.2,4,False
Sentey BX1-4284 v2.3,,ATX Mid Tower,ATX,Black,,False,Acrylic,40.2,4,False
Sigma PHANTOM-WB,,ATX Mid Tower,ATX,Black,,False,Acrylic,47.7,4,False
Sigma BLITZ-WB,,ATX Mid Tower,ATX,Black,,False,Acrylic,46.6,4,False
Sentey BX2-4291 v2.3,,ATX Mid Tower,ATX,Black,,False,Acrylic,39.1,5,False
Sigma Pluto-WB,,ATX Mid Tower,ATX,Black,,False,Acrylic,41.5,5,False
Sentey BX1-4237 v2.1,,ATX Mid Tower,ATX,Black,,False,Solid,40.2,4,False
Sentey CS1-1399,,ATX Mid Tower,ATX,Black,250.0,True,Solid,27.8,2,False
Sentey PS2-3270,,ATX Mid Tower,ATX,Black / Silver,250.0,True,Solid,38.8,4,False
Sentey PS2-3271,,ATX Mid Tower,ATX,Black,250.0,True,Solid,38.8,4,False
Linkworld Q319-C8888-P4,,ATX Mid Tower,ATX,Silver,500.0,True,Solid,42.4,6,False
Sentey PS2-3272,,ATX Mid Tower,ATX,Black,250.0,True,Solid,38.8,4,False
Apevia X-Dreamer,,ATX Mid Tower,ATX,Black,420.0,True,Solid,36.0,5,False
BitFenix Colossus,,ATX Full Tower,ATX,Black,,False,Solid,79.0,7,False
BitFenix Merc Beta,,ATX Mid Tower,ATX,Black,,False,Solid,40.5,6,False
BitFenix Survivor Core,,ATX Mid Tower,ATX,Black,,False,Solid,45.8,6,False
BitFenix Survivor,,ATX Mid Tower,ATX,Black,,False,Solid,45.8,6,False
Cooler Master Elite 330 Upgraded,,ATX Mid Tower,ATX,Black / Silver,,False,Solid,40.5,5,False
nMEDIAPC HTPC 5000S,,HTPC,Mini ITX,Silver / Black,,False,Solid,24.4,4,False
Silverstone PS06B-W,,ATX Mid Tower,ATX,Black / Blue,,False,Acrylic,57.2,4,False
In Win BM639.AD160TSL,,Mini ITX Tower,Mini ITX,Black / Silver,160.0,True,Solid,6.8,1,False
Lian Li PC-K9B,,ATX Mid Tower,ATX,Black,,False,Solid,49.9,6,False
Lian Li PC-8NW USB3.0,,ATX Mid Tower,ATX,Black,,False,Acrylic,46.2,3,False
Lian Li PC-K9WX,,ATX Mid Tower,ATX,Black,,False,Acrylic,49.9,6,False
Lian Li PC-60FN USB3.0,,ATX Mid Tower,ATX,Black,,False,Solid,48.0,4,False
Lian Li PC-V353,,HTPC,Mini ITX,Black,,False,Solid,32.7,2,False
Lian Li PC-V353,,HTPC,Mini ITX,Silver,,False,Solid,32.7,2,False
Lian Li PC-7FN USB 3.0,,ATX Mid Tower,ATX,Black,,False,Solid,,4,False
NZXT Tempest 410,,ATX Mid Tower,ATX,Black,,False,Solid,51.1,8,False
Apevia X-Telstar-Jr G-Type,,ATX Mid Tower,ATX,Black / Green,,False,Acrylic,42.3,3,False
Apevia X-Jupiter G-Type,,ATX Full Tower,ATX,Silver,,False,Acrylic,64.5,6,False
Apevia X-Telstar,,ATX Full Tower,ATX,Black / Blue,,False,Acrylic,52.7,5,False
Apevia X-Dreamer,,ATX Mid Tower,ATX,Black,420.0,True,Acrylic,36.0,5,False
Apevia X-Dreamer2,,ATX Mid Tower,ATX,Blue,420.0,True,Acrylic,40.0,5,False
Apevia X-Dreamer,,ATX Mid Tower,ATX,Silver,420.0,True,Acrylic,36.0,5,False
Apevia X-Dreamer2,,ATX Mid Tower,ATX,Green,420.0,True,Acrylic,40.0,5,False
Apevia X-Jupiter G-Type,,ATX Full Tower,ATX,Gray,,False,Acrylic,64.5,6,False
Apevia X-Dreamer,,ATX Mid Tower,ATX,Silver,420.0,True,Solid,36.0,5,False
Apevia X-Jupiter G-Type,,ATX Full Tower,ATX,Silver,,False,Solid,66.3,6,False
Linkworld 431-06 C.2828,,ATX Mid Tower,ATX,Silver,500.0,True,Solid,31.2,5,False
Gigabyte GZ-F5HEB,,ATX Mid Tower,ATX,Black,,False,Solid,28.7,5,False
HEC 6BRBBB,,ATX Mid Tower,ATX,Black,,False,Solid,38.3,4,False
Gigabyte GZ-X2SPD-500,,ATX Mid Tower,ATX,White,,False,Solid,36.5,3,False
Linkworld 6280-01,,HTPC,Mini ITX,Black / Silver,400.0,True,Solid,21.1,1,False
Gigabyte GZ-F2HEB,,ATX Mid Tower,ATX,Black,,False,Solid,28.7,5,False
Linkworld 3210-04-C2628,,ATX Mid Tower,ATX,Black / Silver,,False,Acrylic,36.8,5,False
HEC 6K11BB,,MicroATX Mini Tower,Micro ATX,Black,,False,Solid,26.4,1,False
Linkworld 43715-128FU+P04,,MicroATX Mini Tower,Micro ATX,Black,430.0,True,Solid,23.2,1,False
XClio Touch 320,,ATX Mid Tower,ATX,Black,,False,Solid,56.5,8,False
Xion XON-403,,ATX Mid Tower,ATX,Black / Silver,,False,Acrylic,33.4,5,False
nMEDIAPC HTPC 1000B,,HTPC,Mini ITX,Silver / Black,,False,Solid,24.4,4,False
XClio Touch 767,,ATX Full Tower,ATX,Black,,False,Solid,56.5,6,False
XClio Touch 787,,ATX Full Tower,ATX,Black,,False,Solid,56.5,6,False
Silverstone Fortress Series FT02S,,ATX Full Tower,ATX,Silver,,False,Acrylic,64.8,5,False
Azza Triton 401,,ATX Mid Tower,ATX,Black,,False,Solid,47.6,4,False
Azza Hurrican 2000R,,ATX Full Tower,ATX,Black,,False,Acrylic,82.0,6,False
Enermax Fulmo Advance,,ATX Mid Tower,ATX,Black,,False,Solid,57.5,6,False
Foxconn RM233+DSI250P,,Mini ITX Tower,Mini ITX,Black / Silver,250.0,True,Solid,9.1,1,False
Foxconn RM338+FSP150-50GL,,Mini ITX Tower,Mini ITX,Black / Silver,150.0,True,Solid,9.1,1,False
In Win IW-V508T2X.L+,,MicroATX Mini Tower,Micro ATX,White,,False,Solid,22.9,1,False
Apevia X-Telstar,,ATX Full Tower,ATX,Black / Red,,False,Acrylic,52.7,5,False
Apevia X-Telstar,,ATX Full Tower,ATX,Black / Green,,False,Acrylic,52.7,5,False
Lian Li PC-C37U,,HTPC,Mini ITX,Black,300.0,True,Solid,18.4,2,False
In Win Dragon Rider,,ATX Full Tower,ATX,White / Black,,False,Solid,76.6,6,False
Sentey GS-6000,,ATX Mid Tower,ATX,Black,,False,Solid,42.5,4,False
Sentey BX2-4260 v2.1,,ATX Mid Tower,ATX,Black,,False,Solid,39.1,5,False
Sentey GS-6070 Abaddom,,ATX Mid Tower,ATX,Black,,False,Solid,42.5,4,False
Sentey CS1-1397,,ATX Mid Tower,ATX,Black,,False,Solid,27.8,2,False
Sentey BX1-4285 v2.1,,ATX Mid Tower,ATX,Black,,False,Solid,40.2,4,False
Rosewill RZLS142A-P YE,,ATX Mid Tower,ATX,Black / Yellow,,False,Solid,35.7,4,False
Sentey GS-6050 Halcon,,ATX Mid Tower,ATX,Black,,False,Solid,42.5,4,False
Sigma ATLANTIS,,ATX Mid Tower,ATX,Blue,,False,Solid,74.1,4,False
Sentey GS-6600 Wolf,,ATX Full Tower,ATX,Black,,False,Solid,60.7,5,False
Sigma ZEN-WAR,,ATX Mid Tower,ATX,Black / Silver,,False,Acrylic,74.1,3,False
Sigma ZEN-WAR,,ATX Mid Tower,ATX,Green,,False,Acrylic,74.1,3,False
Logisys CS309Bk,,ATX Mid Tower,ATX,Black,480.0,True,Acrylic,31.8,1,False
Sentey GS-6500B,,ATX Full Tower,ATX,Black / Blue,,False,Solid,61.0,5,False
Sentey GS-6400W - ARVINA,,ATX Full Tower,ATX,White / Black,,False,Solid,60.7,5,False
BitFenix Raider,,ATX Mid Tower,ATX,Black,,False,Solid,,6,False
Cooler Master Elite 370,,ATX Mid Tower,ATX,Black,400.0,True,Solid,38.7,5,False
Lian Li PC-6,,ATX Mid Tower,ATX,Black,,False,Solid,,3,False
Lian Li PC-C32B USB3.0,,HTPC,Mini ITX,Black,,False,Solid,37.4,4,False
Lian Li PC-B10 USB3.0,,ATX Mid Tower,ATX,Black,,False,Solid,46.4,4,False
Lian Li PC-K65,,ATX Mid Tower,ATX,Black,,False,Solid,50.1,6,False
Lian Li PC-K56 N,,ATX Mid Tower,ATX,Black,,False,Solid,50.1,3,False
Raidmax Super Hurricane,,ATX Mid Tower,ATX,Black / Blue,,False,Acrylic,36.7,4,False
Raidmax Super Hurricane,,ATX Mid Tower,ATX,Black / Silver,,False,Acrylic,36.7,4,False
Cougar Solution RSB400,,ATX Mid Tower,ATX,Black,400.0,True,Solid,40.7,6,False
Raidmax ATX-321WB,,ATX Mid Tower,ATX,Black / Orange,,False,Acrylic,42.6,4,False
In Win IW-BW138.CQ450TBL,,ATX Mid Tower,ATX,Black,,False,Solid,34.9,4,False
Raidmax Seiran,,ATX Mid Tower,ATX,White / Black,,False,Solid,45.3,6,False
Xion XON-990,,ATX Mid Tower,ATX,Black,,False,Solid,53.0,5,False
Raidmax Viper,,ATX Mid Tower,ATX,Red / Black,,False,Acrylic,42.6,4,False
Raidmax Seiran,,ATX Mid Tower,ATX,Red / Black,,False,Solid,45.3,6,False
HEC 6T10LOH585,,MicroATX Mini Tower,Micro ATX,Black,585.0,True,Solid,24.0,2,False
Antec One Illusion,,ATX Mid Tower,ATX,Black,,False,Solid,44.2,5,False
Lian Li PC-Q15,,HTPC,Mini ITX,Silver,300.0,True,Solid,14.6,1,False
Lian Li PC-Q09FN,,HTPC,Mini ITX,Silver,300.0,True,Solid,7.5,1,False
Lian Li PC-V700,,ATX Mid Tower,ATX,Black,,False,Acrylic,41.7,6,False
Lian Li PC-Q15,,HTPC,Mini ITX,Black,300.0,True,Solid,14.6,1,False
Lian Li PC-V700,,ATX Mid Tower,ATX,Black,,False,Solid,41.7,6,False
Lian Li PC-Q18,,HTPC,Mini ITX,Silver,,False,Solid,20.9,6,False
Lian Li PC-Q25A,,Mini ITX Tower,Mini ITX,Silver,,False,Solid,20.2,7,False
NZXT Phantom 410,,ATX Mid Tower,ATX,Black / White,,False,Acrylic,58.5,6,False
BitFenix Colossus Window,,ATX Full Tower,ATX,White,,False,Acrylic,79.0,7,False
BitFenix Shinobi Window,,ATX Mid Tower,ATX,White,,False,Acrylic,46.2,7,False
BitFenix Colossus Venom Window,,ATX Full Tower,ATX,Black,,False,Acrylic,79.4,7,False
Fractal Design Define R4,,ATX Mid Tower,ATX,Black / Gray,,False,Solid,56.0,8,False
XClio 320,,ATX Mid Tower,ATX,Black,,False,Solid,43.7,8,False
DIYPC SW-713,,ATX Mid Tower,ATX,Black,,False,Solid,41.2,2,False
DIYPC SW-9001,,ATX Mid Tower,ATX,Black,,False,Solid,41.2,2,False
Lian Li PC-Q02,,Mini ITX Tower,Mini ITX,Silver,300.0,True,Solid,6.8,1,False
BitFenix Colossus,,ATX Full Tower,ATX,White,,False,Solid,79.0,7,False
Thermaltake ARMOR REVO,,ATX Full Tower,ATX,Black,,False,Acrylic,82.0,6,False
HEC 6T16BB,,ATX Mini Tower,ATX,Black,,False,Solid,24.0,2,False
Zalman GS1000 SE,,ATX Full Tower,ATX,Black,,False,Solid,94.7,6,False
Rosewill RPS-01,,ATX Mid Tower,ATX,Black / Silver,500.0,True,Acrylic,45.7,6,False
Gigabyte GZ-ZIF138R,,ATX Mid Tower,ATX,Black,,False,Solid,33.3,4,False
Cougar Evolution,,ATX Mid Tower,ATX,White,,False,Acrylic,59.8,4,False
In Win K1 STANDARD,,Mini ITX Desktop,Mini ITX,Black,120.0,True,Solid,4.7,0,False
Gigabyte GZ-AXBS11-CNB,,ATX Mid Tower,ATX,Black,,False,Solid,42.9,6,False
Silverstone LC10B-E-USB3.0,,HTPC,Mini ITX,Black,,False,Solid,31.1,7,False
Sentey GS-6070 II Abaddom,,ATX Mid Tower,ATX,Black,,False,Acrylic,42.5,4,False
Sentey CS1-1420 TAC2.0,,ATX Mid Tower,ATX,Black,,False,Solid,30.3,5,False
In Win Z670T.CQ350TBL,,MicroATX Mini Tower,Micro ATX,Black,350.0,True,Solid,24.2,2,False
Gigabyte GZ-ZIF338R,,ATX Mid Tower,ATX,Black,,False,Solid,33.3,4,False
Topower TP-4107BB-400,,ATX Mid Tower,ATX,Black,400.0,True,Solid,30.6,5,False
Athena Power CA-GSB01DA,,ATX Mid Tower,ATX,Black,,False,Acrylic,41.1,4,False
Raidmax ATX-605BW,,ATX Mid Tower,ATX,Black / White,,False,Solid,75.6,6,False
Lian Li PC-Q16,,Mini ITX Tower,Mini ITX,Silver,300.0,True,Solid,9.2,1,False
Lian Li PC-A55,,ATX Mid Tower,ATX,Black,,False,Solid,31.8,2,False
Topower TP-1687BB-300,,MicroATX Desktop,Micro ATX,Black / White,300.0,True,Solid,15.4,1,False
Lian Li PC-Q03,,Mini ITX Tower,Mini ITX,Silver,,False,Solid,10.2,1,False
Lian Li PC-Q16,,Mini ITX Tower,Mini ITX,Black,300.0,True,Solid,9.2,1,False
Apex PCV-588,,ATX Mid Tower,ATX,Black,,False,Acrylic,39.9,6,False
In Win BL641S.300TBL,,MicroATX Slim,Micro ATX,Black,300.0,True,Solid,11.6,2,False
Silverstone RL01B-USB 3.0,,ATX Mid Tower,ATX,Black,,False,Solid,40.9,5,False
Sentey GS-6700 SPIDER,,ATX Full Tower,ATX,Black,,False,Solid,60.7,5,False
Cougar Solution AF-2,,ATX Mid Tower,ATX,Black / Green,,False,Solid,40.7,6,False
Sentey GS-6410 ARVINA PLUS,,ATX Full Tower,ATX,Black,,False,Acrylic,60.7,5,False
Sentey GS-6510 BURTON PLUS,,ATX Full Tower,ATX,Black,,False,Acrylic,60.7,5,False
Lian Li PC-K56N USB 3.0,,ATX Mid Tower,ATX,Black,,False,Solid,50.1,3,False
Lian Li PC-V750,,ATX Full Tower,ATX,Black,,False,Solid,99.4,9,False
Silverstone LC20B-M-USB3.0,,HTPC,Mini ITX,Black,,False,Solid,31.2,6,False
In Win GR One,,ATX Full Tower,ATX,Gray / Black,,False,Acrylic,81.0,8,False
Lian Li PC-B12,,ATX Mid Tower,ATX,Black,,False,Solid,49.3,3,False
Lian Li PC-X2000FNB,,ATX Full Tower,ATX,Black,,False,Solid,75.4,9,False
Topower TP-4106BB,,ATX Mid Tower,ATX,Black,,False,Solid,,5,False
Apevia X-Jupiter-Jr G-Type,,ATX Mid Tower,ATX,Silver,,False,Acrylic,42.3,3,False
Silverstone SG01B-F-USB3.0,,MicroATX Desktop,Micro ATX,Black,,False,Solid,21.7,2,False
Enermax ECA3175,,ATX Mid Tower,ATX,Black,,False,Acrylic,33.9,6,False
Cooler Master Storm Scout 2 Advanced,,ATX Mid Tower,ATX,Gray / Black,,False,Acrylic,61.6,7,False
Lian Li PC-7H,,ATX Mid Tower,ATX,Black,,False,Solid,55.5,4,False
Gigabyte GZ-ZLM10BS,,ATX Mid Tower,ATX,Black,,False,Solid,36.2,8,False
BitFenix Shinobi XL,,ATX Full Tower,ATX,White,,False,Solid,77.2,7,False
DIYPC SW-711,,ATX Mid Tower,ATX,Black,,False,Solid,41.2,2,False
Rosewill Line Glow,,ATX Mid Tower,ATX,Black,,False,Solid,35.5,8,False
Parvum Systems S1.0,,MicroATX Mid Tower,Micro ATX,Black,,False,Acrylic,,2,False
Parvum Systems S1.0,,MicroATX Mid Tower,Micro ATX,White,,False,Acrylic,,2,False
Antec P280,,ATX Mid Tower,ATX,White,,False,Solid,68.0,6,False
Silverstone TJ10B-USB3.0,,ATX Full Tower,ATX,Black,,False,Solid,69.2,6,False
Silverstone TJ10B-W,,ATX Full Tower,ATX,Black,,False,Acrylic,69.2,6,False
Silverstone TJ10B-W-USB3.0,,ATX Full Tower,ATX,Black,,False,Acrylic,69.2,6,False
Silverstone TJ10B-WNV,,ATX Full Tower,ATX,Black,,False,Acrylic,69.2,6,False
Silverstone TJ10S,,ATX Full Tower,ATX,Silver,,False,Solid,69.2,6,False
Silverstone TJ10S-W,,ATX Full Tower,ATX,Silver,,False,Acrylic,69.2,6,False
Silverstone TJ10B-WNV-USB3.0,,ATX Full Tower,ATX,Black,,False,Acrylic,69.2,6,False
Silverstone RL04B,,ATX Mid Tower,ATX,Black,,False,Solid,54.9,5,False
Silverstone RL03B-W-USB 3.0,,ATX Mid Tower,ATX,Black,,False,Acrylic,40.4,7,False
Silverstone PS05B-USB3.0,,ATX Mid Tower,ATX,Black,,False,Solid,42.6,4,False
CFI Prime 311,,ATX Mid Tower,ATX,Black,,False,Solid,42.7,4,False
CFI Prime 223,,ATX Mid Tower,ATX,Black,,False,Solid,32.4,4,False
CFI Pharaoh,,ATX Full Tower,ATX,Black,,False,Acrylic,89.6,8,False
CFI Diablo LT,,ATX Mid Tower,ATX,Black,,False,Acrylic,48.0,4,False
Lian Li PC-9N,,ATX Mid Tower,ATX,Silver,,False,Solid,46.5,3,False
Lian Li PC-9N,,ATX Mid Tower,ATX,Black,,False,Solid,46.5,3,False
Lian Li PC-Q07B USB3.0,,Mini ITX Tower,Mini ITX,Black,,False,Solid,11.6,1,False
Ultra XBlaster Pro,,ATX Mid Tower,ATX,Black,,False,Solid,36.0,7,False
Ultra XBlaster V2,,ATX Mid Tower,ATX,Black,,False,Solid,36.0,6,False
Ultra Gladiator,,ATX Mid Tower,ATX,Black,,False,Solid,39.5,5,False
Thermaltake Overseer RX-I Snow Edition,,ATX Full Tower,ATX,White,,False,Acrylic,68.1,5,False
Enermax Hoplite ST,,ATX Mid Tower,ATX,Black,,False,Acrylic,48.0,6,False
Enermax Hoplite ST,,ATX Mid Tower,ATX,White,,False,Acrylic,48.0,6,False
Rosewill R5601,,ATX Mid Tower,ATX,Black,,False,Solid,43.2,5,False
Thermaltake Urban S41,,ATX Mid Tower,ATX,Black,,False,Solid,58.9,5,False
Thermaltake Urban S31 Window,,ATX Mid Tower,ATX,Black,,False,Acrylic,53.6,6,False
Xigmatek CCC-AD38BV-U03,,ATX Mid Tower,ATX,Black / Orange,,False,Solid,43.6,8,False
Xigmatek CCC-AD38BX-U03,,ATX Mid Tower,ATX,Black / Silver,,False,Solid,43.6,8,False
Enermax ECA3253,,ATX Mid Tower,ATX,Black,,False,Acrylic,43.8,5,False
Enermax ECA3253,,ATX Mid Tower,ATX,Black / White,,False,Acrylic,43.8,5,False
Enermax ECA3280A,,ATX Mid Tower,ATX,Black / Blue,,False,Acrylic,58.2,8,False
Enermax ECA3290A,,ATX Mid Tower,ATX,Gunmetal,,False,Acrylic,,7,False
Lian Li PC-Q27,,Mini ITX Tower,Mini ITX,Silver,,False,Solid,14.3,3,False
Lian Li PC-Q27,,Mini ITX Tower,Mini ITX,Black,,False,Solid,14.3,3,False
Lian Li PC-Q28,,Mini ITX Tower,Mini ITX,Silver,,False,Solid,23.8,4,False
Lian Li PC-Q28,,Mini ITX Tower,Mini ITX,Black,,False,Solid,23.8,4,False
Lian Li PC-K7B USB3.0,,ATX Mid Tower,ATX,Black,,False,Solid,47.0,5,False
Lian Li PC-Q30,,Mini ITX Tower,Mini ITX,Silver,,False,Solid,23.4,0,False
Gigabyte GZ-G1SGS,,ATX Mid Tower,ATX,Black,,False,Solid,33.8,6,False
Apevia X-DMR4,,ATX Mid Tower,ATX,Black,,False,Acrylic,43.1,4,False
Cougar Challenger,,ATX Mid Tower,ATX,Black / White,,False,Acrylic,71.6,7,False
In Win BP655.300TB3L,,Mini ITX Tower,Mini ITX,Black,200.0,True,Solid,8.1,0,False
In Win IW-Z611T.CQ350TSL,,MicroATX Mini Tower,Micro ATX,Black / Silver,350.0,True,Solid,24.2,1,False
In Win Z653T.CQ350TB3L,,MicroATX Mini Tower,Micro ATX,Black,,False,Solid,24.2,1,False
Silverstone GD01B-R-USB3.0,,HTPC,Mini ITX,Black,,False,Solid,,6,False
Silverstone PS08B,,MicroATX Mid Tower,Micro ATX,White,,False,Solid,23.7,4,False
Silverstone RL02B-W-USB 3.0,,ATX Mid Tower,ATX,Black,,False,Acrylic,40.4,7,False
Silverstone SG06BB-LITE,,Mini ITX Desktop,Mini ITX,Silver,,False,Acrylic,,1,False
Xion XON-710P,,MicroATX Slim,Micro ATX,Red / Black,300.0,True,Solid,9.5,1,False
Xion XON-710P,,MicroATX Slim,Micro ATX,White,300.0,True,Solid,9.5,1,False
Xion XON-791B,,ATX Mid Tower,ATX,Black,,False,Solid,,3,False
Zalman Z12,,ATX Mid Tower,ATX,Black,,False,Solid,47.7,5,False
Apevia 837344000652,,ATX Mid Tower,ATX,Silver,350.0,True,Acrylic,39.5,4,False
Apevia ATXB8KLW-SS,,ATX Mid Tower,ATX,Silver,,False,Acrylic,40.3,4,False
Apevia MX-Pider,,ATX Full Tower,ATX,Silver,500.0,True,Acrylic,50.9,4,False
Apevia X-DMR3,,ATX Mid Tower,ATX,Silver,450.0,True,Solid,37.1,6,False
Apevia X-Dreamer4,,ATX Mid Tower,ATX,Black / Red,,False,Acrylic,43.1,4,False
Apex DM-532-U3,,HTPC,Mini ITX,Black,275.0,True,Solid,13.8,1,False
Apex MI-110,,Mini ITX Tower,Mini ITX,Black / Silver,250.0,True,Acrylic,9.7,1,False
DIYPC FM08,,ATX Mid Tower,ATX,Black,,False,Solid,33.8,2,False
DIYPC MiniQ1,,MicroATX Mini Tower,Micro ATX,Black,,False,Solid,24.7,2,False
DIYPC MiniQ7,,ATX Mini Tower,ATX,Black,,False,Solid,24.8,2,False
Raidmax Super Hurricane,,ATX Mid Tower,ATX,Black,,False,Solid,36.7,4,False
Raidmax Super Hurricane,,ATX Mid Tower,ATX,Black,450.0,True,Solid,36.7,4,False
Raidmax Sting Ray ATX-249B,,ATX Mid Tower,ATX,White,,False,Solid,43.4,3,False
Raidmax Atlas,,ATX Mid Tower,ATX,White / Black,,False,Acrylic,44.7,4,False
Raidmax ATX-502WBG,,ATX Mid Tower,ATX,Red / Black,,False,Acrylic,59.5,3,False
Raidmax ATX-502WBG,,ATX Mid Tower,ATX,Blue / Black,,False,Acrylic,59.5,3,False
Rosewill FB-03,,ATX Mid Tower,ATX,Black,,False,Solid,26.5,4,False
Sentey CS1-1399 PLUS,,ATX Mid Tower,ATX,Black / Red,,False,Solid,30.3,5,False
Sentey CS1-1410,,ATX Mid Tower,ATX,Black,400.0,True,Solid,30.3,5,False
Sentey CS1-1410 PLUS,,ATX Mid Tower,ATX,Black,,False,Solid,30.3,5,False
Sentey CS1-1420 PLUS,,ATX Mid Tower,ATX,Black,,False,Solid,30.3,5,False
Sentey GS-6010,,ATX Mid Tower,ATX,Black,,False,Solid,36.9,5,False
Sentey GS-6060 Plus,,ATX Mid Tower,ATX,Black / Blue,,False,Acrylic,40.2,4,False
Topower TP-1687BB-400,,MicroATX Desktop,Micro ATX,Black,400.0,True,Solid,15.4,1,False
Topower TP-6208BB,,ATX Mid Tower,ATX,Black,,False,Acrylic,,5,False
Xion XON-160P,,ATX Mid Tower,ATX,Black / Silver,500.0,True,Solid,56.9,5,False
Xion XON-301,,ATX Mid Tower,ATX,Black / Silver,,False,Acrylic,,5,False
HEC Enterprise,,ATX Mid Tower,ATX,Black,,False,Solid,,2,False
HEC Vigilance,,MicroATX Mini Tower,Micro ATX,Black,400.0,True,Solid,27.5,2,False
BitFenix Prodigy,,Mini ITX Tower,Mini ITX,Green,,False,Acrylic,36.0,5,False
Lian Li PC-7H,,ATX Mid Tower,ATX,Black,,False,Acrylic,55.5,4,False
Lian Li PC-A76WX,,ATX Full Tower,ATX,Black,,False,Acrylic,,12,False
Cougar Pioneer,,ATX Mid Tower,ATX,Black,,False,Acrylic,,6,False
Gigabyte GZ-PD Plus,,ATX Mid Tower,ATX,Black,,False,Solid,30.7,4,False
Nanoxia DS1WIB,,ATX Mid Tower,ATX,Black,,False,Acrylic,60.0,8,False
Nanoxia NXDS1W,,ATX Mid Tower,ATX,White,,False,Acrylic,60.0,8,False
In Win IW-Z589T.CQ350TB3U2L,,ATX Mid Tower,ATX,Black,350.0,True,Solid,,1,False
CHENBRO ES34069-BK-180,,Mini ITX Tower,Mini ITX,Black,180.0,True,Solid,9.4,0,False
Aerocool Syclone2,,ATX Mid Tower,ATX,Black / Blue,,False,Solid,,6,False
BitFenix Phenom,,Mini ITX Tower,Mini ITX,Black,,False,Solid,30.6,6,False
BitFenix Phenom,,Mini ITX Tower,Mini ITX,White,,False,Solid,30.6,6,False
DIYPC FM08,,ATX Mid Tower,ATX,Black / Red,,False,Solid,33.8,2,False
Rosewill THRONE-G-Window,,ATX Full Tower,ATX,Black,,False,Acrylic,74.8,10,False
Thermaltake Urban 21 BOM,,ATX Mid Tower,ATX,Black,,False,Acrylic,40.1,5,False
Gigabyte Sumo Omega,,ATX Mid Tower,ATX,Black,,False,Solid,61.6,8,False
Gigabyte GZ-ZSUCWP,,ATX Mid Tower,ATX,Black,,False,Solid,61.6,8,False
In Win H-Frame Mini,,Mini ITX Tower,Mini ITX,Blue / Silver,180.0,True,Solid,,0,False
Xigmatek CCM-38BBW-U01,,ATX Mid Tower,ATX,Black,,False,Acrylic,67.8,8,False
Cubitek Mini Cube,,Mini ITX Tower,Mini ITX,Black,,False,Solid,,3,False
Cubitek Mini Cube,,Mini ITX Tower,Mini ITX,Silver,,False,Solid,,3,False
Cubitek Tattoo Beta 2,,ATX Mid Tower,ATX,Black,,False,Solid,,5,False
Cubitek Tattoo Beta 2,,ATX Mid Tower,ATX,Black / Red,,False,Acrylic,,5,False
Cubitek Tattoo Pro 2,,ATX Mid Tower,ATX,Black / Red,,False,Acrylic,,5,False
Cubitek Tattoo White,,ATX Mid Tower,ATX,Black / White,,False,Acrylic,,5,False
Aerocool DS Cube,,MicroATX Mini Tower,Micro ATX,Black,,False,Solid,41.5,2,False
Aerocool DS Cube,,MicroATX Mini Tower,Micro ATX,White,,False,Acrylic,41.5,2,False
Aerocool DS Cube,,MicroATX Mini Tower,Micro ATX,Black / Red,,False,Acrylic,41.5,2,False
Aerocool DS Cube,,MicroATX Mini Tower,Micro ATX,Black / Orange,,False,Solid,41.5,2,False
Aerocool DS Cube,,MicroATX Mini Tower,Micro ATX,Black / White,,False,Solid,41.5,2,False
Aerocool DS Cube,,MicroATX Mini Tower,Micro ATX,Black / Gold,,False,Solid,41.5,2,False
Aerocool DS Cube,,MicroATX Mini Tower,Micro ATX,Black / Gold,,False,Acrylic,41.5,2,False
Nanoxia NXDS4B,,MicroATX Mini Tower,Micro ATX,White,,False,Solid,,6,False
Nanoxia NXDS5B,,ATX Full Tower,ATX,Black,,False,Solid,,11,False
Thermaltake ARMOR A30i Speedy,,MicroATX Mini Tower,Micro ATX,Black / Red,,False,Acrylic,35.5,3,False
Streacom ST-F1CB-EVO,,HTPC,Mini ITX,Black,,False,Solid,,0,False
Diablotek CPA-7630,,ATX Mid Tower,ATX,Black / Blue,,False,Acrylic,31.6,5,False
Enermax ECA3310A,,ATX Mid Tower,ATX,White,,False,Acrylic,58.6,7,False
Rosewill Legacy MX2-B,,ATX Mid Tower,ATX,Black,,False,Solid,37.2,3,False
Rosewill Legacy QT01-B,,ATX Mid Tower,ATX,Black,,False,Solid,43.4,4,False
Rosewill Legacy QT01-S,,ATX Mid Tower,ATX,Black / Silver,,False,Solid,43.4,4,False
Rosewill Legacy U2-B,,Mini ITX Tower,Mini ITX,Black,,False,Solid,15.4,2,False
Rosewill Legacy U2-B,,Mini ITX Tower,Mini ITX,Black,,False,Acrylic,15.4,2,False
Rosewill Legacy U2-S,,Mini ITX Tower,Mini ITX,Silver,,False,Solid,15.4,2,False
Rosewill Legacy V6-B,,Mini ITX Tower,Mini ITX,Black,,False,Solid,12.5,4,False
Silverstone PS07B,,MicroATX Mini Tower,Micro ATX,Black / Silver,,False,Acrylic,31.4,5,False
Xigmatek Assassin II,,ATX Mid Tower,ATX,Black / White,,False,Acrylic,55.1,5,False
Antec NSK3180,,MicroATX Mid Tower,Micro ATX,Black,380.0,True,Solid,26.6,2,False
Azza XT-1,,ATX Full Tower,ATX,White / Blue,,False,Acrylic,59.8,6,False
BitFenix Colossus Mini,,Mini ITX Tower,Mini ITX,Black / White,,False,Solid,57.9,5,False
CFI Prime 211,,ATX Mid Tower,ATX,Black / Red,,False,Solid,32.4,2,False
Rosewill Legacy U3-B,,MicroATX Mini Tower,Micro ATX,Silver,,False,Acrylic,20.1,2,False
Rosewill Legacy V3 Plus-B,,Mini ITX Tower,Mini ITX,Silver,,False,Solid,10.0,1,False
Rosewill Legacy V4-B,,MicroATX Mini Tower,Micro ATX,Black,,False,Solid,18.3,3,False
Raygo R12-42403,,MicroATX Mid Tower,Micro ATX,Black / Silver,,False,Solid,,2,False
Silverstone SG08B-LITE,,Mini ITX Desktop,Mini ITX,Black,,False,Solid,,1,False
Thermaltake Urban T31 Window,,ATX Mid Tower,ATX,Black,,False,Acrylic,,6,False
Raidmax ATX-402WB,,ATX Mid Tower,ATX,Black,,False,Acrylic,42.4,3,False
Apex EL-660,,ATX Mid Tower,ATX,Black,,False,Solid,55.4,6,False
Wesena HTPC-e4-v3-B,,HTPC,Mini ITX,Black,,False,Solid,,2,False
In Win BP671.FH200B,,Mini ITX Tower,Mini ITX,Black,200.0,True,Solid,9.1,2,False
Lian Li PC-10N,,ATX Mid Tower,ATX,Black,,False,Solid,,6,False
Nanoxia Deep Silence 2 White,,ATX Mid Tower,ATX,White,,False,Solid,57.0,7,False
Rosewill QN100,,ATX Mid Tower,ATX,Black,,False,Solid,29.7,2,False
Thermaltake Urban R21,,ATX Mid Tower,ATX,Black,,False,Solid,39.8,5,False
Cooler Master TC102,,ATX Mid Tower,ATX,Black,500.0,True,Solid,,2,False
Parvum Systems S2.0,,MicroATX Mini Tower,Micro ATX,Black / Blue,,False,Acrylic,,2,False
Parvum Systems S2.0,,MicroATX Mini Tower,Micro ATX,Black / Green,,False,Acrylic,,2,False
Parvum Systems S2.0,,MicroATX Mini Tower,Micro ATX,Black / Orange,,False,Acrylic,,2,False
Parvum Systems S2.0,,MicroATX Mini Tower,Micro ATX,Black / Red,,False,Acrylic,,2,False
Parvum Systems S2.0,,MicroATX Mini Tower,Micro ATX,White / Black,,False,Acrylic,,2,False
Parvum Systems S2.0,,MicroATX Mini Tower,Micro ATX,White / Blue,,False,Acrylic,,2,False
Parvum Systems S2.0,,MicroATX Mini Tower,Micro ATX,Orange / White,,False,Acrylic,,2,False
Parvum Systems S2.0,,MicroATX Mini Tower,Micro ATX,White / Gold,,False,Acrylic,,2,False
BitFenix Outlaw USB3.0,,ATX Mid Tower,ATX,White / Red,,False,Solid,37.6,4,False
BitFenix Neos Window,,ATX Mid Tower,ATX,White / Purple,,False,Acrylic,37.0,3,False
BitFenix Neos,,ATX Mid Tower,ATX,White / Blue,,False,Solid,37.0,3,False
BitFenix Neos,,ATX Mid Tower,ATX,White / Silver,,False,Solid,37.0,3,False
BitFenix Phenom M Nvidia Edition,,MicroATX Mini Tower,Micro ATX,Green / White,,False,Solid,30.6,5,False
Azza Z,,Mini ITX Tower,Mini ITX,Black,,False,Acrylic,16.7,0,False
Cooler Master K550,,ATX Mid Tower,ATX,Black,,False,Acrylic,58.3,7,False
DIYPC Gamemax08,,ATX Mid Tower,ATX,Black / Green,,False,Solid,33.8,2,False
Rosewill Legacy W1-B,,Mini ITX Tower,Mini ITX,Black,,False,Solid,31.1,4,False
Rosewill Legacy W1-B-Window,,Mini ITX Tower,Mini ITX,Black,,False,Acrylic,31.1,4,False
Rosewill Legacy W1-S,,Mini ITX Tower,Mini ITX,Silver,,False,Solid,31.1,4,False
Rosewill Legacy W1-S-Window,,Mini ITX Tower,Mini ITX,Silver,,False,Acrylic,31.1,4,False
Aerocool DS Cube,,MicroATX Mini Tower,Micro ATX,White,,False,Solid,41.5,2,False
Aerocool DS 200,,ATX Mid Tower,ATX,Black,,False,Solid,,5,False
Aerocool DS 200,,ATX Mid Tower,ATX,Black / White,,False,Solid,,5,False
Lian Li PC-Q36W,,Mini ITX Tower,Mini ITX,Silver,,False,Solid,25.4,2,False
Lian Li PC-Q36W,,Mini ITX Tower,Mini ITX,Gold,,False,Solid,25.4,2,False
Lian Li PC-Q36W,,Mini ITX Tower,Mini ITX,Black / Red,,False,Solid,25.4,2,False
Lian Li PC-V359W,,MicroATX Mid Tower,Micro ATX,Black / Red,,False,Solid,36.6,3,False
Deepcool STEAM CASTLE,,MicroATX Mid Tower,Micro ATX,White,,False,Acrylic,47.1,3,False
Zalman T1U3,,MicroATX Mini Tower,Micro ATX,Black,,False,Solid,24.7,2,False
Lian Li PC-Q33,,Mini ITX Tower,Mini ITX,Silver,,False,Solid,18.1,2,False
In Win GR One,,ATX Full Tower,ATX,Gray,,False,Acrylic,81.0,8,False
Athenatech SS-PS08,,MicroATX Mid Tower,Micro ATX,Black,,False,Solid,23.7,4,False
BitFenix Pandora,,MicroATX Mid Tower,Micro ATX,Black,,False,Acrylic,31.2,2,False
BitFenix Pandora Core,,MicroATX Mid Tower,Micro ATX,Black,,False,Solid,31.2,2,False
BitFenix Pandora,,MicroATX Mid Tower,Micro ATX,Silver,,False,Solid,31.2,2,False
BitFenix Pandora Core,,MicroATX Mid Tower,Micro ATX,Silver,,False,Solid,31.2,2,False
Lian Li PC-A61,,ATX Mid Tower,ATX,Black,,False,Acrylic,57.4,6,False
Lian Li PC-Q01,,Mini ITX Tower,Mini ITX,Silver,,False,Solid,13.2,2,False
Lian Li PC-Q19,,Mini ITX Tower,Mini ITX,Silver,,False,Solid,22.4,1,False
Lian Li PC-Q19,,Mini ITX Tower,Mini ITX,Black,,False,Solid,22.4,1,False
Lian Li PC-V1000L,,ATX Full Tower,ATX,Silver,,False,Solid,73.6,0,False
Lian Li PC-V358,,MicroATX Mid Tower,Micro ATX,Silver,,False,Solid,36.6,6,False
DIYPC Mirage-D1,,ATX Mid Tower,ATX,Black / White,,False,Acrylic,37.2,4,False
Enermax Thorex,,ATX Mid Tower,ATX,Black,,False,Solid,,3,False
In Win BL641.FH300TB3F,,HTPC,Mini ITX,Black,300.0,True,Solid,11.6,2,False
In Win BL672.FH300TB3F,,HTPC,Mini ITX,Black / Silver,,False,Solid,11.6,2,False
In Win D-FRAME MINI,,Mini ITX Tower,Mini ITX,Black / Red,,False,Tempered Glass,46.3,3,False
In Win EC046.CQ450TB3K,,ATX Mid Tower,ATX,Black,,False,Solid,43.6,4,False
In Win S-FRAME,,ATX Full Tower,ATX,Black,,False,Tempered Glass,131.3,4,False
Aerocool GT-A,,ATX Mid Tower,ATX,Black / Red,,False,Acrylic,,3,False
DIYPC Shadow-H01,,ATX Mid Tower,ATX,Black,,False,Acrylic,47.8,4,False
Silverstone FT05,,ATX Mid Tower,ATX,Black / Silver,,False,Acrylic,45.3,2,False
Thermaltake Level 10 Titanium,,ATX Full Tower,ATX,Black / Silver,,False,Solid,129.6,6,False
Nanoxia Deep Silence 5,,ATX Full Tower,ATX,White,,False,Solid,,11,False
BitFenix Prodigy M,,MicroATX Mini Tower,Micro ATX,Black / Blue,,False,Acrylic,35.9,4,False
BitFenix Prodigy M,,MicroATX Mini Tower,Micro ATX,Black / Blue,,False,Solid,35.9,4,False
BitFenix Prodigy M,,MicroATX Mini Tower,Micro ATX,Black / Green,,False,Solid,35.9,4,False
BitFenix Prodigy M,,MicroATX Mini Tower,Micro ATX,Black / Orange,,False,Solid,35.9,4,False
BitFenix Prodigy M,,MicroATX Mini Tower,Micro ATX,Black / Red,,False,Solid,35.9,4,False
Lian Li PC-Q26,,Mini ITX Tower,Mini ITX,Silver,,False,Solid,33.8,10,False
Aerocool Strike-X Advance,,ATX Mid Tower,ATX,Black,,False,Acrylic,,0,False
Cooltek W1,,Mini ITX Tower,Mini ITX,Black,,False,Solid,,4,False
Cooltek W1,,Mini ITX Tower,Mini ITX,Black,,False,Acrylic,,4,False
Cooltek W1,,Mini ITX Tower,Mini ITX,Silver,,False,Solid,,4,False
Cooltek W1,,Mini ITX Tower,Mini ITX,Silver,,False,Acrylic,,4,False
Cooler Master Force 500,,ATX Mid Tower,ATX,Black,500.0,True,Solid,39.8,7,False
Cooler Master K280,,ATX Mid Tower,ATX,Black,500.0,True,Solid,,6,False
DIYPC FM18,,ATX Mid Tower,ATX,Black / White,,False,Acrylic,33.8,2,False
DIYPC HTPC-Cube,,Mini ITX Tower,Mini ITX,Black,,False,Solid,,1,False
DIYPC Ranger-R4,,ATX Mid Tower,ATX,Black / Blue,,False,Acrylic,41.6,4,False
DIYPC Solar-M1,,ATX Mid Tower,ATX,Black / Orange,,False,Acrylic,38.0,5,False
Deepcool STEAM CASTLE,,MicroATX Mid Tower,Micro ATX,Camo,,False,Acrylic,47.1,3,False
Deepcool STEAM CASTLE,,MicroATX Mid Tower,Micro ATX,White,,False,Solid,47.1,3,False
Enermax Fulmo ST,,ATX Full Tower,ATX,Black / Red,,False,Acrylic,,8,False
Gigabyte GZ-X7B-U3NP,,ATX Mid Tower,ATX,Black / Red,,False,Solid,,6,False
Gigabyte GZ-ZGS4B5,,ATX Mid Tower,ATX,Black,,False,Solid,,5,False
Gigabyte GZ-ZGS5B5,,ATX Mid Tower,ATX,Black,,False,Solid,,5,False
Gigabyte GZ-ZHSGWJ,,ATX Mid Tower,ATX,Black / Blue,,False,Acrylic,,8,False
Gigabyte GZ-ZHSHWW,,ATX Mid Tower,ATX,Black,,False,Solid,,8,False
Gigabyte GZ-ZHSMW8,,MicroATX Mini Tower,Micro ATX,Black,,False,Solid,,3,False
Lian Li PC-K69,,ATX Mid Tower,ATX,Black,,False,Acrylic,,3,False
Lian Li PC-Q33,,Mini ITX Tower,Mini ITX,Silver,,False,Acrylic,18.1,2,False
NZXT Phantom 240,,ATX Mid Tower,ATX,Black / Gray,,False,Acrylic,,6,False
Raidmax Atomic,,Mini ITX Tower,Mini ITX,Black,,False,Acrylic,,1,False
Raidmax Scorpio V,,ATX Mid Tower,ATX,Pink,,False,Acrylic,54.6,8,False
RAIJINTEK Metis,,Mini ITX Tower,Mini ITX,Silver,,False,Acrylic,13.4,1,False
RAIJINTEK Metis,,Mini ITX Tower,Mini ITX,Blue,,False,Acrylic,13.4,1,False
RAIJINTEK Metis,,Mini ITX Tower,Mini ITX,Gold,,False,Acrylic,13.4,1,False
RAIJINTEK Metis,,Mini ITX Tower,Mini ITX,Black,,False,Solid,13.4,1,False
RAIJINTEK Metis,,Mini ITX Tower,Mini ITX,Blue,,False,Solid,13.4,1,False
RAIJINTEK Metis,,Mini ITX Tower,Mini ITX,Silver,,False,Solid,13.4,1,False
RAIJINTEK Metis,,Mini ITX Tower,Mini ITX,Gold,,False,Solid,13.4,1,False
BitFenix Aegis,,MicroATX Mid Tower,Micro ATX,Blue,,False,Acrylic,46.2,4,False
BitFenix Aegis Core,,MicroATX Mid Tower,Micro ATX,Red,,False,Acrylic,46.2,4,False
BitFenix Aegis,,MicroATX Mid Tower,Micro ATX,Yellow,,False,Acrylic,46.2,4,False
BitFenix Aegis Core,,MicroATX Mid Tower,Micro ATX,Yellow,,False,Acrylic,46.2,4,False
Silverstone KL05B,,ATX Mid Tower,ATX,Black,,False,Solid,,6,False
Antec ISK600M,,MicroATX Mini Tower,Micro ATX,Black,,False,Solid,,3,False
NOX Coolbay VX,,ATX Mid Tower,ATX,Black / Blue,,False,Solid,34.3,7,False
Sentey Ss6-2441,,MicroATX Mini Tower,Micro ATX,White,,False,Solid,,2,False
Sentey Ss6-2441,,MicroATX Mini Tower,Micro ATX,Black / White,,False,Solid,,2,False
Azza Nova 8000,,ATX Full Tower,ATX,Gunmetal,,False,Acrylic,,6,False
Azza ZEN 8100,,ATX Full Tower,ATX,Black,,False,Acrylic,,6,False
DIYPC DIY-BJ05,,ATX Mid Tower,ATX,Black,,False,Solid,,3,False
Azza Draco 207,,ATX Mid Tower,ATX,Black / Blue,,False,Acrylic,,5,False
Azza Draco 207,,ATX Mid Tower,ATX,Black / Red,,False,Acrylic,,5,False
Silverstone PS11B,,ATX Mid Tower,ATX,Black,,False,Solid,,3,False
Raidmax Troy,,Mini ITX Desktop,Mini ITX,Black / Red,,False,Solid,,1,False
Silverstone KL06B,,MicroATX Mini Tower,Micro ATX,Black,,False,Solid,,1,False
Silverstone KL06B,,MicroATX Mini Tower,Micro ATX,Black,,False,Acrylic,,1,False
Sentey GS-6090,,ATX Mid Tower,ATX,Black,,False,Acrylic,,4,False
RAIJINTEK Aeneas,,MicroATX Mini Tower,Micro ATX,Black,,False,Acrylic,,4,False
RAIJINTEK Aeneas,,MicroATX Mini Tower,Micro ATX,White,,False,Acrylic,,4,False
Lian Li PC-O5,,HTPC,Mini ITX,Black,,False,Tempered Glass,,2,False
Cooler Master CM690 II Advanced,,ATX Mid Tower,ATX,Black / White,,False,Solid,56.3,6,False
Sentey SS1-2423,,HTPC,Mini ITX,Black / Silver,,False,Solid,,1,False
BitFenix Neos,,ATX Mid Tower,ATX,Black / Blue,,False,Acrylic,37.0,3,False
BitFenix Aegis,,MicroATX Mid Tower,Micro ATX,Black / White,,False,Acrylic,46.2,4,False
Cooler Master HAF XM,,ATX Mid Tower,ATX,Black / Red,,False,Acrylic,76.0,6,False
Sentey Ss1-2429,,MicroATX Mid Tower,Micro ATX,Black / Blue,,False,Solid,,0,False
Sentey Ss1-2429,,MicroATX Mid Tower,Micro ATX,Black / Purple,,False,Solid,,0,False
Cooltek W2,,ATX Mid Tower,ATX,Black,,False,Solid,,3,False
Cooltek W2,,ATX Mid Tower,ATX,Silver,,False,Solid,,3,False
DIYPC Adventurer-I8,,ATX Mid Tower,ATX,Black / Blue,,False,Acrylic,,2,False
DIYPC Adventurer-I8,,ATX Mid Tower,ATX,Black / Green,,False,Acrylic,,2,False
DIYPC Adventurer-I8,,ATX Mid Tower,ATX,Black / Red,,False,Acrylic,,2,False
Aerocool QS-102,,HTPC,Mini ITX,Black,,False,Solid,,0,False
Aerocool QS-102,,HTPC,Mini ITX,Black,400.0,True,Solid,,0,False
JMAX JX-FM500B,,MicroATX Mini Tower,Micro ATX,Black,,False,Solid,,0,False
DIYPC Cuboid,,MicroATX Mini Tower,Micro ATX,Black / Blue,,False,Acrylic,,3,False
Raidmax Element,,Mini ITX Desktop,Mini ITX,Black / Green,,False,Solid,,2,False
Raidmax Element,,Mini ITX Desktop,Mini ITX,Black / Pink,,False,Solid,,2,False
Raidmax Element,,Mini ITX Desktop,Mini ITX,Black / Gray,450.0,True,Solid,,2,False
Antec P50,,MicroATX Mini Tower,Micro ATX,Black,,False,Acrylic,,3,False
Aerocool Aero-500 - C,,ATX Mid Tower,ATX,White / Black,,False,Acrylic,45.1,4,False
Aerocool Aero-800,,ATX Mid Tower,ATX,Black / Blue,,False,Acrylic,,2,False
Aerocool Aero-800,,ATX Mid Tower,ATX,Black / Gray,,False,Acrylic,,2,False
Silverstone ML08,,HTPC,Mini ITX,Black,,False,Acrylic,,0,False
Logisys CS136BK,,ATX Mid Tower,ATX,Black / Silver,480.0,True,Solid,23.7,3,False
Rosewill WolfStone,,ATX Mid Tower,ATX,Black,,False,Solid,,8,False
Raidmax EXO,,ATX Mid Tower,ATX,Black / Blue,,False,Solid,,2,False
DIYPC Futurus,,MicroATX Mid Tower,Micro ATX,Black / Blue,,False,Acrylic,,2,False
DIYPC Futurus,,MicroATX Mid Tower,Micro ATX,White,,False,Acrylic,,2,False
SHARKOON CA-I,,Mini ITX Desktop,Mini ITX,Black,,False,Solid,,1,False
SHARKOON CA-I,,Mini ITX Desktop,Mini ITX,Silver,,False,Solid,,1,False
SHARKOON CA-M,,MicroATX Mini Tower,Micro ATX,Silver,,False,Solid,,2,False
In Win 909,,ATX Full Tower,ATX,Black,,False,Tempered Glass,,4,False
In Win 909,,ATX Full Tower,ATX,Silver,,False,Tempered Glass,,4,False
RAIJINTEK STYX,,MicroATX Mini Tower,Micro ATX,Black,,False,Acrylic,,3,False
RAIJINTEK STYX,,MicroATX Mini Tower,Micro ATX,Gold,,False,Acrylic,,3,False
RAIJINTEK STYX,,MicroATX Mini Tower,Micro ATX,Black,,False,Solid,,3,False
SHARKOON BD28,,ATX Mid Tower,ATX,Black / Red,,False,Acrylic,,3,False
Silverstone RVX01 Window,,ATX Mid Tower,ATX,Black / Blue,,False,Acrylic,,4,False
Silverstone RVX01,,ATX Mid Tower,ATX,Black,,False,Solid,,4,False
Silverstone RVX01 Window,,ATX Mid Tower,ATX,Black / Red,,False,Acrylic,,4,False
Silverstone RVX01 Window,,ATX Mid Tower,ATX,Black / Green,,False,Acrylic,,4,False
Lian Li PC-Q21,,Mini ITX Tower,Mini ITX,Silver,,False,Solid,,2,False
VIVO Athena,,ATX Mid Tower,ATX,Black,,False,Acrylic,,2,False
RAIJINTEK AGOS,,ATX Mid Tower,ATX,Black,,False,Solid,,6,False
RAIJINTEK AGOS,,ATX Mid Tower,ATX,White,,False,Solid,,6,False
Apevia X-Pioneer,,ATX Mid Tower,ATX,Black / Blue,,False,Acrylic,,4,False
Apevia X-Pioneer,,ATX Mid Tower,ATX,White / Blue,,False,Acrylic,,4,False
NZXT Manta,,Mini ITX Desktop,Mini ITX,Black,,False,Solid,,2,False
Lian Li PC-V33,,ATX Mid Tower,ATX,Black,,False,Solid,,4,False
Lian Li PC-V33,,ATX Mid Tower,ATX,Black,,False,Acrylic,,4,False
BitFenix Pandora ATX,,ATX Mid Tower,ATX,Black,,False,Acrylic,,4,False
Sentey BX1-4284 Plus,,ATX Mid Tower,ATX,Black / Blue,,False,Acrylic,,4,False
DIYPC Zondda,,ATX Mid Tower,ATX,White,,False,Acrylic,,4,False
Diablotek CPA-8818,,ATX Mid Tower,ATX,Black,,False,Acrylic,,5,False
DIYPC D480,,ATX Mid Tower,ATX,Black,,False,Acrylic,,2,False
LEPA LPC501,,ATX Mid Tower,ATX,Black / Blue,,False,Acrylic,,6,False
Phanteks Eclipse P400S,,ATX Mid Tower,ATX,Gray,,False,Tinted Acrylic,45.9,2,False
Xigmatek Nebula,,Mini ITX Tower,Mini ITX,White,,False,Solid,22.3,2,False
Lian Li PC-Q04,,Mini ITX Tower,Mini ITX,Silver,,False,Solid,,2,False
Lian Li PC-Q04,,Mini ITX Tower,Mini ITX,Black,,False,Solid,,2,False
Silverstone LC18,,HTPC,Mini ITX,Black,,False,Solid,30.6,5,False
DIYPC VT380,,ATX Mid Tower,ATX,White,,False,Acrylic,,3,False
Silverstone PS12B,,MicroATX Mid Tower,Micro ATX,Black,,False,Solid,,4,False
Apevia X-Qtis,,MicroATX Mid Tower,Micro ATX,Black / Blue,,False,Acrylic,,4,False
Apevia X-Qtis,,MicroATX Mid Tower,Micro ATX,White / Blue,,False,Acrylic,,4,False
Antec S10,,ATX Full Tower,ATX,Black,,False,Solid,,6,False
In Win H-Tower,,ATX Full Tower,ATX,Silver,,False,Solid,,1,False
DIYPC DIY-N8,,MicroATX Mini Tower,Micro ATX,White,,False,Acrylic,,2,False
Lian Li PC-TU300,,ATX Mid Tower,ATX,Silver,,False,Solid,,2,False
Antec GX1000,,ATX Mid Tower,ATX,Black,,False,Solid,,6,False
Antec GX900,,ATX Mid Tower,ATX,Black / Green,,False,Solid,,3,False
Antec Three Hundred U3,,ATX Mid Tower,ATX,Black,,False,Solid,,0,False
DIYPC D780,,ATX Full Tower,ATX,Black,,False,Acrylic,,8,False
DIYPC DIY-BJ03,,ATX Mid Tower,ATX,Black,,False,Solid,,3,False
DIYPC F1,,MicroATX Mini Tower,Micro ATX,White,,False,Acrylic,,2,False
DIYPC G580,,ATX Mid Tower,ATX,Black,,False,Acrylic,,3,False
DIYPC P28,,ATX Mid Tower,ATX,Black,,False,Solid,,3,False
DIYPC P48,,ATX Mid Tower,ATX,Black,,False,Solid,,3,False
DIYPC S280,,ATX Mid Tower,ATX,Black,,False,Acrylic,,4,False
DIYPC S280,,ATX Mid Tower,ATX,White,,False,Acrylic,,4,False
DIYPC Skyline-08,,ATX Full Tower,ATX,White,,False,Acrylic,,3,False
DIYPC Zetta,,ATX Mid Tower,ATX,Black,,False,Acrylic,,2,False
DIYPC Zetta,,ATX Mid Tower,ATX,White,,False,Acrylic,,2,False
DIYPC DIY-M6,,MicroATX Mid Tower,Micro ATX,Black / Red,,False,Acrylic,,2,False
Antec X1-T,,ATX Mid Tower,ATX,Black,,False,Acrylic,,8,False
Apevia X-EnerQ,,MicroATX Mid Tower,Micro ATX,Black / Blue,,False,Acrylic,,2,False
Apevia X-EnerQ,,MicroATX Mid Tower,Micro ATX,Black / Pink,,False,Acrylic,,2,False
Apevia X-EnerQ,,MicroATX Mid Tower,Micro ATX,White / Black,,False,Acrylic,,2,False
Enermax ECA3291A,,ATX Mid Tower,ATX,Black,,False,Acrylic,,7,False
Apevia X-Qber,,MicroATX Desktop,Micro ATX,Black / Blue,,False,Acrylic,,2,False
Apevia X-Qber,,MicroATX Desktop,Micro ATX,Black,,False,Solid,,2,False
Anidees AI7,,ATX Desktop,ATX,Black,,False,Solid,,4,False
Anidees AI8,,ATX Full Tower,ATX,Black,,False,Solid,,4,False
Powertek PT-eviltek-case100,,ATX Mid Tower,ATX,Black,,False,Acrylic,,6,False
VIVO CASE-V00,,ATX Mini Tower,ATX,Black,,False,Solid,,2,False
Silverstone FT01-B,,ATX Mid Tower,ATX,Silver,,False,Solid,51.7,7,False
Silverstone FT01-B,,ATX Mid Tower,ATX,Silver,,False,Acrylic,51.7,7,False
Silverstone FT01B-USB3.0,,ATX Mid Tower,ATX,Silver,,False,Solid,,7,False
Silverstone FT01B-USB3.0,,ATX Mid Tower,ATX,Silver,,False,Acrylic,,7,False
Raidmax Narwhal,,ATX Full Tower,ATX,Black / Silver,,False,Acrylic,,6,False
DIYPC Gamestorm,,ATX Mid Tower,ATX,Black,,False,Acrylic,,5,False
DIYPC Gamestorm,,ATX Mid Tower,ATX,White,,False,Acrylic,,5,False
Azza Taurus 5000W,,ATX Full Tower,ATX,White,,False,Acrylic,,8,False
RIOTORO CR280,,Mini ITX Desktop,Mini ITX,Black / Red,,False,Acrylic,,1,False
Antec P9,,ATX Full Tower,ATX,Black,,False,Acrylic,97.3,8,False
Jonsbo UMX4 Zone,,ATX Mid Tower,ATX,Black,,False,Solid,38.0,2,False
Jonsbo UMX4 Zone,,ATX Mid Tower,ATX,Black,,False,Tempered Glass,38.0,2,False
Jonsbo UMX4 Zone,,ATX Mid Tower,ATX,Silver,,False,Tempered Glass,38.0,2,False
Aerocool VS-1,,ATX Mid Tower,ATX,Black,,False,Acrylic,30.7,2,False
Silverstone RV05B,,ATX Mid Tower,ATX,White / Black,,False,Solid,63.8,2,False
Silverstone RV05B,,ATX Mid Tower,ATX,White / Black,,False,Acrylic,63.8,2,False
SHARKOON T3-W,,ATX Mid Tower,ATX,Black / Red,,False,Acrylic,38.3,6,False
BitFenix Aurora,,ATX Mid Tower,ATX,White,,False,Tempered Glass,54.8,4,False
DIYPC DIY-G3,,ATX Mid Tower,ATX,Black / Red,,False,Acrylic,43.8,2,False
Anidees AI6V2,,ATX Mid Tower,ATX,Black,,False,Solid,,7,False
Aerocool XPredator II,,ATX Full Tower,ATX,Black / Red,,False,Acrylic,77.2,8,False
NOX Coolbay SX,,ATX Mid Tower,ATX,Black / Green,,False,Solid,37.9,4,False
NOX Coolbay ZX,,ATX Mid Tower,ATX,Black / Blue,,False,Acrylic,48.7,3,False
NOX Coolbay ZX,,ATX Mid Tower,ATX,Black / Red,,False,Acrylic,48.7,3,False
NOX Coolbay VX,,ATX Mid Tower,ATX,Black / Green,,False,Acrylic,34.3,7,False
NOX Coolbay VX,,ATX Mid Tower,ATX,White / Black,,False,Acrylic,34.3,7,False
Deepcool LANDKING,,ATX Mid Tower,ATX,Gray,,False,Acrylic,57.5,5,False
RAIJINTEK Metis,,Mini ITX Tower,Mini ITX,Green,,False,Acrylic,13.4,1,False
RAIJINTEK Metis,,Mini ITX Tower,Mini ITX,White,,False,Solid,13.4,1,False
RAIJINTEK Metis,,Mini ITX Tower,Mini ITX,White,,False,Acrylic,13.4,1,False
Raidmax Viper GX II,,ATX Mid Tower,ATX,Black / Orange,,False,Acrylic,65.6,3,False
Lian Li PC-O9,,ATX Mid Tower,ATX,Black / Red,,False,Tempered Glass,79.3,6,False
Lian Li PC-O9,,ATX Mid Tower,ATX,Black,,False,Tempered Glass,79.3,6,False
Silverstone RL05,,ATX Mid Tower,ATX,Black,,False,Acrylic,43.9,2,False
Silverstone RL05,,ATX Mid Tower,ATX,Black / White,,False,Acrylic,43.9,2,False
RAIJINTEK Metis Plus,,Mini ITX Tower,Mini ITX,Green,,False,Acrylic,13.4,2,False
RAIJINTEK Metis Plus,,Mini ITX Tower,Mini ITX,Gold,,False,Acrylic,13.4,2,False
RAIJINTEK Metis Plus,,Mini ITX Tower,Mini ITX,Silver,,False,Acrylic,13.4,2,False
Rosewill GRAM,,ATX Mid Tower,ATX,Black,,False,Acrylic,,2,False
BitFenix Portal,,Mini ITX Tower,Mini ITX,Black,,False,Solid,,2,False
BitFenix Portal,,Mini ITX Tower,Mini ITX,White,,False,Solid,,2,False
Azza Photios 250X,,ATX Mid Tower,ATX,Black,,False,Tempered Glass,,3,False
Thermaltake Core X31 TG,,ATX Mid Tower,ATX,Black,,False,Tempered Glass,,6,False
Anidees Crystal,,ATX Mid Tower,ATX,Black / White,,False,Tempered Glass,,3,False
VIVO CASE-V08,,ATX Mid Tower,ATX,Black / Blue,,False,Tempered Glass,,3,False
Logisys CS368BB,,ATX Mid Tower,ATX,Black / Red,480.0,True,Solid,34.0,6,False
mean:it 5PM,,ATX Mid Tower,ATX,Black,,False,Tempered Glass,51.5,3,False
Aerocool Aero-500 - B,,ATX Mid Tower,ATX,Black,,False,Solid,45.1,4,False
Aerocool Aero-500 - BC,,ATX Mid Tower,ATX,Black,,False,Solid,45.1,4,False
Aerocool Aero-500 - C,,ATX Mid Tower,ATX,Black,,False,Solid,45.1,4,False
Aerocool Aero-500,,ATX Mid Tower,ATX,White / Black,,False,Solid,45.1,4,False
Aerocool Aero-500 - B,,ATX Mid Tower,ATX,White / Black,,False,Solid,45.1,4,False
Aerocool Aero-500 - BC,,ATX Mid Tower,ATX,White / Black,,False,Solid,45.1,4,False
Aerocool Aero-500 - C,,ATX Mid Tower,ATX,White / Black,,False,Solid,45.1,4,False
Aerocool Aero-500 - BC,,ATX Mid Tower,ATX,Black,,False,Acrylic,45.1,4,False
Aerocool Aero-500 - BC,,ATX Mid Tower,ATX,Blue / Black,,False,Acrylic,45.1,4,False
Aerocool Aero-500 - C,,ATX Mid Tower,ATX,Blue / Black,,False,Acrylic,45.1,4,False
Aerocool Aero-500 - BC,,ATX Mid Tower,ATX,Gray / Black,,False,Acrylic,45.1,4,False
Aerocool Aero-500 - C,,ATX Mid Tower,ATX,Gray / Black,,False,Acrylic,45.1,4,False
Aerocool Aero-500 - BC,,ATX Mid Tower,ATX,White / Black,,False,Acrylic,45.1,4,False
Nanoxia CoolForce 1,,ATX Mid Tower,ATX,Black,,False,Solid,,3,False
NZXT SCM-01,,MicroATX Mini Tower,Micro ATX,Black / Red,,False,Solid,,3,False
DIYPC Illusion I,,ATX Mid Tower,ATX,Black / Red,,False,Tempered Glass,,2,False
Lian Li PC-T60,,ATX Test Bench,ATX,Red,,False,Solid,45.6,3,False
Silverstone RL06,,ATX Mid Tower,ATX,Black / Red,,False,Tempered Glass,43.4,3,False
LEPA LPC306(2U3),,ATX Mid Tower,ATX,Black,,False,Acrylic,,3,False
BitFenix Pandora ATX Core,,ATX Mid Tower,ATX,Black,,False,Acrylic,,3,False
Apevia X-Harmony,,ATX Mid Tower,ATX,Black / Red,,False,Acrylic,39.3,2,False
Apevia X-Harmony,,ATX Mid Tower,ATX,White,,False,Acrylic,39.3,2,False
Lian Li PC-O5S,,HTPC,Mini ITX,White,,False,Tempered Glass,,5,False
In Win D-FRAME MINI,,Mini ITX Tower,Mini ITX,Red,,False,Tempered Glass,46.3,3,False
In Win S-FRAME,,ATX Full Tower,ATX,Black / Gold,,False,Acrylic,131.3,4,False
Raidmax ATX-404WU,,ATX Mid Tower,ATX,Black / Green,450.0,True,Acrylic,,3,False
Raidmax ATX-404WU,,ATX Mid Tower,ATX,Black / Blue,450.0,True,Acrylic,,3,False
Lian Li PC-V33,,ATX Mid Tower,ATX,Silver,,False,Acrylic,,4,False
In Win D-FRAME MINI,,Mini ITX Tower,Mini ITX,Black / Orange,,False,Acrylic,46.3,3,False
Lian Li PC-D600,,ATX Full Tower,ATX,Silver,,False,Acrylic,,6,False
Lian Li PC-X510,,ATX Mid Tower,ATX,Black,,False,Acrylic,,6,False
Lian Li PC-M25,,MicroATX Mini Tower,Micro ATX,Silver,,False,Solid,,8,False
Lian Li PC-7N,,ATX Mid Tower,ATX,Black,,False,Solid,,4,False
Silverstone SG03B-F,,MicroATX Mini Tower,Micro ATX,Black,,False,Acrylic,22.2,0,False
Enermax OSTROG Lite,,ATX Mid Tower,ATX,Gray,,False,Acrylic,,2,False
SHARKOON AM5,,ATX Mid Tower,ATX,Blue / Black,,False,Solid,,3,False
Cooltek UMX3,,MicroATX Mini Tower,Micro ATX,Silver,,False,Acrylic,24.6,1,False
Cooler Master MB600L ODD,,ATX Mid Tower,ATX,Black / Silver,,False,Acrylic,,2,False
Cooler Master MB600L ODD,,ATX Mid Tower,ATX,Black / Blue,,False,Acrylic,,2,False
In Win EN028.TH350B,,MicroATX Mini Tower,Micro ATX,,350.0,True,Solid,,2,False
VIVO CASE-V10G,,ATX Mid Tower,ATX,Black / Blue,,False,Acrylic,34.8,2,False
Thermaltake Versa N25,,ATX Mid Tower,ATX,Black,,False,Acrylic,,3,False
In Win 305,,ATX Mid Tower,ATX,White,,False,Tempered Glass,,2,False
Enermax GraceMESH,,ATX Mid Tower,ATX,Black,,False,Tempered Glass,,2,False
Enermax GraceMESH,,ATX Mid Tower,ATX,Black / Red,,False,Tempered Glass,,2,False
EVGA DG-76,,ATX Mid Tower,ATX,,,False,Tempered Glass,48.6,2,False
LDLC MX-1,,ATX Mid Tower,ATX,Black,,False,Solid,,3,False
LDLC MX-1,,ATX Mid Tower,ATX,Silver,,False,Solid,,3,False
Nanoxia Rexgear 1,,MicroATX Desktop,Micro ATX,Black / Orange,,False,Acrylic,,3,False
Nanoxia Rexgear 1,,MicroATX Desktop,Micro ATX,Green / Black,,False,Acrylic,,3,False
In Win D-FRAME MINI,,Mini ITX Tower,Mini ITX,Blue,,False,Tempered Glass,46.3,3,False
In Win D-FRAME MINI,,Mini ITX Tower,Mini ITX,White,,False,Tempered Glass,46.3,3,False
Nanoxia NXDS5B,,ATX Full Tower,ATX,White / Black,,False,Solid,,11,False
Chieftec FI-01B-U3,,Mini ITX Desktop,Mini ITX,Black / Silver,250.0,True,Solid,,1,False
Chieftec FI-01B-U3,,Mini ITX Desktop,Mini ITX,Black,250.0,True,Solid,,1,False
DIYPC Model X,,ATX Mid Tower,ATX,Black,,False,Tempered Glass,,2,False
Lian Li PC-Q50,,Mini ITX Desktop,Mini ITX,Black,,False,Solid,,2,False
RIOTORO CR1088,,ATX Mid Tower,ATX,Black / Red,,False,Acrylic,32.6,2,False
Cougar Turret,,ATX Mid Tower,ATX,Black / Red,,False,Tempered Glass,,2,False
RAIJINTEK ASTERION CLASSIC,,ATX Full Tower,ATX,Silver,,False,Tempered Glass,56.0,3,False
RAIJINTEK ASTERION PLUS,,ATX Full Tower,ATX,,,False,Acrylic,59.3,3,False
RAIJINTEK COEUS ELITE,,MicroATX Mini Tower,Micro ATX,Black,,False,Tempered Glass,50.5,3,False
RAIJINTEK COEUS EVO TC,,ATX Full Tower,ATX,Black,,False,Tempered Glass,56.8,0,False
RAIJINTEK R206-ITX,,MicroATX Mini Tower,Micro ATX,White,,False,Solid,39.1,1,False
Silverstone FTZ01-E,,Mini ITX Desktop,Mini ITX,Silver,,False,Solid,,0,False
Cooler Master MasterBox E300L,,MicroATX Mini Tower,Micro ATX,Black / Red,,False,Solid,,2,False
In Win 101 PRGB1,,ATX Mid Tower,ATX,Black / Red,,False,Tempered Glass,48.3,2,False
In Win 101C PRGB2,,ATX Mid Tower,ATX,Black / Red,,False,Tempered Glass,,2,False
In Win 101C PRGB2,,ATX Mid Tower,ATX,White / Blue,,False,Tempered Glass,,2,False
Cooler Master MasterBox E500L,,ATX Mid Tower,ATX,Black,,False,Acrylic,,2,False
Cooler Master MasterBox E500L,,ATX Mid Tower,ATX,Black / Red,,False,Solid,,2,False
Rosewill CULLINAN PX,,ATX Mid Tower,ATX,Black / Blue,,False,Tempered Glass,,2,False
Rosewill CULLINAN PX,,ATX Mid Tower,ATX,Black / Red,,False,Tempered Glass,,2,False
RIOTORO CR488,,ATX Mid Tower,ATX,Black / Red,,False,Acrylic,,2,False
Cooler Master MasterBox MB510L,,ATX Mid Tower,ATX,Black / Blue,,False,Acrylic,,2,False
Cooler Master MasterBox MB510L,,ATX Mid Tower,ATX,Black / White,,False,Acrylic,,2,False
Xigmatek Frontliner,,ATX Mid Tower,ATX,White,,False,Acrylic,45.1,2,False
Thermaltake Versa J22 RGB,,ATX Mid Tower,ATX,Black,,False,Tempered Glass,,2,False
Thermaltake Versa J23,,ATX Mid Tower,ATX,Black,,False,Tempered Glass,,2,False
MagniumGear NEO MICRO,,MicroATX Mid Tower,Micro ATX,Silver,,False,Acrylic,,2,False
MagniumGear NEO MICRO,,MicroATX Mid Tower,Micro ATX,Black,,False,Tempered Glass,,2,False
MagniumGear NEO MINI,,Mini ITX Tower,Mini ITX,Black,,False,Acrylic,,1,False
Aerocool CruiseStar Advance,,ATX Mid Tower,ATX,Black,,False,Solid,,3,False
DIYPC Crystal-P3,,ATX Mid Tower,ATX,Black,,False,Tempered Glass,,2,False
In Win 915,,ATX Full Tower,ATX,Black,,False,Tempered Glass,,4,False
Spartex Osmi,,Mini ITX Tower,Mini ITX,Black,,False,Solid,,1,False
Spartex Osmi,,Mini ITX Tower,Mini ITX,White,,False,Solid,,1,False
Apevia X-Infinity,,ATX Mid Tower,ATX,Pink / Black,,False,Acrylic,42.7,5,False
Antec P7 Window,,ATX Mid Tower,ATX,Black / Green,,False,Acrylic,,2,False
AvP Hyperion EV33,,MicroATX Mini Tower,Micro ATX,Black,,False,Solid,,1,False
AvP Hyperion EV33,,MicroATX Mini Tower,Micro ATX,White,,False,Solid,,1,False
DIYPC DIY-Line-RGB,,ATX Mid Tower,ATX,Black,,False,Tempered Glass,,2,False
DIYPC DIY-SD1-RGB,,ATX Mid Tower,ATX,Black,,False,Tempered Glass,,2,False
Cooltek MT-03,,MicroATX Mini Tower,Micro ATX,Black,,False,Solid,,2,False
Thermaltake Commander C32 TG ARGB,,ATX Mid Tower,ATX,Black,,False,Tempered Glass,,3,False
Thermaltake Commander C35 TG ARGB,,ATX Mid Tower,ATX,Black,,False,Tempered Glass,,3,False
Thermaltake Commander C33 TG ARGB,,ATX Mid Tower,ATX,Black,,False,Tempered Glass,,3,False
Azza Cube 802,,ATX Mid Tower,ATX,Black,,False,Tempered Glass,,1,False
Azza APOLLO 430 (Hurricane II),,ATX Mid Tower,ATX,Black,,False,Tempered Glass,41.3,4,False
Azza APOLLO 430 (Hurricane II),,ATX Mid Tower,ATX,White,,False,Tempered Glass,41.3,4,False
HEC HX210,,MicroATX Mini Tower,Micro ATX,Black,,False,Acrylic,35.5,2,False
HEC HX310,,ATX Mid Tower,ATX,Black,,False,Acrylic,35.4,2,False
HEC HX320,,ATX Mid Tower,ATX,Black,,False,Acrylic,35.4,2,False
GameMax California,,ATX Mid Tower,ATX,Black,,False,Acrylic,52.5,3,False
GameMax Gamboge,,ATX Mid Tower,ATX,Black / Orange,,False,Acrylic,46.4,2,False
GameMax Graphite,,ATX Mid Tower,ATX,Black,,False,Acrylic,47.7,2,False
GameMax Kage,,ATX Mid Tower,ATX,Black,,False,Tempered Glass,42.0,2,False
GameMax Mini Kallis,,MicroATX Mini Tower,Micro ATX,Black,,False,Acrylic,29.9,2,False
GameMax Osmium,,ATX Mid Tower,ATX,Black,,False,Tempered Glass,46.7,2,False
GameMax Phantom,,ATX Mid Tower,ATX,Black,,False,Tempered Glass,39.7,1,False
GameMax Proteus,,ATX Mid Tower,ATX,Black,,False,Solid,34.3,4,False
GameMax Saber,,ATX Mid Tower,ATX,Black,,False,Tempered Glass,41.8,2,False
GameMax Solar,,ATX Mid Tower,ATX,White,,False,Tempered Glass,40.1,1,False
GameMax Vanguard VR2,,ATX Mid Tower,ATX,Black,,False,Tinted Acrylic,57.6,2,False
Aerocool Shard-G,,ATX Mid Tower,ATX,,,False,Tempered Glass,36.5,2,False
BitFenix Nova Mesh TG 4ARGB,,ATX Mid Tower,ATX,Black,,False,Tempered Glass,41.4,2,False
DIYPC DIY-A1-BK,,ATX Mid Tower,ATX,Black,,False,Tempered Glass,,2,False
DIYPC Mirage-ARGB,,ATX Mid Tower,ATX,Black,,False,Tempered Glass,38.9,2,False
Fractal Design Vector RS,,ATX Mid Tower,ATX,Black,,False,Tempered Glass,64.1,6,False
DIYPC VII-BK-ARGB,,ATX Mid Tower,ATX,Black,,False,Tempered Glass,38.9,2,False
Apevia X-Infinity,,ATX Mid Tower,ATX,White / Black,,False,Acrylic,42.7,5,False
In Win A1 Plus Phantom Gaming Edition,,Mini ITX Tower,Mini ITX,Black / Red,650.0,True,Tempered Glass,21.8,0,False
RAIJINTEK 0R20B00158,,Mini ITX Tower,Mini ITX,Pink,,False,Acrylic,13.4,2,False
RAIJINTEK METIS EVO TGS,,Mini ITX Desktop,Mini ITX,Silver,,False,Tempered Glass,22.3,2,False
RAIJINTEK METIS EVO TGS,,Mini ITX Desktop,Mini ITX,Blue,,False,Tempered Glass,22.3,2,False
RAIJINTEK METIS EVO TGS,,Mini ITX Desktop,Mini ITX,Pink,,False,Tempered Glass,22.3,2,False
RAIJINTEK METIS EVO ALS,,Mini ITX Desktop,Mini ITX,Black,,False,Solid,22.3,2,False
RAIJINTEK METIS EVO ALS,,Mini ITX Desktop,Mini ITX,White,,False,Solid,22.3,2,False
RAIJINTEK METIS EVO ALS,,Mini ITX Desktop,Mini ITX,Red,,False,Solid,22.3,2,False
RAIJINTEK METIS EVO ALS,,Mini ITX Desktop,Mini ITX,Pink,,False,Solid,22.3,2,False
In Win 905-SILOLED,,ATX Mid Tower,ATX,Silver / Black,,False,Tinted Tempered Glass,,1,False
Silverstone SG13 V2,,Mini ITX Tower,Mini ITX,Black,,False,Solid,11.5,1,False
In Win Z-Tower,,ATX Full Tower,ATX,Silver,,False,Solid,,2,False
Raidmax Monster II SE,,ATX Mid Tower,ATX,White / Silver,,False,Tempered Glass,,2,False
EG EGX211,,ATX Mid Tower,ATX,Black,,False,Tempered Glass,,2,False
Azza Optima 803,,ATX Mid Tower,ATX,Black,,False,Tempered Glass,71.1,2,False
SilentiumPC Regnum RG4T RGB,,ATX Mid Tower,ATX,Black,,False,Tempered Glass,46.8,3,False
Cougar TROFEO,,ATX Mid Tower,ATX,Silver / Black,,False,Tempered Glass,,2,False
Aerocool DS Cube,,MicroATX Mini Tower,Micro ATX,Black / Green,,False,Acrylic,41.5,2,False
Aerocool DS Cube,,MicroATX Mini Tower,Micro ATX,Black / Blue,,False,Acrylic,41.5,2,False
Nanoxia Rexgear 2 Limited Edition,,MicroATX Mini Tower,Micro ATX,Black,,False,Acrylic,,3,False
Azza ARC 241,,ATX Mid Tower,ATX,Black,,False,Acrylic,,3,False
Chieftronic M1,,MicroATX Mid Tower,Micro ATX,Black,,False,Tempered Glass,,2,False
In Win Alice,,ATX Mid Tower,ATX,Gray / Orange,,False,Solid,,1,False
In Win 216,,ATX Mid Tower,ATX,Black,,False,Tempered Glass,47.1,2,False
darkFlash V22,,ATX Mid Tower,ATX,White / Black,,False,Tempered Glass,41.7,1,False
darkFlash V22,,ATX Mid Tower,ATX,Green,,False,Tempered Glass,41.7,1,False
BitFenix Nova Mesh SE,,ATX Mid Tower,ATX,Black / Red,,False,Tempered Glass,36.1,2,False
Jonsbo MOD-3,,ATX Mid Tower,ATX,Pink,,False,Tempered Glass,93.1,1,False
DIYPC DIY-A9-BK,,ATX Mid Tower,ATX,Black,,False,Tempered Glass,33.2,2,False
SilentiumPC Armis AR5,,ATX Mid Tower,ATX,Black,,False,Solid,45.8,2,False
SilentiumPC Armis AR6,,ATX Mid Tower,ATX,Black,,False,Solid,46.0,2,False
SilentiumPC Armis AR7,,ATX Mid Tower,ATX,Black,,False,Solid,61.3,3,False
Azza Luminous 110RF1,,MicroATX Mini Tower,Micro ATX,Black,,False,Tempered Glass,36.1,2,False
Azza Luminous 110ADF,,MicroATX Mini Tower,Micro ATX,Black,,False,Tempered Glass,36.1,2,False
Raidmax EVOL H07,,ATX Mid Tower,ATX,Black,,False,Tempered Glass,,2,False
RAIJINTEK Silenos,,ATX Mid Tower,ATX,Black,,False,Tempered Glass,39.8,2,False
Corsair iCUE 5000X RGB Shift,,ATX Mid Tower,ATX,Black / Blue,,False,Tempered Glass,66.2,2,False
Corsair iCUE 5000X RGB Glitch,,ATX Mid Tower,ATX,Black / Blue,,False,Tempered Glass,66.2,2,False
Tempest Ghost,,ATX Mid Tower,ATX,Black,,False,Tempered Glass,,3,False
Tempest Spook RGB,,ATX Mid Tower,ATX,Black,,False,Acrylic,,2,False
Aerocool Mecha v3,,ATX Mid Tower,ATX,Black,,False,Tempered Glass,33.5,2,False
Antec NX800,,ATX Mid Tower,ATX,Pink,,False,Tempered Glass,54.0,3,False
Aerocool Trinity Mini V1,,MicroATX Mini Tower,Micro ATX,White,,False,Tempered Glass,28.1,2,False
Aerocool Trinity Mini V2,,MicroATX Mini Tower,Micro ATX,White,,False,Tempered Glass,28.1,2,False
Aerocool Trinity Mini V1,,MicroATX Mini Tower,Micro ATX,Pink,,False,Tempered Glass,28.1,2,False
Aerocool Trinity Mini V2,,MicroATX Mini Tower,Micro ATX,Pink,,False,Tempered Glass,28.1,2,False
DIYPC DIY D2 RGB,,ATX Mid Tower,ATX,Black,,False,Tempered Glass,38.4,2,False
DIYPC DIY D2 RGB,,ATX Mid Tower,ATX,White / Black,,False,Tempered Glass,38.4,2,False
Golden Field N-1,,Mini ITX Desktop,Mini ITX,Black,,False,Solid,17.2,1,False
BitFenix BitFenix Neos Window BFC-NEO-100-WWWKS-RP White Steel / Plastic ATX Mid Tower Computer Case,,ATX Mid Tower,ATX,White / Silver,,False,Acrylic,37.0,3,False
Geometric Future Model 6,,ATX Mid Tower,ATX,Black,,False,Tinted Tempered Glass,43.5,4,False
Geometric Future Model 6,,ATX Mid Tower,ATX,Black / White,,False,Tinted Tempered Glass,43.5,4,False
Geometric Future Model 8,,ATX Mid Tower,ATX,White / Multicolor,,False,Tinted Tempered Glass,57.5,3,False
Geometric Future Model 6,,ATX Mid Tower,ATX,White / Gray,,False,Tinted Tempered Glass,43.5,4,False
Vetroo A03,,ATX Mid Tower,ATX,White / Black,,False,Tempered Glass,,2,False
Cougar MG140 RGB,,MicroATX Mini Tower,Micro ATX,Black,,False,Tempered Glass,35.3,2,False
Cougar MG140 RGB,,MicroATX Mini Tower,Micro ATX,Black / Gray,,False,Tempered Glass,35.3,2,False
Cougar MX430 Mesh RGB,,ATX Mid Tower,ATX,Black / Gray,,False,Tempered Glass,37.6,2,False
Thermaltake AH T200,,MicroATX Mid Tower,Micro ATX,Green / Black,,False,Tempered Glass,69.1,2,False
MSI MAG SHIELD 110A,,ATX Mid Tower,ATX,Black,,False,Tempered Glass,36.5,2,False
Azza Octane B,,ATX Mid Tower,ATX,Black,,False,Tempered Glass,44.8,2,False
Azza Raven 420F,,ATX Mid Tower,ATX,Black,,False,Tempered Glass,41.8,6,False
Azza Raven 420LF,,ATX Mid Tower,ATX,Black,,False,Tempered Glass,41.8,6,False
Azza Inferno 310DH,,ATX Mid Tower,ATX,Black,,False,Tempered Glass,46.7,2,False
Azza Golem 221,,ATX Mid Tower,ATX,Black,,False,Acrylic,40.4,3,False
Azza Zircon 7000W,,ATX Full Tower,ATX,White,,False,Tempered Glass,61.8,5,False
Azza Bastion 120,,MicroATX Mid Tower,Micro ATX,Black,,False,Tempered Glass,35.9,2,False
Lazer3D LZX-8 Storm,,Mini ITX Desktop,Mini ITX,Black / White,,False,Solid,8.6,0,False
Lian Li PC-8FI,,ATX Mid Tower,ATX,Black / Silver,,False,Solid,80.4,6,False
Lian Li PC-8FI,,ATX Mid Tower,ATX,Silver,,False,Solid,80.4,6,False
Lian Li PC-8FI,,ATX Mid Tower,ATX,Red / Silver,,False,Solid,80.4,6,False
Cougar Dust 2,,Mini ITX Tower,Mini ITX,Black / Silver,,False,Mesh,23.6,0,False
Cougar MX440 Mesh RGB,,ATX Mid Tower,ATX,Black,,False,Tempered Glass,46.0,2,False
Cougar MX660-T,,ATX Mid Tower,ATX,Black,,False,Tempered Glass,50.0,2,False
Cougar MX660 Iron RGB,,ATX Mid Tower,ATX,Black,,False,Tempered Glass,50.0,2,False
Cougar MX660 Iron RGB,,ATX Mid Tower,ATX,Black / Green,,False,Tempered Glass,50.0,2,False
Cougar MX660-T RGB-L,,ATX Mid Tower,ATX,Black,,False,Tempered Glass,50.0,2,False
Cougar MX660 Mesh RGB,,ATX Mid Tower,ATX,Black,,False,Tempered Glass,50.0,2,False
Cougar MX660 Mesh RGB-L,,ATX Mid Tower,ATX,Black,,False,Tempered Glass,50.0,2,False
LC-Power 987B Silent Slinger,,ATX Mid Tower,ATX,Black / White,,False,Acrylic,44.1,2,False
SSUPD Meshroom S w/PCIe 4.0 Riser,,ATX Mini Tower,ATX,Yellow,,False,Mesh,14.9,0,False
Jonsbo V10,,Mini ITX Desktop,Mini ITX,Silver / Black,,False,Solid,18.2,0,False
Jonsbo V10,,Mini ITX Desktop,Mini ITX,Silver / Black,,False,Tempered Glass,18.2,0,False
Anidees AI Atomic,,ATX Mid Tower,ATX,Black,,False,Mesh,19.5,1,False
CiT Blaze ARGB,,ATX Mid Tower,ATX,Black,,False,Tempered Glass,31.4,2,False
Jonsbo UMX6,,ATX Full Tower,ATX,Black,,False,Tempered Glass,54.1,2,False
Jonsbo UMX6,,ATX Full Tower,ATX,Silver,,False,Tempered Glass,54.1,2,False
Jonsbo C5,,ATX Mid Tower,ATX,Silver,,False,Tempered Glass,34.5,4,False
RAIJINTEK PAEAN PREMIUM,,ATX Mid Tower,ATX,Black,,False,Tempered Glass,90.6,2,False
OCPC MINI2,,Mini ITX Test Bench,Mini ITX,Black,,False,Solid,7.2,0,False
OCPC MINI2,,Mini ITX Test Bench,Mini ITX,White,,False,Solid,7.2,0,False
OCPC MINI,,Mini ITX Test Bench,Mini ITX,Silver,,False,Solid,7.2,0,False
OCPC MINI,,Mini ITX Test Bench,Mini ITX,White / Blue,,False,Solid,7.2,0,False
Noua Demon T4,,ATX Mid Tower,ATX,Black,,False,Tempered Glass,32.4,2,False
Noua Demon T6,,ATX Mid Tower,ATX,Black,,False,Tempered Glass,38.4,3,False
Noua Diamond C11,,ATX Mid Tower,ATX,Black,,False,Tempered Glass,40.3,3,False
Noua Fobia L10,,MicroATX Mid Tower,Micro ATX,Pink,,False,Tempered Glass,32.3,2,False
Noua Ego Z5,,ATX Full Tower,ATX,White,,False,Tempered Glass,104.6,2,False
Noua Iron V9,,ATX Mid Tower,ATX,White,,False,Tempered Glass,47.8,3,False
Noua Iron V8,,ATX Mid Tower,ATX,Black,,False,Tempered Glass,47.8,2,False
Noua Iron V1,,ATX Mid Tower,ATX,Black,,False,Tempered Glass,63.0,3,False
Noua Meta S16,,ATX Mid Tower,ATX,Black,,False,Tempered Glass,36.9,2,False
Noua Utopia F4,,ATX Mid Tower,ATX,Black,,False,Tempered Glass,40.9,2,False
Noua Utopia F2,,ATX Mid Tower,ATX,Black,,False,Tempered Glass,40.4,3,False
Noua Thor S15,,ATX Mid Tower,ATX,Black,,False,Tempered Glass,33.1,3,False
Cooler Master MasterBox MB400L with ODD,,MicroATX Mini Tower,Micro ATX,Black,,False,Tempered Glass,36.7,2,False
Jonsbo Jonsplus i400,,ATX Mid Tower,ATX,Black,,False,Solid,55.7,6,False
Azza Opus 809 (PCIE 4.0),,ATX Mid Tower,ATX,Silver / Black,,False,Tinted Tempered Glass,,1,False
Jonsbo U5S,,ATX Mid Tower,ATX,Black,,False,Tempered Glass,40.3,2,False
Jonsbo UMX4-PLUS,,ATX Full Tower,ATX,Silver,,False,Tempered Glass,54.1,2,False
Jonsbo UMX4-PLUS,,ATX Full Tower,ATX,Black,,False,Tempered Glass,54.1,2,False
In Win DUBILI DIY,,ATX Full Tower,ATX,Gray / Orange,,False,Tempered Glass,72.4,2,False
BGears ‎b-BlackWidow-RGB,,ATX Mid Tower,ATX,White,,False,Tinted Tempered Glass,41.2,2,False
FSP Group CUT593A,,ATX Full Tower,ATX,White,,False,Tempered Glass,62.6,3,False
FSP Group CUT593,,ATX Full Tower,ATX,White,,False,Tempered Glass,62.6,3,False
FSP Group CUT593,,ATX Full Tower,ATX,Black,,False,Tempered Glass,62.6,3,False
GAMDIAS ATHENA P1 LITE,,ATX Mid Tower,ATX,Black,,False,Tempered Glass,49.6,2,False
MagniumGear NEO Silent (2023),,ATX Mid Tower,ATX,Black,,False,Tempered Glass,41.4,2,False
KOLINK Inspire K4,,ATX Mid Tower,ATX,Black,,False,Tempered Glass,33.4,2,False
KOLINK Inspire X1,,ATX Mid Tower,ATX,,,False,Tempered Glass,31.1,2,False
KOLINK Phalanx V2,,ATX Mid Tower,ATX,Black,,False,Tempered Glass,47.7,2,False
Aerocool Menace Saturn FRGB V2,,ATX Mid Tower,ATX,,,False,Tempered Glass,36.7,2,False
Antec P82 Silent,,ATX Mid Tower,ATX,Black,,False,Solid,46.9,2,False
DIYPC DIY-Mesh,,ATX Mid Tower,ATX,Black,,False,Tempered Glass,31.3,2,False
DIYPC DIY-Mesh,,ATX Mid Tower,ATX,White / Black,,False,Tempered Glass,31.3,2,False
DIYPC IDX2-ARGB,,ATX Mid Tower,ATX,Orange / Black,,False,Tempered Glass,46.9,4,False
DIYPC Rainbow-Flash-G1,,ATX Mid Tower,ATX,Black,,False,Tempered Glass,35.9,2,False
DIYPC S1-ARGB,,ATX Mid Tower,ATX,Black,,False,Tempered Glass,36.8,2,False
GameMax AutoBot,,ATX Mid Tower,ATX,Silver / Black,,False,Tempered Glass,76.8,3,False
GameMax Brufen C3,,ATX Mid Tower,ATX,White / Blue,,False,Tempered Glass,42.2,2,False
GameMax Brufen C3,,ATX Mid Tower,ATX,White / Pink,,False,Tempered Glass,42.2,2,False
GameMax RockStar 2,,ATX Mid Tower,ATX,Black,,False,Tempered Glass,40.7,2,False
BitFenix Hades,,ATX Mid Tower,ATX,Black,,False,Tempered Glass,42.3,2,False
Enermax ENERPAZO EP237 RGB,,ATX Mid Tower,ATX,Black,,False,Tempered Glass,40.0,2,False
CherryTree Borg Cube w/Lights,,ATX Desktop,ATX,Black,,False,Solid,55.3,0,False
DARKROCK A8-M,,ATX Mid Tower,ATX,White,,False,Tempered Glass,,2,False
DARKROCK A8-X,,ATX Mid Tower,ATX,White,,False,Tempered Glass,42.5,2,False
SSUPD Meshroom S V2,,MicroATX Mini Tower,Micro ATX,Green,,False,Mesh,14.9,2,False
Aerocool GT,,ATX Mid Tower,ATX,White,,False,Mesh,34.4,3,False
GameMax F36,,MicroATX Mini Tower,Micro ATX,Black,,False,Solid,35.1,2,False
RAIJINTEK Ponos Ultra TG4,,ATX Mid Tower,ATX,Black,,False,Solid,46.3,2,False
RAIJINTEK Ponos Ultra MS4,,ATX Mid Tower,ATX,Black,,False,Solid,46.3,2,False
GameMax F46,,ATX Mid Tower,ATX,Black,,False,Solid,40.6,2,False
SHARKOON Skiller SGC1 Window,,ATX Mid Tower,ATX,Black,,False,Acrylic,47.5,2,False
SHARKOON Skiller SGC1 Window,,ATX Mid Tower,ATX,Red,,False,Acrylic,47.5,2,False
FSP Group CMT120A,,ATX Mid Tower,ATX,Black,,False,Acrylic,34.5,2,False
Axiom Nova C013,,ATX Mid Tower,ATX,White / Black,,False,Tempered Glass,38.5,1,False
Axiom Nova C013,,ATX Mid Tower,ATX,Pink,,False,Tempered Glass,38.5,1,False
PC Cooler IE200,,ATX Mid Tower,ATX,Black,,False,Tempered Glass,48.1,2,False
GameMax Violin,,Mini ITX Desktop,Mini ITX,Black,180.0,True,Mesh,5.2,0,False
GameMax Violin,,Mini ITX Desktop,Mini ITX,Silver,180.0,True,Mesh,5.2,0,False
