name,price,type,max_motherboard_form_factor,color,included_psu_wattage,has_included_psu,side_panel,external_volume,internal_35_bays,price_available,brand
Montech XR,1671.8,ATX Mid Tower,ATX,Black,,False,Tempered Glass,45.0,2,True,Montech
Phanteks XT PRO,1359.6,ATX Mid Tower,ATX,Black,,False,Tempered Glass,51.8,2,True,Phanteks
NZXT H5 Flow (2024),1699.8,ATX Mid Tower,ATX,Black,,False,Tempered Glass,45.0,1,True,NZXT
Corsair 3500X ARGB,2319.79,ATX Mid Tower,ATX,White,,False,Tempered Glass,55.9,2,True,Corsair
Cooler Master MasterBox Q300L,919.59,MicroATX Mini Tower,Micro ATX,Black,,False,Acrylic,33.6,1,True,Cooler Master
Corsair 4000D Airflow,1899.8,ATX Mid Tower,ATX,Black,,False,Tinted Tempered Glass,48.6,2,True,Corsair
Lian Li Lancool 207,1639.8,ATX Mid Tower,ATX,Blue,,False,Tempered Glass,45.5,2,True,Lian Li
NZXT H9 Flow (2023),2399.79,ATX Mid Tower,ATX,Black,,False,Tempered Glass,66.9,2,True,NZXT
Lian Li O11 VISION COMPACT,2499.79,ATX Mid Tower,ATX,White,,False,Tempered Glass,57.4,2,True,Lian Li
Corsair 3500X ARGB,2319.79,ATX Mid Tower,ATX,Black,,False,Tempered Glass,55.9,2,True,Corsair
Montech AIR 100 ARGB,1398.0,MicroATX Mid Tower,Micro ATX,Black,,False,Tempered Glass,36.1,2,True,Montech
Montech AIR 903 MAX,1499.8,ATX Mid Tower,ATX,Black,,False,Tempered Glass,54.2,2,True,Montech
Lian Li A3-mATX,1459.6,MicroATX Mini Tower,Micro ATX,Black,,False,Mesh,26.3,1,True,Lian Li
Fractal Design North,2799.8,ATX Mid Tower,ATX,Black,,False,Tempered Glass,45.1,2,True,Fractal Design
HYTE Y70 Touch Infinite,8799.0,ATX Mid Tower,ATX,White,,False,Tempered Glass,70.7,2,True,HYTE
Fractal Design North XL,3599.8,ATX Full Tower,ATX,Black,,False,Tinted Tempered Glass,61.4,2,True,Fractal Design
Lian Li O11 VISION COMPACT,2499.79,ATX Mid Tower,ATX,Black,,False,Tempered Glass,57.4,2,True,Lian Li
NZXT H5 Flow (2024),1199.8,ATX Mid Tower,ATX,White,,False,Tempered Glass,45.0,1,True,NZXT
Lian Li A3-mATX,1799.8,MicroATX Mini Tower,Micro ATX,Black / Brown,,False,Mesh,26.3,1,True,Lian Li
Phanteks XT PRO ULTRA,1619.6,ATX Mid Tower,ATX,Black,,False,Tempered Glass,51.8,2,True,Phanteks
NZXT H9 Flow (2023),1999.8,ATX Mid Tower,ATX,White,,False,Tempered Glass,66.9,2,True,NZXT
Montech XR,1597.8,ATX Mid Tower,ATX,White,,False,Tempered Glass,45.0,2,True,Montech
Lian Li O11D EVO RGB,3199.8,ATX Mid Tower,ATX,Black,,False,Tempered Glass,65.3,4,True,Lian Li
NZXT H6 Flow,2199.4,ATX Mid Tower,ATX,Black,,False,Tempered Glass,51.8,1,True,NZXT
Montech AIR 903 BASE,1299.6,ATX Mid Tower,ATX,Black,,False,Tempered Glass,54.2,2,True,Montech
HYTE Y70 Touch Infinite,11288.0,ATX Mid Tower,ATX,Black,,False,Tempered Glass,70.7,2,True,HYTE
NZXT H6 Flow,1799.4,ATX Mid Tower,ATX,White,,False,Tempered Glass,51.8,1,True,NZXT
Corsair FRAME 4000D RS ARGB,2099.79,ATX Mid Tower,ATX,Black,,False,Tempered Glass,56.7,2,True,Corsair
NZXT H3 Flow,1399.6,MicroATX Mid Tower,Micro ATX,Black,,False,Tinted Tempered Glass,35.0,1,True,NZXT
Fractal Design Terra,3599.8,Mini ITX Desktop,Mini ITX,Black / Brown,,False,Mesh,11.4,0,True,Fractal Design
Antec C5 ARGB,2299.79,ATX Mid Tower,ATX,Black,,False,Tempered Glass,,1,True,Antec
Fractal Design Pop XL Air,2399.4,ATX Full Tower,ATX,Black,,False,Tempered Glass,62.4,3,True,Fractal Design
Lian Li LANCOOL 217,2550.0,ATX Mid Tower,ATX,Black / Brown,,False,Tempered Glass,57.7,1,True,Lian Li
Lian Li O11 Dynamic EVO XL,5099.59,ATX Full Tower,ATX,Black,,False,Tempered Glass,84.4,4,True,Lian Li
Montech KING 95 PRO,2979.6,ATX Mid Tower,ATX,Black,,False,Tempered Glass,63.0,5,True,Montech
Fractal Design Meshify C,2199.79,ATX Mid Tower,ATX,Black,,False,Tinted Tempered Glass,40.6,2,True,Fractal Design
Cooler Master MasterBox NR200,1345.8,Mini ITX Desktop,Mini ITX,Black,,False,Solid,20.3,2,True,Cooler Master
Okinos Aqua 3,1299.6,MicroATX Mini Tower,Micro ATX,Black,,False,Tempered Glass,28.8,2,True,Okinos
Lian Li LANCOOL 216 RGB,2059.4,ATX Mid Tower,ATX,Black,,False,Tempered Glass,55.6,2,True,Lian Li
HYTE Y70,4399.8,ATX Mid Tower,ATX,White,,False,Tempered Glass,70.7,2,True,HYTE
Fractal Design Pop Air,1599.8,ATX Mid Tower,ATX,Black,,False,Tempered Glass,46.2,2,True,Fractal Design
NZXT H7 Flow (2024),2599.8,ATX Mid Tower,ATX,Black,,False,Tempered Glass,62.1,2,True,NZXT
MUSETEX Y6,1709.6,ATX Mid Tower,ATX,White,,False,Tempered Glass,40.9,2,True,MUSETEX
Corsair 3000D AIRFLOW,1899.8,ATX Mid Tower,ATX,Black,,False,Tempered Glass,49.5,2,True,Corsair
Lian Li O11 Vision,2859.8,ATX Mid Tower,ATX,Black,,False,Tempered Glass,67.8,2,True,Lian Li
Fractal Design North,2799.8,ATX Mid Tower,ATX,Black,,False,Mesh,45.1,2,True,Fractal Design
HYTE Y70,4399.8,ATX Mid Tower,ATX,Black,,False,Tempered Glass,70.7,2,True,HYTE
Lian Li O11D EVO RGB,3199.8,ATX Mid Tower,ATX,White,,False,Tempered Glass,65.3,4,True,Lian Li
Montech X3 Mesh,1099.8,ATX Mid Tower,ATX,Black,,False,Tempered Glass,,2,True,Montech
Cooler Master Elite 301 Lite,1298.8,MicroATX Mini Tower,Micro ATX,Black,,False,Tempered Glass,34.1,1,True,Cooler Master
Fractal Design Terra,3599.8,Mini ITX Desktop,Mini ITX,Green / Brown,,False,Mesh,11.4,0,True,Fractal Design
Corsair FRAME 4000D,2099.79,ATX Mid Tower,ATX,Black,,False,Tempered Glass,56.7,2,True,Corsair
NZXT H6 Flow RGB,2599.4,ATX Mid Tower,ATX,White,,False,Tempered Glass,51.8,1,True,NZXT
Asus Prime AP201,1799.4,MicroATX Mini Tower,Micro ATX,Black,,False,Mesh,33.0,3,True,ASUS
Montech XR Wood,1598.0,ATX Mid Tower,ATX,Black / Brown,,False,Tempered Glass,49.8,2,True,Montech
Deepcool CH160,,Mini ITX Desktop,Mini ITX,Black,,False,Tempered Glass,19.1,1,False,DeepCool
Montech X5M,1120.0,MicroATX Mini Tower,Micro ATX,Black,,False,Tempered Glass,45.3,2,True,Montech
Lian Li A3-mATX,1799.8,MicroATX Mini Tower,Micro ATX,White / Brown,,False,Tempered Glass,26.3,1,True,Lian Li
Antec C8,1999.8,ATX Full Tower,ATX,Black,,False,Tempered Glass,66.9,2,True,Antec
Thermaltake Versa H18,2370.0,MicroATX Mini Tower,Micro ATX,Black,,False,Acrylic,30.4,2,True,Thermaltake
Silverstone ALTA F2,21245.4,ATX Full Tower,ATX,Black,,False,Tempered Glass,98.9,8,True,SilverStone
NZXT H6 Flow RGB,2699.4,ATX Mid Tower,ATX,Black,,False,Tempered Glass,51.8,1,True,NZXT
Corsair 5000D AIRFLOW,3499.8,ATX Mid Tower,ATX,Black,,False,Tempered Glass,66.2,2,True,Corsair
Fractal Design Ridge PCIe 4.0,2599.8,Mini ITX Tower,Mini ITX,Black,,False,Mesh,16.3,0,True,Fractal Design
Corsair 3500X,1999.8,ATX Mid Tower,ATX,Black,,False,Tempered Glass,55.9,2,True,Corsair
NZXT H9 Elite,3399.4,ATX Mid Tower,ATX,White,,False,Tempered Glass,66.9,2,True,NZXT
Zalman T3 PLUS,790.0,MicroATX Mid Tower,Micro ATX,Black,,False,Tempered Glass,30.9,1,True,Zalman
Antec FLUX PRO,3299.8,ATX Full Tower,ATX,Black / Brown,,False,Tempered Glass,70.8,4,True,Antec
Cooler Master Elite 301,999.8,MicroATX Mid Tower,Micro ATX,Black,,False,Tempered Glass,34.1,1,True,Cooler Master
Lian Li O11 Dynamic EVO XL,4999.8,ATX Full Tower,ATX,White,,False,Tempered Glass,84.4,4,True,Lian Li
Jonsbo Jonsplus Z20,1980.0,MicroATX Desktop,Micro ATX,Black,,False,Tempered Glass,25.3,1,True,Jonsbo
Fractal Design Pop Mini Air,1999.8,MicroATX Mid Tower,Micro ATX,Black,,False,Tempered Glass,36.5,2,True,Fractal Design
Azza Fighter,1199.8,ATX Mid Tower,ATX,Black,,False,Tempered Glass,34.2,2,True,Azza
Fractal Design North XL,3899.4,ATX Full Tower,ATX,Black,,False,Mesh,61.4,2,True,Fractal Design
Corsair 4000D Airflow,2071.8,ATX Mid Tower,ATX,White,,False,Tinted Tempered Glass,48.6,2,True,Corsair
MSI MAG FORGE 321R AIRFLOW,1799.8,ATX Mid Tower,ATX,Black,,False,Tempered Glass,49.4,2,True,MSI
Jonsbo D32 PRO,1439.8,MicroATX Desktop,Micro ATX,Black,,False,Tempered Glass,25.7,2,True,Jonsbo
Lian Li A4-H20 X4,3099.8,Mini ITX Desktop,Mini ITX,Black,,False,Mesh,11.1,0,True,Lian Li
Lian Li O11 Vision,2779.4,ATX Mid Tower,ATX,White,,False,Tempered Glass,67.8,2,True,Lian Li
Fractal Design North,2799.8,ATX Mid Tower,ATX,White,,False,Tempered Glass,45.1,2,True,Fractal Design
Antec C5 ARGB,2099.79,ATX Mid Tower,ATX,White,,False,Tempered Glass,,1,True,Antec
Okinos Cypress 3,1299.6,MicroATX Mini Tower,Micro ATX,Black / Brown,,False,Tempered Glass,,2,True,Okinos
Fractal Design Focus G,1199.8,ATX Mid Tower,ATX,Black,,False,Acrylic,42.2,2,True,Fractal Design
Thermaltake View 170 ARGB,1259.8,MicroATX Mini Tower,Micro ATX,Black,,False,Tempered Glass,35.0,1,True,Thermaltake
NZXT H5 Flow RGB (2024),2399.79,ATX Mid Tower,ATX,Black,,False,Tempered Glass,45.0,1,True,NZXT
Fractal Design Terra,3599.8,Mini ITX Desktop,Mini ITX,Silver / Brown,,False,Mesh,11.4,0,True,Fractal Design
NZXT H9 Flow RGB+ (2025),5799.8,ATX Mid Tower,ATX,Black,,False,Tinted Tempered Glass,76.7,2,True,NZXT
Lian Li Lancool 207,1799.8,ATX Mid Tower,ATX,White,,False,Tempered Glass,45.5,2,True,Lian Li
NZXT H9 Elite,4239.8,ATX Mid Tower,ATX,Black,,False,Tempered Glass,66.9,2,True,NZXT
Corsair 7000D AIRFLOW,5799.8,ATX Full Tower,ATX,Black,,False,Tempered Glass,81.8,6,True,Corsair
Lian Li ODYSSEY X,29361.0,ATX Full Tower,ATX,Black,,False,Tempered Glass,,3,True,Lian Li
Lian Li LANCOOL 216,2239.4,ATX Mid Tower,ATX,Black,,False,Tempered Glass,55.6,2,True,Lian Li
Thermaltake View 270 Plus TG ARGB,1579.8,ATX Mid Tower,ATX,Black,,False,Tempered Glass,47.6,2,True,Thermaltake
Antec FLUX,2099.79,ATX Mid Tower,ATX,Black / Brown,,False,Tempered Glass,58.1,2,True,Antec
Lian Li A3-mATX,1459.6,MicroATX Mini Tower,Micro ATX,White,,False,Mesh,26.3,1,True,Lian Li
Cooler Master MasterBox NR200P V2,2199.79,Mini ITX Desktop,Mini ITX,Black,,False,Mesh,20.1,1,True,Cooler Master
Montech KING 95 PRO,2780.0,ATX Mid Tower,ATX,White,,False,Tempered Glass,63.0,5,True,Montech
Corsair 9000D RGB AIRFLOW,10399.79,ATX Full Tower,ATX,Black,,False,Tempered Glass,149.6,5,True,Corsair
Thermaltake V100 Perforated,999.8,ATX Mid Tower,ATX,Black,,False,Solid,36.6,2,True,Thermaltake
Mars Gaming MC-S2,1586.8,ATX Mid Tower,ATX,White,,False,Acrylic,19.5,1,True,Mars Gaming
Corsair FRAME 4000D RS,1899.8,ATX Mid Tower,ATX,Black,,False,Tempered Glass,56.7,2,True,Corsair
Fractal Design Focus 2,1499.8,ATX Mid Tower,ATX,Black,,False,Solid,45.8,2,True,Fractal Design
Asus ROG Strix Helios,4699.39,ATX Full Tower,ATX,Black,,False,Tempered Glass,83.5,2,True,ASUS
Deepcool CH260,,MicroATX Desktop,Micro ATX,Black,,False,Tempered Glass,30.8,1,False,DeepCool
Fractal Design Pop Air RGB,1999.8,ATX Mid Tower,ATX,Black,,False,Tempered Glass,46.2,2,True,Fractal Design
Zalman CUBIX,759.8,MicroATX Mini Tower,Micro ATX,Black,,False,Solid,,1,True,Zalman
Deepcool CG530 4F,,ATX Mid Tower,ATX,Black,,False,Tinted Acrylic,50.0,2,False,DeepCool
NZXT H9 Flow (2025),3299.8,ATX Mid Tower,ATX,Black,,False,Tinted Tempered Glass,76.7,2,True,NZXT
Montech KING 65 PRO,1899.8,ATX Mid Tower,ATX,Black,,False,Tempered Glass,63.0,2,True,Montech
Deepcool CC560 V2,,ATX Mid Tower,ATX,Black,,False,Tempered Glass,44.9,2,False,DeepCool
Fractal Design Define R5,2499.79,ATX Mid Tower,ATX,Black,,False,Solid,54.2,8,True,Fractal Design
NZXT H510,,ATX Mid Tower,ATX,Black,,False,Tempered Glass,41.3,2,False,NZXT
Lian Li Vector V100R,,ATX Mid Tower,ATX,Black,,False,Tempered Glass,53.2,1,False,Lian Li
Cooler Master MasterBox Q300L,739.8,MicroATX Mini Tower,Micro ATX,White,,False,Acrylic,33.6,1,True,Cooler Master
NZXT H9 Flow RGB+ (2025),5799.8,ATX Mid Tower,ATX,White,,False,Tempered Glass,76.7,2,True,NZXT
Cooler Master Q300L V2,1119.59,MicroATX Mini Tower,Micro ATX,Black,,False,Tempered Glass,34.1,1,True,Cooler Master
Antec C8 Wood,2399.79,ATX Full Tower,ATX,Black / Brown,,False,Tempered Glass,66.9,2,True,Antec
Lian Li O11 Dynamic Mini,4580.0,ATX Mid Tower,ATX,Black,,False,Tempered Glass,43.0,2,True,Lian Li
Montech AIR 100 ARGB,1399.6,MicroATX Mid Tower,Micro ATX,White,,False,Tempered Glass,36.1,2,True,Montech
HYTE Y60,3599.8,ATX Mid Tower,ATX,Black,,False,Tempered Glass,60.0,2,True,HYTE
MUSETEX K2,1499.6,ATX Mid Tower,ATX,Black,,False,Tempered Glass,44.4,2,True,MUSETEX
Fractal Design Ridge PCIe 4.0,2859.4,Mini ITX Tower,Mini ITX,White,,False,Mesh,16.3,0,True,Fractal Design
HYTE Y70 Touch Infinite,7999.8,ATX Mid Tower,ATX,White / Black,,False,Tempered Glass,70.7,2,True,HYTE
Zalman S2,999.59,ATX Mid Tower,ATX,Black,,False,Acrylic,38.4,2,True,Zalman
Fractal Design North XL,3599.8,ATX Full Tower,ATX,White,,False,Tempered Glass,61.4,2,True,Fractal Design
Zalman T8,859.0,ATX Mid Tower,ATX,Black,,False,Solid,33.4,2,True,Zalman
Jonsbo C6-ITX,1240.0,Mini ITX Desktop,Mini ITX,Black,,False,Mesh,15.9,1,True,Jonsbo
Lian Li A4-H20 A4,3099.8,Mini ITX Desktop,Mini ITX,Silver / Black,,False,Mesh,11.1,0,True,Lian Li
MSI MAG FORGE M100R,,MicroATX Mini Tower,Micro ATX,Black,,False,Tempered Glass,32.8,2,False,MSI
NZXT H510,,ATX Mid Tower,ATX,White,,False,Tempered Glass,41.3,2,False,NZXT
Deepcool CH370,,MicroATX Mid Tower,Micro ATX,Black,,False,Tempered Glass,38.3,2,False,DeepCool
GameMax Nova N5,1019.8,ATX Mid Tower,ATX,Black,,False,Tempered Glass,37.6,2,True,GameMax
Lian Li LANCOOL III RGB,3599.8,ATX Mid Tower,ATX,Black,,False,Tempered Glass,65.5,4,True,Lian Li
SAMA SV01,1599.8,ATX Mid Tower,ATX,Black,,False,Tempered Glass,43.5,2,True,SAMA
be quiet! Pure Base 500DX,2198.0,ATX Mid Tower,ATX,Black,,False,Tempered Glass,48.3,2,True,be quiet!
NZXT H3 Flow,1399.6,MicroATX Mid Tower,Micro ATX,White,,False,Tempered Glass,35.0,1,True,NZXT
NZXT H5 Flow RGB (2024),1799.8,ATX Mid Tower,ATX,White,,False,Tempered Glass,45.0,1,True,NZXT
Fractal Design Torrent,4099.8,ATX Mid Tower,ATX,Black,,False,Tinted Tempered Glass,69.8,2,True,Fractal Design
Montech AIR 100 LITE,1599.6,MicroATX Mid Tower,Micro ATX,Black,,False,Tempered Glass,36.1,2,True,Montech
Lian Li PC-O11 Dynamic,,ATX Full Tower,ATX,Black,,False,Tempered Glass,54.0,3,False,Lian Li
Lian Li A3-mATX,1799.8,MicroATX Mini Tower,Micro ATX,Black / Brown,,False,Tempered Glass,26.3,1,True,Lian Li
Thermaltake Versa H16 ARGB,1099.8,MicroATX Mini Tower,Micro ATX,Black,,False,Tempered Glass,33.0,2,True,Thermaltake
Lian Li O11 Dynamic Mini Snow Edition,,ATX Mid Tower,ATX,White,,False,Tempered Glass,43.0,2,False,Lian Li
GameMax Vista M,1078.0,MicroATX Mini Tower,Micro ATX,Black,,False,Tempered Glass,40.9,2,True,GameMax
Phanteks Eclipse G370A,1139.59,ATX Mid Tower,ATX,Black,,False,Tempered Glass,48.7,0,True,Phanteks
Thermaltake View 170 ARGB,1359.8,MicroATX Mini Tower,Micro ATX,White,,False,Tempered Glass,35.0,1,True,Thermaltake
Montech AIR 903 BASE,1380.0,ATX Mid Tower,ATX,White,,False,Tempered Glass,54.2,2,True,Montech
MSI MAG PANO 100R PZ,3199.8,ATX Mid Tower,ATX,Black,,False,Tempered Glass,72.5,2,True,MSI
GAMDIAS TALOS E3 MESH,1199.8,ATX Mid Tower,ATX,Black,,False,Tempered Glass,34.1,2,True,GAMDIAS
Antec NX200M,1859.4,MicroATX Mid Tower,Micro ATX,Black,,False,Tempered Glass,,2,True,Antec
MSI MAG FORGE 320R AIRFLOW,,ATX Mid Tower,ATX,Black,,False,Tempered Glass,49.4,2,False,MSI
Fractal Design Meshify 2,3299.8,ATX Mid Tower,ATX,Black,,False,Solid,61.7,6,True,Fractal Design
Fractal Design Node 804,2699.8,MicroATX Mid Tower,Micro ATX,Black,,False,Acrylic,41.1,10,True,Fractal Design
Phanteks NV5 MKII,2419.6,ATX Mid Tower,ATX,Black,,False,Tempered Glass,60.2,3,True,Phanteks
Phanteks EVOLV X2,3499.6,ATX Mid Tower,ATX,Black,,False,Tempered Glass,60.9,2,True,Phanteks
NZXT H7 Flow RGB (2024),2999.8,ATX Mid Tower,ATX,Black,,False,Tempered Glass,62.1,2,True,NZXT
Cooler Master MasterBox NR200,1799.8,Mini ITX Desktop,Mini ITX,White / Black,,False,Solid,20.3,2,True,Cooler Master
HYTE Y40,2599.8,ATX Mid Tower,ATX,Black,,False,Tempered Glass,49.7,1,True,HYTE
Montech X5,1500.0,ATX Mid Tower,ATX,Black,,False,Tempered Glass,51.6,2,True,Montech
HAVN HS420,4599.8,ATX Mid Tower,ATX,Black,,False,Tempered Glass,76.8,5,True,HAVN
Thermaltake Versa H18,1099.8,MicroATX Mini Tower,Micro ATX,Black,,False,Tempered Glass,30.4,2,True,Thermaltake
Corsair iCUE 4000X RGB,2899.8,ATX Mid Tower,ATX,Black,,False,Tempered Glass,48.6,2,True,Corsair
Fractal Design Meshify 3,3099.8,ATX Mid Tower,ATX,Black,,False,Tinted Tempered Glass,50.3,2,True,Fractal Design
Fractal Design North,3099.4,ATX Mid Tower,ATX,White,,False,Mesh,45.1,2,True,Fractal Design
Thermaltake Core V1,1073.59,Mini ITX Desktop,Mini ITX,Black,,False,Solid,22.4,2,True,Thermaltake
HYTE Y60 Snow White,3599.8,ATX Mid Tower,ATX,White,,False,Tempered Glass,60.0,2,True,HYTE
Fractal Design Node 304,2199.79,Mini ITX Tower,Mini ITX,Black / White,,False,Solid,19.5,6,True,Fractal Design
Cooler Master MasterBox TD500 Mesh V2,2157.8,ATX Mid Tower,ATX,,,False,Tempered Glass,52.4,2,True,Cooler Master
Lian Li Lancool 207 Digital,2099.79,ATX Mid Tower,ATX,Black,,False,Tempered Glass,45.5,2,True,Lian Li
Corsair 6500X,3999.8,ATX Mid Tower,ATX,Black,,False,Tempered Glass,78.3,2,True,Corsair
Deepcool MATREXX 40 3FS,,MicroATX Mini Tower,Micro ATX,Black,,False,Tempered Glass,,2,False,DeepCool
Lian Li O11 Dynamic EVO,,ATX Mid Tower,ATX,Black,,False,Tinted Tempered Glass,60.8,6,False,Lian Li
MSI MAG PANO 100R PZ,3199.8,ATX Mid Tower,ATX,White,,False,Tempered Glass,72.5,2,True,MSI
Montech X5M,1120.0,MicroATX Mini Tower,Micro ATX,White,,False,Tempered Glass,45.3,2,True,Montech
Fractal Design Pop Mini Air,1999.8,MicroATX Mid Tower,Micro ATX,White,,False,Tempered Glass,36.5,2,True,Fractal Design
MSI MAG FORGE 120A AIRFLOW,,ATX Mid Tower,ATX,Black,,False,Tempered Glass,43.0,3,False,MSI
DIYPC DIY-S07,879.4,ATX Mid Tower,ATX,Black,,False,Acrylic,27.5,2,True,DIYPC
Thermaltake Versa H17,999.8,MicroATX Mini Tower,Micro ATX,Black,,False,Solid,30.4,2,True,Thermaltake
Jonsbo TK-0,2599.8,Mini ITX Desktop,Mini ITX,Black,,False,Tempered Glass,16.4,1,True,Jonsbo
Aerocool CS-107 RGB,,MicroATX Mini Tower,Micro ATX,Black,,False,Tempered Glass,23.7,1,False,Aerocool
Deepcool CH370,,MicroATX Mid Tower,Micro ATX,White,,False,Tempered Glass,38.3,2,False,DeepCool
Thermaltake Versa H21,959.8,ATX Mid Tower,ATX,Black,,False,Solid,42.8,3,True,Thermaltake
Corsair 2500X,2902.6,MicroATX Mini Tower,Micro ATX,Black,,False,Tempered Glass,54.8,2,True,Corsair
Thermaltake View 270 Plus TG ARGB,1799.8,ATX Mid Tower,ATX,White,,False,Tempered Glass,47.6,2,True,Thermaltake
Lian Li PC-O11 Dynamic,,ATX Full Tower,ATX,White,,False,Tempered Glass,54.0,3,False,Lian Li
HYTE Y70,4399.8,ATX Mid Tower,ATX,Pink,,False,Tempered Glass,70.7,2,True,HYTE
Antec AX20,1966.4,ATX Mid Tower,ATX,Black,,False,Tempered Glass,33.4,2,True,Antec
Deepcool CH160,,Mini ITX Desktop,Mini ITX,White,,False,Tempered Glass,19.1,1,False,DeepCool
Montech AIR 903 MAX,1799.8,ATX Mid Tower,ATX,White,,False,Tempered Glass,54.2,2,True,Montech
Fractal Design Define 7,3899.8,ATX Mid Tower,ATX,Black,,False,Solid,62.4,6,True,Fractal Design
Aerocool Bolt Mini Glass,,MicroATX Mini Tower,Micro ATX,Black,,False,Tempered Glass,,2,False,Aerocool
MSI MAG FORGE 100R,3140.4,ATX Mid Tower,ATX,Black,,False,Tempered Glass,,2,True,MSI
NZXT H7 Flow (2024),2199.79,ATX Mid Tower,ATX,White,,False,Tempered Glass,62.1,2,True,NZXT
FormD T1 V2.1 CNC Anodized,,Mini ITX Desktop,Mini ITX,Black,,False,Mesh,,0,False,FormD
Fractal Design Meshify 2 XL,4399.8,ATX Full Tower,ATX,Black,,False,Tinted Tempered Glass,81.5,6,True,Fractal Design
Corsair 3500X,1799.8,ATX Mid Tower,ATX,White,,False,Tempered Glass,55.9,2,True,Corsair
Corsair FRAME 4000D RS ARGB,2499.79,ATX Mid Tower,ATX,White,,False,Tempered Glass,56.7,2,True,Corsair
MSI MAG FORGE 112R,1799.8,ATX Mid Tower,ATX,Black,,False,Tempered Glass,42.5,2,True,MSI
Lian Li O11 Vision Chrome,3280.0,ATX Mid Tower,ATX,Black,,False,Tinted Tempered Glass,67.8,2,True,Lian Li
HAVN HS420 VGPU,5999.8,ATX Mid Tower,ATX,Black,,False,Tempered Glass,76.8,5,True,HAVN
Corsair iCUE 4000X RGB,1739.8,ATX Mid Tower,ATX,White,,False,Tempered Glass,48.6,2,True,Corsair
Asus Prime AP201,1599.6,MicroATX Mini Tower,Micro ATX,White,,False,Mesh,33.0,3,True,ASUS
Lian Li ODYSSEY X,29737.6,ATX Full Tower,ATX,Silver / Black,,False,Tempered Glass,,3,True,Lian Li
Lian Li Vector V100R,1880.0,ATX Mid Tower,ATX,White,,False,Tempered Glass,53.2,1,True,Lian Li
Thermaltake The Tower 300,1999.8,MicroATX Mini Tower,Micro ATX,Black,,False,Tempered Glass,53.0,3,True,Thermaltake
Asus TUF Gaming GT502,3599.4,ATX Mid Tower,ATX,Black,,False,Tempered Glass,57.2,4,True,ASUS
Thermaltake The Tower 600,3399.8,ATX Mid Tower,ATX,Black,,False,Tempered Glass,66.2,1,True,Thermaltake
Jonsbo D32 STD,,MicroATX Desktop,Micro ATX,Black,,False,Tempered Glass,25.7,1,False,Jonsbo
Corsair iCUE LINK 3500X RGB,3199.8,ATX Mid Tower,ATX,Black,,False,Tempered Glass,55.9,2,True,Corsair
Corsair 3000D RGB AIRFLOW,2499.79,ATX Mid Tower,ATX,Black,,False,Tempered Glass,49.5,2,True,Corsair
Cooler Master N400,1299.8,ATX Mid Tower,ATX,Black,,False,Solid,40.2,7,True,Cooler Master
Asus Prime AP201,1679.8,MicroATX Mini Tower,Micro ATX,Black,,False,Tempered Glass,33.0,3,True,ASUS
Lian Li LANCOOL 216 RGB,2119.4,ATX Mid Tower,ATX,White,,False,Tempered Glass,55.6,2,True,Lian Li
NZXT H9 Flow (2025),3199.8,ATX Mid Tower,ATX,White,,False,Tempered Glass,76.7,2,True,NZXT
Fractal Design Define 7 XL,4499.8,ATX Full Tower,ATX,Black,,False,Solid,82.0,6,True,Fractal Design
be quiet! Pure Base 501 Airflow,2139.79,ATX Mid Tower,ATX,Black,,False,Solid,48.1,2,True,be quiet!
Cooler Master N200,1199.8,MicroATX Mini Tower,Micro ATX,Black,,False,Solid,33.8,2,True,Cooler Master
Fractal Design Pop Air,1699.8,ATX Mid Tower,ATX,Black,,False,Solid,46.2,2,True,Fractal Design
BGears b-Vortex-RGB,979.8,ATX Mid Tower,ATX,Black,,False,Tempered Glass,38.3,2,True,BGears
Lian Li LANCOOL 205M MESH,1799.8,MicroATX Mini Tower,Micro ATX,Black,,False,Tempered Glass,33.8,2,True,Lian Li
Jonsbo N4,2399.79,MicroATX Desktop,Micro ATX,Black / Brown,,False,Mesh,19.6,6,True,Jonsbo
be quiet! Light Base 600 LX,3598.0,ATX Mid Tower,ATX,Black,,False,Tempered Glass,59.7,1,True,be quiet!
BGears b-Pellucid,1099.8,MicroATX Mini Tower,Micro ATX,Black,,False,Tinted Tempered Glass,36.6,1,True,BGears
Vetroo AL900,1699.8,ATX Mid Tower,ATX,Pink,,False,Tempered Glass,48.1,0,True,Vetroo
Deepcool MATREXX 30,,MicroATX Mini Tower,Micro ATX,Black,,False,Tempered Glass,29.6,3,False,DeepCool
Lian Li O11 Dynamic EVO,,ATX Mid Tower,ATX,White / Gray,,False,Tempered Glass,60.8,6,False,Lian Li
Aerocool P500C,,ATX Mid Tower,ATX,Black,,False,Mesh,54.0,2,False,Aerocool
Phanteks XT PRO ULTRA,1639.6,ATX Mid Tower,ATX,White,,False,Tempered Glass,51.8,2,True,Phanteks
Deepcool CG530 4F,,ATX Mid Tower,ATX,White,,False,Tinted Acrylic,50.0,2,False,DeepCool
Phanteks Eclipse G400A,,ATX Mid Tower,ATX,Black,,False,Tempered Glass,59.4,2,False,Phanteks
Thermaltake View 380 ARGB,2079.79,ATX Mid Tower,ATX,Black,,False,Tinted Tempered Glass,51.6,1,True,Thermaltake
Fractal Design Pop XL Silent,2199.79,ATX Full Tower,ATX,Black,,False,Solid,62.4,3,True,Fractal Design
HYTE Y70 Touch Infinite,8399.79,ATX Mid Tower,ATX,Red / Black,,False,Tempered Glass,70.7,2,True,HYTE
Corsair iCUE 7000X RGB,7199.8,ATX Full Tower,ATX,Black,,False,Tempered Glass,81.8,6,True,Corsair
SAMA SV01,1599.8,ATX Mid Tower,ATX,White,,False,Tempered Glass,43.5,2,True,SAMA
PC Cooler I100 PRO MESH,2033.8,Mini ITX Desktop,Mini ITX,Gray,,False,Mesh,7.5,1,True,PC Cooler
Montech X3 Mesh,1399.6,ATX Mid Tower,ATX,White,,False,Tempered Glass,,2,True,Montech
Cooler Master MasterBox NR200P V2,2099.79,Mini ITX Desktop,Mini ITX,White,,False,Mesh,20.1,1,True,Cooler Master
Lian Li LANCOOL 217,2499.79,ATX Mid Tower,ATX,White / Brown,,False,Tempered Glass,57.7,1,True,Lian Li
Antec C3 ARGB,1943.8,ATX Mid Tower,ATX,Black,,False,Tempered Glass,47.9,1,True,Antec
Thermaltake Versa H16 ARGB,999.8,MicroATX Mini Tower,Micro ATX,White,,False,Tempered Glass,33.0,2,True,Thermaltake
Deepcool CC360 ARGB,,MicroATX Mini Tower,Micro ATX,Black,,False,Tinted Tempered Glass,38.7,2,False,DeepCool
NZXT H5 Flow RGB (2023),1199.8,ATX Mid Tower,ATX,Black,,False,Tempered Glass,47.0,1,True,NZXT
Lian Li O11 Air Mini,,ATX Mid Tower,ATX,Black,,False,Tempered Glass,44.2,4,False,Lian Li
Fractal Design Focus 2,1559.6,ATX Mid Tower,ATX,Black,,False,Tempered Glass,45.8,2,True,Fractal Design
Asus A31,1499.6,ATX Mid Tower,ATX,Black,,False,Tempered Glass,52.9,2,True,ASUS
Corsair iCUE 5000D RGB AIRFLOW,4099.8,ATX Mid Tower,ATX,Black,,False,Tempered Glass,66.2,2,True,Corsair
Antec C8 Curve Wood,3059.8,ATX Mid Tower,ATX,Black / Brown,,False,Tempered Glass,66.9,1,True,Antec
Jonsbo NV10,,Mini ITX Desktop,Mini ITX,Black / Brown,,False,Mesh,4.5,0,False,Jonsbo
Jonsbo C6 MAX,1599.8,MicroATX Desktop,Micro ATX,Black,,False,Tempered Glass,20.8,1,True,Jonsbo
Zalman S3,999.8,ATX Mid Tower,ATX,Black,,False,Acrylic,38.4,2,True,Zalman
Phanteks XT View,1999.6,ATX Mid Tower,ATX,Black,,False,Tempered Glass,50.6,2,True,Phanteks
Cooler Master QUBE 500 Flatpack,1599.6,ATX Mid Tower,ATX,Black,,False,Tempered Glass,38.9,4,True,Cooler Master
Lian Li Vector V100,,ATX Mid Tower,ATX,Black,,False,Tempered Glass,53.2,1,False,Lian Li
Thermaltake TR100,2999.8,Mini ITX Desktop,Mini ITX,Black,,False,Mesh,20.6,0,True,Thermaltake
Montech SKY TWO,1999.8,ATX Mid Tower,ATX,Black,,False,Tempered Glass,45.3,2,True,Montech
BitFenix Nova Mesh SE,1398.0,ATX Mid Tower,ATX,Black,,False,Tempered Glass,36.1,2,True,BitFenix
Corsair iCUE LINK 3500X RGB,3199.8,ATX Mid Tower,ATX,White,,False,Tempered Glass,55.9,2,True,Corsair
MSI MPG GUNGNIR 110R,2199.4,ATX Mid Tower,ATX,Black,,False,Tempered Glass,,2,True,MSI
KOLINK Stronghold Prime,,ATX Mid Tower,ATX,Black,,False,Tempered Glass,50.8,2,False,KOLINK
DIYPC DIY-CUBE01,1179.59,MicroATX Mini Tower,Micro ATX,White,,False,Tempered Glass,40.0,0,True,DIYPC
Phanteks Enthoo Pro Tempered Glass,2879.6,ATX Full Tower,ATX,Black,,False,Tinted Tempered Glass,69.1,6,True,Phanteks
MSI MAG PANO M100R PZ,2599.8,MicroATX Mid Tower,Micro ATX,White,,False,Tempered Glass,41.9,1,True,MSI
Cooler Master MasterBox NR200P,,Mini ITX Desktop,Mini ITX,Black,,False,Tempered Glass,20.3,2,False,Cooler Master
Jonsbo D31 MESH,1759.8,MicroATX Mini Tower,Micro ATX,Black,,False,Tempered Glass,31.3,1,True,Jonsbo
Montech XR Wood,1358.0,ATX Mid Tower,ATX,White / Brown,,False,Tempered Glass,49.8,2,True,Montech
Asus ProArt PA602,5519.8,ATX Mid Tower,ATX,Black,,False,Tempered Glass,81.4,4,True,ASUS
GAMDIAS ATHENA M3,1499.6,ATX Mid Tower,ATX,Black,,False,Tempered Glass,45.1,2,True,GAMDIAS
Corsair Obsidian Series 1000D,,ATX Full Tower,ATX,Black,,False,Tempered Glass,149.1,5,False,Corsair
Asus A21,1159.8,MicroATX Mini Tower,Micro ATX,Black,,False,Tempered Glass,44.0,2,True,ASUS
Fractal Design North XL,3899.8,ATX Full Tower,ATX,White,,False,Mesh,61.4,2,True,Fractal Design
Corsair 6500X,3999.8,ATX Mid Tower,ATX,White,,False,Tempered Glass,78.3,2,True,Corsair
Jonsbo N5,5099.8,ATX Full Tower,ATX,Black / Brown,,False,Mesh,50.1,12,True,Jonsbo
Phanteks EVOLV X2,4399.59,ATX Mid Tower,ATX,White,,False,Tempered Glass,60.9,2,True,Phanteks
NZXT H5 Flow (2022),,ATX Mid Tower,ATX,Black,,False,Tempered Glass,47.0,1,False,NZXT
Corsair 2500X,2887.6,MicroATX Mini Tower,Micro ATX,White,,False,Tempered Glass,54.8,2,True,Corsair
Aerocool Prism V2 RGB,1199.8,ATX Mid Tower,ATX,Black,,False,Tempered Glass,41.7,2,True,Aerocool
SSUPD Meshroom D,1999.8,Mini ITX Desktop,Mini ITX,Black,,False,Mesh,15.0,3,True,SSUPD
Okinos Aqua 3,1359.6,MicroATX Mini Tower,Micro ATX,White,,False,Tempered Glass,28.8,2,True,Okinos
SAMA ARGB-Q5,1279.8,MicroATX Mini Tower,Micro ATX,White,,False,Tempered Glass,31.5,2,True,SAMA
Antec NX410,1099.8,ATX Mid Tower,ATX,White,,False,Tempered Glass,39.7,2,True,Antec
Antec C8,2399.79,ATX Full Tower,ATX,White / Silver,,False,Tempered Glass,66.9,2,True,Antec
Fractal Design Pop Mini Silent,1699.8,MicroATX Mid Tower,Micro ATX,Black,,False,Solid,36.5,2,True,Fractal Design
Lian Li Q58 (PCIe 4.0),1899.8,Mini ITX Desktop,Mini ITX,White,,False,Tempered Glass,14.5,0,True,Lian Li
Thermaltake Core V21,,MicroATX Mini Tower,Micro ATX,Black,,False,Acrylic,45.6,3,False,Thermaltake
HYTE Y70,4399.8,ATX Mid Tower,ATX,White / Black,,False,Tempered Glass,70.7,2,True,HYTE
Corsair iCUE 4000D RGB AIRFLOW,1799.8,ATX Mid Tower,ATX,White,,False,Tempered Glass,48.6,2,True,Corsair
MSI MAG PANO M100R PZ,2555.2,MicroATX Mid Tower,Micro ATX,Black,,False,Tempered Glass,41.9,1,True,MSI
Fractal Design Era 2,4259.59,Mini ITX Tower,Mini ITX,Black / Brown,,False,Mesh,19.0,0,True,Fractal Design
ZZEW A1 Plus,2199.79,Mini ITX Tower,Mini ITX,Silver,,False,Mesh,5.8,0,True,Desconocida
Fractal Design Meshify 3 Ambience Pro RGB,4799.8,ATX Mid Tower,ATX,Black,,False,Tinted Tempered Glass,50.3,2,True,Fractal Design
Jonsbo C6,1200.0,MicroATX Mini Tower,Micro ATX,Black,,False,Mesh,15.9,1,True,Jonsbo
Deepcool MACUBE 110,,MicroATX Mini Tower,Micro ATX,Black,,False,Tempered Glass,38.8,2,False,DeepCool
Jonsbo N3,3099.8,Mini ITX Desktop,Mini ITX,Black,,False,Solid,18.2,0,True,Jonsbo
be quiet! Light Base 900 FX,4998.0,ATX Full Tower,ATX,Black,,False,Tempered Glass,84.2,1,True,be quiet!
Thermaltake View 380 XL TG ARGB,1999.8,ATX Mid Tower,ATX,Black,,False,Tempered Glass,63.6,1,True,Thermaltake
Cooler Master HAF 700 EVO,8999.79,ATX Full Tower,ATX,Gray / Black,,False,Tempered Glass,,12,True,Cooler Master
darkFlash DB330M,1189.8,MicroATX Mini Tower,Micro ATX,Black,,False,Tempered Glass,29.0,1,True,darkFlash
Corsair 2000D AIRFLOW,2799.8,Mini ITX Tower,Mini ITX,Black,,False,Mesh,24.8,0,True,Corsair
Corsair 2500D Airflow,2038.6,MicroATX Mini Tower,Micro ATX,Black,,False,Tempered Glass,54.8,2,True,Corsair
Corsair 2000D AIRFLOW,2399.79,Mini ITX Tower,Mini ITX,White,,False,Mesh,24.8,0,True,Corsair
be quiet! Silent Base 802,3798.0,ATX Mid Tower,ATX,Black,,False,Solid,83.8,3,True,be quiet!
Fractal Design Mood,3259.4,Mini ITX Tower,Mini ITX,Black,,False,Mesh,20.4,1,True,Fractal Design
KOLINK Observatory MX Glass ARGB,,ATX Mid Tower,ATX,Black / White,,False,Tempered Glass,30.8,2,False,KOLINK
HYTE Y40,2599.8,ATX Mid Tower,ATX,White,,False,Tempered Glass,49.7,1,True,HYTE
Antec C8,3996.0,ATX Full Tower,ATX,White,,False,Tempered Glass,66.9,2,True,Antec
Fractal Design Meshify 3,3099.8,ATX Mid Tower,ATX,Black,,False,Solid,50.3,2,True,Fractal Design
DARKROCK Classico Storage Master,1799.8,ATX Mid Tower,ATX,Black,,False,Mesh,,10,True,DARKROCK
Corsair iCUE 220T RGB Airflow,1699.6,ATX Mid Tower,ATX,Black,,False,Tempered Glass,37.3,2,True,Corsair
HYTE Y40,2599.8,ATX Mid Tower,ATX,White / Black,,False,Tempered Glass,49.7,1,True,HYTE
Zalman P30,1599.8,MicroATX Mini Tower,Micro ATX,White,,False,Tempered Glass,45.7,2,True,Zalman
Corsair 9000D RGB AIRFLOW,10399.79,ATX Full Tower,ATX,White,,False,Tempered Glass,149.6,5,True,Corsair
Jonsbo N10,1239.8,Mini ITX Tower,Mini ITX,Black,,False,Mesh,4.5,0,True,Jonsbo
ENDORFY Ventum 200 Air,1280.0,ATX Mid Tower,ATX,Black,,False,Tempered Glass,35.4,1,True,ENDORFY
HAVN HS420 VGPU,5999.8,ATX Mid Tower,ATX,White,,False,Tempered Glass,76.8,5,True,HAVN
NZXT H5 Flow (2022),,ATX Mid Tower,ATX,White,,False,Tempered Glass,47.0,1,False,NZXT
Jonsbo N2,2739.8,Mini ITX Desktop,Mini ITX,Black,,False,Solid,11.1,5,True,Jonsbo
CyberPowerPC MASTERBOX NR640,,ATX Mid Tower,ATX,Black,,False,Tempered Glass,47.3,4,False,Desconocida
KOLINK KLA-003,,ATX Mid Tower,ATX,Black,,False,Solid,26.2,0,False,KOLINK
Antec AX61 ELITE,1580.6,ATX Mid Tower,ATX,Black,,False,Tempered Glass,36.4,2,True,Antec
Thermaltake TR100,2999.8,Mini ITX Desktop,Mini ITX,Green / Black,,False,Mesh,20.6,0,True,Thermaltake
Fractal Design Core 1000 USB 3.0,999.8,MicroATX Mid Tower,Micro ATX,Black,,False,Solid,25.8,2,True,Fractal Design
HYTE Y60,3599.8,ATX Mid Tower,ATX,White / Black,,False,Tempered Glass,60.0,2,True,HYTE
Phanteks XT M3,,MicroATX Mid Tower,Micro ATX,Black,,False,Tempered Glass,40.0,1,False,Phanteks
MSI MAG FORGE M100A,2172.4,MicroATX Mid Tower,Micro ATX,Black,,False,Tempered Glass,32.8,2,True,MSI
HYTE Y70,4399.8,ATX Mid Tower,ATX,Purple,,False,Tempered Glass,70.7,2,True,HYTE
DIYPC ARGB-N1,1439.8,MicroATX Mid Tower,Micro ATX,White,,False,Tempered Glass,44.7,2,True,DIYPC
Phanteks XT M3,1359.6,MicroATX Mid Tower,Micro ATX,White,,False,Tempered Glass,40.0,1,True,Phanteks
Fractal Design Focus 2 RGB,1799.8,ATX Mid Tower,ATX,Black,,False,Tempered Glass,45.8,2,True,Fractal Design
SAMA 3509,1299.8,ATX Mid Tower,ATX,Black,,False,Tempered Glass,41.4,2,True,SAMA
DIYPC DIY-CUBE01,,MicroATX Mini Tower,Micro ATX,Black,,False,Tempered Glass,40.0,0,False,DIYPC
Asus Prime AP201,1699.8,MicroATX Mini Tower,Micro ATX,White,,False,Tempered Glass,33.0,3,True,ASUS
be quiet! Light Base 900 DX,4098.0,ATX Full Tower,ATX,Black,,False,Tempered Glass,84.2,1,True,be quiet!
DIYPC ARGB Q10,1459.8,ATX Mid Tower,ATX,Black,,False,Tempered Glass,50.4,1,True,DIYPC
Asus TUF Gaming GT501,3299.8,ATX Mid Tower,ATX,Black / Gray,,False,Tempered Glass,75.5,4,True,ASUS
Asus TUF Gaming GT302 ARGB,3320.6,ATX Mid Tower,ATX,Black,,False,Tempered Glass,59.3,2,True,ASUS
NZXT H5 Elite,3900.0,ATX Mid Tower,ATX,Black,,False,Tempered Glass,47.0,1,True,NZXT
Fractal Design Pop XL Air,2399.79,ATX Full Tower,ATX,White,,False,Tempered Glass,62.4,3,True,Fractal Design
Silverstone ALTA D1,16777.59,ATX Full Tower,ATX,Black,,False,Mesh,78.8,4,True,SilverStone
Corsair 6500D Airflow,3999.8,ATX Mid Tower,ATX,Black,,False,Tempered Glass,78.3,2,True,Corsair
Fractal Design Meshify 3 XL Ambience Pro RGB,5499.8,ATX Full Tower,ATX,Black,,False,Tinted Tempered Glass,72.6,2,True,Fractal Design
Fractal Design Core 1100,999.8,MicroATX Mini Tower,Micro ATX,Black,,False,Solid,25.7,2,True,Fractal Design
Fractal Design Pop Air,1999.8,ATX Mid Tower,ATX,White,,False,Tempered Glass,46.2,2,True,Fractal Design
Cooler Master Elite 301 Lite,1119.8,MicroATX Mini Tower,Micro ATX,White,,False,Tempered Glass,34.1,1,True,Cooler Master
Corsair iCUE 4000D RGB AIRFLOW,2999.8,ATX Mid Tower,ATX,Black,,False,Tempered Glass,48.6,2,True,Corsair
KOLINK Observatory HF Mesh ARGB,,ATX Mid Tower,ATX,Black,,False,Tempered Glass,35.0,4,False,KOLINK
NCASE M1,,Mini ITX Tower,Mini ITX,Black,,False,Solid,13.9,2,False,NCASE
Deepcool CH260,,MicroATX Desktop,Micro ATX,White,,False,Tempered Glass,30.8,1,False,DeepCool
NZXT H7 Flow RGB (2024),2999.8,ATX Mid Tower,ATX,White,,False,Tempered Glass,62.1,2,True,NZXT
DIYPC ARGB-R1,,ATX Mid Tower,ATX,White,,False,Tempered Glass,,0,False,DIYPC
Corsair iCUE LINK 6500X RGB,5399.8,ATX Mid Tower,ATX,Black,,False,Tempered Glass,78.3,2,True,Corsair
SAMA IM01,,MicroATX Mini Tower,Micro ATX,Black,,False,Solid,21.9,5,False,SAMA
Fractal Design Torrent,4099.8,ATX Mid Tower,ATX,Black,,False,Solid,69.8,2,True,Fractal Design
ADATA XPG VALOR MESH,,ATX Mid Tower,ATX,Black,,False,Tempered Glass,35.8,2,False,XPG
MSI MPG GUNGNIR 300R AIRFLOW,2599.8,ATX Mid Tower,ATX,Black,,False,Tempered Glass,60.5,2,True,MSI
Fractal Design Torrent RGB,4739.8,ATX Mid Tower,ATX,Black,,False,Tinted Tempered Glass,69.8,2,True,Fractal Design
Corsair iCUE 5000X RGB,4099.8,ATX Mid Tower,ATX,Black,,False,Tempered Glass,66.2,2,True,Corsair
Asus ProArt PA602 Wood Edition,5599.8,ATX Mid Tower,ATX,Black / Brown,,False,Tempered Glass,81.4,4,True,ASUS
Silverstone FLP01,,HTPC,Mini ITX,White,,False,Solid,27.1,1,False,SilverStone
Fractal Design Define 7 Compact,2499.79,ATX Mid Tower,ATX,Black,,False,Solid,42.5,2,True,Fractal Design
Zalman S4,999.59,ATX Mid Tower,ATX,Black,,False,Tinted Acrylic,,2,True,Zalman
Fractal Design Meshify 3 XL,3699.8,ATX Full Tower,ATX,Black,,False,Solid,72.6,2,True,Fractal Design
Lian Li Lancool II Mesh,5900.0,ATX Mid Tower,ATX,Black,,False,Tempered Glass,54.1,3,True,Lian Li
NZXT H510 Elite,,ATX Mid Tower,ATX,White / Black,,False,Tempered Glass,41.3,2,False,NZXT
Cooler Master NCORE 100 AIR,2799.8,Mini ITX Tower,Mini ITX,Black,,False,Mesh,16.4,0,True,Cooler Master
Fractal Design Meshify 2 Compact TG Light Tint,2959.6,ATX Mid Tower,ATX,Black,,False,Tempered Glass,42.3,2,True,Fractal Design
Fractal Design Mood,3299.8,Mini ITX Tower,Mini ITX,Gray,,False,Mesh,20.4,1,True,Fractal Design
Raidmax INFINITA i802 AIR,1199.8,ATX Mid Tower,ATX,Black,,False,Tempered Glass,38.0,2,True,Raidmax
be quiet! Pure Base 600,1998.0,ATX Mid Tower,ATX,Black,,False,Solid,50.9,3,True,be quiet!
Deepcool CG580,,ATX Mid Tower,ATX,Black,,False,Tempered Glass,51.5,2,False,DeepCool
GAMDIAS ATLAS M1,1699.8,ATX Mid Tower,ATX,Black,,False,Tempered Glass,41.0,1,True,GAMDIAS
Lian Li O11D EVO RGB Automobili Lamborghini,5999.8,ATX Mid Tower,ATX,Black / Gold,,False,Tempered Glass,65.3,4,True,Lian Li
ENDORFY Ventum 200 ARGB,1440.0,ATX Mid Tower,ATX,Black,,False,Tempered Glass,35.4,1,True,ENDORFY
Corsair 2500X Walnut,3199.8,MicroATX Mini Tower,Micro ATX,Black / Brown,,False,Tempered Glass,54.8,2,True,Corsair
GameMax F46,1339.8,ATX Mid Tower,ATX,Black,,False,Tempered Glass,40.6,2,True,GameMax
MUSETEX NN8,1599.6,ATX Mid Tower,ATX,Black,,False,Tempered Glass,39.5,2,True,MUSETEX
be quiet! Dark Base Pro 901,,ATX Full Tower,ATX,Black,,False,Tempered Glass,94.5,2,False,be quiet!
Zalman CUBIX,759.8,MicroATX Mini Tower,Micro ATX,White,,False,Solid,,1,True,Zalman
be quiet! Pure Base 500 FX,2498.6,ATX Mid Tower,ATX,Black,,False,Tempered Glass,48.3,2,True,be quiet!
Corsair FRAME 4000D,2099.79,ATX Mid Tower,ATX,White,,False,Tempered Glass,56.7,2,True,Corsair
MSI MAG FORGE 100M,,ATX Mid Tower,ATX,Black,,False,Tempered Glass,44.1,2,False,MSI
Jonsbo Jonsplus Z20,2099.6,MicroATX Desktop,Micro ATX,White,,False,Tempered Glass,25.3,1,True,Jonsbo
Jonsbo Jonsplus Z20,2080.0,MicroATX Desktop,Micro ATX,Orange / Black,,False,Tempered Glass,25.3,1,True,Jonsbo
Deepcool MATREXX 50 ADD-RGB 4F,,ATX Mid Tower,ATX,Black,,False,Tempered Glass,44.5,2,False,DeepCool
Jonsbo D32 PRO,1619.8,MicroATX Desktop,Micro ATX,White,,False,Tempered Glass,25.7,2,True,Jonsbo
Thermaltake AX700,7999.8,ATX Full Tower,ATX,Black,,False,Mesh,141.4,18,True,Thermaltake
Vetroo AL800,1199.8,ATX Mid Tower,ATX,Pink,,False,Tempered Glass,46.4,2,True,Vetroo
Thermaltake View 380 ARGB,2299.79,ATX Mid Tower,ATX,White,,False,Tinted Tempered Glass,51.6,1,True,Thermaltake
Deepcool MATREXX 40,,MicroATX Mini Tower,Micro ATX,Black,,False,Tempered Glass,,2,False,DeepCool
iBuypower Trace 7 Mesh Pro ARGB,2299.79,ATX Mid Tower,ATX,Black,,False,Tempered Glass,51.8,2,True,iBuypower
BitFenix TRITON,1398.0,ATX Mid Tower,ATX,Black,,False,Tempered Glass,45.1,2,True,BitFenix
Fractal Design Pop Silent,1699.8,ATX Mid Tower,ATX,Black,,False,Solid,46.2,2,True,Fractal Design
Antec CX200M RGB ELITE,,MicroATX Mini Tower,Micro ATX,Black,,False,Tempered Glass,28.8,2,False,Antec
Asus TUF Gaming GT301,1859.8,ATX Mid Tower,ATX,Black,,False,Tempered Glass,43.9,2,True,ASUS
HYTE REVOLT 3,2599.8,Mini ITX Tower,Mini ITX,Black,,False,Mesh,18.4,1,True,HYTE
Cooler Master MasterBox TD500 Mesh V2,2199.79,ATX Mid Tower,ATX,White,,False,Tempered Glass,52.4,2,True,Cooler Master
Fractal Design Meshify C,1999.8,ATX Mid Tower,ATX,Black,,False,Solid,40.6,2,True,Fractal Design
Zalman i4,1199.8,ATX Mid Tower,ATX,Black,,False,Mesh,43.1,2,True,Zalman
Jonsbo TK-0,,Mini ITX Desktop,Mini ITX,White,,False,Tempered Glass,16.4,1,False,Jonsbo
HAVN HS420,4599.8,ATX Mid Tower,ATX,White,,False,Tempered Glass,76.8,5,True,HAVN
Deepcool CG530,,ATX Mid Tower,ATX,Black,,False,Tinted Acrylic,50.0,2,False,DeepCool
Thermaltake The Tower 300,2259.79,MicroATX Mini Tower,Micro ATX,White,,False,Tempered Glass,53.0,3,True,Thermaltake
Montech X5,1500.0,ATX Mid Tower,ATX,White,,False,Tempered Glass,51.6,2,True,Montech
Jonsbo C6 Handle,1280.0,MicroATX Mini Tower,Micro ATX,Black,,False,Mesh,15.9,1,True,Jonsbo
Montech Heritage PRO,2198.0,MicroATX Mid Tower,Micro ATX,Black,,False,Tempered Glass,41.5,1,True,Montech
Phanteks NV5 MKII,2719.6,ATX Mid Tower,ATX,White,,False,Tempered Glass,60.2,3,True,Phanteks
Thermaltake View 270 Plus TG ARGB,1739.8,ATX Mid Tower,ATX,Green,,False,Tempered Glass,47.6,2,True,Thermaltake
Phanteks Eclipse P300A Mesh,,ATX Mid Tower,ATX,Black,,False,Tempered Glass,36.4,2,False,Phanteks
Montech SKY TWO GX,2342.0,ATX Mid Tower,ATX,Black,,False,Tempered Glass,49.5,2,True,Montech
Thermaltake The Tower 250,2999.0,Mini ITX Tower,Mini ITX,Black,,False,Tempered Glass,42.7,1,True,Thermaltake
SAMA ARGB-Q5,,MicroATX Mini Tower,Micro ATX,Black,,False,Tempered Glass,31.5,2,False,SAMA
Zalman i3 NEO,,ATX Mid Tower,ATX,Black / Silver,,False,Tempered Glass,44.7,2,False,Zalman
NZXT H9 Flow RGB (2025),4199.8,ATX Mid Tower,ATX,Black,,False,Tinted Tempered Glass,76.7,2,True,NZXT
Corsair 5000D AIRFLOW,3499.8,ATX Mid Tower,ATX,White / Gray,,False,Tempered Glass,66.2,2,True,Corsair
Deepcool CH270 DIGITAL,,MicroATX Mini Tower,Micro ATX,Black,,False,Tempered Glass,32.4,1,False,DeepCool
Montech KING 65 PRO,,ATX Mid Tower,ATX,White,,False,Tempered Glass,63.0,2,False,Montech
Deepcool CH170 DIGITAL,,Mini ITX Tower,Mini ITX,Black,,False,Mesh,19.0,1,False,DeepCool
Lian Li LANCOOL III,,ATX Mid Tower,ATX,Black,,False,Tempered Glass,65.5,4,False,Lian Li
Thermaltake The Tower 600,3799.8,ATX Mid Tower,ATX,White,,False,Tempered Glass,66.2,1,True,Thermaltake
NZXT H5 Elite,1399.8,ATX Mid Tower,ATX,White,,False,Tempered Glass,47.0,1,True,NZXT
be quiet! Light Base 600 DX,2812.4,ATX Mid Tower,ATX,Black,,False,Tempered Glass,59.7,1,True,be quiet!
Jonsbo T6,,Mini ITX Tower,Mini ITX,Black / Brown,,False,Solid,13.7,0,False,Jonsbo
KOLINK Unity Lateral Performance,,ATX Mid Tower,ATX,Black,,False,Tempered Glass,53.4,2,False,KOLINK
Corsair 4000D Airflow,,ATX Mid Tower,ATX,Black,750.0,True,Tempered Glass,48.6,2,False,Corsair
Corsair 3000D AIRFLOW,1999.8,ATX Mid Tower,ATX,White,,False,Tempered Glass,49.5,2,True,Corsair
Jonsbo Jonsplus Z20,2080.0,MicroATX Desktop,Micro ATX,Pink / White,,False,Tempered Glass,25.3,1,True,Jonsbo
Cooler Master MasterBox 600,5892.0,ATX Mid Tower,ATX,Black,,False,Tempered Glass,52.4,2,True,Cooler Master
Phanteks XT View,1979.8,ATX Mid Tower,ATX,White,,False,Tempered Glass,50.6,2,True,Phanteks
Fractal Design Meshify 2,3199.8,ATX Mid Tower,ATX,Black,,False,Tinted Tempered Glass,61.7,6,True,Fractal Design
Lian Li LANCOOL 205M MESH,1799.8,MicroATX Mini Tower,Micro ATX,White,,False,Tempered Glass,33.8,2,True,Lian Li
Antec Performance 1 FT,2459.79,ATX Full Tower,ATX,Black,,False,Tempered Glass,62.7,2,True,Antec
darkFlash DB330M,1399.6,MicroATX Mini Tower,Micro ATX,White,,False,Tempered Glass,29.0,1,True,darkFlash
Rosewill Helium NAS,1599.6,ATX Mid Tower,ATX,Black,,False,Mesh,,10,True,Rosewill
Asus ProArt PA401 Wood Edition,2799.8,ATX Mid Tower,ATX,Black,,False,Tempered Glass,46.6,2,True,ASUS
Zalman T6,1041.59,ATX Mid Tower,ATX,Black,,False,Solid,32.4,2,True,Zalman
MSI MEG MAESTRO 700L PZ,8199.79,ATX Mid Tower,ATX,Black,,False,Tempered Glass,66.8,0,True,MSI
Cougar MX330-X,1119.8,ATX Mid Tower,ATX,Black,,False,Solid,39.4,2,True,Cougar
DIYPC ARGB-G5,1138.0,ATX Mid Tower,ATX,White,,False,Tempered Glass,,1,True,DIYPC
Rosewill FBM-X3,1799.8,MicroATX Mid Tower,Micro ATX,Black,650.0,True,Tempered Glass,37.0,2,True,Rosewill
Cooler Master HAF 500,1999.8,ATX Mid Tower,ATX,Black,,False,Tempered Glass,,2,True,Cooler Master
NZXT H510i,,ATX Mid Tower,ATX,White,,False,Tempered Glass,41.3,2,False,NZXT
Corsair 2000D RGB AIRFLOW,3999.8,Mini ITX Tower,Mini ITX,Black,,False,Mesh,24.8,0,True,Corsair
be quiet! Pure Base 500,1598.0,ATX Mid Tower,ATX,Black,,False,Solid,46.0,2,True,be quiet!
Corsair Carbide Series SPEC-DELTA RGB,,ATX Mid Tower,ATX,Black,,False,Tempered Glass,41.6,2,False,Corsair
Thermaltake Versa J25 RGB,,ATX Mid Tower,ATX,Black,,False,Tempered Glass,,3,False,Thermaltake
Vetroo AL700,1379.6,ATX Mid Tower,ATX,White,,False,Tempered Glass,48.1,1,True,Vetroo
Corsair 2500D Airflow,2073.4,MicroATX Mini Tower,Micro ATX,White,,False,Tempered Glass,54.8,2,True,Corsair
Fractal Design Meshify 3 XL,3699.8,ATX Full Tower,ATX,Black,,False,Tinted Tempered Glass,72.6,2,True,Fractal Design
Phanteks NV5,,ATX Mid Tower,ATX,Black,,False,Tempered Glass,60.2,3,False,Phanteks
Antec CX600M ARGB,1614.6,MicroATX Mini Tower,Micro ATX,Black,,False,Tempered Glass,46.8,1,True,Antec
Asus TUF Gaming GT502 Horizon,3899.8,ATX Mid Tower,ATX,Black,,False,Tempered Glass,57.2,4,True,ASUS
DIYPC ARGB-G5,1158.8,ATX Mid Tower,ATX,Black,,False,Tempered Glass,,1,True,DIYPC
NZXT H7 Flow (2022),2599.8,ATX Mid Tower,ATX,Black,,False,Tempered Glass,55.8,2,True,NZXT
Lian Li PC-O11 Dynamic Razer,,ATX Full Tower,ATX,Black,,False,Tempered Glass,54.0,3,False,Lian Li
MSI MPG VELOX 100R,2799.8,ATX Mid Tower,ATX,Black,,False,Tempered Glass,53.7,2,True,MSI
Thermaltake View 270 Plus TG ARGB,1779.8,ATX Mid Tower,ATX,Blue,,False,Tempered Glass,47.6,2,True,Thermaltake
Lian Li O11 Air Mini,4199.0,ATX Mid Tower,ATX,White,,False,Tempered Glass,44.2,4,True,Lian Li
Aerocool CS-1103,,ATX Mid Tower,ATX,Black,,False,Solid,29.9,2,False,Aerocool
be quiet! Silent Base 802,4106.2,ATX Mid Tower,ATX,Black,,False,Tempered Glass,83.8,3,True,be quiet!
ENDORFY Arx 700 ARGB,2490.0,ATX Mid Tower,ATX,Black,,False,Tempered Glass,54.2,1,True,ENDORFY
Fractal Design Define 7 XL Dark,5099.8,ATX Full Tower,ATX,Black,,False,Tinted Tempered Glass,82.0,6,True,Fractal Design
NZXT H5 Flow RGB (2023),2399.79,ATX Mid Tower,ATX,White,,False,Tempered Glass,47.0,1,True,NZXT
Corsair FRAME 4000D RS,1899.8,ATX Mid Tower,ATX,White,,False,Tempered Glass,56.7,2,True,Corsair
be quiet! Pure Base 501 Airflow,2198.0,ATX Mid Tower,ATX,Black,,False,Tempered Glass,48.1,2,True,be quiet!
Phanteks Enthoo Pro Closed Panel,3103.2,ATX Full Tower,ATX,Black,,False,Solid,69.1,6,True,Phanteks
Aerocool Cylon,,ATX Mid Tower,ATX,Black,,False,Acrylic,37.5,2,False,Aerocool
Antec C8 ARGB,2739.8,ATX Full Tower,ATX,Black,,False,Tempered Glass,66.9,2,True,Antec
Thermaltake Core V1,1199.8,Mini ITX Desktop,Mini ITX,White,,False,Acrylic,22.4,2,True,Thermaltake
HYTE Y70,4399.8,ATX Mid Tower,ATX,Black / Red,,False,Tempered Glass,70.7,2,True,HYTE
BitFenix CETO300,1580.0,ATX Mid Tower,ATX,Black,,False,Tempered Glass,47.9,1,True,BitFenix
Lian Li LANCOOL 205 Mesh C,2359.79,ATX Mid Tower,ATX,Pink,,False,Tempered Glass,41.3,2,True,Lian Li
Antec NX410,,ATX Mid Tower,ATX,Black,,False,Tempered Glass,39.7,2,False,Antec
Silverstone SG13,1492.2,Mini ITX Tower,Mini ITX,Black,,False,Solid,11.5,1,True,SilverStone
NZXT H7 Flow (2022),2599.8,ATX Mid Tower,ATX,White / Black,,False,Tempered Glass,55.8,2,True,NZXT
DARKROCK EC2,,ATX Mid Tower,ATX,Black,,False,Tempered Glass,37.5,2,False,DARKROCK
Antec CX500M RGB,,MicroATX Mini Tower,Micro ATX,Black,,False,Tempered Glass,40.8,2,False,Antec
Lian Li LANCOOL 205 Mesh C,2399.79,ATX Mid Tower,ATX,Black,,False,Tempered Glass,41.3,2,True,Lian Li
Thermaltake TR100,2759.8,Mini ITX Desktop,Mini ITX,White,,False,Mesh,20.6,0,True,Thermaltake
Phanteks Eclipse G360A,,ATX Mid Tower,ATX,Black,,False,Tempered Glass,42.3,2,False,Phanteks
Xigmatek Master X,,ATX Mid Tower,ATX,Black,,False,Tempered Glass,,2,False,Xigmatek
Zalman S3,1059.8,ATX Mid Tower,ATX,Black,,False,Tempered Glass,38.4,2,True,Zalman
Corsair 6500X,,ATX Mid Tower,ATX,Black / Brown,,False,Tempered Glass,78.3,2,False,Corsair
Fractal Design Meshify 2 Compact,,ATX Mid Tower,ATX,Black,,False,Solid,42.3,2,False,Fractal Design
SSUPD Meshroom S V2,,MicroATX Mini Tower,Micro ATX,Black,,False,Mesh,14.9,2,False,SSUPD
NZXT H510 Flow,,ATX Mid Tower,ATX,Black,,False,Tempered Glass,41.3,3,False,NZXT
Fractal Design Focus G Mini,1530.2,MicroATX Mini Tower,Micro ATX,Black,,False,Acrylic,36.4,2,True,Fractal Design
Okinos Cypress 3,1299.6,MicroATX Mini Tower,Micro ATX,Black,,False,Tempered Glass,,2,True,Okinos
Corsair 3000D RGB AIRFLOW,2599.8,ATX Mid Tower,ATX,White,,False,Tempered Glass,49.5,2,True,Corsair
Deepcool CH560 DIGITAL,,ATX Mid Tower,ATX,Black,,False,Tempered Glass,49.6,2,False,DeepCool
NZXT H9 Flow RGB (2025),4199.8,ATX Mid Tower,ATX,White,,False,Tempered Glass,76.7,2,True,NZXT
be quiet! Shadow Base 800 FX,4398.0,ATX Mid Tower,ATX,Black,,False,Tempered Glass,70.9,2,True,be quiet!
Phanteks NV7,4319.59,ATX Full Tower,ATX,Black,,False,Tempered Glass,78.9,2,True,Phanteks
Lian Li LANCOOL 215,,ATX Mid Tower,ATX,Black,,False,Tempered Glass,,2,False,Lian Li
Asus A31,1499.6,ATX Mid Tower,ATX,White,,False,Tempered Glass,52.9,2,True,ASUS
GAMDIAS AURA GC1 ELITE,,ATX Mid Tower,ATX,Black,,False,Tempered Glass,34.7,2,False,GAMDIAS
Cooler Master QUBE 500 Flatpack,1619.8,ATX Mid Tower,ATX,White,,False,Tempered Glass,38.9,4,True,Cooler Master
Thermaltake S100,1499.6,MicroATX Mini Tower,Micro ATX,Black,,False,Tempered Glass,,2,True,Thermaltake
Fractal Design Define 7 Mini,2399.79,MicroATX Mini Tower,Micro ATX,Black,,False,Solid,33.2,2,True,Fractal Design
Silverstone GD09 Type-C,2389.19,HTPC,Mini ITX,Black,,False,Mesh,26.5,2,True,SilverStone
be quiet! Light Base 600 LX,3441.0,ATX Mid Tower,ATX,White,,False,Tempered Glass,59.7,1,True,be quiet!
Corsair iCUE LINK 6500X RGB,5399.8,ATX Mid Tower,ATX,White,,False,Tempered Glass,78.3,2,True,Corsair
Antec FLUX SE,2099.79,ATX Mid Tower,ATX,Black / Brown,,False,Tempered Glass,58.1,2,True,Antec
DIYPC ARGB-R1,,ATX Mid Tower,ATX,Black,,False,Tempered Glass,,0,False,DIYPC
Phanteks NV9,,ATX Full Tower,ATX,Black,,False,Tempered Glass,99.0,3,False,Phanteks
GAMDIAS AURA GC2 ELITE,,ATX Mid Tower,ATX,White,,False,Tempered Glass,34.7,2,False,GAMDIAS
Silverstone FARA H1M,1706.8,MicroATX Mini Tower,Micro ATX,Black,,False,Tempered Glass,30.1,2,True,SilverStone
BitFenix CETO300,1580.0,ATX Mid Tower,ATX,White,,False,Tempered Glass,47.9,1,True,BitFenix
GAMDIAS TALOS E3 MESH,1199.8,ATX Mid Tower,ATX,White,,False,Tempered Glass,34.1,2,True,GAMDIAS
Fractal Design Focus 2 RGB,1799.8,ATX Mid Tower,ATX,White / Black,,False,Tempered Glass,45.8,2,True,Fractal Design
Jonsbo D32 PRO MESH,1499.8,MicroATX Desktop,Micro ATX,,,False,Mesh,25.7,2,True,Jonsbo
Cooler Master MasterBox NR400 (w/ODD),1559.6,MicroATX Mid Tower,Micro ATX,Black,,False,Tempered Glass,35.5,4,True,Cooler Master
Deepcool MACUBE 110,,MicroATX Mini Tower,Micro ATX,White,,False,Tempered Glass,38.8,2,False,DeepCool
Jonsbo TK-3,2497.6,ATX Mid Tower,ATX,Black,,False,Tempered Glass,52.3,2,True,Jonsbo
Asus TUF Gaming GT502,3474.6,ATX Mid Tower,ATX,White,,False,Tempered Glass,57.2,4,True,ASUS
Lian Li LANCOOL III RGB,6009.4,ATX Mid Tower,ATX,White,,False,Tempered Glass,65.5,4,True,Lian Li
Fractal Design Meshify 2 Nano,,Mini ITX Tower,Mini ITX,Black,,False,Tempered Glass,29.3,1,False,Fractal Design
Corsair iCUE 7000X RGB,7199.8,ATX Full Tower,ATX,White,,False,Tempered Glass,81.8,6,True,Corsair
GameMax Defender MB,1179.8,MicroATX Mini Tower,Micro ATX,Black,,False,Tempered Glass,43.6,2,True,GameMax
Asus GX601,4799.8,ATX Full Tower,ATX,White / Black,,False,Tempered Glass,83.5,2,True,ASUS
Phanteks Eclipse P400A,,ATX Mid Tower,ATX,Black,,False,Tempered Glass,45.9,2,False,Phanteks
Cooler Master MasterBox MB520 ARGB,5362.6,ATX Mid Tower,ATX,Black,,False,Tempered Glass,,2,True,Cooler Master
Phanteks Enthoo Elite,,ATX Full Tower,ATX,Black,,False,Tinted Tempered Glass,124.5,6,False,Phanteks
Fractal Design Era 2,4362.79,Mini ITX Tower,Mini ITX,Blue / Brown,,False,Mesh,19.0,0,True,Fractal Design
Lian Li SUP01,1599.8,ATX Mid Tower,ATX,Black,,False,Tempered Glass,45.7,2,True,Lian Li
darkFlash DS900,,ATX Mid Tower,ATX,Black,,False,Tempered Glass,43.0,2,False,darkFlash
NZXT H7 Elite (2023),2199.79,ATX Mid Tower,ATX,White,,False,Tempered Glass,55.8,2,True,NZXT
Fractal Design Epoch,2199.79,ATX Mid Tower,ATX,Black,,False,Solid,45.1,2,True,Fractal Design
darkFlash DK352,,ATX Mid Tower,ATX,Black,,False,Tempered Glass,43.1,2,False,darkFlash
Jonsbo N1,,Mini ITX Desktop,Mini ITX,Silver,,False,Solid,12.7,5,False,Jonsbo
Corsair iCUE 5000D RGB AIRFLOW,4399.8,ATX Mid Tower,ATX,White,,False,Tempered Glass,66.2,2,True,Corsair
Antec FLUX PRO,3479.8,ATX Full Tower,ATX,White / Brown,,False,Tempered Glass,70.8,4,True,Antec
SAMA NEVIEW 4503,2299.79,ATX Mid Tower,ATX,Black,,False,Tempered Glass,54.7,0,True,SAMA
Deepcool CC560 ARGB V2,,ATX Mid Tower,ATX,,,False,Tempered Glass,44.9,2,False,DeepCool
Jonsbo D41 Mesh Screen,,ATX Mid Tower,ATX,Black,,False,Tempered Glass,35.4,2,False,Jonsbo
HYTE Y70 Touch,,ATX Mid Tower,ATX,Black,,False,Tempered Glass,70.7,2,False,HYTE
Fractal Design Meshify 2 Nano,,Mini ITX Tower,Mini ITX,White,,False,Tempered Glass,29.3,1,False,Fractal Design
Corsair iCUE 5000T LX RGB,6899.8,ATX Mid Tower,ATX,Black,,False,Tempered Glass,74.5,2,True,Corsair
Thermaltake Core W200,10999.8,ATX Full Tower,ATX,Black,,False,Acrylic,,4,True,Thermaltake
Fractal Design Era 2,4399.8,Mini ITX Tower,Mini ITX,Silver / Brown,,False,Mesh,19.0,0,True,Fractal Design
NZXT H7 Flow (2022),2799.6,ATX Mid Tower,ATX,White,,False,Tempered Glass,55.8,2,True,NZXT
Jonsbo D31 MESH Screen,,MicroATX Mini Tower,Micro ATX,Black,,False,Tempered Glass,31.3,1,False,Jonsbo
Cooler Master MasterBox NR200P,,Mini ITX Desktop,Mini ITX,White / Black,,False,Tempered Glass,20.3,2,False,Cooler Master
Jonsbo C6-ITX,1240.0,Mini ITX Desktop,Mini ITX,White,,False,Mesh,15.9,1,True,Jonsbo
Gigabyte C102 GLASS,,MicroATX Mid Tower,Micro ATX,Black,,False,Tempered Glass,42.5,2,False,Gigabyte
Fractal Design Torrent Compact RGB,3699.8,ATX Mid Tower,ATX,Black,,False,Tinted Tempered Glass,46.7,1,True,Fractal Design
Deepcool CC360 ARGB,,MicroATX Mini Tower,Micro ATX,White,,False,Tinted Tempered Glass,38.7,2,False,DeepCool
ENDORFY Arx 700 Air,2280.0,ATX Mid Tower,ATX,Black,,False,Tempered Glass,54.2,1,True,ENDORFY
Antec C3 ARGB,1859.8,ATX Mid Tower,ATX,White,,False,Tempered Glass,47.9,1,True,Antec
HYTE Y70,4399.8,ATX Mid Tower,ATX,Blue,,False,Tempered Glass,70.7,2,True,HYTE
Fractal Design Meshify C,,ATX Mid Tower,ATX,White / Black,,False,Tempered Glass,40.6,2,False,Fractal Design
Fractal Design Meshify 2 Mini,5794.6,MicroATX Mid Tower,Micro ATX,Black,,False,Tinted Tempered Glass,33.0,2,True,Fractal Design
APNX V1,2999.8,ATX Mid Tower,ATX,Black / Brown,,False,Tempered Glass,70.4,2,True,APNX
Cooler Master TD300 Mesh,1619.8,MicroATX Mini Tower,Micro ATX,Black,,False,Tempered Glass,,2,True,Cooler Master
Deepcool CG530,,ATX Mid Tower,ATX,White,,False,Tinted Acrylic,50.0,2,False,DeepCool
Cooler Master Elite 302,1299.6,MicroATX Mini Tower,Micro ATX,Black,,False,Tempered Glass,34.1,1,True,Cooler Master
Antec FLUX,1999.8,ATX Mid Tower,ATX,White / Brown,,False,Tempered Glass,58.1,2,True,Antec
Montech SKY TWO,2186.19,ATX Mid Tower,ATX,White,,False,Tempered Glass,45.3,2,True,Montech
Corsair Carbide Series 200R,,ATX Mid Tower,ATX,Black,,False,Solid,44.8,4,False,Corsair
CiT Flash,,MicroATX Mid Tower,Micro ATX,Black,,False,Tempered Glass,,2,False,CiT
Zalman P10,1399.19,MicroATX Mini Tower,Micro ATX,White,,False,Tempered Glass,,2,True,Zalman
Aerocool Trinity Mini V2,1793.19,MicroATX Mini Tower,Micro ATX,Black,,False,Tempered Glass,28.1,2,True,Aerocool
Thermaltake S100 Snow Edition,1499.6,MicroATX Mini Tower,Micro ATX,White / Black,,False,Tempered Glass,,2,True,Thermaltake
Silverstone FARA H1M PRO,1799.8,MicroATX Mini Tower,Micro ATX,Black,,False,Tempered Glass,30.1,2,True,SilverStone
Apevia PRISM,1599.6,MicroATX Mid Tower,Micro ATX,Black,,False,Tempered Glass,35.4,2,True,Apevia
HP OMEN 45L,6999.8,ATX Mid Tower,ATX,Black,,False,Tempered Glass,53.2,2,True,Desconocida
Corsair Obsidian Series 750D,,ATX Full Tower,ATX,Black,,False,Acrylic,71.3,6,False,Corsair
Jonsbo NV10,1700.0,Mini ITX Desktop,Mini ITX,Silver / Brown,,False,Mesh,4.5,0,True,Jonsbo
Phanteks NV9,5459.8,ATX Full Tower,ATX,White,,False,Tempered Glass,99.0,3,True,Phanteks
Deepcool MATREXX 55 MESH ADD-RGB 4F,,ATX Mid Tower,ATX,Black,,False,Tempered Glass,44.4,2,False,DeepCool
Jonsbo TK-3,2620.0,ATX Mid Tower,ATX,White,,False,Tempered Glass,52.3,2,True,Jonsbo
Thermaltake View 270 Plus TG ARGB,1799.8,ATX Mid Tower,ATX,Pink / Blue,,False,Tempered Glass,47.6,2,True,Thermaltake
Lian Li Lancool II Mesh C RGB,4799.0,ATX Mid Tower,ATX,White,,False,Tempered Glass,54.1,3,True,Lian Li
Fractal Design Pop Air,1999.8,ATX Mid Tower,ATX,Pink / Black,,False,Tempered Glass,46.2,2,True,Fractal Design
Antec VSK4000E U3,1973.8,ATX Mid Tower,ATX,Black,,False,Solid,,5,True,Antec
KOLINK Observatory MX Glass ARGB,,ATX Mid Tower,ATX,White,,False,Tempered Glass,30.8,2,False,KOLINK
Jonsbo D31 MESH,1759.8,MicroATX Mini Tower,Micro ATX,White,,False,Tempered Glass,31.3,1,True,Jonsbo
Lian Li Q58 (PCIe 4.0),,Mini ITX Desktop,Mini ITX,Black,,False,Tempered Glass,14.5,0,False,Lian Li
Montech HS02 Pro,2398.0,ATX Mid Tower,ATX,Black,,False,Tempered Glass,55.3,2,True,Montech
SAMA V40,1599.8,ATX Mid Tower,ATX,Black,,False,Tempered Glass,47.9,3,True,SAMA
Mars Gaming MCV4,,ATX Mid Tower,ATX,Black,,False,Tempered Glass,50.9,2,False,Mars Gaming
DIYPC ARGB-Q3 V2,,MicroATX Mini Tower,Micro ATX,Black,,False,Tempered Glass,38.6,2,False,DIYPC
Corsair Crystal 570X RGB,,ATX Mid Tower,ATX,Black,,False,Tempered Glass,57.5,2,False,Corsair
Corsair 4000D Airflow,,ATX Mid Tower,ATX,White,850.0,True,Tempered Glass,48.6,2,False,Corsair
Fractal Design Pop Air,1999.8,ATX Mid Tower,ATX,Orange / Black,,False,Tempered Glass,46.2,2,True,Fractal Design
Xigmatek Aquarius Plus,,ATX Mid Tower,ATX,Black,,False,Tempered Glass,49.6,2,False,Xigmatek
Thermaltake Core P7,,ATX Full Tower,ATX,Black,,False,Tempered Glass,281.9,3,False,Thermaltake
NZXT S340,,ATX Mid Tower,ATX,Black,,False,Acrylic,38.4,3,False,NZXT
Thermaltake Versa H15,,MicroATX Mid Tower,Micro ATX,Black,,False,Solid,,3,False,Thermaltake
Jonsbo C6 MAX,1778.0,MicroATX Desktop,Micro ATX,White,,False,Tempered Glass,20.8,1,True,Jonsbo
Corsair 275R Airflow,,ATX Mid Tower,ATX,Black,,False,Tempered Glass,,2,False,Corsair
Phanteks ECLIPSE G500A DRGB,2839.8,ATX Mid Tower,ATX,White,,False,Tempered Glass,61.8,2,True,Phanteks
NZXT H510 Elite,,ATX Mid Tower,ATX,Black,,False,Tempered Glass,41.3,2,False,NZXT
Thermaltake View 380 XL TG ARGB,1799.8,ATX Mid Tower,ATX,White,,False,Tempered Glass,63.6,1,True,Thermaltake
Fractal Design North XL RC,3599.8,ATX Full Tower,ATX,Black,,False,Tinted Tempered Glass,61.4,2,True,Fractal Design
darkFlash DY470,1750.2,ATX Mid Tower,ATX,White,,False,Tempered Glass,70.1,2,True,darkFlash
Thermaltake TR100,2999.8,Mini ITX Desktop,Mini ITX,Blue / White,,False,Mesh,20.6,0,True,Thermaltake
darkFlash DY470,,ATX Mid Tower,ATX,Black,,False,Tempered Glass,70.1,2,False,darkFlash
Gigabyte C301 GLASS,1999.8,ATX Mid Tower,ATX,Black,,False,Tempered Glass,50.6,2,True,Gigabyte
Cooler Master Cosmos C700M,11159.8,ATX Full Tower,ATX,Silver / Black,,False,Tempered Glass,,4,True,Cooler Master
Thermaltake View 380 ARGB,1999.8,ATX Mid Tower,ATX,Green,,False,Tinted Tempered Glass,51.6,1,True,Thermaltake
Corsair 6500X,3999.8,ATX Mid Tower,ATX,White / Brown,,False,Tempered Glass,78.3,2,True,Corsair
Deepcool CH360 DIGITAL,,MicroATX Mid Tower,Micro ATX,Black,,False,Tempered Glass,39.7,2,False,DeepCool
In Win CE685.FH300TB3,2308.0,MicroATX Slim,Micro ATX,Black,300.0,True,Solid,11.8,1,True,In Win
be quiet! Pure Base 500DX,3639.8,ATX Mid Tower,ATX,White,,False,Tempered Glass,48.3,2,True,be quiet!
Montech Heritage,1798.0,MicroATX Mid Tower,Micro ATX,Black,,False,Tempered Glass,41.5,1,True,Montech
Fractal Design Pop Air,1999.8,ATX Mid Tower,ATX,Cyan / Black,,False,Tempered Glass,46.2,2,True,Fractal Design
Fractal Design Torrent Nano RGB,3104.4,Mini ITX Tower,Mini ITX,White,,False,Tempered Glass,34.6,1,True,Fractal Design
Cooler Master MasterCase H500,4935.0,ATX Mid Tower,ATX,Black,,False,Tinted Tempered Glass,,2,True,Cooler Master
be quiet! Dark Base 701,4598.0,ATX Mid Tower,ATX,Black,,False,Tempered Glass,73.6,2,True,be quiet!
ADATA XPG VALOR AIR,,ATX Mid Tower,ATX,Black,,False,Tempered Glass,35.8,3,False,XPG
Phanteks Enthoo Pro 2 Server Edition,4439.59,ATX Full Tower,ATX,Black,,False,Solid,78.0,4,True,Phanteks
Corsair 7000D AIRFLOW,5799.8,ATX Full Tower,ATX,White / Black,,False,Tempered Glass,81.8,6,True,Corsair
Lian Li Vector V100,,ATX Mid Tower,ATX,White,,False,Tempered Glass,53.2,1,False,Lian Li
DIYPC ARGB-Q3 V2,,MicroATX Mini Tower,Micro ATX,White,,False,Tempered Glass,38.6,2,False,DIYPC
HYTE Y40,2599.8,ATX Mid Tower,ATX,Red / Black,,False,Tempered Glass,49.7,1,True,HYTE
MSI MEG PROSPECT 700R,7599.8,ATX Mid Tower,ATX,Black,,False,Tempered Glass,80.7,2,True,MSI
Thermaltake The Tower 300 Matcha,2119.79,MicroATX Mini Tower,Micro ATX,Green,,False,Tempered Glass,53.0,3,True,Thermaltake
DIYPC Rainbow-Flash-F4,,ATX Mid Tower,ATX,Black,,False,Tempered Glass,33.2,2,False,DIYPC
teenage engineering Computer-1,,Mini ITX Desktop,Mini ITX,Orange / Silver,,False,Solid,10.4,0,False,Desconocida
MUSETEX G07-S6,,ATX Mid Tower,ATX,Black,,False,Tempered Glass,40.9,1,False,MUSETEX
NZXT H500,,ATX Mid Tower,ATX,Black,,False,Tempered Glass,41.3,3,False,NZXT
Zalman S2,1179.59,ATX Mid Tower,ATX,Black,,False,Tempered Glass,38.4,2,True,Zalman
Fractal Design Torrent,4099.8,ATX Mid Tower,ATX,White,,False,Tempered Glass,69.8,2,True,Fractal Design
Antec CX500M RGB,,MicroATX Mini Tower,Micro ATX,White,,False,Tempered Glass,40.8,2,False,Antec
Phanteks NV7,4027.6,ATX Full Tower,ATX,White,,False,Tempered Glass,78.9,2,True,Phanteks
KOLINK Citadel Mesh,,MicroATX Mini Tower,Micro ATX,Black,,False,Tempered Glass,34.5,2,False,KOLINK
SSUPD Meshlicious (PCIe 4.0),,Mini ITX Tower,Mini ITX,Black,,False,Mesh,14.7,0,False,SSUPD
GameMax M60,1019.59,MicroATX Mid Tower,Micro ATX,Black,,False,Mesh,29.4,2,True,GameMax
Apevia Matrix,,ATX Mid Tower,ATX,Black,,False,Tempered Glass,37.8,3,False,Apevia
Cooler Master MasterBox MB311L ARGB,2807.6,MicroATX Mid Tower,Micro ATX,Black,,False,Tempered Glass,,2,True,Cooler Master
Fractal Design Epoch,2199.79,ATX Mid Tower,ATX,Black,,False,Tinted Tempered Glass,45.1,2,True,Fractal Design
MSI MAG PANO 100L PZ,2339.79,ATX Mid Tower,ATX,Black,,False,Tempered Glass,72.5,2,True,MSI
MSI MAG FORGE 320R AIRFLOW,,ATX Mid Tower,ATX,White,,False,Tempered Glass,49.4,2,False,MSI
Montech KING 95,3674.6,ATX Mid Tower,ATX,Black,,False,Tempered Glass,63.0,5,True,Montech
Zalman P30,,MicroATX Mini Tower,Micro ATX,Black,,False,Tempered Glass,45.7,2,False,Zalman
Cougar MX330,1199.8,ATX Mid Tower,ATX,Black,,False,Acrylic,39.4,2,True,Cougar
Phanteks NV5,,ATX Mid Tower,ATX,White,,False,Tempered Glass,60.2,3,False,Phanteks
Cooler Master NCORE 100 AIR,2799.8,Mini ITX Tower,Mini ITX,Silver / White,,False,Mesh,16.4,0,True,Cooler Master
Mars Gaming MC-S2,1280.39,ATX Mid Tower,ATX,Black,,False,Acrylic,19.5,1,True,Mars Gaming
Montech AIR 1000 PREMIUM,,ATX Mid Tower,ATX,Black,,False,Tempered Glass,45.3,2,False,Montech
Antec P101 Silent,,ATX Mid Tower,ATX,Black,,False,Solid,,8,False,Antec
Cooler Master Cosmos Infinity 30th Anniversary,,ATX Full Tower,ATX,Black / Silver,,False,Tempered Glass,129.5,2,False,Cooler Master
Fractal Design Node 202,,HTPC,Mini ITX,Black,,False,Solid,11.0,0,False,Fractal Design
Cooler Master QUBE 500 Flatpack Macaron Edition,1999.8,ATX Mid Tower,ATX,Multicolor,,False,Tempered Glass,38.9,4,True,Cooler Master
Geometric Future Model 5,2698.0,ATX Mid Tower,ATX,Black / Gray,,False,Tempered Glass,51.1,2,True,Geometric Future
KOLINK Observatory Duo ARGB,,ATX Mid Tower,ATX,Black,,False,Tempered Glass,38.9,2,False,KOLINK
Thermaltake The Tower 600,3799.8,ATX Mid Tower,ATX,Green,,False,Tempered Glass,66.2,1,True,Thermaltake
RAIJINTEK Enyo,,ATX Full Tower,ATX,Black,,False,Tempered Glass,185.4,4,False,RAIJINTEK
APNX Creator C1,1999.8,ATX Mid Tower,ATX,Black,,False,Tempered Glass,53.6,3,True,APNX
Asus A21 PLUS,,MicroATX Mini Tower,Micro ATX,Black,,False,Tempered Glass,44.0,2,False,ASUS
Corsair 2500X Bamboo,3199.8,MicroATX Mini Tower,Micro ATX,White / Brown,,False,Tempered Glass,54.8,2,True,Corsair
Fractal Design Torrent Compact,,ATX Mid Tower,ATX,Black,,False,Solid,46.7,1,False,Fractal Design
Cougar MX330-G,1199.8,ATX Mid Tower,ATX,Black,,False,Tempered Glass,39.4,2,True,Cougar
Lian Li SUP01,1574.6,ATX Mid Tower,ATX,White,,False,Tempered Glass,45.7,2,True,Lian Li
Montech AIR 100 LITE,,MicroATX Mid Tower,Micro ATX,White,,False,Tempered Glass,36.1,2,False,Montech
Corsair iCUE 220T RGB Airflow,,ATX Mid Tower,ATX,White,,False,Tempered Glass,37.3,2,False,Corsair
Deepcool MATREXX 55 MESH,,ATX Mid Tower,ATX,Black,,False,Tempered Glass,44.4,2,False,DeepCool
Mars Gaming MC-VIEW,,MicroATX Mid Tower,Micro ATX,White,,False,Tempered Glass,32.1,1,False,Mars Gaming
DAN Cases A4-SFXv4.1,,Mini ITX Desktop,Mini ITX,Black,,False,Solid,7.5,0,False,DAN Cases
Montech X1,,ATX Mid Tower,ATX,Black,,False,Tempered Glass,32.3,1,False,Montech
Jonsbo C6,1200.0,MicroATX Mini Tower,Micro ATX,White,,False,Mesh,15.9,1,True,Jonsbo
SAMA 3509,1299.8,ATX Mid Tower,ATX,White,,False,Tempered Glass,41.4,2,True,SAMA
SSUPD Xhuttle,2400.0,ATX Mid Tower,ATX,Black,,False,Tempered Glass,50.2,2,True,SSUPD
Fractal Design Meshify C,,ATX Mid Tower,ATX,Black,,False,Tempered Glass,40.6,2,False,Fractal Design
Fractal Design Torrent Nano,,Mini ITX Tower,Mini ITX,Black,,False,Tinted Tempered Glass,34.6,1,False,Fractal Design
MUSETEX K2,,ATX Mid Tower,ATX,Black,1000.0,True,Tempered Glass,44.4,2,False,MUSETEX
be quiet! Light Base 900 FX,5197.79,ATX Full Tower,ATX,White,,False,Tempered Glass,84.2,1,True,be quiet!
Fractal Design Meshify 3,3099.8,ATX Mid Tower,ATX,White,,False,Tempered Glass,50.3,2,True,Fractal Design
Phanteks Enthoo Pro 2,,ATX Full Tower,ATX,Black,,False,Tempered Glass,,12,False,Phanteks
SHARKOON Rebel C20 ITX,,Mini ITX Desktop,Mini ITX,Black,,False,Mesh,29.5,1,False,SHARKOON
HYTE REVOLT 3,2599.8,Mini ITX Tower,Mini ITX,White,,False,Mesh,18.4,1,True,HYTE
Thermaltake View 200 TG ARGB,1599.6,ATX Mid Tower,ATX,Black,,False,Tempered Glass,38.2,2,True,Thermaltake
KOLINK KLM-003,,MicroATX Mini Tower,Micro ATX,Black,,False,Solid,23.2,0,False,KOLINK
Phanteks Eclipse P360A,,ATX Mid Tower,ATX,Black,,False,Tempered Glass,42.3,2,False,Phanteks
Antec C8 ARGB,2999.8,ATX Full Tower,ATX,White,,False,Tempered Glass,66.9,2,True,Antec
HYTE Y60,3599.8,ATX Mid Tower,ATX,Red / Black,,False,Tempered Glass,60.0,2,True,HYTE
iBuypower Slate 8 Mesh Pro ARGB,2699.8,ATX Mid Tower,ATX,Black,,False,Tempered Glass,54.2,1,True,iBuypower
Thermaltake AX700,8099.6,ATX Full Tower,ATX,Black,,False,Tempered Glass,141.4,18,True,Thermaltake
NZXT H7 Elite (2023),3980.0,ATX Mid Tower,ATX,Black,,False,Tempered Glass,55.8,2,True,NZXT
Jonsbo N4,2399.79,MicroATX Desktop,Micro ATX,White / Brown,,False,Mesh,19.6,6,True,Jonsbo
Rosewill FBM-X3,1799.8,MicroATX Mid Tower,Micro ATX,Black,650.0,True,Mesh,37.0,2,True,Rosewill
Thermaltake S200 TG ARGB,2474.6,ATX Mid Tower,ATX,Black,,False,Tempered Glass,38.2,2,True,Thermaltake
Antec CX500M ARGB,,MicroATX Mini Tower,Micro ATX,Black,,False,Tempered Glass,40.8,2,False,Antec
Corsair Crystal Series 680X RGB,5389.8,ATX Mid Tower,ATX,Black,,False,Tempered Glass,73.5,3,True,Corsair
Thermaltake The Tower 300,1799.8,MicroATX Mini Tower,Micro ATX,Gray,,False,Tempered Glass,53.0,3,True,Thermaltake
Jonsbo D41 Mesh,,ATX Mid Tower,ATX,Black,,False,Tempered Glass,35.4,2,False,Jonsbo
Corsair FRAME 5000D RS,,ATX Mid Tower,ATX,Black,,False,Tempered Glass,75.3,2,False,Corsair
Cooler Master MasterBox K501L,3227.2,ATX Mid Tower,ATX,Black,,False,Tempered Glass,,2,True,Cooler Master
Thermaltake View 270,1397.4,ATX Mid Tower,ATX,White,,False,Tempered Glass,47.6,2,True,Thermaltake
BitFenix Apollo,,ATX Mid Tower,ATX,Black,,False,Tempered Glass,40.2,2,False,BitFenix
Apevia PRISM,1599.6,MicroATX Mid Tower,Micro ATX,Pink,,False,Tempered Glass,35.4,2,True,Apevia
Cooler Master MasterBox NR600 (w/o ODD),,ATX Mid Tower,ATX,Black,,False,Tempered Glass,47.3,4,False,Cooler Master
Thermaltake Level 20,20099.59,ATX Full Tower,ATX,Black / Silver,,False,Tempered Glass,141.0,8,True,Thermaltake
NZXT H510 Flow,,ATX Mid Tower,ATX,White,,False,Tempered Glass,41.3,3,False,NZXT
GAMDIAS NESO P1,2499.79,ATX Full Tower,ATX,Black / Red,,False,Tempered Glass,75.2,5,True,GAMDIAS
Fractal Design Define Nano S,,Mini ITX Desktop,Mini ITX,Black,,False,Acrylic,28.8,2,False,Fractal Design
Tecware Forge M2,,MicroATX Mid Tower,Micro ATX,Black,,False,Tempered Glass,27.3,2,False,Tecware
Gigabyte C500 PANORAMIC STEALTH,,ATX Mid Tower,ATX,Black,,False,Tempered Glass,50.6,2,False,Gigabyte
Fractal Design Define 7 Dark,4099.8,ATX Mid Tower,ATX,Black,,False,Tinted Tempered Glass,62.4,6,True,Fractal Design
Montech AIR 1000 LITE,,ATX Mid Tower,ATX,Black,,False,Tempered Glass,45.3,2,False,Montech
Thermaltake The Tower 600,3799.8,ATX Mid Tower,ATX,Purple,,False,Tempered Glass,66.2,1,True,Thermaltake
Thermaltake The Tower 300 Bubble Pink,3399.8,MicroATX Mini Tower,Micro ATX,Pink / White,,False,Tempered Glass,53.0,3,True,Thermaltake
Aerocool P500C,,ATX Mid Tower,ATX,White,,False,Mesh,54.0,2,False,Aerocool
In Win CJ712,1960.0,MicroATX Desktop,Micro ATX,Black,265.0,True,Solid,8.0,1,True,In Win
Cooler Master MasterBox Q500L,,ATX Mid Tower,ATX,Black,,False,Acrylic,33.8,1,False,Cooler Master
Lian Li O11 Dynamic EVO,,ATX Mid Tower,ATX,Gray / Black,,False,Tinted Tempered Glass,60.8,6,False,Lian Li
Silverstone GD09B,,HTPC,Mini ITX,Black,,False,Solid,26.5,2,False,SilverStone
be quiet! Pure Base 501,2198.0,ATX Mid Tower,ATX,Black,,False,Solid,48.1,2,True,be quiet!
Deepcool CH560,,ATX Mid Tower,ATX,Black,,False,Tempered Glass,49.6,2,False,DeepCool
NZXT H500,,ATX Mid Tower,ATX,White,,False,Tempered Glass,41.3,3,False,NZXT
Thermaltake The Tower 250,2999.0,Mini ITX Tower,Mini ITX,White,,False,Tempered Glass,42.7,1,True,Thermaltake
Fractal Design Define R4,,ATX Mid Tower,ATX,Black,,False,Acrylic,56.0,8,False,Fractal Design
Corsair Carbide Series 275R,,ATX Mid Tower,ATX,Black,,False,Tempered Glass,44.2,2,False,Corsair
Corsair Carbide Series Air 540,,ATX Mid Tower,ATX,Black,,False,Acrylic,62.6,2,False,Corsair
Montech SKY TWO GX,1580.0,ATX Mid Tower,ATX,White,,False,Tempered Glass,49.5,2,True,Montech
Phanteks Enthoo Pro 2 Server Edition,4679.59,ATX Full Tower,ATX,Black,,False,Tempered Glass,78.0,4,True,Phanteks
Vetroo AL900,1599.6,ATX Mid Tower,ATX,Black,,False,Tempered Glass,48.1,0,True,Vetroo
BitFenix Nova Mesh SE,1398.0,ATX Mid Tower,ATX,White,,False,Tempered Glass,36.1,2,True,BitFenix
Antec CX200M RGB ELITE,,MicroATX Mini Tower,Micro ATX,White,,False,Tempered Glass,28.8,2,False,Antec
Asus TUF Gaming GT302 ARGB,6254.0,ATX Mid Tower,ATX,White,,False,Tempered Glass,59.3,2,True,ASUS
iBuypower Scale Mesh ARGB,2399.79,ATX Mid Tower,ATX,Black,,False,Tempered Glass,50.9,1,True,iBuypower
HYTE Y70 Touch,,ATX Mid Tower,ATX,White,,False,Tempered Glass,70.7,2,False,HYTE
Silverstone GD11,3968.6,HTPC,Mini ITX,Black,,False,Solid,30.9,3,True,SilverStone
Corsair 6500D Airflow,3002.0,ATX Mid Tower,ATX,White,,False,Tempered Glass,78.3,2,True,Corsair
be quiet! Pure Base 501 LX,2998.0,ATX Mid Tower,ATX,Black,,False,Tempered Glass,48.1,2,True,be quiet!
Gigabyte C200 Glass,,ATX Mid Tower,ATX,Black,,False,Tempered Glass,43.8,2,False,Gigabyte
Montech HS02 Pro,2798.0,ATX Mid Tower,ATX,White,,False,Tempered Glass,55.3,2,True,Montech
Gigabyte C500 PANORAMIC STEALTH,5191.39,ATX Mid Tower,ATX,White,,False,Tempered Glass,50.6,2,True,Gigabyte
SHARKOON AK6 RGB,,ATX Mid Tower,ATX,Black,,False,Tempered Glass,47.5,2,False,SHARKOON
Cooler Master NR200P V3,2799.8,Mini ITX Desktop,Mini ITX,Black,,False,Acrylic,20.4,1,True,Cooler Master
Thermaltake The Tower 600,3699.8,ATX Mid Tower,ATX,Green / Black,,False,Tempered Glass,66.2,1,True,Thermaltake
Lian Li LANCOOL 216 RGB w/Controller,2659.8,ATX Mid Tower,ATX,Black,,False,Tinted Tempered Glass,55.6,2,True,Lian Li
Azza Sanctum,6999.8,ATX Desktop,ATX,Silver / Black,,False,Tempered Glass,76.9,2,True,Azza
Thermaltake View 91,,ATX Full Tower,ATX,Black,,False,Tempered Glass,153.3,12,False,Thermaltake
Segotep T3 Aeolus,1429.6,ATX Mid Tower,ATX,White,,False,Tempered Glass,54.4,3,True,Segotep
GAMDIAS TALOS E3 WH,1199.8,ATX Mid Tower,ATX,White / Black,,False,Tempered Glass,,2,True,GAMDIAS
Rosewill FBM-X2-400-HELIX,1199.8,MicroATX Mini Tower,Micro ATX,Black,400.0,True,Solid,25.3,1,True,Rosewill
Deepcool CH690 DIGITAL,,ATX Mid Tower,ATX,Black,,False,Tempered Glass,107.9,1,False,DeepCool
MSI MAG PANO 100L PZ,2599.8,ATX Mid Tower,ATX,White,,False,Tempered Glass,72.5,2,True,MSI
Jonsbo D300,,MicroATX Mid Tower,Micro ATX,Black,,False,Tempered Glass,45.8,2,False,Jonsbo
be quiet! Light Base 600 DX,3057.0,ATX Mid Tower,ATX,White,,False,Tempered Glass,59.7,1,True,be quiet!
MSI MAG VAMPIRIC 100R,1724.0,ATX Mid Tower,ATX,Black,,False,Tempered Glass,36.5,2,True,MSI
Razer Tomahawk Mini-ITX,3599.8,Mini ITX Tower,Mini ITX,Black / Green,,False,Tinted Tempered Glass,,0,True,Razer
Razer Tomahawk ATX,4399.59,ATX Mid Tower,ATX,Black,,False,Tinted Tempered Glass,,3,True,Razer
NZXT S340,,ATX Mid Tower,ATX,White,,False,Acrylic,38.4,3,False,NZXT
BitFenix FLOW,,ATX Mid Tower,ATX,Black,,False,Tempered Glass,42.3,2,False,BitFenix
Silverstone SG05-LITE,1501.0,Mini ITX Desktop,Mini ITX,Black,,False,Solid,10.7,1,True,SilverStone
Gigabyte AORUS C500 GLASS,,ATX Mid Tower,ATX,Black,,False,Tempered Glass,116.6,2,False,Gigabyte
Asus TUF Gaming GT502 Plus,,ATX Mid Tower,ATX,Black,,False,Tempered Glass,57.2,4,False,ASUS
Lian Li O11D XL-W,,ATX Full Tower,ATX,White / Black,,False,Tempered Glass,68.9,4,False,Lian Li
Rosewill Helium Flow,1599.6,ATX Mid Tower,ATX,Black,,False,Solid,50.5,3,True,Rosewill
Silverstone SETA D1,3394.0,ATX Mid Tower,ATX,Black,,False,Solid,56.5,8,True,SilverStone
Fractal Design North XL RC,3899.8,ATX Full Tower,ATX,White,,False,Tempered Glass,61.4,2,True,Fractal Design
Thermaltake Core P3 TG Pro,2814.2,ATX Mid Tower,ATX,,,False,Tempered Glass,71.7,4,True,Thermaltake
Silverstone SUGO 15,3620.8,Mini ITX Desktop,Mini ITX,Black,,False,Solid,19.1,0,True,SilverStone
In Win Chopin MAX,,Mini ITX Desktop,Mini ITX,Gray,200.0,True,Mesh,4.4,0,False,In Win
Apevia PRISM,1599.6,MicroATX Mid Tower,Micro ATX,White,,False,Tempered Glass,35.4,2,True,Apevia
NZXT H710i,,ATX Mid Tower,ATX,White,,False,Tempered Glass,58.6,4,False,NZXT
Cooler Master Elite 500 ODD,2682.6,ATX Mid Tower,ATX,Black,,False,Solid,43.1,2,True,Cooler Master
Thermaltake View 380 ARGB,2299.79,ATX Mid Tower,ATX,Blue,,False,Tinted Tempered Glass,51.6,1,True,Thermaltake
SAMA V40,1599.8,ATX Mid Tower,ATX,White,,False,Tempered Glass,47.9,3,True,SAMA
CiT F3 ARGB,,MicroATX Mid Tower,Micro ATX,Black,,False,Tempered Glass,25.5,2,False,CiT
MSI MPG GUNGNIR 300R AIRFLOW,3119.8,ATX Mid Tower,ATX,White,,False,Tempered Glass,60.5,2,True,MSI
Fractal Design Meshify C Mini,,MicroATX Mini Tower,Micro ATX,Black,,False,Tinted Tempered Glass,36.6,2,False,Fractal Design
GAMDIAS TALOS E3,,ATX Mid Tower,ATX,Black,,False,Tempered Glass,,2,False,GAMDIAS
Deepcool CG580,,ATX Mid Tower,ATX,White,,False,Tempered Glass,51.5,2,False,DeepCool
DIYPC ARGB-Q3,,MicroATX Mini Tower,Micro ATX,Pink,,False,Tempered Glass,38.6,2,False,DIYPC
Cooler Master Elite 301,1571.8,MicroATX Mid Tower,Micro ATX,White,,False,Tempered Glass,34.1,1,True,Cooler Master
Cooler Master MasterBox 600,2019.8,ATX Mid Tower,ATX,White,,False,Tempered Glass,52.4,2,True,Cooler Master
Deepcool CH270 DIGITAL,,MicroATX Mini Tower,Micro ATX,White,,False,Tempered Glass,32.4,1,False,DeepCool
Thermaltake The Tower 200,,Mini ITX Tower,Mini ITX,Black,,False,Tempered Glass,45.1,2,False,Thermaltake
KOLINK Unity Meshbay Performance,,ATX Mid Tower,ATX,Black,,False,Solid,41.0,2,False,KOLINK
Fractal Design Meshify 2 Mini,4080.0,MicroATX Mid Tower,Micro ATX,White / Black,,False,Tempered Glass,33.0,2,True,Fractal Design
Fractal Design Meshify 3 Ambience Pro RGB,4799.8,ATX Mid Tower,ATX,White,,False,Tempered Glass,50.3,2,True,Fractal Design
Antec VSK3000E U3,,MicroATX Mini Tower,Micro ATX,Black,,False,Solid,24.8,2,False,Antec
GameMax F45,1219.8,ATX Mid Tower,ATX,Black / Brown,,False,Tempered Glass,40.6,2,True,GameMax
NZXT H510,,ATX Mid Tower,ATX,Black / Red,,False,Tempered Glass,41.3,2,False,NZXT
Antec Performance 1 M,3899.8,Mini ITX Desktop,Mini ITX,Black,,False,Mesh,19.3,0,True,Antec
Lian Li LANCOOL 215,,ATX Mid Tower,ATX,White,,False,Tempered Glass,,2,False,Lian Li
GameMax Infinity,,ATX Mid Tower,ATX,Black,,False,Tempered Glass,45.7,1,False,GameMax
Corsair Carbide Series 175R RGB,,ATX Mid Tower,ATX,Black,,False,Tempered Glass,,2,False,Corsair
Corsair iCUE 5000X RGB,4299.8,ATX Mid Tower,ATX,White / Gray,,False,Tempered Glass,66.2,2,True,Corsair
Phanteks Eclipse P400A Digital,,ATX Mid Tower,ATX,Black,,False,Tempered Glass,45.9,2,False,Phanteks
Cougar MX360 RGB,,ATX Mid Tower,ATX,Black,,False,Tempered Glass,36.5,2,False,Cougar
Tecware Forge M,,MicroATX Mini Tower,Micro ATX,Black,,False,Tempered Glass,34.4,1,False,Tecware
Mars Gaming MCV4,,ATX Mid Tower,ATX,White,,False,Tempered Glass,50.9,2,False,Mars Gaming
MSI MPG Sekira 500G,21000.0,ATX Mid Tower,ATX,Black,,False,Tempered Glass,67.1,6,True,MSI
Corsair 275R Airflow,,ATX Mid Tower,ATX,White / Black,,False,Tempered Glass,,2,False,Corsair
Chieftec APEX AIR,,ATX Mid Tower,ATX,Black,,False,Tempered Glass,52.9,2,False,Chieftec
HYTE Persona 3 Reload Y70,5199.8,ATX Mid Tower,ATX,Black / Multicolor,,False,Tempered Glass,70.7,2,True,HYTE
Fractal Design Meshify 3,3199.8,ATX Mid Tower,ATX,Black,,False,Tinted Tempered Glass,50.3,2,True,Fractal Design
SSUPD Xhuttle,2400.0,ATX Mid Tower,ATX,White,,False,Tempered Glass,50.2,2,True,SSUPD
be quiet! Dark Base Pro 901,5997.79,ATX Full Tower,ATX,White,,False,Tempered Glass,94.5,2,True,be quiet!
DIYPC ARGB-N1,,MicroATX Mid Tower,Micro ATX,Black,,False,Tempered Glass,44.7,2,False,DIYPC
Antec CX700 RGB ELITE,,ATX Mid Tower,ATX,Black,,False,Tempered Glass,44.5,2,False,Antec
Thermaltake Ceres 330 ARGB,1379.8,ATX Mid Tower,ATX,Black,,False,Tempered Glass,53.9,1,True,Thermaltake
Lian Li LANCOOL 205 Mesh C,2359.79,ATX Mid Tower,ATX,White,,False,Tempered Glass,41.3,2,True,Lian Li
GAMDIAS TALOS E2 ELITE,,ATX Mid Tower,ATX,Black,,False,Tempered Glass,,2,False,GAMDIAS
NZXT H710,,ATX Mid Tower,ATX,White,,False,Tempered Glass,58.6,4,False,NZXT
be quiet! Pure Base 600,2398.0,ATX Mid Tower,ATX,Black,,False,Tempered Glass,50.9,3,True,be quiet!
Montech KING 95 PRO,3380.0,ATX Mid Tower,ATX,Blue / Black,,False,Tempered Glass,63.0,5,True,Montech
Cooler Master HAF 700,5999.8,ATX Full Tower,ATX,Black,,False,Tempered Glass,83.6,9,True,Cooler Master
MSI MPG VELOX 100P AIRFLOW,5846.6,ATX Mid Tower,ATX,Black,,False,Tempered Glass,53.7,2,True,MSI
Lian Li Lancool II Mesh,,ATX Mid Tower,ATX,Black,,False,Tempered Glass,54.1,3,False,Lian Li
Thermaltake The Tower 600,3799.8,ATX Mid Tower,ATX,Yellow,,False,Tempered Glass,66.2,1,True,Thermaltake
Asus TUF Gaming GT501,3399.8,ATX Mid Tower,ATX,White / Black,,False,Tempered Glass,75.5,4,True,ASUS
Phanteks Eclipse P500A D-RGB,,ATX Mid Tower,ATX,Black,,False,Tempered Glass,,2,False,Phanteks
Cooler Master HAF 500,1961.6,ATX Mid Tower,ATX,White,,False,Tempered Glass,,2,True,Cooler Master
KOLINK Satellite,,MicroATX Desktop,Micro ATX,Black,,False,Mesh,13.8,3,False,KOLINK
be quiet! Light Base 900 DX,4298.0,ATX Full Tower,ATX,White,,False,Tempered Glass,84.2,1,True,be quiet!
Azza Spectra,1199.8,ATX Mid Tower,ATX,Black,,False,Tempered Glass,33.4,2,True,Azza
FSP Group S380,,MicroATX Mini Tower,Micro ATX,Black,,False,Tempered Glass,48.2,2,False,FSP
Vetroo AL900,1599.6,ATX Mid Tower,ATX,White,,False,Tempered Glass,48.1,0,True,Vetroo
Phanteks Eclipse P300,,ATX Mid Tower,ATX,Black,,False,Tinted Tempered Glass,36.0,2,False,Phanteks
Silverstone FARA 515XR,1591.8,ATX Mid Tower,ATX,White,,False,Tempered Glass,39.9,2,True,SilverStone
RAIJINTEK OPHION EVO,1398.0,Mini ITX Desktop,Mini ITX,Black,,False,Acrylic,,1,True,RAIJINTEK
KOLINK Observatory MX Mesh ARGB,,ATX Mid Tower,ATX,Black,,False,Tempered Glass,30.8,2,False,KOLINK
KOLINK Rocket Complex,,Mini ITX Tower,Mini ITX,Black,,False,Mesh,20.4,0,False,KOLINK
Corsair iCUE 5000T RGB,4799.8,ATX Mid Tower,ATX,Black,,False,Tempered Glass,74.5,2,True,Corsair
Thermaltake The Tower 300,2699.8,MicroATX Mini Tower,Micro ATX,Green / Black,,False,Tempered Glass,53.0,3,True,Thermaltake
Aerocool Bolt,1655.8,ATX Mid Tower,ATX,Black,,False,Acrylic,35.3,2,True,Aerocool
Jonsbo TK-2 2.0,3240.0,ATX Mid Tower,ATX,Black,,False,Tempered Glass,53.2,1,True,Jonsbo
Antec CX300 RGB ELITE,,ATX Mid Tower,ATX,Black,,False,Tempered Glass,44.9,2,False,Antec
GameMax Vista A,,ATX Mid Tower,ATX,White,,False,Tempered Glass,44.1,2,False,GameMax
KOLINK Stronghold Barricade,,ATX Mid Tower,ATX,Black,,False,Tempered Glass,37.6,2,False,KOLINK
Jonsbo D31 STD,,MicroATX Mini Tower,Micro ATX,Black,,False,Tempered Glass,31.3,1,False,Jonsbo
Fractal Design Torrent Nano RGB,,Mini ITX Tower,Mini ITX,Black,,False,Tinted Tempered Glass,34.6,1,False,Fractal Design
Thermaltake View 380 XL TG ARGB,1580.0,ATX Mid Tower,ATX,Yellow / Black,,False,Tempered Glass,63.6,1,True,Thermaltake
APNX Creator C1,1999.8,ATX Mid Tower,ATX,White,,False,Tempered Glass,53.6,3,True,APNX
Thermaltake The Tower 600,3399.8,ATX Mid Tower,ATX,Blue,,False,Tempered Glass,66.2,1,True,Thermaltake
Cooler Master MasterBox MB320L ARGB,1699.8,MicroATX Mini Tower,Micro ATX,Black,,False,Tempered Glass,38.8,2,True,Cooler Master
Antec DF600 FLUX,2099.79,ATX Mid Tower,ATX,Black,,False,Tempered Glass,,3,True,Antec
Thermaltake The Tower 300 Hydrangea,3079.8,MicroATX Mini Tower,Micro ATX,Blue,,False,Tempered Glass,53.0,3,True,Thermaltake
GAMDIAS ATLAS M1,1699.8,ATX Mid Tower,ATX,White,,False,Tempered Glass,41.0,1,True,GAMDIAS
Silverstone PS16B,1503.0,MicroATX Mini Tower,Micro ATX,Black,,False,Solid,,3,True,SilverStone
Cooler Master TD300 Mesh,1699.8,MicroATX Mini Tower,Micro ATX,White / Black,,False,Tempered Glass,,2,True,Cooler Master
Cooler Master MasterCase H500M,9249.79,ATX Mid Tower,ATX,Black,,False,Tempered Glass,73.7,2,True,Cooler Master
Antec DF700 FLUX,2979.6,ATX Mid Tower,ATX,Black,,False,Tempered Glass,49.9,3,True,Antec
Deepcool CG580 4F,,ATX Mid Tower,ATX,Black,,False,Tempered Glass,51.5,2,False,DeepCool
Corsair iCUE 465X RGB,,ATX Mid Tower,ATX,Black,,False,Tempered Glass,,2,False,Corsair
Corsair Vengeance C70,,ATX Mid Tower,ATX,Green,,False,Acrylic,61.4,6,False,Corsair
Antec C7 ARGB,3469.8,ATX Mid Tower,ATX,Black,,False,Tempered Glass,58.9,2,True,Antec
Montech Heritage PRO,2198.0,MicroATX Mid Tower,Micro ATX,White,,False,Tempered Glass,41.5,1,True,Montech
Corsair 2500X Obsidian,3199.8,MicroATX Mini Tower,Micro ATX,Black,,False,Tempered Glass,54.8,2,True,Corsair
Cooler Master HAF XB EVO,,ATX Desktop,ATX,Black,,False,Mesh,61.7,2,False,Cooler Master
Cougar MX330-G Pro,1361.8,ATX Mid Tower,ATX,Black,,False,Tempered Glass,49.1,2,True,Cougar
Apevia Destiny Flow,1519.6,ATX Mid Tower,ATX,Pink,,False,Tempered Glass,,2,True,Apevia
Asus ProArt PA602 Wood Edition,10018.79,ATX Mid Tower,ATX,Black / Brown,,False,Solid,81.4,4,True,ASUS
MSI MPG VELOX 100R,2799.8,ATX Mid Tower,ATX,White,,False,Tempered Glass,53.7,2,True,MSI
Corsair 6500X,,ATX Mid Tower,ATX,Black / Gray,,False,Tempered Glass,78.3,2,False,Corsair
Montech HS01 PRO,2298.0,ATX Mid Tower,ATX,Black,,False,Tempered Glass,55.3,2,True,Montech
Cooler Master Force 500,,ATX Mid Tower,ATX,Black,,False,Solid,39.8,7,False,Cooler Master
be quiet! Shadow Base 800 DX,,ATX Mid Tower,ATX,Black,,False,Tempered Glass,70.9,2,False,be quiet!
Lian Li O11D XL-X,,ATX Full Tower,ATX,Black,,False,Tempered Glass,68.9,4,False,Lian Li
PC Cooler I100 PRO MESH,2033.8,Mini ITX Desktop,Mini ITX,White,,False,Mesh,7.5,1,True,PC Cooler
Silverstone MILO 11,1855.4,MicroATX Desktop,Micro ATX,Black / Silver,,False,Solid,10.3,1,True,SilverStone
BitFenix Nova Mesh SE,,ATX Mid Tower,ATX,Black,,False,Solid,36.1,2,False,BitFenix
Silverstone SG13 V2,1482.6,Mini ITX Tower,Mini ITX,Black,,False,Solid,11.5,1,True,SilverStone
Zalman Z7 NEO,1399.6,ATX Mid Tower,ATX,Black,,False,Tempered Glass,41.2,2,True,Zalman
NZXT H210,,Mini ITX Tower,Mini ITX,Black,,False,Tempered Glass,27.3,1,False,NZXT
HYTE Hoshimachi Suisei Y70,,ATX Mid Tower,ATX,Blue / Black,,False,Tempered Glass,70.7,2,False,HYTE
Antec CX800 Wood ARGB,,ATX Mid Tower,ATX,Black / Brown,,False,Tempered Glass,51.2,2,False,Antec
iBuypower Slate 9 Mesh,2499.79,ATX Mid Tower,ATX,Black,,False,Tempered Glass,53.4,1,True,iBuypower
Phanteks ECLIPSE G500A DRGB,,ATX Mid Tower,ATX,Black,,False,Tempered Glass,61.8,2,False,Phanteks
KRUX Leda,,ATX Mid Tower,ATX,Black,,False,Tempered Glass,43.5,2,False,Desconocida
ENDORFY Ventum 200,1874.8,ATX Mid Tower,ATX,Black,,False,Solid,34.6,1,True,ENDORFY
Phanteks XT PRO,2399.6,ATX Mid Tower,ATX,,,False,Solid,51.8,2,True,Phanteks
Silverstone RM52,10660.2,ATX Full Tower,ATX,Black,,False,Solid,58.6,2,True,SilverStone
be quiet! Pure Base 500,1858.0,ATX Mid Tower,ATX,White,,False,Tempered Glass,46.0,2,True,be quiet!
Deepcool CH360,,MicroATX Mid Tower,Micro ATX,Black,,False,Tempered Glass,39.7,2,False,DeepCool
GAMDIAS ATHENA M3,1648.6,ATX Mid Tower,ATX,White,,False,Tempered Glass,45.1,2,True,GAMDIAS
Aerocool CS-1102,,ATX Mid Tower,ATX,Black,,False,Solid,33.8,3,False,Aerocool
Phanteks Eclipse G400A,,ATX Mid Tower,ATX,White,,False,Tempered Glass,59.4,2,False,Phanteks
Deepcool CH510,,ATX Mid Tower,ATX,Black,,False,Tempered Glass,47.1,2,False,DeepCool
Deepcool CC560,,ATX Mid Tower,ATX,Black,,False,Tempered Glass,41.7,2,False,DeepCool
NZXT H210i,,Mini ITX Tower,Mini ITX,White,,False,Tempered Glass,27.3,1,False,NZXT
NCASE M1,,Mini ITX Tower,Mini ITX,Silver / Black,,False,Solid,13.9,2,False,NCASE
Cooler Master MasterBox Lite 5,,ATX Mid Tower,ATX,Black,,False,Acrylic,42.7,2,False,Cooler Master
Fractal Design Torrent RGB,4599.8,ATX Mid Tower,ATX,White,,False,Tempered Glass,69.8,2,True,Fractal Design
Jonsbo D41 Mesh,,ATX Mid Tower,ATX,White,,False,Tempered Glass,35.4,2,False,Jonsbo
Thermaltake View 170 ARGB,1699.6,MicroATX Mini Tower,Micro ATX,Pink / Blue,,False,Tempered Glass,35.0,1,True,Thermaltake
Thermaltake The Tower 100,,Mini ITX Tower,Mini ITX,Black,,False,Tempered Glass,32.7,2,False,Thermaltake
Vetroo AL800,1199.8,ATX Mid Tower,ATX,Green,,False,Tempered Glass,46.4,2,True,Vetroo
Corsair Obsidian 500D RGB SE,,ATX Mid Tower,ATX,Black,,False,Tinted Tempered Glass,59.4,2,False,Corsair
NZXT S340 Elite,,ATX Mid Tower,ATX,Black,,False,Tempered Glass,41.6,2,False,NZXT
Antec VSK3000B U3,,MicroATX Mini Tower,Micro ATX,Black,,False,Solid,,2,False,Antec
Mars Gaming MC-3TCORE,,ATX Mid Tower,ATX,White,,False,Tempered Glass,50.5,1,False,Mars Gaming
Anidees AI Crystal XL AR 3,,ATX Full Tower,ATX,Black,,False,Tempered Glass,86.7,15,False,Anidees
FormD T1 V2.1 Aluminum Coated,,Mini ITX Desktop,Mini ITX,Black,,False,Mesh,,0,False,FormD
Corsair 3500X CALL OF DUTY BLACK OPS 6 EDITION,1999.8,ATX Mid Tower,ATX,Black / Orange,,False,Tempered Glass,55.9,2,True,Corsair
Fractal Design Meshify 3 XL RGB,3799.8,ATX Full Tower,ATX,Black,,False,Tinted Tempered Glass,72.6,2,True,Fractal Design
Phanteks Eclipse G300A (3 Fan),,ATX Mid Tower,ATX,Black,,False,Tempered Glass,37.2,1,False,Phanteks
Apevia Prism Elite,2199.79,ATX Mid Tower,ATX,Pink,,False,Tempered Glass,47.9,2,True,Apevia
Deepcool CH170 DIGITAL,,Mini ITX Tower,Mini ITX,White,,False,Mesh,19.0,1,False,DeepCool
be quiet! Pure Base 501 DX,2598.0,ATX Mid Tower,ATX,Black,,False,Tempered Glass,48.1,2,True,be quiet!
Cougar Duoface Pro RGB,2518.19,ATX Mid Tower,ATX,Black,,False,Tempered Glass,55.4,2,True,Cougar
darkFlash DLM 21,,MicroATX Mid Tower,Micro ATX,White,,False,Tempered Glass,,2,False,darkFlash
Silverstone FARA 515XR,1399.6,ATX Mid Tower,ATX,Black,,False,Tempered Glass,39.9,2,True,SilverStone
Silverstone Sugo 16,1910.0,Mini ITX Tower,Mini ITX,Black,,False,Solid,13.0,1,True,SilverStone
Montech KING 95 PRO,3380.0,ATX Mid Tower,ATX,Red / Black,,False,Tempered Glass,63.0,5,True,Montech
Thermaltake View 71 TG RGB,4399.8,ATX Full Tower,ATX,Black,,False,Acrylic,,4,True,Thermaltake
Corsair Carbide Series SPEC-02,,ATX Mid Tower,ATX,Black / Red,,False,Acrylic,,3,False,Corsair
Corsair iCUE 5000X RGB,,ATX Mid Tower,ATX,Black,850.0,True,Tempered Glass,66.2,2,False,Corsair
HYTE Gundam Wing Y70 Touch Infinite,9999.79,ATX Mid Tower,ATX,White / Gold,,False,Tempered Glass,70.7,2,True,HYTE
Fractal Design Epoch,2199.79,ATX Mid Tower,ATX,White,,False,Tempered Glass,45.1,2,True,Fractal Design
Fractal Design Meshify 2 RGB,,ATX Mid Tower,ATX,Black,,False,Tempered Glass,61.7,6,False,Fractal Design
Fractal Design Torrent Nano,,Mini ITX Tower,Mini ITX,White / Black,,False,Tempered Glass,34.6,1,False,Fractal Design
Jonsbo BO400,6300.0,ATX Mid Tower,ATX,Gray / Black,,False,Tempered Glass,72.1,4,True,Jonsbo
Corsair FRAME 5000D RS ARGB,,ATX Mid Tower,ATX,Black,,False,Tempered Glass,75.3,2,False,Corsair
be quiet! Shadow Base 800,,ATX Mid Tower,ATX,Black,,False,Tempered Glass,70.9,2,False,be quiet!
NZXT H510i,,ATX Mid Tower,ATX,Black,,False,Tempered Glass,41.3,2,False,NZXT
Jonsbo N10,1239.8,Mini ITX Tower,Mini ITX,Silver,,False,Mesh,4.5,0,True,Jonsbo
CiT DS240,,MicroATX Mini Tower,Micro ATX,White,,False,Tempered Glass,36.7,1,False,CiT
Silverstone CS382,5192.2,ATX Mid Tower,ATX,Black,,False,Solid,39.6,1,True,SilverStone
MSI MAG VAMPIRIC 100L,,ATX Mid Tower,ATX,Black,,False,Tempered Glass,36.5,2,False,MSI
Phanteks Eclipse G360A,,ATX Mid Tower,ATX,White,,False,Tempered Glass,42.3,2,False,Phanteks
SAMA NEVIEW 2851A,,ATX Mid Tower,ATX,Black,,False,Tempered Glass,53.9,1,False,SAMA
Gigabyte C102 GLASS,,MicroATX Mid Tower,Micro ATX,White,,False,Tempered Glass,42.5,2,False,Gigabyte
ADATA XPG VALOR MESH,,ATX Mid Tower,ATX,White,,False,Tempered Glass,35.8,2,False,XPG
Xigmatek Aquarius Plus Arctic,,ATX Mid Tower,ATX,White,,False,Tempered Glass,49.6,2,False,Xigmatek
MSI MPG GUNGNIR 110R,2399.79,ATX Mid Tower,ATX,White,,False,Tempered Glass,,2,True,MSI
GAMDIAS NESO P1,,ATX Full Tower,ATX,Black,,False,Tempered Glass,75.2,5,False,GAMDIAS
KOLINK KLM-002,,MicroATX Mini Tower,Micro ATX,Black,,False,Solid,9.6,0,False,KOLINK
Lian Li LANCOOL II-X,,ATX Mid Tower,ATX,Black,,False,Tempered Glass,,3,False,Lian Li
Cougar MX600 RGB,,ATX Full Tower,ATX,Black,,False,Tempered Glass,57.8,1,False,Cougar
Jonsbo D31 MESH Screen,,MicroATX Mini Tower,Micro ATX,White,,False,Tempered Glass,31.3,1,False,Jonsbo
ENDORFY Signum 300 ARGB,,ATX Mid Tower,ATX,Black,,False,Tempered Glass,39.9,2,False,ENDORFY
Cooler Master MasterBox TD500 Mesh White w/ Controller,,ATX Mid Tower,ATX,White,,False,Tempered Glass,,2,False,Cooler Master
YEYIAN Hussar,,MicroATX Mini Tower,Micro ATX,Black,,False,Tempered Glass,26.6,1,False,YEYIAN
Thermaltake View 380 ARGB,2299.79,ATX Mid Tower,ATX,Pink / Blue,,False,Tempered Glass,51.6,1,True,Thermaltake
CiT DS240,,MicroATX Mini Tower,Micro ATX,Black,,False,Tempered Glass,36.7,1,False,CiT
Antec NX360,,ATX Mid Tower,ATX,Black,,False,Tempered Glass,37.5,1,False,Antec
MSI MPG GUNGNIR 111R,,ATX Mid Tower,ATX,Black,,False,Tempered Glass,44.4,2,False,MSI
ENDORFY Regnum 400 ARGB,,ATX Mid Tower,ATX,Black,,False,Tempered Glass,45.9,2,False,ENDORFY
Deepcool MORPHEUS,,ATX Full Tower,ATX,White,,False,Tempered Glass,72.7,2,False,DeepCool
Mars Gaming MC-VIEW,,MicroATX Mid Tower,Micro ATX,Black,,False,Tempered Glass,32.1,1,False,Mars Gaming
ENDORFY ARX 500 ARGB,2280.0,ATX Mid Tower,ATX,Black,,False,Tempered Glass,47.5,1,True,ENDORFY
iBuypower Element 9 PRO,2699.8,ATX Mid Tower,ATX,Black,,False,Tempered Glass,49.2,2,True,iBuypower
Fractal Design Meshify 3 XL Ambience Pro RGB,5499.8,ATX Full Tower,ATX,White,,False,Tempered Glass,72.6,2,True,Fractal Design
Silverstone RM42-502,8503.2,ATX Mid Tower,ATX,Black,,False,Solid,35.4,0,True,SilverStone
Thermaltake S200 TG ARGB,2736.8,ATX Mid Tower,ATX,White,,False,Tempered Glass,38.2,2,True,Thermaltake
Aerocool CS-106,,MicroATX Mini Tower,Micro ATX,Black,,False,Solid,23.9,1,False,Aerocool
Silverstone SUGO 14,,Mini ITX Desktop,Mini ITX,Black / Yellow,,False,Solid,19.5,0,False,SilverStone
Corsair Crystal Series 680X RGB,3299.8,ATX Mid Tower,ATX,White / Black,,False,Tempered Glass,73.5,3,True,Corsair
darkFlash DLM 21,,MicroATX Mid Tower,Micro ATX,Black,,False,Tempered Glass,,2,False,darkFlash
Asus ROG Strix Helios Gundam Edition,,ATX Full Tower,ATX,Silver / Multicolor,,False,Tempered Glass,83.5,2,False,ASUS
Thermaltake The Tower 600,3739.8,ATX Mid Tower,ATX,Pink,,False,Tempered Glass,66.2,1,True,Thermaltake
Silverstone SETA H2,3683.39,ATX Full Tower,ATX,Black,,False,Mesh,70.3,12,True,SilverStone
Fractal Design Torrent Nano,,Mini ITX Tower,Mini ITX,Black,,False,Solid,34.6,1,False,Fractal Design
DIYPC Rainbow-Flash-F4,1319.6,ATX Mid Tower,ATX,Pink,,False,Tempered Glass,33.2,2,True,DIYPC
DIYPC ARGB-Q3,,MicroATX Mini Tower,Micro ATX,Green,,False,Tempered Glass,38.6,2,False,DIYPC
Deepcool Wave V2,,MicroATX Mini Tower,Micro ATX,Black,,False,Solid,24.0,2,False,DeepCool
Corsair Carbide Series SPEC-05,,ATX Mid Tower,ATX,Black,,False,Acrylic,41.6,2,False,Corsair
Geometric Future Model 5,2998.0,ATX Mid Tower,ATX,Black / Green,,False,Tempered Glass,51.1,2,True,Geometric Future
Thermaltake Core P3,3035.4,ATX Mid Tower,ATX,Black,,False,Tempered Glass,80.1,2,True,Thermaltake
NZXT H7 Flow RGB (2023),3379.8,ATX Mid Tower,ATX,Black,,False,Tempered Glass,55.8,2,True,NZXT
Jonsbo D41 Mesh Screen,,ATX Mid Tower,ATX,White,,False,Tempered Glass,35.4,2,False,Jonsbo
Cooler Master HAF 912,,ATX Mid Tower,ATX,Black,,False,Solid,54.9,6,False,Cooler Master
Vetroo M05,1299.6,MicroATX Mid Tower,Micro ATX,Green,,False,Tempered Glass,36.3,2,True,Vetroo
Silverstone Crown 04,10999.8,HTPC,Mini ITX,Black,,False,Mesh,48.2,2,True,SilverStone
KOLINK Observatory Y AMD SE,,ATX Mid Tower,ATX,Black,,False,Tempered Glass,53.1,2,False,KOLINK
Fractal Design Define Mini C,,MicroATX Mid Tower,Micro ATX,Black,,False,Solid,35.7,2,False,Fractal Design
NZXT H440,,ATX Mid Tower,ATX,Black / White,,False,Acrylic,53.3,8,False,NZXT
be quiet! Pure Base 501 Airflow,1899.8,ATX Mid Tower,ATX,White,,False,Solid,48.1,2,True,be quiet!
Silverstone PS15,1199.8,MicroATX Mid Tower,Micro ATX,Black,,False,Tempered Glass,25.7,1,True,SilverStone
SHARKOON VS8,,ATX Mid Tower,ATX,Black,,False,Solid,42.1,2,False,SHARKOON
GAMDIAS Talos M3 Mesh,1699.8,ATX Mid Tower,ATX,Black,,False,Tempered Glass,48.6,2,True,GAMDIAS
Lian Li LANCOOL 206,,ATX Mid Tower,ATX,Black,,False,Tempered Glass,49.6,3,False,Lian Li
Phanteks Eclipse P600S,,ATX Mid Tower,ATX,Black,,False,Tinted Tempered Glass,,4,False,Phanteks
Phanteks Eclipse P400,,ATX Mid Tower,ATX,Black,,False,Tinted Tempered Glass,45.9,2,False,Phanteks
Thermaltake V200 RGB,,ATX Mid Tower,ATX,Black,,False,Tempered Glass,,2,False,Thermaltake
Mars Gaming MC-S1,,MicroATX Mini Tower,Micro ATX,Black,,False,Acrylic,18.6,1,False,Mars Gaming
GAMDIAS ATHENA P1,,ATX Mid Tower,ATX,Black,,False,Tempered Glass,49.6,2,False,GAMDIAS
KOLINK Observatory HF Mesh Core,,ATX Mid Tower,ATX,Black,,False,Tempered Glass,35.0,4,False,KOLINK
Corsair iCUE 5000X RGB QL Edition,4199.8,ATX Mid Tower,ATX,White,,False,Tempered Glass,66.2,2,True,Corsair
Thermaltake Tower 900,,ATX Full Tower,ATX,Black,,False,Tempered Glass,153.6,6,False,Thermaltake
darkFlash DS900,,ATX Mid Tower,ATX,White,,False,Tempered Glass,43.0,2,False,darkFlash
FormD T1 V2.1 Steel Coated,,Mini ITX Desktop,Mini ITX,Black,,False,Mesh,,0,False,FormD
Silverstone GD08B,4925.8,HTPC,Mini ITX,Black,,False,Solid,33.4,8,True,SilverStone
Fractal Design Epoch RGB,2599.8,ATX Mid Tower,ATX,Black,,False,Tinted Tempered Glass,45.1,2,True,Fractal Design
Lian Li V3000 PLUS,,ATX Full Tower,ATX,Black,,False,Tempered Glass,127.6,8,False,Lian Li
Jonsbo D31 STD,,MicroATX Mini Tower,Micro ATX,White,,False,Tempered Glass,31.3,1,False,Jonsbo
Thermaltake Versa H25,,ATX Mid Tower,ATX,Black,,False,Solid,42.6,3,False,Thermaltake
Asus TUF Gaming GT502 Horizon,3898.2,ATX Mid Tower,ATX,White,,False,Tempered Glass,57.2,4,True,ASUS
Lian Li TU150,,Mini ITX Desktop,Mini ITX,Silver,,False,Tempered Glass,23.8,1,False,Lian Li
Phanteks Eclipse P350X,,ATX Mid Tower,ATX,Black,,False,Tinted Tempered Glass,41.0,2,False,Phanteks
Cooler Master Silencio S600,2871.39,ATX Mid Tower,ATX,Black,,False,Solid,47.0,4,True,Cooler Master
Thermaltake The Tower 200,2099.6,Mini ITX Tower,Mini ITX,Green,,False,Tempered Glass,45.1,2,True,Thermaltake
Thermaltake Divider 370 TG ARGB,3019.8,ATX Mid Tower,ATX,Black,,False,Tempered Glass,50.7,2,True,Thermaltake
Phanteks Enthoo Pro 2,,ATX Full Tower,ATX,Black,,False,Solid,,12,False,Phanteks
Thermaltake View 71 TG Snow,4499.59,ATX Full Tower,ATX,White,,False,Acrylic,,4,True,Thermaltake
MOROVOL TW7-S2-BL,,MicroATX Mid Tower,Micro ATX,Black,,False,Tempered Glass,27.1,2,False,Desconocida
KOLINK Observatory MX Mesh ARGB,,ATX Mid Tower,ATX,White,,False,Tempered Glass,30.8,2,False,KOLINK
Thermaltake CTE E550,3399.0,ATX Mid Tower,ATX,Orange,,False,Tempered Glass,77.4,3,True,Thermaltake
MSI MAG FORGE 110R,,ATX Mid Tower,ATX,Black,,False,Tempered Glass,42.5,2,False,MSI
Lian Li Lancool II Mesh C RGB,,ATX Mid Tower,ATX,Black,,False,Tempered Glass,54.1,3,False,Lian Li
Corsair Obsidian Series 900D,,ATX Full Tower,ATX,Black,,False,Acrylic,112.6,9,False,Corsair
DAN Cases C4-SFXv1,,Mini ITX Desktop,Mini ITX,Black,,False,Mesh,15.9,0,False,DAN Cases
Montech SKY TWO,2719.4,ATX Mid Tower,ATX,Blue,,False,Tempered Glass,45.3,2,True,Montech
BGears b-Voguish,1179.8,ATX Mid Tower,ATX,Black,,False,Tempered Glass,,2,True,BGears
Cooler Master MasterFrame 600,3599.8,ATX Mid Tower,ATX,Black,,False,Tempered Glass,61.2,2,True,Cooler Master
Lian Li LANCOOL III,,ATX Mid Tower,ATX,White,,False,Tempered Glass,65.5,4,False,Lian Li
GameMax Vista A,1599.8,ATX Mid Tower,ATX,Black,,False,Tempered Glass,44.1,2,True,GameMax
Mars Gaming MC-3TCORE,,ATX Mid Tower,ATX,Black,,False,Tempered Glass,50.5,1,False,Mars Gaming
Fractal Design Define C,,ATX Mid Tower,ATX,Black,,False,Solid,39.3,2,False,Fractal Design
Lian Li LANCOOL 205,,ATX Mid Tower,ATX,Black,,False,Tempered Glass,,2,False,Lian Li
Lian Li LANCOOL 205M,,MicroATX Mid Tower,Micro ATX,Black,,False,Tempered Glass,,2,False,Lian Li
KOLINK Inspire K7 ARGB,,ATX Mid Tower,ATX,Black,,False,Tempered Glass,33.4,2,False,KOLINK
FSP Group S380,,MicroATX Mini Tower,Micro ATX,White,,False,Tempered Glass,48.2,2,False,FSP
Lian Li O11 Dynamic Mini,,ATX Mid Tower,ATX,White / Black,,False,Tempered Glass,43.0,2,False,Lian Li
Corsair Carbide Series 275R,,ATX Mid Tower,ATX,White,,False,Tempered Glass,44.2,2,False,Corsair
GAMDIAS AURA GC1,,ATX Mid Tower,ATX,Black,,False,Tempered Glass,31.1,2,False,GAMDIAS
GAMDIAS Talos M3 Mesh,1981.2,ATX Mid Tower,ATX,White,,False,Tempered Glass,48.6,2,True,GAMDIAS
Jonsbo D300,,MicroATX Mid Tower,Micro ATX,White,,False,Tempered Glass,45.8,2,False,Jonsbo
Jonsbo T6,,Mini ITX Tower,Mini ITX,,,False,Solid,13.7,0,False,Jonsbo
Ocypus Gamma C50,,MicroATX Mini Tower,Micro ATX,Black,,False,Tempered Glass,34.6,2,False,Ocypus
Antec NX416L,,ATX Mid Tower,ATX,Black,,False,Tempered Glass,49.9,2,False,Antec
be quiet! Silent Base 802,3849.6,ATX Mid Tower,ATX,White,,False,Tempered Glass,83.8,3,True,be quiet!
Fractal Design Era ITX,,Mini ITX Desktop,Mini ITX,Silver,,False,Tinted Tempered Glass,16.7,1,False,Fractal Design
ENDORFY ARX 500 Air,2070.0,ATX Mid Tower,ATX,Black,,False,Tempered Glass,47.5,1,True,ENDORFY
Corsair Crystal 280X RGB,4799.8,MicroATX Mid Tower,Micro ATX,White,,False,Tempered Glass,,2,True,Corsair
Corsair Graphite Series 760T,,ATX Full Tower,ATX,Black,,False,Acrylic,78.8,6,False,Corsair
Cooler Master Silencio S400,,MicroATX Mini Tower,Micro ATX,Black,,False,Solid,,4,False,Cooler Master
Thermaltake CTE C750 ARGB,3699.6,ATX Full Tower,ATX,Black,,False,Tempered Glass,110.7,7,True,Thermaltake
Phanteks EVOLV SHIFT XT,,Mini ITX Desktop,Mini ITX,Silver / Black,,False,Tempered Glass,17.5,0,False,Phanteks
Antec Dark Phantom DP301M,,MicroATX Mid Tower,Micro ATX,Black,,False,Acrylic,,2,False,Antec
Cooler Master Storm Stryker,,ATX Full Tower,ATX,White / Black,,False,Acrylic,86.7,8,False,Cooler Master
Corsair 5000D CORE AIRFLOW,,ATX Mid Tower,ATX,Black,,False,Tinted Tempered Glass,66.2,2,False,Corsair
Aerocool Shard,,ATX Mid Tower,ATX,Black,,False,Acrylic,36.5,2,False,Aerocool
Thermaltake AX700,7999.8,ATX Full Tower,ATX,White,,False,Tempered Glass,141.4,18,True,Thermaltake
be quiet! Dark Base 700,,ATX Mid Tower,ATX,Black,,False,Tempered Glass,,7,False,be quiet!
Apex MI-008,1367.8,Mini ITX Tower,Mini ITX,Black,250.0,True,Solid,8.5,1,True,Apex
Lian Li LANCOOL 216 RGB w/Controller,,ATX Mid Tower,ATX,White,,False,Tinted Tempered Glass,55.6,2,False,Lian Li
Aerocool Bolt Mini,,MicroATX Mini Tower,Micro ATX,Black,,False,Acrylic,,2,False,Aerocool
Fractal Design Meshify 2 Compact TG Dark Tint,,ATX Mid Tower,ATX,Black,,False,Tinted Tempered Glass,42.3,2,False,Fractal Design
Corsair Crystal 460X RGB,,ATX Mid Tower,ATX,Black,,False,Tempered Glass,44.9,2,False,Corsair
Jonsbo N2,,Mini ITX Desktop,Mini ITX,White,,False,Solid,11.1,5,False,Jonsbo
Fractal Design Define 7 Compact,,ATX Mid Tower,ATX,Black,,False,Tempered Glass,42.5,2,False,Fractal Design
NZXT H7 Flow RGB (2023),3199.8,ATX Mid Tower,ATX,White,,False,Tempered Glass,55.8,2,True,NZXT
1STPLAYER T3,,MicroATX Mid Tower,Micro ATX,Black,,False,Tempered Glass,32.4,2,False,1STPLAYER
Thermaltake View 380 XL TG ARGB,1699.8,ATX Mid Tower,ATX,Red / Copper,,False,Tempered Glass,63.6,1,True,Thermaltake
Silverstone SG13,1516.2,Mini ITX Tower,Mini ITX,White / Black,,False,Solid,11.5,1,True,SilverStone
GAMDIAS NESO P1,3019.8,ATX Full Tower,ATX,Black / White,,False,Tempered Glass,75.2,5,True,GAMDIAS
be quiet! Silent Base 601,,ATX Mid Tower,ATX,Black,,False,Solid,,3,False,be quiet!
SSUPD Meshlicious (PCIe 4.0),,Mini ITX Tower,Mini ITX,White,,False,Mesh,14.7,0,False,SSUPD
Lian Li V3000 PLUS White GGF Edition,9899.79,ATX Full Tower,ATX,White,,False,Tempered Glass,127.6,8,True,Lian Li
Fractal Design Define R6,,ATX Mid Tower,ATX,Black / White,,False,Solid,56.7,6,False,Fractal Design
KOLINK OBSERVATORY RGB,,ATX Mid Tower,ATX,Black,,False,Tinted Tempered Glass,,3,False,KOLINK
Deepcool TESSERACT BF,,ATX Mid Tower,ATX,Black / Blue,,False,Acrylic,36.4,4,False,DeepCool
SHARKOON TG5,,ATX Mid Tower,ATX,Black / Red,,False,Acrylic,,3,False,SHARKOON
NZXT H440,,ATX Mid Tower,ATX,Black / Red,,False,Acrylic,53.3,8,False,NZXT
Xigmatek SS04,,MicroATX Mid Tower,Micro ATX,Black,,False,Solid,22.1,2,False,Xigmatek
Apevia Genesis-BK,1499.6,ATX Mid Tower,ATX,Black,,False,Tempered Glass,,3,True,Apevia
Thermaltake Core P3 TG Pro Snow,2599.8,ATX Mid Tower,ATX,,,False,Tempered Glass,71.7,4,True,Thermaltake
Genesis Irid 503,,ATX Mini Tower,ATX,Black,,False,Tempered Glass,38.8,2,False,Desconocida
Antec CX700 RGB ELITE,1932.2,ATX Mid Tower,ATX,White,,False,Tempered Glass,44.5,2,True,Antec
Montech HS02,1918.0,ATX Mid Tower,ATX,Black,,False,Tempered Glass,55.3,2,True,Montech
Thermaltake The Tower 300 Bumblebee,2099.79,MicroATX Mini Tower,Micro ATX,Yellow / Black,,False,Tempered Glass,53.0,3,True,Thermaltake
Asus A21,,MicroATX Mini Tower,Micro ATX,White,,False,Tempered Glass,44.0,2,False,ASUS
Deepcool MATREXX 55 V3 ADD-RGB 3F,,ATX Mid Tower,ATX,Black,,False,Tempered Glass,,2,False,DeepCool
Cooler Master HAF X,,ATX Full Tower,ATX,Black,,False,Acrylic,75.0,5,False,Cooler Master
Corsair Carbide Series 100R,,ATX Mid Tower,ATX,Black,,False,Solid,,4,False,Corsair
Anidees AI CRYSTAL XL PRO LITE,6197.79,ATX Full Tower,ATX,Black,,False,Tempered Glass,,0,True,Anidees
Corsair iCUE 4000D RGB Airflow QL Edition,2999.8,ATX Mid Tower,ATX,White,,False,Tempered Glass,48.6,2,True,Corsair
darkFlash L280,2864.4,ATX Mid Tower,ATX,White,,False,Tempered Glass,54.6,2,True,darkFlash
CiT Slammer,,MicroATX Mid Tower,Micro ATX,Black,,False,Tempered Glass,31.7,2,False,CiT
HYTE Y70 Silver Wolf,5999.8,ATX Mid Tower,ATX,Black / Purple,,False,Tempered Glass,70.7,2,True,HYTE
KOLINK Observatory MX Mesh ARGB,,ATX Mid Tower,ATX,Black / White,,False,Tempered Glass,30.8,2,False,KOLINK
PC Cooler C3 T500 ARGB,2399.79,ATX Mid Tower,ATX,White,,False,Tempered Glass,45.1,2,True,PC Cooler
Thermaltake S300 Tempered Glass Snow Edition,1679.8,ATX Mid Tower,ATX,White,,False,Tempered Glass,,2,True,Thermaltake
Antec CX500M ARGB,,MicroATX Mini Tower,Micro ATX,White,,False,Tempered Glass,40.8,2,False,Antec
Cooler Master MasterBox NR400 (w/o ODD),,MicroATX Mid Tower,Micro ATX,Black,,False,Tempered Glass,35.5,3,False,Cooler Master
Fractal Design Define 7 Nano,,Mini ITX Tower,Mini ITX,Black,,False,Solid,29.5,1,False,Fractal Design
darkFlash DLM 22,,MicroATX Mid Tower,Micro ATX,Black,,False,Tempered Glass,,2,False,darkFlash
MSI MAG VAMPIRIC 010,,ATX Mid Tower,ATX,Black,,False,Tempered Glass,41.9,2,False,MSI
Linkworld 920-01C2121U,990.0,HTPC,Mini ITX,Black,150.0,True,Solid,5.3,0,True,Linkworld
Silverstone CS351,3799.8,MicroATX Desktop,Micro ATX,Black,,False,Solid,22.8,2,True,SilverStone
Thermaltake The Tower 200,2099.6,Mini ITX Tower,Mini ITX,Beige,,False,Tempered Glass,45.1,2,True,Thermaltake
Corsair 2000D RGB AIRFLOW,,Mini ITX Tower,Mini ITX,White,,False,Mesh,24.8,0,False,Corsair
Thermaltake Ceres 300 TG ARGB,2399.6,ATX Mid Tower,ATX,Green,,False,Tempered Glass,53.9,1,True,Thermaltake
GameMax HYPE,,ATX Mid Tower,ATX,Black,,False,Tempered Glass,113.8,2,False,GameMax
BitFenix Nova Mesh M ARGB,,MicroATX Mini Tower,Micro ATX,Black,,False,Tempered Glass,31.6,2,False,BitFenix
Fractal Design Define S,,ATX Mid Tower,ATX,Black,,False,Solid,57.7,3,False,Fractal Design
Antec VSK 3000 Elite,2268.6,MicroATX Mini Tower,Micro ATX,Black,,False,Solid,27.5,4,True,Antec
be quiet! Pure Base 500,1998.0,ATX Mid Tower,ATX,White,,False,Solid,46.0,2,True,be quiet!
PC Cooler CPS C3D310 ARGB,,MicroATX Mid Tower,Micro ATX,Black,,False,Tempered Glass,36.6,2,False,PC Cooler
Corsair iCUE 5000T LX RGB,6799.8,ATX Mid Tower,ATX,White,,False,Tempered Glass,74.5,2,True,Corsair
KOLINK Rocket V2,,Mini ITX Tower,Mini ITX,Silver,,False,Mesh,14.2,0,False,KOLINK
Thermaltake V250 TG ARGB,2699.2,ATX Mid Tower,ATX,Black,,False,Tempered Glass,,2,True,Thermaltake
Antec AX81 ELITE,,ATX Mid Tower,ATX,Black,,False,Tempered Glass,42.9,2,False,Antec
Fractal Design Pop Mini Silent,,MicroATX Mid Tower,Micro ATX,Black,,False,Tempered Glass,36.5,2,False,Fractal Design
HYTE Y70 Touch,,ATX Mid Tower,ATX,Black / White,,False,Tempered Glass,70.7,2,False,HYTE
Corsair 480T RGB,,ATX Mid Tower,ATX,Black,,False,Tempered Glass,45.4,0,False,Corsair
Tecware Forge M ARGB,,MicroATX Mini Tower,Micro ATX,Black,,False,Tempered Glass,34.4,1,False,Tecware
Phanteks Eclipse P360A,,ATX Mid Tower,ATX,White,,False,Tempered Glass,42.3,2,False,Phanteks
KOLINK Observatory HF Mesh ARGB,,ATX Mid Tower,ATX,White,,False,Tempered Glass,35.0,4,False,KOLINK
ADATA XPG INVADER X,3380.0,ATX Mid Tower,ATX,Black,,False,Tempered Glass,52.1,3,True,XPG
Raidmax ATX-818WB,,MicroATX Mid Tower,Micro ATX,Black,,False,Acrylic,,4,False,Raidmax
Cooler Master HAF 932 Advanced,,ATX Full Tower,ATX,Black,,False,Acrylic,71.7,5,False,Cooler Master
Montech X2 Mesh,,ATX Mid Tower,ATX,Black,,False,Tempered Glass,32.3,2,False,Montech
Xigmatek Cubi ARGB,,ATX Mid Tower,ATX,Black,,False,Tempered Glass,62.8,2,False,Xigmatek
GameMax MeshBox,,ATX Mid Tower,ATX,Black,,False,Mesh,33.5,1,False,GameMax
Antec P20C,1599.8,ATX Mid Tower,ATX,Black,,False,Tempered Glass,50.6,2,True,Antec
Fractal Design Pop XL Silent,10734.6,ATX Full Tower,ATX,Black,,False,Tempered Glass,62.4,3,True,Fractal Design
Antec CX600M Wood ARGB,,MicroATX Mini Tower,Micro ATX,Black / Brown,,False,Tempered Glass,46.8,1,False,Antec
Thermaltake The Tower 300,3399.8,MicroATX Mini Tower,Micro ATX,Brown / Gold,,False,Tempered Glass,53.0,3,True,Thermaltake
SHARKOON Rebel C70G RGB,,ATX Mid Tower,ATX,Brown / Black,,False,Tempered Glass,54.5,3,False,SHARKOON
Cooler Master Elite 130,,Mini ITX Tower,Mini ITX,Black,,False,Solid,19.8,3,False,Cooler Master
Corsair Carbide Series 500R,,ATX Mid Tower,ATX,Black,,False,Solid,54.2,6,False,Corsair
HEC 6T10LITE,,MicroATX Mini Tower,Micro ATX,Black,,False,Solid,24.0,2,False,HEC
Lian Li LANCOOL 206,3399.8,ATX Mid Tower,ATX,White,,False,Tempered Glass,49.6,3,True,Lian Li
Silverstone Lucid 04,,MicroATX Mid Tower,Micro ATX,Black,,False,Tempered Glass,38.2,2,False,SilverStone
KOLINK OBSERVATORY LITE MESH RGB,,ATX Mid Tower,ATX,Black,,False,Tempered Glass,,2,False,KOLINK
be quiet! Pure Base 600,,ATX Mid Tower,ATX,Black / Orange,,False,Tempered Glass,50.9,3,False,be quiet!
Thermaltake The Tower 250,2999.8,Mini ITX Tower,Mini ITX,Green / Black,,False,Tempered Glass,42.7,1,True,Thermaltake
KOLINK Observatory Lite,,ATX Mid Tower,ATX,Black,,False,Tempered Glass,33.4,2,False,KOLINK
Antec CX800 RGB ELITE,,ATX Mid Tower,ATX,Black,,False,Tempered Glass,51.2,2,False,Antec
AQIRYS Sargas,,ATX Mid Tower,ATX,Black / Blue,,False,Tempered Glass,50.1,2,False,Desconocida
Cooler Master MasterCase Pro 5,,ATX Mid Tower,ATX,Black,,False,Acrylic,,5,False,Cooler Master
NZXT S340 Elite,,ATX Mid Tower,ATX,White,,False,Tempered Glass,41.6,2,False,NZXT
Phanteks Eclipse P400A Digital,,ATX Mid Tower,ATX,White,,False,Tempered Glass,45.9,2,False,Phanteks
Mars Gaming MCZ,,MicroATX Mid Tower,Micro ATX,Black,,False,Tempered Glass,,1,False,Mars Gaming
Cooler Master MasterBox TD500 Mesh w/ Controller,,ATX Mid Tower,ATX,Black,,False,Tempered Glass,,2,False,Cooler Master
Cooler Master MasterBox MB511 ARGB,,ATX Mid Tower,ATX,Black,,False,Tempered Glass,,2,False,Cooler Master
SSUPD Meshroom S w/PCIe 4.0 Riser,,ATX Mini Tower,ATX,Black,,False,Mesh,14.9,0,False,SSUPD
Thermaltake CTE C700 Air,2699.6,ATX Mid Tower,ATX,Black,,False,Tempered Glass,93.8,7,True,Thermaltake
Mars Gaming MCV4,,ATX Mid Tower,ATX,Pink / Black,,False,Tempered Glass,50.9,2,False,Mars Gaming
Thermaltake CTE C750 Air ARGB,,ATX Full Tower,ATX,White,,False,Tempered Glass,110.7,7,False,Thermaltake
CiT Seven,,MicroATX Mid Tower,Micro ATX,Black,,False,Acrylic,,1,False,CiT
ENDORFY Signum 300 Air,2612.2,ATX Mid Tower,ATX,Black,,False,Tempered Glass,39.9,2,True,ENDORFY
Fractal Design Focus G,,ATX Mid Tower,ATX,White,,False,Acrylic,42.2,2,False,Fractal Design
Fractal Design Core 500,,Mini ITX Desktop,Mini ITX,Black,,False,Solid,18.6,3,False,Fractal Design
KOLINK Observatory HF Glass ARGB,,ATX Mid Tower,ATX,Black,,False,Tempered Glass,35.0,2,False,KOLINK
Fractal Design Meshify 2 Compact Lite,,ATX Mid Tower,ATX,White,,False,Tempered Glass,42.3,2,False,Fractal Design
Fractal Design Pop Air,3092.4,ATX Mid Tower,ATX,White,,False,Tempered Glass,46.2,2,True,Fractal Design
Deepcool CH360 DIGITAL,,MicroATX Mid Tower,Micro ATX,White,,False,Tempered Glass,39.7,2,False,DeepCool
Chieftec Hunter,2225.8,ATX Mid Tower,ATX,Black,,False,Tempered Glass,39.8,2,True,Chieftec
Deepcool CH780,,ATX Full Tower,ATX,Black,,False,Tempered Glass,72.7,2,False,DeepCool
Silverstone ML06B,1850.8,HTPC,Mini ITX,Black,,False,Solid,7.1,0,True,SilverStone
Corsair 4000D Airflow Teak,2350.0,ATX Mid Tower,ATX,Black / Brown,,False,Tempered Glass,48.6,2,True,Corsair
Silverstone ML03B,2028.19,HTPC,Mini ITX,Black,,False,Solid,15.5,2,True,SilverStone
Inter-Tech IM-1 POCKET,,MicroATX Mini Tower,Micro ATX,Black,,False,Mesh,21.9,4,False,Inter-Tech
Silverstone ML07B,2374.4,HTPC,Mini ITX,Black,,False,Solid,13.9,1,True,SilverStone
SHARKOON Rebel C20 ITX RGB,,Mini ITX Desktop,Mini ITX,Black,,False,Mesh,29.5,1,False,SHARKOON
MSI MPG GUNGNIR 300P AIRFLOW,7239.6,ATX Mid Tower,ATX,Black,,False,Tempered Glass,60.5,2,True,MSI
Phanteks Evolv X,,ATX Mid Tower,ATX,Silver,,False,Tinted Tempered Glass,64.9,4,False,Phanteks
Phanteks Eclipse P500A,,ATX Mid Tower,ATX,Black,,False,Tempered Glass,,2,False,Phanteks
Lian Li O11 Dynamic Mini,,ATX Mid Tower,ATX,Black,750.0,True,Tempered Glass,43.0,2,False,Lian Li
BitFenix CETO Premium,,ATX Mid Tower,ATX,Black,,False,Tempered Glass,49.0,3,False,BitFenix
CiT SO14B,,MicroATX Desktop,Micro ATX,Black,300.0,True,Solid,12.3,2,False,CiT
Thermaltake The Tower 250,2999.0,Mini ITX Tower,Mini ITX,Blue / White,,False,Tempered Glass,42.7,1,True,Thermaltake
be quiet! Pure Base 500,,ATX Mid Tower,ATX,Black,,False,Tempered Glass,46.0,2,False,be quiet!
iBuypower Element 9,2299.79,ATX Mid Tower,ATX,Black,,False,Tempered Glass,49.2,2,True,iBuypower
Antec C7 ARGB,3639.8,ATX Mid Tower,ATX,White,,False,Tempered Glass,58.9,2,True,Antec
Corsair 5000D,,ATX Mid Tower,ATX,White / Gray,,False,Tempered Glass,66.2,2,False,Corsair
Thermaltake H200 TG RGB,,ATX Mid Tower,ATX,Black,,False,Tempered Glass,39.7,2,False,Thermaltake
Tempest Umbra,,ATX Mid Tower,ATX,Black,,False,Tempered Glass,,2,False,Tempest
Thermaltake Level 20 RS ARGB,1799.6,ATX Mid Tower,ATX,Black,,False,Tempered Glass,,3,True,Thermaltake
Jonsbo D41 STD,,ATX Mid Tower,ATX,Black,,False,Tempered Glass,35.4,2,False,Jonsbo
Jonsbo TK-2 2.0,3240.0,ATX Mid Tower,ATX,White,,False,Tempered Glass,53.2,1,True,Jonsbo
Fractal Design Meshify 2 Compact Lite RGB,6421.0,ATX Mid Tower,ATX,Black,,False,Tinted Tempered Glass,42.3,2,True,Fractal Design
BitFenix Nova Mesh M ARGB,,MicroATX Mini Tower,Micro ATX,White,,False,Tempered Glass,31.6,2,False,BitFenix
Asus ROG Strix Helios EVA Edition,,ATX Full Tower,ATX,Black / Multicolor,,False,Tinted Tempered Glass,83.5,2,False,ASUS
Antec NX292,,ATX Mid Tower,ATX,Black,,False,Tempered Glass,37.6,2,False,Antec
GAMDIAS ARGUS E4 ELITE,1229.4,ATX Mid Tower,ATX,Black,,False,Tempered Glass,,2,True,GAMDIAS
GAMDIAS TALOS E3 MESH ELITE,,ATX Mid Tower,ATX,White,,False,Tempered Glass,48.6,2,False,GAMDIAS
Deepcool MORPHEUS,,ATX Full Tower,ATX,Black,,False,Tempered Glass,72.7,2,False,DeepCool
Corsair iCUE 465X RGB,,ATX Mid Tower,ATX,White / Black,,False,Tempered Glass,,2,False,Corsair
Corsair iCUE 220T RGB,,ATX Mid Tower,ATX,Black,,False,Tempered Glass,37.3,2,False,Corsair
Aerocool P300C,,MicroATX Mini Tower,Micro ATX,Black,,False,Tempered Glass,49.8,2,False,Aerocool
Zalman CHRONIX,,ATX Mid Tower,ATX,Black,,False,Tempered Glass,45.7,2,False,Zalman
Rosewill Helium Flow,1599.6,ATX Mid Tower,ATX,White,,False,Solid,50.5,3,True,Rosewill
Vetroo AL800,1299.6,ATX Mid Tower,ATX,Black,,False,Tempered Glass,46.4,2,True,Vetroo
Asus ProArt PA401 Wood Edition,5479.2,ATX Mid Tower,ATX,Black,,False,Solid,46.6,2,True,ASUS
Thermaltake The Tower 200,,Mini ITX Tower,Mini ITX,White,,False,Tempered Glass,45.1,2,False,Thermaltake
Lian Li LANCOOL 205 Mesh,3900.0,ATX Mid Tower,ATX,Black,,False,Tempered Glass,41.3,2,True,Lian Li
Gigabyte AORUS C700,,ATX Full Tower,ATX,Black,,False,Tempered Glass,144.2,4,False,Gigabyte
Gigabyte AORUS C300,,ATX Mid Tower,ATX,Black,,False,Tinted Tempered Glass,,2,False,Gigabyte
GAMDIAS AURA GC2 ELITE,,ATX Mid Tower,ATX,Black,,False,Tempered Glass,34.7,2,False,GAMDIAS
Corsair 4000D,,ATX Mid Tower,ATX,Black,,False,Tempered Glass,48.6,2,False,Corsair
Apex DM-387,1759.8,HTPC,Mini ITX,Black,275.0,True,Solid,12.8,1,True,Apex
MagniumGear NEO QUBE 2,,ATX Mid Tower,ATX,Black,,False,Tempered Glass,55.9,2,False,MagniumGear
be quiet! Pure Base 600,,ATX Mid Tower,ATX,Black / Silver,,False,Solid,50.9,3,False,be quiet!
Chieftec CI-02B-OP,,MicroATX Desktop,Micro ATX,Black,,False,Mesh,32.8,2,False,Chieftec
Thermaltake The Tower 500,,ATX Mid Tower,ATX,Black,,False,Tempered Glass,93.9,8,False,Thermaltake
Zalman Z1 Iceberg,,MicroATX Mid Tower,Micro ATX,Black,,False,Tempered Glass,38.5,2,False,Zalman
Montech KING 95,,ATX Mid Tower,ATX,White,,False,Tempered Glass,63.0,5,False,Montech
Corsair Crystal Series 280X,,MicroATX Mid Tower,Micro ATX,Black,,False,Tempered Glass,,2,False,Corsair
Lian Li Lancool II Mesh,,ATX Mid Tower,ATX,White,,False,Tempered Glass,54.1,3,False,Lian Li
Corsair Carbide Series 110R,,ATX Mid Tower,ATX,Black,,False,Tempered Glass,42.1,2,False,Corsair
Montech HS01,1798.0,ATX Mid Tower,ATX,Black,,False,Tempered Glass,55.3,2,True,Montech
GAMDIAS ATLAS E1,1696.8,ATX Mid Tower,ATX,White,,False,Tempered Glass,36.3,1,True,GAMDIAS
Fractal Design Meshify 2 RGB,,ATX Mid Tower,ATX,White / Black,,False,Tempered Glass,61.7,6,False,Fractal Design
Fractal Design Torrent Compact,,ATX Mid Tower,ATX,Black,,False,Tinted Tempered Glass,46.7,1,False,Fractal Design
Deepcool CH560 DIGITAL,,ATX Mid Tower,ATX,White,,False,Tempered Glass,49.6,2,False,DeepCool
Lian Li Lancool II Mesh C Performance,,ATX Mid Tower,ATX,Black,,False,Tempered Glass,54.1,3,False,Lian Li
Deepcool CH360,,MicroATX Mid Tower,Micro ATX,White,,False,Tempered Glass,39.7,2,False,DeepCool
Phanteks Eclipse P600S,3179.6,ATX Mid Tower,ATX,White,,False,Tempered Glass,,4,True,Phanteks
Chieftec APEX,3575.6,ATX Mid Tower,ATX,Black,,False,Tempered Glass,52.9,2,True,Chieftec
Corsair SPEC-OMEGA RGB,,ATX Mid Tower,ATX,Black,,False,Tempered Glass,,3,False,Corsair
Deepcool CK560,,ATX Mid Tower,ATX,Black,,False,Tempered Glass,,2,False,DeepCool
Tecware Nexus M,,MicroATX Mid Tower,Micro ATX,Black,,False,Tempered Glass,,2,False,Tecware
Deepcool MATREXX 50,,ATX Mid Tower,ATX,Black,,False,Tempered Glass,44.5,2,False,DeepCool
Silverstone FARA 313 Type-C,1571.8,MicroATX Mid Tower,Micro ATX,Black,,False,Solid,26.7,3,True,SilverStone
Geometric Future Model 5,2998.0,ATX Mid Tower,ATX,White,,False,Tempered Glass,51.1,2,True,Geometric Future
KOLINK STRONGHOLD,,ATX Mid Tower,ATX,White / Black,,False,Tempered Glass,,3,False,KOLINK
Asiahorse Perseus,3599.8,ATX Mid Tower,ATX,Black,,False,Tempered Glass,73.9,2,True,Desconocida
HYTE Persona 3 Reload Y60,4599.8,ATX Mid Tower,ATX,Black / Blue,,False,Tempered Glass,60.0,2,True,HYTE
NZXT H7,,ATX Mid Tower,ATX,White,,False,Tempered Glass,55.8,2,False,NZXT
Lian Li TU150,,Mini ITX Desktop,Mini ITX,Black,,False,Tempered Glass,23.8,1,False,Lian Li
Corsair Carbide Series 400C,,ATX Mid Tower,ATX,Black,,False,Acrylic,42.4,2,False,Corsair
Silverstone FARA H1M,1599.0,MicroATX Mini Tower,Micro ATX,Black,,False,Solid,30.1,2,True,SilverStone
Geometric Future Model 5 Fanless,2198.0,ATX Mid Tower,ATX,Black / Gray,,False,Tempered Glass,51.1,2,True,Geometric Future
Thermaltake Ceres 300 TG ARGB,1999.8,ATX Mid Tower,ATX,White,,False,Tempered Glass,53.9,1,True,Thermaltake
Thermaltake AX700,8099.6,ATX Full Tower,ATX,White,,False,Mesh,141.4,18,True,Thermaltake
Cougar Archon 2 Mesh RGB,,ATX Mid Tower,ATX,Black,,False,Tempered Glass,37.5,2,False,Cougar
GameMax Infinity,,ATX Mid Tower,ATX,White,,False,Tempered Glass,45.7,1,False,GameMax
FormD T1 V2.1 CNC Anodized,,Mini ITX Desktop,Mini ITX,Silver,,False,Mesh,,0,False,FormD
Thermaltake The Tower 200 Bumblebee,2099.6,Mini ITX Tower,Mini ITX,Yellow / Black,,False,Tempered Glass,45.1,2,True,Thermaltake
Mars Gaming MC-VIEW,,MicroATX Mid Tower,Micro ATX,Pink,,False,Tempered Glass,32.1,1,False,Mars Gaming
Antec CX600M Trio ARGB,2236.8,MicroATX Mini Tower,Micro ATX,Black,,False,Tempered Glass,46.8,1,True,Antec
Cooler Master MasterCase H500 ARGB,4935.0,ATX Mid Tower,ATX,Black,,False,Tempered Glass,,2,True,Cooler Master
Fractal Design Define 7 Mini,,MicroATX Mini Tower,Micro ATX,Black,,False,Tinted Tempered Glass,33.2,2,False,Fractal Design
KOLINK VOID RGB,,ATX Mid Tower,ATX,Black,,False,Tempered Glass,,2,False,KOLINK
Fractal Design Meshify 2,,ATX Mid Tower,ATX,White / Black,,False,Tempered Glass,61.7,6,False,Fractal Design
Montech AIR 1000 PREMIUM,,ATX Mid Tower,ATX,White,,False,Tempered Glass,45.3,2,False,Montech
Thermaltake Core X9,,ATX Desktop,ATX,Black,,False,Acrylic,,7,False,Thermaltake
Montech Heritage,1798.0,MicroATX Mid Tower,Micro ATX,White,,False,Tempered Glass,41.5,1,True,Montech
Antec CX600M Trio ARGB,3714.6,MicroATX Mini Tower,Micro ATX,White,,False,Tempered Glass,46.8,1,True,Antec
Mars Gaming MC-S1,,MicroATX Mini Tower,Micro ATX,White,,False,Acrylic,18.6,1,False,Mars Gaming
Azza Aero,2199.79,ATX Mid Tower,ATX,Black,,False,Mesh,47.3,2,True,Azza
ADATA XPG INVADER,1698.6,ATX Mid Tower,ATX,Black,,False,Tempered Glass,,2,True,XPG
Cooler Master HAF 700 EVO,,ATX Full Tower,ATX,White,,False,Tempered Glass,,12,False,Cooler Master
Fractal Design Define 7 Nano,,Mini ITX Tower,Mini ITX,Black,,False,Tinted Tempered Glass,29.5,1,False,Fractal Design
Cooler Master MasterBox 520 Mesh,,ATX Mid Tower,ATX,Black / White,,False,Tempered Glass,52.5,2,False,Cooler Master
NZXT H630,,ATX Full Tower,ATX,Black,,False,Solid,,8,False,NZXT
SAMA IM01 Pro,,MicroATX Mini Tower,Micro ATX,Black,,False,Tempered Glass,26.1,4,False,SAMA
Thermaltake The Tower 600,3719.8,ATX Mid Tower,ATX,Red,,False,Tempered Glass,66.2,1,True,Thermaltake
MagniumGear Neo-G Mini V2,,Mini ITX Tower,Mini ITX,Black,,False,Tempered Glass,,1,False,MagniumGear
Antec P20CE,3452.2,ATX Mid Tower,ATX,Black,,False,Solid,50.6,2,True,Antec
Thermaltake View 200 TG ARGB,1699.6,ATX Mid Tower,ATX,White,,False,Tempered Glass,38.2,2,True,Thermaltake
Silverstone Lucid 04,,MicroATX Mid Tower,Micro ATX,White,,False,Tempered Glass,38.2,2,False,SilverStone
Fractal Design Meshify 2,,ATX Mid Tower,ATX,Gray,,False,Tinted Tempered Glass,61.7,6,False,Fractal Design
PC Cooler C3 T500 ARGB,3371.2,ATX Mid Tower,ATX,Black,,False,Tempered Glass,45.1,2,True,PC Cooler
Phanteks Enthoo Pro,,ATX Full Tower,ATX,White,,False,Acrylic,68.6,6,False,Phanteks
Corsair Crystal 570X RGB,,ATX Mid Tower,ATX,White,,False,Acrylic,57.5,2,False,Corsair
be quiet! Dark Base Pro 900 Rev. 2,,ATX Full Tower,ATX,Black / Orange,,False,Tempered Glass,,7,False,be quiet!
Deepcool CC560,,ATX Mid Tower,ATX,White,,False,Tempered Glass,41.7,2,False,DeepCool
Aerocool Hexform RGB,,MicroATX Mid Tower,Micro ATX,Black,,False,Tempered Glass,28.0,2,False,Aerocool
Silverstone FARA 513 Type-C,1966.2,ATX Mid Tower,ATX,Black,,False,Solid,44.6,2,True,SilverStone
Cougar Archon 2 Mesh RGB,,ATX Mid Tower,ATX,White,,False,Tempered Glass,37.5,2,False,Cougar
MagniumGear Neo Micro V2,,MicroATX Mid Tower,Micro ATX,Black,,False,Tempered Glass,,2,False,MagniumGear
CiT MTX-007B,,Mini ITX Desktop,Mini ITX,Black,180.0,True,Solid,5.1,0,False,CiT
Lian Li TU150,,Mini ITX Desktop,Mini ITX,Black,,False,Solid,23.8,1,False,Lian Li
MUSETEX G06MN6-B,,ATX Mid Tower,ATX,Black,,False,Tempered Glass,39.7,2,False,MUSETEX
Asus ROG Z11,,Mini ITX Tower,Mini ITX,Black,,False,Tinted Tempered Glass,,1,False,ASUS
Phanteks Eclipse P400S,,ATX Mid Tower,ATX,Black / White,,False,Tinted Tempered Glass,45.9,2,False,Phanteks
Corsair Carbide Series SPEC-06,,ATX Mid Tower,ATX,Black,,False,Tempered Glass,,2,False,Corsair
Aerocool Aero One Eclipse,,ATX Mid Tower,ATX,Black,,False,Tempered Glass,,2,False,Aerocool
Silverstone SG13 V2,1506.0,Mini ITX Tower,Mini ITX,Pink,,False,Solid,11.5,1,True,SilverStone
CiT Mirage F6,,ATX Mid Tower,ATX,Black,,False,Tempered Glass,29.9,2,False,CiT
DIYPC F2,,MicroATX Mini Tower,Micro ATX,Black / Orange,,False,Acrylic,,2,False,DIYPC
NZXT H710,,ATX Mid Tower,ATX,Black,,False,Tempered Glass,58.6,4,False,NZXT
Antec Performance 1 M,4299.8,Mini ITX Desktop,Mini ITX,Green / Black,,False,Mesh,19.3,0,True,Antec
Thermaltake CTE T500 Air,2699.6,ATX Full Tower,ATX,White,,False,Tempered Glass,87.3,4,True,Thermaltake
Corsair 5000D CORE AIRFLOW,,ATX Mid Tower,ATX,White,,False,Tempered Glass,66.2,2,False,Corsair
Antec AX90,,ATX Mid Tower,ATX,Black,,False,Tempered Glass,48.3,2,False,Antec
Corsair Graphite Series 780T,,ATX Full Tower,ATX,Black,,False,Acrylic,109.9,6,False,Corsair
SHARKOON T9 Value,,MicroATX Mid Tower,Micro ATX,Black / Red,,False,Acrylic,,0,False,SHARKOON
MUSETEX Phantom,,ATX Mid Tower,ATX,Black,,False,Tempered Glass,,3,False,MUSETEX
SilentiumPC Signum SG1 TG,,ATX Mid Tower,ATX,Black,,False,Tempered Glass,,2,False,SilentiumPC
Silverstone SUGO 17,4249.59,MicroATX Desktop,Micro ATX,Black,,False,Mesh,26.1,1,True,SilverStone
CiT DS360,,ATX Mid Tower,ATX,White,,False,Tempered Glass,52.1,0,False,CiT
Thermaltake View 51 Snow ARGB Edition,4292.0,ATX Full Tower,ATX,White,,False,Tempered Glass,91.0,2,True,Thermaltake
In Win BL040.300TB3LF,2051.6,HTPC,Mini ITX,Black,300.0,True,Solid,11.6,2,True,In Win
Thermaltake The Tower 100,2579.8,Mini ITX Tower,Mini ITX,Turquoise / Black,,False,Tempered Glass,32.7,2,True,Thermaltake
iBuypower Snowblind S,3999.8,ATX Mid Tower,ATX,White,,False,Tempered Glass,43.0,2,True,iBuypower
Fractal Design Define R6 USB-C,,ATX Mid Tower,ATX,Black / White,,False,Tempered Glass,56.7,6,False,Fractal Design
G.Skill LT1,1399.6,MicroATX Mini Tower,Micro ATX,Black,,False,Tempered Glass,35.0,1,True,G.Skill
Fractal Design Arc Mini,,MicroATX Mini Tower,Micro ATX,Black,,False,Solid,40.9,6,False,Fractal Design
Silverstone RVZ03,2820.8,Mini ITX Desktop,Mini ITX,Black,,False,Solid,,0,True,SilverStone
Fractal Design Meshify 2 Lite,,ATX Mid Tower,ATX,Black,,False,Tempered Glass,61.7,2,False,Fractal Design
Corsair 5000T,4899.8,ATX Mid Tower,ATX,Black,,False,Tempered Glass,74.5,2,True,Corsair
Fractal Design Meshify 2 Compact White TG Clear Tint,,ATX Mid Tower,ATX,White / Black,,False,Tempered Glass,42.3,2,False,Fractal Design
Cooler Master MasterBox MB400L,,MicroATX Mini Tower,Micro ATX,Black,,False,Tempered Glass,36.7,2,False,Cooler Master
Empire Gaming Diamond,,ATX Mid Tower,ATX,Black,,False,Tempered Glass,48.5,2,False,Desconocida
SHARKOON MK6 RGB,,MicroATX Mid Tower,Micro ATX,Black,,False,Tempered Glass,43.6,2,False,SHARKOON
Thermaltake The Tower 300,3399.8,MicroATX Mini Tower,Micro ATX,Turquoise / Black,,False,Tempered Glass,53.0,3,True,Thermaltake
DAN Cases C4-SFXv1,,Mini ITX Desktop,Mini ITX,Silver,,False,Mesh,15.9,0,False,DAN Cases
Deepcool CG560,,ATX Mid Tower,ATX,Black,,False,Tempered Glass,48.9,2,False,DeepCool
Cougar Airface Pro RGB,,ATX Mid Tower,ATX,Black,,False,Tempered Glass,55.4,2,False,Cougar
Lian Li LANCOOL II-W,,ATX Mid Tower,ATX,White / Black,,False,Tempered Glass,,3,False,Lian Li
Cooler Master Elite 110,,Mini ITX Tower,Mini ITX,Black,,False,Solid,15.3,3,False,Cooler Master
Phanteks Eclipse P400S,,ATX Mid Tower,ATX,White,,False,Tinted Tempered Glass,45.9,2,False,Phanteks
Rosewill SPECTRA D100,,ATX Mid Tower,ATX,Black,,False,Tempered Glass,,2,False,Rosewill
MSI MAG FORGE 112R,,ATX Mid Tower,ATX,Black,750.0,True,Tempered Glass,42.5,2,False,MSI
MagniumGear NEO QUBE 2 Infinity Mirror,2139.6,ATX Mid Tower,ATX,White,,False,Tempered Glass,55.9,2,True,MagniumGear
Phanteks Eclipse P200A Performance,,Mini ITX Tower,Mini ITX,Black,,False,Solid,29.9,0,False,Phanteks
TRYX LUCA L70,4999.8,ATX Mid Tower,ATX,Black,,False,Tempered Glass,80.9,0,True,TRYX
Antec NX260,,ATX Mid Tower,ATX,Black,,False,Tempered Glass,,2,False,Antec
Geometric Future Model 5,2698.0,ATX Mid Tower,ATX,Black / Yellow,,False,Tempered Glass,51.1,2,True,Geometric Future
Asus A21 PLUS,,MicroATX Mini Tower,Micro ATX,White,,False,Tempered Glass,44.0,2,False,ASUS
ENDORFY Regnum 400 Air,3025.6,ATX Mid Tower,ATX,Black,,False,Tempered Glass,45.9,2,True,ENDORFY
Jonsbo MOD-3,6506.2,ATX Mid Tower,ATX,Black,,False,Tempered Glass,93.1,1,True,Jonsbo
KOLINK VOID X ARGB,,ATX Mid Tower,ATX,Black,,False,Tempered Glass,,2,False,KOLINK
GAMDIAS APOLLO E2 ELITE,,ATX Mid Tower,ATX,Black,,False,Tempered Glass,,2,False,GAMDIAS
Fractal Design Meshify 2,,ATX Mid Tower,ATX,Black,,False,Tinted Tempered Glass,61.7,6,False,Fractal Design
Cooler Master MasterBox Lite 3.1,,MicroATX Mid Tower,Micro ATX,Black / Red,,False,Tempered Glass,36.1,2,False,Cooler Master
Apex MW-100,,Mini ITX Tower,Mini ITX,Black / White,60.0,True,Solid,2.9,0,False,Apex
NZXT H500i,,ATX Mid Tower,ATX,White,,False,Tempered Glass,41.3,3,False,NZXT
In Win BK623.BH300TB3,2161.0,MicroATX Mini Tower,Micro ATX,Black / Silver,300.0,True,Solid,12.3,1,True,In Win
BGears b-Optillusion,1199.8,ATX Mid Tower,ATX,Black,,False,Tempered Glass,38.7,1,True,BGears
Thermaltake Ceres 350 MX,2594.2,ATX Mid Tower,ATX,Pink,,False,Tempered Glass,52.5,1,True,Thermaltake
Thermaltake CTE T500,2209.79,ATX Full Tower,ATX,White,,False,Tempered Glass,87.3,4,True,Thermaltake
Silverstone FARA 514X,2173.8,ATX Mid Tower,ATX,Black,,False,Tempered Glass,49.7,2,True,SilverStone
Thermaltake The Tower 250,3099.6,Mini ITX Tower,Mini ITX,Blue / Pink,,False,Tempered Glass,42.7,1,True,Thermaltake
Antec NX500M ARGB,,MicroATX Mini Tower,Micro ATX,Black,,False,Tempered Glass,34.6,2,False,Antec
Corsair Obsidian Series 250D,,Mini ITX Tower,Mini ITX,Black,,False,Acrylic,28.1,2,False,Corsair
Thermaltake Ceres 330 ARGB,1299.8,ATX Mid Tower,ATX,White,,False,Tempered Glass,53.9,1,True,Thermaltake
Silverstone Sugo SG11,2632.4,MicroATX Mini Tower,Micro ATX,Black,,False,Solid,,3,True,SilverStone
Silverstone Milo 12,3969.4,HTPC,Mini ITX,Black,,False,Mesh,15.6,0,True,SilverStone
PrimoChill Praxis WetBench,4699.8,ATX Test Bench,ATX,Black,,False,Solid,,4,True,Desconocida
Thermaltake View 71 ARGB,,ATX Full Tower,ATX,Black,,False,Tempered Glass,,4,False,Thermaltake
Fractal Design Define Nano S,,Mini ITX Desktop,Mini ITX,Black,,False,Solid,28.8,2,False,Fractal Design
Fractal Design Define R4,,ATX Mid Tower,ATX,Black,,False,Solid,56.0,8,False,Fractal Design
GAMDIAS ATLAS E1,1696.8,ATX Mid Tower,ATX,Black,,False,Tempered Glass,36.3,1,True,GAMDIAS
Thermaltake CTE C700 TG ARGB,3098.6,ATX Mid Tower,ATX,Black,,False,Tempered Glass,93.8,7,True,Thermaltake
Cooler Master MasterBox MB600L V2,3720.0,ATX Mid Tower,ATX,Black,,False,Solid,37.7,2,True,Cooler Master
Zalman S5,,ATX Mid Tower,ATX,Black,,False,Tempered Glass,,2,False,Zalman
Corsair Crystal 280X RGB,4799.8,MicroATX Mid Tower,Micro ATX,Black,,False,Tempered Glass,,2,True,Corsair
Thermaltake The Tower 100 Snow,,Mini ITX Tower,Mini ITX,White,,False,Tempered Glass,32.7,2,False,Thermaltake
Fractal Design Define R5,,ATX Mid Tower,ATX,Black,,False,Acrylic,54.2,8,False,Fractal Design
HYTE Y70 Touch,,ATX Mid Tower,ATX,Black / Red,,False,Tempered Glass,70.7,2,False,HYTE
Rosewill THOR V2,,ATX Full Tower,ATX,Black,,False,Solid,74.8,6,False,Rosewill
Corsair Carbide Series 100R,,ATX Mid Tower,ATX,Black,,False,Acrylic,,4,False,Corsair
Phanteks Enthoo EVOLV ATX,,ATX Mid Tower,ATX,Black,,False,Acrylic,,5,False,Phanteks
DIYPC ARGB Q10,,ATX Mid Tower,ATX,White,,False,Tempered Glass,50.4,1,False,DIYPC
FSP Group CUT593P,2199.79,ATX Full Tower,ATX,White,,False,Tempered Glass,62.6,3,True,FSP
Asiahorse Perseus,3599.8,ATX Mid Tower,ATX,White,,False,Tempered Glass,73.9,2,True,Desconocida
Zalman T7,,ATX Mid Tower,ATX,Black,,False,Tinted Acrylic,34.0,2,False,Zalman
Thermaltake The Tower 300,3079.8,MicroATX Mini Tower,Micro ATX,Green / Pink,,False,Tempered Glass,53.0,3,True,Thermaltake
In Win 101,2384.0,ATX Mid Tower,ATX,Black,,False,Tempered Glass,48.3,2,True,In Win
ADATA XPG INVADER X,3380.0,ATX Mid Tower,ATX,White,,False,Tempered Glass,52.1,3,True,XPG
Antec VSK2000-U3,,HTPC,Mini ITX,Black,,False,Solid,,1,False,Antec
Corsair 4000D,,ATX Mid Tower,ATX,White,,False,Tempered Glass,48.6,2,False,Corsair
Apevia Prodigy,1499.6,MicroATX Mini Tower,Micro ATX,Black,,False,Tempered Glass,32.5,2,True,Apevia
Phanteks Eclipse G300A (1 Fan),,ATX Mid Tower,ATX,Black,,False,Tempered Glass,37.2,1,False,Phanteks
Cougar Uniface RGB,,ATX Mid Tower,ATX,Black,,False,Tempered Glass,53.9,2,False,Cougar
Cooler Master CMP 520,,ATX Mid Tower,ATX,Black,,False,Tempered Glass,41.5,2,False,Cooler Master
SAMA NEVIEW 4503,,ATX Mid Tower,ATX,White,,False,Tempered Glass,54.7,0,False,SAMA
GAMDIAS NESO P1 PRO,,ATX Full Tower,ATX,Black,,False,Tempered Glass,75.2,2,False,GAMDIAS
CiT Alpha,,MicroATX Mid Tower,Micro ATX,Black,,False,Tempered Glass,27.1,2,False,CiT
Thermaltake The Tower 600,3799.8,ATX Mid Tower,ATX,Green / White,,False,Tempered Glass,66.2,1,True,Thermaltake
MSI MPG GUNGNIR 100,,ATX Mid Tower,ATX,Black,,False,Tempered Glass,60.8,2,False,MSI
NOX Hummer ASTRA,,ATX Mid Tower,ATX,White,,False,Tempered Glass,54.7,2,False,NOX
Rosewill PRISM S500,,ATX Mid Tower,ATX,Black,,False,Tempered Glass,,3,False,Rosewill
Azza Spectra,1299.6,ATX Mid Tower,ATX,White,,False,Tempered Glass,33.4,2,True,Azza
Fractal Design Meshify 3 XL RGB,4199.8,ATX Full Tower,ATX,White,,False,Tempered Glass,72.6,2,True,Fractal Design
Silverstone FARA R1 PRO V2,,ATX Mid Tower,ATX,Black,,False,Tempered Glass,40.1,2,False,SilverStone
Thermaltake Versa H17,,MicroATX Mini Tower,Micro ATX,Black,,False,Acrylic,30.4,2,False,Thermaltake
NZXT S340 Elite,,ATX Mid Tower,ATX,Black / Red,,False,Tempered Glass,41.6,2,False,NZXT
NZXT H510i,,ATX Mid Tower,ATX,Black / Red,,False,Tempered Glass,41.3,2,False,NZXT
In Win BQS656.DD120BL,,Mini ITX Desktop,Mini ITX,Black,120.0,True,Solid,3.3,0,False,In Win
NZXT H210,,Mini ITX Tower,Mini ITX,White,,False,Tempered Glass,27.3,1,False,NZXT
aigo AZ300,,ATX Mid Tower,ATX,Black,,False,Tempered Glass,49.6,2,False,Desconocida
Zalman P10,,MicroATX Mini Tower,Micro ATX,Black,,False,Tempered Glass,,2,False,Zalman
Raidmax X921 MESHIAN,1399.6,ATX Mid Tower,ATX,Black,,False,Tempered Glass,36.8,2,True,Raidmax
Thermaltake CTE E600,3099.6,ATX Mid Tower,ATX,Black,,False,Tempered Glass,77.4,2,True,Thermaltake
SHARKOON VK2,,ATX Mid Tower,ATX,Black,,False,Solid,40.5,2,False,SHARKOON
DIYPC DIY-S08,,ATX Mid Tower,ATX,Gray / Black,,False,Tempered Glass,33.2,2,False,DIYPC
Cooler Master MasterBox NR200P,,Mini ITX Desktop,Mini ITX,Pink,,False,Tempered Glass,20.3,2,False,Cooler Master
Thermaltake AH T600 Snow,,ATX Full Tower,ATX,White / Black,,False,Tempered Glass,161.6,2,False,Thermaltake
Fractal Design Meshify S2,,ATX Mid Tower,ATX,Black,,False,Tinted Tempered Glass,58.3,3,False,Fractal Design
Lian Li PC-V650,,ATX Mini Tower,ATX,Black,,False,Solid,38.2,7,False,Lian Li
Corsair Carbide Series SPEC-04,,ATX Mid Tower,ATX,Black / Red,,False,Acrylic,42.8,3,False,Corsair
NZXT H710i,,ATX Mid Tower,ATX,Black,,False,Tempered Glass,58.6,4,False,NZXT
SAMA NEVIEW 2851A,,ATX Mid Tower,ATX,White,,False,Tempered Glass,53.9,1,False,SAMA
Azza Celesta 340F,1359.6,ATX Mid Tower,ATX,Black,,False,Tempered Glass,40.2,2,True,Azza
Fractal Design Meshify 3,3199.8,ATX Mid Tower,ATX,White,,False,Tempered Glass,50.3,2,True,Fractal Design
CiT F3 ARGB,,MicroATX Mid Tower,Micro ATX,White,,False,Tempered Glass,25.5,2,False,CiT
SSUPD Meshlicious,,Mini ITX Tower,Mini ITX,White,,False,Mesh,14.7,0,False,SSUPD
Fractal Design Pop Silent,,ATX Mid Tower,ATX,Black,,False,Tempered Glass,46.2,2,False,Fractal Design
Deepcool CH690 DIGITAL,,ATX Mid Tower,ATX,White,,False,Tempered Glass,107.9,1,False,DeepCool
be quiet! Shadow Base 800 FX,4797.79,ATX Mid Tower,ATX,White,,False,Tempered Glass,70.9,2,True,be quiet!
ADATA XPG VALOR AIR,,ATX Mid Tower,ATX,White,,False,Tempered Glass,35.8,3,False,XPG
Phanteks Enthoo Pro M TG,,ATX Mid Tower,ATX,Black,,False,Tinted Tempered Glass,56.4,2,False,Phanteks
Lian Li LANCOOL 205,,ATX Mid Tower,ATX,White,,False,Tempered Glass,,2,False,Lian Li
Phanteks Eclipse P500A D-RGB,,ATX Mid Tower,ATX,White / Black,,False,Tempered Glass,,2,False,Phanteks
darkFlash DK352,,ATX Mid Tower,ATX,White,,False,Tempered Glass,43.1,2,False,darkFlash
Antec P10C,2272.8,ATX Mid Tower,ATX,Black,,False,Solid,51.0,3,True,Antec
Xilence Xilent Blade II,,ATX Mid Tower,ATX,,,False,Tempered Glass,33.7,2,False,Xilence
GameMax Spark,,MicroATX Mid Tower,Micro ATX,White,,False,Tempered Glass,26.5,1,False,GameMax
KOLINK Citadel Mesh RGB,,MicroATX Mini Tower,Micro ATX,White,,False,Tempered Glass,34.5,2,False,KOLINK
SSUPD Meshlicious,,Mini ITX Tower,Mini ITX,Black,,False,Mesh,14.7,0,False,SSUPD
Fractal Design Pop Air,,ATX Mid Tower,ATX,Green / Black,,False,Tempered Glass,46.2,2,False,Fractal Design
Thermaltake AH T600,,ATX Full Tower,ATX,Black,,False,Tempered Glass,161.6,2,False,Thermaltake
NZXT H710,,ATX Mid Tower,ATX,Black / Red,,False,Tempered Glass,58.6,4,False,NZXT
Thermaltake H200 TG Snow RGB Light Strip,,ATX Mid Tower,ATX,White,,False,Tempered Glass,39.7,2,False,Thermaltake
Antec Nine Hundred,,ATX Mid Tower,ATX,Black,,False,Acrylic,47.1,6,False,Antec
Corsair Carbide Series SPEC-01,,ATX Mid Tower,ATX,Black,,False,Acrylic,38.3,4,False,Corsair
DIYPC ARGB-Q3,,MicroATX Mini Tower,Micro ATX,Black,,False,Tempered Glass,38.6,2,False,DIYPC
KOLINK Observatory HF Glass ARGB,,ATX Mid Tower,ATX,White,,False,Tempered Glass,35.0,2,False,KOLINK
KOLINK Rocket Heavy Vented,,Mini ITX Desktop,Mini ITX,Black,,False,Mesh,16.7,1,False,KOLINK
Thermaltake Divider 170 TG ARGB,,MicroATX Mid Tower,Micro ATX,Black,,False,Tempered Glass,36.5,2,False,Thermaltake
Jonsbo D30,,MicroATX Mini Tower,Micro ATX,Black,,False,Tempered Glass,26.6,1,False,Jonsbo
DIYPC DIY-S08,,ATX Mid Tower,ATX,Green / Black,,False,Tempered Glass,33.2,2,False,DIYPC
Thermaltake Ceres 500,,ATX Mid Tower,ATX,Black,,False,Tempered Glass,65.3,2,False,Thermaltake
Zalman Z10 DUO,1999.8,ATX Mid Tower,ATX,Black,,False,Tempered Glass,51.6,2,True,Zalman
Cooler Master CMP 510,,ATX Mid Tower,ATX,Black,,False,Tempered Glass,42.0,2,False,Cooler Master
GameMax MeshBox Pro,,ATX Mid Tower,ATX,Black,,False,Mesh,33.5,1,False,GameMax
Deepcool CG580 4F,,ATX Mid Tower,ATX,White,,False,Tempered Glass,51.5,2,False,DeepCool
NZXT H400i,,MicroATX Mini Tower,Micro ATX,Black,,False,Tempered Glass,36.9,1,False,NZXT
NZXT H700i,,ATX Mid Tower,ATX,Black / White,,False,Tempered Glass,58.6,2,False,NZXT
Fractal Design Define R6,,ATX Mid Tower,ATX,Black / White,,False,Tempered Glass,56.7,6,False,Fractal Design
Phanteks EVOLV SHIFT XT,,Mini ITX Desktop,Mini ITX,Black,,False,Tempered Glass,17.5,0,False,Phanteks
darkFlash DPW90M,,MicroATX Mid Tower,Micro ATX,Black,,False,Tempered Glass,48.5,2,False,darkFlash
Silverstone ML05B,1499.8,HTPC,Mini ITX,Black,,False,Solid,,0,True,SilverStone
Cougar Panzer Max,,ATX Full Tower,ATX,Black,,False,Acrylic,90.5,2,False,Cougar
ENDORFY Signum 300 Solid,,ATX Mid Tower,ATX,Black,,False,Solid,37.8,2,False,ENDORFY
GAMDIAS NESO P1,3319.8,ATX Full Tower,ATX,White,,False,Tempered Glass,75.2,5,True,GAMDIAS
Fractal Design Focus G,,ATX Mid Tower,ATX,Black / Blue,,False,Acrylic,42.2,2,False,Fractal Design
FSP Group CMT380,,ATX Mid Tower,ATX,Black,,False,Tempered Glass,45.5,2,False,FSP
SHARKOON Rebel C50,9187.79,ATX Mid Tower,ATX,White,,False,Mesh,52.4,3,True,SHARKOON
Thermaltake Core P8 TG,,ATX Full Tower,ATX,Black,,False,Tempered Glass,107.4,3,False,Thermaltake
Fractal Design Focus 2,,ATX Mid Tower,ATX,White / Black,,False,Tempered Glass,45.8,2,False,Fractal Design
Cooler Master MasterBox TD500 ARGB,,ATX Mid Tower,ATX,Black,,False,Tempered Glass,50.1,2,False,Cooler Master
Phanteks Enthoo 719,,ATX Full Tower,ATX,Black,,False,Tempered Glass,81.4,4,False,Phanteks
Corsair Obsidian Series 450D,,ATX Mid Tower,ATX,Black,,False,Acrylic,51.6,3,False,Corsair
Cooler Master MasterCase H500P Mesh ARGB,,ATX Mid Tower,ATX,White,,False,Tempered Glass,71.4,2,False,Cooler Master
Montech X1,,ATX Mid Tower,ATX,White,,False,Tempered Glass,32.3,1,False,Montech
Apevia Genesis Pro,1599.6,ATX Mid Tower,ATX,White,,False,Tempered Glass,35.7,3,True,Apevia
Mars Gaming MC-400,,MicroATX Mini Tower,Micro ATX,Black,,False,Tempered Glass,29.9,2,False,Mars Gaming
Cougar Purity,,MicroATX Mini Tower,Micro ATX,Black,,False,Solid,28.2,2,False,Cougar
Silverstone FARA 312X,,MicroATX Mini Tower,Micro ATX,Black,,False,Tempered Glass,37.2,2,False,SilverStone
Fractal Design Meshify 2 Compact RGB,5472.6,ATX Mid Tower,ATX,Black,,False,Tinted Tempered Glass,42.3,2,True,Fractal Design
Zalman M4,,MicroATX Mini Tower,Micro ATX,Black,,False,Tempered Glass,34.0,2,False,Zalman
SHARKOON M25-V,,ATX Mid Tower,ATX,Black,,False,Solid,43.9,3,False,SHARKOON
Antec Performance 1 FT ARGB,,ATX Full Tower,ATX,Black / Gray,,False,Tempered Glass,62.7,2,False,Antec
Cooler Master CMP 320,,MicroATX Mid Tower,Micro ATX,Black,,False,Tempered Glass,38.6,2,False,Cooler Master
Fractal Design Torrent,,ATX Mid Tower,ATX,Gray,,False,Tinted Tempered Glass,69.8,2,False,Fractal Design
Lian Li PC-D8000,,ATX Full Tower,ATX,Black,,False,Solid,144.9,20,False,Lian Li
HP Omen X,,MicroATX Desktop,Micro ATX,Black / Red,,False,Solid,,0,False,Desconocida
Cooler Master MasterBox Q300L TUF Gaming Edition,,MicroATX Mini Tower,Micro ATX,Black / Gold,,False,Acrylic,33.6,1,False,Cooler Master
GAMDIAS TALOS E3 MESH ELITE,,ATX Mid Tower,ATX,Black,,False,Tempered Glass,48.6,2,False,GAMDIAS
Cooler Master Elite 300 Steel,,MicroATX Mid Tower,Micro ATX,Black,,False,Solid,35.8,2,False,Cooler Master
Thermaltake The Tower 200,2099.6,Mini ITX Tower,Mini ITX,Turquoise,,False,Tempered Glass,45.1,2,True,Thermaltake
darkFlash L280,2519.79,ATX Mid Tower,ATX,Black,,False,Tempered Glass,54.6,2,True,darkFlash
Antec Dark League DF800 FLUX,,ATX Mid Tower,ATX,Black,,False,Tempered Glass,,3,False,Antec
Thermaltake View 270,,ATX Mid Tower,ATX,Black,,False,Tempered Glass,47.6,2,False,Thermaltake
Xilence Xilent Breeze,,ATX Mid Tower,ATX,Black,,False,Tempered Glass,44.5,2,False,Xilence
CiT DS360,,ATX Mid Tower,ATX,Black,,False,Tempered Glass,52.1,0,False,CiT
Fractal Design Torrent Compact RGB,,ATX Mid Tower,ATX,White,,False,Tempered Glass,46.7,1,False,Fractal Design
Cooler Master MasterBox MB511 RGB,,ATX Mid Tower,ATX,Black,,False,Tempered Glass,,2,False,Cooler Master
Corsair Graphite Series 780T,,ATX Full Tower,ATX,Black / White,,False,Acrylic,109.9,6,False,Corsair
Corsair Crystal 570X RGB,,ATX Mid Tower,ATX,Black / Red,,False,Tempered Glass,57.5,2,False,Corsair
Cooler Master MasterBox MB530P,,ATX Mid Tower,ATX,Black,,False,Tempered Glass,,2,False,Cooler Master
Montech HS02,1918.0,ATX Mid Tower,ATX,White,,False,Tempered Glass,55.3,2,True,Montech
Streacom DA2 V2,5180.0,Mini ITX Desktop,Mini ITX,Black,,False,Solid,17.5,0,True,Streacom
Silverstone SUGO 15,3201.6,Mini ITX Desktop,Mini ITX,Silver,,False,Solid,19.1,0,True,SilverStone
SHARKOON REV300,,ATX Full Tower,ATX,Black,,False,Tempered Glass,65.6,4,False,SHARKOON
Vetroo AL800,1299.6,ATX Mid Tower,ATX,White,,False,Tempered Glass,46.4,2,True,Vetroo
Silverstone ML04B,2322.0,HTPC,Mini ITX,Black,,False,Solid,16.0,2,True,SilverStone
Corsair iCUE 5000T RGB,4799.8,ATX Mid Tower,ATX,White / Gray,,False,Tempered Glass,74.5,2,True,Corsair
Cooler Master MasterFrame 700,3839.8,ATX Full Tower,ATX,Black,,False,Tempered Glass,,4,True,Cooler Master
Corsair 2500X Satin,3199.8,MicroATX Mini Tower,Micro ATX,White / Gray,,False,Tempered Glass,54.8,2,True,Corsair
Fractal Design Core 2300,,ATX Mid Tower,ATX,Black,,False,Solid,37.8,3,False,Fractal Design
Phanteks Eclipse P600S,,ATX Mid Tower,ATX,Gray / Black,,False,Tinted Tempered Glass,,4,False,Phanteks
Deepcool MATREXX 70 ADD-RGB 3F,,ATX Mid Tower,ATX,Black,,False,Tempered Glass,54.2,2,False,DeepCool
NZXT Phantom,,ATX Full Tower,ATX,White / Black,,False,Solid,74.3,7,False,NZXT
Topower TP-3030BB-450,,MicroATX Mini Tower,Micro ATX,Black,450.0,True,Solid,25.3,4,False,Topower
SHARKOON VS4-W,,ATX Mid Tower,ATX,Black / Blue,,False,Acrylic,,3,False,SHARKOON
MSI MAG SHIELD M301,,MicroATX Mini Tower,Micro ATX,Black,,False,Solid,25.0,1,False,MSI
Aerocool Viewport Mini V2,,MicroATX Mini Tower,Micro ATX,Black,,False,Tempered Glass,35.0,1,False,Aerocool
Vetroo M05,1299.6,MicroATX Mid Tower,Micro ATX,White,,False,Tempered Glass,36.3,2,True,Vetroo
Thermaltake CTE E550,3339.8,ATX Mid Tower,ATX,Black,,False,Tempered Glass,77.4,3,True,Thermaltake
MagniumGear Neo V2,,ATX Mid Tower,ATX,Black,,False,Tempered Glass,38.3,2,False,MagniumGear
Silverstone ML09,2208.6,HTPC,Mini ITX,Black,,False,Solid,,0,True,SilverStone
Cougar Duoface Pro RGB,,ATX Mid Tower,ATX,White,,False,Tempered Glass,55.4,2,False,Cougar
Gigabyte C301 GLASS V2,,ATX Mid Tower,ATX,Black,,False,Tempered Glass,50.6,2,False,Gigabyte
Jonsbo T8 PLUS,,Mini ITX Desktop,Mini ITX,Black,,False,Tempered Glass,12.5,0,False,Jonsbo
Cooler Master MasterBox MB511,,ATX Mid Tower,ATX,Black / Red,,False,Acrylic,,2,False,Cooler Master
Corsair Obsidian Series 500D Premium,,ATX Mid Tower,ATX,Black,,False,Tinted Tempered Glass,59.4,2,False,Corsair
Antec CX300M RGB,,MicroATX Mini Tower,Micro ATX,Black,,False,Tempered Glass,41.1,2,False,Antec
Cougar Archon 2 RGB,,ATX Mid Tower,ATX,Black,,False,Tempered Glass,37.5,2,False,Cougar
HYTE Y60 Ouro Kronii,5600.0,ATX Mid Tower,ATX,White / Gold,,False,Tempered Glass,60.0,2,True,HYTE
Thermaltake CTE E550,3399.0,ATX Mid Tower,ATX,Green / Black,,False,Tempered Glass,77.4,3,True,Thermaltake
CiT S8i,,MicroATX Desktop,Micro ATX,Black,,False,Solid,8.6,1,False,CiT
MSI MPG Sekira 100R,,ATX Mid Tower,ATX,Black,,False,Tinted Tempered Glass,42.9,2,False,MSI
DAN Cases A4-SFXv4.1,,Mini ITX Desktop,Mini ITX,Silver,,False,Solid,7.5,0,False,DAN Cases
Corsair Graphite Series 600T,,ATX Mid Tower,ATX,White / Black,,False,Acrylic,79.3,6,False,Corsair
Corsair SPEC-OMEGA RGB,,ATX Mid Tower,ATX,White / Black,,False,Tempered Glass,,3,False,Corsair
Chieftec CI-01B-OP,3697.6,MicroATX Desktop,Micro ATX,Black,,False,Solid,33.6,2,True,Chieftec
In Win A3,1391.2,MicroATX Mini Tower,Micro ATX,Black,,False,Tempered Glass,29.9,2,True,In Win
MSI MAG VAMPIRIC 300R MIDNIGHT GREEN,,ATX Mid Tower,ATX,Green,,False,Tempered Glass,54.1,2,False,MSI
KOLINK Stronghold M,,MicroATX Mini Tower,Micro ATX,Black,,False,Tempered Glass,28.5,2,False,KOLINK
Aerocool CS-109-G,,ATX Mid Tower,ATX,Black,,False,Tempered Glass,23.7,2,False,Aerocool
MagniumGear NEO QUBE 2,,ATX Mid Tower,ATX,White,,False,Tempered Glass,55.9,2,False,MagniumGear
be quiet! Silent Base 802,,ATX Mid Tower,ATX,White,,False,Solid,83.8,3,False,be quiet!
Thermaltake CTE T500 Air,,ATX Full Tower,ATX,Black,,False,Tempered Glass,87.3,4,False,Thermaltake
Thermaltake Level 20 MT,,ATX Mid Tower,ATX,Black,,False,Tempered Glass,43.7,2,False,Thermaltake
Cooler Master Elite 100,,MicroATX Slim,Micro ATX,Black,150.0,True,Solid,5.6,2,False,Cooler Master
NZXT Phantom 410,,ATX Mid Tower,ATX,White / Black,,False,Acrylic,58.5,6,False,NZXT
NZXT S340,,ATX Mid Tower,ATX,Black / Red,,False,Acrylic,38.4,3,False,NZXT
Thermaltake Level 20 XT,,ATX Desktop,ATX,Black / Silver,,False,Tempered Glass,126.4,6,False,Thermaltake
Aerocool Cylon Mini,,MicroATX Mini Tower,Micro ATX,Black,,False,Acrylic,,2,False,Aerocool
Cooler Master MasterBox Pro 5 ARGB,,ATX Mid Tower,ATX,Black,,False,Tempered Glass,53.0,2,False,Cooler Master
Corsair 480T,,ATX Mid Tower,ATX,Black,,False,Tempered Glass,45.4,0,False,Corsair
SHARKOON QB ONE,3195.2,Mini ITX Desktop,Mini ITX,Black,,False,Mesh,14.9,2,True,SHARKOON
Antec Performance 1 FT,6117.4,ATX Full Tower,ATX,White,,False,Tempered Glass,62.7,2,True,Antec
MagniumGear Neo Micro V2,,MicroATX Mid Tower,Micro ATX,Silver / Black,,False,Tempered Glass,,2,False,MagniumGear
SHARKOON MK6 RGB,,MicroATX Mid Tower,Micro ATX,White,,False,Tempered Glass,43.6,2,False,SHARKOON
Thermaltake Core P6,3758.0,ATX Mid Tower,ATX,White / Black,,False,Tempered Glass,76.4,4,True,Thermaltake
Fractal Design Meshify 2 Lite,9323.0,ATX Mid Tower,ATX,White / Black,,False,Tempered Glass,61.7,2,True,Fractal Design
Fractal Design Epoch RGB,2599.8,ATX Mid Tower,ATX,White,,False,Tempered Glass,45.1,2,True,Fractal Design
be quiet! Pure Base 500,,ATX Mid Tower,ATX,Gray,,False,Tempered Glass,46.0,2,False,be quiet!
Corsair 6500X,3999.8,ATX Mid Tower,ATX,White / Gray,,False,Tempered Glass,78.3,2,True,Corsair
Phanteks Eclipse P200A DRGB,,Mini ITX Tower,Mini ITX,Black,,False,Tempered Glass,29.9,0,False,Phanteks
Fractal Design Define 7,,ATX Mid Tower,ATX,White,,False,Tempered Glass,62.4,6,False,Fractal Design
Corsair Carbide Series 300R,,ATX Mid Tower,ATX,Black,,False,Solid,45.7,4,False,Corsair
Corsair Vengeance C70,,ATX Mid Tower,ATX,Black,,False,Acrylic,61.4,6,False,Corsair
Fractal Design Node 605,,HTPC,Mini ITX,Black,,False,Solid,25.5,4,False,Fractal Design
Corsair Carbide Series 270R,,ATX Mid Tower,ATX,Black,,False,Acrylic,,2,False,Corsair
Silverstone SETA A2,3999.8,ATX Mid Tower,ATX,Black,,False,Tempered Glass,68.7,11,True,SilverStone
HYTE Watson Amelia Y40,5599.8,ATX Mid Tower,ATX,Gold / Black,,False,Tempered Glass,49.7,1,True,HYTE
SHARKOON VS9,,ATX Mid Tower,ATX,Black,,False,Solid,42.1,2,False,SHARKOON
Deepcool CH780,,ATX Full Tower,ATX,White,,False,Tempered Glass,72.7,2,False,DeepCool
Jonsbo U4 Mini,,MicroATX Desktop,Micro ATX,Black,,False,Tempered Glass,37.6,1,False,Jonsbo
NZXT H7 Elite (2022),3999.8,ATX Mid Tower,ATX,,,False,Tempered Glass,55.8,2,True,NZXT
KOLINK STRONGHOLD,,ATX Mid Tower,ATX,Black,,False,Tinted Tempered Glass,,3,False,KOLINK
Fractal Design Define 7 XL Light,,ATX Full Tower,ATX,Black,,False,Tempered Glass,82.0,6,False,Fractal Design
Fractal Design Define Mini C TG,,MicroATX Mid Tower,Micro ATX,Black,,False,Tempered Glass,36.9,2,False,Fractal Design
NZXT S340,,ATX Mid Tower,ATX,Black / Blue,,False,Acrylic,38.4,3,False,NZXT
Cougar PANZER MAX-G,,ATX Full Tower,ATX,Black,,False,Tempered Glass,90.5,2,False,Cougar
MUSETEX ‎TW8-S6 Mesh,,ATX Mid Tower,ATX,Black,,False,Tempered Glass,39.5,2,False,MUSETEX
Streacom DA6,2780.0,Mini ITX Test Bench,Mini ITX,Silver,,False,Solid,19.9,4,True,Streacom
Antec NX100,,ATX Mid Tower,ATX,Black / Gray,,False,Acrylic,37.7,2,False,Antec
Antec P20C ARGB,,ATX Mid Tower,ATX,Black,,False,Tempered Glass,50.6,2,False,Antec
Mars Gaming MCZW,,MicroATX Mid Tower,Micro ATX,White / Black,,False,Tempered Glass,,1,False,Mars Gaming
Thermaltake Ceres 300 TG ARGB,,ATX Mid Tower,ATX,Black,,False,Tempered Glass,53.9,1,False,Thermaltake
Deepcool CH510 MESH DIGITAL,,ATX Mid Tower,ATX,Black,,False,Tempered Glass,49.2,2,False,DeepCool
Deepcool CH560,,ATX Mid Tower,ATX,White,,False,Tempered Glass,49.6,2,False,DeepCool
Jonsbo D30,,MicroATX Mini Tower,Micro ATX,White,,False,Tempered Glass,26.6,1,False,Jonsbo
Zalman Z10 PLUS,,ATX Mid Tower,ATX,Black,,False,Tempered Glass,51.6,2,False,Zalman
Phanteks Evolv X,,ATX Mid Tower,ATX,Black,,False,Tinted Tempered Glass,64.9,4,False,Phanteks
Cooler Master Elite 430,,ATX Mid Tower,ATX,Black,,False,Acrylic,39.5,5,False,Cooler Master
Raidmax Simplex ATX-618B,,MicroATX Mid Tower,Micro ATX,Black,,False,Solid,43.4,5,False,Raidmax
Cooler Master Storm Trooper,,ATX Full Tower,ATX,Black,,False,Solid,87.7,8,False,Cooler Master
NZXT H500i,,ATX Mid Tower,ATX,Black,,False,Tempered Glass,41.3,3,False,NZXT
NZXT H7,,ATX Mid Tower,ATX,Black,,False,Tempered Glass,55.8,2,False,NZXT
Aerocool Dryft Mini V2,,MicroATX Mid Tower,Micro ATX,Black,,False,Tempered Glass,47.0,1,False,Aerocool
FormD T1 V2.1 Aluminum Coated,,Mini ITX Desktop,Mini ITX,Silver,,False,Mesh,,0,False,FormD
Montech HS01,1798.0,ATX Mid Tower,ATX,White,,False,Tempered Glass,55.3,2,True,Montech
Azza Pyramid Mesh,8399.79,ATX Mid Tower,ATX,Silver / Black,,False,Mesh,140.5,1,True,Azza
HYTE Mori Calliope Y40,6999.8,ATX Mid Tower,ATX,Black / Red,,False,Tempered Glass,49.7,1,True,HYTE
Zalman M2 Mini Silver,,Mini ITX Desktop,Mini ITX,Silver / Black,,False,Tempered Glass,11.6,0,False,Zalman
Azza Legionaire 470,2199.79,ATX Mid Tower,ATX,Black,,False,Mesh,46.8,2,True,Azza
SHARKOON TG6 RGB,,ATX Mid Tower,ATX,Black,,False,Tempered Glass,,3,False,SHARKOON
Corsair Carbide Series Air 240,,MicroATX Mid Tower,Micro ATX,Black,,False,Acrylic,32.8,3,False,Corsair
Cooler Master MasterBox Lite 5 RGB,,ATX Mid Tower,ATX,Black,,False,Tempered Glass,42.7,2,False,Cooler Master
In Win A5,2100.0,ATX Mid Tower,ATX,Black,,False,Tempered Glass,34.9,2,True,In Win
Thermaltake Tower 900 Snow Edition,,ATX Full Tower,ATX,White,,False,Tempered Glass,153.6,6,False,Thermaltake
ADATA XPG Battlecruiser II,3599.8,ATX Mid Tower,ATX,Black,,False,Tempered Glass,62.6,5,True,XPG
Silverstone ML08,2724.4,HTPC,Mini ITX,Black,,False,Acrylic,,0,True,SilverStone
KOLINK Citadel Mesh RGB,,MicroATX Mini Tower,Micro ATX,Black,,False,Tempered Glass,34.5,2,False,KOLINK
be quiet! Silent Base 601,3687.0,ATX Mid Tower,ATX,Black / Silver,,False,Tempered Glass,,3,True,be quiet!
Cougar MX410 MESH-G RGB,,ATX Mid Tower,ATX,Black,,False,Tempered Glass,36.3,2,False,Cougar
Fractal Design Node 202,,HTPC,Mini ITX,Black,450.0,True,Solid,11.0,0,False,Fractal Design
Corsair 5000D,,ATX Mid Tower,ATX,Black,,False,Tempered Glass,66.2,2,False,Corsair
Corsair Carbide Series SPEC-03,,ATX Mid Tower,ATX,Black / Red,,False,Acrylic,36.1,3,False,Corsair
NOX Hummer MC,,ATX Mid Tower,ATX,Black / Red,,False,Acrylic,43.6,2,False,NOX
YEYIAN Armageddon 2200,,ATX Mid Tower,ATX,Black,,False,Tempered Glass,44.0,2,False,YEYIAN
SSUPD Meshroom S V2,,MicroATX Mini Tower,Micro ATX,White,,False,Mesh,14.9,2,False,SSUPD
be quiet! Pure Base 501 Airflow,2298.0,ATX Mid Tower,ATX,White,,False,Tempered Glass,48.1,2,True,be quiet!
GAMDIAS MARS E2,1599.8,MicroATX Mid Tower,Micro ATX,Black,,False,Tempered Glass,,2,True,GAMDIAS
Mars Gaming MC-MPRO,,MicroATX Mini Tower,Micro ATX,,,False,Tempered Glass,29.9,2,False,Mars Gaming
CiT MTX-008B,,Mini ITX Desktop,Mini ITX,Black,300.0,True,Solid,8.6,1,False,CiT
Asus TUF Gaming GT502 Plus,,ATX Mid Tower,ATX,White,,False,Tempered Glass,57.2,4,False,ASUS
Thermaltake Core P1,,Mini ITX Tower,Mini ITX,Black,,False,Tempered Glass,53.2,1,False,Thermaltake
Thermaltake The Tower 200,,Mini ITX Tower,Mini ITX,Pink,,False,Tempered Glass,45.1,2,False,Thermaltake
In Win 101,,ATX Mid Tower,ATX,White,,False,Tempered Glass,48.3,2,False,In Win
GameMax White Diamond ARGB,,ATX Mid Tower,ATX,White / Black,,False,Tempered Glass,,2,False,GameMax
Cooler Master MasterBox NR200P,,Mini ITX Desktop,Mini ITX,Pink / White,,False,Tempered Glass,20.3,2,False,Cooler Master
MSI MPG GUNGNIR 120R,,ATX Mid Tower,ATX,Black,,False,Tempered Glass,45.5,2,False,MSI
Thermaltake Ceres 350 MX,2899.6,ATX Mid Tower,ATX,Green / Black,,False,Tempered Glass,52.5,1,True,Thermaltake
Antec ISK 110 VESA U3,10744.0,Mini ITX Desktop,Mini ITX,Black,90.0,True,Solid,4.1,0,True,Antec
Cougar Duoface RGB,,ATX Mid Tower,ATX,Black,,False,Tempered Glass,43.6,2,False,Cougar
KOLINK Void Rift,,ATX Mid Tower,ATX,Black,,False,Tempered Glass,38.8,2,False,KOLINK
Corsair FRAME 5000D RS ARGB,,ATX Mid Tower,ATX,White,,False,Tempered Glass,75.3,2,False,Corsair
Cooler Master Silencio S400,7139.6,MicroATX Mini Tower,Micro ATX,Black,,False,Tempered Glass,,4,True,Cooler Master
Mars Gaming MCM,,MicroATX Mini Tower,Micro ATX,Black,,False,Tempered Glass,20.5,2,False,Mars Gaming
SHARKOON PURE STEEL RGB,,ATX Mid Tower,ATX,Black,,False,Tempered Glass,,3,False,SHARKOON
Thermaltake Core W100,,ATX Full Tower,ATX,Black,,False,Acrylic,,10,False,Thermaltake
Cougar Conquer 2,,ATX Mid Tower,ATX,Black / Orange,,False,Tempered Glass,172.8,2,False,Cougar
Thermaltake Core P6,,ATX Mid Tower,ATX,Green / Black,,False,Tempered Glass,76.4,4,False,Thermaltake
NZXT H210,,Mini ITX Tower,Mini ITX,Black / Red,,False,Tempered Glass,27.3,1,False,NZXT
Corsair Obsidian Series 800D,,ATX Full Tower,ATX,Black,,False,Acrylic,84.6,2,False,Corsair
Raidmax Cyclone,,ATX Mid Tower,ATX,Black / Red,,False,Solid,34.1,5,False,Raidmax
Cooler Master Cosmos II,,ATX Full Tower,ATX,Black,,False,Solid,160.8,13,False,Cooler Master
Cooler Master MasterBox 5,,ATX Mid Tower,ATX,Black,,False,Acrylic,52.2,2,False,Cooler Master
Phanteks ECLIPSE G500A Performance,,ATX Mid Tower,ATX,Black,,False,Tempered Glass,61.8,2,False,Phanteks
GALAX REV-05,,ATX Full Tower,ATX,White,,False,Tempered Glass,39.5,2,False,GALAX
MagniumGear Neo Air 2,,ATX Mid Tower,ATX,Black / Brown,,False,Tempered Glass,41.9,2,False,MagniumGear
Aerocool Cipher,3720.0,ATX Mid Tower,ATX,Black,,False,Solid,48.2,12,True,Aerocool
Mars Gaming MC-CORE,2076.0,MicroATX Mid Tower,Micro ATX,Black,,False,Tempered Glass,14.6,3,True,Mars Gaming
Azza Elise,1399.6,MicroATX Mid Tower,Micro ATX,Black / Pink,,False,Tempered Glass,34.4,2,True,Azza
Thermaltake CTE T500,3099.6,ATX Full Tower,ATX,Black,,False,Tempered Glass,87.3,4,True,Thermaltake
KOLINK Inspire K12 ARGB,,ATX Mid Tower,ATX,Black,,False,Tempered Glass,35.0,2,False,KOLINK
Streacom DA6 XL,,Mini ITX Test Bench,Mini ITX,Black / Silver,,False,Solid,21.5,4,False,Streacom
SSUPD Meshroom D,,Mini ITX Desktop,Mini ITX,White,,False,Mesh,15.0,3,False,SSUPD
Fractal Design Define XL R2,,ATX Full Tower,ATX,Black,,False,Solid,72.1,8,False,Fractal Design
Jonsbo D400,,ATX Mid Tower,ATX,Black,,False,Tempered Glass,59.9,2,False,Jonsbo
Thermaltake The Tower 500,,ATX Mid Tower,ATX,White,,False,Tempered Glass,93.9,8,False,Thermaltake
Cougar Uniface,,ATX Mid Tower,ATX,Black,,False,Tempered Glass,53.9,2,False,Cougar
NOX Hummer ASTRA,,ATX Mid Tower,ATX,Black,,False,Tempered Glass,54.7,2,False,NOX
Cooler Master Storm Enforcer,,ATX Mid Tower,ATX,Black,,False,Acrylic,57.5,6,False,Cooler Master
Phanteks Eclipse P300,,ATX Mid Tower,ATX,,,False,Tinted Tempered Glass,36.0,2,False,Phanteks
Silverstone TJ08B-E,3119.4,MicroATX Mini Tower,Micro ATX,Black,,False,Solid,30.2,4,True,SilverStone
Silverstone CS380,5064.0,ATX Mid Tower,ATX,Black,,False,Solid,45.0,8,True,SilverStone
Silverstone FARA H1M,1457.8,MicroATX Mini Tower,Micro ATX,White,,False,Tempered Glass,30.1,2,True,SilverStone
Montech HS01 PRO,2298.0,ATX Mid Tower,ATX,White,,False,Tempered Glass,55.3,2,True,Montech
Geometric Future M4 King Arthur,,ATX Mid Tower,ATX,Black / Yellow,,False,Tempered Glass,37.9,2,False,Geometric Future
darkFlash J11,1599.6,ATX Mid Tower,ATX,Black,,False,Tempered Glass,38.7,2,True,darkFlash
KOLINK UNITY PEAK ARGB,,ATX Mid Tower,ATX,Black,,False,Tempered Glass,41.0,2,False,KOLINK
Fractal Design Meshify 2 Compact TG Light Tint,,ATX Mid Tower,ATX,Gray / Black,,False,Tempered Glass,42.3,2,False,Fractal Design
Cooler Master Cosmos C700P Black Edition,,ATX Full Tower,ATX,Black,,False,Tempered Glass,127.3,2,False,Cooler Master
Thermaltake View 51 ARGB Edition,,ATX Full Tower,ATX,Black,,False,Tempered Glass,91.0,2,False,Thermaltake
Fractal Design Ridge PCIe 3.0,,Mini ITX Tower,Mini ITX,Black,,False,Mesh,16.3,0,False,Fractal Design
Deepcool MATREXX 55,,ATX Mid Tower,ATX,Black,,False,Tempered Glass,,2,False,DeepCool
Antec NX200M RGB,,MicroATX Mini Tower,Micro ATX,Black,,False,Tempered Glass,30.6,2,False,Antec
eBlaztr eBlaztr,,Mini ITX Desktop,Mini ITX,Black,,False,Mesh,19.4,0,False,Desconocida
Thermaltake Core P3 TG Snow Edition,,ATX Mid Tower,ATX,White,,False,Tempered Glass,80.1,2,False,Thermaltake
Corsair Graphite Series 760T,,ATX Full Tower,ATX,White,,False,Acrylic,78.8,6,False,Corsair
Corsair Carbide Series 88R,,MicroATX Mid Tower,Micro ATX,Black,,False,Acrylic,,2,False,Corsair
Corsair Carbide Series SPEC-ALPHA,,ATX Mid Tower,ATX,Black / Red,,False,Acrylic,,3,False,Corsair
NZXT H210i,,Mini ITX Tower,Mini ITX,Black,,False,Tempered Glass,27.3,1,False,NZXT
"BitFenix BitFenix Neos Window Side Panel Computer Case, White/Red BFC-NEO-100-WWWKR-RP, ATX/Micro ATX/Mini-ITX Form Factor, Compatible with ATX PSU",,ATX Mid Tower,ATX,White / Red,,False,Acrylic,37.0,3,False,BitFenix
Phanteks Enthoo Pro,,ATX Full Tower,ATX,Black,,False,Solid,68.6,6,False,Phanteks
Gigabyte AORUS C400,6580.4,ATX Mid Tower,ATX,Black,,False,Tempered Glass,42.8,2,True,Gigabyte
KOLINK Observatory MX Glass ARGB,,ATX Mid Tower,ATX,Black,,False,Tempered Glass,30.8,2,False,KOLINK
Cooler Master MasterBox MB600L V2,,ATX Mid Tower,ATX,Black,,False,Tempered Glass,37.7,2,False,Cooler Master
be quiet! Shadow Base 800 DX,2958.0,ATX Mid Tower,ATX,White,,False,Tempered Glass,70.9,2,True,be quiet!
Fractal Design Pop Silent,,ATX Mid Tower,ATX,White,,False,Tempered Glass,46.2,2,False,Fractal Design
SHARKOON VK2 RGB,,ATX Mid Tower,ATX,Black,,False,Tempered Glass,40.5,2,False,SHARKOON
Chieftec BE-10B-300,,MicroATX Mini Tower,Micro ATX,Black,300.0,True,Solid,8.8,2,False,Chieftec
Fractal Design Meshify 2 Compact RGB,,ATX Mid Tower,ATX,White,,False,Tempered Glass,42.3,2,False,Fractal Design
NZXT H7 Elite (2022),,ATX Mid Tower,ATX,,,False,Tempered Glass,55.8,2,False,NZXT
Deepcool CG540,,ATX Mid Tower,ATX,Black,,False,Tempered Glass,49.2,2,False,DeepCool
Jonsbo D31 STD Screen,,MicroATX Mini Tower,Micro ATX,Black,,False,Tempered Glass,31.3,1,False,Jonsbo
Segotep Phoenix T1,,ATX Mid Tower,ATX,White,,False,Tempered Glass,65.5,2,False,Segotep
APNX V1,,ATX Mid Tower,ATX,Black,,False,Tempered Glass,70.4,2,False,APNX
Fractal Design Node 304,,Mini ITX Tower,Mini ITX,White,,False,Solid,19.5,6,False,Fractal Design
Antec TORQUE,,ATX Mid Tower,ATX,Black / Red,,False,Tempered Glass,114.0,1,False,Antec
NOX Hummer Quantum,,ATX Mid Tower,ATX,Black,,False,Tempered Glass,47.9,2,False,NOX
Thermaltake Level 20 VT,,MicroATX Desktop,Micro ATX,Black / Silver,,False,Tempered Glass,49.4,3,False,Thermaltake
Fractal Design Arc Midi R2,,ATX Mid Tower,ATX,Black,,False,Acrylic,55.6,8,False,Fractal Design
NZXT Noctis 450,,ATX Mid Tower,ATX,Black / Red,,False,Acrylic,,6,False,NZXT
NZXT H710i,3833.0,ATX Mid Tower,ATX,Black / Red,,False,Tempered Glass,58.6,4,True,NZXT
Segotep Phoenix,,ATX Mid Tower,ATX,Black,,False,Tempered Glass,52.9,2,False,Segotep
Svive Halo S650,,ATX Mid Tower,ATX,Black,,False,Tempered Glass,,2,False,Desconocida
Lian Li Lancool 170M,,MicroATX Mini Tower,Micro ATX,Black,,False,Tempered Glass,22.2,1,False,Lian Li
Aerocool P300C,,MicroATX Mini Tower,Micro ATX,White,,False,Tempered Glass,49.8,2,False,Aerocool
KOLINK UNITY CODE X,,ATX Mid Tower,ATX,Black,,False,Tempered Glass,,2,False,KOLINK
Mars Gaming MC-S1,,MicroATX Mini Tower,Micro ATX,Pink,,False,Acrylic,18.6,1,False,Mars Gaming
Lian Li LL01,3099.8,ATX Mid Tower,ATX,Black,,False,Tempered Glass,49.5,2,True,Lian Li
Silverstone ML04 Type-C,2817.0,HTPC,Mini ITX,Black,,False,Mesh,16.0,2,True,SilverStone
Thermaltake Versa H24,3220.0,ATX Mid Tower,ATX,Black,,False,Solid,42.6,3,True,Thermaltake
Azza Cube 802 RGB,7599.8,ATX Mid Tower,ATX,Black,,False,Tempered Glass,,1,True,Azza
Silverstone SUGO 14,,Mini ITX Desktop,Mini ITX,White,,False,Solid,19.5,0,False,SilverStone
MSI MPG GUNGNIR 110M,,ATX Mid Tower,ATX,Black,,False,Tempered Glass,41.6,2,False,MSI
Thermaltake Core X71,,ATX Full Tower,ATX,Black,,False,Acrylic,,3,False,Thermaltake
SSUPD Meshroom S w/PCIe 4.0 Riser,,ATX Mini Tower,ATX,Green,,False,Mesh,14.9,0,False,SSUPD
Lian Li O11D XL-A,,ATX Full Tower,ATX,Silver / Black,,False,Tempered Glass,68.9,4,False,Lian Li
DIYPC V3Plus,,Mini ITX Tower,Mini ITX,Black,,False,Solid,10.5,1,False,DIYPC
Corsair Carbide Series 600C,,ATX Full Tower,ATX,Black,,False,Acrylic,63.2,2,False,Corsair
Rosewill NAUTILUS,,ATX Mid Tower,ATX,Black / Blue,,False,Acrylic,,3,False,Rosewill
Enermax StarryFort SF30,,ATX Mid Tower,ATX,Black,,False,Tempered Glass,,2,False,Enermax
Rosewill CULLINAN V500 RGB,,ATX Mid Tower,ATX,Black,,False,Tempered Glass,,2,False,Rosewill
Cougar FV270 RGB,,ATX Mid Tower,ATX,Black,,False,Tempered Glass,72.7,2,False,Cougar
APNX V1,,ATX Mid Tower,ATX,White / Brown,,False,Tempered Glass,70.4,2,False,APNX
RAIJINTEK Metis Plus,1498.0,Mini ITX Tower,Mini ITX,White,,False,Acrylic,13.4,2,True,RAIJINTEK
Silverstone DS380B,4439.8,Mini ITX Tower,Mini ITX,Black,,False,Solid,,0,True,SilverStone
Cooler Master Elite 500 ODD,,ATX Mid Tower,ATX,Black,,False,Tempered Glass,43.1,2,False,Cooler Master
Fractal Design Torrent Compact,,ATX Mid Tower,ATX,White,,False,Tempered Glass,46.7,1,False,Fractal Design
Silverstone FARA 512Z,1889.19,ATX Mid Tower,ATX,Black,,False,Tempered Glass,43.3,2,True,SilverStone
Thermaltake Ceres 350 MX,2799.8,ATX Mid Tower,ATX,Blue,,False,Tempered Glass,52.5,1,True,Thermaltake
Armoury D60,,ATX Mid Tower,ATX,Black,,False,Tempered Glass,59.3,1,False,Desconocida
Nanoxia NXDS4B,,MicroATX Mini Tower,Micro ATX,Black,,False,Solid,,6,False,Nanoxia
LC-Power Gaming 8001B Pro-Storm,,ATX Mid Tower,ATX,White,,False,Tempered Glass,53.6,2,False,LC-Power
Gigabyte C301 GLASS,,ATX Mid Tower,ATX,White,,False,Tempered Glass,50.6,2,False,Gigabyte
NZXT Phantom 820,,ATX Full Tower,ATX,Black,,False,Acrylic,92.8,6,False,NZXT
Cooler Master HAF 912 New,,ATX Mid Tower,ATX,Black,,False,Solid,,6,False,Cooler Master
Thermaltake View 31 TG,,ATX Mid Tower,ATX,Black,,False,Acrylic,63.5,3,False,Thermaltake
be quiet! Dark Base Pro 900 Rev. 2,,ATX Full Tower,ATX,Black,,False,Tempered Glass,,7,False,be quiet!
Zalman i3,,ATX Mid Tower,ATX,Black,,False,Tempered Glass,39.8,2,False,Zalman
Antec AX20 Elite,,ATX Mid Tower,ATX,Black,,False,Tempered Glass,33.4,2,False,Antec
Silverstone FARA R1 PRO,1839.8,ATX Mid Tower,ATX,Black,,False,Tempered Glass,36.0,1,True,SilverStone
Geometric Future Model 5 Vent,2998.0,ATX Mid Tower,ATX,Black,,False,Tempered Glass,53.8,2,True,Geometric Future
In Win F5,2980.0,ATX Full Tower,ATX,Black,,False,Tempered Glass,65.1,2,True,In Win
SHARKOON VK3,,ATX Mid Tower,ATX,Black,,False,Solid,40.5,2,False,SHARKOON
Thermaltake View 71 TG,3999.8,ATX Full Tower,ATX,Black,,False,Acrylic,,4,True,Thermaltake
Aerocool Atomic V1,,MicroATX Mini Tower,Micro ATX,Black,,False,Tempered Glass,36.2,2,False,Aerocool
Mars Gaming MC-400,,MicroATX Mini Tower,Micro ATX,White,,False,Tempered Glass,29.9,2,False,Mars Gaming
KOLINK Stronghold Prism,,ATX Mid Tower,ATX,Black,,False,Tempered Glass,37.6,2,False,KOLINK
Gigabyte C301 GLASS V2,,ATX Mid Tower,ATX,White,,False,Tempered Glass,50.6,2,False,Gigabyte
Cooler Master MasterBox NR200P,,Mini ITX Desktop,Mini ITX,Blue,,False,Tempered Glass,20.3,2,False,Cooler Master
iTek Dark Cave DS,,ATX Mid Tower,ATX,Black,,False,Tempered Glass,49.6,2,False,Desconocida
Aerocool AirHawk Duo,,ATX Mid Tower,ATX,Black,,False,Tempered Glass,,2,False,Aerocool
Thermaltake Suppressor F31,,ATX Mid Tower,ATX,Black,,False,Solid,,3,False,Thermaltake
SSUPD Meshlicious,,Mini ITX Tower,Mini ITX,White,,False,Tempered Glass,14.7,0,False,SSUPD
Deepcool CK500 WH,,ATX Mid Tower,ATX,White / Black,,False,Tempered Glass,49.4,2,False,DeepCool
Deepcool CC560 ARGB,,ATX Mid Tower,ATX,Black,,False,Tempered Glass,41.7,2,False,DeepCool
Deepcool MATREXX 55 V3 ADD-RGB WH 3F,,ATX Mid Tower,ATX,White / Black,,False,Tempered Glass,,2,False,DeepCool
Cougar Airface RGB,,ATX Mid Tower,ATX,Black,,False,Tempered Glass,43.6,2,False,Cougar
Phanteks ECLIPSE P500A,,ATX Mid Tower,ATX,White,,False,Tempered Glass,,2,False,Phanteks
iBuypower Element 9 PRO,2699.8,ATX Mid Tower,ATX,White,,False,Tempered Glass,49.2,2,True,iBuypower
Cooler Master HAF 922,,ATX Mid Tower,ATX,Black,,False,Solid,71.5,5,False,Cooler Master
darkFlash DLX21 Mesh,,ATX Mid Tower,ATX,Black,,False,Tempered Glass,,2,False,darkFlash
Montech X3 Glass,,ATX Mid Tower,ATX,Black,,False,Tempered Glass,,2,False,Montech
Aerocool Prism V1,1505.2,ATX Mid Tower,ATX,Black,,False,Tempered Glass,41.7,2,True,Aerocool
Geometric Future Model 5 Vent,2998.0,ATX Mid Tower,ATX,Black / Yellow,,False,Tempered Glass,53.8,2,True,Geometric Future
In Win ModFree Deluxe,5380.0,ATX Full Tower,ATX,Black,,False,Tempered Glass,84.5,1,True,In Win
PC Cooler CPS C3D310 ARGB,,MicroATX Mid Tower,Micro ATX,White,,False,Tempered Glass,36.6,2,False,PC Cooler
Apevia Prism Elite,2119.79,ATX Mid Tower,ATX,Black,,False,Tempered Glass,47.9,2,True,Apevia
Zalman M4,,MicroATX Mini Tower,Micro ATX,White,,False,Tempered Glass,34.0,2,False,Zalman
In Win 503,,ATX Mid Tower,ATX,Black / Red,,False,Acrylic,,4,False,In Win
Antec P120 Crystal,,ATX Mid Tower,ATX,Black,,False,Tempered Glass,,2,False,Antec
Zalman Z10,,ATX Mid Tower,ATX,Black,,False,Tempered Glass,51.6,2,False,Zalman
Zalman CHRONIX,,ATX Mid Tower,ATX,White,,False,Tempered Glass,45.7,2,False,Zalman
Thermaltake Versa H22,,ATX Mid Tower,ATX,Black,,False,Solid,42.8,0,False,Thermaltake
Jonsbo D31 STD Screen,,MicroATX Mini Tower,Micro ATX,White,,False,Tempered Glass,31.3,1,False,Jonsbo
Zalman Z3 Iceberg,,ATX Mid Tower,ATX,White,,False,Tempered Glass,41.3,2,False,Zalman
NZXT H5 Flow Starfield,,ATX Mid Tower,ATX,White / Blue,,False,Tempered Glass,47.0,1,False,NZXT
Antec CX800 RGB ELITE,,ATX Mid Tower,ATX,White,,False,Tempered Glass,51.2,2,False,Antec
BitFenix Prodigy,,Mini ITX Tower,Mini ITX,Black,,False,Solid,36.0,5,False,BitFenix
NZXT Source 530,,ATX Full Tower,ATX,Black,,False,Acrylic,60.4,6,False,NZXT
EVGA Hadron,,Mini ITX Tower,Mini ITX,Black,500.0,True,Acrylic,14.2,2,False,EVGA
Phanteks Enthoo Pro M,,ATX Mid Tower,ATX,Black,,False,Acrylic,56.4,2,False,Phanteks
Empire Gaming Warfare,,ATX Mid Tower,ATX,Black,,False,Acrylic,49.3,2,False,Desconocida
Vetroo AL600,,ATX Mid Tower,ATX,Pink,,False,Tempered Glass,41.7,3,False,Vetroo
Aerocool Falcon V2,,ATX Mid Tower,ATX,Black,,False,Tempered Glass,33.6,1,False,Aerocool
Thermaltake Divider 170 TG Snow ARGB,,MicroATX Mid Tower,Micro ATX,White / Black,,False,Tempered Glass,36.5,2,False,Thermaltake
Apevia Destiny Flow,,ATX Mid Tower,ATX,White,,False,Tempered Glass,,2,False,Apevia
Thermaltake Core P6,,ATX Mid Tower,ATX,Black,,False,Tempered Glass,76.4,4,False,Thermaltake
Deepcool CH510,,ATX Mid Tower,ATX,White / Black,,False,Tempered Glass,47.1,2,False,DeepCool
NOX HUMMER HORUS,,ATX Mid Tower,ATX,Black,,False,Tempered Glass,42.5,2,False,NOX
Cougar MX600 RGB,,ATX Full Tower,ATX,White,,False,Tempered Glass,57.8,1,False,Cougar
ADATA XPG STARKER AIR,,ATX Mid Tower,ATX,Black,,False,Tempered Glass,40.0,2,False,XPG
Corsair Carbide Series 300R Windowed,,ATX Mid Tower,ATX,Black,,False,Acrylic,45.7,4,False,Corsair
Cooler Master N300,,ATX Mid Tower,ATX,Black,,False,Solid,39.5,7,False,Cooler Master
Cooler Master MasterBox MB520 RGB,,ATX Mid Tower,ATX,Black,,False,Tempered Glass,,2,False,Cooler Master
Fractal Design Meshify S2,,ATX Mid Tower,ATX,Black,,False,Tempered Glass,58.3,3,False,Fractal Design
Corsair Carbide Series Air 540,,ATX Mid Tower,ATX,White / Black,,False,Acrylic,62.6,2,False,Corsair
In Win 303,,ATX Mid Tower,ATX,White,,False,Tempered Glass,,2,False,In Win
Corsair Carbide Series 400C,,ATX Mid Tower,ATX,White,,False,Acrylic,42.4,2,False,Corsair
Fractal Design Define R6 USB-C Blackout,,ATX Mid Tower,ATX,Black,,False,Solid,56.7,6,False,Fractal Design
Tecware Nexus,,ATX Mid Tower,ATX,Black,,False,Tempered Glass,,2,False,Tecware
Rosewill Helium Flow RGB,1799.8,ATX Mid Tower,ATX,Black,,False,Tempered Glass,50.5,3,True,Rosewill
Cooler Master MasterBox MB400L with ODD,1421.2,MicroATX Mini Tower,Micro ATX,Black,,False,Solid,35.4,2,True,Cooler Master
Cooler Master Elite 302,1620.6,MicroATX Mini Tower,Micro ATX,White / Black,,False,Tempered Glass,34.1,1,True,Cooler Master
Silverstone GD07B,4601.39,HTPC,Mini ITX,Black,,False,Solid,33.4,5,True,SilverStone
Antec Performance 1 SILENT,,ATX Full Tower,ATX,Black / Silver,,False,Solid,62.7,2,False,Antec
Silverstone ALTA G1M,3422.6,MicroATX Mid Tower,Micro ATX,,,False,Solid,,4,True,SilverStone
Fractal Design Focus G,,ATX Mid Tower,ATX,Black / Red,,False,Acrylic,42.2,2,False,Fractal Design
ADATA XPG STARKER AIR,1799.8,ATX Mid Tower,ATX,Pink,,False,Tempered Glass,40.0,2,True,XPG
Apevia Prism Elite,2119.79,ATX Mid Tower,ATX,White,,False,Tempered Glass,47.9,2,True,Apevia
Thermaltake View 27,,ATX Mid Tower,ATX,Black,,False,Acrylic,,2,False,Thermaltake
Deepcool CK560,,ATX Mid Tower,ATX,White / Black,,False,Tempered Glass,,2,False,DeepCool
Thermaltake CTE C750 ARGB,3699.6,ATX Full Tower,ATX,White,,False,Tempered Glass,110.7,7,True,Thermaltake
Cooler Master MasterBox NR200P,,Mini ITX Desktop,Mini ITX,Orange,,False,Tempered Glass,20.3,2,False,Cooler Master
be quiet! Dark Base 701,4798.0,ATX Mid Tower,ATX,White,,False,Tempered Glass,73.6,2,True,be quiet!
KOLINK Citadel Mesh ARGB,,ATX Mid Tower,ATX,Black,,False,Tempered Glass,51.4,2,False,KOLINK
Cooler Master MasterBox NR200P,,Mini ITX Desktop,Mini ITX,Purple,,False,Tempered Glass,20.3,2,False,Cooler Master
GAMDIAS ARGUS M1,,ATX Mid Tower,ATX,Black,,False,Tempered Glass,43.5,2,False,GAMDIAS
Cooler Master Silencio 352,,MicroATX Mini Tower,Micro ATX,Black,,False,Solid,,2,False,Cooler Master
Thermaltake Chaser MK-I,,ATX Full Tower,ATX,Black,,False,Acrylic,77.9,6,False,Thermaltake
In Win BQ656T.AD120TBL,,Mini ITX Desktop,Mini ITX,Black,120.0,True,Solid,3.3,0,False,In Win
NZXT Phantom 530,,ATX Full Tower,ATX,White,,False,Acrylic,72.7,6,False,NZXT
Corsair Carbide Series 275R,,ATX Mid Tower,ATX,Black,,False,Acrylic,44.2,2,False,Corsair
NZXT H700,,ATX Mid Tower,ATX,White,,False,Tempered Glass,58.6,2,False,NZXT
NZXT H200,,Mini ITX Tower,Mini ITX,White,,False,Tempered Glass,27.3,1,False,NZXT
Phanteks Eclipse P600S,,ATX Mid Tower,ATX,White / Black,,False,Tinted Tempered Glass,,4,False,Phanteks
Deepcool MACUBE 310,,ATX Mid Tower,ATX,White,,False,Tempered Glass,45.2,2,False,DeepCool
Lian Li O11D-PCMR,,ATX Full Tower,ATX,Black,,False,Tinted Tempered Glass,54.0,3,False,Lian Li
SilentiumPC Ventum VT4V EVO TG ARGB,,ATX Mid Tower,ATX,Black,,False,Tempered Glass,,3,False,SilentiumPC
aigo AZ300,,ATX Mid Tower,ATX,White,,False,Tempered Glass,49.6,2,False,Desconocida
GameMax Vista M,,MicroATX Mini Tower,Micro ATX,White,,False,Tempered Glass,40.9,2,False,GameMax
Cougar FV270 RGB,,ATX Mid Tower,ATX,White,,False,Tempered Glass,72.7,2,False,Cougar
SAMA IM01 Pro,,MicroATX Mini Tower,Micro ATX,White,,False,Tempered Glass,26.1,4,False,SAMA
FormD T1 V2.1 Steel Coated,,Mini ITX Desktop,Mini ITX,Silver,,False,Mesh,,0,False,FormD
Asus Prime AP202,,MicroATX Mid Tower,Micro ATX,Black,,False,Tempered Glass,47.9,2,False,ASUS
Chieftec BS-10B-300,3340.4,MicroATX Mini Tower,Micro ATX,Black,300.0,True,Solid,14.4,1,True,Chieftec
Apevia Genesis Pro,1599.6,ATX Mid Tower,ATX,Black,,False,Tempered Glass,35.7,3,True,Apevia
G.Skill Z5i,2799.8,Mini ITX Tower,Mini ITX,Black,,False,Tempered Glass,24.4,1,True,G.Skill
Silverstone Precision PS15 RGB,1463.0,MicroATX Mid Tower,Micro ATX,Black,,False,Tempered Glass,25.7,1,True,SilverStone
Silverstone CS381B,9159.79,MicroATX Desktop,Micro ATX,Black,,False,Solid,,0,True,SilverStone
Thermaltake H570 TG ARGB,2499.6,ATX Mid Tower,ATX,White,,False,Tempered Glass,48.8,2,True,Thermaltake
Aerocool Delta,,ATX Mid Tower,ATX,Black,,False,Tempered Glass,30.3,2,False,Aerocool
Thermaltake The Tower 250,2649.8,Mini ITX Tower,Mini ITX,Yellow / Brown,,False,Tempered Glass,42.7,1,True,Thermaltake
Cougar Gemini M,3188.6,MicroATX Mini Tower,Micro ATX,Black,,False,Tempered Glass,35.7,2,True,Cougar
Enermax MarbleShell MS31 RGB,,ATX Mid Tower,ATX,White,,False,Tempered Glass,41.0,2,False,Enermax
Azza Pyramid Mini 806,6799.8,Mini ITX Tower,Mini ITX,Silver / Black,,False,Tempered Glass,,0,True,Azza
Lian Li TU150,,Mini ITX Desktop,Mini ITX,Silver,,False,Solid,23.8,1,False,Lian Li
MSI MAG VAMPIRIC 300R,,ATX Mid Tower,ATX,Black,,False,Tempered Glass,54.1,2,False,MSI
Antec P20C,,ATX Mid Tower,ATX,White,,False,Tempered Glass,50.6,2,False,Antec
GameMax Spark,,MicroATX Mid Tower,Micro ATX,Black,,False,Tempered Glass,26.5,1,False,GameMax
Aerocool Cronus,2398.19,ATX Mid Tower,ATX,Black,,False,Tempered Glass,54.0,3,True,Aerocool
iTek DARK CAVE,,ATX Mid Tower,ATX,Black,,False,Tempered Glass,54.7,2,False,Desconocida
iBuypower Element 9,2299.79,ATX Mid Tower,ATX,White,,False,Tempered Glass,49.2,2,True,iBuypower
Antec Three Hundred Two,,ATX Mid Tower,ATX,Black,,False,Solid,54.9,6,False,Antec
Deepcool TESSERACT BF,,ATX Mid Tower,ATX,Black / Red,,False,Acrylic,36.4,4,False,DeepCool
In Win H-Frame 2.0,,ATX Full Tower,ATX,,1065.0,True,Tempered Glass,,6,False,In Win
Corsair Carbide Series 275Q,,ATX Mid Tower,ATX,Black,,False,Solid,44.1,2,False,Corsair
Fractal Design Era ITX,,Mini ITX Desktop,Mini ITX,Silver / Black,,False,Solid,16.7,1,False,Fractal Design
Anidees AI CRYSTAL XL PRO,,ATX Full Tower,ATX,Black,,False,Tempered Glass,,0,False,Anidees
CiT S8i-300,,MicroATX Desktop,Micro ATX,Black,300.0,True,Solid,8.6,1,False,CiT
In Win DUBILI,,ATX Full Tower,ATX,Gold / Black,,False,Tempered Glass,72.4,2,False,In Win
Silverstone FTZ01,3653.0,Mini ITX Desktop,Mini ITX,Black,,False,Solid,,1,True,SilverStone
Corsair FRAME 5000D RS,,ATX Mid Tower,ATX,White,,False,Tempered Glass,75.3,2,False,Corsair
HYTE REVOLT 3,4999.8,Mini ITX Tower,Mini ITX,Black,700.0,True,Mesh,18.4,1,True,HYTE
Silverstone RVZ02B,2379.6,HTPC,Mini ITX,Black / Clear,,False,Acrylic,,1,True,SilverStone
Enermax MarbleShell MS31 RGB,,ATX Mid Tower,ATX,Black,,False,Tempered Glass,41.0,2,False,Enermax
Zalman S5,,ATX Mid Tower,ATX,White / Black,,False,Tempered Glass,,2,False,Zalman
Fractal Design Meshify 2 XL,,ATX Full Tower,ATX,Black,,False,Tinted Tempered Glass,81.5,6,False,Fractal Design
MSI MPG SEKIRA 500X,,ATX Mid Tower,ATX,Black,,False,Tempered Glass,67.1,4,False,MSI
BGears b-Voguish RGB,1679.8,ATX Mid Tower,ATX,Black,,False,Tempered Glass,40.8,2,True,BGears
Phanteks Evolv Shift 2,,Mini ITX Tower,Mini ITX,Gray,,False,Tempered Glass,22.8,1,False,Phanteks
Cooler Master MasterBox K501L RGB,,ATX Mid Tower,ATX,Black,,False,Tempered Glass,,2,False,Cooler Master
Corsair Carbide Series SPEC-06,,ATX Mid Tower,ATX,Black / Red,,False,Tempered Glass,,2,False,Corsair
Aerocool Rift,,ATX Mid Tower,ATX,Black,,False,Acrylic,36.9,2,False,Aerocool
NZXT Phantom 530,,ATX Full Tower,ATX,Red,,False,Acrylic,72.7,6,False,NZXT
Phanteks Enthoo Luxe TG,,ATX Full Tower,ATX,Black,,False,Tinted Tempered Glass,72.4,6,False,Phanteks
SHARKOON TG5,,ATX Mid Tower,ATX,Black / Blue,,False,Acrylic,,3,False,SHARKOON
Cooler Master MasterCase H500P,,ATX Mid Tower,ATX,Black,,False,Tempered Glass,,2,False,Cooler Master
Anidees AI Crystal XL AR,,ATX Full Tower,ATX,Black,,False,Tempered Glass,86.7,0,False,Anidees
Phanteks Evolv X,,ATX Mid Tower,ATX,Gray,,False,Tinted Tempered Glass,64.9,4,False,Phanteks
Phanteks Eclipse P600S,,ATX Mid Tower,ATX,Black,,False,Solid,,4,False,Phanteks
Antec TORQUE,,ATX Mid Tower,ATX,White,,False,Tempered Glass,114.0,1,False,Antec
Thermaltake S300 Tempered Glass Edition,,ATX Mid Tower,ATX,Black,,False,Tempered Glass,,2,False,Thermaltake
Xigmatek Master X,,ATX Mid Tower,ATX,Black,600.0,True,Tempered Glass,,2,False,Xigmatek
NZXT H7,,ATX Mid Tower,ATX,White / Black,,False,Tempered Glass,55.8,2,False,NZXT
GAMDIAS ATLAS P1,,ATX Mid Tower,ATX,Black,,False,Tempered Glass,58.8,2,False,GAMDIAS
Chieftec CN-01B-OP,1883.0,Mini ITX Desktop,Mini ITX,Black,,False,Mesh,13.0,3,True,Chieftec
Geometric Future M4 Caliburn,,ATX Mid Tower,ATX,Black / Silver,,False,Tempered Glass,37.9,2,False,Geometric Future
Cooler Master MasterCase H100,3420.0,Mini ITX Desktop,Mini ITX,Black,,False,Solid,,1,True,Cooler Master
CiT Range,,ATX Mid Tower,ATX,Black,,False,Tempered Glass,26.8,1,False,CiT
Corsair 5000T,4899.8,ATX Mid Tower,ATX,White,,False,Tempered Glass,74.5,2,True,Corsair
DIYPC MA08,,MicroATX Mini Tower,Micro ATX,Black,,False,Solid,20.5,1,False,DIYPC
Fractal Design Define Mini,,MicroATX Mini Tower,Micro ATX,Black,,False,Solid,40.5,6,False,Fractal Design
Montech AIR 1000 SILENT,,ATX Mid Tower,ATX,Black,,False,Solid,,2,False,Montech
Cooler Master MasterBox 520 Mesh,,ATX Mid Tower,ATX,White,,False,Tempered Glass,52.5,2,False,Cooler Master
Zalman Z3 Iceberg,,ATX Mid Tower,ATX,Black,,False,Tempered Glass,41.3,2,False,Zalman
Thermaltake Versa N21,,ATX Mid Tower,ATX,Black,,False,Acrylic,51.5,3,False,Thermaltake
NZXT H440,,ATX Mid Tower,ATX,Black,,False,Acrylic,53.3,8,False,NZXT
Cooler Master Cosmos C700P,,ATX Full Tower,ATX,Black / Silver,,False,Tempered Glass,127.3,2,False,Cooler Master
Streacom BC1,,ATX Test Bench,ATX,Black,,False,Solid,,2,False,Streacom
GameMax Centauri,,MicroATX Mid Tower,Micro ATX,Black / Gray,,False,Acrylic,34.7,2,False,GameMax
Xigmatek Athena,,ATX Mid Tower,ATX,Black,,False,Tempered Glass,35.7,2,False,Xigmatek
Lian Li A4-H20 X3,,Mini ITX Desktop,Mini ITX,Black,,False,Mesh,11.1,0,False,Lian Li
Asus TUF Gaming GT501 Demon Slayer Edition,,ATX Mid Tower,ATX,Yellow / Black,,False,Tempered Glass,75.5,4,False,ASUS
GAMDIAS ATHENA M6,,ATX Mid Tower,ATX,Black,,False,Tempered Glass,45.0,2,False,GAMDIAS
DIYPC ARGB-Q3,,MicroATX Mini Tower,Micro ATX,White,,False,Tempered Glass,38.6,2,False,DIYPC
Thermaltake CTE C700 Air,2699.6,ATX Mid Tower,ATX,White,,False,Tempered Glass,93.8,7,True,Thermaltake
Silverstone SG13,1485.4,Mini ITX Tower,Mini ITX,Black,,False,Solid,11.5,1,True,SilverStone
YEYIAN Mirage X,5609.0,ATX Full Tower,ATX,Black,,False,Tempered Glass,60.4,1,True,YEYIAN
Rosewill Helium Flow RGB,1799.8,ATX Mid Tower,ATX,White,,False,Tempered Glass,50.5,3,True,Rosewill
be quiet! Pure Base 501 DX,2798.0,ATX Mid Tower,ATX,White,,False,Tempered Glass,48.1,2,True,be quiet!
Streacom DA2,5777.2,Mini ITX Desktop,Mini ITX,Silver,,False,Solid,,3,True,Streacom
NOX Hummer ZX,,ATX Mid Tower,ATX,Black,,False,Acrylic,48.8,2,False,NOX
Montech Fighter 500,,ATX Mid Tower,ATX,Black,,False,Tempered Glass,38.6,2,False,Montech
Cooler Master MasterBox MB600L V2 w/ODD,,ATX Mid Tower,ATX,Black,,False,Solid,42.7,2,False,Cooler Master
Zalman Z1 Iceberg,,MicroATX Mid Tower,Micro ATX,White,,False,Tempered Glass,38.5,2,False,Zalman
Thermaltake Core G3,,ATX Mid Tower,ATX,Black,,False,Acrylic,23.6,2,False,Thermaltake
MagniumGear NEO QUBE 2 Infinity Mirror,,ATX Mid Tower,ATX,Black,,False,Tempered Glass,55.9,2,False,MagniumGear
MSI MAG FORGE 130A AIRFLOW,,ATX Mid Tower,ATX,Black,,False,Tempered Glass,43.0,2,False,MSI
Antec ISK 110 VESA,,Mini ITX Desktop,Mini ITX,Black / Silver,90.0,True,Solid,3.7,0,False,Antec
Thermaltake Versa H22,,ATX Mid Tower,ATX,Black,500.0,True,Solid,42.8,0,False,Thermaltake
Fractal Design Define R5,,ATX Mid Tower,ATX,White,,False,Solid,54.2,8,False,Fractal Design
Corsair Carbide Series 400R,,ATX Mid Tower,ATX,Black,,False,Solid,53.5,6,False,Corsair
Corsair Obsidian Series 350D Window,,MicroATX Mid Tower,Micro ATX,Black,,False,Acrylic,41.4,2,False,Corsair
Fractal Design Arc Mini R2,,MicroATX Mini Tower,Micro ATX,Black,,False,Acrylic,41.1,6,False,Fractal Design
Enermax OSTROG,,ATX Mid Tower,ATX,Black / Red,,False,Acrylic,43.8,5,False,Enermax
NZXT S340 Razer,,ATX Mid Tower,ATX,Black / Green,,False,Acrylic,38.4,3,False,NZXT
Phanteks Enthoo EVOLV ATX TG,,ATX Mid Tower,ATX,Black,,False,Tinted Tempered Glass,,5,False,Phanteks
NZXT H400i,,MicroATX Mini Tower,Micro ATX,Black / White,,False,Tempered Glass,36.9,1,False,NZXT
Lian Li PC-O11 Air,,ATX Full Tower,ATX,Black,,False,Tempered Glass,60.2,3,False,Lian Li
Cooler Master MasterBox TD500,,ATX Mid Tower,ATX,Black,,False,Acrylic,50.1,2,False,Cooler Master
SilentiumPC Signum SG1X TG RGB,,ATX Mid Tower,ATX,Black,,False,Tempered Glass,39.9,2,False,SilentiumPC
Antec CX300 RGB ELITE,,ATX Mid Tower,ATX,White,,False,Tempered Glass,44.9,2,False,Antec
darkFlash DK415P,,MicroATX Mini Tower,Micro ATX,Black,,False,Tempered Glass,39.7,2,False,darkFlash
Fractal Design Core 1000,1545.4,MicroATX Mini Tower,Micro ATX,Black,,False,Solid,26.1,2,True,Fractal Design
Thermaltake Ceres 500,2193.19,ATX Mid Tower,ATX,White,,False,Tempered Glass,65.3,2,True,Thermaltake
Jonsbo D41 STD Screen,,ATX Mid Tower,ATX,Black,,False,Tempered Glass,35.4,2,False,Jonsbo
Jonsbo RM2,,ATX Mid Tower,ATX,Silver,,False,Solid,21.5,1,False,Jonsbo
KOLINK Observatory Lite,,ATX Mid Tower,ATX,White / Black,,False,Tempered Glass,33.4,2,False,KOLINK
Inter-Tech C-501 Aspect,,MicroATX Mid Tower,Micro ATX,Black,,False,Tempered Glass,41.1,2,False,Inter-Tech
Xilence Xilent X,,ATX Mid Tower,ATX,,,False,Tempered Glass,51.3,2,False,Xilence
Asus A23 PLUS,2580.0,MicroATX Mid Tower,Micro ATX,Black,,False,Tempered Glass,47.4,2,True,ASUS
Cougar MG140 Air RGB,,MicroATX Mini Tower,Micro ATX,Black / Gray,,False,Tempered Glass,35.3,2,False,Cougar
NOX Hummer TGM,,ATX Mid Tower,ATX,,,False,Tempered Glass,36.6,2,False,NOX
NZXT H510i All Might,4999.8,ATX Mid Tower,ATX,Blue / Red,,False,Tempered Glass,41.3,2,True,NZXT
Antec NX200M,,MicroATX Mid Tower,Micro ATX,White,,False,Tempered Glass,,2,False,Antec
ADATA XPG Battlecruiser,3200.0,ATX Mid Tower,ATX,Black,,False,Tempered Glass,55.2,2,True,XPG
Cooler Master Elite 502,,ATX Mid Tower,ATX,Black,,False,Tempered Glass,52.4,2,False,Cooler Master
Lian Li PC-A05N,,ATX Mini Tower,ATX,Black,,False,Solid,39.1,3,False,Lian Li
DIYPC Alpha-DB6,,ATX Test Bench,ATX,Black,,False,Solid,21.8,0,False,DIYPC
Zalman Z3 Plus,,ATX Mid Tower,ATX,Black,,False,Acrylic,38.4,4,False,Zalman
Zalman Z1 NEO,,ATX Mid Tower,ATX,Black,,False,Acrylic,,4,False,Zalman
Cooler Master MasterBox MB500,,ATX Mid Tower,ATX,Black,,False,Tempered Glass,49.5,2,False,Cooler Master
Corsair Carbide Series SPEC-06,,ATX Mid Tower,ATX,White,,False,Tempered Glass,,2,False,Corsair
SaharaGaming P35,,ATX Mid Tower,ATX,Black,,False,Tempered Glass,,2,False,Desconocida
Rosewill SPECTRA C100,,ATX Mid Tower,ATX,Black,,False,Tempered Glass,,2,False,Rosewill
Fractal Design Meshify S2,,ATX Mid Tower,ATX,White / Black,,False,Tempered Glass,58.3,3,False,Fractal Design
Deepcool Matrexx 55 V3,,ATX Mid Tower,ATX,Black,,False,Tempered Glass,,2,False,DeepCool
Jonsbo Jonsplus i100 Pro,,Mini ITX Desktop,Mini ITX,Black,,False,Tempered Glass,25.9,1,False,Jonsbo
KOLINK Castle,,ATX Mid Tower,ATX,Black,,False,Tempered Glass,35.4,2,False,KOLINK
Fractal Design Ridge PCIe 3.0,,Mini ITX Tower,Mini ITX,White,,False,Mesh,16.3,0,False,Fractal Design
Segotep Phoenix T1,,ATX Mid Tower,ATX,Black,,False,Tempered Glass,65.5,2,False,Segotep
Montech KING 95 PRO,,ATX Mid Tower,ATX,Pink,,False,Tempered Glass,63.0,5,False,Montech
Aerocool Viewport Mini V1,,MicroATX Mini Tower,Micro ATX,Black,,False,Tempered Glass,35.0,1,False,Aerocool
Geometric Future Model 6,1998.0,ATX Mid Tower,ATX,Black / Yellow,,False,Tinted Tempered Glass,43.5,4,True,Geometric Future
GameMax Mini Abyss H608,,MicroATX Mid Tower,Micro ATX,Black,,False,Tempered Glass,32.3,2,False,GameMax
Thermaltake Divider 300 TG,1599.6,ATX Mid Tower,ATX,Black,,False,Tempered Glass,48.2,2,True,Thermaltake
ADATA XPG DEFENDER,2136.8,ATX Mid Tower,ATX,Black,,False,Tempered Glass,47.7,2,True,XPG
TRYX LUCA L70,4999.8,ATX Mid Tower,ATX,White,,False,Tempered Glass,80.9,0,True,TRYX
MSI MAG PANO 120R PZ,4708.0,ATX Mid Tower,ATX,Black,,False,Tempered Glass,70.2,2,True,MSI
Cougar Archon 2 RGB,,ATX Mid Tower,ATX,White,,False,Tempered Glass,37.5,2,False,Cougar
Silverstone ALTA G1M,3674.2,MicroATX Mid Tower,Micro ATX,White,,False,Solid,,4,True,SilverStone
Fractal Design Define 7 Compact,,ATX Mid Tower,ATX,White,,False,Tempered Glass,42.5,2,False,Fractal Design
KOLINK Unity Lateral ARGB,,ATX Mid Tower,ATX,Black,,False,Tempered Glass,53.4,2,False,KOLINK
KOLINK Big Chungus UNIT,,ATX Full Tower,ATX,Black,,False,Tempered Glass,146.1,2,False,KOLINK
Cooler Master MasterBox 540,,ATX Mid Tower,ATX,Black,,False,Tempered Glass,,2,False,Cooler Master
KOLINK Inspire K11 ARGB,,ATX Mid Tower,ATX,,,False,Tempered Glass,32.1,2,False,KOLINK
Corsair Carbide Series 500R,,ATX Mid Tower,ATX,White / Black,,False,Solid,54.2,6,False,Corsair
Rosewill Zircon I,3799.8,ATX Mid Tower,ATX,Black,,False,Tempered Glass,43.4,2,True,Rosewill
Cooler Master HAF 700,,ATX Full Tower,ATX,White,,False,Tempered Glass,83.6,9,False,Cooler Master
APNX Creator C1 ChromaFlair,,ATX Mid Tower,ATX,Purple / Blue,,False,Tempered Glass,53.6,3,False,APNX
Corsair Carbide Series Air 240,,MicroATX Mid Tower,Micro ATX,White,,False,Acrylic,32.8,3,False,Corsair
Deepcool MATREXX 50 MESH 4FS,,ATX Mid Tower,ATX,Black,,False,Tempered Glass,44.5,2,False,DeepCool
Thermaltake S250 TG ARGB,,ATX Mid Tower,ATX,Black,,False,Tempered Glass,49.4,2,False,Thermaltake
Apex MW-107V,,Mini ITX Tower,Mini ITX,Black / White,60.0,True,Solid,2.9,0,False,Apex
Rosewill BLACKHAWK,,ATX Mid Tower,ATX,Black,,False,Acrylic,55.1,6,False,Rosewill
Corsair Obsidian Series 550D,,ATX Mid Tower,ATX,Black,,False,Solid,57.7,6,False,Corsair
Zalman Z11,,ATX Mid Tower,ATX,Black,,False,Acrylic,68.0,5,False,Zalman
NZXT H630,,ATX Full Tower,ATX,White,,False,Solid,,8,False,NZXT
Lian Li PC-A79,,ATX Full Tower,ATX,Silver,,False,Solid,,6,False,Lian Li
Cooler Master CM Storm Scout 2 Advanced,,ATX Mid Tower,ATX,Black,,False,Acrylic,61.6,7,False,Cooler Master
NZXT H440,,ATX Mid Tower,ATX,Black / Green,,False,Acrylic,53.3,8,False,NZXT
In Win 303,,ATX Mid Tower,ATX,Black,,False,Tempered Glass,,2,False,In Win
Cooler Master CM 590 III,,ATX Mid Tower,ATX,Black,,False,Acrylic,45.1,4,False,Cooler Master
NZXT H200i,,Mini ITX Tower,Mini ITX,White / Black,,False,Tempered Glass,27.3,1,False,NZXT
Cooler Master MasterCase H500P Mesh,,ATX Mid Tower,ATX,White,,False,Acrylic,71.4,2,False,Cooler Master
darkFlash DLM 21 Mesh,,MicroATX Mini Tower,Micro ATX,Black,,False,Tempered Glass,32.1,2,False,darkFlash
In Win Chopin Pro,,HTPC,Mini ITX,Black,200.0,True,Mesh,4.4,0,False,In Win
GALAX REV-06 ARGB,,ATX Mid Tower,ATX,Black,,False,Tempered Glass,39.5,2,False,GALAX
GameMax Black Hole,,ATX Mid Tower,ATX,Black,,False,Tempered Glass,40.7,2,False,GameMax
GAMDIAS NESO P1 PRO,,ATX Full Tower,ATX,White,,False,Tempered Glass,75.2,2,False,GAMDIAS
Antec GX700,4168.8,ATX Mid Tower,ATX,Black,,False,Solid,44.9,5,True,Antec
Antec P10 FLUX,2139.79,ATX Mid Tower,ATX,Black,,False,Solid,,3,True,Antec
Thermaltake CTE E660 MX,3699.6,ATX Mid Tower,ATX,Blue / White,,False,Tempered Glass,77.4,3,True,Thermaltake
BGears ‎b-BlackWidow-RGB,1709.4,ATX Mid Tower,ATX,Black,,False,Tinted Tempered Glass,41.2,2,True,BGears
SHARKOON S1000,,MicroATX Mini Tower,Micro ATX,Black,,False,Solid,35.5,2,False,SHARKOON
CiT S015B,,MicroATX Desktop,Micro ATX,Black,300.0,True,Solid,11.9,2,False,CiT
In Win 301,,MicroATX Mini Tower,Micro ATX,Black / Red,,False,Tempered Glass,28.1,1,False,In Win
In Win A1 Plus,,Mini ITX Tower,Mini ITX,White,650.0,True,Tempered Glass,21.8,0,False,In Win
Fractal Design Define S,,ATX Mid Tower,ATX,Black,,False,Acrylic,57.7,3,False,Fractal Design
Antec NX400,,ATX Mid Tower,ATX,Black,,False,Tempered Glass,45.5,2,False,Antec
Jonsbo V9,,MicroATX Mini Tower,Micro ATX,Black,,False,Tempered Glass,17.6,1,False,Jonsbo
Thermaltake Core V71,,ATX Full Tower,ATX,Black,,False,Acrylic,75.3,8,False,Thermaltake
Jonsbo D40,,ATX Mid Tower,ATX,Black,,False,Tempered Glass,31.6,3,False,Jonsbo
Thermaltake V3 Black Edition,,ATX Mid Tower,ATX,Black,,False,Acrylic,38.5,4,False,Thermaltake
Zalman Z11 Plus,,ATX Mid Tower,ATX,Black,,False,Acrylic,68.0,5,False,Zalman
Cooler Master N200,,MicroATX Mini Tower,Micro ATX,Black,500.0,True,Solid,33.8,2,False,Cooler Master
NZXT H700i,,ATX Mid Tower,ATX,Black,,False,Tempered Glass,58.6,2,False,NZXT
Cooler Master MasterBox TD500 Mesh White w/o Controller,,ATX Mid Tower,ATX,White,,False,Tempered Glass,,2,False,Cooler Master
Cougar MG120 G,,MicroATX Mini Tower,Micro ATX,Black,,False,Tempered Glass,,2,False,Cougar
darkFlash DLX21 Mesh,,ATX Mid Tower,ATX,White,,False,Tempered Glass,,2,False,darkFlash
Lian Li A4-H20 A3,,Mini ITX Desktop,Mini ITX,Silver / Black,,False,Mesh,11.1,0,False,Lian Li
Ocelot OGEC02,,ATX Mid Tower,ATX,Black,,False,Tempered Glass,35.0,2,False,Desconocida
SSUPD Meshroom S,,ATX Mini Tower,ATX,Green,,False,Mesh,14.9,0,False,SSUPD
darkFlash Space,,ATX Desktop,ATX,Black,,False,Tempered Glass,48.6,2,False,darkFlash
SAMA AR01-RGB,,MicroATX Mini Tower,Micro ATX,Black,,False,Tempered Glass,46.2,2,False,SAMA
DIYPC ARGB-Q1.V2,,MicroATX Mini Tower,Micro ATX,Black,,False,Tempered Glass,,1,False,DIYPC
Chieftec UK-02B-OP,3101.8,ATX Mid Tower,ATX,Black,,False,Solid,29.6,2,True,Chieftec
Thermaltake Ceres 350 MX,2899.6,ATX Mid Tower,ATX,Green,,False,Tempered Glass,52.5,1,True,Thermaltake
Thermaltake View 270,,ATX Mid Tower,ATX,Blue,,False,Tempered Glass,47.6,2,False,Thermaltake
Apevia Destiny Pro,1639.8,ATX Mid Tower,ATX,White / Black,,False,Tempered Glass,42.0,2,True,Apevia
Thermaltake Ceres 350 MX,2399.79,ATX Mid Tower,ATX,White,,False,Tempered Glass,52.5,1,True,Thermaltake
YEYIAN Hussar Plus,,ATX Mid Tower,ATX,Black,,False,Tempered Glass,33.5,1,False,YEYIAN
Silverstone PS15,1491.2,MicroATX Mid Tower,Micro ATX,White,,False,Tempered Glass,25.7,1,True,SilverStone
Silverstone FARA 511Z,2079.79,ATX Mid Tower,ATX,Black,,False,Tempered Glass,42.9,2,True,SilverStone
Antec NX210,,ATX Mid Tower,ATX,Black,,False,Tempered Glass,36.9,1,False,Antec
Streacom DA2 V2,5199.8,Mini ITX Desktop,Mini ITX,Silver,,False,Solid,17.5,0,True,Streacom
Fractal Design Torrent,,ATX Mid Tower,ATX,Black,,False,Tinted Tempered Glass,69.8,2,False,Fractal Design
HYTE Y60 Hakos Baelz,5600.0,ATX Mid Tower,ATX,Black / Red,,False,Tempered Glass,60.0,2,True,HYTE
Montech KING 95,,ATX Mid Tower,ATX,Blue / Black,,False,Tempered Glass,63.0,5,False,Montech
Thermaltake Core P3,,ATX Mid Tower,ATX,Red,,False,Tempered Glass,80.1,2,False,Thermaltake
Lazer3D LZX-8 Stealth,,Mini ITX Desktop,Mini ITX,Black,,False,Solid,8.6,0,False,Desconocida
Fractal Design Define Mini C,,MicroATX Mid Tower,Micro ATX,Black,,False,Acrylic,35.7,2,False,Fractal Design
Phanteks Enthoo EVOLV TG,,MicroATX Mini Tower,Micro ATX,Black,,False,Tinted Tempered Glass,41.7,2,False,Phanteks
NZXT H700,,ATX Mid Tower,ATX,Black,,False,Tempered Glass,58.6,2,False,NZXT
Corsair 110Q,,ATX Mid Tower,ATX,Black,,False,Solid,,2,False,Corsair
Fractal Design Define 7 Compact,,ATX Mid Tower,ATX,Black,,False,Tinted Tempered Glass,42.5,2,False,Fractal Design
GameMax Nova N6,,ATX Mid Tower,ATX,Black,,False,Tempered Glass,37.6,2,False,GameMax
Cooler Master HAF 932,,ATX Full Tower,ATX,Black,,False,Acrylic,76.7,5,False,Cooler Master
Fractal Design Define R3,,ATX Mid Tower,ATX,Black,,False,Solid,47.5,8,False,Fractal Design
Linkworld 617-03-c2228U,,MicroATX Slim,Micro ATX,Black / Silver,400.0,True,Solid,16.2,1,False,Linkworld
be quiet! Silent Base 801,,ATX Mid Tower,ATX,Black,,False,Tempered Glass,,5,False,be quiet!
Montech Air 900 MESH,,ATX Mid Tower,ATX,Black,,False,Tempered Glass,44.0,2,False,Montech
Thermaltake Level 20 HT,,ATX Full Tower,ATX,Black,,False,Tempered Glass,144.3,4,False,Thermaltake
Fractal Design Era ITX,,Mini ITX Desktop,Mini ITX,Blue / Black,,False,Tinted Tempered Glass,16.7,1,False,Fractal Design
Antec Dark Phantom DP502 Flux,,ATX Mid Tower,ATX,Black,,False,Tempered Glass,49.5,3,False,Antec
ABKONCORE C750,,ATX Mid Tower,ATX,Black,,False,Tempered Glass,32.3,2,False,Desconocida
Lian Li LANCOOL 205M,,MicroATX Mid Tower,Micro ATX,White / Black,,False,Tempered Glass,,2,False,Lian Li
Geometric Future Model 5 Vent Fanless,2198.0,ATX Mid Tower,ATX,Black,,False,Tempered Glass,53.8,2,True,Geometric Future
Montech AIR 1000 LITE,,ATX Mid Tower,ATX,White,,False,Tempered Glass,45.3,2,False,Montech
ADATA XPG DEFENDER,1934.8,ATX Mid Tower,ATX,White / Black,,False,Tempered Glass,47.7,2,True,XPG
Streacom DA6,,Mini ITX Test Bench,Mini ITX,Black / Silver,,False,Solid,19.9,4,False,Streacom
Inter-Tech IM-2 Expander,,MicroATX Mid Tower,Micro ATX,Black,,False,Mesh,30.7,6,False,Inter-Tech
Deepcool MACUBE 110,,MicroATX Mini Tower,Micro ATX,Pink,,False,Tempered Glass,38.8,2,False,DeepCool
Fractal Design Core 2500,,ATX Mid Tower,ATX,Black,,False,Solid,37.8,4,False,Fractal Design
Cooler Master Masterbox 520,,ATX Mid Tower,ATX,Black,,False,Tempered Glass,52.5,2,False,Cooler Master
Cougar FV270,,ATX Mid Tower,ATX,Black,,False,Tempered Glass,72.7,2,False,Cougar
Corsair Crystal Series 280X,,MicroATX Mid Tower,Micro ATX,White,,False,Tempered Glass,,2,False,Corsair
Inter-Tech X-908 Infini2,,ATX Mid Tower,ATX,Black,,False,Tempered Glass,,3,False,Inter-Tech
Rosewill CHALLENGER,,ATX Mid Tower,ATX,Black,,False,Solid,38.4,5,False,Rosewill
In Win BL631.300TBL,,MicroATX Slim,Micro ATX,Black,300.0,True,Solid,11.6,2,False,In Win
Corsair Obsidian Series 650D,,ATX Mid Tower,ATX,Black,,False,Acrylic,64.7,5,False,Corsair
Fractal Design Define XL,,ATX Full Tower,ATX,Black,,False,Solid,72.6,10,False,Fractal Design
Xigmatek Elysium Black Server Edition,,ATX Full Tower,ATX,Black,,False,Solid,93.9,8,False,Xigmatek
Rosewill THOR V2,,ATX Full Tower,ATX,White / Black,,False,Solid,74.8,6,False,Rosewill
Silverstone Black Grandia GD01B-MXR-USB3.0,,HTPC,Mini ITX,Black,,False,Solid,31.2,6,False,SilverStone
NZXT Phantom 240,,ATX Mid Tower,ATX,Black / White,,False,Acrylic,,6,False,NZXT
Lian Li PC-A51,,ATX Mini Tower,ATX,Black,,False,Acrylic,,5,False,Lian Li
BitFenix Nova,,ATX Mid Tower,ATX,Black,,False,Solid,,4,False,BitFenix
In Win Chopin,,HTPC,Mini ITX,Black,150.0,True,Solid,,0,False,In Win
Thermaltake Core X5,,ATX Desktop,ATX,Black,,False,Acrylic,92.8,4,False,Thermaltake
Phanteks Eclipse P400S,,ATX Mid Tower,ATX,Black,,False,Tinted Tempered Glass,45.9,2,False,Phanteks
Cooler Master Trooper SE,,ATX Full Tower,ATX,Black / Red,,False,Tempered Glass,87.7,2,False,Cooler Master
Montech AIR X Black,,ATX Mid Tower,ATX,Black,,False,Tempered Glass,,2,False,Montech
Montech AIR X White,,ATX Mid Tower,ATX,White,,False,Tempered Glass,,2,False,Montech
Cooler Master MasterBox NR600P,,ATX Mid Tower,ATX,Black,,False,Solid,,3,False,Cooler Master
GAMDIAS ARGUS E4 ELITE WH,,ATX Mid Tower,ATX,White / Black,,False,Tempered Glass,,2,False,GAMDIAS
Asus TUF Gaming GT301 ZAKU II EDITION,,ATX Mid Tower,ATX,Red / Black,,False,Tempered Glass,43.9,2,False,ASUS
GAMDIAS ATHENA M6,,ATX Mid Tower,ATX,White,,False,Tempered Glass,45.0,2,False,GAMDIAS
Lian Li O11 Air Mini Glass,,ATX Mid Tower,ATX,White,,False,Tempered Glass,44.2,4,False,Lian Li
APNX V1,,ATX Mid Tower,ATX,White,,False,Tempered Glass,70.4,2,False,APNX
KOLINK Inspire K9,,ATX Mid Tower,ATX,Black,,False,Tempered Glass,30.8,2,False,KOLINK
Jonsbo D41 STD,,ATX Mid Tower,ATX,White,,False,Tempered Glass,35.4,2,False,Jonsbo
Montech KING 95,,ATX Mid Tower,ATX,Red / Black,,False,Tempered Glass,63.0,5,False,Montech
Thermaltake Divider 200 TG Air Snow,2999.2,MicroATX Mini Tower,Micro ATX,White,,False,Tempered Glass,51.6,3,True,Thermaltake
Silverstone FARA H1M PRO,1839.4,MicroATX Mini Tower,Micro ATX,White / Black,,False,Tempered Glass,30.1,2,True,SilverStone
Antec NX416L,,ATX Mid Tower,ATX,White,,False,Tempered Glass,49.9,2,False,Antec
In Win IW-MS04,2977.2,Mini ITX Desktop,Mini ITX,Black,,False,Solid,,4,True,In Win
Thermaltake Divider 370 TG Snow ARGB,,ATX Mid Tower,ATX,White / Black,,False,Tempered Glass,50.7,2,False,Thermaltake
Chieftec BU-12B-300,,Mini ITX Tower,Mini ITX,Black,300.0,True,Solid,7.5,1,False,Chieftec
KOLINK INSPIRE K5 RGB,,ATX Mid Tower,ATX,Black,,False,Tempered Glass,37.0,2,False,KOLINK
Zalman S4 Plus,,ATX Mid Tower,ATX,Black,,False,Tinted Acrylic,,2,False,Zalman
ENDORFY Signum 300 Core,,ATX Mid Tower,ATX,Black,,False,Tempered Glass,39.9,2,False,ENDORFY
be quiet! Silent Base 601,,ATX Mid Tower,ATX,Black,,False,Tempered Glass,,3,False,be quiet!
Thermaltake CTE C750 Air ARGB,,ATX Full Tower,ATX,Black,,False,Tempered Glass,110.7,7,False,Thermaltake
Silverstone PM02-G,3174.2,ATX Mid Tower,ATX,Black / Red,,False,Tempered Glass,49.3,3,True,SilverStone
Cougar Purity RGB,,MicroATX Mini Tower,Micro ATX,Black,,False,Tempered Glass,28.2,2,False,Cougar
KOLINK Horizon,,ATX Mid Tower,ATX,Black,,False,Tempered Glass,42.9,2,False,KOLINK
Aerocool Graphite v2,,ATX Mid Tower,ATX,,,False,Tempered Glass,43.0,2,False,Aerocool
Thermaltake V250 TG ARGB Air,,ATX Mid Tower,ATX,Black,,False,Tempered Glass,44.4,2,False,Thermaltake
SSUPD Meshroom D,,Mini ITX Desktop,Mini ITX,Gray,,False,Mesh,15.0,3,False,SSUPD
Zalman Z1,,ATX Mid Tower,ATX,Black,,False,Solid,,4,False,Zalman
Corsair Carbide Series 678C,,ATX Mid Tower,ATX,Black,,False,Tempered Glass,65.2,6,False,Corsair
Deepcool E-Shield,,ATX Mid Tower,ATX,Black,,False,Tempered Glass,43.9,2,False,DeepCool
GAMDIAS TALOS E1,,MicroATX Mini Tower,Micro ATX,Black,,False,Tempered Glass,25.3,1,False,GAMDIAS
Fractal Design Meshify 2 Lite RGB,,ATX Mid Tower,ATX,Black,,False,Tempered Glass,61.7,2,False,Fractal Design
NZXT Phantom,,ATX Full Tower,ATX,Black,,False,Solid,74.3,7,False,NZXT
Cooler Master Storm Trooper,,ATX Full Tower,ATX,Black / Silver,,False,Acrylic,87.7,8,False,Cooler Master
MSI Blitz,,ATX Mid Tower,ATX,Black / Blue,650.0,True,Acrylic,76.1,5,False,MSI
Corsair Carbide Series 200R,,ATX Mid Tower,ATX,Black,,False,Acrylic,44.8,4,False,Corsair
be quiet! Silent Base 800,,ATX Mid Tower,ATX,Black,,False,Solid,,7,False,be quiet!
Corsair Graphite Series 760T,,ATX Full Tower,ATX,Black / Red,,False,Acrylic,78.8,6,False,Corsair
Zalman Z9 NEO,,ATX Mid Tower,ATX,Black,,False,Acrylic,,4,False,Zalman
EVGA DG-86,,ATX Full Tower,ATX,Gray,,False,Acrylic,,8,False,EVGA
NZXT S340,,ATX Mid Tower,ATX,White / Purple,,False,Acrylic,38.4,3,False,NZXT
Cooler Master MasterBox Lite 3.1,,MicroATX Mid Tower,Micro ATX,Black,,False,Acrylic,36.1,2,False,Cooler Master
Phanteks Enthoo EVOLV ITX TG,,Mini ITX Desktop,Mini ITX,Black,,False,Tinted Tempered Glass,34.1,2,False,Phanteks
Raidmax Vortex,,ATX Mid Tower,ATX,Black,,False,Acrylic,42.4,3,False,Raidmax
Corsair Carbide Series SPEC OMEGA,,ATX Mid Tower,ATX,Black / Red,,False,Tempered Glass,,3,False,Corsair
Segotep SG-K8,,ATX Mid Tower,ATX,Black,,False,Acrylic,53.5,2,False,Segotep
In Win 101,,ATX Mid Tower,ATX,White / Pink,,False,Tempered Glass,48.3,2,False,In Win
Phanteks Eclipse P350X,,ATX Mid Tower,ATX,Black / White,,False,Tinted Tempered Glass,41.0,2,False,Phanteks
Mars Gaming MC7,,ATX Mid Tower,ATX,Black,,False,Tempered Glass,,2,False,Mars Gaming
Tecware Nexus M,,MicroATX Mid Tower,Micro ATX,Black / White,,False,Tempered Glass,,2,False,Tecware
Cooler Master MasterBox NR600 (w/ODD),,ATX Mid Tower,ATX,Black,,False,Tempered Glass,47.3,4,False,Cooler Master
NZXT H210i,,Mini ITX Tower,Mini ITX,Black / Red,,False,Tempered Glass,27.3,1,False,NZXT
Apevia CRUSADER-F-PK,,ATX Mid Tower,ATX,Pink,,False,Tempered Glass,,2,False,Apevia
In Win B1,,Mini ITX Desktop,Mini ITX,Black,200.0,True,Solid,,0,False,In Win
Azza Pyramid L,,ATX Mid Tower,ATX,Gray / Black,,False,Tempered Glass,,1,False,Azza
OCPC MINI,,Mini ITX Test Bench,Mini ITX,White,,False,Solid,7.2,0,False,OCPC
Chieftec SCORPION 3,,ATX Mid Tower,ATX,Black,,False,Tempered Glass,43.3,2,False,Chieftec
YEYIAN Lancer,,ATX Mid Tower,ATX,Black,,False,Tempered Glass,35.1,2,False,YEYIAN
Raidmax Infinita i600,,MicroATX Mini Tower,Micro ATX,Black,,False,Tempered Glass,43.8,2,False,Raidmax
APNX V1,,ATX Mid Tower,ATX,Multicolor,,False,Tempered Glass,70.4,2,False,APNX
darkFlash DPW90M,,MicroATX Mid Tower,Micro ATX,White,,False,Tempered Glass,48.5,2,False,darkFlash
Segotep T3 Aeolus,,ATX Mid Tower,ATX,Black,,False,Tempered Glass,54.4,3,False,Segotep
Ocypus Gamma C70 ARGB,,ATX Mid Tower,ATX,Black,,False,Tempered Glass,40.3,2,False,Ocypus
Thermaltake CTE C700 TG ARGB,2209.79,ATX Mid Tower,ATX,White,,False,Tempered Glass,93.8,7,True,Thermaltake
RAIJINTEK Ponos Ultra MS4,1599.6,ATX Mid Tower,ATX,Black,,False,Tempered Glass,46.3,2,True,RAIJINTEK
Jonsbo D32 STD,,MicroATX Desktop,Micro ATX,White,,False,Tempered Glass,25.7,1,False,Jonsbo
Enermax MarbleShell MS21 RGB,,MicroATX Mid Tower,Micro ATX,White,,False,Tempered Glass,33.8,2,False,Enermax
Silverstone SUGO 17,4327.39,MicroATX Desktop,Micro ATX,White,,False,Mesh,26.1,1,True,SilverStone
Thermaltake The Tower 300,3199.8,MicroATX Mini Tower,Micro ATX,Pink / Blue,,False,Tempered Glass,53.0,3,True,Thermaltake
Jonsbo Jonsplus i100 Pro,,Mini ITX Desktop,Mini ITX,Silver,,False,Solid,25.9,1,False,Jonsbo
Jonsbo MOD-3,,ATX Mid Tower,ATX,White,,False,Tempered Glass,93.1,1,False,Jonsbo
Cougar Uniface RGB,,ATX Mid Tower,ATX,White,,False,Tempered Glass,53.9,2,False,Cougar
Thermaltake Versa H26,,ATX Mid Tower,ATX,Black,,False,Tempered Glass,,2,False,Thermaltake
Fractal Design Define R5,,ATX Mid Tower,ATX,Silver,,False,Solid,54.2,8,False,Fractal Design
Thermaltake View 37,,ATX Mid Tower,ATX,Black,,False,Acrylic,73.7,3,False,Thermaltake
Antec Three Hundred,,ATX Mid Tower,ATX,Black,,False,Solid,43.5,6,False,Antec
Zalman Z9 Plus,,ATX Mid Tower,ATX,Black,,False,Acrylic,48.3,5,False,Zalman
Thermaltake Level 10 GT,,ATX Full Tower,ATX,White / Black,,False,Acrylic,97.2,5,False,Thermaltake
Cooler Master Silencio 550,,ATX Mid Tower,ATX,Black,,False,Solid,47.9,7,False,Cooler Master
NZXT H440,,ATX Mid Tower,ATX,Black / Blue,,False,Acrylic,53.3,8,False,NZXT
Deepcool TESSERACT BF,,ATX Mid Tower,ATX,Black / Blue,,False,Solid,36.4,4,False,DeepCool
Zalman Z11 NEO,,ATX Mid Tower,ATX,Black,,False,Acrylic,,6,False,Zalman
Corsair Carbide 600Q,,ATX Full Tower,ATX,Black,,False,Solid,63.2,2,False,Corsair
FSP Group CMT210,,ATX Mid Tower,ATX,Black / Blue,,False,Acrylic,39.7,3,False,FSP
Thermaltake Versa N21,,ATX Mid Tower,ATX,White / Black,,False,Acrylic,51.5,3,False,Thermaltake
Lazer3D LZ7-v1,,Mini ITX Desktop,Mini ITX,Black,,False,Solid,7.1,0,False,Desconocida
Thermaltake Core X5 TG,,ATX Desktop,ATX,Black,,False,Tempered Glass,92.8,4,False,Thermaltake
NZXT H500i,,ATX Mid Tower,ATX,Black / Red,,False,Tempered Glass,41.3,3,False,NZXT
In Win D-Frame 2.0,,ATX Full Tower,ATX,Black / Gold,1065.0,True,Tempered Glass,,4,False,In Win
Antec NX310,,ATX Mid Tower,ATX,Black,,False,Tempered Glass,42.5,2,False,Antec
SilentiumPC Regnum RG4T,,ATX Mid Tower,ATX,Black,,False,Tempered Glass,46.8,3,False,SilentiumPC
NZXT Cyberpunk 2077 H710i,,ATX Mid Tower,ATX,Red / Black,,False,Tempered Glass,58.6,4,False,NZXT
BitFenix NOVA MESH SE TG,,ATX Mid Tower,ATX,Black,,False,Tempered Glass,36.1,2,False,BitFenix
Thermaltake The Tower 100,,Mini ITX Tower,Mini ITX,Green / Black,,False,Tempered Glass,32.7,2,False,Thermaltake
Jonsbo C6 Handle,,MicroATX Mini Tower,Micro ATX,White,,False,Mesh,15.9,1,False,Jonsbo
Antec NX500M,,MicroATX Mini Tower,Micro ATX,Black,,False,Tempered Glass,34.6,2,False,Antec
Frontier Technology Trendsonic Amalthea AM20A-1,,ATX Mid Tower,ATX,Black,,False,Tempered Glass,33.7,2,False,Desconocida
Armoury C802,,ATX Mid Tower,ATX,White,,False,Tempered Glass,51.4,2,False,Desconocida
Mars Gaming MC-CORE,,MicroATX Mid Tower,Micro ATX,White,,False,Tempered Glass,14.6,3,False,Mars Gaming
Chieftec BT-02B-U3-250VS (230V),3315.6,Mini ITX Tower,Mini ITX,,250.0,True,Solid,9.6,1,True,Chieftec
Silverstone PS15 PRO,3849.8,MicroATX Mid Tower,Micro ATX,Black,,False,Tempered Glass,25.7,1,True,SilverStone
Cougar MX330-F,1736.8,ATX Mid Tower,ATX,Black,,False,Acrylic,39.4,2,True,Cougar
Asus TUF Gaming GT301,4599.8,ATX Mid Tower,ATX,Pink / Black,,False,Tempered Glass,43.9,2,True,ASUS
Fractal Design Focus G,,ATX Mid Tower,ATX,Black / Gray,,False,Acrylic,42.2,2,False,Fractal Design
ADATA XPG DEFENDER PRO,,ATX Mid Tower,ATX,Black,,False,Tempered Glass,47.7,2,False,XPG
KOLINK Rocket Heavy,,Mini ITX Desktop,Mini ITX,Black,,False,Tempered Glass,16.7,1,False,KOLINK
SHARKOON VG7-W RGB,,ATX Mid Tower,ATX,Black,,False,Acrylic,,3,False,SHARKOON
In Win Chopin MAX,,Mini ITX Desktop,Mini ITX,Silver,200.0,True,Mesh,4.4,0,False,In Win
SHARKOON Rebel C50 RGB,9627.0,ATX Mid Tower,ATX,Black,,False,Tempered Glass,52.4,3,True,SHARKOON
FSP Group CUT593A,,ATX Full Tower,ATX,Black,,False,Tempered Glass,62.6,3,False,FSP
Aerocool Trinity Mini V3,,MicroATX Mini Tower,Micro ATX,Black,,False,Tempered Glass,28.1,2,False,Aerocool
Cougar Duoface RGB,2440.0,ATX Mid Tower,ATX,White,,False,Tempered Glass,43.6,2,True,Cougar
Geometric Future Model 8,,ATX Mid Tower,ATX,Black / Silver,,False,Tinted Tempered Glass,57.5,3,False,Geometric Future
Phanteks Enthoo Series Primo Aluminum,,ATX Full Tower,ATX,Black,,False,Acrylic,96.8,6,False,Phanteks
Cooler Master MasterBox Pro 5 RGB,,ATX Mid Tower,ATX,Black,,False,Tempered Glass,53.0,2,False,Cooler Master
Cougar MX430 Air RGB,,ATX Mid Tower,ATX,Black,,False,Tempered Glass,37.6,2,False,Cougar
Thermaltake H570 TG ARGB,,ATX Mid Tower,ATX,Black,,False,Tempered Glass,48.8,2,False,Thermaltake
Antec Twelve Hundred,,ATX Full Tower,ATX,Black,,False,Acrylic,63.5,9,False,Antec
Apevia X-FIT-100,,Mini ITX Tower,Mini ITX,Black,250.0,True,Solid,4.7,0,False,Apevia
Corsair Vengeance C70,,ATX Mid Tower,ATX,White / Black,,False,Acrylic,61.4,6,False,Corsair
Corsair Graphite Series 600T,,ATX Mid Tower,ATX,Silver / Black,,False,Acrylic,79.3,6,False,Corsair
Cooler Master HAF XB,,ATX Desktop,ATX,Black,,False,Solid,61.7,0,False,Cooler Master
Cooler Master Elite 350,,ATX Mid Tower,ATX,Black,500.0,True,Solid,33.0,6,False,Cooler Master
Cooler Master HAF Stacker 935,,ATX Full Tower,ATX,Black,,False,Acrylic,96.9,9,False,Cooler Master
NZXT Phantom 630,,ATX Full Tower,ATX,White,,False,Acrylic,92.0,6,False,NZXT
Phanteks Mini XL,,MicroATX Desktop,Micro ATX,Black,,False,Acrylic,,6,False,Phanteks
Phanteks Enthoo EVOLV ATX TG,,ATX Mid Tower,ATX,Silver,,False,Tinted Tempered Glass,,5,False,Phanteks
be quiet! Dark Base 900,,ATX Full Tower,ATX,Black,,False,Solid,82.0,7,False,be quiet!
Rosewill TYRFING,,ATX Mid Tower,ATX,Black,,False,Acrylic,44.0,3,False,Rosewill
Corsair Carbide Series 270R,,ATX Mid Tower,ATX,Black,,False,Solid,,2,False,Corsair
Cougar Panzer,,ATX Mid Tower,ATX,Black,,False,Tempered Glass,61.1,2,False,Cougar
Cooler Master MasterBox Pro 5,,ATX Mid Tower,ATX,Black,,False,Tempered Glass,53.0,2,False,Cooler Master
Corsair Carbide Series 275R,,ATX Mid Tower,ATX,White,,False,Acrylic,44.2,2,False,Corsair
NZXT H400,,MicroATX Mini Tower,Micro ATX,White,,False,Tempered Glass,36.9,1,False,NZXT
Lian Li LANCOOL ONE Digital,,ATX Mid Tower,ATX,Gold / White,,False,Tempered Glass,46.7,2,False,Lian Li
Antec NX600,,ATX Mid Tower,ATX,Black,,False,Tempered Glass,46.8,2,False,Antec
MagniumGear Neo Air,,ATX Mid Tower,ATX,,,False,Tempered Glass,41.4,2,False,MagniumGear
SilentiumPC Regnum RG6V TG,,ATX Mid Tower,ATX,Black,,False,Tempered Glass,,2,False,SilentiumPC
AQIRYS Bellatrix,,MicroATX Mid Tower,Micro ATX,Black,,False,Tempered Glass,,0,False,Desconocida
Jonsbo Jonsplus i100 Pro,,Mini ITX Desktop,Mini ITX,Silver / Black,,False,Tempered Glass,25.9,1,False,Jonsbo
CiT Blaze Red,,ATX Mid Tower,ATX,Black / Red,,False,Tempered Glass,31.4,2,False,CiT
Deepcool CC560 Limited,,ATX Mid Tower,ATX,Black,,False,Tempered Glass,41.7,2,False,DeepCool
Tecware Forge M2,,MicroATX Mid Tower,Micro ATX,Black / White,,False,Tempered Glass,27.3,2,False,Tecware
Vetroo M05,,MicroATX Mid Tower,Micro ATX,Black,,False,Tempered Glass,36.3,2,False,Vetroo
SAMA AR01-RGB,,MicroATX Mini Tower,Micro ATX,White,,False,Tempered Glass,46.2,2,False,SAMA
DARKROCK A8-M,,ATX Mid Tower,ATX,Black,,False,Tempered Glass,,2,False,DARKROCK
MagniumGear Neo V2,,ATX Mid Tower,ATX,Silver,,False,Tempered Glass,38.3,2,False,MagniumGear
Montech SKY ONE LITE,2399.0,ATX Mid Tower,ATX,Black,,False,Tempered Glass,44.8,2,True,Montech
be quiet! Pure Base 501 LX,3098.0,ATX Mid Tower,ATX,White,,False,Tempered Glass,48.1,2,True,be quiet!
GameMax Silent,,ATX Mid Tower,ATX,Black,,False,Solid,51.1,2,False,GameMax
SHARKOON Rebel C70M RGB,,ATX Mid Tower,ATX,Brown / Black,,False,Mesh,54.5,3,False,SHARKOON
SHARKOON VS9 RGB,6856.0,ATX Mid Tower,ATX,White,,False,Tempered Glass,42.1,2,True,SHARKOON
GameMax Spark Pro,,ATX Mid Tower,ATX,Black,,False,Tempered Glass,33.5,1,False,GameMax
Silverstone FARA R1 PRO V2,,ATX Mid Tower,ATX,White,,False,Tempered Glass,40.1,2,False,SilverStone
Aerocool Menace Saturn RGB,1762.2,ATX Mid Tower,ATX,Black,,False,Tempered Glass,36.7,2,True,Aerocool
Silverstone RL08BR-RGB,,MicroATX Mini Tower,Micro ATX,Black / Red,,False,Tempered Glass,,3,False,SilverStone
darkFlash LEO,,ATX Mid Tower,ATX,Black,,False,Tempered Glass,30.9,2,False,darkFlash
Aerocool Aero One Mini Eclipse,,MicroATX Mini Tower,Micro ATX,Black,,False,Tempered Glass,,2,False,Aerocool
Fractal Design Meshify 2 Compact Lite,,ATX Mid Tower,ATX,Black,,False,Tinted Tempered Glass,42.3,2,False,Fractal Design
Zalman i3 Edge,,ATX Mid Tower,ATX,Black,,False,Tempered Glass,39.8,2,False,Zalman
Cougar MX600 Mini RGB,,MicroATX Mini Tower,Micro ATX,Black,,False,Tempered Glass,47.1,2,False,Cougar
Antec P7 Silent,,ATX Mid Tower,ATX,Black / Silver,,False,Solid,,2,False,Antec
Tempest Shade RGB,,ATX Mid Tower,ATX,Black,,False,Acrylic,,2,False,Tempest
KOLINK Void,,ATX Mid Tower,ATX,White / Black,,False,Tempered Glass,,2,False,KOLINK
Aerocool Prism V3 ARGB,,ATX Mid Tower,ATX,Black,,False,Tempered Glass,41.7,2,False,Aerocool
Thermaltake Versa H15,3840.0,MicroATX Mid Tower,Micro ATX,Black,,False,Acrylic,,3,True,Thermaltake
Cooler Master MasterBox 5,,ATX Mid Tower,ATX,White,,False,Acrylic,52.2,2,False,Cooler Master
Thermaltake V100,,ATX Mid Tower,ATX,Black,500.0,True,Solid,36.6,2,False,Thermaltake
MSI MPG GUNGNIR 100D,,ATX Mid Tower,ATX,Black / Red,,False,Tempered Glass,60.8,2,False,MSI
Cougar Cratus,,ATX Mid Tower,ATX,Black,,False,Tempered Glass,114.3,2,False,Cougar
Thermaltake V4 Black Edition,,ATX Mid Tower,ATX,Black,,False,Acrylic,38.6,4,False,Thermaltake
Thermaltake Level 10 GT,,ATX Full Tower,ATX,Black,,False,Acrylic,97.2,5,False,Thermaltake
Lian Li PC-Q25B,,Mini ITX Tower,Mini ITX,Black,,False,Solid,20.2,7,False,Lian Li
Corsair Graphite Series 380T,,Mini ITX Tower,Mini ITX,Black / Red,,False,Solid,41.0,2,False,Corsair
Corsair Carbide Series SPEC-ALPHA,,ATX Mid Tower,ATX,White / Red,,False,Acrylic,,3,False,Corsair
Corsair Carbide Series Air 740,,ATX Full Tower,ATX,Black,,False,Acrylic,73.9,3,False,Corsair
Corsair Crystal 460X RGB,,ATX Mid Tower,ATX,White,,False,Tempered Glass,44.9,2,False,Corsair
Corsair Crystal 570X RGB Mirror Black,,ATX Mid Tower,ATX,Black,,False,Tempered Glass,57.5,2,False,Corsair
NZXT H700i Ninja,,ATX Mid Tower,ATX,Blue / Yellow,,False,Tempered Glass,58.6,2,False,NZXT
be quiet! Dark Base Pro 900 Rev. 2,,ATX Full Tower,ATX,Silver / Black,,False,Tempered Glass,,7,False,be quiet!
In Win A1 Plus,,Mini ITX Tower,Mini ITX,Black,650.0,True,Tempered Glass,21.8,0,False,In Win
Xigmatek Nemesis M,,MicroATX Mini Tower,Micro ATX,Black,,False,Tempered Glass,26.7,2,False,Xigmatek
SSUPD Meshlicious,,Mini ITX Tower,Mini ITX,Black,,False,Tempered Glass,14.7,0,False,SSUPD
Azza Celesta 340,,ATX Mid Tower,ATX,Black,,False,Tempered Glass,40.2,2,False,Azza
CiT RAIDER RGB,,ATX Mid Tower,ATX,Black,,False,Tempered Glass,37.8,2,False,CiT
Jonsbo VR3,,Mini ITX Tower,Mini ITX,Black,,False,Mesh,19.9,0,False,Jonsbo
In Win DUBILI,,ATX Full Tower,ATX,Gray / Orange,,False,Tempered Glass,72.4,2,False,In Win
RAIJINTEK METIS EVO TGS,1624.6,Mini ITX Desktop,Mini ITX,White,,False,Tempered Glass,22.3,2,True,RAIJINTEK
RAIJINTEK Ponos Ultra TG4,1779.8,ATX Mid Tower,ATX,White,,False,Tempered Glass,46.3,2,True,RAIJINTEK
DIYPC DIY-S08,,ATX Mid Tower,ATX,White / Black,,False,Tempered Glass,33.2,2,False,DIYPC
GameMax N80,2339.79,ATX Mid Tower,ATX,Black,,False,Tempered Glass,56.0,1,True,GameMax
Aerocool Graphite,,ATX Mid Tower,ATX,,,False,Tempered Glass,43.0,2,False,Aerocool
Chieftec APEX Q,,ATX Mid Tower,ATX,Black,,False,Solid,52.9,2,False,Chieftec
Cooler Master MasterFrame 600,5839.4,ATX Mid Tower,ATX,Silver,,False,Tempered Glass,61.2,2,True,Cooler Master
Jonsbo MOD5,,ATX Mid Tower,ATX,Black,,False,Tempered Glass,97.2,1,False,Jonsbo
KOLINK Unity Arena ARGB,,ATX Mid Tower,ATX,Black,,False,Tempered Glass,51.2,2,False,KOLINK
FSP Group CUT593P,,ATX Full Tower,ATX,Black,,False,Tempered Glass,62.6,3,False,FSP
Montech KING 95 ULTRA,,ATX Mid Tower,ATX,Silver / Black,,False,Tempered Glass,63.0,5,False,Montech
Jonsbo D40,,ATX Mid Tower,ATX,White,,False,Tempered Glass,31.6,3,False,Jonsbo
KOLINK Nimbus,,ATX Mid Tower,ATX,Black,,False,Tempered Glass,34.2,2,False,KOLINK
Phanteks Evolv Shift 2,,Mini ITX Tower,Mini ITX,Black,,False,Tempered Glass,22.8,1,False,Phanteks
MSI MAG VAMPIRIC 010X,,ATX Mid Tower,ATX,Black,,False,Tempered Glass,41.9,2,False,MSI
Cougar Conquer,,ATX Mid Tower,ATX,Black / Orange,,False,Tempered Glass,101.3,3,False,Cougar
MSI MAG FORGE 111R,,ATX Mid Tower,ATX,Black,,False,Tempered Glass,42.5,2,False,MSI
Cooler Master Elite 310,,ATX Mid Tower,ATX,Black / Blue,,False,Acrylic,39.1,6,False,Cooler Master
Corsair Obsidian Series 700D,,ATX Full Tower,ATX,Black,,False,Solid,84.6,6,False,Corsair
NZXT Source 210 Elite,,ATX Mid Tower,ATX,Black,,False,Solid,42.4,8,False,NZXT
Cooler Master Elite 431 Plus,,ATX Mid Tower,ATX,Black,,False,Acrylic,40.4,5,False,Cooler Master
Cooler Master Elite 342,,MicroATX Mini Tower,Micro ATX,Black,400.0,True,Solid,27.9,5,False,Cooler Master
Corsair Obsidian Series 350D,,MicroATX Mid Tower,Micro ATX,Black,,False,Solid,41.4,2,False,Corsair
Corsair Graphite Series 230T,,ATX Mid Tower,ATX,Black / Orange,,False,Acrylic,,4,False,Corsair
Zalman ZM-T3,,MicroATX Mini Tower,Micro ATX,Black,,False,Solid,,2,False,Zalman
Deepcool KENDOMEN,,ATX Mid Tower,ATX,Black / Red,,False,Acrylic,,3,False,DeepCool
Cooler Master Cosmos II,,ATX Full Tower,ATX,Black / Silver,,False,Tinted Tempered Glass,160.8,13,False,Cooler Master
DAN Cases A4 SFX,,Mini ITX Desktop,Mini ITX,Black,,False,Solid,,0,False,DAN Cases
NZXT H500,,ATX Mid Tower,ATX,Black / Red,,False,Tempered Glass,41.3,3,False,NZXT
darkFlash Phantom,,ATX Mid Tower,ATX,Black,,False,Tempered Glass,,2,False,darkFlash
NOX Hummer TG RGB,,ATX Mid Tower,ATX,Black,,False,Tempered Glass,,3,False,NOX
Cooler Master MasterCase H500P Mesh,,ATX Mid Tower,ATX,Black,,False,Tempered Glass,71.4,2,False,Cooler Master
SHARKOON TG5,,ATX Mid Tower,ATX,Black,,False,Acrylic,,3,False,SHARKOON
Aerocool Scar,,ATX Mid Tower,ATX,Black,,False,Tempered Glass,,2,False,Aerocool
Deepcool CL500,,ATX Mid Tower,ATX,Black / Silver,,False,Tempered Glass,55.5,2,False,DeepCool
BitFenix NOVA MESH SE TG,,ATX Mid Tower,ATX,White / Black,,False,Tempered Glass,36.1,2,False,BitFenix
Antec DP503,,ATX Mid Tower,ATX,Black,,False,Tempered Glass,52.3,2,False,Antec
Deepcool CC560 Limited,,ATX Mid Tower,ATX,White,,False,Tempered Glass,41.7,2,False,DeepCool
Vetroo AL700,,ATX Mid Tower,ATX,Black,,False,Tempered Glass,48.1,1,False,Vetroo
GALAX REV-06 RGB,,ATX Mid Tower,ATX,Black,,False,Tempered Glass,39.5,2,False,GALAX
1STPLAYER T3,,MicroATX Mid Tower,Micro ATX,White,,False,Tempered Glass,32.4,2,False,1STPLAYER
Ocypus Iota C70 ARGB,,ATX Mid Tower,ATX,Black,,False,Tempered Glass,48.6,2,False,Ocypus
KOLINK Big Chungus Hench,,ATX Mid Tower,ATX,Black,,False,Tempered Glass,77.3,1,False,KOLINK
Silverstone SETA A2,3959.8,ATX Mid Tower,ATX,White,,False,Tempered Glass,68.7,11,True,SilverStone
Silverstone Sugo 16,2002.0,Mini ITX Tower,Mini ITX,White,,False,Solid,13.0,1,True,SilverStone
Geometric Future Model 5 Fanless,2398.0,ATX Mid Tower,ATX,White,,False,Tempered Glass,51.1,2,True,Geometric Future
Thermaltake View 300 MX,4575.0,ATX Mid Tower,ATX,Black,,False,Tempered Glass,58.8,2,True,Thermaltake
darkFlash DLM 22,,MicroATX Mid Tower,Micro ATX,White,,False,Tempered Glass,,2,False,darkFlash
Silverstone GD10B,3433.0,HTPC,Mini ITX,Black,,False,Solid,27.4,2,True,SilverStone
GameMax Starlight RGB,,ATX Mid Tower,ATX,Black,,False,Tempered Glass,45.3,2,False,GameMax
KOLINK Citadel,,MicroATX Mini Tower,Micro ATX,Black,,False,Tempered Glass,32.7,2,False,KOLINK
Cougar DarkBlader X5 RGB,6678.8,ATX Mid Tower,ATX,Black,,False,Tempered Glass,50.0,2,True,Cougar
Cougar Gemini S,2398.8,ATX Mid Tower,ATX,Gray / Black,,False,Tempered Glass,,2,True,Cougar
RAIJINTEK PAEAN C7,,ATX Mid Tower,ATX,White,,False,Tempered Glass,45.5,2,False,RAIJINTEK
be quiet! Pure Base 500,,ATX Mid Tower,ATX,Gray,,False,Solid,46.0,2,False,be quiet!
Thermaltake Core P6,,ATX Mid Tower,ATX,Blue / Black,,False,Tempered Glass,76.4,4,False,Thermaltake
SHARKOON Rebel C50,,ATX Mid Tower,ATX,Black,,False,Mesh,52.4,3,False,SHARKOON
Thermaltake V150 Tempered Glass ARGB Breeze,,MicroATX Mid Tower,Micro ATX,Black,,False,Tempered Glass,,2,False,Thermaltake
LC-Power Gaming 806W Crosswind_X,,ATX Mid Tower,ATX,White,,False,Tempered Glass,45.8,1,False,LC-Power
In Win 301,,MicroATX Mini Tower,Micro ATX,White / Blue,,False,Tempered Glass,28.1,1,False,In Win
Fractal Design Define 7,,ATX Mid Tower,ATX,Gray,,False,Solid,62.4,6,False,Fractal Design
KOLINK Quantum,,ATX Mid Tower,ATX,Black,,False,Tempered Glass,39.5,2,False,KOLINK
Cooler Master CMP 520L,,ATX Mid Tower,ATX,Black,,False,Tempered Glass,41.5,2,False,Cooler Master
Cooler Master CM 690 II,,ATX Mid Tower,ATX,Black,,False,Solid,57.4,6,False,Cooler Master
Fractal Design Define R5 Blackout Edition,,ATX Mid Tower,ATX,Black,,False,Acrylic,54.2,8,False,Fractal Design
Thermaltake Core P5,,ATX Mid Tower,ATX,Black,,False,Acrylic,115.4,3,False,Thermaltake
Zalman Z9 NEO,,ATX Mid Tower,ATX,White,,False,Acrylic,,4,False,Zalman
Deepcool SMARTER,,MicroATX Mini Tower,Micro ATX,Black,,False,Solid,30.8,2,False,DeepCool
NZXT H440,,ATX Mid Tower,ATX,White / Purple,,False,Acrylic,53.3,8,False,NZXT
Phanteks Enthoo EVOLV SHIFT,,Mini ITX Tower,Mini ITX,Gray,,False,Tinted Tempered Glass,24.0,1,False,Phanteks
Cooler Master MasterBox K500,,ATX Mid Tower,ATX,Black,,False,Tempered Glass,46.9,2,False,Cooler Master
Lian Li LANCOOL ONE Digital,,ATX Mid Tower,ATX,Black,,False,Acrylic,46.7,2,False,Lian Li
Thermaltake V200,,ATX Mid Tower,ATX,Black,,False,Tempered Glass,,2,False,Thermaltake
GameMax Spectrum,,ATX Mid Tower,ATX,Black,,False,Tempered Glass,57.1,2,False,GameMax
Cooler Master MasterBox TD500 Mesh w/o Controller,,ATX Mid Tower,ATX,Black,,False,Tempered Glass,,2,False,Cooler Master
Fractal Design Define 7 Light,,ATX Mid Tower,ATX,Black,,False,Tempered Glass,62.4,6,False,Fractal Design
Fractal Design Define 7,,ATX Mid Tower,ATX,Black / White,,False,Tempered Glass,62.4,6,False,Fractal Design
Tecware Forge S,,ATX Mid Tower,ATX,Black,,False,Tempered Glass,,2,False,Tecware
GameMax Destroyer,,MicroATX Mini Tower,Micro ATX,Black,,False,Tempered Glass,43.6,2,False,GameMax
GameMax Master M905,,ATX Full Tower,ATX,Black,,False,Tempered Glass,53.8,8,False,GameMax
HYTE Metaphor: ReFantazio Y70,,ATX Mid Tower,ATX,Brown / Gold,,False,Tempered Glass,70.7,2,False,HYTE
Chieftec BX-10B-M-OP,1884.8,MicroATX Mid Tower,Micro ATX,Black,,False,Mesh,28.8,1,True,Chieftec
Silverstone TJ04B-E,4821.39,ATX Mid Tower,ATX,Black,,False,Solid,51.0,9,True,SilverStone
Thermaltake CTE E550,3399.0,ATX Mid Tower,ATX,White,,False,Tempered Glass,77.4,3,True,Thermaltake
Silverstone KL07B-E,2961.6,ATX Mid Tower,ATX,Black,,False,Solid,52.9,3,True,SilverStone
Silverstone RVZ03W-ARGB,2788.6,Mini ITX Desktop,Mini ITX,White,,False,Solid,,0,True,SilverStone
Silverstone FARA 312Z,1777.2,MicroATX Mini Tower,Micro ATX,Black,,False,Tempered Glass,37.2,2,True,SilverStone
Lian Li LANCOOL 205 Mesh,4799.0,ATX Mid Tower,ATX,White / Black,,False,Tempered Glass,41.3,2,True,Lian Li
YEYIAN Hussar Plus,,ATX Mid Tower,ATX,White,,False,Tempered Glass,33.5,1,False,YEYIAN
GameMax Abyss TR,2259.79,ATX Mid Tower,ATX,Black,,False,Tempered Glass,57.1,3,True,GameMax
Silverstone PS13,,ATX Mid Tower,ATX,Black,,False,Solid,,3,False,SilverStone
Cooler Master Masterbox 520,,ATX Mid Tower,ATX,White,,False,Tempered Glass,52.5,2,False,Cooler Master
Mars Gaming MCZP,,MicroATX Mid Tower,Micro ATX,Pink / Black,,False,Tempered Glass,,1,False,Mars Gaming
Deepcool CYCLOPS,,ATX Mid Tower,ATX,White,,False,Tempered Glass,51.5,2,False,DeepCool
Aerocool Zauron V1,,ATX Mid Tower,ATX,Black,,False,Tempered Glass,39.6,2,False,Aerocool
Cooler Master 690 III,,ATX Mid Tower,ATX,Black,,False,Acrylic,58.5,7,False,Cooler Master
Antec DF700 FLUX,,ATX Mid Tower,ATX,White,,False,Tempered Glass,49.9,3,False,Antec
Thermaltake View 270,,ATX Mid Tower,ATX,Green / Black,,False,Tempered Glass,47.6,2,False,Thermaltake
Fractal Design Define C TG,,ATX Mid Tower,ATX,Black,,False,Tempered Glass,40.6,2,False,Fractal Design
Fractal Design Define S2,,ATX Mid Tower,ATX,Black / White,,False,Tinted Tempered Glass,58.8,3,False,Fractal Design
Phanteks ECLIPSE G500A DRGB (Fanless),,ATX Mid Tower,ATX,Black,,False,Tempered Glass,61.8,2,False,Phanteks
Apevia X-Master,,HTPC,Mini ITX,Black,500.0,True,Solid,22.0,1,False,Apevia
Fractal Design Arc Midi,,ATX Mid Tower,ATX,Black,,False,Solid,54.4,8,False,Fractal Design
Cooler Master HAF 912 Plus,,ATX Mid Tower,ATX,Black,,False,Solid,54.9,6,False,Cooler Master
Antec One,,ATX Mid Tower,ATX,Black,,False,Solid,44.2,5,False,Antec
Azza Genesis 9000B,,ATX Full Tower,ATX,Black,,False,Acrylic,93.0,5,False,Azza
Cooler Master Storm Scout 2,,ATX Mid Tower,ATX,Black,,False,Acrylic,61.6,7,False,Cooler Master
Corsair Carbide Series 330R,,ATX Mid Tower,ATX,Black,,False,Solid,49.9,4,False,Corsair
NZXT H440,,ATX Mid Tower,ATX,Black / Orange,,False,Acrylic,53.3,8,False,NZXT
Aerocool XPredator X3,,ATX Mid Tower,ATX,Black / Red,,False,Acrylic,62.5,8,False,Aerocool
Phanteks Eclipse P400,,ATX Mid Tower,ATX,Black,,False,Tinted Acrylic,45.9,2,False,Phanteks
Corsair Carbide Series SPEC-ALPHA,,ATX Mid Tower,ATX,Black / Silver,,False,Acrylic,,3,False,Corsair
DIYPC F2,,MicroATX Mini Tower,Micro ATX,Black / Purple,,False,Acrylic,,2,False,DIYPC
Zalman Z3,,ATX Mid Tower,ATX,Black,,False,Solid,,4,False,Zalman
be quiet! Dark Base 900,,ATX Full Tower,ATX,Black / Orange,,False,Solid,82.0,7,False,be quiet!
Rosewill CULLINAN,,ATX Mid Tower,ATX,Black,,False,Tempered Glass,,3,False,Rosewill
Lian Li PC-O11,,ATX Full Tower,ATX,Black,,False,Tempered Glass,64.1,4,False,Lian Li
NZXT H500,,ATX Mid Tower,ATX,Black / Blue,,False,Tempered Glass,41.3,3,False,NZXT
Fractal Design Define S2 Vision RGB,,ATX Mid Tower,ATX,Black,,False,Tinted Tempered Glass,58.8,3,False,Fractal Design
Deepcool Gamer Storm MACUBE 550,,ATX Mid Tower,ATX,Black,,False,Tempered Glass,65.9,4,False,DeepCool
Azza PYRAMID 804,,ATX Mid Tower,ATX,Silver / Black,,False,Tempered Glass,,1,False,Azza
Zalman M3 Plus,,MicroATX Mini Tower,Micro ATX,Black,,False,Tempered Glass,39.1,2,False,Zalman
SilentiumPC Signum SG1V EVO TG ARGB,,ATX Mid Tower,ATX,Black,,False,Tempered Glass,,2,False,SilentiumPC
Corsair iCUE 5000X RGB Neon Night,,ATX Mid Tower,ATX,Black / Purple,,False,Tempered Glass,66.2,2,False,Corsair
Golden Field MAGE,,ATX Mid Tower,ATX,Pink / Black,,False,Tempered Glass,47.6,2,False,Desconocida
DIYPC S3-BK-ARGB,,ATX Mid Tower,ATX,Black,,False,Tempered Glass,36.8,2,False,DIYPC
Cooler Master Cosmos C700M,,ATX Full Tower,ATX,Silver / White,,False,Tempered Glass,,4,False,Cooler Master
SaharaGaming M808W,,MicroATX Mid Tower,Micro ATX,White,,False,Tempered Glass,41.9,2,False,Desconocida
Ocypus Iota C70 ARGB,,ATX Mid Tower,ATX,White,,False,Tempered Glass,48.6,2,False,Ocypus
Thermaltake Ceres 350 MX,2799.8,ATX Mid Tower,ATX,Yellow,,False,Tempered Glass,52.5,1,True,Thermaltake
Apevia Destiny Pro,1639.8,ATX Mid Tower,ATX,Black,,False,Tempered Glass,42.0,2,True,Apevia
In Win F5,3380.0,ATX Full Tower,ATX,White,,False,Tempered Glass,65.1,2,True,In Win
Nanoxia Deep Silence 3,,ATX Mid Tower,ATX,Black / Silver,,False,Solid,,5,False,Nanoxia
Cougar FV270,,ATX Mid Tower,ATX,White,,False,Tempered Glass,72.7,2,False,Cougar
Silverstone SETA H1,3860.8,ATX Mid Tower,ATX,Black,,False,Tempered Glass,55.0,2,True,SilverStone
Azza Hive 450,1599.6,ATX Mid Tower,ATX,Black,,False,Tempered Glass,41.9,2,True,Azza
GameMax Spark Pro,,ATX Mid Tower,ATX,White,,False,Tempered Glass,33.5,1,False,GameMax
NOX LITE030,,MicroATX Mid Tower,Micro ATX,Black,500.0,True,Solid,19.6,3,False,NOX
Cooler Master MasterBox Q300P,,MicroATX Mini Tower,Micro ATX,Black,,False,Acrylic,46.6,1,False,Cooler Master
Phanteks EVOLV SHIFT 2 AIR,,Mini ITX Tower,Mini ITX,Black,,False,Solid,,1,False,Phanteks
Jonsbo Jonsplus i400,,ATX Mid Tower,ATX,Silver,,False,Tempered Glass,55.7,6,False,Jonsbo
Thermaltake Level 20 GT ARGB,,ATX Full Tower,ATX,Silver / Black,,False,Tempered Glass,100.9,7,False,Thermaltake
Thermaltake H200 TG Snow RGB,,ATX Mid Tower,ATX,White,,False,Tempered Glass,39.7,2,False,Thermaltake
SHARKOON Rebel C50 RGB,9604.79,ATX Mid Tower,ATX,White,,False,Tempered Glass,52.4,3,True,SHARKOON
Thermaltake Ceres 350 MX,2799.8,ATX Mid Tower,ATX,Black,,False,Tempered Glass,52.5,1,True,Thermaltake
Cougar MG130-G,,MicroATX Mini Tower,Micro ATX,Black,,False,Tempered Glass,,2,False,Cougar
Antec P120 Crystal,,ATX Mid Tower,ATX,White,,False,Tempered Glass,,2,False,Antec
Deepcool Quadstellar Infinity,,ATX Mid Tower,ATX,Black,,False,Tempered Glass,129.9,3,False,DeepCool
Aerocool Playa,,ATX Mid Tower,ATX,Black,,False,Tempered Glass,43.8,2,False,Aerocool
FSP Group CMT380,,ATX Mid Tower,ATX,White / Black,,False,Tempered Glass,45.5,2,False,FSP
Thermaltake CTE E660 MX,,ATX Mid Tower,ATX,Black,,False,Tempered Glass,77.4,3,False,Thermaltake
Cooler Master MB600L,,ATX Mid Tower,ATX,Black / Red,,False,Acrylic,,2,False,Cooler Master
Aerocool Aero One Eclipse,,ATX Mid Tower,ATX,White / Black,,False,Tempered Glass,,2,False,Aerocool
In Win Wavy,,Mini ITX Tower,Mini ITX,Black,120.0,True,Solid,6.8,0,False,In Win
Fractal Design Array R2,,Mini ITX Desktop,Mini ITX,Black,300.0,True,Solid,17.3,6,False,Fractal Design
NZXT Phantom 410,,ATX Mid Tower,ATX,Black,,False,Acrylic,58.5,6,False,NZXT
Rosewill Line-M,,MicroATX Mini Tower,Micro ATX,Black,,False,Solid,26.9,2,False,Rosewill
Asus VENTO 3600 RED,,ATX Mid Tower,ATX,Red,,False,Solid,101.8,3,False,ASUS
SHARKOON T9 Value,,MicroATX Mid Tower,Micro ATX,Black / Blue,,False,Acrylic,,0,False,SHARKOON
Phanteks Enthoo EVOLV ITX,,Mini ITX Tower,Mini ITX,Black,,False,Acrylic,,2,False,Phanteks
Thermaltake Core X1,,Mini ITX Tower,Mini ITX,Black / Blue,,False,Acrylic,,3,False,Thermaltake
Rosewill SRM-01,,MicroATX Mini Tower,Micro ATX,Black,,False,Solid,,2,False,Rosewill
be quiet! Silent Base 600,,ATX Mid Tower,ATX,Black / Orange,,False,Solid,,3,False,be quiet!
Corsair Carbide Series Quiet 400Q,,ATX Mid Tower,ATX,Black,,False,Solid,,2,False,Corsair
Phanteks Eclipse P400S,,ATX Mid Tower,ATX,Black,,False,Tinted Acrylic,45.9,2,False,Phanteks
NOX Hummer ZN,,ATX Mid Tower,ATX,Black,,False,Solid,52.2,2,False,NOX
Thermaltake Versa C22 RGB,,ATX Mid Tower,ATX,Black,,False,Acrylic,52.2,2,False,Thermaltake
Thermaltake Core P3 Snow Edition,,ATX Mid Tower,ATX,White,,False,Acrylic,80.1,2,False,Thermaltake
Phanteks Eclipse P400,,ATX Mid Tower,ATX,Black / Red,,False,Tinted Tempered Glass,45.9,2,False,Phanteks
Phanteks Eclipse P400S,,ATX Mid Tower,ATX,Black / Red,,False,Tinted Tempered Glass,45.9,2,False,Phanteks
SHARKOON VG4-W,,ATX Mid Tower,ATX,Black / Blue,,False,Acrylic,38.3,3,False,SHARKOON
Corsair Carbide Series SPEC OMEGA,,ATX Mid Tower,ATX,Red / Black,,False,Tempered Glass,,3,False,Corsair
Rosewill CULLINAN MX,,ATX Mid Tower,ATX,Black,,False,Tempered Glass,47.2,4,False,Rosewill
Cooler Master MasterCase MC500M,,ATX Mid Tower,ATX,Black,,False,Tempered Glass,75.6,4,False,Cooler Master
Cooler Master Stryker SE,,ATX Full Tower,ATX,White / Black,,False,Tempered Glass,87.7,2,False,Cooler Master
NZXT H200,,Mini ITX Tower,Mini ITX,Black,,False,Tempered Glass,27.3,1,False,NZXT
RAIJINTEK ARCADIA,,ATX Mid Tower,ATX,,,False,Solid,39.1,4,False,RAIJINTEK
Silverstone LD01,,MicroATX Mini Tower,Micro ATX,Black,,False,Tempered Glass,,3,False,SilverStone
Thermaltake Versa J24 RGB,,ATX Mid Tower,ATX,Black,,False,Tempered Glass,,3,False,Thermaltake
Cooler Master MasterBox MB510L,,ATX Mid Tower,ATX,Black / Red,,False,Acrylic,,2,False,Cooler Master
be quiet! Silent Base 601,,ATX Mid Tower,ATX,Black / Orange,,False,Tempered Glass,,3,False,be quiet!
Antec Dark Avenger DA601,,ATX Mid Tower,ATX,Black,,False,Tempered Glass,,2,False,Antec
Fractal Design Define S2 Vision Blackout,,ATX Mid Tower,ATX,Black,,False,Tinted Tempered Glass,58.8,3,False,Fractal Design
Phanteks Enthoo 719,,ATX Full Tower,ATX,Gray,,False,Tempered Glass,81.4,4,False,Phanteks
Phanteks Eclipse P360X,,ATX Mid Tower,ATX,Black,,False,Tempered Glass,42.3,2,False,Phanteks
Rosewill Prism M,,ATX Mid Tower,ATX,Black,,False,Tempered Glass,36.9,2,False,Rosewill
SHARKOON RGB LIT 100,,ATX Mid Tower,ATX,Black,,False,Tempered Glass,,2,False,SHARKOON
ADATA XPG Battlecruiser,,ATX Mid Tower,ATX,White / Black,,False,Tempered Glass,55.2,2,False,XPG
ADATA XPG INVADER,,ATX Mid Tower,ATX,White,,False,Tempered Glass,,2,False,XPG
MUSETEX MK7-GN5,,MicroATX Mini Tower,Micro ATX,Black,,False,Tempered Glass,37.4,2,False,MUSETEX
Montech X3 Glass,,ATX Mid Tower,ATX,White / Black,,False,Tempered Glass,,2,False,Montech
GAMDIAS TALOS E2,,ATX Mid Tower,ATX,Black,,False,Tempered Glass,,2,False,GAMDIAS
Deepcool CK500,,ATX Mid Tower,ATX,Black,,False,Tempered Glass,49.4,2,False,DeepCool
SilentiumPC Ventum VT2 EVO TG ARGB,,ATX Mid Tower,ATX,Black,,False,Tempered Glass,35.5,1,False,SilentiumPC
Xigmatek Aquarius Plus Queen,,ATX Mid Tower,ATX,Pink,,False,Tempered Glass,49.6,2,False,Xigmatek
DIYPC Dragon-R-4LED,,ATX Mid Tower,ATX,Black / Red,,False,Tempered Glass,33.2,2,False,DIYPC
YEYIAN Hollow 2500,,ATX Mid Tower,ATX,Black,,False,Tempered Glass,37.7,2,False,YEYIAN
SeaSonic ARCH Q5,,ATX Mid Tower,ATX,Black,650.0,True,Tempered Glass,46.4,3,False,SeaSonic
RAIJINTEK OPHION M EVO TGS,1398.0,MicroATX Mid Tower,Micro ATX,Black,,False,Tempered Glass,,3,True,RAIJINTEK
Chieftec UE-02B,2382.0,MicroATX Mini Tower,Micro ATX,,,False,Solid,12.9,1,True,Chieftec
Thermaltake CTE E600,2599.8,ATX Mid Tower,ATX,Blue,,False,Tempered Glass,77.4,2,True,Thermaltake
Cooler Master MASTERBOX E501L,,ATX Mid Tower,ATX,Black / Blue,,False,Solid,,2,False,Cooler Master
KOLINK Big Chungus Shredded,,ATX Mid Tower,ATX,Black,,False,Tempered Glass,66.4,1,False,KOLINK
Geometric Future Model 8,,ATX Mid Tower,ATX,Black / Orange,,False,Tinted Tempered Glass,57.5,3,False,Geometric Future
Thermaltake CTE E660 MX,3699.6,ATX Mid Tower,ATX,White,,False,Tempered Glass,77.4,3,True,Thermaltake
Silverstone Lucid LD03,2996.2,Mini ITX Tower,Mini ITX,,,False,Tinted Tempered Glass,25.2,1,True,SilverStone
Silverstone FARA R1 PRO,1899.8,ATX Mid Tower,ATX,Black,,False,Tempered Glass,36.0,1,True,SilverStone
Mars Gaming MC-LCD,,MicroATX Mini Tower,Micro ATX,Black,,False,Tempered Glass,33.2,1,False,Mars Gaming
Geometric Future Model 5 Fanless,2398.0,ATX Mid Tower,ATX,Black / Green,,False,Tempered Glass,51.1,2,True,Geometric Future
iTek Dark Cave DS,,ATX Mid Tower,ATX,White,,False,Tempered Glass,49.6,2,False,Desconocida
Thermaltake H550 TG ARGB,4692.79,ATX Mid Tower,ATX,Black,,False,Tempered Glass,,2,True,Thermaltake
In Win B1 Mesh,,Mini ITX Desktop,Mini ITX,Black,200.0,True,Solid,7.8,0,False,In Win
Cougar DarkBlader-S,,ATX Full Tower,ATX,Black / Red,,False,Tempered Glass,,4,False,Cougar
Fractal Design Define R5 Blackout Edition,,ATX Mid Tower,ATX,Black,,False,Solid,54.2,8,False,Fractal Design
SSUPD Meshroom S w/PCIe 4.0 Riser,,ATX Mini Tower,ATX,Blue,,False,Mesh,14.9,0,False,SSUPD
SSUPD Meshroom S w/PCIe 4.0 Riser,,ATX Mini Tower,ATX,Gray,,False,Mesh,14.9,0,False,SSUPD
Thermaltake Core V71 TG,,ATX Full Tower,ATX,Black,,False,Tempered Glass,,8,False,Thermaltake
Antec NX800,,ATX Mid Tower,ATX,,,False,Tempered Glass,54.0,3,False,Antec
Fractal Design Define 7,,ATX Mid Tower,ATX,White,,False,Solid,62.4,6,False,Fractal Design
SeaSonic SYNCRO Q704,,ATX Mid Tower,ATX,Black,,False,Tempered Glass,61.9,2,False,SeaSonic
APNX V1,,ATX Mid Tower,ATX,Black / White,,False,Tempered Glass,70.4,2,False,APNX
Armoury D60,,ATX Mid Tower,ATX,White,,False,Tempered Glass,59.3,1,False,Desconocida
Cooler Master CM 690,,ATX Mid Tower,ATX,Black,,False,Solid,53.8,5,False,Cooler Master
In Win BK623,,MicroATX Desktop,Micro ATX,Black,300.0,True,Solid,12.3,1,False,In Win
Rosewill RANGER-M,,MicroATX Mini Tower,Micro ATX,Black,,False,Solid,21.6,2,False,Rosewill
Rosewill FBM-01,,MicroATX Mini Tower,Micro ATX,Black,,False,Solid,21.6,2,False,Rosewill
NZXT Switch 810,,ATX Full Tower,ATX,White / Black,,False,Acrylic,81.3,6,False,NZXT
Cooler Master K380,,ATX Mid Tower,ATX,Black / Red,,False,Acrylic,,5,False,Cooler Master
Silverstone RVZ01B,,Mini ITX Desktop,Mini ITX,Black,,False,Solid,,1,False,SilverStone
Cooler Master K350,,ATX Mid Tower,ATX,Black / Red,,False,Acrylic,,6,False,Cooler Master
Lian Li PC-O7S,,HTPC,Mini ITX,Black,,False,Tempered Glass,,7,False,Lian Li
NZXT Manta,,Mini ITX Desktop,Mini ITX,Black,,False,Acrylic,,2,False,NZXT
Phanteks Eclipse P400,,ATX Mid Tower,ATX,White,,False,Tinted Acrylic,45.9,2,False,Phanteks
iBuypower ARC 647 CASE,,ATX Mid Tower,ATX,Black / Red,,False,Acrylic,,3,False,iBuypower
be quiet! Dark Base 900,,ATX Full Tower,ATX,Black / Silver,,False,Solid,82.0,7,False,be quiet!
Thermaltake Versa C21,,ATX Mid Tower,ATX,Black,,False,Acrylic,52.8,3,False,Thermaltake
Thermaltake Versa N24,,ATX Mid Tower,ATX,Black,,False,Acrylic,,2,False,Thermaltake
Aerocool Aero-500,,ATX Mid Tower,ATX,Black,,False,Acrylic,45.1,4,False,Aerocool
Thermaltake Core G21 Tempered Glass Edition,,ATX Mid Tower,ATX,Black,,False,Tinted Tempered Glass,46.6,2,False,Thermaltake
Azza Inferno 310,,ATX Mid Tower,ATX,Black / Red,,False,Acrylic,46.7,2,False,Azza
SHARKOON S25-V,,ATX Mid Tower,ATX,Blue,,False,Acrylic,43.9,3,False,SHARKOON
Antec P8,,ATX Mid Tower,ATX,Black,,False,Tempered Glass,43.7,2,False,Antec
Fractal Design Define R6 Blackout,,ATX Mid Tower,ATX,Black,,False,Tempered Glass,56.7,6,False,Fractal Design
Phanteks Enthoo Pro Tempered Glass,,ATX Full Tower,ATX,Black / White,,False,Tinted Tempered Glass,69.1,6,False,Phanteks
EVGA DG-76,,ATX Mid Tower,ATX,Black,,False,Tempered Glass,48.6,2,False,EVGA
Cooler Master MasterCase MC500,,ATX Mid Tower,ATX,Black,,False,Tempered Glass,65.9,2,False,Cooler Master
Raidmax Alpha Prime,,ATX Mid Tower,ATX,Black,,False,Tempered Glass,44.8,2,False,Raidmax
DAN Cases A4-SFXv3,,Mini ITX Desktop,Mini ITX,Black,,False,Solid,,0,False,DAN Cases
Deepcool D-Shield V2,,ATX Mid Tower,ATX,Black,,False,Acrylic,44.0,2,False,DeepCool
Zalman K1,,ATX Mid Tower,ATX,Black,,False,Acrylic,43.3,2,False,Zalman
GameMax ONYX,,ATX Mid Tower,ATX,Black,,False,Tempered Glass,42.1,3,False,GameMax
Maingear Vybe Mk. V,,ATX Mid Tower,ATX,Black,,False,Tempered Glass,38.4,2,False,Desconocida
Montech Air 900 ARGB,,ATX Mid Tower,ATX,Black,,False,Tempered Glass,44.0,2,False,Montech
SHARKOON Elite Shark CA200G,,ATX Mid Tower,ATX,Black,,False,Tempered Glass,62.8,4,False,SHARKOON
MagniumGear NEO Qube,,ATX Mid Tower,ATX,White / Black,,False,Tempered Glass,,2,False,MagniumGear
Cooler Master MasterCase H500P ARGB,,ATX Mid Tower,ATX,Black,,False,Tempered Glass,,2,False,Cooler Master
Apevia Genesis-PK,,ATX Mid Tower,ATX,Pink / Black,,False,Tempered Glass,,3,False,Apevia
Jonsbo V9,,MicroATX Mini Tower,Micro ATX,Silver,,False,Tempered Glass,17.6,1,False,Jonsbo
CiT S8,,MicroATX Desktop,Micro ATX,Black / Silver,,False,Solid,8.6,1,False,CiT
Jonsbo V11,,Mini ITX Tower,Mini ITX,Black,,False,Mesh,13.0,0,False,Jonsbo
MSI MPG GUNGNIR 300 MONSTER HUNTER EDITION,,ATX Mid Tower,ATX,Black / Red,,False,Tempered Glass,60.5,2,False,MSI
Thermaltake Divider 300 TG Air Snow,2399.79,ATX Mid Tower,ATX,White,,False,Tempered Glass,48.2,2,True,Thermaltake
Thermaltake CTE E600,2918.8,ATX Mid Tower,ATX,White,,False,Tempered Glass,77.4,2,True,Thermaltake
Montech SKY ONE LITE,2699.2,ATX Mid Tower,ATX,White,,False,Tempered Glass,44.8,2,True,Montech
SHARKOON VS9 RGB,,ATX Mid Tower,ATX,Black,,False,Tempered Glass,42.1,2,False,SHARKOON
Supermicro SuperChassis 721TQ-350B2,7238.8,Mini ITX Tower,Mini ITX,Black,350.0,True,Solid,14.1,0,True,Supermicro
Thermaltake AH T200 Snow,,MicroATX Mid Tower,Micro ATX,White,,False,Tempered Glass,69.1,2,False,Thermaltake
Thermaltake Divider 300 ARGB Triangular,3099.6,ATX Mid Tower,ATX,Black,,False,Tempered Glass,48.2,2,True,Thermaltake
Phanteks Enthoo EVOLV SHIFT X,,Mini ITX Tower,Mini ITX,Gray,,False,Tinted Tempered Glass,,2,False,Phanteks
Cougar DarkBlader X7,,ATX Mid Tower,ATX,Black,,False,Tempered Glass,50.0,2,False,Cougar
RAIJINTEK PAEAN C7,,ATX Mid Tower,ATX,Black,,False,Tempered Glass,45.5,2,False,RAIJINTEK
KOLINK Inspire K8,,ATX Mid Tower,ATX,Black,,False,Tempered Glass,30.8,2,False,KOLINK
Phanteks Enthoo EVOLV TG,,MicroATX Mini Tower,Micro ATX,Silver,,False,Tinted Tempered Glass,41.7,2,False,Phanteks
Aerocool NightHawk Duo,,ATX Mid Tower,ATX,Black,,False,Tempered Glass,,2,False,Aerocool
Silverstone RVZ03B-ARGB,,Mini ITX Desktop,Mini ITX,Black,,False,Solid,,0,False,SilverStone
Thermaltake View 21 Tempered Glass Edition,,ATX Mid Tower,ATX,Black,,False,Acrylic,48.2,2,False,Thermaltake
Tempest Shade RGB,,ATX Mid Tower,ATX,White / Black,,False,Acrylic,,2,False,Tempest
MSI MPG Sekira 500P,,ATX Mid Tower,ATX,Black,,False,Tempered Glass,67.1,6,False,MSI
Silverstone GD05B-USB3.0,,HTPC,Mini ITX,Black,,False,Solid,21.4,2,False,SilverStone
GameMax F15M Mesh,,ATX Mid Tower,ATX,Black,,False,Tempered Glass,,4,False,GameMax
MSI MPG Quietude 100S,,ATX Mid Tower,ATX,Black,,False,Tempered Glass,53.8,2,False,MSI
ADATA XPG CRUISER,,ATX Mid Tower,ATX,Black,,False,Tempered Glass,53.8,4,False,XPG
KOLINK Unity Cascade ARGB,,ATX Mid Tower,ATX,Black,,False,Tempered Glass,41.9,2,False,KOLINK
Antec Nine Hundred Two,,ATX Mid Tower,ATX,Black,,False,Acrylic,50.6,6,False,Antec
NZXT Phantom 410,,ATX Mid Tower,ATX,Red / Black,,False,Acrylic,58.5,6,False,NZXT
Cougar Solution,,ATX Mid Tower,ATX,Black,,False,Solid,40.7,6,False,Cougar
Cooler Master HAF XM,,ATX Mid Tower,ATX,Black,,False,Solid,76.0,6,False,Cooler Master
Antec VSK-4000,,ATX Mid Tower,ATX,Black,,False,Solid,33.4,2,False,Antec
NZXT Source 210,,ATX Mid Tower,ATX,Black,,False,Acrylic,42.4,8,False,NZXT
Corsair Graphite Series 760T,,ATX Full Tower,ATX,Black / White,,False,Acrylic,78.8,6,False,Corsair
Deepcool KENDOMEN,,ATX Mid Tower,ATX,Black,,False,Acrylic,,3,False,DeepCool
In Win 805,,ATX Mid Tower,ATX,Black,,False,Tempered Glass,,2,False,In Win
Rosewill CHALLENGER S,,ATX Mid Tower,ATX,Black,,False,Solid,,3,False,Rosewill
DIYPC F2,,MicroATX Mini Tower,Micro ATX,White,,False,Acrylic,,2,False,DIYPC
Deepcool Dukase,,ATX Mid Tower,ATX,Black,,False,Acrylic,,3,False,DeepCool
Cooler Master MasterBox Lite 3,,MicroATX Mini Tower,Micro ATX,Black,,False,Solid,26.9,1,False,Cooler Master
Corsair Carbide Series SPEC-04,,ATX Mid Tower,ATX,Black / Gray,,False,Acrylic,42.8,3,False,Corsair
DIYPC Vanguard RGB,,ATX Mid Tower,ATX,Black,,False,Tempered Glass,,3,False,DIYPC
In Win 301C,,MicroATX Mini Tower,Micro ATX,Black,,False,Tempered Glass,26.0,1,False,In Win
NZXT H400i,,MicroATX Mini Tower,Micro ATX,Black / Red,,False,Tempered Glass,36.9,1,False,NZXT
CiT F3,,MicroATX Mini Tower,Micro ATX,Black / Red,,False,Acrylic,,2,False,CiT
Fractal Design Define R6 USB-C Blackout,,ATX Mid Tower,ATX,Black,,False,Tempered Glass,56.7,6,False,Fractal Design
Thermaltake V100,,ATX Mid Tower,ATX,Black,,False,Solid,36.6,2,False,Thermaltake
Antec Dark Phantom DP501,,ATX Mid Tower,ATX,Black,,False,Tempered Glass,64.0,2,False,Antec
Deepcool MACUBE 310,,ATX Mid Tower,ATX,Black,,False,Tempered Glass,45.2,2,False,DeepCool
Corsair iCUE 220T RGB,,ATX Mid Tower,ATX,White / Black,,False,Tempered Glass,37.3,2,False,Corsair
Fractal Design Era ITX,,Mini ITX Desktop,Mini ITX,Gray,,False,Solid,16.7,1,False,Fractal Design
Golden Field Z2,,ATX Mid Tower,ATX,Black / Red,,False,Tempered Glass,,2,False,Desconocida
darkFlash DLM 21 Mesh,,MicroATX Mini Tower,Micro ATX,Pink,,False,Tempered Glass,32.1,2,False,darkFlash
MSI MPG GUNGNIR 111M,,ATX Mid Tower,ATX,Black,,False,Tempered Glass,,2,False,MSI
SAMA SAMA-Z4,,ATX Mid Tower,ATX,White / Black,,False,Tempered Glass,39.2,2,False,SAMA
MSI MAG VAMPIRIC 011C,,ATX Mid Tower,ATX,Black,,False,Tempered Glass,41.9,2,False,MSI
Jonsbo T8 PLUS,,Mini ITX Desktop,Mini ITX,Silver / Black,,False,Tempered Glass,12.5,0,False,Jonsbo
Jonsbo VR3,,Mini ITX Tower,Mini ITX,White,,False,Mesh,19.9,0,False,Jonsbo
Cooler Master MasterBox Q300L Retro,,MicroATX Mini Tower,Micro ATX,White / Green,,False,Acrylic,33.6,1,False,Cooler Master
SilentiumPC Gladius M35,,ATX Mid Tower,ATX,Black,,False,Solid,49.4,2,False,SilentiumPC
SAMA V Nature,,ATX Mid Tower,ATX,Black,,False,Tempered Glass,,2,False,SAMA
Ocypus Gamma C50,,MicroATX Mini Tower,Micro ATX,White,,False,Tempered Glass,34.6,2,False,Ocypus
Geometric Future Model 2 The ARK,3398.0,MicroATX Mini Tower,Micro ATX,Black / Gold,,False,Mesh,40.7,1,True,Geometric Future
Thermaltake H700 TG,1899.6,ATX Mid Tower,ATX,White,,False,Tempered Glass,53.5,2,True,Thermaltake
Azza Regis,7999.8,ATX Mid Tower,ATX,Black,,False,Tempered Glass,,1,True,Azza
Silverstone Lucid LD03-AF,3150.2,Mini ITX Tower,Mini ITX,Black,,False,Tempered Glass,25.2,1,True,SilverStone
Cougar MX600 Mini RGB,,MicroATX Mini Tower,Micro ATX,White,,False,Tempered Glass,47.1,2,False,Cougar
Silverstone SG12B-V2,3690.6,MicroATX Mini Tower,Micro ATX,Black / Blue,,False,Solid,,3,True,SilverStone
SHARKOON VS8 RGB,6913.8,ATX Mid Tower,ATX,White,,False,Tempered Glass,42.1,2,True,SHARKOON
Jonsbo MOD5,,ATX Mid Tower,ATX,Gray,,False,Tempered Glass,97.2,1,False,Jonsbo
Aerocool Skribble,,ATX Mid Tower,ATX,Black,,False,Tempered Glass,42.0,2,False,Aerocool
SHARKOON VK3 RGB,,ATX Mid Tower,ATX,Black,,False,Tempered Glass,40.5,2,False,SHARKOON
Cougar Airface,,ATX Mid Tower,ATX,Black,,False,Tempered Glass,43.6,2,False,Cougar
Azza Eclipse 440,1599.6,ATX Mid Tower,ATX,Black,,False,Tempered Glass,45.5,2,True,Azza
CiT S015B LED,,MicroATX Desktop,Micro ATX,Black,300.0,True,Solid,11.9,2,False,CiT
Antec NX100,,ATX Mid Tower,ATX,Black / Yellow,,False,Acrylic,37.7,2,False,Antec
KOLINK Citadel Glass SE ARGB,,MicroATX Mid Tower,Micro ATX,Black,,False,Tempered Glass,53.4,2,False,KOLINK
KOLINK Observatory Y ARGB,,ATX Mid Tower,ATX,Black,,False,Tempered Glass,53.1,2,False,KOLINK
SHARKOON TG7M RGB,,ATX Mid Tower,ATX,Black,,False,Tempered Glass,52.1,2,False,SHARKOON
Acer Predator MI900,,Mini ITX Tower,Mini ITX,White / Black,,False,Mesh,15.5,0,False,Desconocida
Lian Li PC-O11ROG,,ATX Full Tower,ATX,Silver,,False,Tempered Glass,65.3,4,False,Lian Li
NZXT H400,,MicroATX Mini Tower,Micro ATX,Black,,False,Tempered Glass,36.9,1,False,NZXT
Cougar PANZER EVO RGB,,ATX Full Tower,ATX,Black,,False,Tempered Glass,,2,False,Cougar
Streacom DA2,,Mini ITX Desktop,Mini ITX,Black,,False,Solid,,3,False,Streacom
Silverstone FARA R1,,ATX Mid Tower,ATX,Black,,False,Tempered Glass,,1,False,SilverStone
ADATA XPG STARKER AIR,,ATX Mid Tower,ATX,White / Black,,False,Tempered Glass,40.0,2,False,XPG
Jonsbo V8,,Mini ITX Desktop,Mini ITX,Gray,,False,Mesh,25.3,2,False,Jonsbo
RAIJINTEK PAN Slim,,Mini ITX Desktop,Mini ITX,Black,,False,Solid,38.7,2,False,RAIJINTEK
Cooler Master HAF X nVidia Edition,,ATX Full Tower,ATX,Green / Black,,False,Acrylic,76.2,5,False,Cooler Master
Rosewill R379-M,,MicroATX Slim,Micro ATX,Black / Silver,300.0,True,Solid,12.9,1,False,Rosewill
Zalman Z9,,ATX Mid Tower,ATX,Black,,False,Solid,,5,False,Zalman
Lian Li PC-Q12,,Mini ITX Tower,Mini ITX,Black,300.0,True,Solid,6.6,0,False,Lian Li
Zalman Z11 Plus HF1,,ATX Mid Tower,ATX,Black,,False,Acrylic,68.0,5,False,Zalman
Silverstone SG05-LITE,,Mini ITX Desktop,Mini ITX,Black,450.0,True,Solid,10.7,1,False,SilverStone
Lian Li PC-Q02,,Mini ITX Tower,Mini ITX,Black,300.0,True,Solid,6.8,1,False,Lian Li
Thermaltake Chaser A31 Thunder Edition,,ATX Mid Tower,ATX,Black,,False,Acrylic,63.4,5,False,Thermaltake
Rosewill Galaxy-01,,ATX Mid Tower,ATX,Black,,False,Solid,45.9,4,False,Rosewill
Cooler Master HAF Stacker 915R,,Mini ITX Tower,Mini ITX,Black,,False,Solid,32.4,3,False,Cooler Master
Antec P100,,ATX Mid Tower,ATX,Black / Silver,,False,Solid,,7,False,Antec
Enermax ECA3253,,ATX Mid Tower,ATX,Pink,,False,Acrylic,43.8,5,False,Enermax
Fractal Design Define R4 Blackout,,ATX Mid Tower,ATX,Black,,False,Solid,56.0,8,False,Fractal Design
Zalman Z3 Plus White,,ATX Mid Tower,ATX,Black / White,,False,Acrylic,38.4,4,False,Zalman
Rosewill RISE,,ATX Full Tower,ATX,Black,,False,Acrylic,55.9,2,False,Rosewill
SHARKOON T9 Value,,MicroATX Mid Tower,Micro ATX,Black,,False,Acrylic,,0,False,SHARKOON
be quiet! Silent Base 800,,ATX Mid Tower,ATX,Black / Orange,,False,Solid,,7,False,be quiet!
Thermaltake Suppressor F1,,Mini ITX Desktop,Mini ITX,Black,,False,Acrylic,,2,False,Thermaltake
Phanteks Enthoo EVOLV ATX TG,,ATX Mid Tower,ATX,Gray,,False,Tinted Tempered Glass,,5,False,Phanteks
Corsair Crystal Series 460X RGB,,ATX Mid Tower,ATX,Black,,False,Tempered Glass,44.9,2,False,Corsair
Rosewill FBM-X1,,MicroATX Mini Tower,Micro ATX,Black,,False,Acrylic,22.2,1,False,Rosewill
Deepcool Frame,,MicroATX Mid Tower,Micro ATX,Black,,False,Solid,,3,False,DeepCool
Thermaltake Versa N27,,ATX Mid Tower,ATX,White,,False,Acrylic,,4,False,Thermaltake
SHARKOON TG5,,ATX Mid Tower,ATX,Black / White,,False,Acrylic,,3,False,SHARKOON
Deepcool Gamer Storm Quadstellar,,ATX Desktop,ATX,Black,,False,Solid,,8,False,DeepCool
Cougar PANZER EVO,,ATX Full Tower,ATX,Black / Red,,False,Acrylic,,2,False,Cougar
FSP Group CMT520,,ATX Mid Tower,ATX,Black,,False,Tempered Glass,,2,False,FSP
Thermaltake Level 20 GT RGB Plus,,ATX Full Tower,ATX,Black / Silver,,False,Tempered Glass,100.9,7,False,Thermaltake
Antec P7 Window,,ATX Mid Tower,ATX,Black / Red,,False,Acrylic,,2,False,Antec
Antec GX202,,ATX Mid Tower,ATX,Black,,False,Acrylic,40.1,3,False,Antec
GameMax Fortress,,ATX Full Tower,ATX,Black,,False,Tempered Glass,54.7,2,False,GameMax
GameMax Predator,,ATX Mid Tower,ATX,Black,,False,Tinted Tempered Glass,49.8,2,False,GameMax
DIYPC Jax11,,ATX Mid Tower,ATX,White,,False,Acrylic,,2,False,DIYPC
RAIJINTEK Eris Evo,,ATX Full Tower,ATX,Black,,False,Tempered Glass,137.6,5,False,RAIJINTEK
Apevia CRUSADER-F-BK,,ATX Mid Tower,ATX,Black,,False,Tempered Glass,,2,False,Apevia
SilentiumPC Regnum RG4,,ATX Mid Tower,ATX,Black,,False,Solid,46.1,3,False,SilentiumPC
SHARKOON REV 100,,ATX Mid Tower,ATX,Black,,False,Tempered Glass,43.1,3,False,SHARKOON
Apevia Enzo,,ATX Mid Tower,ATX,White,,False,Tempered Glass,35.7,3,False,Apevia
Azza Luminous 110F,,MicroATX Mini Tower,Micro ATX,Black,,False,Tempered Glass,36.1,2,False,Azza
GAMDIAS TALOS M1B,,ATX Mid Tower,ATX,Black,,False,Tempered Glass,,2,False,GAMDIAS
Cougar MX660 Mesh,,ATX Mid Tower,ATX,Black,,False,Tempered Glass,50.0,2,False,Cougar
In Win Chopin MAX,,Mini ITX Desktop,Mini ITX,Black,200.0,True,Mesh,4.4,0,False,In Win
Noua Smash S2,,ATX Mid Tower,ATX,Black,,False,Tempered Glass,32.5,2,False,Noua
Tecware Nexus Evo RGB,,ATX Mid Tower,ATX,Black,,False,Tempered Glass,35.4,2,False,Tecware
NOX Hummer Fusion S,,MicroATX Mini Tower,Micro ATX,Black,,False,Tempered Glass,36.1,2,False,NOX
KOLINK Inspire K1,,ATX Mid Tower,ATX,Black,,False,Tempered Glass,25.1,3,False,KOLINK
1STPLAYER T3-G,,MicroATX Mid Tower,Micro ATX,Black,,False,Tempered Glass,32.4,2,False,1STPLAYER
Jonsbo U4 Mini,,MicroATX Desktop,Micro ATX,White,,False,Tempered Glass,37.6,1,False,Jonsbo
Geometric Future Model 8,,ATX Mid Tower,ATX,Black / Blue,,False,Tinted Tempered Glass,57.5,3,False,Geometric Future
Chieftec CS-12B-300,2937.2,MicroATX Mini Tower,Micro ATX,Black,300.0,True,Solid,12.3,1,True,Chieftec
Silverstone SG02B-F-USB3.0,,MicroATX Desktop,Micro ATX,Black,,False,Solid,22.4,2,False,SilverStone
Thermaltake Level 20 GT ARGB Black Edition,,ATX Full Tower,ATX,Black,,False,Tempered Glass,100.9,7,False,Thermaltake
Cougar MX440-G RGB,,ATX Mid Tower,ATX,Black,,False,Tempered Glass,46.0,2,False,Cougar
KOLINK OBSERVATORY RGB,,ATX Mid Tower,ATX,White / Black,,False,Tempered Glass,,3,False,KOLINK
Enermax K8 RGB,,ATX Mid Tower,ATX,White,,False,Tempered Glass,50.4,2,False,Enermax
Jonsbo U4 Pro MESH,,ATX Mid Tower,ATX,Black,,False,Mesh,34.5,1,False,Jonsbo
HYTE REVOLT 3,4999.8,Mini ITX Tower,Mini ITX,White,700.0,True,Mesh,18.4,1,True,HYTE
Fractal Design Define C,,ATX Mid Tower,ATX,Black,,False,Acrylic,39.3,2,False,Fractal Design
Antec DARK CUBE,,MicroATX Mini Tower,Micro ATX,Black,,False,Tempered Glass,,1,False,Antec
Thermaltake Versa H21,,ATX Mid Tower,ATX,Black,500.0,True,Solid,42.8,3,False,Thermaltake
Silverstone ML06B-E,,HTPC,Mini ITX,Black,,False,Solid,,0,False,SilverStone
Silverstone SG13,,Mini ITX Tower,Mini ITX,White / Black,,False,Solid,11.5,1,False,SilverStone
MSI MPG Sekira 100P,,ATX Mid Tower,ATX,Black,,False,Tempered Glass,42.9,2,False,MSI
Thermaltake DH102,,HTPC,Mini ITX,Black / Silver,,False,Solid,28.1,3,False,Thermaltake
SHARKOON VS8 RGB,,ATX Mid Tower,ATX,Black,,False,Tempered Glass,42.1,2,False,SHARKOON
KOLINK Observatory Y Mesh,,ATX Mid Tower,ATX,Black,,False,Tempered Glass,53.1,2,False,KOLINK
Cooler Master Elite 360,,ATX Mini Tower,ATX,Black,,False,Solid,23.2,1,False,Cooler Master
Cooler Master Storm Scout,,ATX Mid Tower,ATX,Black,,False,Acrylic,52.6,5,False,Cooler Master
Cooler Master Cosmos,,ATX Full Tower,ATX,Silver / Black,,False,Solid,99.2,6,False,Cooler Master
Xigmatek Elysium,,ATX Full Tower,ATX,Black,,False,Acrylic,93.9,8,False,Xigmatek
Enermax ECA892BG-1350,,ATX Mid Tower,ATX,Black,1350.0,True,Solid,57.5,6,False,Enermax
Thermaltake Overseer RX-I,,ATX Full Tower,ATX,Black,,False,Acrylic,68.1,5,False,Thermaltake
NZXT Phantom 410,,ATX Mid Tower,ATX,Black / Orange,,False,Acrylic,58.5,6,False,NZXT
Fractal Design Define R4,,ATX Mid Tower,ATX,Black / Gray,,False,Acrylic,56.0,8,False,Fractal Design
NZXT Phantom 630,,ATX Full Tower,ATX,Black,,False,Acrylic,92.0,6,False,NZXT
Lian Li PC-TU100,,Mini ITX Tower,Mini ITX,Black,,False,Solid,10.6,0,False,Lian Li
NZXT Phantom 530,,ATX Full Tower,ATX,Black,,False,Acrylic,72.7,6,False,NZXT
Corsair Carbide Series SPEC-03,,ATX Mid Tower,ATX,Black / Orange,,False,Acrylic,36.1,3,False,Corsair
Deepcool TESSERACT BF,,ATX Mid Tower,ATX,Black / White,,False,Solid,36.4,4,False,DeepCool
Thermaltake Versa H35,,ATX Mid Tower,ATX,Black,,False,Acrylic,49.3,3,False,Thermaltake
Fractal Design Define R5,,ATX Mid Tower,ATX,White,,False,Acrylic,54.2,8,False,Fractal Design
Lian Li PC-Q26,,Mini ITX Tower,Mini ITX,Black,,False,Solid,33.8,10,False,Lian Li
Thermaltake Core V31,,ATX Mid Tower,ATX,Black,,False,Acrylic,72.0,3,False,Thermaltake
Phanteks Enthoo EVOLV ATX,,ATX Mid Tower,ATX,Gray,,False,Acrylic,,5,False,Phanteks
Cooler Master MasterCase 5,,ATX Mid Tower,ATX,Black,,False,Solid,,2,False,Cooler Master
Antec VSP-5000,,ATX Mid Tower,ATX,Black,,False,Solid,,4,False,Antec
NZXT H200i,,Mini ITX Tower,Mini ITX,Black / Red,,False,Tempered Glass,27.3,1,False,NZXT
Fractal Design Define R6 Blackout,,ATX Mid Tower,ATX,Black,,False,Solid,56.7,6,False,Fractal Design
In Win X-Frame 2.0,,ATX Test Bench,ATX,White / Blue,,False,Solid,102.0,6,False,In Win
Cooler Master MasterCase MC500Mt,,ATX Mid Tower,ATX,Black / Red,,False,Acrylic,75.6,4,False,Cooler Master
be quiet! Silent Base 801,,ATX Mid Tower,ATX,Black,,False,Solid,,5,False,be quiet!
Deepcool MATREXX 55 A-RGB 3F,,ATX Mid Tower,ATX,Black,,False,Tempered Glass,,2,False,DeepCool
In Win BQ656T.AD150TB3,,Mini ITX Tower,Mini ITX,Black,150.0,True,Solid,,0,False,In Win
Rosewill FBM-X2,,MicroATX Mini Tower,Micro ATX,Black,,False,Solid,25.3,1,False,Rosewill
In Win D-Frame 2.0,,ATX Full Tower,ATX,Black / Green,1065.0,True,Tempered Glass,,4,False,In Win
Deepcool MATREXX 70,,ATX Mid Tower,ATX,Black,,False,Tempered Glass,54.2,2,False,DeepCool
GameMax Expedition,,MicroATX Mini Tower,Micro ATX,Black,,False,Acrylic,29.4,2,False,GameMax
In Win 309,,ATX Mid Tower,ATX,Black,,False,Tempered Glass,,2,False,In Win
MagniumGear Neo Air ATX,,ATX Mid Tower,ATX,White / Black,,False,Tempered Glass,41.4,2,False,MagniumGear
Phanteks Evolv Shift Air,,Mini ITX Tower,Mini ITX,Black,,False,Mesh,24.0,1,False,Phanteks
In Win A1 Plus,,Mini ITX Tower,Mini ITX,Pink,650.0,True,Tempered Glass,21.8,0,False,In Win
MagniumGear Neo Mini V2,,Mini ITX Desktop,Mini ITX,Black,,False,Tempered Glass,,1,False,MagniumGear
Cooler Master MasterBox LITE 5 ARGB,,ATX Mid Tower,ATX,Black,,False,Tempered Glass,42.7,2,False,Cooler Master
SilentiumPC Regnum RG6V EVO TG ARGB,,ATX Mid Tower,ATX,Black,,False,Tempered Glass,,2,False,SilentiumPC
Jonsbo Jonsplus i100 Pro,,Mini ITX Desktop,Mini ITX,Black,,False,Solid,25.9,1,False,Jonsbo
GAMDIAS MARS M1,,ATX Mid Tower,ATX,Black,,False,Tempered Glass,,2,False,GAMDIAS
Montech SKY ONE MINI,,MicroATX Mini Tower,Micro ATX,Black,,False,Tempered Glass,21.9,1,False,Montech
Montech SKY ONE MINI,,MicroATX Mini Tower,Micro ATX,White,,False,Tempered Glass,21.9,1,False,Montech
MSI MPG GUNGNIR 110R EVA e-PROJECT,,ATX Mid Tower,ATX,Black / Purple,,False,Tempered Glass,,2,False,MSI
MSI MAG VAMPIRIC 300R PACIFIC BLUE,,ATX Mid Tower,ATX,Blue,,False,Tempered Glass,54.1,2,False,MSI
ADATA XPG STARKER,,ATX Mid Tower,ATX,White,,False,Tempered Glass,40.0,2,False,XPG
CiT Raider RGB,,ATX Mid Tower,ATX,White / Black,,False,Tempered Glass,37.8,2,False,CiT
FSP Group CMT260,,ATX Mid Tower,ATX,Black,,False,Tempered Glass,36.1,2,False,FSP
Cooler Master MasterBox MB520,,ATX Mid Tower,ATX,Black / Red,,False,Acrylic,50.4,2,False,Cooler Master
BGears b-Masstige,,MicroATX Mini Tower,Micro ATX,Black,,False,Tempered Glass,28.2,2,False,BGears
Jonsbo D300 4PCS,,MicroATX Mid Tower,Micro ATX,Black,,False,Tempered Glass,45.8,2,False,Jonsbo
YEYIAN Dragoon,,ATX Mid Tower,ATX,Black,,False,Tempered Glass,35.1,2,False,YEYIAN
YEYIAN Haizen 2500,,MicroATX Mid Tower,Micro ATX,Black,,False,Tempered Glass,24.7,2,False,YEYIAN
Aerocool Viewport Mini V2,,MicroATX Mini Tower,Micro ATX,White,,False,Tempered Glass,35.0,1,False,Aerocool
SilentiumPC Aquarius X70W,,ATX Mid Tower,ATX,Black,,False,Acrylic,59.1,2,False,SilentiumPC
Ocypus Gamma C72,,ATX Mid Tower,ATX,White,,False,Tempered Glass,43.0,2,False,Ocypus
In Win 904,1399.6,ATX Mid Tower,ATX,Black,,False,Tempered Glass,,3,True,In Win
Geometric Future Model 5 Vent Fanless,2198.0,ATX Mid Tower,ATX,White,,False,Tempered Glass,53.8,2,True,Geometric Future
Geometric Future Model 5 Fanless,2198.0,ATX Mid Tower,ATX,Black / Yellow,,False,Tempered Glass,51.1,2,True,Geometric Future
Cooler Master Elite 500,,ATX Mid Tower,ATX,Black,,False,Solid,38.0,2,False,Cooler Master
Silverstone ALTA F1,5991.0,ATX Mid Tower,ATX,Black,,False,Tempered Glass,56.8,2,True,SilverStone
Azza Chroma 410,2400.0,ATX Mid Tower,ATX,Black,,False,Acrylic,,2,True,Azza
Cooler Master MasterBox TD500 Mesh V2 Chun-Li,,ATX Mid Tower,ATX,White / Blue,,False,Tempered Glass,52.4,2,False,Cooler Master
Silverstone FTZ01,3639.8,Mini ITX Desktop,Mini ITX,Silver,,False,Solid,,1,True,SilverStone
Silverstone SETA A1,,ATX Mid Tower,ATX,Pink / Silver,,False,Tempered Glass,45.7,2,False,SilverStone
BitFenix Tracery,,ATX Mid Tower,ATX,Black,,False,Tempered Glass,52.8,4,False,BitFenix
Thermaltake Suppressor F31 TG,,ATX Mid Tower,ATX,Black,,False,Tempered Glass,64.0,3,False,Thermaltake
KOLINK Unity Solar Mesh ARGB,,ATX Mid Tower,ATX,Black,,False,Tempered Glass,42.3,2,False,KOLINK
RAIJINTEK Thetis,,ATX Mid Tower,ATX,Black,,False,Solid,27.7,2,False,RAIJINTEK
Cooler Master MasterCase SL600M Black Edition,,ATX Mid Tower,ATX,Black,,False,Tempered Glass,,4,False,Cooler Master
Thermaltake Divider 200 TG Air,,MicroATX Mini Tower,Micro ATX,White,,False,Tempered Glass,51.6,3,False,Thermaltake
Chieftec BX-10B-OP,,MicroATX Mid Tower,Micro ATX,Black,,False,Tempered Glass,28.8,1,False,Chieftec
Cooler Master MasterBox 500,,ATX Mid Tower,ATX,Black,,False,Tempered Glass,52.4,2,False,Cooler Master
ADATA XPG Battlecruiser II,3599.8,ATX Mid Tower,ATX,White,,False,Tempered Glass,62.6,5,True,XPG
KOLINK Unity Meshbay ARGB,,ATX Mid Tower,ATX,Black,,False,Tempered Glass,41.0,2,False,KOLINK
BitFenix Prodigy M,,MicroATX Mini Tower,Micro ATX,Black,,False,Solid,35.9,4,False,BitFenix
Cougar MX340,,ATX Mid Tower,ATX,Black,,False,Tempered Glass,,2,False,Cougar
Cougar MX350 MESH-X,,ATX Mid Tower,ATX,Black,,False,Solid,39.4,2,False,Cougar
Thermaltake Ceres 330 ARGB,,ATX Mid Tower,ATX,Blue,,False,Tempered Glass,53.9,1,False,Thermaltake
Corsair Carbide Series 678C,,ATX Mid Tower,ATX,White / Black,,False,Tempered Glass,65.2,6,False,Corsair
Thermaltake AH T200,,MicroATX Mid Tower,Micro ATX,Black,,False,Tempered Glass,69.1,2,False,Thermaltake
Jonsbo MOD-3 Mini,,MicroATX Mid Tower,Micro ATX,Gray,,False,Tempered Glass,76.4,1,False,Jonsbo
Cooler Master Elite 120 Advanced,,Mini ITX Tower,Mini ITX,Black / Silver,,False,Solid,19.7,3,False,Cooler Master
Anidees AI Crystal Cube,,ATX Mid Tower,ATX,,,False,Tinted Tempered Glass,50.5,3,False,Anidees
Cougar MX331 MESH-G,,ATX Mid Tower,ATX,Black,,False,Tempered Glass,43.5,2,False,Cougar
Lian Li Q58 (PCIe 3.0),,Mini ITX Desktop,Mini ITX,White,,False,Tempered Glass,14.5,0,False,Lian Li
Cougar Dust 2,,Mini ITX Tower,Mini ITX,Black / Gold,,False,Mesh,23.6,0,False,Cougar
Jonsbo VR4,,ATX Mid Tower,ATX,White,,False,Mesh,37.8,2,False,Jonsbo
Cougar Airface Pro RGB,,ATX Mid Tower,ATX,White,,False,Tempered Glass,55.4,2,False,Cougar
Jonsbo D32 PRO MESH,,MicroATX Desktop,Micro ATX,,,False,Mesh,25.7,2,False,Jonsbo
Cooler Master HAF X,,ATX Full Tower,ATX,Black,1000.0,True,Acrylic,75.0,5,False,Cooler Master
Lian Li PC-Q09,,Mini ITX Desktop,Mini ITX,Black,110.0,True,Solid,5.5,0,False,Lian Li
Foxconn G-007(H),,MicroATX Mid Tower,Micro ATX,Black,,False,Solid,45.4,4,False,Foxconn
Raidmax Thunder ATX-315WB,,ATX Mid Tower,ATX,Black / Silver,,False,Acrylic,36.2,5,False,Raidmax
NZXT Source 210 Elite,,ATX Mid Tower,ATX,White / Black,,False,Solid,42.4,8,False,NZXT
Azza Solano 1000R,,ATX Full Tower,ATX,Black,,False,Acrylic,56.0,8,False,Azza
Rosewill BLACKHAWK-ULTRA,,ATX Full Tower,ATX,Black,,False,Solid,100.6,10,False,Rosewill
CiT Vantage,,ATX Mid Tower,ATX,Black / Yellow,,False,Solid,37.5,5,False,CiT
Antec VSK-3000,,MicroATX Mid Tower,Micro ATX,Black,,False,Solid,,2,False,Antec
Cooler Master K280,,ATX Mid Tower,ATX,Black,,False,Solid,,6,False,Cooler Master
Cooler Master Cosmos SE,,ATX Mid Tower,ATX,Black,,False,Acrylic,78.4,8,False,Cooler Master
Corsair Graphite Series 230T Windowed,,ATX Mid Tower,ATX,Black / Gray,,False,Acrylic,,4,False,Corsair
Nanoxia NXDS6B,,ATX Full Tower,ATX,Black,,False,Solid,,13,False,Nanoxia
Fractal Design Core 1500,,MicroATX Mini Tower,Micro ATX,Black,,False,Solid,32.5,4,False,Fractal Design
Rosewill I5-397,,ATX Mini Tower,ATX,Black,450.0,True,Solid,37.0,6,False,Rosewill
Rosewill Neutron,,Mini ITX Desktop,Mini ITX,Black,,False,Acrylic,38.9,3,False,Rosewill
BitFenix Prodigy M,,MicroATX Mini Tower,Micro ATX,Black / Orange,,False,Acrylic,35.9,4,False,BitFenix
Sentey GS-6011,,ATX Mid Tower,ATX,Black / Blue,,False,Acrylic,,3,False,Sentey
Silverstone RVZ02B,,HTPC,Mini ITX,Black,,False,Solid,,1,False,SilverStone
be quiet! Silent Base 600,,ATX Mid Tower,ATX,Black,,False,Acrylic,,3,False,be quiet!
Aerocool CS-101,,MicroATX Slim,Micro ATX,Black,,False,Solid,,1,False,Aerocool
Rosewill NIGHTHAWK 117,,ATX Full Tower,ATX,Black,,False,Acrylic,,8,False,Rosewill
ABS R206-ITX,,MicroATX Mini Tower,Micro ATX,Black,,False,Solid,39.1,1,False,Desconocida
NZXT Manta,,Mini ITX Desktop,Mini ITX,Black / Red,,False,Acrylic,,2,False,NZXT
be quiet! Dark Base 900,,ATX Full Tower,ATX,Black / Orange,,False,Acrylic,82.0,7,False,be quiet!
NOX Hummer ZS,,ATX Mid Tower,ATX,Black,,False,Acrylic,43.6,2,False,NOX
NOX Hummer ZS,,ATX Mid Tower,ATX,White,,False,Acrylic,43.6,2,False,NOX
Aerocool P7-C1,,ATX Mid Tower,ATX,Black,,False,Acrylic,60.2,2,False,Aerocool
Phanteks Eclipse P400,,ATX Mid Tower,ATX,Black / White,,False,Tinted Tempered Glass,45.9,2,False,Phanteks
Phanteks Eclipse P400,,ATX Mid Tower,ATX,White,,False,Tinted Tempered Glass,45.9,2,False,Phanteks
Antec Sonata II,,ATX Mid Tower,ATX,Black,450.0,True,Solid,,4,False,Antec
Corsair Carbide Series SPEC-04,,ATX Mid Tower,ATX,Black / Yellow,,False,Acrylic,42.8,3,False,Corsair
Thermaltake Core X5 Riing Edition,,ATX Desktop,ATX,Green / Black,,False,Acrylic,92.8,4,False,Thermaltake
NZXT H200i,,Mini ITX Tower,Mini ITX,Black,,False,Tempered Glass,27.3,1,False,NZXT
DAN Cases A4 SFX,,Mini ITX Desktop,Mini ITX,Silver,,False,Solid,,0,False,DAN Cases
In Win 101C,,ATX Mid Tower,ATX,White / Black,,False,Tempered Glass,,2,False,In Win
Thermaltake View 71 TG RGB Plus,,ATX Full Tower,ATX,Black / Silver,,False,Acrylic,,4,False,Thermaltake
Fractal Design Meshify S2,,ATX Mid Tower,ATX,Black,,False,Solid,58.3,3,False,Fractal Design
Raidmax NEON RGB,,ATX Mid Tower,ATX,Black,,False,Acrylic,,2,False,Raidmax
BitFenix Nova Mesh,,ATX Mid Tower,ATX,Black,,False,Acrylic,41.4,2,False,BitFenix
Deepcool MATREXX 50 ADD-RGB 3F,,ATX Mid Tower,ATX,Black,,False,Tempered Glass,44.5,2,False,DeepCool
Cooler Master Silencio S600,,ATX Mid Tower,ATX,Black,,False,Tempered Glass,47.0,4,False,Cooler Master
Circle CG830,,ATX Mid Tower,ATX,White / Black,,False,Tempered Glass,,3,False,Desconocida
Golden Field Z3,,ATX Mid Tower,ATX,Black,,False,Tempered Glass,,2,False,Desconocida
DIYPC Shadow-H3-ARGB,,ATX Mid Tower,ATX,Black,,False,Tempered Glass,,3,False,DIYPC
GameMax Black Diamond ARGB,,ATX Mid Tower,ATX,Black,,False,Tempered Glass,,2,False,GameMax
SHARKOON REV 200,,ATX Mid Tower,ATX,Black,,False,Tempered Glass,50.5,2,False,SHARKOON
Apevia Prodigy,,MicroATX Mini Tower,Micro ATX,Pink,,False,Tempered Glass,32.5,2,False,Apevia
Lian Li Q58 (PCIe 3.0),,Mini ITX Desktop,Mini ITX,Black,,False,Tempered Glass,14.5,0,False,Lian Li
GAMDIAS ATHENA M2 ELITE,,ATX Mid Tower,ATX,Black,,False,Tempered Glass,,2,False,GAMDIAS
Antec NX700,,ATX Mid Tower,ATX,Black,,False,Tempered Glass,,2,False,Antec
Vetroo M01,,MicroATX Mid Tower,Micro ATX,White / Black,,False,Tempered Glass,36.6,2,False,Vetroo
Raidmax X616,,ATX Mid Tower,ATX,Black,,False,Tempered Glass,42.9,2,False,Raidmax
OCPC MICRO,,MicroATX Mid Tower,Micro ATX,Black,,False,Solid,12.7,0,False,OCPC
Jonsbo D500,,ATX Full Tower,ATX,Black,,False,Tempered Glass,90.8,10,False,Jonsbo
Cooler Master Silencio S400 Sakura Limited Edition,,MicroATX Mini Tower,Micro ATX,White / Pink,,False,Tempered Glass,,4,False,Cooler Master
Apevia Guardian-M,,ATX Mid Tower,ATX,Black,,False,Tempered Glass,39.5,2,False,Apevia
Apevia Destiny Flow,,ATX Mid Tower,ATX,Black,,False,Tempered Glass,,2,False,Apevia
GALAX REV-05,,ATX Full Tower,ATX,Black,,False,Tempered Glass,39.5,2,False,GALAX
GameMax Aero Mini Eco,,MicroATX Mini Tower,Micro ATX,Black / White,,False,Tempered Glass,31.5,2,False,GameMax
EVOLVEO Nate 2,,ATX Mid Tower,ATX,,,False,Acrylic,36.6,2,False,Desconocida
Inter-Tech C-703 Vision,,ATX Mid Tower,ATX,Black,,False,Tempered Glass,56.4,2,False,Inter-Tech
SSUPD Meshroom S V2 w/PCIe 4.0 Riser,,MicroATX Mini Tower,Micro ATX,Black,,False,Mesh,14.9,2,False,SSUPD
SSUPD Meshroom S V2 w/PCIe 4.0 Riser,,MicroATX Mini Tower,Micro ATX,White,,False,Mesh,14.9,2,False,SSUPD
BitFenix CETO Premium,,ATX Mid Tower,ATX,White,,False,Tempered Glass,49.0,3,False,BitFenix
In Win ModFree Base,3580.0,ATX Full Tower,ATX,Black,,False,Tempered Glass,57.2,1,True,In Win
GAMDIAS NESO P1,2999.8,ATX Full Tower,ATX,,,False,Tempered Glass,75.2,5,True,GAMDIAS
Silverstone FARA 313,,MicroATX Mid Tower,Micro ATX,Black,,False,Solid,26.7,3,False,SilverStone
Azza Cast 808,,ATX Mid Tower,ATX,Black,,False,Solid,,1,False,Azza
Jonsbo D40,,ATX Mid Tower,ATX,Silver / Black,,False,Tempered Glass,31.6,3,False,Jonsbo
Azza Octane A,1999.8,ATX Mid Tower,ATX,Black,,False,Tempered Glass,44.8,2,True,Azza
Silverstone FTZ01-E,4013.8,Mini ITX Desktop,Mini ITX,Black,,False,Solid,,0,True,SilverStone
Tempest Spectra RGB,,ATX Mid Tower,ATX,White / Black,,False,Acrylic,,2,False,Tempest
Geometric Future Model 8,,ATX Mid Tower,ATX,Black,,False,Tinted Tempered Glass,57.5,3,False,Geometric Future
Cooler Master MasterBox TD500 Mesh V2 Ryu,,ATX Mid Tower,ATX,White / Red,,False,Tempered Glass,52.4,2,False,Cooler Master
Aerocool CS-107,,MicroATX Mini Tower,Micro ATX,Black,,False,Tempered Glass,23.7,1,False,Aerocool
Jonsbo D400,,ATX Mid Tower,ATX,White,,False,Tempered Glass,59.9,2,False,Jonsbo
Cooler Master Elite 502,,ATX Mid Tower,ATX,White,,False,Tempered Glass,52.4,2,False,Cooler Master
Cooler Master MasterBox MB500 ARGB,,ATX Mid Tower,ATX,Black,,False,Tempered Glass,49.5,2,False,Cooler Master
Zalman R2,,ATX Mid Tower,ATX,White / Black,,False,Tempered Glass,,2,False,Zalman
RAIJINTEK PAN Slim,,Mini ITX Desktop,Mini ITX,White,,False,Solid,38.7,2,False,RAIJINTEK
Vetroo K1,,ATX Mid Tower,ATX,Silver,,False,Tempered Glass,37.4,2,False,Vetroo
GameMax Revolt,,ATX Mid Tower,ATX,Black,,False,Tempered Glass,40.7,2,False,GameMax
Jonsbo U4 Pro,,ATX Mid Tower,ATX,White,,False,Tempered Glass,34.5,1,False,Jonsbo
Cooler Master Silencio 652S,,ATX Mid Tower,ATX,Black,,False,Solid,,9,False,Cooler Master
Supermicro S5,,ATX Mid Tower,ATX,Black / Red,,False,Solid,,6,False,Supermicro
Thermaltake Level 20 HT Snow Edition,,ATX Full Tower,ATX,,,False,Tempered Glass,144.3,4,False,Thermaltake
BitFenix Nova Mesh SE,,ATX Mid Tower,ATX,White / Purple,,False,Tempered Glass,36.1,2,False,BitFenix
Aerocool Tor Pro,,ATX Full Tower,ATX,Black,,False,Tempered Glass,66.8,2,False,Aerocool
Antec Sonata III,,ATX Mid Tower,ATX,Black,500.0,True,Solid,40.2,4,False,Antec
Antec Skeleton,,ATX Mini Tower,ATX,Silver / Black,,False,Solid,51.9,2,False,Antec
Cooler Master Cosmos S,,ATX Full Tower,ATX,Black / Gray,,False,Solid,99.2,4,False,Cooler Master
Silverstone FT03,,MicroATX Mini Tower,Micro ATX,Black,,False,Solid,32.2,3,False,SilverStone
Xigmatek Elysium,,ATX Full Tower,ATX,Black / Silver,,False,Acrylic,93.9,8,False,Xigmatek
nMEDIAPC HTPC 8000,,HTPC,Mini ITX,Brown,,False,Solid,49.6,4,False,nMEDIAPC
NZXT Source 220,,ATX Mid Tower,ATX,Black,,False,Solid,43.4,8,False,NZXT
Sentey SS1-2420,,MicroATX Slim,Micro ATX,Black,250.0,True,Solid,13.3,1,False,Sentey
Lian Li PC-V650,,ATX Mini Tower,ATX,Silver,,False,Solid,38.2,7,False,Lian Li
NZXT Phantom 630,,ATX Full Tower,ATX,Gunmetal,,False,Acrylic,92.0,6,False,NZXT
Cooler Master Elite 330U,,ATX Mid Tower,ATX,Black,350.0,True,Solid,40.7,5,False,Cooler Master
Cooler Master Elite 344,,ATX Mini Tower,ATX,Silver,350.0,True,Solid,28.2,5,False,Cooler Master
Apevia X-Dreamer4,,ATX Mid Tower,ATX,Pink,,False,Acrylic,43.1,4,False,Apevia
Thermaltake Chaser A71,,ATX Full Tower,ATX,Black,,False,Acrylic,66.3,5,False,Thermaltake
Apevia X-Sniper2,,ATX Mid Tower,ATX,Black / Green,,False,Acrylic,,4,False,Apevia
Fractal Design Arc XL,,ATX Full Tower,ATX,Black,,False,Acrylic,72.8,8,False,Fractal Design
Aerocool Strike-X One,,ATX Mid Tower,ATX,Black / Red,,False,Solid,,6,False,Aerocool
NZXT Phantom,,ATX Full Tower,ATX,Black / Red,,False,Solid,74.3,7,False,NZXT
Thermaltake Versa H23,,ATX Mid Tower,ATX,Black,,False,Acrylic,43.7,3,False,Thermaltake
Corsair Graphite Series 780T,,ATX Full Tower,ATX,Black / Yellow,,False,Acrylic,109.9,6,False,Corsair
Fractal Design Core 1300,,MicroATX Mini Tower,Micro ATX,Black,,False,Solid,32.5,2,False,Fractal Design
Corsair Carbide Series 330R Titanium Edition,,ATX Mid Tower,ATX,Black / Silver,,False,Solid,49.9,4,False,Corsair
Raidmax Hyperion,,MicroATX Mid Tower,Micro ATX,Black / Blue,,False,Acrylic,,5,False,Raidmax
Thermaltake Core X9 Snow Edition,,ATX Desktop,ATX,White,,False,Acrylic,,7,False,Thermaltake
NZXT Noctis 450,,ATX Mid Tower,ATX,White / Blue,,False,Acrylic,,6,False,NZXT
Aerocool Aero-800,,ATX Mid Tower,ATX,Black / White,,False,Acrylic,,2,False,Aerocool
NZXT H440,,ATX Mid Tower,ATX,White / Black,,False,Acrylic,53.3,8,False,NZXT
Antec P380,,ATX Full Tower,ATX,Black,,False,Acrylic,,8,False,Antec
Cooler Master MasterCase Maker 5,,ATX Mid Tower,ATX,Black,,False,Acrylic,,5,False,Cooler Master
be quiet! Dark Base 900,,ATX Full Tower,ATX,Black,,False,Acrylic,82.0,7,False,be quiet!
Rosewill B2-SPIRIT,,ATX Full Tower,ATX,Black,,False,Acrylic,,13,False,Rosewill
Cooler Master MasterCase Pro 3,,MicroATX Mini Tower,Micro ATX,Black,,False,Acrylic,55.4,2,False,Cooler Master
NZXT H440 Hyper Beast,,ATX Mid Tower,ATX,Blue,,False,Acrylic,53.3,8,False,NZXT
Silverstone RL06,,ATX Mid Tower,ATX,Black / Red,,False,Acrylic,43.4,3,False,SilverStone
SHARKOON TG5,,ATX Mid Tower,ATX,Black / Green,,False,Acrylic,,3,False,SHARKOON
LC-Power 991B Lighthouse,,ATX Mid Tower,ATX,Black,,False,Tempered Glass,51.6,3,False,LC-Power
Corsair Carbide Series SPEC OMEGA,,ATX Mid Tower,ATX,White / Black,,False,Tempered Glass,,3,False,Corsair
Xigmatek Scorpio,,MicroATX Mid Tower,Micro ATX,Black,,False,Tempered Glass,30.1,2,False,Xigmatek
Thermaltake Versa J23 RGB,,ATX Mid Tower,ATX,Black,,False,Tempered Glass,,2,False,Thermaltake
Fractal Design Define R6 USB-C,,ATX Mid Tower,ATX,Black / White,,False,Solid,56.7,6,False,Fractal Design
Antec Dark Fleet DF500 RGB,,ATX Mid Tower,ATX,Black,,False,Tempered Glass,,2,False,Antec
Rosewill CULLINAN MX-Red,,ATX Mid Tower,ATX,Black / Red,,False,Tempered Glass,47.2,4,False,Rosewill
Silverstone CS280B,,Mini ITX Tower,Mini ITX,Black / Silver,,False,Solid,,0,False,SilverStone
Thermaltake H100 TG,,ATX Mid Tower,ATX,Black,,False,Tempered Glass,39.7,2,False,Thermaltake
Rosewill SPECTRA X,,ATX Mid Tower,ATX,Black,,False,Tempered Glass,,5,False,Rosewill
Rosewill PRISM S,,ATX Mid Tower,ATX,Black,,False,Tempered Glass,46.9,3,False,Rosewill
Antec NX500,,ATX Mid Tower,ATX,Black,,False,Tempered Glass,47.4,2,False,Antec
MagniumGear Neo Silent,,ATX Mid Tower,ATX,Black,,False,Tempered Glass,41.4,2,False,MagniumGear
Jonsbo C3 Plus,,MicroATX Mini Tower,Micro ATX,Silver,,False,Tempered Glass,31.2,4,False,Jonsbo
Maingear Vybe Mk. V,,ATX Mid Tower,ATX,Red / Black,,False,Tempered Glass,38.4,2,False,Desconocida
BitFenix Dawn TG,,ATX Mid Tower,ATX,Black,,False,Tempered Glass,,2,False,BitFenix
MagniumGear NEO Qube,,ATX Mid Tower,ATX,Black,,False,Tempered Glass,,2,False,MagniumGear
Fractal Design Define 7,,ATX Mid Tower,ATX,Black / White,,False,Solid,62.4,6,False,Fractal Design
Cougar MX330-G Air,,ATX Mid Tower,ATX,Black,,False,Tempered Glass,,2,False,Cougar
FSP Group CMT230,,ATX Mid Tower,ATX,Black,,False,Acrylic,36.9,2,False,FSP
SAMA Sama-3D,,ATX Mid Tower,ATX,Black,,False,Tempered Glass,,2,False,SAMA
Cooler Master MasterCase H500P Mesh ARGB,,ATX Mid Tower,ATX,Gray,,False,Tempered Glass,71.4,2,False,Cooler Master
RAIJINTEK PONOS MS,,ATX Mid Tower,ATX,Black,,False,Tempered Glass,45.0,3,False,RAIJINTEK
Jonsbo U4,,ATX Mid Tower,ATX,Black,,False,Tempered Glass,29.8,2,False,Jonsbo
Apevia Predator,,ATX Mid Tower,ATX,Black,,False,Tempered Glass,35.7,3,False,Apevia
Fractal Design Define 7 Compact,,ATX Mid Tower,ATX,White,,False,Solid,42.5,2,False,Fractal Design
SilentiumPC Signum SG1,,ATX Mid Tower,ATX,Black,,False,Solid,,2,False,SilentiumPC
Jonsbo T8,,Mini ITX Desktop,Mini ITX,Black,,False,Tempered Glass,8.4,1,False,Jonsbo
Tempest Aura ARGB,,ATX Mid Tower,ATX,Black,,False,Acrylic,,2,False,Tempest
GAMDIAS ARGUS E3,,ATX Mid Tower,ATX,Black,,False,Tempered Glass,,2,False,GAMDIAS
GAMDIAS ATHENA E1 ELITE,,ATX Mid Tower,ATX,Black,,False,Tempered Glass,,2,False,GAMDIAS
darkFlash DLC29,,ATX Mid Tower,ATX,Black,,False,Solid,38.6,2,False,darkFlash
MUSETEX Y4,,ATX Mid Tower,ATX,Black,,False,Tempered Glass,32.9,2,False,MUSETEX
Antec NX292,,ATX Mid Tower,ATX,White,,False,Tempered Glass,37.6,2,False,Antec
CiT Dark Star,,ATX Mid Tower,ATX,Black,,False,Acrylic,41.3,2,False,CiT
DIYPC ARGB-Q01,,MicroATX Mini Tower,Micro ATX,Black,,False,Tempered Glass,40.0,2,False,DIYPC
RAIJINTEK OPHION 7L,,Mini ITX Desktop,Mini ITX,Black,,False,Mesh,7.1,0,False,RAIJINTEK
Vetroo M05,,MicroATX Mid Tower,Micro ATX,Pink,,False,Tempered Glass,36.3,2,False,Vetroo
GameMax Brufen C3,,ATX Mid Tower,ATX,Black / Blue,,False,Tempered Glass,42.2,2,False,GameMax
GameMax Dragon Knight,,ATX Mid Tower,ATX,Black,,False,Acrylic,59.1,8,False,GameMax
GameMax G563,,ATX Mid Tower,ATX,Black,,False,Acrylic,37.8,2,False,GameMax
YEYIAN Phoenix,,ATX Mid Tower,ATX,Black,,False,Tempered Glass,47.3,2,False,YEYIAN
Xigmatek Cubi,,ATX Mid Tower,ATX,Black,,False,Tempered Glass,62.8,2,False,Xigmatek
SHARKOON Rebel C70G RGB,,ATX Mid Tower,ATX,Brown / White,,False,Tempered Glass,54.5,3,False,SHARKOON
Armoury C802,,ATX Mid Tower,ATX,Black,,False,Tempered Glass,51.4,2,False,Desconocida
RAIJINTEK OPHION M EVO ALS,1398.0,MicroATX Mid Tower,Micro ATX,Black,,False,Solid,,3,True,RAIJINTEK
Geometric Future Model 2 The ARK,1998.0,MicroATX Mini Tower,Micro ATX,Gray / Black,,False,Tempered Glass,40.7,1,True,Geometric Future
iStarUSA S-917,4239.2,Mini ITX Tower,Mini ITX,Black,,False,Solid,28.2,0,True,Desconocida
BitFenix Prodigy M 2022 ARGB,,MicroATX Mini Tower,Micro ATX,Black / White,,False,Tempered Glass,,2,False,BitFenix
Silverstone FARA R1 PRO,2177.19,ATX Mid Tower,ATX,White,,False,Tempered Glass,36.0,1,True,SilverStone
Silverstone FARA 514X,,ATX Mid Tower,ATX,White,,False,Tempered Glass,49.7,2,False,SilverStone
KOLINK Unity Solar Mesh ARGB,,ATX Mid Tower,ATX,White,,False,Tempered Glass,42.3,2,False,KOLINK
Antec CX600M RGB,,MicroATX Mini Tower,Micro ATX,Black,,False,Tempered Glass,46.8,1,False,Antec
Cougar Spike,,MicroATX Mini Tower,Micro ATX,Black,,False,Solid,28.2,2,False,Cougar
Phanteks Enthoo EVOLV SHIFT X,,Mini ITX Tower,Mini ITX,Black,,False,Tinted Tempered Glass,,2,False,Phanteks
Cooler Master MasterBox K500 ARGB,,ATX Mid Tower,ATX,Black,,False,Tempered Glass,46.9,2,False,Cooler Master
Silverstone SETA Q1,,ATX Mid Tower,ATX,Black,,False,Solid,56.2,2,False,SilverStone
Silverstone GD06B,,HTPC,Mini ITX,Black,,False,Solid,22.4,4,False,SilverStone
RAIJINTEK OPHION,,Mini ITX Desktop,Mini ITX,Black,,False,Acrylic,,1,False,RAIJINTEK
Cougar DarkBlader X5,3555.2,ATX Mid Tower,ATX,White,,False,Tempered Glass,50.0,2,True,Cougar
Zalman R2,,ATX Mid Tower,ATX,Black,,False,Tempered Glass,,2,False,Zalman
Cougar MX430 Mesh RGB,,ATX Mid Tower,ATX,Black,,False,Tempered Glass,37.6,2,False,Cougar
Jonsbo U5,,ATX Mid Tower,ATX,Silver,,False,Tempered Glass,40.3,2,False,Jonsbo
Cougar Airface RGB,,ATX Mid Tower,ATX,White,,False,Tempered Glass,43.6,2,False,Cougar
RAIJINTEK PAEAN MINI,,Mini ITX Tower,Mini ITX,Black,,False,Tempered Glass,26.0,1,False,RAIJINTEK
KOLINK Tranquility,,ATX Mid Tower,ATX,Black,,False,Solid,40.6,2,False,KOLINK
Thermaltake A500,,ATX Mid Tower,ATX,Silver / Black,,False,Tempered Glass,67.4,6,False,Thermaltake
Aerocool Playa Slim,,MicroATX Mini Tower,Micro ATX,Black,,False,Solid,,1,False,Aerocool
Zalman X3,,ATX Mid Tower,ATX,Black,,False,Tinted Tempered Glass,,2,False,Zalman
Jonsbo MOD-3,,ATX Mid Tower,ATX,Gray,,False,Tempered Glass,93.1,1,False,Jonsbo
BitFenix Prodigy M 2022,,MicroATX Mini Tower,Micro ATX,Black / White,,False,Tempered Glass,,2,False,BitFenix
Cougar MG140 Air RGB,,MicroATX Mini Tower,Micro ATX,White / Black,,False,Tempered Glass,35.3,2,False,Cougar
Cougar Dust 2,,Mini ITX Tower,Mini ITX,Black / Gray,,False,Mesh,23.6,0,False,Cougar
LC-Power Gaming 808B Skylla_X,,ATX Mid Tower,ATX,Black,,False,Tempered Glass,50.7,2,False,LC-Power
Zalman P30 AIR,,MicroATX Mini Tower,Micro ATX,Black,,False,Tempered Glass,44.6,2,False,Zalman
Apevia X-Cruiser,,ATX Mid Tower,ATX,Black / Silver,,False,Acrylic,41.2,5,False,Apevia
Logisys CS888CL,,ATX Mid Tower,ATX,Clear,,False,Solid,43.3,6,False,Logisys
NZXT Phantom,,ATX Full Tower,ATX,Pink / Black,,False,Solid,74.3,7,False,NZXT
In Win BK623.BN300TBL,,MicroATX Mini Tower,Micro ATX,Black,300.0,True,Solid,12.3,1,False,In Win
Thermaltake Commander MS-I ID,,ATX Mid Tower,ATX,Black,,False,Acrylic,41.1,5,False,Thermaltake
Thermaltake Commander MS/I Snow Edition,,ATX Mid Tower,ATX,White / Black,,False,Acrylic,41.9,5,False,Thermaltake
NZXT Switch 810,,ATX Full Tower,ATX,Black,,False,Acrylic,81.3,6,False,NZXT
Cooler Master Storm Scout 2,,ATX Mid Tower,ATX,White,,False,Acrylic,61.6,7,False,Cooler Master
Xion XON-720P,,MicroATX Slim,Micro ATX,White,300.0,True,Solid,10.4,1,False,Xion
Topower TP-1687BS-400,,MicroATX Desktop,Micro ATX,Black / Silver,400.0,True,Solid,15.4,1,False,Topower
BitFenix Phenom M,,MicroATX Mini Tower,Micro ATX,Black,,False,Solid,30.6,5,False,BitFenix
Apevia X-Hermes,,ATX Mid Tower,ATX,Black / Blue,,False,Acrylic,44.7,4,False,Apevia
Fractal Design Arc Midi R2,,ATX Mid Tower,ATX,Black,,False,Solid,55.6,8,False,Fractal Design
Antec Eleven Hundred V2,,ATX Mid Tower,ATX,Black,,False,Acrylic,67.6,6,False,Antec
Phanteks Enthoo Luxe,,ATX Full Tower,ATX,White / Black,,False,Acrylic,72.4,6,False,Phanteks
Thermaltake Core V51,,ATX Mid Tower,ATX,Black,,False,Acrylic,71.2,5,False,Thermaltake
Nanoxia Deep Silence 5,,ATX Full Tower,ATX,Black,,False,Solid,,11,False,Nanoxia
Lian Li PC-T80,,ATX Test Bench,ATX,Black,,False,Solid,,6,False,Lian Li
CiT Vanquish,,ATX Mid Tower,ATX,Black / Red,,False,Acrylic,,5,False,CiT
Rosewill Stryker M,,ATX Mid Tower,ATX,Black,,False,Acrylic,,3,False,Rosewill
Phanteks Enthoo Primo,,ATX Full Tower,ATX,Black / White,,False,Acrylic,,6,False,Phanteks
Phanteks Enthoo Pro M,,ATX Mid Tower,ATX,Green,,False,Acrylic,56.4,2,False,Phanteks
Aerocool Aero-800,,ATX Mid Tower,ATX,Black,,False,Acrylic,,2,False,Aerocool
Zalman R1,,ATX Mid Tower,ATX,Black,,False,Acrylic,,4,False,Zalman
Xion Xon-350,,ATX Mid Tower,ATX,Black,,False,Solid,23.7,2,False,Xion
Antec P182,,ATX Mid Tower,ATX,Black,,False,Solid,55.7,6,False,Antec
NOX Hummer MC,,ATX Mid Tower,ATX,White / Blue,,False,Acrylic,43.6,2,False,NOX
Corsair Carbide Series SPEC-ALPHA,,ATX Mid Tower,ATX,Black / Yellow,,False,Acrylic,,3,False,Corsair
Lian Li PC-Q20,,Mini ITX Tower,Mini ITX,Black,,False,Solid,7.2,0,False,Lian Li
Silverstone PM01,,ATX Mid Tower,ATX,Black,,False,Acrylic,70.3,4,False,SilverStone
Apevia X-Mirage,,ATX Mid Tower,ATX,Pink,,False,Acrylic,41.8,2,False,Apevia
GameMax FALCON WHITE RGB,,ATX Mid Tower,ATX,White / Black,,False,Acrylic,,2,False,GameMax
SHARKOON VG4-W,,ATX Mid Tower,ATX,Black / Red,,False,Acrylic,38.3,3,False,SHARKOON
Aerocool V3X Advance,,ATX Mid Tower,ATX,Black,,False,Solid,30.4,3,False,Aerocool
Phanteks Enthoo EVOLV ITX TG,,Mini ITX Desktop,Mini ITX,Black / Red,,False,Tinted Tempered Glass,34.1,2,False,Phanteks
Lian Li PC-O8X,,ATX Mid Tower,ATX,Gold,,False,Tempered Glass,,6,False,Lian Li
In Win BM639.AD160TBL,,Mini ITX Tower,Mini ITX,Black,,False,Solid,6.8,1,False,In Win
NZXT H700i,,ATX Mid Tower,ATX,Black / Red,,False,Tempered Glass,58.6,2,False,NZXT
SHARKOON S25-S,,ATX Mid Tower,ATX,Black,,False,Acrylic,43.9,3,False,SHARKOON
Aerocool P7-C0,,ATX Mid Tower,ATX,Black,,False,Tempered Glass,,2,False,Aerocool
EVGA DG-77,,ATX Mid Tower,ATX,Black,,False,Tempered Glass,,2,False,EVGA
Streacom BC1 Mini,,Mini ITX Test Bench,Mini ITX,Silver,,False,Solid,,0,False,Streacom
NZXT H500i,,ATX Mid Tower,ATX,Black / Blue,,False,Tempered Glass,41.3,3,False,NZXT
Rosewill METEOR XR,,ATX Mid Tower,ATX,Black,,False,Tempered Glass,,2,False,Rosewill
Thermaltake Versa J21,,ATX Mid Tower,ATX,Black,,False,Tempered Glass,,2,False,Thermaltake
be quiet! Dark Base 700,,ATX Mid Tower,ATX,White / Black,,False,Tempered Glass,,7,False,be quiet!
Antec VSK10 Window,,MicroATX Mid Tower,Micro ATX,Black,,False,Acrylic,,2,False,Antec
Fractal Design Vector RS Blackout,,ATX Mid Tower,ATX,Black,,False,Tinted Tempered Glass,64.1,6,False,Fractal Design
In Win EFS052,,ATX Mini Tower,ATX,Black,,False,Solid,25.4,0,False,In Win
KOLINK INSPIRE K2 RGB,,MicroATX Mini Tower,Micro ATX,Black,,False,Tempered Glass,28.2,2,False,KOLINK
AvP Arion RGB,,ATX Mid Tower,ATX,Black,,False,Tempered Glass,34.6,2,False,Desconocida
Deepcool MATREXX 55 V3 ADD-RGB WH,,ATX Mid Tower,ATX,White / Black,,False,Tempered Glass,,2,False,DeepCool
NOX Hummer TGF,,ATX Mid Tower,ATX,Black,,False,Tempered Glass,,2,False,NOX
darkFlash DLM 21 Mesh,,MicroATX Mini Tower,Micro ATX,White,,False,Tempered Glass,32.1,2,False,darkFlash
Apevia Predator,,ATX Mid Tower,ATX,Pink,,False,Tempered Glass,35.7,3,False,Apevia
SilentiumPC Signum SG7V EVO TG ARGB,,ATX Mid Tower,ATX,Black,,False,Tempered Glass,,3,False,SilentiumPC
Aerocool Atomic V2,,MicroATX Mini Tower,Micro ATX,Black,,False,Tempered Glass,36.2,2,False,Aerocool
MS Cyclops V,,ATX Mid Tower,ATX,Black,,False,Acrylic,,3,False,Desconocida
Tempest Spectra RGB,,ATX Mid Tower,ATX,Black,,False,Acrylic,,2,False,Tempest
Aerocool Mecha,,ATX Mid Tower,ATX,Black,,False,Tempered Glass,33.5,2,False,Aerocool
Jonsbo MOD5,,ATX Mid Tower,ATX,White / Black,,False,Tempered Glass,97.2,1,False,Jonsbo
Silverstone CS330B,,MicroATX Mini Tower,Micro ATX,Black,,False,Solid,30.2,4,False,SilverStone
SAMA Sama-S88-BK,,ATX Mid Tower,ATX,Black / Red,,False,Tempered Glass,37.7,2,False,SAMA
GameMax Contac Turbo COC,,ATX Mid Tower,ATX,Black / Red,,False,Tempered Glass,43.0,2,False,GameMax
GameMax Contac Turbo COC,,ATX Mid Tower,ATX,White / Black,,False,Tempered Glass,43.0,2,False,GameMax
Vetroo AL600,,ATX Mid Tower,ATX,White,,False,Tempered Glass,41.7,3,False,Vetroo
Antec DF800 FLUX,,ATX Mid Tower,ATX,White,,False,Tempered Glass,,3,False,Antec
In Win Explorer,,Mini ITX Desktop,Mini ITX,White,,False,Tempered Glass,34.3,1,False,In Win
Thermaltake Versa T26 TG ARGB,,ATX Mid Tower,ATX,Black,,False,Tempered Glass,50.6,2,False,Thermaltake
MSI MAG SHIELD 110R,,ATX Mid Tower,ATX,Black,,False,Tempered Glass,36.5,2,False,MSI
ADATA XPG STARKER,,ATX Mid Tower,ATX,Black,,False,Tempered Glass,40.0,2,False,XPG
Ocelot OGEC01,,ATX Mid Tower,ATX,Black,,False,Tempered Glass,31.7,2,False,Desconocida
Jonsbo V11,,Mini ITX Tower,Mini ITX,Silver,,False,Mesh,13.0,0,False,Jonsbo
OCPC MINI,,Mini ITX Test Bench,Mini ITX,Black,,False,Solid,7.2,0,False,OCPC
Thermaltake Core P5 V2,,ATX Mid Tower,ATX,Black,,False,Tempered Glass,115.4,6,False,Thermaltake
MagniumGear NEO AIR (2023),,ATX Mid Tower,ATX,White / Black,,False,Tempered Glass,41.4,2,False,MagniumGear
Noua Diamond C112,,ATX Mid Tower,ATX,White,,False,Tempered Glass,39.8,2,False,Noua
Cooler Master HAF XB EVO,,ATX Desktop,ATX,Black,,False,Acrylic,61.7,2,False,Cooler Master
GALAX REV-01,,ATX Mid Tower,ATX,Black,,False,Tempered Glass,41.9,2,False,GALAX
Vetroo M03,,MicroATX Mini Tower,Micro ATX,Black,,False,Tempered Glass,36.1,2,False,Vetroo
Aerocool Dryft Mini V1,,MicroATX Mid Tower,Micro ATX,Black,,False,Tempered Glass,47.0,1,False,Aerocool
GameMax Aero,,ATX Mid Tower,ATX,Black / White,,False,Tempered Glass,40.7,2,False,GameMax
GameMax Aero Mini,,MicroATX Mini Tower,Micro ATX,Black / White,,False,Tempered Glass,31.5,2,False,GameMax
GameMax Edge,,ATX Mid Tower,ATX,Black,,False,Tempered Glass,34.2,2,False,GameMax
GameMax Infinity Mini,,MicroATX Mini Tower,Micro ATX,White,,False,Tempered Glass,36.7,1,False,GameMax
GameMax Silent Max,,ATX Mid Tower,ATX,Black,,False,Solid,98.5,8,False,GameMax
DIYPC ARGB-Q1.V2,,MicroATX Mini Tower,Micro ATX,White,,False,Tempered Glass,,1,False,DIYPC
APNX C1-R,,ATX Mid Tower,ATX,Black,,False,Tempered Glass,53.6,3,False,APNX
Ocypus Gamma C70 ARGB,,ATX Mid Tower,ATX,White,,False,Tempered Glass,40.3,2,False,Ocypus
Cooler Master Elite 302 Lite,,MicroATX Mini Tower,Micro ATX,Black,,False,Tempered Glass,34.1,1,False,Cooler Master
Jonsbo C5,,ATX Mid Tower,ATX,Black,,False,Tempered Glass,34.5,4,False,Jonsbo
Silverstone SETA A1,2889.4,ATX Mid Tower,ATX,Silver / Black,,False,Tempered Glass,45.7,2,True,SilverStone
Geometric Future Model 5 Vent,3198.0,ATX Mid Tower,ATX,White,,False,Tempered Glass,53.8,2,True,Geometric Future
MagniumGear Neo G,,ATX Mid Tower,ATX,Black,,False,Tempered Glass,41.4,2,False,MagniumGear
Antec AX27 RGB ELITE,,ATX Mid Tower,ATX,,,False,Tempered Glass,32.2,2,False,Antec
Thermaltake View 300 MX Snow TG ARGB,2899.6,ATX Mid Tower,ATX,White,,False,Tempered Glass,58.8,2,True,Thermaltake
Thermaltake S250 TG ARGB,,ATX Mid Tower,ATX,White,,False,Tempered Glass,49.4,2,False,Thermaltake
Antec P5,,MicroATX Mini Tower,Micro ATX,Black,,False,Solid,,2,False,Antec
Cougar DarkBlader X5,3555.2,ATX Mid Tower,ATX,Black,,False,Tempered Glass,50.0,2,True,Cougar
Deepcool CYCLOPS,,ATX Mid Tower,ATX,Black,,False,Tempered Glass,51.5,2,False,DeepCool
KOLINK Inspire K6,,MicroATX Mini Tower,Micro ATX,Black,,False,Tempered Glass,32.7,2,False,KOLINK
SHARKOON Rebel C80M RGB,,ATX Mid Tower,ATX,Black,,False,Mesh,55.7,3,False,SHARKOON
Silverstone RV05B,2327.0,ATX Mid Tower,ATX,Black,,False,Solid,63.8,2,True,SilverStone
In Win 301C,,MicroATX Mini Tower,Micro ATX,White,,False,Tempered Glass,26.0,1,False,In Win
Cooler Master MasterCase MC500P,,ATX Mid Tower,ATX,Black,,False,Tempered Glass,65.9,4,False,Cooler Master
Thermaltake Versa J22,,ATX Mid Tower,ATX,Black,,False,Tempered Glass,,2,False,Thermaltake
GameMax Vengeance,,ATX Mid Tower,ATX,Black,,False,Tempered Glass,43.9,2,False,GameMax
BitFenix FLOW,,ATX Mid Tower,ATX,White,,False,Tempered Glass,42.3,2,False,BitFenix
Aerocool CS-109-S,,ATX Mid Tower,ATX,Black,,False,Solid,23.7,2,False,Aerocool
Cooler Master MasterBox 5T,,ATX Mid Tower,ATX,Black / Red,,False,Acrylic,,2,False,Cooler Master
Antec VSK10,5915.4,MicroATX Mid Tower,Micro ATX,Black,,False,Solid,,2,True,Antec
Silverstone SETA A1,2789.2,ATX Mid Tower,ATX,Black,,False,Tempered Glass,45.7,2,True,SilverStone
Thermaltake Divider 500 TG ARGB Air Snow,3199.8,ATX Mid Tower,ATX,White,,False,Tempered Glass,56.8,2,True,Thermaltake
Jonsbo D41 STD Screen,,ATX Mid Tower,ATX,White,,False,Tempered Glass,35.4,2,False,Jonsbo
NZXT Phantom 820,,ATX Full Tower,ATX,Gunmetal,,False,Acrylic,92.8,6,False,NZXT
NZXT H700i,,ATX Mid Tower,ATX,Black / Blue,,False,Tempered Glass,58.6,2,False,NZXT
Cooler Master MB600L ODD,,ATX Mid Tower,ATX,Black / Red,,False,Acrylic,,2,False,Cooler Master
NZXT H700,,ATX Mid Tower,ATX,Black / Red,,False,Tempered Glass,58.6,2,False,NZXT
be quiet! Silent Base 601,,ATX Mid Tower,ATX,Black / Orange,,False,Solid,,3,False,be quiet!
Jonsbo TR03-G,,ATX Mid Tower,ATX,Black,,False,Tempered Glass,95.3,3,False,Jonsbo
Cooler Master Elite 300 TG,,MicroATX Mid Tower,Micro ATX,Black,,False,Tempered Glass,35.8,2,False,Cooler Master
Enermax K8 RGB,,ATX Mid Tower,ATX,Black,,False,Tempered Glass,50.4,2,False,Enermax
Antec LanBoy Air,,ATX Mid Tower,ATX,Black / Yellow,,False,Solid,58.5,6,False,Antec
Corsair Graphite Series 600T,,ATX Mid Tower,ATX,Black,,False,Solid,79.3,6,False,Corsair
Antec Twelve Hundred,,ATX Full Tower,ATX,Black,750.0,True,Acrylic,63.5,9,False,Antec
Cooler Master Centurion 5,,ATX Mid Tower,ATX,Black / Silver,,False,Solid,42.0,4,False,Cooler Master
Cooler Master CM690 II Basic,,ATX Mid Tower,ATX,Black,,False,Solid,57.4,6,False,Cooler Master
Thermaltake SopranoRS 101,,ATX Mid Tower,ATX,Black,,False,Acrylic,43.7,5,False,Thermaltake
Thermaltake Element V,,ATX Full Tower,ATX,Black,,False,Acrylic,62.4,6,False,Thermaltake
Cooler Master HAF 932 AMD Limited Edition,,ATX Full Tower,ATX,Black / Red,,False,Acrylic,76.5,5,False,Cooler Master
Apevia X-Master,,HTPC,Mini ITX,Black / Blue,500.0,True,Solid,22.0,1,False,Apevia
NZXT H2,,ATX Mid Tower,ATX,Black,,False,Solid,51.8,8,False,NZXT
Raidmax Cyclone,,ATX Mid Tower,ATX,Black / Red,450.0,True,Solid,34.1,5,False,Raidmax
Fractal Design Define R3,,ATX Mid Tower,ATX,White,,False,Solid,47.5,8,False,Fractal Design
Azza Orion 202 EVO,,ATX Mid Tower,ATX,Black / Red,,False,Acrylic,43.5,4,False,Azza
Antec P280,,ATX Mid Tower,ATX,Black / Gray,,False,Solid,68.0,6,False,Antec
Sentey SS1-2421,,MicroATX Slim,Micro ATX,Black,250.0,True,Solid,13.3,1,False,Sentey
Silverstone PS07B,,MicroATX Mini Tower,Micro ATX,Black,,False,Solid,31.4,5,False,SilverStone
Cooler Master CM 690 II Advanced NVIDIA Edition,,ATX Mid Tower,ATX,Black,,False,Acrylic,55.7,4,False,Cooler Master
Zalman ZM-Z9 U3,,ATX Mid Tower,ATX,Black,,False,Acrylic,48.3,5,False,Zalman
In Win Z583T.CQ350TB3L,,MicroATX Mini Tower,Micro ATX,Black / Silver,350.0,True,Solid,24.2,1,False,In Win
Azza Genesis 9000W,,ATX Full Tower,ATX,White / Black,,False,Acrylic,93.0,5,False,Azza
Ultra XBlaster V2,,ATX Mid Tower,ATX,Black,450.0,True,Solid,36.0,6,False,Ultra
Thermaltake Armor Revo Gene Snow Edition,,ATX Mid Tower,ATX,White,,False,Acrylic,69.9,5,False,Thermaltake
Cooler Master Storm Scout 2 Advanced,,ATX Mid Tower,ATX,Black,,False,Acrylic,61.6,7,False,Cooler Master
Cooler Master N600,,ATX Mid Tower,ATX,Black,,False,Solid,48.5,7,False,Cooler Master
Rosewill Galaxy-02,,ATX Mid Tower,ATX,Black,,False,Solid,26.4,4,False,Rosewill
BitFenix Prodigy M,,MicroATX Mini Tower,Micro ATX,White,,False,Solid,35.9,4,False,BitFenix
Antec 1100 Illusion,,ATX Full Tower,ATX,Black,,False,Acrylic,67.6,6,False,Antec
Corsair Carbide Series Air 540,,ATX Mid Tower,ATX,Black / Silver,,False,Acrylic,62.6,2,False,Corsair
Raidmax Vampire,,ATX Full Tower,ATX,White / Blue,,False,Acrylic,80.5,7,False,Raidmax
Fractal Design Define R4 Blackout,,ATX Mid Tower,ATX,Black,,False,Acrylic,56.0,8,False,Fractal Design
Cooler Master 690 III,,ATX Mid Tower,ATX,Black / Green,,False,Solid,58.5,7,False,Cooler Master
Lian Li PC-A51,,ATX Mini Tower,ATX,Silver,,False,Solid,,5,False,Lian Li
Phanteks Enthoo Primo,,ATX Full Tower,ATX,White,,False,Acrylic,,6,False,Phanteks
Zalman ZM-T4,,MicroATX Mini Tower,Micro ATX,Black,,False,Solid,,2,False,Zalman
BitFenix Neos,,ATX Mid Tower,ATX,Black,,False,Solid,37.0,3,False,BitFenix
Rosewill RISE Glow,,ATX Full Tower,ATX,Black,,False,Acrylic,55.9,5,False,Rosewill
Aerocool Mechatron-Black Steel Edition,,ATX Mid Tower,ATX,Black,,False,Acrylic,60.3,4,False,Aerocool
Aerocool XPredator X1,,ATX Mid Tower,ATX,Black,,False,Solid,43.2,6,False,Aerocool
In Win IW-BQ656T.AD120TB3,,Mini ITX Tower,Mini ITX,Black,120.0,True,Solid,3.3,0,False,In Win
Phanteks Enthoo Primo,,ATX Full Tower,ATX,Black / Red,,False,Acrylic,,6,False,Phanteks
Lian Li PC-O6S,,HTPC,Mini ITX,Black,,False,Tempered Glass,,6,False,Lian Li
In Win 703,,ATX Mid Tower,ATX,Black / Red,,False,Acrylic,,4,False,In Win
be quiet! Silent Base 600,,ATX Mid Tower,ATX,Black,,False,Solid,,3,False,be quiet!
DIYPC D480,,ATX Mid Tower,ATX,White,,False,Acrylic,,2,False,DIYPC
Phanteks Eclipse P400S,,ATX Mid Tower,ATX,Black,,False,Solid,45.9,2,False,Phanteks
DIYPC Gamemax,,ATX Full Tower,ATX,Black,,False,Acrylic,61.7,4,False,DIYPC
Silverstone PM01,,ATX Mid Tower,ATX,Black / Red,,False,Acrylic,70.3,4,False,SilverStone
Deepcool Dukase,,ATX Mid Tower,ATX,White,,False,Acrylic,,3,False,DeepCool
Rosewill GUNGNIR X,,ATX Mid Tower,ATX,Black / Red,,False,Acrylic,,2,False,Rosewill
Aerocool Aero-300,,ATX Mid Tower,ATX,Black,,False,Acrylic,37.8,2,False,Aerocool
Aerocool Aero-500,,ATX Mid Tower,ATX,White / Black,,False,Acrylic,45.1,4,False,Aerocool
Phanteks Enthoo EVOLV SHIFT,,Mini ITX Tower,Mini ITX,Black,,False,Tinted Tempered Glass,24.0,1,False,Phanteks
Phanteks Enthoo Pro M TG,,ATX Mid Tower,ATX,Black / White,,False,Tinted Tempered Glass,56.4,2,False,Phanteks
be quiet! Dark Base 900,,ATX Full Tower,ATX,White,,False,Acrylic,82.0,7,False,be quiet!
BitFenix Enso,,ATX Mid Tower,ATX,Black,,False,Tempered Glass,,2,False,BitFenix
Lian Li PC-V3000,,ATX Full Tower,ATX,Black,,False,Tinted Tempered Glass,,9,False,Lian Li
Cooler Master MB600L,,ATX Mid Tower,ATX,Black / Blue,,False,Acrylic,,2,False,Cooler Master
Fractal Design Define R6,,ATX Mid Tower,ATX,White / Black,,False,Tempered Glass,56.7,6,False,Fractal Design
In Win 305,,ATX Mid Tower,ATX,Black,,False,Tempered Glass,,2,False,In Win
DIYPC Vision II,,ATX Mid Tower,ATX,Black / Blue,,False,Tempered Glass,46.9,3,False,DIYPC
Streacom BC1 Mini,,Mini ITX Test Bench,Mini ITX,Black,,False,Solid,,0,False,Streacom
Streacom BC1,,ATX Test Bench,ATX,Silver,,False,Solid,,2,False,Streacom
Antec P6,,MicroATX Mid Tower,Micro ATX,Black,,False,Tempered Glass,38.1,2,False,Antec
Lian Li PC-Q39GWX,,Mini ITX Desktop,Mini ITX,Black,,False,Tempered Glass,,2,False,Lian Li
GamerChief HYVE,,ATX Full Tower,ATX,Black,,False,Acrylic,,4,False,Desconocida
Cooler Master MasterBox MB500 TUF Edition,,ATX Mid Tower,ATX,Black,,False,Tempered Glass,49.5,2,False,Cooler Master
NZXT H700,,ATX Mid Tower,ATX,Black / Blue,,False,Tempered Glass,58.6,2,False,NZXT
NZXT H400,,MicroATX Mini Tower,Micro ATX,Black / Red,,False,Tempered Glass,36.9,1,False,NZXT
SAMA ARK,,ATX Full Tower,ATX,Black / Blue,,False,Tempered Glass,,4,False,SAMA
Corsair Carbide Series 275R,,ATX Mid Tower,ATX,Black / Red,,False,Acrylic,44.2,2,False,Corsair
Fractal Design Define S2 Blackout,,ATX Mid Tower,ATX,Black,,False,Tinted Tempered Glass,58.8,3,False,Fractal Design
Cooler Master MasterCase SL600M,,ATX Mid Tower,ATX,Silver / Black,,False,Tempered Glass,,4,False,Cooler Master
Enermax SABERAY RGB,,ATX Mid Tower,ATX,Black,,False,Tempered Glass,60.3,2,False,Enermax
NZXT H700 Nuka-Cola,,ATX Mid Tower,ATX,Red / Black,,False,Tempered Glass,58.6,2,False,NZXT
Tecware Nexus M,,MicroATX Mid Tower,Micro ATX,White,,False,Tempered Glass,,2,False,Tecware
NZXT H500 Overwatch,,ATX Mid Tower,ATX,Black / Orange,,False,Tempered Glass,41.3,3,False,NZXT
Rosewill PRISM S,,ATX Mid Tower,ATX,White / Black,,False,Tempered Glass,46.9,3,False,Rosewill
BitFenix Nova Mesh TG,,ATX Mid Tower,ATX,Black,,False,Tempered Glass,41.4,2,False,BitFenix
GameMax Centauri,,MicroATX Mid Tower,Micro ATX,Black / Red,,False,Acrylic,34.7,2,False,GameMax
NZXT H510i Phantom Gaming,,ATX Mid Tower,ATX,Black / Red,,False,Tempered Glass,41.3,2,False,NZXT
Antec Striker,,Mini ITX Tower,Mini ITX,White,,False,Tempered Glass,39.6,0,False,Antec
Montech Air 900 MESH,,ATX Mid Tower,ATX,White,,False,Tempered Glass,44.0,2,False,Montech
Aerocool Sentinel,,ATX Mid Tower,ATX,Black,,False,Tempered Glass,,1,False,Aerocool
FSP Group CST 110,,MicroATX Mini Tower,Micro ATX,Black,,False,Solid,15.4,3,False,FSP
darkFlash DLM 22,,MicroATX Mid Tower,Micro ATX,Pink,,False,Tempered Glass,,2,False,darkFlash
Enermax MarbleShell M MS20 ARGB,,MicroATX Mini Tower,Micro ATX,White / Black,,False,Tempered Glass,,2,False,Enermax
SilentiumPC Armis AR1,,ATX Mid Tower,ATX,Black,,False,Solid,29.2,2,False,SilentiumPC
NZXT CRFT 08 H510 Valhalla,,ATX Mid Tower,ATX,Black / Gray,,False,Tempered Glass,41.3,2,False,NZXT
GAMDIAS ARGUS E2 ELITE,,ATX Mid Tower,ATX,Black,,False,Tempered Glass,,2,False,GAMDIAS
GAMDIAS ATHENA M2 LITE,,MicroATX Mid Tower,Micro ATX,Black,,False,Tempered Glass,,2,False,GAMDIAS
GAMDIAS MARS M2,,MicroATX Mid Tower,Micro ATX,Black,,False,Tempered Glass,,2,False,GAMDIAS
Jonsbo D30,,MicroATX Mini Tower,Micro ATX,Silver / Black,,False,Tempered Glass,26.6,1,False,Jonsbo
Vetroo AL600,,ATX Mid Tower,ATX,Black,,False,Tempered Glass,41.7,3,False,Vetroo
darkFlash DLH21,,Mini ITX Tower,Mini ITX,Black,,False,Solid,17.2,1,False,darkFlash
In Win B1 Pure,,Mini ITX Desktop,Mini ITX,White / Brown,200.0,True,Solid,7.8,0,False,In Win
Thermaltake Divider 500 TG ARGB,3299.6,ATX Mid Tower,ATX,Black,,False,Tempered Glass,56.8,2,True,Thermaltake
Azza Crimson 211,,ATX Mid Tower,ATX,Black,,False,Acrylic,40.4,3,False,Azza
Corsair Carbide Series SPEC-02,,ATX Mid Tower,ATX,Black,,False,Acrylic,,3,False,Corsair
Inter-Tech C-702 DIORAMA,,ATX Mid Tower,ATX,Black,,False,Tempered Glass,44.1,2,False,Inter-Tech
Cougar MX410,,ATX Mid Tower,ATX,Black,,False,Acrylic,36.3,2,False,Cougar
Vetroo AL-MESH-7C,,ATX Mid Tower,ATX,Black,,False,Tempered Glass,40.9,2,False,Vetroo
DIYPC ARGB-Q8-BK,,MicroATX Mid Tower,Micro ATX,Black,,False,Tempered Glass,28.4,2,False,DIYPC
Antec NX320,,ATX Mid Tower,ATX,Black,,False,Tempered Glass,40.5,2,False,Antec
CiT Blaze,,ATX Mid Tower,ATX,Black / Blue,,False,Tempered Glass,31.4,2,False,CiT
Apevia Destiny Pro,,ATX Mid Tower,ATX,Pink / Black,,False,Tempered Glass,42.0,2,False,Apevia
Corsair iCUE 5000D RGB AIRFLOW iCUE Lighting Node PRO,,ATX Mid Tower,ATX,Black,,False,Tempered Glass,66.2,2,False,Corsair
LC-Power Gaming 900B - Lumaxx Gloom,,ATX Mid Tower,ATX,Black,,False,Tempered Glass,57.0,2,False,LC-Power
Chieftec STALLION II,,ATX Mid Tower,ATX,Black,,False,Tempered Glass,62.5,2,False,Chieftec
Jonsbo MOD-3 Mini,,MicroATX Mid Tower,Micro ATX,White,,False,Tempered Glass,76.4,1,False,Jonsbo
Antec NX360 Elite,,ATX Mid Tower,ATX,Black,,False,Tempered Glass,37.5,1,False,Antec
GALAX REV-06 RGB,,ATX Mid Tower,ATX,White,,False,Tempered Glass,39.5,2,False,GALAX
GALAX REV-06 ARGB,,ATX Mid Tower,ATX,White,,False,Tempered Glass,39.5,2,False,GALAX
GameMax M60,,MicroATX Mid Tower,Micro ATX,White,,False,Mesh,29.4,2,False,GameMax
Jonsbo BO 100,,Mini ITX Desktop,Mini ITX,Black,,False,Tempered Glass,15.7,1,False,Jonsbo
KOLINK Outline,,ATX Mid Tower,ATX,Black,,False,Tempered Glass,38.3,2,False,KOLINK
Thermaltake CTE E660 MX,,ATX Mid Tower,ATX,Green / Black,,False,Tempered Glass,77.4,3,False,Thermaltake
GameMax Spark Mini,,Mini ITX Desktop,Mini ITX,Black,,False,Tempered Glass,15.1,1,False,GameMax
SAMA V Nature,,ATX Mid Tower,ATX,White,,False,Tempered Glass,,2,False,SAMA
MSI PRO FORGE M050A,,MicroATX Mini Tower,Micro ATX,Black,,False,Tempered Glass,32.8,2,False,MSI
Geometric Future Model 5 Vent Fanless,2198.0,ATX Mid Tower,ATX,Black / Yellow,,False,Tempered Glass,53.8,2,True,Geometric Future
Silverstone ALTA F1,5817.6,ATX Mid Tower,ATX,Silver / Black,,False,Tempered Glass,56.8,2,True,SilverStone
SHARKOON MS-Z1000,,MicroATX Mid Tower,Micro ATX,Black,,False,Tempered Glass,26.2,1,False,SHARKOON
Silverstone PM02-G,3128.2,ATX Mid Tower,ATX,,,False,Tempered Glass,49.3,3,True,SilverStone
Antec NSK4100,,ATX Mid Tower,ATX,Black,,False,Solid,35.6,6,False,Antec
Fractal Design Define R6,,ATX Mid Tower,ATX,Silver,,False,Solid,56.7,6,False,Fractal Design
Antec P110 Luce,,ATX Mid Tower,ATX,Black,,False,Tempered Glass,,6,False,Antec
LC-Power Gaming 807W Stormwatch_X,,ATX Mid Tower,ATX,White,,False,Tempered Glass,54.2,1,False,LC-Power
KOLINK Levante V2 ARGB,,ATX Mid Tower,ATX,Black,,False,Tempered Glass,40.6,3,False,KOLINK
Thermaltake Core P90,,ATX Mid Tower,ATX,Black,,False,Tinted Tempered Glass,135.9,3,False,Thermaltake
Azza Overdrive,,ATX Full Tower,ATX,Black,,False,Tempered Glass,,2,False,Azza
Thermaltake Divider 300 TG Air,2499.6,ATX Mid Tower,ATX,Black,,False,Tempered Glass,48.2,2,True,Thermaltake
Aerocool Graphite v3 ARGB,,ATX Mid Tower,ATX,,,False,Tempered Glass,43.0,2,False,Aerocool
Cooler Master Elite 330,,ATX Mid Tower,ATX,Black / Silver,,False,Solid,38.2,5,False,Cooler Master
Fractal Design Define XL R2,,ATX Full Tower,ATX,Gray,,False,Solid,72.1,8,False,Fractal Design
Corsair Graphite Series 230T,,ATX Mid Tower,ATX,Black / Red,,False,Solid,,4,False,Corsair
Thermaltake Versa N26,,ATX Mid Tower,ATX,Black,,False,Acrylic,44.7,3,False,Thermaltake
Montech Fighter 500,,ATX Mid Tower,ATX,White,,False,Tempered Glass,38.6,2,False,Montech
Cougar Purity RGB,,MicroATX Mini Tower,Micro ATX,White,,False,Tempered Glass,28.2,2,False,Cougar
BitFenix Saber,,ATX Mid Tower,ATX,Black,,False,Tempered Glass,,2,False,BitFenix
Thermaltake A700 TG,,ATX Full Tower,ATX,Silver,,False,Tempered Glass,102.0,4,False,Thermaltake
Antec NX800,,ATX Mid Tower,ATX,White,,False,Tempered Glass,54.0,3,False,Antec
Thermaltake Divider 200 TG,,MicroATX Mini Tower,Micro ATX,Black,,False,Tempered Glass,51.6,3,False,Thermaltake
MSI MAG PYLON,,ATX Mid Tower,ATX,Black,,False,Tempered Glass,45.1,2,False,MSI
Azza Iris 330,,ATX Mid Tower,ATX,Black,,False,Tempered Glass,42.5,2,False,Azza
RAIJINTEK Ponos Ultra TG4,,ATX Mid Tower,ATX,Black,,False,Tempered Glass,46.3,2,False,RAIJINTEK
Cooler Master Sileo 500,,ATX Mid Tower,ATX,Black,500.0,True,Solid,41.3,4,False,Cooler Master
Cooler Master Storm Sniper,,ATX Mid Tower,ATX,Black,,False,Solid,79.2,5,False,Cooler Master
Lian Li PC-V351,,MicroATX Desktop,Micro ATX,Black,,False,Solid,27.1,2,False,Lian Li
Apevia X-Alien,,ATX Full Tower,ATX,Black,500.0,True,Solid,50.9,5,False,Apevia
Apevia X-FIT-200,,Mini ITX Tower,Mini ITX,Black,250.0,True,Solid,6.4,1,False,Apevia
Broadway Com Corp 939PL,,ATX Mid Tower,ATX,Black,550.0,True,Solid,34.4,4,False,Broadway Com
Raidmax Blackstorm ATX-615WU,,ATX Mid Tower,ATX,Black / Blue,,False,Solid,47.7,4,False,Raidmax
NZXT Source 210,,ATX Mid Tower,ATX,White / Black,,False,Solid,42.4,8,False,NZXT
Apex SK-386,,ATX Mid Tower,ATX,Black,300.0,True,Solid,29.2,5,False,Apex
Lian Li PC-TU200,,Mini ITX Tower,Mini ITX,Black,,False,Solid,21.6,4,False,Lian Li
NZXT Phantom,,ATX Full Tower,ATX,Black / Green,,False,Solid,74.3,7,False,NZXT
Apevia ATXB2KL,,ATX Mid Tower,ATX,Beige / Gray,420.0,True,Solid,40.2,4,False,Apevia
Silverstone SG08B,,Mini ITX Desktop,Mini ITX,Black,600.0,True,Solid,14.8,1,False,SilverStone
Cooler Master Elite 311,,ATX Mid Tower,ATX,Black / Blue,,False,Acrylic,40.8,5,False,Cooler Master
Xigmatek Midgard II,,ATX Mid Tower,ATX,Black,,False,Solid,45.4,6,False,Xigmatek
Thermaltake V3 Black AMD Edition,,ATX Mid Tower,ATX,Black / Red,,False,Acrylic,38.5,4,False,Thermaltake
Cougar Challenger,,ATX Mid Tower,ATX,Black / Orange,,False,Acrylic,71.6,7,False,Cougar
Silverstone GD04B-USB3.0,,HTPC,Mini ITX,Black,,False,Solid,21.3,2,False,SilverStone
Ultra Rogue M925,,ATX Full Tower,ATX,Black,,False,Solid,61.9,8,False,Ultra
Nanoxia Deep Silence 1,,ATX Mid Tower,ATX,Black,,False,Solid,57.0,7,False,Nanoxia
Zalman MS800 Plus,,ATX Mid Tower,ATX,Black,,False,Acrylic,,1,False,Zalman
CFI Pharaoh Evo,,ATX Full Tower,ATX,Black,,False,Acrylic,109.4,10,False,CFI
Thermaltake Chaser A31 Snow White,,ATX Mid Tower,ATX,White,,False,Acrylic,52.7,6,False,Thermaltake
Apevia X-Cruiser3,,ATX Mid Tower,ATX,Pink,,False,Acrylic,44.7,4,False,Apevia
Apevia X-Sniper2,,ATX Mid Tower,ATX,Black / Blue,,False,Acrylic,,4,False,Apevia
NZXT H230,,ATX Mid Tower,ATX,Black,,False,Solid,43.7,6,False,NZXT
Cubitek MagicCube-AIO,,ATX Mid Tower,ATX,Black,,False,Solid,,5,False,Cubitek
Rosewill Legacy U3-B,,MicroATX Mini Tower,Micro ATX,Black,,False,Acrylic,20.1,2,False,Rosewill
Raidmax Viper GX,,ATX Mid Tower,ATX,Black / Green,,False,Solid,65.3,7,False,Raidmax
Raidmax Cobra Z,,ATX Mid Tower,ATX,Black / Red,,False,Solid,59.5,3,False,Raidmax
Thermaltake Versa H21,,ATX Mid Tower,ATX,Black,,False,Acrylic,42.8,3,False,Thermaltake
Thermaltake Urban T81,,ATX Full Tower,ATX,Black,,False,Acrylic,82.8,8,False,Thermaltake
Lian Li PC-V1000L,,ATX Full Tower,ATX,Black,,False,Solid,73.6,0,False,Lian Li
Thermaltake Commander G41,,ATX Mid Tower,ATX,Black,,False,Acrylic,57.0,6,False,Thermaltake
Phanteks Enthoo EVOLV,,MicroATX Mini Tower,Micro ATX,Black,,False,Acrylic,41.7,3,False,Phanteks
Cooler Master Silencio 652,,ATX Mid Tower,ATX,Black,,False,Solid,,9,False,Cooler Master
Xion XON 310,,MicroATX Mid Tower,Micro ATX,Black,,False,Solid,,1,False,Xion
Aerocool XPredator,,ATX Full Tower,ATX,White,,False,Acrylic,,6,False,Aerocool
Thermaltake Suppressor F51,,ATX Mid Tower,ATX,Black,,False,Acrylic,69.7,6,False,Thermaltake
Lian Li PC-O5S,,HTPC,Mini ITX,Black,,False,Tempered Glass,,5,False,Lian Li
Corsair Carbide Series SPEC-01,,ATX Mid Tower,ATX,Black / Blue,,False,Acrylic,38.3,4,False,Corsair
Thermaltake Core X2,,MicroATX Mini Tower,Micro ATX,Black,,False,Acrylic,,4,False,Thermaltake
be quiet! Silent Base 800,,ATX Mid Tower,ATX,Black,,False,Acrylic,,7,False,be quiet!
Phanteks Enthoo EVOLV ATX,,ATX Mid Tower,ATX,Silver,,False,Acrylic,,5,False,Phanteks
NZXT Manta,,Mini ITX Desktop,Mini ITX,White / Black,,False,Acrylic,,2,False,NZXT
DIYPC Zondda,,ATX Mid Tower,ATX,Black / Orange,,False,Acrylic,,4,False,DIYPC
Raidmax Ninja II,,ATX Mid Tower,ATX,Black / Orange,,False,Acrylic,,3,False,Raidmax
Phanteks Eclipse P400S,,ATX Mid Tower,ATX,White,,False,Solid,45.9,2,False,Phanteks
BitFenix Nova,,ATX Mid Tower,ATX,White,,False,Acrylic,,4,False,BitFenix
Thermaltake Core X31,,ATX Mid Tower,ATX,Black,,False,Acrylic,,6,False,Thermaltake
NOX Coolbay CX,,MicroATX Desktop,Micro ATX,Black,,False,Acrylic,,3,False,NOX
NZXT H440 EnVyUs,,ATX Mid Tower,ATX,Black / Blue,,False,Acrylic,53.3,8,False,NZXT
be quiet! Dark Base 900,,ATX Full Tower,ATX,Black / Silver,,False,Acrylic,82.0,7,False,be quiet!
Azza Taurus 5000B,,ATX Full Tower,ATX,Black,,False,Acrylic,,8,False,Azza
DIYPC Silence,,ATX Mid Tower,ATX,Black,,False,Acrylic,,2,False,DIYPC
Deepcool SMARTER,,MicroATX Mini Tower,Micro ATX,Black / Blue,,False,Solid,30.8,2,False,DeepCool
Lian Li PC-Q20,,Mini ITX Tower,Mini ITX,White,,False,Solid,7.2,0,False,Lian Li
Cooler Master MasterBox Lite 3,,MicroATX Mini Tower,Micro ATX,Black,,False,Acrylic,26.9,1,False,Cooler Master
SHARKOON VG4-W,,ATX Mid Tower,ATX,Black / Green,,False,Acrylic,38.3,3,False,SHARKOON
In Win 303 ROG RGB Edition,,ATX Mid Tower,ATX,Black / Red,,False,Tempered Glass,,2,False,In Win
Lian Li PC-D600,,ATX Full Tower,ATX,Black,,False,Acrylic,,6,False,Lian Li
Enermax OSTROG Lite,,ATX Mid Tower,ATX,Black,,False,Acrylic,,2,False,Enermax
In Win 303 MSI Dragon,,ATX Mid Tower,ATX,White / Silver,,False,Tempered Glass,,2,False,In Win
Lian Li ALPHA 550X,,ATX Mid Tower,ATX,Black,,False,Tempered Glass,56.5,4,False,Lian Li
In Win A1,,Mini ITX Tower,Mini ITX,Black,600.0,True,Tempered Glass,20.4,0,False,In Win
In Win A1,,Mini ITX Tower,Mini ITX,White,600.0,True,Tempered Glass,20.4,0,False,In Win
Raidmax Zeta B04,,ATX Mid Tower,ATX,Black,,False,Tempered Glass,48.3,2,False,Raidmax
CiT F3,,MicroATX Mini Tower,Micro ATX,Black / Purple,,False,Acrylic,,2,False,CiT
Corsair SPEC-OMEGA RGB Newegg Edition,,ATX Mid Tower,ATX,Black / Multicolor,,False,Tempered Glass,,3,False,Corsair
SHARKOON VG5,,ATX Mid Tower,ATX,Black / Red,,False,Acrylic,38.3,3,False,SHARKOON
Xigmatek Hawthorn,,ATX Mid Tower,ATX,Black / Blue,,False,Acrylic,36.1,2,False,Xigmatek
be quiet! Silent Base 801,,ATX Mid Tower,ATX,Black / Orange,,False,Tempered Glass,,5,False,be quiet!
Antec Dark Fleet DF500,,ATX Mid Tower,ATX,Black,,False,Tempered Glass,,2,False,Antec
Tecware Nexus,,ATX Mid Tower,ATX,Black / White,,False,Tempered Glass,,2,False,Tecware
SAMA Proxima-RGB,,ATX Mid Tower,ATX,Black,,False,Tempered Glass,,2,False,SAMA
Cooler Master MasterBox CM694 TG,,ATX Mid Tower,ATX,Black,,False,Tempered Glass,,6,False,Cooler Master
Azza Apollo 430,,ATX Mid Tower,ATX,White,,False,Tempered Glass,41.3,4,False,Azza
BitFenix Nova Mesh TG 4ARGB,,ATX Mid Tower,ATX,White,,False,Tempered Glass,41.4,2,False,BitFenix
Thermaltake S500,,ATX Mid Tower,ATX,Black,,False,Tempered Glass,67.8,2,False,Thermaltake
AvP Galaxy III,,ATX Mid Tower,ATX,Black / Blue,,False,Acrylic,39.4,6,False,Desconocida
Montech Flyer Black,,MicroATX Mid Tower,Micro ATX,Black,,False,Tempered Glass,,2,False,Montech
Cougar MG120,,MicroATX Mini Tower,Micro ATX,Black,,False,Solid,,2,False,Cougar
Rosewill Tyrfing V2,,ATX Mid Tower,ATX,Black,,False,Acrylic,44.6,3,False,Rosewill
DIYPC Solo-T2-BK Black USB 3.0,,ATX Mid Tower,ATX,Black / Blue,,False,Solid,39.1,3,False,DIYPC
Cougar Blazer,,ATX Mid Tower,ATX,Black / Orange,,False,Tempered Glass,,3,False,Cougar
Aerocool Aero One Mini Eclipse,,MicroATX Mini Tower,Micro ATX,White / Black,,False,Tempered Glass,,2,False,Aerocool
darkFlash DLX22,,ATX Mid Tower,ATX,White,,False,Tempered Glass,,2,False,darkFlash
SilentiumPC Armis AR7,,ATX Mid Tower,ATX,Black,,False,Tempered Glass,63.9,3,False,SilentiumPC
SilentiumPC Signum SG1X EVO TG ARGB,,ATX Mid Tower,ATX,Black,,False,Tempered Glass,,2,False,SilentiumPC
Montech X2 Mesh,,ATX Mid Tower,ATX,White,,False,Tempered Glass,32.3,2,False,Montech
Apevia Prodigy,,MicroATX Mini Tower,Micro ATX,White,,False,Tempered Glass,32.5,2,False,Apevia
Aerocool Trinity Mini V1,,MicroATX Mini Tower,Micro ATX,Black,,False,Tempered Glass,28.1,2,False,Aerocool
Vetroo A03,,ATX Mid Tower,ATX,Pink / Black,,False,Tempered Glass,,2,False,Vetroo
Vetroo M01,,MicroATX Mid Tower,Micro ATX,Pink / Black,,False,Tempered Glass,36.6,2,False,Vetroo
DIYPC IDX6,,ATX Mid Tower,ATX,Black,,False,Tempered Glass,52.9,2,False,DIYPC
NZXT H510i Rivals,,ATX Mid Tower,ATX,Yellow / Black,,False,Tempered Glass,41.3,2,False,NZXT
Cougar MX430 Air RGB,,ATX Mid Tower,ATX,White / Black,,False,Tempered Glass,37.6,2,False,Cougar
GameMax Contac Turbo COC,,ATX Mid Tower,ATX,Black / Gray,,False,Tempered Glass,43.0,2,False,GameMax
GameMax Contac Turbo COC,,ATX Mid Tower,ATX,Pink / White,,False,Tempered Glass,43.0,2,False,GameMax
darkFlash DLC29,,ATX Mid Tower,ATX,White,,False,Solid,38.6,2,False,darkFlash
Antec DP505,,ATX Mid Tower,ATX,White,,False,Tempered Glass,51.9,2,False,Antec
Apevia Genesis Pro,,ATX Mid Tower,ATX,Pink,,False,Tempered Glass,35.7,3,False,Apevia
Deepcool MACUBE 310P,,ATX Mid Tower,ATX,White,,False,Tempered Glass,45.2,2,False,DeepCool
Golden Field MAGE,,ATX Mid Tower,ATX,Green / Black,,False,Tempered Glass,47.6,2,False,Desconocida
Phanteks Evolv X,,ATX Mid Tower,ATX,White,,False,Tempered Glass,64.9,4,False,Phanteks
Cougar MX410-T,,ATX Mid Tower,ATX,Black,,False,Tempered Glass,36.3,2,False,Cougar
Aerocool Delta,,ATX Mid Tower,ATX,Black,,False,Acrylic,30.3,2,False,Aerocool
Antec P7 NEO,,ATX Mid Tower,ATX,Black,,False,Solid,46.3,2,False,Antec
CiT Raider AIR,,ATX Mid Tower,ATX,Black,,False,Tempered Glass,35.3,2,False,CiT
Corsair iCUE 5000D RGB AIRFLOW iCUE Lighting Node PRO,,ATX Mid Tower,ATX,White,,False,Tempered Glass,66.2,2,False,Corsair
Enermax StarryKnight SK30 RGB,,ATX Mid Tower,ATX,Black,,False,Tempered Glass,,2,False,Enermax
Xigmatek Overtake,,ATX Full Tower,ATX,Black,,False,Tempered Glass,67.8,2,False,Xigmatek
ADATA XPG VALOR MESH ARGB,,ATX Mid Tower,ATX,Black,,False,Tempered Glass,35.8,2,False,XPG
Jonsbo BO 100,,Mini ITX Desktop,Mini ITX,Silver,,False,Tempered Glass,15.7,1,False,Jonsbo
DIYPC G3-ARGB,,ATX Mid Tower,ATX,Black,,False,Tempered Glass,43.3,2,False,DIYPC
GameMax Infinity Mini,,MicroATX Mini Tower,Micro ATX,Black,,False,Tempered Glass,36.7,1,False,GameMax
GameMax Titan Silent,,ATX Full Tower,ATX,Black,,False,Solid,53.8,8,False,GameMax
MSI MAG FORGE 100M Lite,,ATX Mid Tower,ATX,Black,,False,Tempered Glass,44.1,2,False,MSI
Mars Gaming MC9,,ATX Mid Tower,ATX,Black,,False,Tempered Glass,55.7,2,False,Mars Gaming
Jonsbo Jonsplus Z20,,MicroATX Desktop,Micro ATX,Orange / White,,False,Tempered Glass,25.3,1,False,Jonsbo
YEYIAN Haizen 2500,,MicroATX Mid Tower,Micro ATX,White,,False,Tempered Glass,24.7,2,False,YEYIAN
YEYIAN Vortex 1200,,ATX Mid Tower,ATX,Black / Red,,False,Tempered Glass,27.5,2,False,YEYIAN
MSI MAG PANO M100L PZ,,MicroATX Mid Tower,Micro ATX,White,,False,Tempered Glass,41.9,1,False,MSI
DIYPC ARGB-Q3 V2,,MicroATX Mini Tower,Micro ATX,Pink,,False,Tempered Glass,38.6,2,False,DIYPC
Aerocool Zauron V2,,ATX Mid Tower,ATX,Black,,False,Tempered Glass,39.6,2,False,Aerocool
GameMax Spark Mini,,Mini ITX Desktop,Mini ITX,White,,False,Tempered Glass,15.1,1,False,GameMax
Cooler Master Elite 600,,ATX Mid Tower,ATX,White,,False,Tempered Glass,52.0,2,False,Cooler Master
RAIJINTEK STYX,1799.8,MicroATX Mini Tower,Micro ATX,Silver,,False,Solid,,3,True,RAIJINTEK
Silverstone FARA 513,,ATX Mid Tower,ATX,Black,,False,Solid,44.6,2,False,SilverStone
Geometric Future M4 King Arthur,,ATX Mid Tower,ATX,White,,False,Tempered Glass,37.9,2,False,Geometric Future
SHARKOON REV300,,ATX Full Tower,ATX,White,,False,Tempered Glass,65.6,4,False,SHARKOON
Antec AX26 RGB ELITE,,ATX Mid Tower,ATX,,,False,Tempered Glass,32.2,2,False,Antec
Thermaltake S500 Tempered Glass Snow Edition,,ATX Mid Tower,ATX,White,,False,Tempered Glass,67.8,2,False,Thermaltake
Antec AX67 ARGB,,ATX Mid Tower,ATX,,,False,Tempered Glass,36.4,2,False,Antec
Asus A23 PLUS,2580.0,MicroATX Mid Tower,Micro ATX,White,,False,Tempered Glass,47.4,2,True,ASUS
RAIJINTEK Silenos Pro,4155.6,ATX Mid Tower,ATX,Black,,False,Tempered Glass,39.8,2,True,RAIJINTEK
In Win 303C,,ATX Mid Tower,ATX,Black,,False,Tempered Glass,51.6,2,False,In Win
Fractal Design Define 7 Light,,ATX Mid Tower,ATX,Gray,,False,Tempered Glass,62.4,6,False,Fractal Design
KOLINK Inspire K10 ARGB,,ATX Mid Tower,ATX,Black,,False,Tempered Glass,32.1,1,False,KOLINK
KOLINK Observatory Z,,ATX Mid Tower,ATX,Black,,False,Tempered Glass,56.4,2,False,KOLINK
Silverstone CS383,7599.8,ATX Full Tower,ATX,Black,,False,Solid,77.0,1,True,SilverStone
Thermaltake Versa C23 RGB,,ATX Mid Tower,ATX,Black,,False,Tempered Glass,,2,False,Thermaltake
In Win 101C,,ATX Mid Tower,ATX,Blue,,False,Tempered Glass,,2,False,In Win
SHARKOON VS7,,ATX Mid Tower,ATX,Black,,False,Solid,47.0,2,False,SHARKOON
BitFenix Prodigy M 2022,,MicroATX Mini Tower,Micro ATX,White / Black,,False,Tempered Glass,,2,False,BitFenix
Antec Dark Phantom DP31,,MicroATX Mid Tower,Micro ATX,Black,,False,Tempered Glass,31.9,2,False,Antec
Antec Dark Fleet DF-85,,ATX Full Tower,ATX,Black,,False,Acrylic,64.1,9,False,Antec
Antec ISK-100,,Mini ITX Tower,Mini ITX,Black / Silver,80.0,True,Solid,4.4,0,False,Antec
Antec P183,,ATX Mid Tower,ATX,Gray / Black,,False,Solid,53.8,6,False,Antec
Antec Six Hundred,,ATX Mid Tower,ATX,Black / Silver,,False,Acrylic,50.6,6,False,Antec
Antec Three Hundred Illusion,,ATX Mid Tower,ATX,Black,,False,Solid,43.5,6,False,Antec
Cooler Master Elite 360,,ATX Mini Tower,ATX,Black,350.0,True,Solid,23.2,1,False,Cooler Master
Thermaltake Xaser VI,,ATX Full Tower,ATX,Silver / Black,,False,Solid,98.9,7,False,Thermaltake
Thermaltake ArmorPlus,,ATX Full Tower,ATX,Black,,False,Acrylic,90.8,7,False,Thermaltake
Antec Twelve Hundred V3,,ATX Full Tower,ATX,Black,,False,Acrylic,63.5,9,False,Antec
Lian Li PC-9F,,ATX Mid Tower,ATX,Black,,False,Solid,49.4,6,False,Lian Li
Lian Li PC-V354,,MicroATX Mini Tower,Micro ATX,Silver,,False,Solid,32.9,7,False,Lian Li
Apevia X-Dreamer3,,ATX Mid Tower,ATX,Pink,,False,Acrylic,37.1,6,False,Apevia
Aerocool AeroEngine Plus,,ATX Mid Tower,ATX,Black,,False,Solid,38.0,5,False,Aerocool
In Win Dragon Rider,,ATX Full Tower,ATX,Black,,False,Solid,76.6,6,False,In Win
In Win IW-BP655.300TBL,,Mini ITX Desktop,Mini ITX,Black,300.0,True,Solid,8.1,0,False,In Win
Raidmax Smilodon ATX-612WB,,ATX Mid Tower,ATX,Black,,False,Acrylic,47.5,4,False,Raidmax
Rosewill Thor,,ATX Full Tower,ATX,Black,,False,Solid,74.8,6,False,Rosewill
Sunbeam AC-9B-HUVB,,ATX Mid Tower,ATX,Clear,,False,Solid,49.5,4,False,Sunbeam
Antec P193 V3,,ATX Full Tower,ATX,Black,,False,Solid,65.5,6,False,Antec
NZXT Phantom,,ATX Full Tower,ATX,Black / Orange,,False,Solid,74.3,7,False,NZXT
Azza Fusion 3000,,ATX Full Tower,ATX,Black,,False,Solid,100.9,2,False,Azza
Rosewill R5,,ATX Mid Tower,ATX,Black,,False,Solid,55.4,6,False,Rosewill
BitFenix Prodigy,,Mini ITX Tower,Mini ITX,White,,False,Solid,36.0,5,False,BitFenix
Xigmatek GIGAS,,MicroATX Desktop,Micro ATX,Silver,,False,Solid,35.2,6,False,Xigmatek
NZXT Phantom 820,,ATX Full Tower,ATX,White,,False,Acrylic,92.8,6,False,NZXT
Silverstone PS08B,,MicroATX Mid Tower,Micro ATX,Black,,False,Solid,23.7,4,False,SilverStone
Zalman Z5,,ATX Mid Tower,ATX,Black,,False,Solid,45.8,3,False,Zalman
Thermaltake Soprano,,ATX Mid Tower,ATX,Black,,False,Solid,51.1,5,False,Thermaltake
Silverstone SG02B-F-USB3.0,,MicroATX Desktop,Micro ATX,White,,False,Solid,22.4,2,False,SilverStone
In Win K1 BASIC,,MicroATX Mini Tower,Micro ATX,Black,120.0,True,Solid,4.7,0,False,In Win
Xion XON-710P,,MicroATX Slim,Micro ATX,Black,300.0,True,Solid,9.5,1,False,Xion
Thermaltake VP300A5W2N,,ATX Mid Tower,ATX,Blue,,False,Acrylic,52.7,6,False,Thermaltake
NZXT H230,,ATX Mid Tower,ATX,White,,False,Solid,43.7,6,False,NZXT
Cooler Master N500,,ATX Mid Tower,ATX,Black,,False,Solid,44.1,4,False,Cooler Master
Aerocool Strike-X Air,,ATX Test Bench,ATX,Black / Red,,False,Solid,,3,False,Aerocool
Cooltek Antiphon,,ATX Mid Tower,ATX,Black,,False,Solid,,4,False,Cooltek
Aerocool DS Cube,,MicroATX Mini Tower,Micro ATX,Black,,False,Acrylic,41.5,2,False,Aerocool
Antec P183 V3 + 850,,ATX Mid Tower,ATX,Black,850.0,True,Solid,53.2,6,False,Antec
Silverstone RV01B-W-USB3.0,,ATX Full Tower,ATX,Black,,False,Acrylic,113.1,6,False,SilverStone
LC-Power PRO-923B,,ATX Mid Tower,ATX,Black,,False,Solid,,4,False,LC-Power
nMEDIAPC HTPC 1800B,,HTPC,Mini ITX,Black,,False,Solid,5.8,0,False,nMEDIAPC
Thermaltake Versa H22,,ATX Mid Tower,ATX,Black,,False,Acrylic,42.8,0,False,Thermaltake
Fractal Design Core 3300,,ATX Mid Tower,ATX,Black,,False,Solid,54.3,3,False,Fractal Design
Fractal Design Core 3500,,ATX Mid Tower,ATX,Black,,False,Solid,56.0,4,False,Fractal Design
Parvum Systems S2.0,,MicroATX Mini Tower,Micro ATX,White / Purple,,False,Acrylic,,2,False,Parvum Systems
Apex TX-388,,MicroATX Mid Tower,Micro ATX,Black,300.0,True,Solid,25.8,4,False,Apex
Nanoxia Deep Silence 3,,ATX Mid Tower,ATX,Black,,False,Solid,,5,False,Nanoxia
SHARKOON T9 Value,,MicroATX Mid Tower,Micro ATX,Black / Green,,False,Acrylic,,0,False,SHARKOON
Corsair Graphite Series 380T,,Mini ITX Tower,Mini ITX,Black / White,,False,Solid,41.0,2,False,Corsair
BitFenix Pandora,,MicroATX Mid Tower,Micro ATX,Black,,False,Solid,31.2,2,False,BitFenix
DIYPC Gamemax,,ATX Full Tower,ATX,White,,False,Acrylic,61.7,4,False,DIYPC
BitFenix Aegis Core,,MicroATX Mid Tower,Micro ATX,White,,False,Acrylic,46.2,4,False,BitFenix
Raidmax Horus,,ATX Mid Tower,ATX,Black,,False,Acrylic,,3,False,Raidmax
Silverstone PS11B,,ATX Mid Tower,ATX,Black,,False,Acrylic,,3,False,SilverStone
Apevia X-QPack3,,MicroATX Mini Tower,Micro ATX,White,,False,Acrylic,,2,False,Apevia
VIVO CASE-V01,,ATX Mid Tower,ATX,Black / Blue,,False,Solid,,3,False,VIVO
DIYPC Ranger-R8,,ATX Mid Tower,ATX,Black / Green,,False,Acrylic,41.6,4,False,DIYPC
Phanteks Eclipse P400S,,ATX Mid Tower,ATX,White,,False,Tinted Acrylic,45.9,2,False,Phanteks
SHARKOON BW9000,,ATX Mid Tower,ATX,Black,,False,Acrylic,,5,False,SHARKOON
Zodiac Aries A-100,,MicroATX Mid Tower,Micro ATX,Black,,False,Solid,,1,False,Desconocida
Antec NSK3100,,MicroATX Mini Tower,Micro ATX,Black,,False,Solid,,2,False,Antec
Zalman T2 Plus,,MicroATX Mini Tower,Micro ATX,Black,,False,Acrylic,,2,False,Zalman
Cooler Master Silencio 452,,ATX Mid Tower,ATX,Black,,False,Solid,,6,False,Cooler Master
VIVO CASE-V06,,MicroATX Mid Tower,Micro ATX,Black,,False,Acrylic,,2,False,VIVO
Silverstone PM01,,ATX Mid Tower,ATX,White / Blue,,False,Acrylic,70.3,4,False,SilverStone
Anidees Crystal,,ATX Mid Tower,ATX,Black,,False,Tempered Glass,,3,False,Anidees
Jonsbo UMX4 Zone,,ATX Mid Tower,ATX,Silver,,False,Solid,38.0,2,False,Jonsbo
DIYPC DIY-G5,,ATX Mid Tower,ATX,Black / Red,,False,Tempered Glass,43.2,2,False,DIYPC
Cooler Master MasterCase 5,,ATX Mid Tower,ATX,Black,,False,Acrylic,,2,False,Cooler Master
Thermaltake Core P5 TG,,ATX Mid Tower,ATX,Black / Silver,,False,Tinted Tempered Glass,115.4,3,False,Thermaltake
Thermaltake Core P3,,ATX Mid Tower,ATX,Red,,False,Acrylic,80.1,2,False,Thermaltake
Lian Li PC-O10,,ATX Mid Tower,ATX,Black,,False,Tempered Glass,44.9,4,False,Lian Li
Phanteks Eclipse P400S,,ATX Mid Tower,ATX,Gray,,False,Tinted Tempered Glass,45.9,2,False,Phanteks
Silverstone RL06,,ATX Mid Tower,ATX,White / Black,,False,Acrylic,43.4,3,False,SilverStone
Azza Photios 250,,ATX Mid Tower,ATX,Black,,False,Tempered Glass,,3,False,Azza
Corsair Carbide Series SPEC-ALPHA,,ATX Mid Tower,ATX,White / Blue,,False,Acrylic,,3,False,Corsair
SHARKOON DG7000-G,,ATX Mid Tower,ATX,Black / Red,,False,Tempered Glass,,3,False,SHARKOON
mean:it 5PM,,ATX Mid Tower,ATX,Black / Red,,False,Tempered Glass,51.5,3,False,mean:it
Cooltek JB C2,,MicroATX Mini Tower,Micro ATX,Silver,,False,Solid,12.1,1,False,Cooltek
BitFenix Nova TG,,ATX Mid Tower,ATX,Black / Red,,False,Tempered Glass,40.8,3,False,BitFenix
BitFenix Nova TG,,ATX Mid Tower,ATX,White,,False,Tempered Glass,40.8,3,False,BitFenix
EVGA DG-84,,ATX Full Tower,ATX,Black,,False,Solid,119.1,2,False,EVGA
Rosewill SCM-01,,MicroATX Mini Tower,Micro ATX,Black,,False,Solid,,3,False,Rosewill
Thermaltake Versa N27,,ATX Mid Tower,ATX,Black,,False,Acrylic,,4,False,Thermaltake
Thermaltake View 22,,ATX Mid Tower,ATX,Black,,False,Acrylic,51.1,2,False,Thermaltake
Azza Thor 320,,ATX Mid Tower,ATX,Black,,False,Tempered Glass,51.3,2,False,Azza
Cooler Master MasterBox E300L,,MicroATX Mini Tower,Micro ATX,Black / Silver,,False,Solid,,2,False,Cooler Master
SHARKOON VG5,,ATX Mid Tower,ATX,Black / Blue,,False,Acrylic,38.3,3,False,SHARKOON
Lian Li LANCOOL ONE,,ATX Mid Tower,ATX,Black,,False,Tempered Glass,46.7,2,False,Lian Li
Thermaltake Level 20 GT,,ATX Full Tower,ATX,Black / Silver,,False,Tempered Glass,100.9,7,False,Thermaltake
Cooler Master MasterBox MB510L,,ATX Mid Tower,ATX,Black,,False,Acrylic,,2,False,Cooler Master
be quiet! Silent Base 601,,ATX Mid Tower,ATX,Black / Silver,,False,Solid,,3,False,be quiet!
darkFlash T20,,ATX Mid Tower,ATX,Black,,False,Tempered Glass,,2,False,darkFlash
Deepcool MATREXX 55 ADD-RGB,,ATX Mid Tower,ATX,Black,,False,Tempered Glass,,2,False,DeepCool
Tecware Nexus,,ATX Mid Tower,ATX,White,,False,Tempered Glass,,2,False,Tecware
Deepcool MATREXX 55 ADD-RGB WH,,ATX Mid Tower,ATX,White / Black,,False,Tempered Glass,,2,False,DeepCool
In Win D-Frame 2.0,,ATX Full Tower,ATX,White / Blue,1065.0,True,Tempered Glass,,4,False,In Win
Rosewill FBM-06,,MicroATX Mini Tower,Micro ATX,Black,,False,Solid,23.7,2,False,Rosewill
NZXT H500 Vault Boy,,ATX Mid Tower,ATX,Blue / Yellow,,False,Tempered Glass,41.3,3,False,NZXT
Lian Li LANCOOL ONE Digital,,ATX Mid Tower,ATX,White / Silver,,False,Tempered Glass,46.7,2,False,Lian Li
SaharaGaming P75,,ATX Full Tower,ATX,,,False,Tempered Glass,,2,False,Desconocida
Cougar Gemini T,,ATX Mid Tower,ATX,Black,,False,Tempered Glass,64.0,2,False,Cougar
ABKONCORE Cronos 350M,,MicroATX Mini Tower,Micro ATX,Black,,False,Tempered Glass,,2,False,Desconocida
GameMax Draco,,ATX Mid Tower,ATX,Black,,False,Tempered Glass,45.0,3,False,GameMax
GameMax Ghost,,ATX Mid Tower,ATX,Black,,False,Solid,38.1,1,False,GameMax
GameMax Kamikaze PRO,,MicroATX Mini Tower,Micro ATX,Black,,False,Tempered Glass,39.6,2,False,GameMax
GameMax Polaris,,ATX Mid Tower,ATX,Black,,False,Tempered Glass,44.0,3,False,GameMax
Aerocool Bolt,,ATX Mid Tower,ATX,,,False,Tempered Glass,35.3,2,False,Aerocool
Silverstone SST-PS15B,,MicroATX Mid Tower,Micro ATX,Black,,False,Solid,25.7,1,False,SilverStone
Rosewill Zircon T,,ATX Mid Tower,ATX,Black,,False,Acrylic,44.6,3,False,Rosewill
Antec P82 Flow,,ATX Mid Tower,ATX,Black,,False,Tempered Glass,,2,False,Antec
SilentiumPC Regnum RG4T,,ATX Mid Tower,ATX,White / Black,,False,Tempered Glass,46.8,3,False,SilentiumPC
Rosewill Prism T,,ATX Mid Tower,ATX,Black,,False,Tempered Glass,58.2,2,False,Rosewill
Cougar MX410 Mesh,,ATX Mid Tower,ATX,Black / Black,,False,Solid,36.3,2,False,Cougar
Cooler Master MasterCase H100 ARGB,,Mini ITX Desktop,Mini ITX,Black,,False,Solid,,1,False,Cooler Master
Cooler Master CMP 501,,ATX Mid Tower,ATX,Black,,False,Acrylic,,2,False,Cooler Master
Segotep Argus,,ATX Mid Tower,ATX,Black,,False,Tempered Glass,,2,False,Segotep
darkFlash DLX22,,ATX Mid Tower,ATX,Black,,False,Tempered Glass,,2,False,darkFlash
SHARKOON M25 Silent PCGH Edition,,ATX Mid Tower,ATX,Black,,False,Solid,,3,False,SHARKOON
Apevia Matrix,,ATX Mid Tower,ATX,White,,False,Tempered Glass,37.8,3,False,Apevia
Cougar Gemini T Pro,,ATX Mid Tower,ATX,Black,,False,Tempered Glass,64.0,2,False,Cougar
SilentiumPC Signum SG7V TG,,ATX Mid Tower,ATX,Black,,False,Solid,,3,False,SilentiumPC
HYTE REVOLT 3 EU,,Mini ITX Tower,Mini ITX,Black,700.0,True,Mesh,18.4,1,False,HYTE
GAMDIAS MARS E1,,ATX Mid Tower,ATX,Black,,False,Tempered Glass,,2,False,GAMDIAS
GAMDIAS TALOS M1,,ATX Mid Tower,ATX,Black,,False,Tempered Glass,,2,False,GAMDIAS
MOROVOL TW7-S2-WT,,MicroATX Mid Tower,Micro ATX,White / Black,,False,Tempered Glass,27.1,2,False,Desconocida
Vetroo M01,,MicroATX Mid Tower,Micro ATX,Black,,False,Tempered Glass,36.6,2,False,Vetroo
Vetroo MESH6,,ATX Mid Tower,ATX,Black,,False,Tempered Glass,51.0,2,False,Vetroo
Deepcool MACUBE 310P,,ATX Mid Tower,ATX,Black,,False,Tempered Glass,45.2,2,False,DeepCool
MSI Creator 400M,,ATX Mid Tower,ATX,Black,,False,Tempered Glass,65.4,2,False,MSI
Azza Thor 320DH,,ATX Mid Tower,ATX,Black,,False,Tempered Glass,51.3,2,False,Azza
Aerocool Falcon V1,,ATX Mid Tower,ATX,Black,,False,Acrylic,33.6,1,False,Aerocool
NZXT H510 Siege,,ATX Mid Tower,ATX,Red / Black,,False,Tempered Glass,41.3,2,False,NZXT
MSI MEG PROSPECT 700RL,,ATX Mid Tower,ATX,Black,,False,Tempered Glass,80.7,2,False,MSI
Cougar DarkBlader X7,,ATX Mid Tower,ATX,Black / Green,,False,Tempered Glass,50.0,2,False,Cougar
RAIJINTEK OPHION ELITE TITAN,,Mini ITX Tower,Mini ITX,Black,,False,Mesh,24.9,3,False,RAIJINTEK
CiT Blade ARGB,,ATX Mid Tower,ATX,Black,,False,Tempered Glass,38.9,2,False,CiT
GameMax Typhoon COC,,ATX Mid Tower,ATX,Black,,False,Tempered Glass,40.7,2,False,GameMax
Noua Mesh M9,,ATX Mid Tower,ATX,Black,,False,Mesh,38.6,2,False,Noua
GameMax Commando TG,,MicroATX Mid Tower,Micro ATX,,,False,Tempered Glass,31.9,2,False,GameMax
Thermaltake Versa T27 TG ARGB,,ATX Mid Tower,ATX,Black,,False,Tempered Glass,50.7,2,False,Thermaltake
Jonsbo TB01,,ATX Test Bench,ATX,Black,,False,Solid,50.5,4,False,Jonsbo
GameMax Master M905,,ATX Full Tower,ATX,Black,,False,Acrylic,53.8,8,False,GameMax
DIYPC ARGB-Q01,,MicroATX Mini Tower,Micro ATX,White,,False,Tempered Glass,40.0,2,False,DIYPC
Azza Mesa,,ATX Desktop,ATX,Silver / Black,,False,Tempered Glass,130.2,2,False,Azza
KOLINK Inspire X2,,ATX Mid Tower,ATX,Black,,False,Tempered Glass,30.1,2,False,KOLINK
KOLINK Observatory Lite Mesh ARGB,,ATX Mid Tower,ATX,White / Black,,False,Tempered Glass,33.4,2,False,KOLINK
Aerocool Menace Saturn FRGB,2900.0,ATX Mid Tower,ATX,Black,,False,Tempered Glass,36.7,2,True,Aerocool
Antec Draco 10,,MicroATX Mini Tower,Micro ATX,Black,,False,Tempered Glass,40.0,2,False,Antec
DIYPC Rainbow-Flash-S1,,ATX Mid Tower,ATX,Pink,,False,Tempered Glass,39.2,2,False,DIYPC
Cougar Uniface,,ATX Mid Tower,ATX,White,,False,Tempered Glass,53.9,2,False,Cougar
SHARKOON Skiller SGC1 Window,,ATX Mid Tower,ATX,Blue,,False,Acrylic,47.5,2,False,SHARKOON
Axiom Nova C013,,ATX Mid Tower,ATX,Black,,False,Tempered Glass,38.5,1,False,Desconocida
Asus Prime AP202,,MicroATX Mid Tower,Micro ATX,White,,False,Tempered Glass,47.9,2,False,ASUS
In Win EFS712,2199.79,MicroATX Mini Tower,Micro ATX,Black,,False,Solid,25.5,3,True,In Win
BitFenix Tracery,,ATX Mid Tower,ATX,White,,False,Tempered Glass,52.8,4,False,BitFenix
Mars Gaming MC-LCD,,MicroATX Mini Tower,Micro ATX,White,,False,Tempered Glass,33.2,1,False,Mars Gaming
GameMax Destroyer Mesh,,MicroATX Mini Tower,Micro ATX,Black,,False,Tempered Glass,43.6,2,False,GameMax
CiT Home RGB,,MicroATX Mid Tower,Micro ATX,Black,,False,Solid,,3,False,CiT
Thermaltake SD101,,Mini ITX Tower,Mini ITX,Black,180.0,True,Acrylic,8.2,1,False,Thermaltake
Geometric Future Model 2 The ARK,,MicroATX Mini Tower,Micro ATX,White,,False,Mesh,40.7,1,False,Geometric Future
GameMax Silent Hill,,MicroATX Mini Tower,Micro ATX,Black,,False,Solid,25.0,2,False,GameMax
Xigmatek Octans,,Mini ITX Desktop,Mini ITX,Black,,False,Solid,,2,False,Xigmatek
RIOTORO CR400,,ATX Mid Tower,ATX,Black,,False,Acrylic,43.0,2,False,RIOTORO
Geometric Future Model 8,3037.6,ATX Mid Tower,ATX,Black / White,,False,Tinted Tempered Glass,57.5,3,True,Geometric Future
MagniumGear NEO,,ATX Mid Tower,ATX,Black,,False,Tempered Glass,37.8,2,False,MagniumGear
KOLINK Unity Adapt ARGB,,ATX Mid Tower,ATX,Black,,False,Tempered Glass,51.3,2,False,KOLINK
Streacom DA6 XL,,Mini ITX Test Bench,Mini ITX,Silver,,False,Solid,21.5,4,False,Streacom
Antec ISK 310-150,,Mini ITX Desktop,Mini ITX,Black / Silver,150.0,True,Solid,6.9,0,False,Antec
Foxconn TS-689 (H+A)+ISO-450,,ATX Mid Tower,ATX,Black / Silver,350.0,True,Solid,36.4,2,False,Foxconn
Silverstone SG04B-F,3110.2,MicroATX Mini Tower,Micro ATX,Black,,False,Solid,24.7,2,True,SilverStone
Silverstone PS13,,ATX Mid Tower,ATX,Black,,False,Acrylic,,3,False,SilverStone
Antec NX1000,,ATX Mid Tower,ATX,Black,,False,Tempered Glass,57.6,2,False,Antec
Noua Smash S1,,ATX Mid Tower,ATX,Black,,False,Tempered Glass,32.5,2,False,Noua
Jonsbo D32 STD MESH,,MicroATX Desktop,Micro ATX,,,False,Tempered Glass,25.7,1,False,Jonsbo
Thermaltake View 27,,ATX Mid Tower,ATX,White / Black,,False,Acrylic,,2,False,Thermaltake
Cougar Gemini S,,ATX Mid Tower,ATX,Silver / Black,,False,Tempered Glass,,2,False,Cougar
Deco Gear DGPCS01,,ATX Mid Tower,ATX,Black,,False,Tempered Glass,,2,False,Desconocida
darkFlash DLH21,,Mini ITX Tower,Mini ITX,White,,False,Solid,17.2,1,False,darkFlash
Antec NX420,,ATX Mid Tower,ATX,Black,,False,Tempered Glass,42.6,2,False,Antec
Cooler Master MasterBox MB400L,,MicroATX Mini Tower,Micro ATX,Black,,False,Solid,35.4,2,False,Cooler Master
BitFenix Garen,,ATX Mid Tower,ATX,Black,,False,Tempered Glass,42.3,2,False,BitFenix
Jonsbo U4 Pro MESH,,ATX Mid Tower,ATX,White,,False,Mesh,34.5,1,False,Jonsbo
Antec ISK 300-150,,Mini ITX Desktop,Mini ITX,Black,150.0,True,Solid,6.9,0,False,Antec
Cooler Master Elite 310,,ATX Mid Tower,ATX,Black / Silver,,False,Acrylic,39.1,6,False,Cooler Master
Cooler Master Elite 370,,ATX Mid Tower,ATX,Black,,False,Solid,38.7,5,False,Cooler Master
Thermaltake Element G,,ATX Mid Tower,ATX,Black,850.0,True,Solid,57.5,7,False,Thermaltake
Thermaltake Dokker,,ATX Mid Tower,ATX,Black,,False,Acrylic,45.5,5,False,Thermaltake
NZXT Gamma Classic,,ATX Mid Tower,ATX,Black,,False,Solid,43.1,7,False,NZXT
Lian Li PC-K62,,ATX Mid Tower,ATX,Black,,False,Acrylic,52.9,4,False,Lian Li
Antec One Hundred,,ATX Mid Tower,ATX,Black,,False,Solid,45.2,6,False,Antec
Cooler Master ATCS 840,,ATX Full Tower,ATX,Black,,False,Solid,88.5,6,False,Cooler Master
Lian Li PC-T60,,ATX Test Bench,ATX,Black,,False,Solid,45.6,3,False,Lian Li
Lian Li PC-C36B,,HTPC,Mini ITX,Black,300.0,True,Solid,15.3,2,False,Lian Li
Lian Li PC-C34F,,HTPC,Mini ITX,Black,,False,Solid,30.7,4,False,Lian Li
Lian Li PC-V354,,MicroATX Mini Tower,Micro ATX,Black,,False,Solid,32.9,7,False,Lian Li
Apevia X-Discovery,,ATX Mid Tower,ATX,Black,,False,Acrylic,41.2,4,False,Apevia
NZXT Guardian 921 RB,,ATX Mid Tower,ATX,Black,,False,Acrylic,,4,False,NZXT
Broadway Com Corp 1244MA,,ATX Mini Tower,ATX,Black,500.0,True,Solid,20.8,2,False,Broadway Com
Apex MJ-16,,MicroATX Mini Tower,Micro ATX,Black,250.0,True,Solid,16.9,3,False,Apex
Athenatech A100SC.200,,MicroATX Desktop,Micro ATX,Black / Silver,200.0,True,Solid,18.4,2,False,Athenatech
Athenatech A6605BS.450,,ATX Mini Tower,ATX,Black / Silver,450.0,True,Solid,33.3,2,False,Athenatech
In Win BL647.300TBL,,MicroATX Slim,Micro ATX,Black,300.0,True,Solid,11.6,2,False,In Win
Raidmax Iceberg,,ATX Mid Tower,ATX,Black,,False,Acrylic,55.2,4,False,Raidmax
Silverstone FT02B,,ATX Mid Tower,ATX,Black,,False,Acrylic,64.8,5,False,SilverStone
Silverstone TJ07-BW,,ATX Full Tower,ATX,Black,,False,Acrylic,69.2,6,False,SilverStone
Silverstone LC13B-E,,HTPC,Mini ITX,Black,,False,Solid,32.4,4,False,SilverStone
Silverstone SG05BB-450,,Mini ITX Desktop,Mini ITX,Black,450.0,True,Solid,10.7,1,False,SilverStone
Dynapower EN-7255,,MicroATX Mid Tower,Micro ATX,White,,False,Solid,38.7,2,False,Desconocida
NZXT H2,,ATX Mid Tower,ATX,White,,False,Solid,51.8,8,False,NZXT
Corsair Graphite Series 600T Mesh,,ATX Mid Tower,ATX,Black,,False,Acrylic,79.3,6,False,Corsair
nMEDIAPC HTPC 6000B,,HTPC,Mini ITX,Black,,False,Solid,29.9,5,False,nMEDIAPC
Sentey DS1-4246,,ATX Mid Tower,ATX,Black,600.0,True,Solid,36.0,4,False,Sentey
BitFenix Shinobi,,ATX Mid Tower,ATX,Black,,False,Solid,45.8,7,False,BitFenix
Antec Solo II,,ATX Mid Tower,ATX,Black,,False,Solid,42.2,3,False,Antec
Antec P180,,ATX Mid Tower,ATX,White / Black,,False,Solid,56.0,6,False,Antec
NZXT Tempest 210,,ATX Mid Tower,ATX,Black,,False,Solid,43.6,8,False,NZXT
Xigmatek Asgard Pro,,ATX Mid Tower,ATX,Black,,False,Solid,41.5,7,False,Xigmatek
BitFenix Shinobi XL Window,,ATX Full Tower,ATX,White,,False,Acrylic,77.6,7,False,BitFenix
Fractal Design Define R4,,ATX Mid Tower,ATX,White,,False,Acrylic,56.0,8,False,Fractal Design
MSI Ravager,,ATX Mid Tower,ATX,Black,,False,Solid,40.3,6,False,MSI
Silverstone SG05B-USB3.0,,Mini ITX Desktop,Mini ITX,Black,300.0,True,Solid,10.7,1,False,SilverStone
Silverstone FT03-MINI,,Mini ITX Tower,Mini ITX,Black,,False,Solid,17.5,1,False,SilverStone
Lian Li PC-Q03,,Mini ITX Tower,Mini ITX,Black,,False,Solid,10.2,1,False,Lian Li
In Win GR One,,ATX Full Tower,ATX,White / Black,,False,Acrylic,81.0,8,False,In Win
Lian Li PC-A76,,ATX Full Tower,ATX,Black,,False,Solid,75.5,12,False,Lian Li
Rosewill ARMOR-EVO,,ATX Mid Tower,ATX,Black,,False,Solid,58.3,7,False,Rosewill
Thermaltake Chaser A31,,ATX Mid Tower,ATX,Black,,False,Acrylic,52.7,6,False,Thermaltake
Silverstone SG05-LITE,,Mini ITX Desktop,Mini ITX,White,,False,Solid,10.7,1,False,SilverStone
Thermaltake Urban S71,,ATX Full Tower,ATX,Black,,False,Acrylic,66.3,5,False,Thermaltake
Silverstone SG10B,,MicroATX Mini Tower,Micro ATX,Black,,False,Solid,,2,False,SilverStone
In Win C583T.CQ350TB3L,,ATX Mid Tower,ATX,Black,350.0,True,Solid,35.0,3,False,In Win
In Win GT1,,ATX Mid Tower,ATX,Black,,False,Acrylic,48.8,6,False,In Win
Silverstone LC16BM-USB3.0,,HTPC,Mini ITX,Black,,False,Solid,,6,False,SilverStone
Xion XON-720P,,MicroATX Slim,Micro ATX,Red / Black,300.0,True,Solid,10.4,1,False,Xion
Apevia X-Dreamer4,,ATX Mid Tower,ATX,Black,,False,Acrylic,43.1,4,False,Apevia
Thermaltake Chaser A31 Thunder Edition,,ATX Mid Tower,ATX,White,,False,Acrylic,63.4,5,False,Thermaltake
Rosewill PATRIOT,,ATX Mid Tower,ATX,Black,,False,Acrylic,51.7,6,False,Rosewill
Xigmatek Aeos,,MicroATX Mid Tower,Micro ATX,Black,,False,Solid,,2,False,Xigmatek
DIYPC V3Plus,,Mini ITX Tower,Mini ITX,Red,,False,Solid,10.5,1,False,DIYPC
Cubitek HPTX ICE,,ATX Full Tower,ATX,Black,,False,Solid,,8,False,Cubitek
Thermaltake Urban S71,,ATX Full Tower,ATX,Black,,False,Solid,66.3,5,False,Thermaltake
Logisys CS369BK,,ATX Mid Tower,ATX,Black,480.0,True,Solid,,4,False,Logisys
Rosewill Legacy U3-S,,MicroATX Mini Tower,Micro ATX,Silver,,False,Solid,20.1,2,False,Rosewill
Rosewill Legacy V3 Plus-B,,Mini ITX Tower,Mini ITX,Black,,False,Solid,10.0,1,False,Rosewill
Corsair Graphite Series 730T,,ATX Full Tower,ATX,Black,,False,Acrylic,78.7,6,False,Corsair
Lian Li PC-A51,,ATX Mini Tower,ATX,Black,,False,Solid,,5,False,Lian Li
Cougar MX300,,ATX Mid Tower,ATX,Black,,False,Acrylic,42.9,3,False,Cougar
BitFenix Neos,,ATX Mid Tower,ATX,Black / Blue,,False,Solid,37.0,3,False,BitFenix
Thermaltake Commander G42,,ATX Mid Tower,ATX,Black,,False,Acrylic,58.2,6,False,Thermaltake
Xigmatek Nebula,,Mini ITX Tower,Mini ITX,Black,,False,Solid,22.3,2,False,Xigmatek
Deepcool STEAM CASTLE,,MicroATX Mid Tower,Micro ATX,Black,,False,Acrylic,47.1,3,False,DeepCool
SHARKOON T9 Value,,MicroATX Mid Tower,Micro ATX,Black / White,,False,Acrylic,,0,False,SHARKOON
BitFenix Comrade,,ATX Mid Tower,ATX,Black,,False,Acrylic,37.0,3,False,BitFenix
Silverstone RV05B-W,,ATX Mid Tower,ATX,Black,,False,Acrylic,63.8,2,False,SilverStone
Thermaltake Versa H25,,ATX Mid Tower,ATX,Black,,False,Acrylic,42.6,3,False,Thermaltake
Nanoxia Deep Silence 5,,ATX Full Tower,ATX,Black / Gray,,False,Solid,,11,False,Nanoxia
DIYPC Ranger-R4,,ATX Mid Tower,ATX,Black / Red,,False,Acrylic,41.6,4,False,DIYPC
Xigmatek Spirit M,,MicroATX Mini Tower,Micro ATX,Black,,False,Acrylic,,2,False,Xigmatek
Lian Li PC-Q33,,Mini ITX Tower,Mini ITX,Black,,False,Acrylic,18.1,2,False,Lian Li
DIYPC Cuboid,,MicroATX Mini Tower,Micro ATX,Black / Green,,False,Acrylic,,3,False,DIYPC
Cooler Master N300,,ATX Mid Tower,ATX,Black,,False,Acrylic,39.5,7,False,Cooler Master
Thermaltake Suppressor F51,,ATX Mid Tower,ATX,Black,,False,Solid,69.7,6,False,Thermaltake
Lian Li PC-O8X,,ATX Mid Tower,ATX,Black,,False,Tempered Glass,,6,False,Lian Li
Aerocool Aero-1000,,ATX Mid Tower,ATX,Black,,False,Acrylic,,5,False,Aerocool
Aerocool Aero-1000,,ATX Mid Tower,ATX,White,,False,Acrylic,,5,False,Aerocool
In Win 805,,ATX Mid Tower,ATX,Black / Gold,,False,Tempered Glass,,2,False,In Win
Phanteks Enthoo EVOLV ITX,,Mini ITX Tower,Mini ITX,Black / White,,False,Acrylic,,2,False,Phanteks
Corsair Carbide Series SPEC-03,,ATX Mid Tower,ATX,Black / Blue,,False,Acrylic,36.1,3,False,Corsair
DIYPC Alnitak,,ATX Mid Tower,ATX,Black / Blue,,False,Acrylic,,4,False,DIYPC
RAIJINTEK STYX,,MicroATX Mini Tower,Micro ATX,Green,,False,Acrylic,,3,False,RAIJINTEK
Corsair Carbide Series SPEC-M2,,MicroATX Mid Tower,Micro ATX,Black,,False,Acrylic,,2,False,Corsair
CiT Spectre,,ATX Mid Tower,ATX,Black,,False,Acrylic,,4,False,CiT
Rosewill FBM-05,,MicroATX Mini Tower,Micro ATX,Black,,False,Solid,,2,False,Rosewill
Phanteks Eclipse P400,,ATX Mid Tower,ATX,Gray,,False,Tinted Acrylic,45.9,2,False,Phanteks
BitFenix Nova,,ATX Mid Tower,ATX,Black,,False,Acrylic,,4,False,BitFenix
DIYPC J180,,ATX Mid Tower,ATX,White,,False,Acrylic,,2,False,DIYPC
Zalman R1,,ATX Mid Tower,ATX,White / Gold,,False,Acrylic,,4,False,Zalman
Antec Super Lanboy,,ATX Mid Tower,ATX,Silver,,False,Acrylic,,4,False,Antec
DIYPC J180,,ATX Mid Tower,ATX,Black,,False,Acrylic,,2,False,DIYPC
Cougar MX200,,ATX Mid Tower,ATX,Black,,False,Solid,,6,False,Cougar
MS-Tech X3 Crow,,ATX Full Tower,ATX,Black / Red,,False,Acrylic,59.5,4,False,Desconocida
NOX Coolbay SX,,ATX Mid Tower,ATX,Black / Blue,,False,Solid,37.9,4,False,NOX
Silverstone RL05,,ATX Mid Tower,ATX,Black / Red,,False,Acrylic,43.9,2,False,SilverStone
Phanteks Enthoo Luxe TG,,ATX Full Tower,ATX,Gray,,False,Tinted Tempered Glass,72.4,6,False,Phanteks
Lian Li PC-Q37,,Mini ITX Tower,Mini ITX,Black,,False,Tempered Glass,28.3,2,False,Lian Li
Cooler Master MasterCase Pro 6,,ATX Mid Tower,ATX,Black / Blue,,False,Acrylic,70.1,5,False,Cooler Master
Silverstone PM01,,ATX Mid Tower,ATX,White,,False,Acrylic,70.3,4,False,SilverStone
Phanteks Enthoo Elite,,ATX Full Tower,ATX,Gray,,False,Tinted Tempered Glass,124.5,6,False,Phanteks
DIYPC MA01,,MicroATX Mini Tower,Micro ATX,Black / Red,,False,Solid,20.5,1,False,DIYPC
Anidees AI Crystal Cube Lite,,ATX Desktop,ATX,Black,,False,Tempered Glass,50.5,3,False,Anidees
DIYPC DIY-BG01,,ATX Mid Tower,ATX,Black,,False,Acrylic,,2,False,DIYPC
NZXT S340 Elite,,ATX Mid Tower,ATX,Black / Blue,,False,Tempered Glass,41.6,2,False,NZXT
Azza Titan 240,,ATX Mid Tower,ATX,Black,,False,Tempered Glass,,3,False,Azza
Anidees AI Crystal Cube,,ATX Mid Tower,ATX,White / Black,,False,Tempered Glass,50.5,3,False,Anidees
Azza Storm 6000B,,ATX Full Tower,ATX,Black,,False,Tempered Glass,63.6,4,False,Azza
Cooler Master Elite 342,,MicroATX Mini Tower,Micro ATX,Black,,False,Solid,27.9,5,False,Cooler Master
Cooler Master Elite 343,,MicroATX Mini Tower,Micro ATX,Black,420.0,True,Solid,29.1,5,False,Cooler Master
EVGA DG-85,,ATX Full Tower,ATX,Black,,False,Acrylic,119.1,2,False,EVGA
Antec Cube,,Mini ITX Tower,Mini ITX,Black / Green,,False,Acrylic,42.0,1,False,Antec
Cooler Master MB600L,,ATX Mid Tower,ATX,Black / Silver,,False,Acrylic,,2,False,Cooler Master
EVGA DG-77,,ATX Mid Tower,ATX,White / Black,,False,Tempered Glass,,2,False,EVGA
SAMA Maxcool-W-15,,MicroATX Mid Tower,Micro ATX,Black / Red,,False,Acrylic,,3,False,SAMA
GamerChief HYVE,,ATX Full Tower,ATX,White / Black,,False,Acrylic,,4,False,Desconocida
NZXT H200,,Mini ITX Tower,Mini ITX,Black / Red,,False,Tempered Glass,27.3,1,False,NZXT
RAIJINTEK PAEAN,,ATX Mid Tower,ATX,Black,,False,Tempered Glass,,3,False,RAIJINTEK
Cooler Master MasterBox MB511,,ATX Mid Tower,ATX,Black,,False,Acrylic,,2,False,Cooler Master
Phanteks Enthoo Pro M TG,,ATX Mid Tower,ATX,Green / Black,,False,Tinted Tempered Glass,56.4,2,False,Phanteks
RAIJINTEK COEUS ELITE TC,,MicroATX Mini Tower,Micro ATX,Black,,False,Tempered Glass,50.5,0,False,RAIJINTEK
Zalman Z9 NEO Plus,,ATX Mid Tower,ATX,White / Black,,False,Acrylic,,2,False,Zalman
Xigmatek Frontliner,,ATX Mid Tower,ATX,Black,,False,Acrylic,45.1,2,False,Xigmatek
Thermaltake Versa J25,,ATX Mid Tower,ATX,Black,,False,Tempered Glass,,3,False,Thermaltake
Fractal Design Define S2,,ATX Mid Tower,ATX,Silver,,False,Tinted Tempered Glass,58.8,3,False,Fractal Design
Fractal Design Define S2,,ATX Mid Tower,ATX,White,,False,Tempered Glass,58.8,3,False,Fractal Design
In Win 915,,ATX Full Tower,ATX,Silver,,False,Tempered Glass,,4,False,In Win
Aerocool Quartz RGB,,ATX Mid Tower,ATX,Black,,False,Tempered Glass,38.3,2,False,Aerocool
DIYPC Rainbow-Flash-R1,,ATX Mid Tower,ATX,Black,,False,Tempered Glass,,2,False,DIYPC
Cougar GEMINI X,,ATX Full Tower,ATX,Black,,False,Tempered Glass,,4,False,Cougar
Cougar MX330-X-STE500,,ATX Mid Tower,ATX,Black,500.0,True,Solid,39.4,2,False,Cougar
Raidmax Magnus,,ATX Mid Tower,ATX,Black,,False,Tempered Glass,85.7,2,False,Raidmax
Rosewill PRISM S LITE,,ATX Mid Tower,ATX,White / Black,,False,Tempered Glass,46.9,3,False,Rosewill
GameMax Aurora,,ATX Mid Tower,ATX,Black,,False,Tempered Glass,50.0,2,False,GameMax
GameMax Cobalt,,ATX Mid Tower,ATX,Black,,False,Tempered Glass,52.3,2,False,GameMax
GameMax Crusader,,ATX Mid Tower,ATX,Black,,False,Tempered Glass,34.8,3,False,GameMax
GameMax Expedition,,MicroATX Mini Tower,Micro ATX,Red,,False,Acrylic,29.4,2,False,GameMax
Aerocool Quartz REVO,,ATX Mid Tower,ATX,Black,,False,Tempered Glass,38.3,2,False,Aerocool
DIYPC DIY-A1-W,,ATX Mid Tower,ATX,White / Black,,False,Tempered Glass,,2,False,DIYPC
Antec Dark Phantom DP501,,ATX Mid Tower,ATX,White,,False,Tempered Glass,64.0,2,False,Antec
Deepcool Gamer Storm MACUBE 550,,ATX Mid Tower,ATX,White,,False,Tempered Glass,65.9,4,False,DeepCool
Maingear Vybe Mk. V,,ATX Mid Tower,ATX,White / Black,,False,Tempered Glass,38.4,2,False,Desconocida
Montech Air 900 ARGB,,ATX Mid Tower,ATX,White,,False,Tempered Glass,44.0,2,False,Montech
Rosewill Zircon M,,ATX Mid Tower,ATX,Black,,False,Tempered Glass,49.2,2,False,Rosewill
NZXT H510 Alliance,,ATX Mid Tower,ATX,Blue,,False,Tempered Glass,41.3,2,False,NZXT
In Win 925,,ATX Full Tower,ATX,Black,,False,Tempered Glass,,4,False,In Win
Fractal Design Era ITX,,Mini ITX Desktop,Mini ITX,Gold / Black,,False,Tinted Tempered Glass,16.7,1,False,Fractal Design
KOLINK BALANCE ARGB,,ATX Mid Tower,ATX,Black,,False,Tempered Glass,,2,False,KOLINK
Thermaltake Core P3 TG Curved,,ATX Mid Tower,ATX,Black,,False,Tempered Glass,80.1,2,False,Thermaltake
SilentiumPC Regnum RG4T RGB,,ATX Mid Tower,ATX,White / Black,,False,Tempered Glass,46.8,3,False,SilentiumPC
Cougar DarkBlader-G,,ATX Full Tower,ATX,Black / Silver,,False,Tempered Glass,,4,False,Cougar
Cooler Master MasterBox E500 (w/o ODD),,ATX Mid Tower,ATX,Black,,False,Tempered Glass,,2,False,Cooler Master
Silverstone FARA R1,,ATX Mid Tower,ATX,White / Black,,False,Tempered Glass,,1,False,SilverStone
Silverstone FARA R1,,ATX Mid Tower,ATX,White,,False,Solid,,1,False,SilverStone
darkFlash V22,,ATX Mid Tower,ATX,Pink,,False,Tempered Glass,41.7,1,False,darkFlash
Cougar MX331 MESH-X,,ATX Mid Tower,ATX,Black,,False,Solid,43.5,2,False,Cougar
Deco Gear DGPCS20X,,ATX Mid Tower,ATX,Black,,False,Tinted Tempered Glass,53.3,2,False,Desconocida
Phanteks EVOLV SHIFT 2 AIR,,Mini ITX Tower,Mini ITX,Gray / Black,,False,Solid,,1,False,Phanteks
SilentiumPC Armis AR6Q EVO ARGB,,ATX Mid Tower,ATX,Black,,False,Tempered Glass,46.0,2,False,SilentiumPC
Thermaltake Versa T25,,ATX Mid Tower,ATX,Black,,False,Tempered Glass,41.9,2,False,Thermaltake
SilentiumPC Signum SG1Q EVO TG ARGB,,ATX Mid Tower,ATX,Black,,False,Tempered Glass,,2,False,SilentiumPC
Apevia Genesis-WH,,ATX Mid Tower,ATX,White / Black,,False,Tempered Glass,,3,False,Apevia
Corsair iCUE 5000X RGB Triptych,,ATX Mid Tower,ATX,Black / Green,,False,Tempered Glass,66.2,2,False,Corsair
Tempest Vision RGB,,ATX Mid Tower,ATX,Black,,False,Tempered Glass,,0,False,Tempest
Thermaltake Commander G33,,ATX Mid Tower,ATX,Black,,False,Tempered Glass,46.9,2,False,Thermaltake
Antec Dark Phantom DP502 Flux,,ATX Mid Tower,ATX,White / Black,,False,Tempered Glass,49.5,3,False,Antec
GAMDIAS ATHENA M1,,ATX Mid Tower,ATX,Black,,False,Tempered Glass,43.5,2,False,GAMDIAS
GAMDIAS TALOS M1 ELITE,,ATX Mid Tower,ATX,Black,,False,Tempered Glass,,2,False,GAMDIAS
Montech AIR 1000 SILENT,,ATX Mid Tower,ATX,White,,False,Solid,,2,False,Montech
SilentiumPC Ventum VT4V TG,,ATX Mid Tower,ATX,Black,,False,Tempered Glass,,2,False,SilentiumPC
SilentiumPC Ventum VT4 TG,,ATX Mid Tower,ATX,Black,,False,Tempered Glass,,2,False,SilentiumPC
ADATA XPG DEFENDER PRO,,ATX Mid Tower,ATX,White / Black,,False,Tempered Glass,47.7,2,False,XPG
Thermaltake AH T200,,MicroATX Mid Tower,Micro ATX,Turquoise / Black,,False,Tempered Glass,69.1,2,False,Thermaltake
Thermaltake The Tower 100,,Mini ITX Tower,Mini ITX,Gold,,False,Tempered Glass,32.7,2,False,Thermaltake
Thermaltake Divider 500 TG ARGB Air,3299.6,ATX Mid Tower,ATX,Black,,False,Tempered Glass,56.8,2,True,Thermaltake
Jonsbo VR4,,ATX Mid Tower,ATX,Black,,False,Mesh,37.8,2,False,Jonsbo
Jonsbo U4 Plus,,ATX Mid Tower,ATX,Silver,,False,Tempered Glass,31.7,1,False,Jonsbo
SAMA AM07GG,,MicroATX Mid Tower,Micro ATX,White,,False,Tempered Glass,38.7,2,False,SAMA
UNYKAch UK3002,,MicroATX Desktop,Micro ATX,Black,,False,Solid,21.2,0,False,Desconocida
Thermaltake H590 TG ARGB,,ATX Mid Tower,ATX,White,,False,Tempered Glass,49.1,2,False,Thermaltake
Antec AX51 Elite,,ATX Mid Tower,ATX,Black,,False,Tempered Glass,40.2,2,False,Antec
Antec AX51,,ATX Mid Tower,ATX,Black,,False,Tempered Glass,40.2,2,False,Antec
Cooler Master MasterBox MB520,,ATX Mid Tower,ATX,Black,,False,Acrylic,50.4,2,False,Cooler Master
Cooler Master MasterBox MB520,,ATX Mid Tower,ATX,Black / White,,False,Acrylic,50.4,2,False,Cooler Master
Tecware Nexus Evo RGB,,ATX Mid Tower,ATX,White,,False,Tempered Glass,35.4,2,False,Tecware
Vetroo M03,,MicroATX Mini Tower,Micro ATX,White,,False,Tempered Glass,36.1,2,False,Vetroo
Vetroo M03,,MicroATX Mini Tower,Micro ATX,Green,,False,Tempered Glass,36.1,2,False,Vetroo
RAIJINTEK OPHION 7L,,Mini ITX Desktop,Mini ITX,White,,False,Mesh,7.1,0,False,RAIJINTEK
FSP Group CMT380 ARGB,,ATX Mid Tower,ATX,Black,,False,Tempered Glass,45.5,2,False,FSP
BGears b-Draco5907-RGB,,ATX Mid Tower,ATX,Black,,False,Tempered Glass,43.2,3,False,BGears
Thermaltake H700 TG,,ATX Mid Tower,ATX,Black,,False,Tempered Glass,53.5,2,False,Thermaltake
SilentiumPC Regnum RG1W,,ATX Mid Tower,ATX,Black,,False,Acrylic,39.4,2,False,SilentiumPC
DIYPC IDX3-ARGB,,ATX Mid Tower,ATX,Black,,False,Tempered Glass,53.9,2,False,DIYPC
GameMax Kreator,,ATX Mid Tower,ATX,Black,,False,Tempered Glass,40.7,2,False,GameMax
YEYIAN Kalt 1101,,MicroATX Mid Tower,Micro ATX,Black,,False,Tempered Glass,26.3,2,False,YEYIAN
DIYPC ARGB-Q3 V2,,MicroATX Mini Tower,Micro ATX,Green,,False,Tempered Glass,38.6,2,False,DIYPC
SHARKOON Skiller SGC1 Window,,ATX Mid Tower,ATX,Green,,False,Acrylic,47.5,2,False,SHARKOON
FSP Group CMT120,,ATX Mid Tower,ATX,Black,,False,Acrylic,34.5,2,False,FSP
Ocypus Gamma C72,,ATX Mid Tower,ATX,Black,,False,Tempered Glass,43.0,2,False,Ocypus
Cougar MX330-G Pro,,ATX Mid Tower,ATX,White,,False,Tempered Glass,49.1,2,False,Cougar
Rosewill REDBONE U3,,ATX Mid Tower,ATX,Black / Red,,False,Solid,37.4,6,False,Rosewill
Chieftec BT-04B-U3-250VS (230V),5240.0,Mini ITX Tower,Mini ITX,Black,250.0,True,Solid,10.5,1,True,Chieftec
RAIJINTEK Metis Plus,,Mini ITX Tower,Mini ITX,Blue,,False,Acrylic,13.4,2,False,RAIJINTEK
In Win Alice,,ATX Mid Tower,ATX,Gray / Black,,False,Solid,,1,False,In Win
SHARKOON MS-Y1000,,MicroATX Mid Tower,Micro ATX,Black,,False,Tempered Glass,26.2,1,False,SHARKOON
Zalman M1,,Mini ITX Tower,Mini ITX,Black,,False,Solid,,3,False,Zalman
Azza Apollo 430,,ATX Mid Tower,ATX,Black,,False,Tempered Glass,41.3,4,False,Azza
RAIJINTEK METIS EVO TGS,,Mini ITX Desktop,Mini ITX,Black,,False,Tempered Glass,22.3,2,False,RAIJINTEK
Thermaltake Divider 300 TG Snow,,ATX Mid Tower,ATX,White,,False,Tempered Glass,48.2,2,False,Thermaltake
Chieftec UK-02W-OP,,ATX Mid Tower,ATX,White,,False,Solid,29.6,2,False,Chieftec
GameMax Brufen C3,,ATX Mid Tower,ATX,Black / White,,False,Tempered Glass,42.2,2,False,GameMax
GameMax Vega,1959.8,ATX Mid Tower,ATX,Gray / Black,,False,Tempered Glass,53.2,3,True,GameMax
BitFenix Saber Mesh,,ATX Mid Tower,ATX,Black,,False,Tempered Glass,42.3,2,False,BitFenix
Silverstone CS01-HS,3609.8,Mini ITX Tower,Mini ITX,Black,,False,Solid,,0,True,SilverStone
BitFenix Shogun,,ATX Mid Tower,ATX,Black,,False,Acrylic,74.2,6,False,BitFenix
In Win EM048,7024.8,MicroATX Mini Tower,Micro ATX,Black,,False,Solid,,1,True,In Win
SHARKOON S25-V,,ATX Mid Tower,ATX,Black,,False,Solid,43.9,3,False,SHARKOON
In Win 303C,,ATX Mid Tower,ATX,White,,False,Tempered Glass,51.6,2,False,In Win
be quiet! Silent Base 801,,ATX Mid Tower,ATX,Black / Orange,,False,Solid,,5,False,be quiet!
Cougar Gemini M,,MicroATX Mini Tower,Micro ATX,Silver,,False,Tempered Glass,35.7,2,False,Cougar
Jonsbo UMX1 Plus,,Mini ITX Desktop,Mini ITX,Black,,False,Solid,16.6,1,False,Jonsbo
Jonsbo V4,,MicroATX Mini Tower,Micro ATX,,,False,Solid,19.2,2,False,Jonsbo
Thermaltake H590 TG ARGB,,ATX Mid Tower,ATX,Black,,False,Tempered Glass,49.1,2,False,Thermaltake
KOLINK INSPIRE K3 ARGB,,MicroATX Mini Tower,Micro ATX,Black,,False,Tempered Glass,28.2,2,False,KOLINK
KOLINK Observatory Z Mesh,,ATX Mid Tower,ATX,Black,,False,Tempered Glass,56.4,2,False,KOLINK
KOLINK Refine,,ATX Mid Tower,ATX,Black,,False,Tempered Glass,40.6,2,False,KOLINK
Zalman P30 AIR,,MicroATX Mini Tower,Micro ATX,White,,False,Tempered Glass,44.6,2,False,Zalman
Antec ISK 300-65,,Mini ITX Desktop,Mini ITX,Black,65.0,True,Solid,6.9,0,False,Antec
Antec LanBoy Air,,ATX Mid Tower,ATX,Black,,False,Solid,58.5,6,False,Antec
Antec Three Hundred,,ATX Mid Tower,ATX,Black,430.0,True,Solid,43.5,6,False,Antec
Cooler Master Cosmos Pure,,ATX Full Tower,ATX,Black,,False,Solid,99.2,6,False,Cooler Master
Cooler Master Elite 335,,ATX Mid Tower,ATX,Black,,False,Solid,36.9,6,False,Cooler Master
Cooler Master Elite 341,,MicroATX Mid Tower,Micro ATX,Black,,False,Solid,26.8,2,False,Cooler Master
Cooler Master Centurion 534,,ATX Mid Tower,ATX,Black,,False,Solid,42.0,4,False,Cooler Master
Cooler Master USP 100,,ATX Mid Tower,ATX,Black / Red,550.0,True,Solid,52.5,6,False,Cooler Master
Antec Fusion Remote,,HTPC,Mini ITX,Black,,False,Solid,25.6,2,False,Antec
Thermaltake Level 10,,ATX Full Tower,ATX,Black,,False,Solid,129.6,6,False,Thermaltake
Thermaltake ARMOR A90,,ATX Mid Tower,ATX,Black / Silver,850.0,True,Acrylic,54.3,6,False,Thermaltake
Rosewill R101-P,,MicroATX Mid Tower,Micro ATX,Black,450.0,True,Solid,25.3,4,False,Rosewill
Cooler Master Centurion 590,,ATX Mid Tower,ATX,Black,,False,Solid,46.9,0,False,Cooler Master
Lian Li PC-Q07,,Mini ITX Tower,Mini ITX,Black,,False,Solid,11.2,1,False,Lian Li
Lian Li PC-Q08,,Mini ITX Tower,Mini ITX,Black,,False,Solid,21.2,6,False,Lian Li
Lian Li PC-7FN,,ATX Mid Tower,ATX,Black,,False,Solid,47.9,4,False,Lian Li
Lian Li PC-A05N,,ATX Mini Tower,ATX,Silver,,False,Solid,39.1,3,False,Lian Li
Lian Li PC-T7,,Mini ITX Test Bench,Mini ITX,Silver,,False,Solid,18.6,1,False,Lian Li
Lian Li PC-V2120,,ATX Full Tower,ATX,Silver,,False,Solid,93.5,10,False,Lian Li
Apevia X-Plorer2,,ATX Mid Tower,ATX,Black / Pink,,False,Acrylic,39.2,5,False,Apevia
Apevia X-QPack2,,MicroATX Desktop,Micro ATX,Black / Green,500.0,True,Acrylic,24.2,2,False,Apevia
HEC 7106BB,,ATX Desktop,ATX,Black,,False,Solid,28.7,2,False,HEC
HEC ITX200A,,HTPC,Mini ITX,Black,200.0,True,Solid,5.8,1,False,HEC
NZXT Tempest EVO,,ATX Mid Tower,ATX,Black,,False,Acrylic,61.8,8,False,NZXT
Apex DM-317-A,,MicroATX Slim,Micro ATX,Black / Silver,275.0,True,Solid,12.9,1,False,Apex
Apex PC-375,,ATX Mid Tower,ATX,Black,300.0,True,Solid,33.2,4,False,Apex
Apex TM366BK,,MicroATX Mid Tower,Micro ATX,Black,300.0,True,Solid,25.0,1,False,Apex
Apex Vortex 3620,,ATX Mid Tower,ATX,Black,,False,Solid,33.2,5,False,Apex
Diablotek CPA-6170,,ATX Mid Tower,ATX,Black,,False,Solid,38.4,5,False,Diablotek
Foxconn DH-045(H+A)+MT-300,,MicroATX Slim,Micro ATX,Black,300.0,True,Solid,13.0,1,False,Foxconn
Foxconn TLM-436(H+A)+ISO-400-4SS,,MicroATX Mini Tower,Micro ATX,Black / Silver,300.0,True,Solid,25.7,4,False,Foxconn
Foxconn TS-001(H+A)+ISO-400-4SS,,ATX Mid Tower,ATX,Black / Silver,300.0,True,Solid,36.4,2,False,Foxconn
In Win BP655.200BL,,Mini ITX Desktop,Mini ITX,Black,200.0,True,Solid,8.1,0,False,In Win
In Win BQ656.AD80TBL,,Mini ITX Tower,Mini ITX,Black,80.0,True,Solid,3.3,0,False,In Win
In Win Maelstrom,,ATX Full Tower,ATX,Black,,False,Solid,74.1,6,False,In Win
In Win Matrix,,MicroATX Mini Tower,Micro ATX,White,300.0,True,Solid,17.8,1,False,In Win
Raidmax Icecube,,MicroATX Desktop,Micro ATX,Black,,False,Solid,33.1,4,False,Raidmax
XClio Godspeed One Advanced,,ATX Mid Tower,ATX,Black,,False,Acrylic,44.3,5,False,XClio
Xigmatek Asgard II,,ATX Mid Tower,ATX,Black,,False,Solid,35.5,5,False,Xigmatek
Zalman Z7,,ATX Mid Tower,ATX,Black,,False,Solid,48.4,5,False,Zalman
Lian Li LanCool PC-K57,,ATX Mid Tower,ATX,Black,,False,Solid,47.1,3,False,Lian Li
Apevia X-Trooper-Jr,,ATX Mid Tower,ATX,Black,,False,Acrylic,29.8,3,False,Apevia
Raidmax ATX-298WY,,ATX Mid Tower,ATX,Black / Yellow,,False,Acrylic,42.9,4,False,Raidmax
Sentey CS2-1333,,ATX Mid Tower,ATX,Black,,False,Solid,25.9,2,False,Sentey
Diablotek ELITE,,ATX Mid Tower,ATX,Black,450.0,True,Solid,27.9,2,False,Diablotek
Sentey GS-6400R - ARVINA,,ATX Full Tower,ATX,Red / Black,,False,Solid,60.7,5,False,Sentey
Apevia X-Dreamer,,ATX Mid Tower,ATX,Blue,420.0,True,Acrylic,36.0,5,False,Apevia
Silverstone RV03B-W,,ATX Full Tower,ATX,Black / Silver,,False,Acrylic,69.4,4,False,SilverStone
Rosewill REDBONE,,ATX Mid Tower,ATX,Black / Red,,False,Solid,37.4,6,False,Rosewill
Sigma ZEN-WAR,,ATX Mid Tower,ATX,Blue / Silver,,False,Acrylic,74.1,3,False,Sigma
Sentey GS-6000R,,ATX Mid Tower,ATX,Black,,False,Solid,42.5,4,False,Sentey
Cooler Master Elite 371,,ATX Mid Tower,ATX,Black / Silver,400.0,True,Solid,38.7,5,False,Cooler Master
In Win IW-BQ656T.AD80TBL,,HTPC,Mini ITX,Black,80.0,True,Solid,3.3,0,False,In Win
Thermaltake Commander MS-I Epic Edition,,ATX Mid Tower,ATX,Black / Red,,False,Acrylic,41.9,5,False,Thermaltake
Thermaltake Level 10 GTS,,ATX Mid Tower,ATX,Black,,False,Solid,54.9,5,False,Thermaltake
BitFenix Shinobi XL,,ATX Full Tower,ATX,Black,,False,Solid,77.2,7,False,BitFenix
Fractal Design Define R4,,ATX Mid Tower,ATX,White,,False,Solid,56.0,8,False,Fractal Design
Diablotek PREDATOR,,ATX Mid Tower,ATX,Black,,False,Solid,39.7,5,False,Diablotek
Diablotek CITADEL,,ATX Mid Tower,ATX,Black,,False,Solid,31.6,5,False,Diablotek
MSI TC,,ATX Mid Tower,ATX,Black,,False,Acrylic,,2,False,MSI
Lian Li PC-A55,,ATX Mid Tower,ATX,Silver,,False,Solid,31.8,2,False,Lian Li
Gigabyte GZ-G2SGB,,ATX Mid Tower,ATX,Black,,False,Solid,33.8,6,False,Gigabyte
BitFenix Ghost,,ATX Mid Tower,ATX,Black,,False,Solid,55.8,4,False,BitFenix
BitFenix Prodigy,,Mini ITX Tower,Mini ITX,Red,,False,Solid,36.0,5,False,BitFenix
Ultra Rogue M950,,ATX Full Tower,ATX,Black,,False,Solid,61.9,8,False,Ultra
Thermaltake Level 10 GT Battle Edition,,ATX Full Tower,ATX,Green / Black,,False,Solid,96.7,5,False,Thermaltake
Thermaltake Urban S21,,ATX Mid Tower,ATX,Black,,False,Acrylic,40.1,5,False,Thermaltake
Cougar Archon,,ATX Mid Tower,ATX,Black / Orange,,False,Acrylic,,3,False,Cougar
Rosewill THRONE,,ATX Full Tower,ATX,Black,,False,Solid,74.8,10,False,Rosewill
Xion XON-720P,,MicroATX Slim,Micro ATX,Black,300.0,True,Solid,10.4,1,False,Xion
Apevia X-Dreamer4,,ATX Mid Tower,ATX,Black / Green,,False,Acrylic,43.1,4,False,Apevia
Raidmax ATX-605BT,,ATX Full Tower,ATX,Black,,False,Acrylic,75.6,6,False,Raidmax
Thermaltake Versa G2,,ATX Mid Tower,ATX,Black,,False,Acrylic,40.1,5,False,Thermaltake
Thermaltake New Soprano Snow Edition,,ATX Mid Tower,ATX,White,,False,Solid,51.2,5,False,Thermaltake
BitFenix Prodigy,,Mini ITX Tower,Mini ITX,Blue,,False,Acrylic,36.0,5,False,BitFenix
In Win H-Frame Mini,,Mini ITX Tower,Mini ITX,Black / Red,180.0,True,Solid,,0,False,In Win
Thermaltake Versa II,,ATX Mid Tower,ATX,Black,,False,Solid,,5,False,Thermaltake
Antec GX500,,ATX Mid Tower,ATX,Black,,False,Solid,44.4,4,False,Antec
Aerocool GT-S,,ATX Full Tower,ATX,Black / Red,,False,Acrylic,,7,False,Aerocool
Cooler Master HAF Stacker 915F,,Mini ITX Tower,Mini ITX,Black,,False,Solid,32.4,3,False,Cooler Master
Nanoxia NXDS6B,,ATX Full Tower,ATX,White,,False,Solid,,13,False,Nanoxia
Cooler Master Elite 241,,ATX Mini Tower,ATX,Black,400.0,True,Solid,,2,False,Cooler Master
Cooler Master Storm Scout 2,,ATX Mid Tower,ATX,Gunmetal,,False,Acrylic,61.6,7,False,Cooler Master
Azza XT-1,,ATX Full Tower,ATX,Black / Red,,False,Acrylic,59.8,6,False,Azza
BitFenix Comrade,,ATX Mid Tower,ATX,Black / White,,False,Solid,37.0,3,False,BitFenix
Rosewill Legacy V4-B,,MicroATX Mini Tower,Micro ATX,Silver,,False,Solid,18.3,3,False,Rosewill
Rosewill THRONE-G-Window,,ATX Full Tower,ATX,Black / Red,,False,Acrylic,74.8,10,False,Rosewill
Supermicro CSE-732G-500B,,ATX Mid Tower,ATX,Black / Blue,500.0,True,Acrylic,64.7,3,False,Supermicro
Supermicro CSE-732G-903B,,ATX Mid Tower,ATX,Black / Blue,900.0,True,Acrylic,64.7,3,False,Supermicro
Xigmatek Aquila,,MicroATX Mini Tower,Micro ATX,Black,,False,Acrylic,,2,False,Xigmatek
Corsair Carbide Series SPEC-03,,ATX Mid Tower,ATX,Black / White,,False,Acrylic,36.1,3,False,Corsair
Gigabyte GZ-G3 PLUS,,ATX Mid Tower,ATX,Black / Red,,False,Solid,33.6,6,False,Gigabyte
Cooler Master HAF 912 Advanced,,ATX Mid Tower,ATX,Black / Red,,False,Acrylic,,6,False,Cooler Master
Cooler Master K350,,ATX Mid Tower,ATX,Black,,False,Acrylic,,6,False,Cooler Master
Deepcool STEAM CASTLE,,MicroATX Mid Tower,Micro ATX,Yellow,,False,Acrylic,47.1,3,False,DeepCool
Lian Li PC-A61,,ATX Mid Tower,ATX,Silver,,False,Solid,57.4,6,False,Lian Li
Lian Li PC-Q01,,Mini ITX Tower,Mini ITX,Black,,False,Solid,13.2,2,False,Lian Li
Lian Li PC-V2130,,ATX Full Tower,ATX,Silver,,False,Solid,94.4,8,False,Lian Li
Azza SIRIUS,,ATX Mid Tower,ATX,Black,,False,Acrylic,38.3,3,False,Azza
DIYPC M88,,MicroATX Mini Tower,Micro ATX,Black,,False,Solid,21.1,3,False,DIYPC
In Win BK644.BH300TB3,,MicroATX Mini Tower,Micro ATX,Black / Silver,300.0,True,Solid,12.3,0,False,In Win
In Win BP655.FH300TB3,,Mini ITX Tower,Mini ITX,Black / Blue,300.0,True,Solid,8.1,2,False,In Win
Silverstone FT05,,ATX Mid Tower,ATX,Black / Silver,,False,Solid,45.3,2,False,SilverStone
Thermaltake Versa H34,,ATX Mid Tower,ATX,Black,,False,Acrylic,49.3,3,False,Thermaltake
Phanteks Enthoo EVOLV,,MicroATX Mini Tower,Micro ATX,White,,False,Acrylic,41.7,3,False,Phanteks
Fractal Design Define R5,,ATX Mid Tower,ATX,Silver,,False,Acrylic,54.2,8,False,Fractal Design
BitFenix Prodigy M,,MicroATX Mini Tower,Micro ATX,Black / Green,,False,Acrylic,35.9,4,False,BitFenix
Aerocool Strike-X Xtreme,,ATX Mid Tower,ATX,Black / Red,,False,Acrylic,,6,False,Aerocool
Cooler Master N400,,ATX Mid Tower,ATX,Black,,False,Acrylic,40.2,7,False,Cooler Master
NZXT H440,,ATX Mid Tower,ATX,Red,,False,Acrylic,53.3,8,False,NZXT
Enermax ECA5030A,,ATX Full Tower,ATX,Black / Blue,,False,Solid,,5,False,Enermax
Phanteks Enthoo Primo,,ATX Full Tower,ATX,Black / Orange,,False,Acrylic,,6,False,Phanteks
Raidmax Scorpio V,,ATX Mid Tower,ATX,Black,,False,Acrylic,54.6,8,False,Raidmax
Phanteks Enthoo EVOLV ITX,,Mini ITX Tower,Mini ITX,Black,,False,Solid,,2,False,Phanteks
Azza Nova 8000,,ATX Full Tower,ATX,White,,False,Acrylic,,6,False,Azza
DIYPC Cuboid,,MicroATX Mini Tower,Micro ATX,Black / Red,,False,Acrylic,,3,False,DIYPC
Logisys CS6801BK,,MicroATX Mini Tower,Micro ATX,Black,350.0,True,Solid,12.0,1,False,Logisys
Deepcool Tristellar,,Mini ITX Desktop,Mini ITX,Black,,False,Solid,,2,False,DeepCool
Xigmatek Mach II,,ATX Mid Tower,ATX,Black,,False,Solid,,3,False,Xigmatek
Rosewill STAR PREDATOR,,ATX Mid Tower,ATX,Black,,False,Solid,,6,False,Rosewill
Raidmax ATX-404WU,,ATX Mid Tower,ATX,Black / Blue,,False,Acrylic,,3,False,Raidmax
Sentey Ss1-2429,,MicroATX Mid Tower,Micro ATX,Black,,False,Solid,,0,False,Sentey
Sentey GS-6009,,ATX Mid Tower,ATX,Black / Red,,False,Acrylic,,3,False,Sentey
Antec P70,,ATX Mid Tower,ATX,Black,,False,Solid,,4,False,Antec
DIYPC Skyline-07,,ATX Full Tower,ATX,Black / Blue,,False,Solid,69.2,3,False,DIYPC
DIYPC Skyline-07,,ATX Full Tower,ATX,Black / Green,,False,Solid,69.2,3,False,DIYPC
Cougar Solution 2,,ATX Mid Tower,ATX,Black,,False,Acrylic,,3,False,Cougar
Silverstone ML08,,HTPC,Mini ITX,Black,,False,Solid,,0,False,SilverStone
be quiet! Silent Base 600,,ATX Mid Tower,ATX,Black / Orange,,False,Acrylic,,3,False,be quiet!
CiT Spectre,,ATX Mid Tower,ATX,White,,False,Acrylic,,4,False,CiT
Lian Li PC-Q21,,Mini ITX Tower,Mini ITX,Black,,False,Solid,,2,False,Lian Li
SHARKOON T28,,ATX Mid Tower,ATX,Black / Blue,,False,Acrylic,,6,False,SHARKOON
BitFenix Nova,,ATX Mid Tower,ATX,White,,False,Solid,,4,False,BitFenix
Antec VSK3-500,,MicroATX Mini Tower,Micro ATX,Black,500.0,True,Solid,,2,False,Antec
DIYPC P48,,ATX Mid Tower,ATX,White,,False,Solid,,3,False,DIYPC
In Win Chopin,,HTPC,Mini ITX,Silver,150.0,True,Solid,,0,False,In Win
Silverstone FT01B-USB3.0,,ATX Mid Tower,ATX,Black,,False,Solid,,7,False,SilverStone
Thermaltake Core P3 SE,,ATX Mid Tower,ATX,Black,,False,Acrylic,80.1,2,False,Thermaltake
Thermaltake Core P5,,ATX Mid Tower,ATX,Green,,False,Acrylic,115.4,3,False,Thermaltake
Aerocool VS-1,,ATX Mid Tower,ATX,Black,,False,Solid,30.7,2,False,Aerocool
In Win 509,,ATX Full Tower,ATX,Black,,False,Tempered Glass,71.6,5,False,In Win
In Win 805 Infinity,,ATX Mid Tower,ATX,Black,,False,Tempered Glass,,2,False,In Win
NOX Coolbay TX,,ATX Mid Tower,ATX,Black / Blue,,False,Acrylic,57.3,8,False,NOX
Aerocool P7-C1,,ATX Mid Tower,ATX,White,,False,Acrylic,60.2,2,False,Aerocool
SHARKOON DG7000,,ATX Mid Tower,ATX,Black / Green,,False,Acrylic,46.4,3,False,SHARKOON
Cougar MX310,,ATX Mid Tower,ATX,Black / Orange,,False,Acrylic,49.6,3,False,Cougar
Thermaltake Versa C22 RGB Snow Edition,,ATX Mid Tower,ATX,White,,False,Acrylic,52.2,2,False,Thermaltake
RIOTORO CR1280 PRISM RGB,,ATX Full Tower,ATX,Black,,False,Acrylic,70.6,4,False,RIOTORO
Thermaltake Core P5 TG Snow Edition,,ATX Mid Tower,ATX,White / Black,,False,Tinted Tempered Glass,115.4,3,False,Thermaltake
Cooler Master MasterCase Maker 5t,,ATX Mid Tower,ATX,Black,,False,Tempered Glass,75.6,2,False,Cooler Master
Phanteks Eclipse P400,,ATX Mid Tower,ATX,Gray,,False,Tinted Tempered Glass,45.9,2,False,Phanteks
Raidmax Sigma,,ATX Mid Tower,ATX,Black,,False,Tempered Glass,,2,False,Raidmax
Raidmax Sigma,,ATX Mid Tower,ATX,White,,False,Tempered Glass,,2,False,Raidmax
Azza Onyx 260,,ATX Mid Tower,ATX,White / Black,,False,Acrylic,,3,False,Azza
SHARKOON DG7000-G,,ATX Mid Tower,ATX,Black / Blue,,False,Tempered Glass,,3,False,SHARKOON
NZXT S340 Elite Hyper Beast,,ATX Mid Tower,ATX,Multicolor,,False,Tempered Glass,41.6,2,False,NZXT
mean:it 4PM,,ATX Desktop,ATX,Black / Red,,False,Tempered Glass,48.0,3,False,mean:it
mean:it 4PM,,ATX Desktop,ATX,Black,,False,Tempered Glass,48.0,3,False,mean:it
Cooltek TG-01 RGB,,ATX Mid Tower,ATX,Black,,False,Tempered Glass,37.6,2,False,Cooltek
Deepcool D-Shield,,ATX Mid Tower,ATX,Black,,False,Acrylic,,3,False,DeepCool
Deepcool EARLKASE RGB,,ATX Mid Tower,ATX,Black,,False,Tempered Glass,,2,False,DeepCool
Azza Storm 6000W,,ATX Full Tower,ATX,White,,False,Tempered Glass,63.6,4,False,Azza
Apex 21N,,ATX Mid Tower,ATX,Black,,False,Acrylic,44.4,2,False,Apex
Phanteks Enthoo EVOLV ITX TG,,Mini ITX Desktop,Mini ITX,White,,False,Tinted Tempered Glass,34.1,2,False,Phanteks
Xigmatek Prosper,,ATX Mid Tower,ATX,Black,,False,Tempered Glass,45.3,2,False,Xigmatek
Antec P280,,ATX Mid Tower,ATX,Black,,False,Acrylic,68.0,6,False,Antec
DIYPC Illusion II,,ATX Mid Tower,ATX,Black / Red,,False,Tempered Glass,,3,False,DIYPC
Lian Li PC-A41,,MicroATX Mini Tower,Micro ATX,Black,,False,Solid,,5,False,Lian Li
DIYPC TG8,,ATX Mid Tower,ATX,Green / Black,,False,Tempered Glass,,2,False,DIYPC
Lian Li ALPHA 550W,,ATX Mid Tower,ATX,White / Black,,False,Tempered Glass,56.5,4,False,Lian Li
Gigabyte AC300W,,ATX Mid Tower,ATX,Black,,False,Acrylic,,2,False,Gigabyte
Aerocool QS-240,,MicroATX Mid Tower,Micro ATX,Black,,False,Acrylic,,2,False,Aerocool
SAMA Maxcool-W-15,,MicroATX Mid Tower,Micro ATX,White / Red,,False,Acrylic,,3,False,SAMA
In Win X-Frame 2.0,,ATX Test Bench,ATX,Black / Green,,False,Solid,102.0,6,False,In Win
EVGA DG-75,,ATX Mid Tower,ATX,Black,,False,Tempered Glass,47.3,2,False,EVGA
DIYPC Model X,,ATX Mid Tower,ATX,White,,False,Tempered Glass,,2,False,DIYPC
CiT F3,,MicroATX Mini Tower,Micro ATX,Black / Blue,,False,Acrylic,,2,False,CiT
KOLINK ROCKET,,Mini ITX Desktop,Mini ITX,Black,,False,Solid,,0,False,KOLINK
Cooler Master MasterBox E500L,,ATX Mid Tower,ATX,Black / Red,,False,Acrylic,,2,False,Cooler Master
Thermaltake Versa J24,,ATX Mid Tower,ATX,Black,,False,Tempered Glass,,3,False,Thermaltake
be quiet! Silent Base 801,,ATX Mid Tower,ATX,Black / Silver,,False,Tempered Glass,,5,False,be quiet!
Silverstone RVZ03,,Mini ITX Desktop,Mini ITX,White,,False,Solid,,0,False,SilverStone
Fractal Design Define R6 USB-C,,ATX Mid Tower,ATX,White / Black,,False,Tempered Glass,56.7,6,False,Fractal Design
Fractal Design Define R6 USB-C,,ATX Mid Tower,ATX,Silver,,False,Tempered Glass,56.7,6,False,Fractal Design
Fractal Design Define R6 USB-C,,ATX Mid Tower,ATX,White / Black,,False,Solid,56.7,6,False,Fractal Design
Rosewill MAGNETAR,,ATX Mid Tower,ATX,Black / Blue,,False,Acrylic,,2,False,Rosewill
Rosewill PRISM T500,,ATX Mid Tower,ATX,Black,,False,Tempered Glass,,2,False,Rosewill
Antec P110 Silent,,ATX Mid Tower,ATX,Black,,False,Solid,,6,False,Antec
Silverstone RL07,,ATX Mid Tower,ATX,Black / Red,,False,Tempered Glass,,3,False,SilverStone
Cooler Master MasterBox CM694 Steel,,ATX Mid Tower,ATX,Black,,False,Solid,,6,False,Cooler Master
Raidmax Magnus,,ATX Mid Tower,ATX,White / Black,,False,Tempered Glass,85.7,2,False,Raidmax
iTek LUNAR 19R2,,ATX Mid Tower,ATX,Black,,False,Tempered Glass,39.9,3,False,Desconocida
GameMax Shadow,,ATX Mid Tower,ATX,Black,,False,Tempered Glass,38.8,1,False,GameMax
GameMax Titan RGB,,ATX Mid Tower,ATX,Black,,False,Acrylic,54.6,2,False,GameMax
Aerocool Quartz Blue,,ATX Mid Tower,ATX,Black / Blue,,False,Tempered Glass,38.3,2,False,Aerocool
Jonsbo C3 Plus,,MicroATX Mini Tower,Micro ATX,Black,,False,Tempered Glass,31.2,4,False,Jonsbo
Montech Flyer White,,MicroATX Mid Tower,Micro ATX,White,,False,Tempered Glass,,2,False,Montech
BitFenix Nova Mesh TG,,ATX Mid Tower,ATX,White,,False,Tempered Glass,41.4,2,False,BitFenix
SHARKOON RGB LIT 200,,ATX Mid Tower,ATX,Black,,False,Tempered Glass,,2,False,SHARKOON
Tecware Vega L,,ATX Mid Tower,ATX,Black,,False,Tempered Glass,,1,False,Tecware
Silverstone PS14-E,,ATX Mid Tower,ATX,Black,,False,Tempered Glass,43.1,2,False,SilverStone
darkFlash DLM 21 Mesh,,MicroATX Mini Tower,Micro ATX,Green,,False,Tempered Glass,32.1,2,False,darkFlash
Antec Striker Phantom Gaming Edition,,Mini ITX Desktop,Mini ITX,White / Black,,False,Tempered Glass,,0,False,Antec
Enermax MarbleShell MS30,,ATX Mid Tower,ATX,Black,,False,Tempered Glass,,2,False,Enermax
Apevia Predator,,ATX Mid Tower,ATX,White,,False,Tempered Glass,35.7,3,False,Apevia
Cougar MX331-T,,ATX Mid Tower,ATX,Black,,False,Tempered Glass,43.5,2,False,Cougar
Jonsbo A4 Ver1.1,,ATX Mini Tower,ATX,Silver,,False,Tempered Glass,15.7,1,False,Jonsbo
darkFlash DLS 480,,ATX Mid Tower,ATX,White,,False,Tempered Glass,53.7,2,False,darkFlash
Deepcool CL500 4F,,ATX Mid Tower,ATX,Black / Gray,,False,Tempered Glass,55.5,2,False,DeepCool
Casecom RSM-91,,ATX Mid Tower,ATX,Black,,False,Tempered Glass,,3,False,Desconocida
SilentiumPC Armis AR6X TG RGB,,ATX Mid Tower,ATX,Black,,False,Tempered Glass,46.0,2,False,SilentiumPC
SilentiumPC Armis AR5X RGB,,ATX Full Tower,ATX,Black,,False,Tempered Glass,45.8,2,False,SilentiumPC
SilentiumPC Armis AR7X RGB,,ATX Mid Tower,ATX,Black,,False,Tempered Glass,63.9,3,False,SilentiumPC
SilentiumPC Signum SG1M TG,,ATX Mid Tower,ATX,Black,,False,Tempered Glass,,2,False,SilentiumPC
DIYPC AVVU-W-ARGB,,ATX Mid Tower,ATX,White / Black,,False,Tempered Glass,,3,False,DIYPC
Azza Cast 808W,,ATX Mid Tower,ATX,White / Black,,False,Solid,,1,False,Azza
Corsair iCUE 5000X RGB Planetary,,ATX Mid Tower,ATX,Black / Orange,,False,Tempered Glass,66.2,2,False,Corsair
Tempest Phantom,,ATX Mid Tower,ATX,Black,,False,Acrylic,,2,False,Tempest
BitFenix Enso Mesh 4ARGB,,ATX Mid Tower,ATX,White / Black,,False,Tempered Glass,,2,False,BitFenix
HYTE REVOLT 3 EU,,Mini ITX Tower,Mini ITX,White,700.0,True,Mesh,18.4,1,False,HYTE
GAMDIAS APOLLO E2,,ATX Mid Tower,ATX,Black,,False,Tempered Glass,,2,False,GAMDIAS
GAMDIAS APOLLO M2 ELITE,,ATX Mid Tower,ATX,Black,,False,Tempered Glass,,2,False,GAMDIAS
GAMDIAS ARGUS E1,,ATX Mid Tower,ATX,Black,,False,Tempered Glass,,2,False,GAMDIAS
MOROVOL TW7-S2-PK,,MicroATX Mid Tower,Micro ATX,Pink / Black,,False,Tempered Glass,27.1,2,False,Desconocida
Vetroo K2,,Mini ITX Desktop,Mini ITX,Black,,False,Tempered Glass,,0,False,Vetroo
Azza Blaze 231,,ATX Mid Tower,ATX,Black,,False,Tempered Glass,40.4,3,False,Azza
Azza Raven 420DF1,,ATX Mid Tower,ATX,Black,,False,Tempered Glass,41.8,6,False,Azza
Azza Zircon 7000B,,ATX Full Tower,ATX,Black,,False,Tempered Glass,61.8,5,False,Azza
Thermaltake Suppressor F51,,ATX Mid Tower,ATX,Black,,False,Tempered Glass,69.7,6,False,Thermaltake
Aerocool Falcon V1,,ATX Mid Tower,ATX,Black,,False,Tempered Glass,33.6,1,False,Aerocool
Aerocool Falcon V2,,ATX Mid Tower,ATX,Black,,False,Acrylic,33.6,1,False,Aerocool
Lazer3D LZX-8 Tek,,Mini ITX Desktop,Mini ITX,Black / Gray,,False,Solid,8.6,0,False,Desconocida
Cougar MG120-G RGB,,ATX Mid Tower,ATX,Black,,False,Tempered Glass,34.9,2,False,Cougar
Cougar MX670 RGB,,ATX Mid Tower,ATX,,,False,Tempered Glass,50.3,2,False,Cougar
SSUPD Meshroom S,,ATX Mini Tower,ATX,Black,,False,Mesh,14.9,0,False,SSUPD
Aerocool Raider Mini,,MicroATX Mini Tower,Micro ATX,Black,,False,Tempered Glass,23.8,2,False,Aerocool
Jonsbo RM2,,ATX Mid Tower,ATX,Black,,False,Solid,21.5,1,False,Jonsbo
Jonsbo UMX6,,ATX Full Tower,ATX,Silver,,False,Solid,54.1,2,False,Jonsbo
Ocelot OC-Purple Katana,,MicroATX Mini Tower,Micro ATX,Purple / Black,,False,Tempered Glass,30.0,2,False,Desconocida
Ocelot OC-HANAMI 1,,MicroATX Mini Tower,Micro ATX,White / Pink,,False,Tempered Glass,30.0,2,False,Desconocida
Horizon Exo,,MicroATX Mid Tower,Micro ATX,Black,,False,Tempered Glass,33.6,2,False,Desconocida
Cooler Master CMP 320L,,MicroATX Mid Tower,Micro ATX,Black,,False,Tempered Glass,38.6,2,False,Cooler Master
Jonsbo U5S,,ATX Mid Tower,ATX,Silver,,False,Tempered Glass,40.3,2,False,Jonsbo
Enermax StarryKnight SK30 V2,,ATX Mid Tower,ATX,Black,,False,Tempered Glass,49.7,2,False,Enermax
MagniumGear Neo Air 2,,ATX Mid Tower,ATX,White / Brown,,False,Tempered Glass,41.9,2,False,MagniumGear
Silverstone FARA V1M PRO,,MicroATX Mid Tower,Micro ATX,Black,,False,Tempered Glass,36.0,2,False,SilverStone
SHARKOON MS-Y1000,,MicroATX Mid Tower,Micro ATX,White,,False,Tempered Glass,26.2,1,False,SHARKOON
KOLINK KLA-002,,ATX Mid Tower,ATX,Black,,False,Solid,25.1,3,False,KOLINK
KOLINK Stronghold Overseer,,ATX Mid Tower,ATX,Black,,False,Tempered Glass,41.0,2,False,KOLINK
BGears b-Voguish Plus,,ATX Mid Tower,ATX,Black,,False,Tempered Glass,40.8,2,False,BGears
GameMax Destroyer,,MicroATX Mini Tower,Micro ATX,White,,False,Tempered Glass,43.6,2,False,GameMax
GameMax Draco XD,,ATX Mid Tower,ATX,Black,,False,Tempered Glass,40.7,2,False,GameMax
YEYIAN Blade 2100,,ATX Mid Tower,ATX,Black,,False,Tempered Glass,36.6,2,False,YEYIAN
YEYIAN Abyss 2500,,ATX Mid Tower,ATX,White / Black,,False,Tempered Glass,40.7,2,False,YEYIAN
SeaSonic ARCH Q5,,ATX Mid Tower,ATX,Black,750.0,True,Tempered Glass,46.4,3,False,SeaSonic
Enermax ENERPAZO EP237 RGB,,ATX Mid Tower,ATX,White,,False,Tempered Glass,40.0,2,False,Enermax
MSI MAG PANO M100L PZ,,MicroATX Mid Tower,Micro ATX,Black,,False,Tempered Glass,41.9,1,False,MSI
GameMax F46,,ATX Mid Tower,ATX,White,,False,Tempered Glass,40.6,2,False,GameMax
Aerocool Viewport Mini V1,,MicroATX Mini Tower,Micro ATX,White,,False,Tempered Glass,35.0,1,False,Aerocool
1STPLAYER T3-G,,MicroATX Mid Tower,Micro ATX,White,,False,Tempered Glass,32.4,2,False,1STPLAYER
APNX C1-R,,ATX Mid Tower,ATX,White,,False,Tempered Glass,53.6,3,False,APNX
BitFenix TRITON,,ATX Mid Tower,ATX,White,,False,Tempered Glass,45.1,2,False,BitFenix
Xigmatek ZEUS 5PCS CY120,,ATX Full Tower,ATX,Black,,False,Tempered Glass,98.8,2,False,Xigmatek
Zalman Z10 DS,,ATX Mid Tower,ATX,Black,,False,Tempered Glass,50.9,2,False,Zalman
Thermaltake Commander C34 TG Snow ARGB,1499.19,ATX Mid Tower,ATX,White / Black,,False,Tempered Glass,,3,True,Thermaltake
In Win F3,,MicroATX Mini Tower,Micro ATX,White,,False,Tempered Glass,35.5,2,False,In Win
Thermaltake V150,,MicroATX Mid Tower,Micro ATX,Black,,False,Tempered Glass,,2,False,Thermaltake
In Win DUBILI DIY,,ATX Full Tower,ATX,Gold / Black,,False,Tempered Glass,72.4,2,False,In Win
BitFenix Colossus Micro,4600.0,MicroATX Mid Tower,Micro ATX,Black,,False,Solid,30.6,4,True,BitFenix
KOLINK Unity Nexus ARGB,,ATX Mid Tower,ATX,Black,,False,Tempered Glass,51.3,2,False,KOLINK
In Win F3,,MicroATX Mini Tower,Micro ATX,Black,,False,Tempered Glass,35.5,2,False,In Win
Antec NSK1480,,MicroATX Desktop,Micro ATX,Black / Silver,350.0,True,Solid,17.8,2,False,Antec
XFX Type-01 Series Bravo Edition,,ATX Mid Tower,ATX,Black,,False,Acrylic,68.0,3,False,Desconocida
Cougar MG110,,MicroATX Mini Tower,Micro ATX,Black,,False,Acrylic,30.8,2,False,Cougar
Geometric Future Model 6,,ATX Mid Tower,ATX,Black / Yellow,,False,Tinted Tempered Glass,43.5,4,False,Geometric Future
SHARKOON MS-Z1000,,MicroATX Mid Tower,Micro ATX,White,,False,Tempered Glass,26.2,1,False,SHARKOON
RAIJINTEK Ponos Ultra MS4,,ATX Mid Tower,ATX,White,,False,Tempered Glass,46.3,2,False,RAIJINTEK
Thermaltake Level 10 GTS Snow Edition,,ATX Mid Tower,ATX,White / Black,,False,Solid,54.9,5,False,Thermaltake
BitFenix Aegis Core,,MicroATX Mid Tower,Micro ATX,Black,,False,Acrylic,46.2,4,False,BitFenix
Silverstone SG12B,,MicroATX Mini Tower,Micro ATX,Black,,False,Solid,,3,False,SilverStone
Phanteks Enthoo EVOLV TG,,MicroATX Mini Tower,Micro ATX,Gray,,False,Tinted Tempered Glass,41.7,2,False,Phanteks
BitFenix Enso,,ATX Mid Tower,ATX,White,,False,Tempered Glass,,2,False,BitFenix
be quiet! Silent Base 801,,ATX Mid Tower,ATX,Black / Silver,,False,Solid,,5,False,be quiet!
Thermaltake Commander C34 TG ARGB,,ATX Mid Tower,ATX,Black,,False,Tempered Glass,,3,False,Thermaltake
RAIJINTEK METIS EVO ALS,,Mini ITX Desktop,Mini ITX,Silver,,False,Solid,22.3,2,False,RAIJINTEK
Cooler Master MasterBox MB600L V2 w/ODD,,ATX Mid Tower,ATX,Black,,False,Tempered Glass,42.7,2,False,Cooler Master
Jonsbo U5,,ATX Mid Tower,ATX,Black,,False,Tempered Glass,40.3,2,False,Jonsbo
Thermaltake AH T200,,MicroATX Mid Tower,Micro ATX,Pink / Black,,False,Tempered Glass,69.1,2,False,Thermaltake
Inter-Tech SC-4100,,Mini ITX Desktop,Mini ITX,Black,,False,Solid,10.6,0,False,Inter-Tech
Jonsbo D500,,ATX Full Tower,ATX,Silver / Black,,False,Tempered Glass,90.8,10,False,Jonsbo
Rosewill Blackbone,,ATX Mid Tower,ATX,Black,,False,Solid,35.1,5,False,Rosewill
Antec Dark Fleet DF-10,,ATX Mid Tower,ATX,Black,,False,Acrylic,47.7,6,False,Antec
Antec Dark Fleet DF-30,,ATX Mid Tower,ATX,Black,,False,Acrylic,46.6,6,False,Antec
Antec Dark Fleet DF-35,,ATX Mid Tower,ATX,Black,,False,Acrylic,46.6,2,False,Antec
Antec Mini P180,,MicroATX Mini Tower,Micro ATX,White,,False,Solid,39.7,5,False,Antec
Antec Minuet,,MicroATX Slim,Micro ATX,Black / White,350.0,True,Solid,13.3,1,False,Antec
Antec P193,,ATX Mid Tower,ATX,Black,,False,Solid,62.2,6,False,Antec
Antec Sonata Proto,,ATX Mid Tower,ATX,Black,,False,Solid,40.2,4,False,Antec
Antec VSK-2000,,ATX Mid Tower,ATX,Black,,False,Solid,42.1,6,False,Antec
Antec VSK2450,,ATX Mid Tower,ATX,Black,450.0,True,Solid,42.1,6,False,Antec
Cooler Master Centurion 5,,ATX Mid Tower,ATX,Black / Blue,,False,Solid,42.0,4,False,Cooler Master
Cooler Master Centurion 5 II,,ATX Mid Tower,ATX,Black,,False,Acrylic,43.2,5,False,Cooler Master
Cooler Master Centurion 534,,ATX Mid Tower,ATX,Black,460.0,True,Solid,42.0,4,False,Cooler Master
Cooler Master Centurion 541,,MicroATX Mini Tower,Micro ATX,Black / Silver,,False,Solid,29.4,2,False,Cooler Master
Cooler Master CM690 II Advanced,,ATX Mid Tower,ATX,Black,,False,Solid,56.3,6,False,Cooler Master
Cooler Master Storm Scout,,ATX Mid Tower,ATX,Black,700.0,True,Acrylic,52.6,5,False,Cooler Master
Thermaltake LANBOX Lite,,MicroATX Mini Tower,Micro ATX,Black,,False,Solid,29.6,2,False,Thermaltake
Thermaltake Spedo Advance Package,,ATX Full Tower,ATX,Black / Silver,,False,Acrylic,75.4,6,False,Thermaltake
Thermaltake V9 Black Edition,,ATX Mid Tower,ATX,Black,,False,Solid,46.6,5,False,Thermaltake
Thermaltake WingRS 201,,ATX Mid Tower,ATX,Black,,False,Solid,37.9,4,False,Thermaltake
Thermaltake Element V NVIDIA Edition,,ATX Full Tower,ATX,Black,,False,Acrylic,62.4,6,False,Thermaltake
Thermaltake V6 BlacX Edition,,ATX Mid Tower,ATX,Black,,False,Acrylic,49.8,3,False,Thermaltake
Thermaltake V9 BlacX,,ATX Mid Tower,ATX,Black,,False,Acrylic,50.6,5,False,Thermaltake
Thermaltake V9 BlacX Edition,,ATX Mid Tower,ATX,Black,,False,Acrylic,50.6,5,False,Thermaltake
Rosewill DESTROYER,,ATX Mid Tower,ATX,Black,,False,Solid,37.4,3,False,Rosewill
Antec Sonata IV,,ATX Mid Tower,ATX,Black,620.0,True,Solid,43.1,4,False,Antec
Cooler Master ATCS 840,,ATX Full Tower,ATX,Silver,,False,Solid,88.5,6,False,Cooler Master
Thermaltake WingMA,,MicroATX Mid Tower,Micro ATX,Black / Silver,,False,Solid,28.0,4,False,Thermaltake
Lian Li PC-Q06,,Mini ITX Test Bench,Mini ITX,Black,,False,Solid,10.7,1,False,Lian Li
Lian Li PC-60FN,,ATX Mid Tower,ATX,Black,,False,Solid,47.9,4,False,Lian Li
Lian Li PC-7B PLUS II,,ATX Mid Tower,ATX,Black,,False,Solid,46.2,3,False,Lian Li
Lian Li PC-A04,,MicroATX Mini Tower,Micro ATX,Black,,False,Solid,,7,False,Lian Li
Lian Li PC-X1000,,ATX Mid Tower,ATX,Black,,False,Solid,67.2,6,False,Lian Li
Aerocool M40,,MicroATX Mini Tower,Micro ATX,Black,,False,Solid,25.9,2,False,Aerocool
Apevia X-Plorer,,ATX Mid Tower,ATX,Black,,False,Acrylic,40.3,4,False,Apevia
Apevia X-Master,,HTPC,Mini ITX,Black / Silver,500.0,True,Solid,22.0,1,False,Apevia
Apevia X-Master,,HTPC,Mini ITX,Black / Red,500.0,True,Solid,22.0,1,False,Apevia
Apevia X-QPack,,MicroATX Desktop,Micro ATX,Black / Silver,420.0,True,Acrylic,22.7,2,False,Apevia
Apevia X-QPack,,MicroATX Desktop,Micro ATX,Black / Blue,420.0,True,Acrylic,22.7,2,False,Apevia
Apevia X-QPack2,,MicroATX Desktop,Micro ATX,Black,500.0,True,Solid,24.2,2,False,Apevia
Antec Nine Hundred Two V3,,ATX Mid Tower,ATX,Black,,False,Acrylic,50.6,6,False,Antec
NZXT Alpha,,ATX Mid Tower,ATX,Black / Gray,,False,Acrylic,43.6,5,False,NZXT
NZXT Duet,,HTPC,Mini ITX,Black / Silver,,False,Solid,30.3,1,False,NZXT
NZXT Hush,,ATX Mid Tower,ATX,Black,,False,Solid,41.4,5,False,NZXT
NZXT Vulcan,,MicroATX Mid Tower,Micro ATX,Black,,False,Acrylic,30.3,2,False,NZXT
Apex TU150,,ATX Mid Tower,ATX,Black,400.0,True,Solid,38.3,3,False,Apex
Apex TX-381,,MicroATX Mid Tower,Micro ATX,Black,300.0,True,Solid,30.0,4,False,Apex
Athena Power CA-1015CR47,,MicroATX Slim,Micro ATX,Black / Red,470.0,True,Solid,18.1,1,False,Athena Power
Athena Power CA-601B80,,ATX Full Tower,ATX,Black,800.0,True,Solid,50.6,4,False,Athena Power
Athenatech A1019HG.150,,Mini ITX Desktop,Mini ITX,Gray / Black,150.0,True,Solid,5.2,1,False,Athenatech
Athenatech A3712BB.450,,ATX Mid Tower,ATX,Black,450.0,True,Solid,23.2,2,False,Athenatech
Foxconn TLA+436(H+A)+ISO-400-4SS,,ATX Mid Tower,ATX,Black / Silver,300.0,True,Solid,33.2,4,False,Foxconn
Gigabyte Sumo 4192,,ATX Full Tower,ATX,Black,,False,Solid,54.2,5,False,Gigabyte
In Win Diva,,Mini ITX Tower,Mini ITX,Black / Pink,160.0,True,Solid,9.3,0,False,In Win
In Win Dragon Slayer,,MicroATX Mini Tower,Micro ATX,Black,,False,Solid,35.6,0,False,In Win
In Win Z589T.CQ350TBL,,MicroATX Mini Tower,Micro ATX,Black,350.0,True,Solid,24.2,1,False,In Win
Raidmax Tornado,,ATX Mid Tower,ATX,Black,,False,Solid,42.1,5,False,Raidmax
Raidmax Smilodon ATX-612WB,,ATX Mid Tower,ATX,Black / White,500.0,True,Acrylic,47.5,4,False,Raidmax
Rosewill RS-MI-01,,Mini ITX Tower,Mini ITX,Black,250.0,True,Solid,9.4,1,False,Rosewill
Silverstone FT03,,MicroATX Mini Tower,Micro ATX,Silver,,False,Solid,32.2,3,False,SilverStone
Silverstone SG02-BF,,MicroATX Desktop,Micro ATX,Black / Silver,,False,Solid,22.4,2,False,SilverStone
Silverstone SG07-B,,Mini ITX Desktop,Mini ITX,Black / Gray,600.0,True,Solid,14.6,1,False,SilverStone
Silverstone TJ08-B,,MicroATX Mid Tower,Micro ATX,Black,,False,Solid,28.0,2,False,SilverStone
Xigmatek Asgard II,,ATX Mid Tower,ATX,Black / Orange,,False,Solid,35.5,5,False,Xigmatek
Zalman MS1000-HS1,,ATX Mid Tower,ATX,Black,,False,Solid,55.7,3,False,Zalman
Athenatech A3701BB,,HTPC,Mini ITX,Black,,False,Solid,23.2,1,False,Athenatech
Silverstone GD05B,,HTPC,Mini ITX,Black,,False,Solid,21.3,2,False,SilverStone
Silverstone LC17-B,,HTPC,Mini ITX,Silver,,False,Solid,30.9,6,False,SilverStone
Cooler Master CM 690 II Nvidia Edition,,ATX Mid Tower,ATX,Black,,False,Acrylic,55.7,6,False,Cooler Master
Cooler Master Elite 371,,ATX Mid Tower,ATX,Black / White,,False,Solid,38.7,5,False,Cooler Master
Foxconn RM233+FSP150-50GLT,,Mini ITX Tower,Mini ITX,Black / Silver,150.0,True,Solid,9.4,1,False,Foxconn
Rosewill GEAR X3,,ATX Mid Tower,ATX,Black,,False,Solid,44.6,6,False,Rosewill
Apevia X-Trooper-Jr,,ATX Mid Tower,ATX,Black,450.0,True,Acrylic,29.8,3,False,Apevia
In Win BL672,,MicroATX Desktop,Micro ATX,Black / Silver,,False,Solid,11.6,2,False,In Win
Lian Li PC-C60,,HTPC,Mini ITX,Black,,False,Solid,33.1,6,False,Lian Li
Lian Li PC-X2000F,,ATX Full Tower,ATX,Black,,False,Solid,73.5,7,False,Lian Li
Logisys CS305BK,,ATX Mid Tower,ATX,Black,480.0,True,Solid,31.8,5,False,Logisys
nMEDIAPC HTPC 5000S,,HTPC,Mini ITX,Black,,False,Solid,24.4,4,False,nMEDIAPC
Fractal Design Core 3000,,ATX Mid Tower,ATX,Black,,False,Solid,41.1,6,False,Fractal Design
Fractal Design Define XL,,ATX Full Tower,ATX,Black / Gray,,False,Solid,72.6,10,False,Fractal Design
Sentey DS1-4237,,ATX Mid Tower,ATX,Black,,False,Solid,38.8,4,False,Sentey
Raidmax ATX-615WUP,,ATX Mid Tower,ATX,Black / Blue,500.0,True,Solid,47.7,4,False,Raidmax
BitFenix Colossus Venom Edition,,ATX Full Tower,ATX,Black,,False,Solid,79.0,7,False,BitFenix
Cooler Master Elite 335 Upgraded,,ATX Mid Tower,ATX,Black,,False,Solid,40.5,5,False,Cooler Master
Fractal Design Define R3,,ATX Mid Tower,ATX,Black / Silver,,False,Solid,47.5,8,False,Fractal Design
Thermaltake Level 10 GT LCS,,ATX Full Tower,ATX,Black,,False,Acrylic,96.7,5,False,Thermaltake
NZXT Tempest 410 Elite,,ATX Mid Tower,ATX,Black,,False,Acrylic,51.1,8,False,NZXT
NZXT Hades,,ATX Mid Tower,ATX,Black,,False,Solid,42.7,4,False,NZXT
Apevia X-Telstar,,ATX Full Tower,ATX,Black,,False,Acrylic,52.7,5,False,Apevia
Diablotek DIAMOND,,ATX Mid Tower,ATX,Black,400.0,True,Solid,27.9,2,False,Diablotek
Azza Spartan CSAZ-102E,,ATX Mid Tower,ATX,Black,,False,Acrylic,52.1,4,False,Azza
Enermax Fulmo Basic,,ATX Mid Tower,ATX,Black,,False,Solid,57.5,6,False,Enermax
Sentey CS1-1398,,ATX Mid Tower,ATX,Black,250.0,True,Solid,27.8,2,False,Sentey
Cooler Master Elite 311,,ATX Mid Tower,ATX,Black / Red,,False,Acrylic,40.8,5,False,Cooler Master
Lian Li PC-100,,ATX Mid Tower,ATX,Black,,False,Solid,52.4,6,False,Lian Li
Raidmax Super Hurricane,,ATX Mid Tower,ATX,Black,,False,Acrylic,36.7,4,False,Raidmax
Raidmax Seiran,,ATX Mid Tower,ATX,Black,,False,Solid,45.3,6,False,Raidmax
Logisys Area 51,,ATX Mid Tower,ATX,Silver,480.0,True,Acrylic,65.3,5,False,Logisys
Raidmax Viper,,ATX Mid Tower,ATX,White / Red,,False,Acrylic,42.6,4,False,Raidmax
Cooler Master Elite 361,,ATX Mid Tower,ATX,Black,,False,Solid,25.1,4,False,Cooler Master
Lian Li PC-Q12,,Mini ITX Tower,Mini ITX,Silver,300.0,True,Solid,6.6,0,False,Lian Li
Zalman GS-1000,,ATX Full Tower,ATX,Black,,False,Solid,94.7,6,False,Zalman
BitFenix Colossus Window,,ATX Full Tower,ATX,Black,,False,Acrylic,79.0,7,False,BitFenix
Silverstone FT02B-USB3.0,,ATX Mid Tower,ATX,Silver,,False,Acrylic,64.8,5,False,SilverStone
Zalman MS1000-HS2,,ATX Mid Tower,ATX,Black,,False,Solid,55.7,6,False,Zalman
In Win C589T.CQ450TBL,,ATX Mid Tower,ATX,Black,450.0,True,Solid,35.0,3,False,In Win
Topower TP-1687BS-300,,MicroATX Desktop,Micro ATX,Black / Silver,300.0,True,Solid,15.4,1,False,Topower
Silverstone FT03,,MicroATX Mini Tower,Micro ATX,Silver / Black,,False,Solid,32.2,3,False,SilverStone
DIYPC DIY-6811,,MicroATX Mid Tower,Micro ATX,Black,,False,Solid,23.0,2,False,DIYPC
Apevia X-Jupiter-Jr G-Type,,ATX Mid Tower,ATX,Black,,False,Acrylic,42.3,3,False,Apevia
Cooler Master Elite 311,,ATX Mid Tower,ATX,Black / Blue,420.0,True,Solid,40.8,5,False,Cooler Master
Silverstone TJ04B-EW,,ATX Mid Tower,ATX,Black,,False,Acrylic,51.0,9,False,SilverStone
Lian Li PC-A75,,ATX Full Tower,ATX,Black,,False,Solid,75.5,12,False,Lian Li
Gigabyte GZ-ZLM10RS,,ATX Mid Tower,ATX,Black / Red,,False,Solid,36.2,8,False,Gigabyte
Silverstone SG09B,,MicroATX Mini Tower,Micro ATX,Black,,False,Solid,22.8,2,False,SilverStone
Chieftec BL-01B-OP,,ATX Mid Tower,ATX,Black,,False,Solid,,3,False,Chieftec
Fractal Design Core 3000 USB 3.0,,ATX Mid Tower,ATX,Black,,False,Solid,71.4,6,False,Fractal Design
Silverstone SG05BB-450-USB3,,Mini ITX Desktop,Mini ITX,White,300.0,True,Solid,10.7,1,False,SilverStone
CFI Bastet,,ATX Mid Tower,ATX,Black,,False,Acrylic,48.0,2,False,CFI
Lian Li PC-CK101,,Mini ITX Tower,Mini ITX,Black,300.0,True,Solid,24.4,1,False,Lian Li
Nanoxia Deep Silence 2 White,,ATX Mid Tower,ATX,Black,,False,Solid,57.0,7,False,Nanoxia
Thermaltake Urban S31,,ATX Mid Tower,ATX,Black,,False,Solid,53.3,6,False,Thermaltake
Xigmatek CCC-AD38BT-U03,,ATX Mid Tower,ATX,Black,,False,Solid,43.6,8,False,Xigmatek
Enermax ECA3253,,ATX Mid Tower,ATX,Black / Blue,,False,Acrylic,43.8,5,False,Enermax
Gigabyte GZ-X7,,ATX Mid Tower,ATX,Black,,False,Solid,36.6,6,False,Gigabyte
Gigabyte GZ-ZA1,,ATX Mid Tower,ATX,Black,,False,Solid,30.9,5,False,Gigabyte
Cooler Master Elite 120 Advanced,,Mini ITX Tower,Mini ITX,White,,False,Solid,19.7,3,False,Cooler Master
Silverstone RL04W,,ATX Mid Tower,ATX,White,,False,Acrylic,,5,False,SilverStone
Zalman MS800,,ATX Mid Tower,ATX,Black,,False,Solid,59.6,3,False,Zalman
Zalman ZM-T1,,MicroATX Mini Tower,Micro ATX,Black,,False,Solid,24.7,2,False,Zalman
Apex TX-606-U3,,MicroATX Mid Tower,Micro ATX,Black,300.0,True,Solid,27.9,5,False,Apex
DIYPC Alpha-DB6,,ATX Test Bench,ATX,White,,False,Solid,21.8,0,False,DIYPC
Thermaltake V2 Plus,,ATX Mid Tower,ATX,Black,450.0,True,Solid,52.7,6,False,Thermaltake
Raidmax ATX-502WBG,,ATX Mid Tower,ATX,Black,,False,Acrylic,59.5,3,False,Raidmax
Rosewill FB-04,,ATX Mid Tower,ATX,Black,,False,Solid,26.5,4,False,Rosewill
Sentey CS1-1398 PLUS,,ATX Mid Tower,ATX,Black,,False,Solid,30.3,5,False,Sentey
Sentey GS-6010 Plus,,ATX Mid Tower,ATX,Black / Blue,,False,Acrylic,36.9,5,False,Sentey
Sentey GS-6020 Plus,,ATX Mid Tower,ATX,Black / Blue,,False,Acrylic,40.2,4,False,Sentey
Thermaltake Versa G1,,ATX Mid Tower,ATX,Black,,False,Acrylic,40.1,5,False,Thermaltake
Apevia X-Cruiser3,,ATX Mid Tower,ATX,Blue / Silver,,False,Acrylic,44.7,4,False,Apevia
Apevia X-Cruiser3,,ATX Mid Tower,ATX,Black / Green,,False,Acrylic,44.7,4,False,Apevia
Lian Li PC-A75,,ATX Full Tower,ATX,Black,,False,Acrylic,75.5,12,False,Lian Li
Apevia X-Sniper2,,ATX Mid Tower,ATX,Black / Red,,False,Acrylic,,4,False,Apevia
Apevia X-Sniper2,,ATX Mid Tower,ATX,White / Blue,,False,Acrylic,,4,False,Apevia
Silverstone RV04B-W,,ATX Full Tower,ATX,Black,,False,Acrylic,,7,False,SilverStone
Cougar MG100,,MicroATX Mini Tower,Micro ATX,Black,,False,Solid,,2,False,Cougar
In Win D-FRAME,,ATX Desktop,ATX,Red,,False,Acrylic,97.5,3,False,In Win
Aerocool Strike-X GT,,ATX Mid Tower,ATX,Black / Red,,False,Solid,42.9,6,False,Aerocool
BitFenix Phenom M,,MicroATX Mini Tower,Micro ATX,White,,False,Solid,30.6,5,False,BitFenix
Apevia X-Hermes,,ATX Mid Tower,ATX,Black / Green,,False,Acrylic,44.7,4,False,Apevia
BitFenix Shadow,,ATX Mid Tower,ATX,Black,,False,Solid,,7,False,BitFenix
Cooler Master N600 Windowed,,ATX Mid Tower,ATX,Black,,False,Acrylic,,7,False,Cooler Master
Corsair Graphite Series 230T,,ATX Mid Tower,ATX,Black / Gray,,False,Acrylic,,4,False,Corsair
Cooler Master Silencio 650,,ATX Mid Tower,ATX,Black,,False,Solid,,7,False,Cooler Master
Aerocool XPredator Devil,,ATX Full Tower,ATX,Black / Red,,False,Acrylic,,6,False,Aerocool
Cougar MX500,,ATX Mid Tower,ATX,Black,,False,Solid,,7,False,Cougar
Enermax ECA3310A,,ATX Mid Tower,ATX,Black,,False,Acrylic,58.6,7,False,Enermax
Rosewill BLACKHAWK,,ATX Mid Tower,ATX,Black / Blue,,False,Acrylic,55.1,6,False,Rosewill
Rosewill LINE-M-A,,MicroATX Mini Tower,Micro ATX,Black,,False,Solid,26.9,0,False,Rosewill
Silverstone TJ08B-EW,,MicroATX Mid Tower,Micro ATX,Black,,False,Acrylic,30.2,4,False,SilverStone
Antec ISK600,,Mini ITX Tower,Mini ITX,Black / Blue,,False,Solid,18.7,3,False,Antec
BitFenix Comrade,,ATX Mid Tower,ATX,White,,False,Solid,37.0,3,False,BitFenix
Silverstone GD04B-USB3.0,,HTPC,Mini ITX,Silver,,False,Solid,21.3,2,False,SilverStone
Thermaltake Armor Series,,ATX Full Tower,ATX,Black,,False,Acrylic,65.0,6,False,Thermaltake
EVGA Hadron Hydro,,Mini ITX Tower,Mini ITX,Black,500.0,True,Acrylic,18.4,2,False,EVGA
Antec VSK-4350E-N,,ATX Mid Tower,ATX,Black,350.0,True,Solid,33.4,5,False,Antec
DIYPC HTPC-MiniCube,,Mini ITX Tower,Mini ITX,Gold,,False,Solid,9.8,1,False,DIYPC
In Win BP655.FH200B,,Mini ITX Desktop,Mini ITX,Black,200.0,True,Solid,8.1,1,False,In Win
Raidmax Cobra Z,,ATX Mid Tower,ATX,Black / Blue,,False,Solid,59.5,3,False,Raidmax
Thermaltake Urban S1,,MicroATX Mini Tower,Micro ATX,Black,,False,Solid,32.9,5,False,Thermaltake
Thermaltake Urban SD1,,MicroATX Mini Tower,Micro ATX,Black,,False,Solid,30.4,2,False,Thermaltake
Fractal Design Core 3500,,ATX Mid Tower,ATX,Black,,False,Acrylic,56.0,4,False,Fractal Design
Aerocool XPredator X3,,ATX Mid Tower,ATX,Black / White,,False,Acrylic,62.5,8,False,Aerocool
DIYPC Skyline-07,,ATX Full Tower,ATX,Black,,False,Solid,69.2,3,False,DIYPC
Aerocool DS 200,,ATX Mid Tower,ATX,Black / Orange,,False,Solid,,5,False,Aerocool
BitFenix Pandora,,MicroATX Mid Tower,Micro ATX,Silver,,False,Acrylic,31.2,2,False,BitFenix
Lian Li PC-A61,,ATX Mid Tower,ATX,Black,,False,Solid,57.4,6,False,Lian Li
Lian Li PC-Q35A,,Mini ITX Tower,Mini ITX,Silver,,False,Solid,18.1,5,False,Lian Li
In Win BK644.BH300TB,,MicroATX Mini Tower,Micro ATX,Black,300.0,True,Solid,12.3,1,False,In Win
Rosewill STEALTH,,ATX Mid Tower,ATX,Black,,False,Acrylic,52.0,8,False,Rosewill
Aerocool GT-A,,ATX Mid Tower,ATX,White,,False,Acrylic,,3,False,Aerocool
Zalman H1,,ATX Full Tower,ATX,Black,,False,Acrylic,74.3,7,False,Zalman
Silverstone FT05,,ATX Mid Tower,ATX,Silver,,False,Solid,45.3,2,False,SilverStone
be quiet! Silent Base 800,,ATX Mid Tower,ATX,Black / Silver,,False,Solid,,7,False,be quiet!
Ultra Defender II,,ATX Mid Tower,ATX,Black,,False,Acrylic,,4,False,Ultra
Aerocool Strike-X Xtreme,,ATX Mid Tower,ATX,Black / White,,False,Acrylic,,6,False,Aerocool
Aerocool Strike-X Advance,,ATX Mid Tower,ATX,Black / Red,,False,Acrylic,,0,False,Aerocool
Cooler Master K281,,ATX Mid Tower,ATX,Black / Red,,False,Solid,,7,False,Cooler Master
Cooler Master K350,,ATX Mid Tower,ATX,Black / Red,500.0,True,Acrylic,,6,False,Cooler Master
DIYPC FM18,,ATX Mid Tower,ATX,Black,,False,Acrylic,33.8,2,False,DIYPC
Cooler Master Elite 334U,,ATX Mid Tower,ATX,Black / Silver,,False,Solid,,5,False,Cooler Master
NZXT Phantom 240,,ATX Mid Tower,ATX,Black / Red,,False,Acrylic,,6,False,NZXT
Phanteks Enthoo EVOLV,,MicroATX Mini Tower,Micro ATX,Silver,,False,Acrylic,41.7,3,False,Phanteks
DIYPC Zondda,,ATX Mid Tower,ATX,Black / Silver,,False,Acrylic,,4,False,DIYPC
BitFenix Aegis Core,,MicroATX Mid Tower,Micro ATX,Blue,,False,Acrylic,46.2,4,False,BitFenix
BitFenix Aegis,,MicroATX Mid Tower,Micro ATX,Black,,False,Acrylic,46.2,4,False,BitFenix
Raidmax HYBODUS,,MicroATX Mini Tower,Micro ATX,Black / Red,,False,Solid,,2,False,Raidmax
Sentey GS-6008,,ATX Mid Tower,ATX,Black,,False,Solid,,2,False,Sentey
Cooltek UMX1,,Mini ITX Tower,Mini ITX,Black,,False,Solid,,2,False,Cooltek
Azza Nova 8000,,ATX Full Tower,ATX,Black / Orange,,False,Acrylic,,6,False,Azza
Rosewill R521-M,,MicroATX Mini Tower,Micro ATX,Black,400.0,True,Solid,,5,False,Rosewill
Apevia X-QPack3,,MicroATX Mini Tower,Micro ATX,Black / Blue,,False,Acrylic,,2,False,Apevia
Apevia X-QPack3,,MicroATX Mini Tower,Micro ATX,Black,,False,Solid,,2,False,Apevia
Apevia X-QPack3,,MicroATX Mini Tower,Micro ATX,Pink,,False,Acrylic,,2,False,Apevia
Element Gaming Hyperion,,MicroATX Mid Tower,Micro ATX,Black / Blue,,False,Acrylic,,5,False,Desconocida
Raidmax Element,,Mini ITX Desktop,Mini ITX,Black / Gray,,False,Solid,,2,False,Raidmax
Raidmax Element,,Mini ITX Desktop,Mini ITX,Black / Blue,450.0,True,Solid,,2,False,Raidmax
VIVO CASE-V02,,ATX Mid Tower,ATX,Black / Blue,,False,Solid,,3,False,VIVO
VIVO CASE-V03,,ATX Mid Tower,ATX,Black / Red,,False,Solid,,4,False,VIVO
In Win 707,,ATX Full Tower,ATX,Black / Red,,False,Acrylic,,8,False,In Win
be quiet! Silent Base 600,,ATX Mid Tower,ATX,Black / Silver,,False,Solid,,3,False,be quiet!
Zalman ZM-T1 PLUS,,MicroATX Mini Tower,Micro ATX,Black,,False,Solid,,2,False,Zalman
Thermaltake Suppressor F31,,ATX Mid Tower,ATX,Black,,False,Acrylic,,3,False,Thermaltake
RAIJINTEK STYX,,MicroATX Mini Tower,Micro ATX,Silver,,False,Acrylic,,3,False,RAIJINTEK
SHARKOON BD28,,ATX Mid Tower,ATX,Black / Green,,False,Acrylic,,3,False,SHARKOON
SHARKOON BD28,,ATX Mid Tower,ATX,Black / Blue,,False,Solid,,3,False,SHARKOON
Raidmax Viper II,,ATX Mid Tower,ATX,Black / Green,,False,Acrylic,,3,False,Raidmax
Raidmax Viper II,,ATX Mid Tower,ATX,Black / Red,,False,Acrylic,,3,False,Raidmax
SHARKOON T28,,ATX Mid Tower,ATX,Black / Red,,False,Acrylic,,6,False,SHARKOON
SHARKOON T28,,ATX Mid Tower,ATX,Black / Green,,False,Acrylic,,6,False,SHARKOON
VIVO Titan,,ATX Mid Tower,ATX,Black,,False,Acrylic,,2,False,VIVO
Apevia X-QPack3,,MicroATX Mini Tower,Micro ATX,Black / Orange,,False,Acrylic,,2,False,Apevia
DIYPC Zondda,,ATX Mid Tower,ATX,Black / Blue,,False,Acrylic,,4,False,DIYPC
DIYPC D480,,ATX Mid Tower,ATX,Black,,False,Solid,,2,False,DIYPC
Rosewill GUNGNIR,,ATX Mid Tower,ATX,Black / Red,,False,Acrylic,,3,False,Rosewill
Antec GX500,,ATX Mid Tower,ATX,Black,,False,Acrylic,44.4,4,False,Antec
DIYPC M89,,MicroATX Mini Tower,Micro ATX,Black / Red,,False,Solid,20.9,2,False,DIYPC
DIYPC Ranger-R5,,ATX Mid Tower,ATX,Black / Blue,,False,Acrylic,,4,False,DIYPC
DIYPC DIY-M6,,MicroATX Mid Tower,Micro ATX,White / Blue,,False,Acrylic,,2,False,DIYPC
Apevia X-EnerQ,,MicroATX Mid Tower,Micro ATX,Black / Green,,False,Acrylic,,2,False,Apevia
Apevia X-Qber,,MicroATX Desktop,Micro ATX,Black / Red,,False,Acrylic,,2,False,Apevia
Anidees AI7,,ATX Desktop,ATX,Black,,False,Acrylic,,4,False,Anidees
Silverstone RVZ01-E,,HTPC,Mini ITX,Black,,False,Solid,,0,False,SilverStone
Xigmatek Eris,,Mini ITX Desktop,Mini ITX,Black,,False,Solid,,1,False,Xigmatek
Logisys CS380BK,,ATX Mid Tower,ATX,Black,480.0,True,Acrylic,,3,False,Logisys
SHARKOON T3-W,,ATX Mid Tower,ATX,Black / Blue,,False,Acrylic,38.3,6,False,SHARKOON
NOX Hummer ZX,,ATX Mid Tower,ATX,White / Black,,False,Acrylic,48.8,2,False,NOX
NOX Coolbay SX,,ATX Mid Tower,ATX,Black / Red,,False,Solid,37.9,4,False,NOX
NOX Coolbay VX,,ATX Mid Tower,ATX,Black / Red,,False,Acrylic,34.3,7,False,NOX
SHARKOON DG7000,,ATX Mid Tower,ATX,Black / Blue,,False,Acrylic,46.4,3,False,SHARKOON
SHARKOON DG7000,,ATX Mid Tower,ATX,Black / Red,,False,Acrylic,46.4,3,False,SHARKOON
Lian Li PC-Q20,,Mini ITX Tower,Mini ITX,Silver,,False,Solid,7.2,0,False,Lian Li
Thermaltake Core P3,,ATX Mid Tower,ATX,Black / Silver,,False,Acrylic,80.1,2,False,Thermaltake
RAIJINTEK Metis Plus,,Mini ITX Tower,Mini ITX,Black,,False,Acrylic,13.4,2,False,RAIJINTEK
RAIJINTEK Metis Plus,,Mini ITX Tower,Mini ITX,Red,,False,Acrylic,13.4,2,False,RAIJINTEK
Azza Onyx 260,,ATX Mid Tower,ATX,Black,,False,Acrylic,,3,False,Azza
Silverstone KL07,,ATX Mid Tower,ATX,Black,,False,Solid,52.9,3,False,SilverStone
Lian Li Odyssey,,Mini ITX Desktop,Mini ITX,Black,,False,Solid,,2,False,Lian Li
Lian Li Odyssey,,Mini ITX Desktop,Mini ITX,White,,False,Solid,,2,False,Lian Li
Apevia X-Mirage,,ATX Mid Tower,ATX,Black / Red,,False,Acrylic,41.8,2,False,Apevia
Apevia X-Mirage,,ATX Mid Tower,ATX,White,,False,Acrylic,41.8,2,False,Apevia
Aerocool Aero-300 FAW,,ATX Mid Tower,ATX,Black,,False,Acrylic,36.3,2,False,Aerocool
SHARKOON VG4-W,,ATX Mid Tower,ATX,Black,,False,Acrylic,38.3,3,False,SHARKOON
VIVO CASE-V06,,MicroATX Mid Tower,Micro ATX,White / Black,,False,Acrylic,,2,False,VIVO
Anidees AI Crystal Cube,,ATX Mid Tower,ATX,Black,,False,Tempered Glass,50.5,3,False,Anidees
mean:it 5PM,,ATX Mid Tower,ATX,Black / Blue,,False,Tempered Glass,51.5,3,False,mean:it
Enermax Ostrog ADV,,ATX Mid Tower,ATX,Black / Blue,,False,Acrylic,54.7,6,False,Enermax
Enermax Ostrog ADV,,ATX Mid Tower,ATX,Black / Red,,False,Acrylic,54.7,6,False,Enermax
Cooltek JB C2,,MicroATX Mini Tower,Micro ATX,Black,,False,Solid,12.1,1,False,Cooltek
DIYPC Illusion I,,ATX Mid Tower,ATX,Black / Blue,,False,Tempered Glass,,2,False,DIYPC
DIYPC Skyline-06,,ATX Full Tower,ATX,Black / Green,,False,Acrylic,,3,False,DIYPC
Silverstone RL06,,ATX Mid Tower,ATX,White / Black,,False,Tempered Glass,43.4,3,False,SilverStone
Silverstone TJ08B-E,,MicroATX Mini Tower,Micro ATX,Silver,,False,Solid,30.2,4,False,SilverStone
Raidmax Monster II,,ATX Mid Tower,ATX,Black,,False,Acrylic,,2,False,Raidmax
NZXT H400i,,MicroATX Mini Tower,Micro ATX,Black / Blue,,False,Tempered Glass,36.9,1,False,NZXT
NZXT H200i,,Mini ITX Tower,Mini ITX,Black / Blue,,False,Tempered Glass,27.3,1,False,NZXT
SHARKOON AM5,,ATX Mid Tower,ATX,Blue / Black,,False,Acrylic,,3,False,SHARKOON
RIOTORO CR500,,ATX Mid Tower,ATX,Black,,False,Tempered Glass,41.0,4,False,RIOTORO
Lian Li ALPHA 330X,,ATX Mid Tower,ATX,Black,,False,Tempered Glass,,2,False,Lian Li
Lian Li ALPHA 330W,,ATX Mid Tower,ATX,White,,False,Tempered Glass,,2,False,Lian Li
Rosewill Orbit-Z1,,ATX Mid Tower,ATX,Black,,False,Acrylic,41.6,2,False,Rosewill
Fractal Design Define R6,,ATX Mid Tower,ATX,White / Black,,False,Solid,56.7,6,False,Fractal Design
Fractal Design Define R6,,ATX Mid Tower,ATX,Silver,,False,Tempered Glass,56.7,6,False,Fractal Design
In Win X-Frame 2.0,,ATX Test Bench,ATX,Black / Red,,False,Solid,102.0,6,False,In Win
In Win Tou 2.0,,ATX Full Tower,ATX,,1065.0,True,Tempered Glass,,5,False,In Win
EVGA DG-73,,ATX Mid Tower,ATX,Black,,False,Acrylic,45.9,2,False,EVGA
EVGA DG-75,,ATX Mid Tower,ATX,White,,False,Solid,47.3,2,False,EVGA
Nanoxia Rexgear 1,,MicroATX Desktop,Micro ATX,Black,,False,Acrylic,,3,False,Nanoxia
Nanoxia Deep Silence 4,,MicroATX Mini Tower,Micro ATX,Black / Gray,,False,Solid,,6,False,Nanoxia
Raidmax X08,,ATX Mid Tower,ATX,Black / Silver,,False,Tempered Glass,,3,False,Raidmax
NZXT H400,,MicroATX Mini Tower,Micro ATX,Black / Blue,,False,Tempered Glass,36.9,1,False,NZXT
Raidmax Alpha Prime,,ATX Mid Tower,ATX,White,,False,Tempered Glass,44.8,2,False,Raidmax
Lian Li PC-Q50,,Mini ITX Desktop,Mini ITX,Silver,,False,Solid,,2,False,Lian Li
Thermaltake View 32 TG,,ATX Mid Tower,ATX,Black,,False,Acrylic,,2,False,Thermaltake
Cooler Master MasterBox MB511,,ATX Mid Tower,ATX,Black / White,,False,Acrylic,,2,False,Cooler Master
RAIJINTEK PAEAN M,,MicroATX Mini Tower,Micro ATX,Black,,False,Tempered Glass,40.9,1,False,RAIJINTEK
RAIJINTEK ASTERION CLASSIC,,ATX Full Tower,ATX,Black,,False,Tempered Glass,56.0,3,False,RAIJINTEK
RAIJINTEK ASTERION PLUS,,ATX Full Tower,ATX,Black,,False,Acrylic,59.3,3,False,RAIJINTEK
Lian Li PC-O11AIR RGB,,ATX Full Tower,ATX,Black,,False,Tempered Glass,60.2,3,False,Lian Li
DAN Cases A4-SFXv3,,Mini ITX Desktop,Mini ITX,Silver,,False,Solid,,0,False,DAN Cases
SHARKOON VG5,,ATX Mid Tower,ATX,Black,,False,Acrylic,38.3,3,False,SHARKOON
Cooler Master MasterBox E500L,,ATX Mid Tower,ATX,Black / Blue,,False,Acrylic,,2,False,Cooler Master
HG Computers Osmi,,Mini ITX Tower,Mini ITX,Black,,False,Solid,,1,False,Desconocida
MagniumGear NEO,,ATX Mid Tower,ATX,Silver,,False,Tempered Glass,37.8,2,False,MagniumGear
MagniumGear NEO G MINI,,Mini ITX Tower,Mini ITX,Black,,False,Tempered Glass,,1,False,MagniumGear
MagniumGear NEO MINI,,Mini ITX Tower,Mini ITX,Silver,,False,Tempered Glass,,1,False,MagniumGear
GAMDIAS Talos P1,,ATX Mid Tower,ATX,Black,,False,Tempered Glass,,2,False,GAMDIAS
BitFenix Enso Mesh,,ATX Mid Tower,ATX,Black,,False,Tempered Glass,46.4,2,False,BitFenix
FSP Group CMT330,,ATX Mid Tower,ATX,Black / Blue,,False,Acrylic,,2,False,FSP
Azza Chroma 410,,ATX Mid Tower,ATX,Black,,False,Tempered Glass,,2,False,Azza
DIYPC Trio-GT-RGB,,ATX Mid Tower,ATX,Black,,False,Tempered Glass,,2,False,DIYPC
Cougar Puritas,,ATX Mid Tower,ATX,Black,,False,Tempered Glass,,2,False,Cougar
Cooler Master MasterBox K500 Phantom Gaming Edition,,ATX Mid Tower,ATX,Black,,False,Tempered Glass,46.9,2,False,Cooler Master
Thermaltake Commander C31 TG ARGB,,ATX Mid Tower,ATX,Black,,False,Tempered Glass,,3,False,Thermaltake
Cooler Master MasterCase H500P Mesh Phantom Gaming Edition,,ATX Mid Tower,ATX,Black / Red,,False,Acrylic,71.4,2,False,Cooler Master
Thermaltake Versa J24 ARGB,,ATX Mid Tower,ATX,Black,,False,Tempered Glass,,3,False,Thermaltake
Thermaltake Commander C31 TG Snow ARGB,,ATX Mid Tower,ATX,White / Black,,False,Tempered Glass,,3,False,Thermaltake
Cougar MX330-STE500,,ATX Mid Tower,ATX,Black,500.0,True,Acrylic,39.4,2,False,Cougar
GameMax ABYSS,,ATX Mid Tower,ATX,Black,,False,Tempered Glass,,3,False,GameMax
Raidmax Alpha,,ATX Mid Tower,ATX,Black,,False,Acrylic,44.2,2,False,Raidmax
Raidmax Alpha,,ATX Mid Tower,ATX,White,,False,Acrylic,44.2,2,False,Raidmax
Rosewill PRISM S LITE,,ATX Mid Tower,ATX,Black,,False,Tempered Glass,46.9,3,False,Rosewill
Deepcool Gamer Storm NEW ARK 90SE,,ATX Mid Tower,ATX,Black,,False,Tempered Glass,,3,False,DeepCool
Anidees AI Crystal Cube MAR 3,,ATX Mid Tower,ATX,Black,,False,Tinted Tempered Glass,50.5,3,False,Anidees
GameMax Crusader Mirage,,ATX Mid Tower,ATX,Black,,False,Tempered Glass,34.8,3,False,GameMax
GameMax Expedition,,MicroATX Mini Tower,Micro ATX,White,,False,Acrylic,29.4,2,False,GameMax
GameMax Explorer,,MicroATX Mini Tower,Micro ATX,Black,,False,Tinted Acrylic,33.7,2,False,GameMax
GameMax Gravity,,ATX Mid Tower,ATX,Black,,False,Tempered Glass,49.6,2,False,GameMax
GameMax Knight,,ATX Mid Tower,ATX,Black,,False,Tempered Glass,41.3,3,False,GameMax
GameMax Moonstone RGB,,ATX Mid Tower,ATX,Black,,False,Tempered Glass,66.9,1,False,GameMax
GameMax GMX-PRECISION,,ATX Full Tower,ATX,Black,,False,Tempered Glass,82.9,10,False,GameMax
GameMax Sapphire RGB,,ATX Mid Tower,ATX,Black,,False,Tempered Glass,52.3,2,False,GameMax
GameMax Solar,,ATX Mid Tower,ATX,Black,,False,Tempered Glass,40.1,1,False,GameMax
GameMax View,,ATX Mid Tower,ATX,Black,,False,Tempered Glass,50.7,2,False,GameMax
DIYPC DIY-D3-RGB,,ATX Mid Tower,ATX,Black,,False,Tempered Glass,46.1,2,False,DIYPC
Deepcool Gamer Storm Quadstellar Electro Limited Edition,,ATX Desktop,ATX,Silver / Orange,,False,Solid,,8,False,DeepCool
Rosewill Cullinan V-Silent,,ATX Mid Tower,ATX,Black,,False,Solid,51.8,2,False,Rosewill
NZXT H510 Horde,,ATX Mid Tower,ATX,Red,,False,Tempered Glass,41.3,2,False,NZXT
RAIJINTEK METIS EVO TGS,,Mini ITX Desktop,Mini ITX,Red,,False,Tempered Glass,22.3,2,False,RAIJINTEK
Rosewill FBM-X2,,MicroATX Mini Tower,Micro ATX,Black,400.0,True,Solid,25.3,1,False,Rosewill
Apevia CRUSADER-F-WH,,ATX Mid Tower,ATX,White,,False,Tempered Glass,,2,False,Apevia
KOLINK BIG CHUNGUS,,ATX Mid Tower,ATX,Black,,False,Tempered Glass,146.1,2,False,KOLINK
DIYPC Solo-T2-R Black USB 3.0,,ATX Mid Tower,ATX,Black / Red,,False,Solid,39.1,3,False,DIYPC
GameMax RockStar G515,,ATX Mid Tower,ATX,Black,,False,Acrylic,,2,False,GameMax
Golden Field MUT1,,ATX Mid Tower,ATX,Black,,False,Solid,47.5,2,False,Desconocida
DIYPC Vanguard-V6-RGB,,ATX Mid Tower,ATX,Black,,False,Tempered Glass,,3,False,DIYPC
Raidmax Monster II SE,,ATX Mid Tower,ATX,Black,,False,Tempered Glass,,2,False,Raidmax
SilentiumPC Regnum RG4,,ATX Mid Tower,ATX,White / Black,,False,Solid,46.1,3,False,SilentiumPC
DIYPC S2-RGB,,ATX Mid Tower,ATX,White / Black,,False,Tempered Glass,44.9,2,False,DIYPC
GAMDIAS APOLLO M1,,ATX Mid Tower,ATX,Black,,False,Tempered Glass,,2,False,GAMDIAS
Enermax MarbleShell MS30,,ATX Mid Tower,ATX,White / Black,,False,Tempered Glass,,2,False,Enermax
GameMax Shine G517,,ATX Mid Tower,ATX,Black,,False,Tempered Glass,,2,False,GameMax
Silverstone FARA R1,,ATX Mid Tower,ATX,Black,,False,Solid,,1,False,SilverStone
Azza Pyramid 804V,,ATX Mid Tower,ATX,Silver / Black,,False,Tempered Glass,,1,False,Azza
Aerocool Flo Saturn FRGB,,ATX Mid Tower,ATX,Black,,False,Tempered Glass,48.8,2,False,Aerocool
BitFenix Nova Mesh SE,,ATX Mid Tower,ATX,White,,False,Solid,36.1,2,False,BitFenix
darkFlash DLS 480,,ATX Mid Tower,ATX,Black,,False,Tempered Glass,53.7,2,False,darkFlash
Apevia Matrix,,ATX Mid Tower,ATX,Pink,,False,Tempered Glass,37.8,3,False,Apevia
Apevia Enzo,,ATX Mid Tower,ATX,Black,,False,Tempered Glass,35.7,3,False,Apevia
Apevia Enzo,,ATX Mid Tower,ATX,Pink,,False,Tempered Glass,35.7,3,False,Apevia
SilentiumPC Armis AR6,,ATX Mid Tower,ATX,Black,,False,Tempered Glass,46.0,2,False,SilentiumPC
SilentiumPC Armis AR6X EVO ARGB,,ATX Mid Tower,ATX,Black,,False,Tempered Glass,46.0,2,False,SilentiumPC
SilentiumPC Armis AR7 RGB,,ATX Mid Tower,ATX,Black,,False,Tempered Glass,63.9,3,False,SilentiumPC
DIYPC Vanguard-V8-RGB,,ATX Mid Tower,ATX,Black,,False,Tempered Glass,,3,False,DIYPC
Aerocool Trinity Mini V3,,MicroATX Mini Tower,Micro ATX,White,,False,Tempered Glass,28.1,2,False,Aerocool
BitFenix Prodigy M 2022 ARGB,,MicroATX Mini Tower,Micro ATX,White / Black,,False,Tempered Glass,,2,False,BitFenix
GAMDIAS ARGUS M3,,ATX Mid Tower,ATX,Black,,False,Tempered Glass,,2,False,GAMDIAS
GAMDIAS ATHENA E1,,ATX Mid Tower,ATX,Black,,False,Tempered Glass,,2,False,GAMDIAS
GAMDIAS TALOS M1 LITE,,ATX Mid Tower,ATX,Black,,False,Tempered Glass,,2,False,GAMDIAS
GAMDIAS TALOS M1A,,ATX Mid Tower,ATX,Black,,False,Tempered Glass,,2,False,GAMDIAS
GAMDIAS TALOS P1A,,ATX Mid Tower,ATX,Black,,False,Tempered Glass,,2,False,GAMDIAS
BitFenix BitFenix Neos Window BFC-NEO-100-WWWKB-RP White / Blue Steel / Plastic ATX Mid Tower Computer Case,,ATX Mid Tower,ATX,White / Blue,,False,Acrylic,37.0,3,False,BitFenix
"BitFenix BitFenix Neos Window Side Panel Computer Case, Black/Red, BFC-NEO-100-KKWSR-RP, ATX/Micro ATX/Mini-ITX Form Factor, Compatible with ATX PSU",,ATX Mid Tower,ATX,Black / Red,,False,Acrylic,37.0,3,False,BitFenix
SilentiumPC Ventum VT4V EVO TG ARGB,,ATX Mid Tower,ATX,White,,False,Tempered Glass,,2,False,SilentiumPC
Raidmax P805,,ATX Mid Tower,ATX,Black,,False,Tempered Glass,,2,False,Raidmax
Vetroo A03,,ATX Mid Tower,ATX,Black,,False,Tempered Glass,,2,False,Vetroo
Rosewill SPECTRA C101,,MicroATX Mini Tower,Micro ATX,Black,,False,Tempered Glass,37.0,2,False,Rosewill
Thermaltake Divider 550 TG Ultra,4099.59,ATX Mid Tower,ATX,Black,,False,Tempered Glass,56.8,2,True,Thermaltake
Azza Inferno 310DF,,ATX Mid Tower,ATX,Black,,False,Tempered Glass,46.7,2,False,Azza
CiT Master,,ATX Mid Tower,ATX,Black,,False,Tempered Glass,37.6,2,False,CiT
SSUPD Meshroom S,,ATX Mini Tower,ATX,Yellow,,False,Mesh,14.9,0,False,SSUPD
Rosewill SPECTRA C201,,ATX Mid Tower,ATX,Black,,False,Tempered Glass,37.6,2,False,Rosewill
Vetroo AL-MESH-7C,,ATX Mid Tower,ATX,White,,False,Tempered Glass,40.9,2,False,Vetroo
DIYPC ARGB-Q8-W,,MicroATX Mid Tower,Micro ATX,Silver / Black,,False,Tempered Glass,28.4,2,False,DIYPC
CiT Dark Star ARGB,,ATX Mid Tower,ATX,Black,,False,Acrylic,41.3,2,False,CiT
Jonsbo V8,,Mini ITX Desktop,Mini ITX,Black,,False,Mesh,25.3,2,False,Jonsbo
OCPC MICRO,,MicroATX Mid Tower,Micro ATX,White,,False,Solid,12.7,0,False,OCPC
MagniumGear NEO AIR (2023),,ATX Mid Tower,ATX,Black,,False,Tempered Glass,41.4,2,False,MagniumGear
Noua Diamond C9,,ATX Mid Tower,ATX,Red / Black,,False,Tempered Glass,41.0,2,False,Noua
Noua Iron V7,,ATX Mid Tower,ATX,Black,,False,Tempered Glass,51.5,2,False,Noua
Noua Iron V6,,ATX Mid Tower,ATX,Black,,False,Tempered Glass,53.9,2,False,Noua
Noua Noob X5,,ATX Mid Tower,ATX,Black,,False,Tempered Glass,35.8,2,False,Noua
Noua Smash S10,,ATX Mid Tower,ATX,White,,False,Tempered Glass,35.7,2,False,Noua
Noua Oryx M4,,ATX Mid Tower,ATX,Black,,False,Tempered Glass,35.5,2,False,Noua
Noua Orizon M3,,ATX Mid Tower,ATX,Black,,False,Tempered Glass,40.1,2,False,Noua
Deepcool CC560 FS,,ATX Mid Tower,ATX,Black,,False,Tempered Glass,41.7,2,False,DeepCool
Apevia Guardian-M,,ATX Mid Tower,ATX,Pink,,False,Tempered Glass,39.5,2,False,Apevia
Jonsbo Jonsplus i400,,ATX Mid Tower,ATX,Silver,,False,Solid,55.7,6,False,Jonsbo
Jonsbo Jonsplus i400,,ATX Mid Tower,ATX,Black,,False,Tempered Glass,55.7,6,False,Jonsbo
GALAX REV-01,,ATX Mid Tower,ATX,White,,False,Tempered Glass,41.9,2,False,GALAX
GALAX REV-03,,MicroATX Mini Tower,Micro ATX,White,,False,Mesh,21.9,1,False,GALAX
SHARKOON Rebel C60 RGB,,ATX Mid Tower,ATX,Black,,False,Tempered Glass,52.0,3,False,SHARKOON
Mars Gaming MCM,,MicroATX Mini Tower,Micro ATX,White,,False,Tempered Glass,20.5,2,False,Mars Gaming
Enermax MarbleShell MS21 RGB,,MicroATX Mid Tower,Micro ATX,Black,,False,Tempered Glass,33.8,2,False,Enermax
KOLINK INSPIRE K20,,ATX Mid Tower,ATX,Black,,False,Tempered Glass,30.6,2,False,KOLINK
KOLINK Inspire X3,,ATX Mid Tower,ATX,Black,,False,Tempered Glass,30.1,2,False,KOLINK
DIYPC DIY-A5,,MicroATX Mini Tower,Micro ATX,Black,,False,Tempered Glass,28.4,2,False,DIYPC
DIYPC IDX7-ARGB,,ATX Mid Tower,ATX,Black,,False,Tempered Glass,49.8,4,False,DIYPC
Rosewill SRM-01B,,MicroATX Mini Tower,Micro ATX,Black,450.0,True,Solid,,2,False,Rosewill
Jonsbo Jonsplus Z20,,MicroATX Desktop,Micro ATX,Pink / Black,,False,Tempered Glass,25.3,1,False,Jonsbo
YEYIAN Blade 2101,,ATX Mid Tower,ATX,Black,,False,Tempered Glass,35.8,2,False,YEYIAN
YEYIAN Stahl 900,,ATX Mid Tower,ATX,Black,,False,Solid,27.6,2,False,YEYIAN
YEYIAN Shadow 2200,,ATX Mid Tower,ATX,Black,,False,Tempered Glass,44.9,2,False,YEYIAN
Cooler Master MasterBox 520 Mesh Blackout Edition,,ATX Mid Tower,ATX,Black,,False,Tempered Glass,50.4,2,False,Cooler Master
Thermaltake V100,,ATX Mid Tower,ATX,Black,450.0,True,Acrylic,36.6,2,False,Thermaltake
CherryTree Borg Cube w/Lights,,ATX Desktop,ATX,Black,,False,Tempered Glass,55.3,0,False,Desconocida
SSUPD Meshroom S V2,,MicroATX Mini Tower,Micro ATX,Gray,,False,Mesh,14.9,2,False,SSUPD
Aerocool GT,,ATX Mid Tower,ATX,Black,,False,Mesh,34.4,3,False,Aerocool
SHARKOON Skiller SGC1,,ATX Mid Tower,ATX,Black,,False,Solid,47.5,2,False,SHARKOON
Aerocool Hexform,,MicroATX Mid Tower,Micro ATX,Black,,False,Tempered Glass,28.0,2,False,Aerocool
Cooler Master CMP 500,,ATX Mid Tower,ATX,Black,,False,Acrylic,46.5,2,False,Cooler Master
Cooler Master Elite 600,,ATX Mid Tower,ATX,Black,,False,Tempered Glass,52.0,2,False,Cooler Master
Cougar OmnyX,,ATX Mid Tower,ATX,Black,,False,Tempered Glass,73.3,2,False,Cougar
RAIJINTEK Thetis,,ATX Mid Tower,ATX,Silver,,False,Acrylic,27.7,2,False,RAIJINTEK
NZXT Source 210,,ATX Mid Tower,ATX,Black,,False,Solid,42.4,8,False,NZXT
Thermaltake Divider 200 TG Snow,,MicroATX Mini Tower,Micro ATX,Black,,False,Tempered Glass,51.6,3,False,Thermaltake
Thermaltake Divider 300 ARGB Snow Triangular,,ATX Mid Tower,ATX,White,,False,Tempered Glass,48.2,2,False,Thermaltake
Silverstone FARA R1 Rainbow,,ATX Mid Tower,ATX,Black,,False,Tempered Glass,,1,False,SilverStone
Thermaltake Divider 500 TG ARGB Snow,3499.2,ATX Mid Tower,ATX,White,,False,Tempered Glass,56.8,2,True,Thermaltake
CiT S003B,,MicroATX Desktop,Micro ATX,Black / Silver,300.0,True,Solid,12.1,2,False,CiT
Chieftec Chieftronic M2,,MicroATX Mid Tower,Micro ATX,,,False,Tempered Glass,37.5,2,False,Chieftec
Azza CUBE MINI 805,,Mini ITX Tower,Mini ITX,Silver / Black,,False,Tempered Glass,17.6,0,False,Azza
SHARKOON Rebel C60 RGB,,ATX Mid Tower,ATX,White,,False,Tempered Glass,52.0,3,False,SHARKOON
SHARKOON Rebel C80G RGB,,ATX Mid Tower,ATX,Black,,False,Tempered Glass,55.7,3,False,SHARKOON
Silverstone SG03B-F,,MicroATX Mini Tower,Micro ATX,Black,,False,Solid,22.2,0,False,SilverStone
BitFenix Aegis,,MicroATX Mid Tower,Micro ATX,Red,,False,Acrylic,46.2,4,False,BitFenix
Cooler Master MasterBox E500L,,ATX Mid Tower,ATX,Black / Silver,,False,Solid,,2,False,Cooler Master
Jonsbo TR03-A,,ATX Mid Tower,ATX,Black,,False,Tempered Glass,95.3,3,False,Jonsbo
Jonsbo TR03-G,,ATX Mid Tower,ATX,Silver,,False,Tempered Glass,95.3,3,False,Jonsbo
GAMDIAS ARGUS M2,,ATX Mid Tower,ATX,Black,,False,Tempered Glass,,2,False,GAMDIAS
In Win Explorer,,Mini ITX Desktop,Mini ITX,Yellow / Red,,False,Tempered Glass,34.3,1,False,In Win
In Win A5,,ATX Mid Tower,ATX,White,,False,Tempered Glass,34.9,2,False,In Win
Chieftec BT-06B-250VS (230v),,Mini ITX Tower,Mini ITX,,250.0,True,Solid,10.5,1,False,Chieftec
Jonsbo UMX6,,ATX Full Tower,ATX,Black,,False,Solid,54.1,2,False,Jonsbo
Chieftec SCORPION 3,,ATX Mid Tower,ATX,White / Black,,False,Tempered Glass,43.3,2,False,Chieftec
GameMax Vega,,ATX Mid Tower,ATX,White / Black,,False,Tempered Glass,53.2,3,False,GameMax
RAIJINTEK PAN Slim,,Mini ITX Desktop,Mini ITX,Silver,,False,Solid,38.7,2,False,RAIJINTEK
YEYIAN Phoenix,,ATX Mid Tower,ATX,Black,,False,Mesh,47.3,2,False,YEYIAN
Antec NSK1380,,MicroATX Mini Tower,Micro ATX,Silver / Black,350.0,True,Solid,18.0,3,False,Antec
Antec NSK4482B,,ATX Mid Tower,ATX,Black,380.0,True,Solid,34.9,3,False,Antec
Antec Two Hundred V2,,ATX Mid Tower,ATX,Black,,False,Solid,42.1,0,False,Antec
Cooler Master Elite 310,,ATX Mid Tower,ATX,Black / Red,,False,Acrylic,39.1,6,False,Cooler Master
Cooler Master Elite 330,,ATX Mid Tower,ATX,Black / Silver,350.0,True,Solid,38.2,5,False,Cooler Master
Cooler Master Gladiator 600,,ATX Mid Tower,ATX,Black / Gray,,False,Solid,41.8,5,False,Cooler Master
Cooler Master Storm Sniper,,ATX Mid Tower,ATX,Black,,False,Acrylic,79.2,5,False,Cooler Master
Gigabyte GZ-KXA,,ATX Mid Tower,ATX,Black,,False,Solid,32.8,5,False,Gigabyte
Thermaltake LANBOX Lite,,MicroATX Mini Tower,Micro ATX,Black,,False,Acrylic,29.6,2,False,Thermaltake
Thermaltake Armor+ MX,,ATX Mid Tower,ATX,Black,,False,Acrylic,62.8,4,False,Thermaltake
Thermaltake Element G,,ATX Mid Tower,ATX,Black,,False,Solid,57.5,7,False,Thermaltake
Thermaltake Element Q,,Mini ITX Desktop,Mini ITX,Black,200.0,True,Solid,9.4,1,False,Thermaltake
Thermaltake ARMOR A90,,ATX Mid Tower,ATX,Black,,False,Acrylic,54.3,6,False,Thermaltake
Thermaltake ARMOR A60,,ATX Mid Tower,ATX,Black,,False,Acrylic,50.4,5,False,Thermaltake
Thermaltake ARMOR A60 AMD Edition,,ATX Mid Tower,ATX,Black / Red,,False,Acrylic,50.4,5,False,Thermaltake
Rosewill Cruiser,,ATX Mid Tower,ATX,Black,,False,Acrylic,47.7,4,False,Rosewill
Rosewill R101-P,,MicroATX Mid Tower,Micro ATX,Black,,False,Solid,25.3,4,False,Rosewill
Rosewill R363-M,,MicroATX Mid Tower,Micro ATX,Black,400.0,True,Solid,25.8,2,False,Rosewill
NZXT Lexa S,,ATX Mid Tower,ATX,Black,,False,Acrylic,49.6,7,False,NZXT
HEC 63RABB,,ATX Mid Tower,ATX,Black,,False,Solid,35.2,4,False,HEC
Antec Solo,,ATX Mid Tower,ATX,Black / White,,False,Solid,41.4,4,False,Antec
Cooler Master Elite 334 nVidia,,ATX Mid Tower,ATX,Black,,False,Acrylic,38.2,6,False,Cooler Master
Thermaltake Armor A30,,ATX Mini Tower,ATX,Black,,False,Acrylic,35.5,2,False,Thermaltake
Lian Li PC-Q06,,Mini ITX Test Bench,Mini ITX,Red,,False,Solid,10.7,1,False,Lian Li
Lian Li PC-Q09F,,Mini ITX Desktop,Mini ITX,Silver,150.0,True,Solid,6.3,0,False,Lian Li
Lian Li PC-Q09F,,Mini ITX Desktop,Mini ITX,Black,150.0,True,Solid,6.3,0,False,Lian Li
Lian Li PC-Q09F,,Mini ITX Desktop,Mini ITX,Red,150.0,True,Solid,6.3,0,False,Lian Li
Lian Li PC-Q09,,Mini ITX Desktop,Mini ITX,Red,80.0,True,Solid,5.5,0,False,Lian Li
Lian Li PC-Q09,,Mini ITX Desktop,Mini ITX,White,110.0,True,Solid,5.5,0,False,Lian Li
Lian Li PC-Q11,,Mini ITX Tower,Mini ITX,Red,,False,Solid,16.8,2,False,Lian Li
Lian Li PC-60FNWX,,ATX Mid Tower,ATX,Black,,False,Acrylic,48.0,4,False,Lian Li
Lian Li PC-7FNWX,,ATX Mid Tower,ATX,Black,,False,Acrylic,47.9,4,False,Lian Li
Lian Li PC-A06FB,,ATX Mid Tower,ATX,Black,,False,Solid,34.0,3,False,Lian Li
Lian Li PC-B70,,ATX Full Tower,ATX,Black,,False,Solid,76.9,10,False,Lian Li
Lian Li PC-C39,,HTPC,Mini ITX,Black,,False,Solid,16.6,2,False,Lian Li
Lian Li PC-C37B,,HTPC,Mini ITX,Black,,False,Solid,15.3,2,False,Lian Li
Lian Li PC-T1,,Mini ITX Test Bench,Mini ITX,Black,,False,Solid,21.1,1,False,Lian Li
Lian Li PC-T7,,Mini ITX Test Bench,Mini ITX,Black,,False,Solid,18.6,1,False,Lian Li
Lian Li PC-V1200Bplus II,,ATX Mid Tower,ATX,Black,,False,Solid,64.2,6,False,Lian Li
Lian Li PC-V2120,,ATX Full Tower,ATX,Black,,False,Solid,93.5,10,False,Lian Li
Lian Li PC-V352,,MicroATX Desktop,Micro ATX,Black,,False,Solid,30.4,3,False,Lian Li
Aerocool AeroRacer Pro-Red,,ATX Mid Tower,ATX,Black / Red,,False,Solid,34.8,4,False,Aerocool
Aerocool Vx-e,,ATX Mid Tower,ATX,Black,,False,Solid,47.7,0,False,Aerocool
Apevia X-Gear,,ATX Mid Tower,ATX,Green / Blue,420.0,True,Acrylic,40.1,4,False,Apevia
Apevia X-Cruiser2,,ATX Mid Tower,ATX,Blue / Silver,,False,Acrylic,40.1,5,False,Apevia
Apevia X-Jupiter G-Type,,ATX Full Tower,ATX,Black,,False,Solid,66.3,6,False,Apevia
Apevia X-Plorer2,,ATX Mid Tower,ATX,Black / Silver,,False,Acrylic,39.2,5,False,Apevia
Apevia X-QBOII,,MicroATX Mini Tower,Micro ATX,Black,500.0,True,Acrylic,28.4,2,False,Apevia
Apevia X-QPack,,MicroATX Desktop,Micro ATX,Black / Silver,420.0,True,Solid,22.7,2,False,Apevia
Apevia X-QPack,,MicroATX Desktop,Micro ATX,Black,420.0,True,Solid,22.7,2,False,Apevia
Apevia X-QPack2,,MicroATX Desktop,Micro ATX,Black / Silver,500.0,True,Solid,24.2,2,False,Apevia
Apevia X-QPack2,,MicroATX Desktop,Micro ATX,Black / Pink,500.0,True,Acrylic,24.2,2,False,Apevia
Apevia X-Telstar-Jr G-Type,,ATX Mid Tower,ATX,Silver,,False,Acrylic,42.3,3,False,Apevia
Apevia X-Telstar-Jr S-Type,,ATX Mid Tower,ATX,Silver,,False,Solid,42.3,3,False,Apevia
Apevia X-Telstar-Jr S-Type,,ATX Mid Tower,ATX,Black / Red,,False,Solid,42.3,3,False,Apevia
Antec P183 V3,,ATX Mid Tower,ATX,Black,,False,Solid,53.8,6,False,Antec
NZXT M59 - 001BK,,ATX Mid Tower,ATX,Black,,False,Acrylic,43.1,7,False,NZXT
HEC 6T18BBHP485D,,MicroATX Mini Tower,Micro ATX,Black,485.0,True,Solid,21.6,1,False,HEC
NZXT Apollo,,ATX Mid Tower,ATX,Black,,False,Acrylic,61.8,4,False,NZXT
NZXT Beta Evo,,ATX Mid Tower,ATX,Black,,False,Solid,48.9,5,False,NZXT
NZXT Lexa Blackline,,ATX Mid Tower,ATX,Black,,False,Acrylic,65.4,5,False,NZXT
Apex DM-318,,HTPC,Mini ITX,Black,275.0,True,Solid,12.8,1,False,Apex
Apex TM-302-3,,MicroATX Mid Tower,Micro ATX,Black / Silver,300.0,True,Solid,25.7,1,False,Apex
Apex TX-373,,MicroATX Mid Tower,Micro ATX,Black,300.0,True,Solid,26.7,4,False,Apex
Apex TX-519-35,,MicroATX Mid Tower,Micro ATX,Black,350.0,True,Solid,26.7,4,False,Apex
Apex Vortex 3620mini,,MicroATX Mid Tower,Micro ATX,Black,,False,Solid,25.0,2,False,Apex
Athena Power CA-1015CR40,,MicroATX Slim,Micro ATX,Black / Red,400.0,True,Solid,18.1,1,False,Athena Power
Athena Power CA-1015IS30,,MicroATX Slim,Micro ATX,Black / Silver,300.0,True,Solid,18.1,1,False,Athena Power
Athena Power CA-1015IS47,,MicroATX Slim,Micro ATX,Black / Silver,470.0,True,Solid,18.1,1,False,Athena Power
Athena Power CA-601B95,,ATX Full Tower,ATX,Black,950.0,True,Solid,50.6,4,False,Athena Power
Athena Power CA-601YW80,,ATX Full Tower,ATX,Yellow,800.0,True,Acrylic,50.6,4,False,Athena Power
Athenatech A1089BB.150,,Mini ITX Tower,Mini ITX,Black,150.0,True,Solid,9.9,1,False,Athenatech
Athenatech A1089BW.150,,Mini ITX Tower,Mini ITX,Black / White,150.0,True,Solid,9.9,1,False,Athenatech
Enermax ECA2020,,MicroATX Mid Tower,Micro ATX,Black,350.0,True,Solid,29.3,4,False,Enermax
Enermax ECA3170,,ATX Mid Tower,ATX,Black,,False,Solid,33.9,6,False,Enermax
Foxconn TLA+566(H+A)+ISO-400-4SS,,ATX Mid Tower,ATX,Black / Silver,300.0,True,Solid,33.2,4,False,Foxconn
Foxconn TLM-566(H+A)+ISO-400-4SS,,MicroATX Mid Tower,Micro ATX,Black / Silver,300.0,True,Solid,25.7,4,False,Foxconn
Foxconn TW-689 (H+A)+ISO-450,,MicroATX Mini Tower,Micro ATX,Black / Silver,350.0,True,Solid,25.1,2,False,Foxconn
Gigabyte GZ-AA2CB-SNS,,ATX Mid Tower,ATX,White / Black,,False,Solid,44.1,3,False,Gigabyte
Gigabyte Setto 1020,,ATX Mid Tower,ATX,Black,,False,Solid,36.1,6,False,Gigabyte
Gigabyte Sumo 5115,,ATX Full Tower,ATX,Black,,False,Solid,60.5,5,False,Gigabyte
Gigabyte GZ-P5HA3W,,ATX Mid Tower,ATX,Black,,False,Solid,26.5,5,False,Gigabyte
Gigabyte GZ-X6BPD-500,,ATX Mid Tower,ATX,Black,,False,Solid,36.1,3,False,Gigabyte
In Win BK644.BN300TBL,,MicroATX Mini Tower,Micro ATX,Black,300.0,True,Solid,12.3,1,False,In Win
In Win C583T.CQ350TBL,,ATX Mid Tower,ATX,Black / Silver,350.0,True,Solid,35.0,3,False,In Win
In Win EM033.T350BL,,ATX Mini Tower,ATX,Black,,False,Solid,25.3,2,False,In Win
In Win IW-Z589T.CQ350TBL,,MicroATX Mini Tower,Micro ATX,Black,350.0,True,Solid,24.2,1,False,In Win
In Win IW-Z638T.CQ350TBL,,MicroATX Mini Tower,Micro ATX,Black,350.0,True,Solid,24.2,1,False,In Win
Raidmax Tornado,,ATX Mid Tower,ATX,Black / Red,,False,Acrylic,42.1,5,False,Raidmax
Raidmax Tornado,,ATX Mid Tower,ATX,Black / Red,450.0,True,Acrylic,42.1,5,False,Raidmax
Raidmax Smilodon ATX-612WB,,ATX Mid Tower,ATX,Black / White,,False,Acrylic,47.5,4,False,Raidmax
Raidmax Aztec,,ATX Mid Tower,ATX,Black / Yellow,,False,Acrylic,47.5,4,False,Raidmax
Raidmax Quantum ATX-798WB,,ATX Mid Tower,ATX,Black,,False,Acrylic,58.6,6,False,Raidmax
Raidmax Sagitta ATX-928WB,,ATX Mid Tower,ATX,Black,,False,Acrylic,44.6,3,False,Raidmax
Raidmax Skyline ATX-948WB,,ATX Mid Tower,ATX,Black / Silver,,False,Acrylic,47.1,4,False,Raidmax
Silverstone KL02-B,,ATX Mid Tower,ATX,Black,,False,Solid,41.7,4,False,SilverStone
Silverstone KL03-B,,ATX Full Tower,ATX,Silver,,False,Solid,68.2,4,False,SilverStone
Silverstone SG05-B,,Mini ITX Desktop,Mini ITX,Black,300.0,True,Solid,10.7,1,False,SilverStone
Silverstone SG06-B,,Mini ITX Desktop,Mini ITX,Black,300.0,True,Solid,11.1,1,False,SilverStone
Sunbeam ACUF-HUVB,,ATX Mid Tower,ATX,Clear,,False,Solid,33.3,2,False,Sunbeam
XClio WTBK ADVANCED,,ATX Full Tower,ATX,Black,,False,Solid,75.7,6,False,XClio
Xigmatek Asgard II,,ATX Mid Tower,ATX,Black / Silver,,False,Solid,35.5,5,False,Xigmatek
Xion AXP600-001BK,,ATX Mid Tower,ATX,Black,,False,Solid,40.0,4,False,Xion
Athenatech A100SC.270,,HTPC,Mini ITX,Gray / Silver,270.0,True,Solid,18.5,2,False,Athenatech
Foxconn DH-153C(H+A)+MT-300-4SS,,HTPC,Mini ITX,Black,300.0,True,Solid,13.0,1,False,Foxconn
Silverstone LC20-B,,HTPC,Mini ITX,Black,,False,Solid,31.3,6,False,SilverStone
Zalman HD160,,HTPC,Mini ITX,Silver / Black,,False,Solid,29.4,4,False,Zalman
Lian Li PC-K63,,ATX Mid Tower,ATX,Black,,False,Acrylic,60.1,6,False,Lian Li
In Win BK644,,MicroATX Mini Tower,Micro ATX,Black,300.0,True,Solid,12.3,1,False,In Win
Broadway Com Corp 937PK,,MicroATX Mid Tower,Micro ATX,Black / Gray,420.0,True,Solid,25.5,4,False,Broadway Com
NZXT Zero 2,,ATX Full Tower,ATX,Black,,False,Solid,59.7,6,False,NZXT
Cooler Master HAF 922,,ATX Mid Tower,ATX,Black,,False,Acrylic,71.5,5,False,Cooler Master
Dynapower EN-4102,,MicroATX Mid Tower,Micro ATX,Silver / Black,,False,Solid,38.8,4,False,Desconocida
Gigabyte Triton 180,,ATX Mid Tower,ATX,Black,,False,Solid,41.9,3,False,Gigabyte
In Win BP671.200BL,,Mini ITX Tower,Mini ITX,Black,200.0,True,Solid,8.1,1,False,In Win
In Win IW-Z589T.D400TBL,,MicroATX Mini Tower,Micro ATX,Black,400.0,True,Solid,,1,False,In Win
Lian Li PC-K59,,ATX Mid Tower,ATX,Black,,False,Acrylic,60.1,6,False,Lian Li
Raidmax Atlas,,ATX Mid Tower,ATX,Black,500.0,True,Acrylic,44.7,4,False,Raidmax
Raidmax ATX-298WBP,,ATX Mid Tower,ATX,Black,500.0,True,Acrylic,42.9,4,False,Raidmax
Raidmax Typhoon,,ATX Mid Tower,ATX,Black,450.0,True,Acrylic,36.2,5,False,Raidmax
Raidmax Aztec,,ATX Mid Tower,ATX,Black / Silver,,False,Acrylic,47.5,4,False,Raidmax
Rosewill Future,,ATX Mid Tower,ATX,Black,,False,Solid,39.7,6,False,Rosewill
Apevia X-Trooper,,ATX Mid Tower,ATX,Black,,False,Acrylic,44.8,6,False,Apevia
Logisys Area 51,,ATX Mid Tower,ATX,Black,480.0,True,Acrylic,65.3,5,False,Logisys
Lian Li PC-A05FNB,,ATX Mid Tower,ATX,Black,,False,Solid,40.4,3,False,Lian Li
Lian Li PC-A70F USB3.0,,ATX Mid Tower,ATX,Black,,False,Solid,76.3,10,False,Lian Li
Lian Li PC-U6B,,MicroATX Mid Tower,Micro ATX,Black,,False,Solid,44.6,3,False,Lian Li
Lian Li PC-X900,,ATX Mid Tower,ATX,Black,,False,Acrylic,53.3,7,False,Lian Li
Logisys CS206BK,,ATX Mid Tower,ATX,Black,480.0,True,Solid,28.8,5,False,Logisys
Logisys CS308BK,,ATX Mid Tower,ATX,Black / Silver,480.0,True,Acrylic,31.8,5,False,Logisys
Logisys CS308RD,,ATX Mid Tower,ATX,Black / Red,480.0,True,Acrylic,31.8,5,False,Logisys
Raidmax Tornado,,ATX Mid Tower,ATX,Black,450.0,True,Solid,42.1,5,False,Raidmax
Silverstone TJ11B-W,,ATX Full Tower,ATX,Black,,False,Acrylic,94.5,6,False,SilverStone
nMEDIAPC HTPC 1080P,,HTPC,Mini ITX,Black,,False,Solid,17.7,3,False,nMEDIAPC
nMEDIAPC HTPC 2000B,,HTPC,Mini ITX,Black,,False,Solid,29.9,6,False,nMEDIAPC
Linkworld 313-06-C2228,,ATX Mid Tower,ATX,Black / Silver,,False,Solid,35.2,5,False,Linkworld
Sentey BX1-4243 v2.1,,ATX Mid Tower,ATX,Black,,False,Solid,40.2,4,False,Sentey
Sentey CS2-1332,,ATX Mid Tower,ATX,Black,,False,Solid,25.9,2,False,Sentey
Linkworld 43716-128FU+P04,,MicroATX Mini Tower,Micro ATX,Black / Silver,430.0,True,Solid,23.2,1,False,Linkworld
Sentey CS2-1331,,ATX Mid Tower,ATX,Black,,False,Solid,25.9,2,False,Sentey
Diablotek LEGEND,,ATX Mid Tower,ATX,Black,,False,Solid,,2,False,Diablotek
Sigma ORCA-B,,ATX Mid Tower,ATX,Black / Silver,,False,Solid,38.9,4,False,Sigma
Sentey PS1-3213,,ATX Mid Tower,ATX,Black,,False,Solid,29.8,2,False,Sentey
Sigma UNICORN-ST,,ATX Mid Tower,ATX,Black / Gray,,False,Solid,47.7,4,False,Sigma
Sentey BX1-4234 v2.1,,ATX Mid Tower,ATX,Black,,False,Solid,40.2,4,False,Sentey
Sigma Venom-WB,,ATX Mid Tower,ATX,Black,,False,Acrylic,42.2,5,False,Sigma
Sentey Arvina Extreme Division,,ATX Full Tower,ATX,Black,,False,Solid,60.7,5,False,Sentey
Cougar Evolution,,ATX Mid Tower,ATX,Black,,False,Acrylic,59.8,4,False,Cougar
Azza Toledo 301,,ATX Mid Tower,ATX,Black,,False,Solid,57.1,4,False,Azza
Rosewill Challenger-U3,,ATX Mid Tower,ATX,Black,,False,Solid,38.4,5,False,Rosewill
Azza Solano 1000,,ATX Full Tower,ATX,Black,,False,Acrylic,56.0,8,False,Azza
Sentey BX1-4284 v2.1,,ATX Mid Tower,ATX,Black,,False,Solid,40.2,4,False,Sentey
BitFenix Merc Alpha,,ATX Mid Tower,ATX,Black,,False,Solid,40.5,6,False,BitFenix
BitFenix Shinobi Window,,ATX Mid Tower,ATX,Black,,False,Acrylic,46.2,7,False,BitFenix
Fractal Design Define R3,,ATX Mid Tower,ATX,Black / Gray,,False,Solid,47.5,8,False,Fractal Design
Cooler Master Silencio 450,,ATX Mid Tower,ATX,Black,,False,Solid,43.0,5,False,Cooler Master
Lian Li PC-90,,ATX Full Tower,ATX,Black,,False,Solid,57.5,7,False,Lian Li
Lian Li PC-TU200,,Mini ITX Tower,Mini ITX,Silver,,False,Solid,21.6,4,False,Lian Li
NZXT Apollo,,ATX Mid Tower,ATX,Orange / Black,,False,Acrylic,61.8,4,False,NZXT
NZXT Apollo,,ATX Mid Tower,ATX,Silver / Black,,False,Acrylic,61.8,4,False,NZXT
Apevia X-Jupiter G-Type,,ATX Full Tower,ATX,Blue,,False,Solid,66.3,6,False,Apevia
Apevia X-Jupiter G-Type,,ATX Full Tower,ATX,Gray,,False,Solid,66.3,6,False,Apevia
Apevia X-Dreamer2,,ATX Mid Tower,ATX,Silver,420.0,True,Acrylic,40.0,5,False,Apevia
Diablotek FLY,,ATX Mid Tower,ATX,Gray / Black,,False,Solid,37.1,3,False,Diablotek
Cougar 6XR9,,ATX Mid Tower,ATX,Black / White,,False,Solid,51.4,4,False,Cougar
Linkworld CA-IP-W-WOP,,ATX Mid Tower,ATX,Silver,,False,Solid,,3,False,Linkworld
Xion XON-570,,ATX Mid Tower,ATX,Black,,False,Solid,31.7,5,False,Xion
Silverstone Fortress Series FT02S,,ATX Full Tower,ATX,Silver,,False,Solid,64.8,5,False,SilverStone
Azza Helios 910,,ATX Mid Tower,ATX,Black,,False,Solid,47.0,4,False,Azza
Azza Hurrican 2000,,ATX Full Tower,ATX,Black,,False,Acrylic,82.0,6,False,Azza
In Win PE663T2.D450TBL,,ATX Mid Tower,ATX,Black,450.0,True,Solid,39.4,5,False,In Win
Sentey GS-6500,,ATX Full Tower,ATX,Black,,False,Solid,61.0,5,False,Sentey
Sentey BX1-4237 V2.2,,ATX Mid Tower,ATX,Black,,False,Solid,40.2,4,False,Sentey
Thermaltake VN10006W2N-B,,ATX Full Tower,ATX,White / Black,,False,Acrylic,96.7,5,False,Thermaltake
Sigma ATLANTIS,,ATX Mid Tower,ATX,Black,,False,Solid,74.1,4,False,Sigma
Sigma ATLANTIS,,ATX Mid Tower,ATX,Silver,,False,Solid,74.1,4,False,Sigma
Rosewill RANGER,,ATX Mid Tower,ATX,Black,,False,Acrylic,44.6,4,False,Rosewill
Sentey GS-6500R,,ATX Full Tower,ATX,Black / Red,,False,Solid,61.0,5,False,Sentey
Raidmax ATX-298WR,,ATX Mid Tower,ATX,Black / Red,,False,Acrylic,42.9,4,False,Raidmax
Azza Fusion 4000,,ATX Full Tower,ATX,Black,,False,Solid,122.9,8,False,Azza
In Win MANA134,,ATX Mid Tower,ATX,Black,,False,Solid,39.9,6,False,In Win
Cooler Master Elite 311,,ATX Mid Tower,ATX,Black / Silver,,False,Acrylic,40.8,5,False,Cooler Master
Cooler Master Elite 311,,ATX Mid Tower,ATX,Black / Orange,,False,Acrylic,40.8,5,False,Cooler Master
Antec One Hundred USM,,ATX Mid Tower,ATX,Black,,False,Solid,45.3,6,False,Antec
In Win MANA136,,ATX Mid Tower,ATX,Black,,False,Solid,40.5,6,False,In Win
In Win BUC 101,,ATX Mid Tower,ATX,Black,,False,Solid,50.3,5,False,In Win
Enermax Fulmo GT,,ATX Full Tower,ATX,Black,,False,Solid,101.4,10,False,Enermax
Logisys CS2008XBK,,ATX Mid Tower,ATX,Black,,False,Solid,38.6,5,False,Logisys
Logisys CS1202BK,,ATX Mid Tower,ATX,Black,,False,Solid,38.6,5,False,Logisys
nMEDIAPC HTPC 7000B,,HTPC,Mini ITX,Black,,False,Solid,18.3,3,False,nMEDIAPC
In Win MANA137,,ATX Mid Tower,ATX,Black,,False,Solid,40.3,6,False,In Win
Lian Li PC-Q09FN,,HTPC,Mini ITX,Black,300.0,True,Solid,7.5,1,False,Lian Li
Lian Li PC-Q18,,HTPC,Mini ITX,Black,,False,Solid,20.9,6,False,Lian Li
BitFenix Shinobi Window XL,,ATX Full Tower,ATX,Black,,False,Acrylic,77.6,7,False,BitFenix
DIYPC Alpha-GT3,,ATX Test Bench,ATX,Black,,False,Solid,35.6,0,False,DIYPC
Thermaltake Armor Revo Snow Edition,,ATX Full Tower,ATX,White / Black,,False,Acrylic,82.0,6,False,Thermaltake
Silverstone KL04B,,ATX Mid Tower,ATX,Black,,False,Solid,52.1,9,False,SilverStone
Silverstone TJ07B-W-USB3.0,,ATX Full Tower,ATX,Black,,False,Acrylic,69.2,6,False,SilverStone
Raidmax Sting Ray ATX-249B,,ATX Mid Tower,ATX,Black,,False,Solid,43.4,3,False,Raidmax
Rosewill RPS-01,,ATX Mid Tower,ATX,Black / Silver,,False,Acrylic,45.7,6,False,Rosewill
Azza Armour 203,,ATX Mid Tower,ATX,Black,,False,Acrylic,43.5,6,False,Azza
Gigabyte GZ-M3BPD-700,,MicroATX Mid Tower,Micro ATX,Black,,False,Solid,25.3,2,False,Gigabyte
Cougar Challenger,,ATX Mid Tower,ATX,Black,,False,Acrylic,71.6,7,False,Cougar
Silverstone PS07B,,MicroATX Mini Tower,Micro ATX,White,,False,Solid,31.4,5,False,SilverStone
Silverstone RV02B-EW-USB3.0,,ATX Full Tower,ATX,Black,,False,Acrylic,69.6,5,False,SilverStone
MSI Stealth,,ATX Mid Tower,ATX,Black,,False,Solid,40.3,4,False,MSI
Zalman GS1000-T,,ATX Full Tower,ATX,Black / Silver,,False,Solid,94.7,6,False,Zalman
Cougar Volant,,ATX Mid Tower,ATX,Black,,False,Solid,40.6,6,False,Cougar
In Win C583T.CQ450TBL,,ATX Mid Tower,ATX,Black / Silver,450.0,True,Solid,35.0,3,False,In Win
Silverstone FT02B-USB3.0,,ATX Mid Tower,ATX,Black,,False,Solid,64.8,5,False,SilverStone
Silverstone LC13B-E-USB3.0,,HTPC,Mini ITX,Black,,False,Solid,32.3,4,False,SilverStone
Silverstone SG06B-USB3.0,,Mini ITX Desktop,Mini ITX,Black,300.0,True,Solid,11.1,1,False,SilverStone
Sentey GS-6050 II Halcon,,ATX Mid Tower,ATX,Black,,False,Acrylic,42.5,4,False,Sentey
Silverstone RL01B-USB 3.0,,ATX Mid Tower,ATX,Gray / Black,,False,Acrylic,40.9,5,False,SilverStone
Silverstone SG06BB-450-USB3.0,,Mini ITX Desktop,Mini ITX,Black,450.0,True,Solid,11.1,1,False,SilverStone
Sentey GS-6000 II Optimus,,ATX Mid Tower,ATX,Black,,False,Acrylic,42.5,4,False,Sentey
Sentey CS3-3340 TAC2.0,,ATX Mid Tower,ATX,Black,,False,Solid,36.9,5,False,Sentey
Xion XON-980,,ATX Mid Tower,ATX,Black,,False,Solid,60.4,7,False,Xion
Topower TP-6208BB-450,,ATX Mid Tower,ATX,Black / Silver,450.0,True,Solid,33.4,6,False,Topower
Silverstone FT03-MINI,,Mini ITX Tower,Mini ITX,Silver,,False,Solid,17.5,1,False,SilverStone
Lian Li PC-V355,,MicroATX Mini Tower,Micro ATX,Silver,,False,Solid,28.5,3,False,Lian Li
Lian Li PC-V355,,MicroATX Mini Tower,Micro ATX,Black,,False,Solid,28.5,3,False,Lian Li
Xion XON-910PCB,,MicroATX Mid Tower,Micro ATX,White / Red,450.0,True,Solid,18.6,1,False,Xion
Diablotek CYCLOPS,,ATX Mid Tower,ATX,Black,,False,Solid,41.4,5,False,Diablotek
Raidmax ATX-809B,,ATX Mid Tower,ATX,Black,,False,Solid,55.5,5,False,Raidmax
Raidmax ATX-823BR,,ATX Mid Tower,ATX,Black,,False,Solid,58.2,5,False,Raidmax
Thermaltake Commander MS-II,,ATX Mid Tower,ATX,Black,,False,Acrylic,39.7,5,False,Thermaltake
Xigmatek GIGAS,,MicroATX Desktop,Micro ATX,Black,,False,Solid,35.2,6,False,Xigmatek
Lian Li PC-V750,,ATX Full Tower,ATX,Black,,False,Acrylic,99.4,9,False,Lian Li
Lian Li PC-V750,,ATX Full Tower,ATX,Silver,,False,Solid,99.4,9,False,Lian Li
Silverstone SG07B-USB3.0,,Mini ITX Desktop,Mini ITX,Black / Gray,600.0,True,Solid,14.6,1,False,SilverStone
DIYPC DIY-5823,,ATX Mid Tower,ATX,Black / Silver,,False,Solid,28.3,6,False,DIYPC
Silverstone FT02B-USB3.0,,ATX Mid Tower,ATX,Black,,False,Acrylic,64.8,5,False,SilverStone
DIYPC DIY-5823,,ATX Mid Tower,ATX,Black,,False,Solid,28.3,6,False,DIYPC
In Win IW-BQ656T.AD80TBLR,,Mini ITX Desktop,Mini ITX,Black,80.0,True,Solid,3.3,0,False,In Win
DIYPC Adventurer-9601R,,ATX Full Tower,ATX,Black,,False,Acrylic,49.7,7,False,DIYPC
Gigabyte GZ-P5HB5C,,ATX Mid Tower,ATX,Black,,False,Solid,,4,False,Gigabyte
Apevia X-Jupiter-Jr G-Type,,ATX Mid Tower,ATX,Blue,,False,Acrylic,42.3,3,False,Apevia
Rosewill FBM-02,,MicroATX Mini Tower,Micro ATX,Black / Gray,,False,Solid,21.6,2,False,Rosewill
Silverstone FT02B-USB3.0,,ATX Mid Tower,ATX,White / Silver,,False,Solid,64.8,5,False,SilverStone
BitFenix Prodigy,,Mini ITX Tower,Mini ITX,Orange,,False,Solid,36.0,5,False,BitFenix
BitFenix Raider Window,,ATX Mid Tower,ATX,Black,,False,Acrylic,,6,False,BitFenix
Rosewill Line,,ATX Mid Tower,ATX,Black,,False,Solid,35.5,8,False,Rosewill
Zalman Z5 Plus,,ATX Mid Tower,ATX,Black,,False,Acrylic,45.8,3,False,Zalman
Xion XON-560,,MicroATX Mini Tower,Micro ATX,White,,False,Solid,28.3,3,False,Xion
Xion XON-560,,MicroATX Mini Tower,Micro ATX,Black,,False,Solid,28.3,3,False,Xion
Silverstone RV02B-W-USB3.0,,ATX Full Tower,ATX,Black,,False,Acrylic,68.3,3,False,SilverStone
CFI Prime 101,,ATX Mid Tower,ATX,Black,,False,Solid,27.5,2,False,CFI
CFI CFI-A7007,,ATX Full Tower,ATX,Black,,False,Acrylic,69.1,6,False,CFI
Lian Li PC-7H,,ATX Mid Tower,ATX,Silver,,False,Solid,55.5,4,False,Lian Li
Ultra Etorque X10,,ATX Full Tower,ATX,Black,,False,Solid,107.3,8,False,Ultra
Thermaltake Armor Revo Gene,,ATX Mid Tower,ATX,Black,,False,Acrylic,69.9,5,False,Thermaltake
Thermaltake Level 10 Limited Edition,,ATX Full Tower,ATX,Silver,,False,Solid,129.6,6,False,Thermaltake
Thermaltake Level 10 GTS,,ATX Mid Tower,ATX,Black,,False,Acrylic,54.9,5,False,Thermaltake
Thermaltake Level 10 GTS Snow Edition,,ATX Mid Tower,ATX,White,,False,Acrylic,54.9,5,False,Thermaltake
Thermaltake Versa I,,ATX Mid Tower,ATX,Black,,False,Solid,42.2,5,False,Thermaltake
Silverstone SG01B-F-USB3.0,,MicroATX Desktop,Micro ATX,Silver,,False,Solid,21.7,2,False,SilverStone
Enermax ECA3280A,,ATX Mid Tower,ATX,Black / Red,,False,Acrylic,58.2,8,False,Enermax
Lian Li PC-C37B USB3.0,,HTPC,Mini ITX,Black,,False,Solid,15.3,2,False,Lian Li
Lian Li PC-Q30,,Mini ITX Tower,Mini ITX,Black,,False,Solid,23.4,0,False,Lian Li
Lian Li PC-TU100,,Mini ITX Tower,Mini ITX,Silver,,False,Solid,10.6,0,False,Lian Li
Gigabyte GZ-X5,,ATX Mid Tower,ATX,Black,,False,Solid,36.1,5,False,Gigabyte
Gigabyte GZ-ZA2,,ATX Mid Tower,ATX,Black,,False,Solid,30.9,5,False,Gigabyte
Gigabyte Luxo X10,,ATX Mid Tower,ATX,Black,,False,Solid,34.0,4,False,Gigabyte
Cougar Solution C400SL,,ATX Mid Tower,ATX,Black,400.0,True,Solid,,6,False,Cougar
Rosewill THRONE,,ATX Full Tower,ATX,White,,False,Solid,74.8,10,False,Rosewill
Azza Silentium 920B,,ATX Mid Tower,ATX,Black,,False,Solid,,5,False,Azza
Cooler Master RC-912-KKN4,,ATX Mid Tower,ATX,Black,,False,Solid,54.9,6,False,Cooler Master
In Win BL040.300TB3LF,,HTPC,Mini ITX,Black,,False,Solid,11.6,2,False,In Win
In Win BL672.300TB3LF,,HTPC,Mini ITX,Black,,False,Solid,11.6,2,False,In Win
In Win C653T.CQ350TB3L,,ATX Mid Tower,ATX,Black,,False,Solid,35.0,3,False,In Win
In Win EM013.CQ350TS3L,,MicroATX Mini Tower,Micro ATX,Black,350.0,True,Solid,25.3,2,False,In Win
In Win G7,,ATX Mid Tower,ATX,Black,,False,Solid,43.6,4,False,In Win
In Win GT1,,ATX Mid Tower,ATX,White,,False,Acrylic,48.8,6,False,In Win
In Win H-Frame,,ATX Mid Tower,ATX,Blue / Silver,,False,Solid,62.8,3,False,In Win
In Win PE689T2.CQ450TBL,,ATX Mid Tower,ATX,Black,,False,Solid,39.4,0,False,In Win
Silverstone SG06BB-LITE,,Mini ITX Desktop,Mini ITX,Black,,False,Acrylic,,1,False,SilverStone
Xion XON-566TB,,ATX Mid Tower,ATX,Black,,False,Acrylic,,4,False,Xion
Zalman Z12 Plus,,ATX Mid Tower,ATX,Black,,False,Acrylic,47.7,5,False,Zalman
Zalman ZM-T2,,MicroATX Mini Tower,Micro ATX,Black,,False,Solid,24.7,2,False,Zalman
Apevia X-Cruiser,,ATX Mid Tower,ATX,Blue,,False,Acrylic,41.2,5,False,Apevia
Apevia X-Dreamer4,,ATX Mid Tower,ATX,Silver,,False,Acrylic,43.1,4,False,Apevia
Apex DS-539,,HTPC,Mini ITX,Black,275.0,True,Solid,14.3,2,False,Apex
DIYPC HTPC-KT28B,,HTPC,Mini ITX,Black,,False,Solid,18.8,2,False,DIYPC
DIYPC MiniQ1,,MicroATX Mini Tower,Micro ATX,White,,False,Solid,24.7,2,False,DIYPC
DIYPC MiniQ7,,ATX Mini Tower,ATX,White,,False,Solid,24.8,2,False,DIYPC
DIYPC Skyline,,ATX Mid Tower,ATX,Black,,False,Solid,28.3,6,False,DIYPC
Raidmax Vampire,,ATX Full Tower,ATX,Black,,False,Acrylic,80.5,7,False,Raidmax
Raidmax Atlas,,ATX Mid Tower,ATX,Blue / Black,,False,Acrylic,44.7,4,False,Raidmax
Raidmax ATX-298WBP,,ATX Mid Tower,ATX,Black / Blue,,False,Solid,42.9,4,False,Raidmax
Raidmax ATX-502WBG,,ATX Mid Tower,ATX,White / Black,,False,Acrylic,59.5,3,False,Raidmax
Rosewill FBM-01,,MicroATX Mini Tower,Micro ATX,White,,False,Solid,21.6,2,False,Rosewill
Sentey GS-6020,,ATX Mid Tower,ATX,Black,,False,Solid,40.2,4,False,Sentey
HEC EnterpriseH585,,MicroATX Mid Tower,Micro ATX,Black,,False,Solid,,2,False,HEC
HEC Vigilance,,MicroATX Mini Tower,Micro ATX,Black,,False,Solid,27.5,2,False,HEC
Apevia X-Cruiser3,,ATX Mid Tower,ATX,Black / Blue,,False,Acrylic,44.7,4,False,Apevia
Apevia X-Cruiser3,,ATX Mid Tower,ATX,Black / Red,,False,Acrylic,44.7,4,False,Apevia
Logisys CS368BB,,ATX Mid Tower,ATX,Black / Blue,480.0,True,Solid,34.0,6,False,Logisys
Rosewill Galaxy-03,,ATX Mid Tower,ATX,Black,,False,Solid,29.9,4,False,Rosewill
Silverstone FT04,,ATX Full Tower,ATX,Black,,False,Acrylic,,7,False,SilverStone
Silverstone FT04,,ATX Full Tower,ATX,Silver,,False,Acrylic,,7,False,SilverStone
BitFenix Ronin,,ATX Mid Tower,ATX,Black,,False,Acrylic,,6,False,BitFenix
Enermax ECA3212,,ATX Mid Tower,ATX,Black / Blue,,False,Solid,,5,False,Enermax
Xigmatek Recon,,ATX Mid Tower,ATX,Black,,False,Solid,,4,False,Xigmatek
In Win D-FRAME,,ATX Desktop,ATX,Orange,,False,Acrylic,97.5,3,False,In Win
Gigabyte Sumo Alpha,,ATX Mid Tower,ATX,Black,,False,Acrylic,53.1,4,False,Gigabyte
Apevia X-Hermes,,ATX Mid Tower,ATX,Black / Red,,False,Acrylic,44.7,4,False,Apevia
DIYPC FM08,,ATX Mid Tower,ATX,Black / Blue,,False,Solid,33.8,2,False,DIYPC
Gigabyte Luxo M30,,ATX Mid Tower,ATX,Black / Blue,,False,Acrylic,63.8,8,False,Gigabyte
Gigabyte Luxo M30 White,,ATX Mid Tower,ATX,White / Black,,False,Acrylic,63.8,8,False,Gigabyte
In Win H-Frame Mini,,Mini ITX Tower,Mini ITX,Black / Green,180.0,True,Acrylic,,0,False,In Win
Raidmax ATX-502WBG,,ATX Mid Tower,ATX,Black / Silver,,False,Solid,59.5,3,False,Raidmax
Rosewill R536,,ATX Mid Tower,ATX,Black,500.0,True,Solid,35.6,5,False,Rosewill
Rosewill THRONE-G-Window,,ATX Full Tower,ATX,Gunmetal,,False,Acrylic,74.8,10,False,Rosewill
Rosewill FBM-01,,MicroATX Mini Tower,Micro ATX,Black,450.0,True,Solid,21.6,2,False,Rosewill
Enermax ECA3310B,,ATX Mid Tower,ATX,Red,,False,Acrylic,58.6,7,False,Enermax
Cubitek ATX ICE,,ATX Mid Tower,ATX,Black,,False,Solid,,7,False,Cubitek
Aerocool DS Cube,,MicroATX Mini Tower,Micro ATX,Black / Red,,False,Solid,41.5,2,False,Aerocool
Aerocool DS Cube,,MicroATX Mini Tower,Micro ATX,Black / Orange,,False,Acrylic,41.5,2,False,Aerocool
SHARKOON MA-M1000,,MicroATX Mid Tower,Micro ATX,Black / Blue,,False,Solid,,2,False,SHARKOON
Thermaltake ARMOR A30i,,MicroATX Mini Tower,Micro ATX,Black,,False,Acrylic,35.5,3,False,Thermaltake
Streacom ST-F1CS-EVO,,HTPC,Mini ITX,Silver,,False,Solid,,0,False,Streacom
Antec Nineteen Hundred,,ATX Full Tower,ATX,Black / Green,,False,Acrylic,,12,False,Antec
Antec Nineteen Hundred,,ATX Full Tower,ATX,Black / Red,,False,Acrylic,,12,False,Antec
DIYPC Solar-M1,,ATX Mid Tower,ATX,Black / Green,,False,Acrylic,38.0,5,False,DIYPC
In Win 904,,ATX Mid Tower,ATX,Black,,False,Tempered Glass,,3,False,In Win
Rosewill Legacy U2-S,,Mini ITX Tower,Mini ITX,Silver,,False,Acrylic,15.4,2,False,Rosewill
Thermaltake Chaser A21,,ATX Mid Tower,ATX,Black / Blue,,False,Acrylic,41.3,6,False,Thermaltake
Xigmatek Assassin,,ATX Mid Tower,ATX,Black / Gray,,False,Acrylic,52.5,8,False,Xigmatek
In Win 901,,Mini ITX Tower,Mini ITX,Black / Silver,,False,Tempered Glass,,2,False,In Win
DIYPC Solar-M1,,ATX Mid Tower,ATX,Black / Red,,False,Acrylic,38.0,5,False,DIYPC
HEC 63R3BR,,ATX Mid Tower,ATX,Black / Red,,False,Solid,35.2,4,False,HEC
Lian Li PC-V358,,MicroATX Mid Tower,Micro ATX,Black,,False,Solid,36.6,6,False,Lian Li
Rosewill Legacy U3-B,,MicroATX Mini Tower,Micro ATX,Black,,False,Solid,20.1,2,False,Rosewill
Rosewill Legacy V6-S,,Mini ITX Tower,Mini ITX,Black / Silver,,False,Solid,12.5,4,False,Rosewill
Silverstone PS09B,,MicroATX Mid Tower,Micro ATX,Black,,False,Solid,24.6,4,False,SilverStone
Supermicro CSE-732G-000B,,ATX Mid Tower,ATX,Black / Blue,,False,Acrylic,64.7,3,False,Supermicro
Thermaltake Element Q,,Mini ITX Desktop,Mini ITX,Black / Red,220.0,True,Solid,9.4,1,False,Thermaltake
Xigmatek Aquila,,MicroATX Mini Tower,Micro ATX,Black / White,,False,Acrylic,,2,False,Xigmatek
Cooler Master 690 III,,ATX Mid Tower,ATX,Black,,False,Solid,58.5,7,False,Cooler Master
Azza Sirius 206,,ATX Mid Tower,ATX,Black / Blue,,False,Acrylic,38.3,3,False,Azza
DIYPC HTPC-MiniCube,,Mini ITX Tower,Mini ITX,Silver,,False,Solid,9.8,1,False,DIYPC
nMEDIAPC HTPC 2800B,,HTPC,Mini ITX,Black,,False,Solid,25.0,4,False,nMEDIAPC
Silverstone PS10B,,ATX Mid Tower,ATX,Black,,False,Solid,54.8,0,False,SilverStone
Thermaltake Urban R31,,ATX Mid Tower,ATX,Black,,False,Acrylic,51.2,6,False,Thermaltake
Cooler Master K280 USB3.0,,ATX Mid Tower,ATX,Black,,False,Solid,,6,False,Cooler Master
SHARKOON Mask,,ATX Mid Tower,ATX,Black,,False,Solid,,3,False,SHARKOON
Parvum Systems S2.0,,MicroATX Mini Tower,Micro ATX,Black / White,,False,Acrylic,,2,False,Parvum Systems
Parvum Systems S2.0,,MicroATX Mini Tower,Micro ATX,Green / White,,False,Acrylic,,2,False,Parvum Systems
Parvum Systems S2.0,,MicroATX Mini Tower,Micro ATX,White / Red,,False,Acrylic,,2,False,Parvum Systems
BitFenix Outlaw,,ATX Mid Tower,ATX,Black,,False,Solid,37.3,4,False,BitFenix
BitFenix Outlaw USB3.0,,ATX Mid Tower,ATX,Black,,False,Solid,37.6,4,False,BitFenix
BitFenix Neos,,ATX Mid Tower,ATX,Black / Gold,,False,Acrylic,37.0,3,False,BitFenix
BitFenix Neos,,ATX Mid Tower,ATX,Black / Silver,,False,Solid,37.0,3,False,BitFenix
BitFenix Neos,,ATX Mid Tower,ATX,Black / Red,,False,Solid,37.0,3,False,BitFenix
BitFenix Neos,,ATX Mid Tower,ATX,White / Red,,False,Solid,37.0,3,False,BitFenix
BitFenix Neos,,ATX Mid Tower,ATX,White,,False,Solid,37.0,3,False,BitFenix
BitFenix Phenom M Nvidia Edition,,MicroATX Mini Tower,Micro ATX,Black / Green,,False,Solid,30.6,5,False,BitFenix
Azza GT1,,ATX Full Tower,ATX,Black,,False,Acrylic,90.4,7,False,Azza
HEC Voyager,,ATX Mid Tower,ATX,Black,,False,Solid,29.5,1,False,HEC
Aerocool DS Cube,,MicroATX Mini Tower,Micro ATX,Black / Blue,,False,Solid,41.5,2,False,Aerocool
Aerocool DS Cube,,MicroATX Mini Tower,Micro ATX,Black / Green,,False,Solid,41.5,2,False,Aerocool
Aerocool Strike-X GT,,ATX Mid Tower,ATX,Black,,False,Solid,42.9,6,False,Aerocool
CiT MTX-005B,,Mini ITX Tower,Mini ITX,Black,300.0,True,Solid,,1,False,CiT
Aerocool DS 200,,ATX Mid Tower,ATX,Black / Red,,False,Solid,,5,False,Aerocool
Aerocool DS 200,,ATX Mid Tower,ATX,Black / Blue,,False,Solid,,5,False,Aerocool
Aerocool DS 200,,ATX Mid Tower,ATX,Black / Green,,False,Solid,,5,False,Aerocool
NZXT Source 220,,ATX Mid Tower,ATX,Black,,False,Acrylic,43.4,8,False,NZXT
Lian Li PC-Q36W,,Mini ITX Tower,Mini ITX,Black,,False,Solid,25.4,2,False,Lian Li
Lian Li PC-V359W,,MicroATX Mid Tower,Micro ATX,Silver,,False,Solid,36.6,3,False,Lian Li
Lian Li PC-V359W,,MicroATX Mid Tower,Micro ATX,Gold,,False,Solid,36.6,3,False,Lian Li
Deepcool PANGU SW,,ATX Mid Tower,ATX,Black,,False,Acrylic,40.8,6,False,DeepCool
Deepcool STEAM CASTLE,,MicroATX Mid Tower,Micro ATX,Red,,False,Acrylic,47.1,3,False,DeepCool
Corsair Graphite Series 380T,,Mini ITX Tower,Mini ITX,Black / Yellow,,False,Solid,41.0,2,False,Corsair
Antec GX500 ILLUSION,,ATX Mid Tower,ATX,Black,,False,Acrylic,44.4,4,False,Antec
Lian Li PC-Q33,,Mini ITX Tower,Mini ITX,Black,,False,Solid,18.1,2,False,Lian Li
In Win GR One,,ATX Full Tower,ATX,White,,False,Acrylic,81.0,8,False,In Win
In Win GR One,,ATX Full Tower,ATX,Black / Red,,False,Acrylic,81.0,8,False,In Win
Antec ASK4000E-U3,,ATX Mid Tower,ATX,Black,,False,Solid,33.4,5,False,Antec
BitFenix Pandora Core,,MicroATX Mid Tower,Micro ATX,Black,,False,Acrylic,31.2,2,False,BitFenix
BitFenix Pandora Core,,MicroATX Mid Tower,Micro ATX,Silver,,False,Acrylic,31.2,2,False,BitFenix
Lian Li PC-B16,,ATX Mid Tower,ATX,Black,,False,Solid,57.4,6,False,Lian Li
Lian Li PC-10N,,ATX Mid Tower,ATX,Silver,,False,Solid,,6,False,Lian Li
Lian Li PC-V1000L,,ATX Full Tower,ATX,Black,,False,Acrylic,73.6,0,False,Lian Li
Lian Li PC-V2130,,ATX Full Tower,ATX,Black,,False,Solid,94.4,8,False,Lian Li
Lian Li PC-V2130,,ATX Full Tower,ATX,Black,,False,Acrylic,94.4,8,False,Lian Li
Lian Li PC-V359W,,MicroATX Mid Tower,Micro ATX,Black,,False,Solid,36.6,3,False,Lian Li
BitFenix Comrade,,ATX Mid Tower,ATX,White,,False,Acrylic,37.0,3,False,BitFenix
DIYPC Mirage-D1,,ATX Mid Tower,ATX,Black / Yellow,,False,Acrylic,37.2,4,False,DIYPC
In Win G7,,ATX Mid Tower,ATX,Gray,,False,Solid,43.6,4,False,In Win
DIYPC MA01,,MicroATX Mini Tower,Micro ATX,Black / Green,,False,Solid,20.5,1,False,DIYPC
DIYPC Shadow-H01,,ATX Mid Tower,ATX,White,,False,Acrylic,47.8,4,False,DIYPC
Rosewill I3-397,,MicroATX Mini Tower,Micro ATX,Black,400.0,True,Solid,27.9,4,False,Rosewill
Thermaltake Versa H24,,ATX Mid Tower,ATX,Black,,False,Acrylic,42.6,3,False,Thermaltake
BitFenix Prodigy M,,MicroATX Mini Tower,Micro ATX,Black,,False,Acrylic,35.9,4,False,BitFenix
BitFenix Prodigy M,,MicroATX Mini Tower,Micro ATX,Black / Red,,False,Acrylic,35.9,4,False,BitFenix
Aerocool Strike-X Xtreme,,ATX Mid Tower,ATX,Red,,False,Acrylic,,6,False,Aerocool
Aerocool Strike-X Advance,,ATX Mid Tower,ATX,White / Blue,,False,Acrylic,,0,False,Aerocool
DIYPC Solar-M1,,ATX Mid Tower,ATX,Black / Blue,,False,Acrylic,38.0,5,False,DIYPC
DIYPC Solo-T1,,ATX Mid Tower,ATX,Black / Blue,,False,Solid,38.9,3,False,DIYPC
DIYPC Solo-T1,,ATX Mid Tower,ATX,Black / Red,,False,Solid,38.9,3,False,DIYPC
Thermaltake Core V41,,ATX Mid Tower,ATX,Black,,False,Acrylic,59.4,6,False,Thermaltake
Raidmax Viper GX,,ATX Mid Tower,ATX,Black / Red,,False,Acrylic,65.3,7,False,Raidmax
Streacom F1CWS Evo,,HTPC,Mini ITX,Black,,False,Solid,,1,False,Streacom
Deepcool STEAM CASTLE,,MicroATX Mid Tower,Micro ATX,Black,,False,Solid,47.1,3,False,DeepCool
Lian Li PC-T80,,ATX Test Bench,ATX,Silver,,False,Solid,,6,False,Lian Li
RAIJINTEK Metis,,Mini ITX Tower,Mini ITX,Black,,False,Acrylic,13.4,1,False,RAIJINTEK
RAIJINTEK Metis,,Mini ITX Tower,Mini ITX,Red,,False,Acrylic,13.4,1,False,RAIJINTEK
RAIJINTEK Metis,,Mini ITX Tower,Mini ITX,Red,,False,Solid,13.4,1,False,RAIJINTEK
Silverstone KL05B,,ATX Mid Tower,ATX,Black,,False,Acrylic,,6,False,SilverStone
Cooltek UMX1,,Mini ITX Tower,Mini ITX,Silver,,False,Solid,,2,False,Cooltek
BitFenix Aegis,,MicroATX Mid Tower,Micro ATX,White,,False,Acrylic,46.2,4,False,BitFenix
Azza CSAZ-105,,Mini ITX Desktop,Mini ITX,Black,,False,Solid,,1,False,Azza
Antec P50,,MicroATX Mini Tower,Micro ATX,Black,,False,Solid,,3,False,Antec
Phanteks Enthoo Primo,,ATX Full Tower,ATX,Black / Green,,False,Acrylic,,6,False,Phanteks
Cooltek CoolCube,,HTPC,Mini ITX,Black,,False,Solid,,1,False,Cooltek
Silverstone MM01,,ATX Full Tower,ATX,Black,,False,Solid,,7,False,SilverStone
Apevia X-QPack3,,MicroATX Mini Tower,Micro ATX,Black / Green,,False,Acrylic,,2,False,Apevia
Apevia X-QPack3,,MicroATX Mini Tower,Micro ATX,Black / Red,,False,Acrylic,,2,False,Apevia
Aerocool DS 200,,ATX Mid Tower,ATX,Black,,False,Acrylic,,5,False,Aerocool
Aerocool XPredator Cube,,MicroATX Mid Tower,Micro ATX,Black / Red,,False,Acrylic,,3,False,Aerocool
Azza Cosmas 208S,,ATX Mid Tower,ATX,Black,,False,Acrylic,,3,False,Azza
Sentey Ss1-2429,,MicroATX Mid Tower,Micro ATX,Black / Green,,False,Solid,,0,False,Sentey
Sentey Ss1-2429,,MicroATX Mid Tower,Micro ATX,Black / Red,,False,Solid,,0,False,Sentey
Cooltek W2,,ATX Mid Tower,ATX,Black,,False,Acrylic,,3,False,Cooltek
Cooltek W2,,ATX Mid Tower,ATX,Silver,,False,Acrylic,,3,False,Cooltek
Cooler Master N400,,ATX Mid Tower,ATX,Black,,False,Solid,40.2,7,False,Cooler Master
Raidmax Element,,Mini ITX Desktop,Mini ITX,Black / Green,450.0,True,Solid,,2,False,Raidmax
Xigmatek Aquila,,MicroATX Mini Tower,Micro ATX,Black / Green,,False,Acrylic,,2,False,Xigmatek
Silverstone CS01,,Mini ITX Tower,Mini ITX,Black,,False,Solid,,2,False,SilverStone
CHENBRO SR30169,,Mini ITX Tower,Mini ITX,Black / Silver,,False,Solid,,4,False,Desconocida
be quiet! Silent Base 800,,ATX Mid Tower,ATX,Black / Orange,,False,Acrylic,,7,False,be quiet!
be quiet! Silent Base 800,,ATX Mid Tower,ATX,Black / Silver,,False,Acrylic,,7,False,be quiet!
Aerocool Aero-500 - C,,ATX Mid Tower,ATX,Black,,False,Acrylic,45.1,4,False,Aerocool
Deepcool Tristellar,,Mini ITX Desktop,Mini ITX,White / Blue,,False,Acrylic,,2,False,DeepCool
Deepcool Tristellar,,Mini ITX Desktop,Mini ITX,Black / Silver,,False,Acrylic,,2,False,DeepCool
In Win 805,,ATX Mid Tower,ATX,Black / Red,,False,Tempered Glass,,2,False,In Win
Chieftec DX-02B,,ATX Mid Tower,ATX,Black / Blue,,False,Acrylic,,6,False,Chieftec
Phanteks Enthoo EVOLV ITX,,Mini ITX Tower,Mini ITX,Black / Red,,False,Acrylic,,2,False,Phanteks
NZXT H440,,ATX Mid Tower,ATX,Black,,False,Solid,53.3,8,False,NZXT
be quiet! Silent Base 600,,ATX Mid Tower,ATX,Black / Silver,,False,Acrylic,,3,False,be quiet!
DIYPC Ranger-R8,,ATX Mid Tower,ATX,Black / Yellow,,False,Acrylic,41.6,4,False,DIYPC
DIYPC DIY-N8,,MicroATX Mini Tower,Micro ATX,Black / Blue,,False,Acrylic,,2,False,DIYPC
Thermaltake Core V51 Riing Edition,,ATX Mid Tower,ATX,Black / Green,,False,Acrylic,71.2,5,False,Thermaltake
SHARKOON CA-M,,MicroATX Mini Tower,Micro ATX,Black,,False,Solid,,2,False,SHARKOON
Rosewill VIPER Z,,ATX Mid Tower,ATX,Black,,False,Acrylic,,7,False,Rosewill
Lian Li PC-Q10,,Mini ITX Desktop,Mini ITX,Black,,False,Acrylic,,2,False,Lian Li
Aerocool GT-RS,,ATX Mid Tower,ATX,Black,,False,Acrylic,,2,False,Aerocool
Raidmax Viper II,,ATX Mid Tower,ATX,Black / Blue,,False,Acrylic,,3,False,Raidmax
VIVO CASE-V03B,,ATX Mid Tower,ATX,Black / Blue,,False,Acrylic,,4,False,VIVO
Apevia X-Pioneer,,ATX Mid Tower,ATX,Black / Green,,False,Acrylic,,4,False,Apevia
Apevia X-Pioneer,,ATX Mid Tower,ATX,Black / Pink,,False,Acrylic,,4,False,Apevia
Apevia X-Pioneer,,ATX Mid Tower,ATX,Black / Red,,False,Acrylic,,4,False,Apevia
DIYPC Silence,,ATX Mid Tower,ATX,Black,,False,Solid,,2,False,DIYPC
Phanteks Eclipse P400S,,ATX Mid Tower,ATX,Gray,,False,Solid,45.9,2,False,Phanteks
SHARKOON BW9000,,ATX Mid Tower,ATX,White,,False,Acrylic,,5,False,SHARKOON
Silverstone CS01-HS,,Mini ITX Tower,Mini ITX,Silver,,False,Solid,,0,False,SilverStone
Lian Li PC-TU300,,ATX Mid Tower,ATX,Black,,False,Solid,,2,False,Lian Li
Antec VSK4-500,,ATX Mid Tower,ATX,Black,500.0,True,Solid,,5,False,Antec
DIYPC DIY-E68,,ATX Mid Tower,ATX,Black,,False,Solid,,3,False,DIYPC
Apevia X-EnerQ,,MicroATX Mid Tower,Micro ATX,Black / Red,,False,Acrylic,,2,False,Apevia
LEPA LPC309(U3),,ATX Mid Tower,ATX,Black,,False,Acrylic,,3,False,Desconocida
RIOTORO CR1080,,ATX Mid Tower,ATX,Black,,False,Acrylic,,2,False,RIOTORO
Apevia X-Qber,,MicroATX Desktop,Micro ATX,Black / Green,,False,Acrylic,,2,False,Apevia
Apevia X-Qber,,MicroATX Desktop,Micro ATX,Pink,,False,Acrylic,,2,False,Apevia
Apevia X-Qber,,MicroATX Desktop,Micro ATX,White,,False,Acrylic,,2,False,Apevia
Anidees AI8,,ATX Full Tower,ATX,Black,,False,Acrylic,,4,False,Anidees
Nanoxia CoolForce 2,,ATX Full Tower,ATX,Black,,False,Acrylic,,4,False,Nanoxia
Zalman T5,,MicroATX Mini Tower,Micro ATX,Black,,False,Solid,,2,False,Zalman
Silverstone FT01B-USB3.0,,ATX Mid Tower,ATX,Black,,False,Acrylic,,7,False,SilverStone
Raidmax Narwhal,,ATX Full Tower,ATX,Black,,False,Acrylic,,6,False,Raidmax
VIVO CASE-V07,,ATX Mid Tower,ATX,Black,,False,Acrylic,,2,False,VIVO
SHARKOON T3-W,,ATX Mid Tower,ATX,Black / Green,,False,Acrylic,38.3,6,False,SHARKOON
BitFenix Aurora,,ATX Mid Tower,ATX,Black,,False,Tempered Glass,54.8,4,False,BitFenix
In Win 509 ROG,,ATX Full Tower,ATX,Black / Red,,False,Tempered Glass,71.6,5,False,In Win
Rosewill WolfStone,,ATX Mid Tower,ATX,Black,,False,Acrylic,,8,False,Rosewill
X2 Nextyde,,ATX Mid Tower,ATX,Black,,False,Acrylic,34.2,2,False,Desconocida
NOX Hummer TX,,ATX Mid Tower,ATX,Black,,False,Acrylic,45.9,8,False,NOX
NOX Coolbay SX,,ATX Mid Tower,ATX,Black / Red,,False,Acrylic,37.9,4,False,NOX
NOX Coolbay ZX,,ATX Mid Tower,ATX,Black / Green,,False,Acrylic,48.7,3,False,NOX
Thermaltake Urban S31 Window,,ATX Mid Tower,ATX,White,,False,Acrylic,53.6,6,False,Thermaltake
Deepcool LANDKING V2,,ATX Mid Tower,ATX,Gray,,False,Acrylic,57.5,5,False,DeepCool
RAIJINTEK Metis,,Mini ITX Tower,Mini ITX,Green,,False,Solid,13.4,1,False,RAIJINTEK
Raidmax Viper GX II,,ATX Mid Tower,ATX,Black / Blue,,False,Acrylic,65.6,3,False,Raidmax
Lian Li PC-Q20,,Mini ITX Tower,Mini ITX,Pink,,False,Solid,7.2,0,False,Lian Li
Silverstone RL05,,ATX Mid Tower,ATX,White / Red,,False,Acrylic,43.9,2,False,SilverStone
Cooler Master CM 590 III,,ATX Mid Tower,ATX,White,,False,Acrylic,45.1,4,False,Cooler Master
DIYPC DIY-J21,,ATX Mid Tower,ATX,Black,,False,Acrylic,,3,False,DIYPC
DIYPC DIY-J21,,ATX Mid Tower,ATX,White,,False,Acrylic,,3,False,DIYPC
BitFenix Portal,,Mini ITX Tower,Mini ITX,Black,,False,Acrylic,,2,False,BitFenix
BitFenix Portal,,Mini ITX Tower,Mini ITX,White,,False,Acrylic,,2,False,BitFenix
Cooler Master MasterCase Pro 6,,ATX Mid Tower,ATX,Black / Red,,False,Acrylic,70.1,5,False,Cooler Master
Anidees AI Crystal Lite,,ATX Mid Tower,ATX,Black,,False,Tempered Glass,50.5,3,False,Anidees
Lian Li Odyssey,,Mini ITX Desktop,Mini ITX,Silver,,False,Solid,,2,False,Lian Li
Apevia X-Mirage,,ATX Mid Tower,ATX,Black / Blue,,False,Acrylic,41.8,2,False,Apevia
Apevia X-Mirage,,ATX Mid Tower,ATX,Black / Green,,False,Acrylic,41.8,2,False,Apevia
SHARKOON DG7000-G,,ATX Mid Tower,ATX,Black / Green,,False,Tempered Glass,,3,False,SHARKOON
RIOTORO CR480,,ATX Mid Tower,ATX,Black / Red,,False,Acrylic,,3,False,RIOTORO
Rosewill BRADLEY M,,ATX Mid Tower,ATX,Black,,False,Acrylic,36.6,3,False,Rosewill
Azza Solaris 402S,,ATX Mid Tower,ATX,Black,,False,Acrylic,,6,False,Azza
Rosewill HIMARS,,ATX Mid Tower,ATX,Black,,False,Acrylic,52.3,0,False,Rosewill
Enermax Ostrog ADV,,ATX Mid Tower,ATX,Black / Green,,False,Acrylic,54.7,6,False,Enermax
Aerocool Aero-500,,ATX Mid Tower,ATX,Black,,False,Solid,45.1,4,False,Aerocool
Cooler Master 690 III,,ATX Mid Tower,ATX,White / Black,,False,Acrylic,58.5,7,False,Cooler Master
DIYPC Skyline-06,,ATX Full Tower,ATX,Black / Red,,False,Acrylic,,3,False,DIYPC
DIYPC Skyline-06,,ATX Full Tower,ATX,Black / Blue,,False,Acrylic,,3,False,DIYPC
Lian Li PC-T60,,ATX Test Bench,ATX,Silver,,False,Solid,45.6,3,False,Lian Li
Lian Li PC-O8X,,ATX Mid Tower,ATX,Green,,False,Tempered Glass,,6,False,Lian Li
Lian Li PC-O8X,,ATX Mid Tower,ATX,Blue,,False,Tempered Glass,,6,False,Lian Li
Apevia X-Harmony,,ATX Mid Tower,ATX,Black / Blue,,False,Acrylic,39.3,2,False,Apevia
Apevia X-Harmony,,ATX Mid Tower,ATX,Black / Green,,False,Acrylic,39.3,2,False,Apevia
In Win 901,,Mini ITX Tower,Mini ITX,Black / Gold,,False,Tempered Glass,,2,False,In Win
Lian Li PC-M25,,MicroATX Mini Tower,Micro ATX,Black,,False,Solid,,8,False,Lian Li
Thermaltake Urban S21,,ATX Mid Tower,ATX,Black,,False,Solid,40.1,5,False,Thermaltake
Xigmatek Shockwave,,ATX Mid Tower,ATX,Black,,False,Solid,,4,False,Xigmatek
SHARKOON AM5,,ATX Mid Tower,ATX,Red / Black,,False,Solid,,3,False,SHARKOON
SHARKOON AM5,,ATX Mid Tower,ATX,Silver / Black,,False,Solid,,3,False,SHARKOON
SHARKOON AM5,,ATX Mid Tower,ATX,Red / Black,,False,Acrylic,,3,False,SHARKOON
SHARKOON AM5,,ATX Mid Tower,ATX,Silver / Black,,False,Acrylic,,3,False,SHARKOON
Cooltek G3,,HTPC,Mini ITX,Black / Silver,,False,Solid,23.3,2,False,Cooltek
Cooltek UMX3,,MicroATX Mini Tower,Micro ATX,Black,,False,Acrylic,24.6,1,False,Cooltek
DIYPC TG8,,ATX Mid Tower,ATX,White / Black,,False,Tempered Glass,,2,False,DIYPC
DIYPC TG8,,ATX Mid Tower,ATX,Red / Black,,False,Tempered Glass,,2,False,DIYPC
Cougar MG110,,MicroATX Mini Tower,Micro ATX,Black,,False,Solid,30.8,2,False,Cougar
Enermax GraceMESH,,ATX Mid Tower,ATX,Black / Blue,,False,Tempered Glass,,2,False,Enermax
CRYORIG TAKU,,Mini ITX Desktop,Mini ITX,Silver,,False,Solid,,1,False,Desconocida
DIYPC Vision II,,ATX Mid Tower,ATX,Black / Green,,False,Tempered Glass,46.9,3,False,DIYPC
Deepcool TESSERACT BF,,ATX Mid Tower,ATX,White / Black,,False,Acrylic,36.4,4,False,DeepCool
Streacom BC1 Mini,,Mini ITX Test Bench,Mini ITX,Red,,False,Solid,,0,False,Streacom
Streacom BC1,,ATX Test Bench,ATX,Red,,False,Solid,,2,False,Streacom
Nanoxia Rexgear 1,,MicroATX Desktop,Micro ATX,White / Black,,False,Acrylic,,3,False,Nanoxia
Nanoxia Rexgear 1,,MicroATX Desktop,Micro ATX,Red,,False,Acrylic,,3,False,Nanoxia
In Win D-FRAME MINI,,Mini ITX Tower,Mini ITX,Green,,False,Tempered Glass,46.3,3,False,In Win
Cooler Master MasterCase MC600P,,ATX Mid Tower,ATX,Black,,False,Tempered Glass,70.1,4,False,Cooler Master
Aerocool DS 230,,ATX Mid Tower,ATX,Black,,False,Acrylic,,2,False,Aerocool
NZXT H700 PUBG,,ATX Mid Tower,ATX,Red / Blue,,False,Tempered Glass,58.6,2,False,NZXT
NZXT H200,,Mini ITX Tower,Mini ITX,Black / Blue,,False,Tempered Glass,27.3,1,False,NZXT
Lian Li PC-Q38,,Mini ITX Tower,Mini ITX,Black / Silver,,False,Acrylic,,1,False,Lian Li
Cooler Master MasterBox MB511,,ATX Mid Tower,ATX,Black / Blue,,False,Acrylic,,2,False,Cooler Master
RAIJINTEK COEUS EVO,,ATX Full Tower,ATX,Black,,False,Acrylic,56.8,4,False,RAIJINTEK
CiT F3,,MicroATX Mini Tower,Micro ATX,Black / Green,,False,Acrylic,,2,False,CiT
CiT F3,,MicroATX Mini Tower,Micro ATX,White / Black,,False,Acrylic,,2,False,CiT
In Win 101 PRGB1,,ATX Mid Tower,ATX,White / Blue,,False,Tempered Glass,48.3,2,False,In Win
In Win 301C PRGB2,,MicroATX Mini Tower,Micro ATX,Black,,False,Tempered Glass,26.0,1,False,In Win
SHARKOON VG5,,ATX Mid Tower,ATX,Black / Green,,False,Acrylic,38.3,3,False,SHARKOON
Cooler Master MasterBox E500L,,ATX Mid Tower,ATX,Black,,False,Solid,,2,False,Cooler Master
Rosewill CULLINAN PX,,ATX Mid Tower,ATX,Black / Green,,False,Tempered Glass,,2,False,Rosewill
HG Computers Osmi,,Mini ITX Tower,Mini ITX,White,,False,Solid,,1,False,Desconocida
Fractal Design Define R6 USB-C,,ATX Mid Tower,ATX,Silver,,False,Solid,56.7,6,False,Fractal Design
Cougar Pioneer-X,,ATX Mid Tower,ATX,Black,,False,Solid,,6,False,Cougar
BitFenix Enso Mesh,,ATX Mid Tower,ATX,White,,False,Tempered Glass,46.4,2,False,BitFenix
Zalman X7,,ATX Full Tower,ATX,Black,,False,Acrylic,,6,False,Zalman
Enermax EQUILENCE,,ATX Mid Tower,ATX,Black,,False,Tempered Glass,,2,False,Enermax
Azza Obsidian 270,,ATX Mid Tower,ATX,Black / Red,,False,Acrylic,,3,False,Azza
DIYPC Trio-VX-RGB,,ATX Mid Tower,ATX,Black,,False,Tempered Glass,,2,False,DIYPC
Cougar Puritas RGB,,ATX Mid Tower,ATX,Black,,False,Tempered Glass,,2,False,Cougar
AvP Mamba,,ATX Mid Tower,ATX,Black,,False,Acrylic,,3,False,Desconocida
Thermaltake Commander C36 TG ARGB,,ATX Mid Tower,ATX,Black,,False,Tempered Glass,,3,False,Thermaltake
Silverstone RL07,,ATX Mid Tower,ATX,White / Blue,,False,Tempered Glass,,3,False,SilverStone
Antec GX330,,ATX Mid Tower,ATX,Black,,False,Acrylic,,2,False,Antec
Silverstone RL08BW-RGB,,MicroATX Mini Tower,Micro ATX,Black / White,,False,Tempered Glass,,3,False,SilverStone
HEC HX200,,MicroATX Mini Tower,Micro ATX,Black,,False,Solid,,2,False,HEC
HEC HX300,,ATX Mid Tower,ATX,Black,,False,Acrylic,,2,False,HEC
BitFenix Nova Mesh TG,,ATX Mid Tower,ATX,,,False,Tempered Glass,41.4,2,False,BitFenix
BitFenix Nova Mesh,,ATX Mid Tower,ATX,,,False,Acrylic,41.4,2,False,BitFenix
GameMax Demolition,,ATX Mid Tower,ATX,Black,,False,Tempered Glass,36.2,2,False,GameMax
GameMax Eclipse,,ATX Mid Tower,ATX,Black,,False,Tempered Glass,48.0,2,False,GameMax
GameMax Expedition,,MicroATX Mini Tower,Micro ATX,Blue,,False,Acrylic,29.4,2,False,GameMax
GameMax Fortress Air,,ATX Full Tower,ATX,Black,,False,Tempered Glass,54.7,2,False,GameMax
GameMax Hush,,ATX Mid Tower,ATX,Black,,False,Tempered Glass,50.8,3,False,GameMax
GameMax Muted,,ATX Mid Tower,ATX,Black,,False,Acrylic,58.3,2,False,GameMax
GameMax Vega,,ATX Mid Tower,ATX,White,,False,Tempered Glass,53.2,3,False,GameMax
GameMax Whisper,,MicroATX Mini Tower,Micro ATX,Black,,False,Acrylic,36.7,2,False,GameMax
GameMax Zircon RGB,,ATX Mid Tower,ATX,Black,,False,Acrylic,53.4,3,False,GameMax
Aerocool Aero-500G RGB,,ATX Mid Tower,ATX,Black,,False,Tempered Glass,43.1,4,False,Aerocool
Enermax SABERAY RGB,,ATX Mid Tower,ATX,White / Black,,False,Tempered Glass,60.3,2,False,Enermax
Antec GX202,,ATX Mid Tower,ATX,White,,False,Acrylic,40.1,3,False,Antec
Deepcool Earlkase RGB V2,,ATX Mid Tower,ATX,Black,,False,Tempered Glass,51.9,2,False,DeepCool
KOLINK Levante,,ATX Mid Tower,ATX,Black,,False,Tempered Glass,43.2,3,False,KOLINK
MagniumGear Neo Mini V2,,Mini ITX Desktop,Mini ITX,Silver,,False,Tempered Glass,,1,False,MagniumGear
RAIJINTEK METIS EVO ALS,,Mini ITX Desktop,Mini ITX,Blue,,False,Solid,22.3,2,False,RAIJINTEK
Rosewill SRM-01B,,MicroATX Mini Tower,Micro ATX,Black,,False,Solid,,2,False,Rosewill
Cooler Master MasterBox MB320L ARGB,,MicroATX Mini Tower,Micro ATX,Black,,False,Tempered Glass,38.8,2,False,Cooler Master
Rosewill Cullinan V,,ATX Mid Tower,ATX,Black,,False,Tempered Glass,51.8,2,False,Rosewill
In Win 905-SILADD,,ATX Mid Tower,ATX,Silver / Black,,False,Tinted Tempered Glass,,1,False,In Win
Silverstone SG13 V2,,Mini ITX Tower,Mini ITX,White / Black,,False,Solid,11.5,1,False,SilverStone
Circle CC830,,ATX Mid Tower,ATX,Black / Red,,False,Acrylic,,3,False,Desconocida
DIYPC Skyline-06-RGB,,ATX Full Tower,ATX,Black,,False,Acrylic,,3,False,DIYPC
Lazer3D LZ7 XTD,,Mini ITX Desktop,Mini ITX,Black,,False,Tempered Glass,,0,False,Desconocida
Cougar MX410 Mesh,,ATX Mid Tower,ATX,Black / Black,,False,Tempered Glass,36.3,2,False,Cougar
Silverstone PS14-E,,ATX Mid Tower,ATX,Black,,False,Solid,43.1,2,False,SilverStone
Azza ARC 241,,ATX Mid Tower,ATX,Black,,False,Tempered Glass,,3,False,Azza
DIYPC S2-RGB,,ATX Mid Tower,ATX,Black,,False,Tempered Glass,44.9,2,False,DIYPC
Zalman X3,,ATX Mid Tower,ATX,White,,False,Tinted Tempered Glass,,2,False,Zalman
RAIJINTEK PONOS TG,,ATX Mid Tower,ATX,Black,,False,Tempered Glass,45.0,3,False,RAIJINTEK
Enermax LIBLLUSSION LL30,,ATX Mid Tower,ATX,Black,,False,Tempered Glass,,2,False,Enermax
EG ST-ARGB,,ATX Mid Tower,ATX,Black,,False,Tempered Glass,56.9,5,False,Desconocida
Cougar Blazer Essence,,ATX Mid Tower,ATX,Black / Orange,,False,Tempered Glass,,2,False,Cougar
darkFlash V22,,ATX Mid Tower,ATX,Black,,False,Tempered Glass,41.7,1,False,darkFlash
darkFlash DLM 22,,MicroATX Mid Tower,Micro ATX,Green,,False,Tempered Glass,,2,False,darkFlash
Cougar MX331 MESH,,ATX Mid Tower,ATX,Black,,False,Acrylic,43.5,2,False,Cougar
Enermax MarbleShell M MS20 ARGB,,MicroATX Mini Tower,Micro ATX,Black,,False,Tempered Glass,,2,False,Enermax
Cooler Master CM690 II Advanced,,ATX Mid Tower,ATX,White,,False,Solid,56.3,6,False,Cooler Master
SilentiumPC Armis AR5,,ATX Mid Tower,ATX,Black,,False,Tempered Glass,45.8,2,False,SilentiumPC
SilentiumPC Armis AR5 RGB,,ATX Mid Tower,ATX,Black,,False,Tempered Glass,45.8,2,False,SilentiumPC
SilentiumPC Armis AR7X EVO ARGB,,ATX Mid Tower,ATX,Black,,False,Tempered Glass,63.9,3,False,SilentiumPC
SilentiumPC Astrum AT6V EVO,,ATX Mid Tower,ATX,Black,,False,Tempered Glass,46.0,2,False,SilentiumPC
SilentiumPC Astrum AT6V,,ATX Mid Tower,ATX,Black,,False,Tempered Glass,46.0,2,False,SilentiumPC
Azza Luminous 110,,MicroATX Mini Tower,Micro ATX,Black,,False,Tempered Glass,36.1,2,False,Azza
SilentiumPC Signum SG1M,,ATX Mid Tower,ATX,Black,,False,Solid,,2,False,SilentiumPC
DIYPC AVVU-BK-ARGB,,ATX Mid Tower,ATX,Black,,False,Tempered Glass,,3,False,DIYPC
Raidmax EVOL H07,,ATX Mid Tower,ATX,White / Black,,False,Tempered Glass,,2,False,Raidmax
Tempest Spook RGB,,ATX Mid Tower,ATX,White / Black,,False,Acrylic,,2,False,Tempest
Tempest Aura ARGB,,ATX Mid Tower,ATX,White / Black,,False,Acrylic,,2,False,Tempest
Tempest Vapor RGB,,ATX Mid Tower,ATX,White / Black,,False,Acrylic,,2,False,Tempest
Tempest Vapor RGB,,ATX Mid Tower,ATX,Black,,False,Acrylic,,2,False,Tempest
BitFenix Enso Mesh 4ARGB,,ATX Mid Tower,ATX,Black,,False,Tempered Glass,,2,False,BitFenix
Aerocool Trinity Mini V3,,MicroATX Mini Tower,Micro ATX,Pink,,False,Tempered Glass,28.1,2,False,Aerocool
SHARKOON VS7 Window,,ATX Mid Tower,ATX,Black,,False,Acrylic,47.0,2,False,SHARKOON
DIYPC Rainbow-Flash-F4,,ATX Mid Tower,ATX,White,,False,Tempered Glass,33.2,2,False,DIYPC
Cooler Master Elite 500,,ATX Mid Tower,ATX,Black,,False,Tempered Glass,38.0,2,False,Cooler Master
GAMDIAS APOLLO M1 ELITE,,ATX Mid Tower,ATX,Black,,False,Tempered Glass,,2,False,GAMDIAS
GAMDIAS APOLLO M2,,ATX Mid Tower,ATX,Black,,False,Tempered Glass,,2,False,GAMDIAS
GAMDIAS ARGUS E2,,ATX Mid Tower,ATX,Black,,False,Tempered Glass,,2,False,GAMDIAS
GAMDIAS ARGUS E4,,ATX Mid Tower,ATX,Black,,False,Tempered Glass,,2,False,GAMDIAS
GAMDIAS ARGUS E5,,ATX Mid Tower,ATX,Black,,False,Tempered Glass,,2,False,GAMDIAS
GAMDIAS ATHENA M1 ELITE,,ATX Mid Tower,ATX,Black,,False,Tempered Glass,,2,False,GAMDIAS
GAMDIAS ATHENA M2,,ATX Mid Tower,ATX,Black,,False,Tempered Glass,,2,False,GAMDIAS
Azza Opus 809,,ATX Mid Tower,ATX,Silver / Black,,False,Tinted Tempered Glass,,1,False,Azza
Raidmax P805 ARGB,,ATX Mid Tower,ATX,Black,,False,Tempered Glass,,2,False,Raidmax
Thermaltake Core P5 TG Ti,,ATX Mid Tower,ATX,Black,,False,Tempered Glass,115.4,6,False,Thermaltake
Geometric Future Model 6,,ATX Mid Tower,ATX,Black / Green,,False,Tinted Tempered Glass,43.5,4,False,Geometric Future
DIYPC IDX6,,ATX Mid Tower,ATX,White / Black,,False,Tempered Glass,52.9,2,False,DIYPC
MUSETEX T2,,Mini ITX Desktop,Mini ITX,Black,,False,Tempered Glass,16.6,2,False,MUSETEX
MSI MAG BUNKER,,ATX Mid Tower,ATX,Black,,False,Tempered Glass,45.1,2,False,MSI
Azza Iris 330S,,ATX Mid Tower,ATX,Black,,False,Tempered Glass,38.8,2,False,Azza
Azza Raven 420,,ATX Mid Tower,ATX,Black,,False,Tempered Glass,41.8,6,False,Azza
Azza Thor 320DF,,ATX Mid Tower,ATX,Black,,False,Tempered Glass,51.3,2,False,Azza
Azza Crimson 211G,,ATX Mid Tower,ATX,Black,,False,Tempered Glass,40.4,3,False,Azza
Azza Golem 221G,,ATX Mid Tower,ATX,Black,,False,Tempered Glass,40.4,3,False,Azza
Cougar Turret Mesh,,ATX Mid Tower,ATX,Black,,False,Tempered Glass,39.9,2,False,Cougar
Cougar Turret RGB,,ATX Mid Tower,ATX,Black,,False,Tempered Glass,39.9,2,False,Cougar
SSUPD Meshroom S,,ATX Mini Tower,ATX,Blue,,False,Mesh,14.9,0,False,SSUPD
SSUPD Meshroom S,,ATX Mini Tower,ATX,Gray,,False,Mesh,14.9,0,False,SSUPD
Jonsbo UMX1 Plus,,Mini ITX Desktop,Mini ITX,Silver / Black,,False,Tempered Glass,16.6,1,False,Jonsbo
Jonsbo V10,,Mini ITX Desktop,Mini ITX,Black,,False,Tempered Glass,18.2,0,False,Jonsbo
Raidmax I328,,ATX Mid Tower,ATX,Black,,False,Tempered Glass,34.8,2,False,Raidmax
CiT S012B,,MicroATX Desktop,Micro ATX,Black,300.0,True,Solid,12.2,2,False,CiT
Chieftec Chieftronic G1,,ATX Mid Tower,ATX,Black,,False,Tempered Glass,50.2,2,False,Chieftec
Jonsbo U4 Plus,,ATX Mid Tower,ATX,Black,,False,Tempered Glass,31.7,1,False,Jonsbo
RAIJINTEK PAEAN PREMIUM,,ATX Mid Tower,ATX,Silver,,False,Tempered Glass,90.6,2,False,RAIJINTEK
darkFlash BLADE-X,,ATX Mid Tower,ATX,Black,,False,Solid,82.6,2,False,darkFlash
OCPC MINI,,Mini ITX Test Bench,Mini ITX,Black / Red,,False,Solid,7.2,0,False,OCPC
Noua Demon T8,,ATX Mid Tower,ATX,Black,,False,Tempered Glass,36.1,2,False,Noua
Noua Diamond C101,,ATX Mid Tower,ATX,Black,,False,Tempered Glass,40.7,2,False,Noua
Noua Fobia L8,,MicroATX Mid Tower,Micro ATX,White,,False,Tempered Glass,32.7,2,False,Noua
Noua Fobia L7,,MicroATX Mid Tower,Micro ATX,Black,,False,Tempered Glass,32.7,2,False,Noua
Noua Fobia L5,,MicroATX Mid Tower,Micro ATX,Black,,False,Tempered Glass,37.2,2,False,Noua
Noua Ego Z5,,ATX Full Tower,ATX,Black,,False,Tempered Glass,104.6,2,False,Noua
Noua Icaris M5,,ATX Mid Tower,ATX,Black,,False,Tempered Glass,55.1,2,False,Noua
Noua Noob X13,,ATX Mid Tower,ATX,White,,False,Tempered Glass,34.0,2,False,Noua
Noua Ne-o F18,,ATX Mid Tower,ATX,Black,,False,Tempered Glass,43.8,2,False,Noua
Noua Utopia F15,,ATX Mid Tower,ATX,Black,,False,Tempered Glass,41.1,2,False,Noua
Noua Utopia F12,,ATX Mid Tower,ATX,Black,,False,Tempered Glass,40.4,3,False,Noua
Apevia Guardian-M,,ATX Mid Tower,ATX,White,,False,Tempered Glass,39.5,2,False,Apevia
Cooler Master MasterBox MB520,,ATX Mid Tower,ATX,Black / Blue,,False,Acrylic,50.4,2,False,Cooler Master
Thermaltake Versa H26,,ATX Mid Tower,ATX,White / Black,,False,Tempered Glass,,2,False,Thermaltake
GALAX REV-02,,ATX Mid Tower,ATX,White,,False,Tempered Glass,43.0,2,False,GALAX
Vetroo M03,,MicroATX Mini Tower,Micro ATX,Pink,,False,Tempered Glass,36.1,2,False,Vetroo
GameMax Spark,,MicroATX Mid Tower,Micro ATX,Gray,,False,Tempered Glass,26.5,1,False,GameMax
KOLINK BASTION RGB,,ATX Mid Tower,ATX,Black,,False,Tempered Glass,39.1,2,False,KOLINK
KOLINK BASTION RGB,,ATX Mid Tower,ATX,White,,False,Tempered Glass,39.1,2,False,KOLINK
KOLINK Ethereal,,ATX Mid Tower,ATX,Black,,False,Tempered Glass,40.6,2,False,KOLINK
Enermax MAKASHI MKII ARGB,,ATX Full Tower,ATX,Black,,False,Tempered Glass,,2,False,Enermax
In Win AIRFORCE,,ATX Full Tower,ATX,White / Multicolor,,False,Tempered Glass,76.6,2,False,In Win
DIYPC G1-ARGB,,ATX Mid Tower,ATX,Black,,False,Tempered Glass,43.3,2,False,DIYPC
DIYPC Gamemax-III-ARGB,,ATX Mid Tower,ATX,Black,,False,Tempered Glass,36.3,2,False,DIYPC
DIYPC IDX2-ARGB,,ATX Mid Tower,ATX,Gray / Black,,False,Tempered Glass,46.9,4,False,DIYPC
DIYPC S2-RGB,,ATX Mid Tower,ATX,Pink / Black,,False,Tempered Glass,44.9,2,False,DIYPC
DIYPC S3-LED,,ATX Mid Tower,ATX,White,,False,Acrylic,36.8,2,False,DIYPC
DIYPC Zetta-ARGB,,ATX Mid Tower,ATX,Black,,False,Tempered Glass,37.5,3,False,DIYPC
GameMax AutoBot II,,ATX Mid Tower,ATX,White / Orange,,False,Tempered Glass,106.4,1,False,GameMax
Rosewill CULLINAN PX RGB-ST,,ATX Mid Tower,ATX,,,False,Tempered Glass,,2,False,Rosewill
Phanteks Enthoo EVOLV SHIFT,,Mini ITX Tower,Mini ITX,Gray / Black,,False,Mesh,24.0,1,False,Phanteks
YEYIAN Abyss 2500,,ATX Mid Tower,ATX,Black,,False,Tempered Glass,40.7,2,False,YEYIAN
YEYIAN Hollow 2500,,ATX Mid Tower,ATX,White / Camo,,False,Tempered Glass,37.7,2,False,YEYIAN
BitFenix Saber Mesh,,ATX Mid Tower,ATX,White,,False,Tempered Glass,42.3,2,False,BitFenix
Sentey Stealth II,,ATX Mid Tower,ATX,Black,,False,Acrylic,30.6,2,False,Sentey
Thermaltake V100,,ATX Mid Tower,ATX,Black,,False,Acrylic,36.6,2,False,Thermaltake
SAMA M2,,ATX Mid Tower,ATX,,,False,Tempered Glass,39.2,2,False,SAMA
CherryTree Borg Cube,,ATX Desktop,ATX,Black,,False,Solid,55.3,0,False,Desconocida
CherryTree Borg Cube,,ATX Desktop,ATX,Black,,False,Tempered Glass,55.3,0,False,Desconocida
DARKROCK A8-X,,ATX Mid Tower,ATX,Black,,False,Tempered Glass,42.5,2,False,DARKROCK
SSUPD Meshroom S V2,,MicroATX Mini Tower,Micro ATX,Blue,,False,Mesh,14.9,2,False,SSUPD
SSUPD Meshroom S V2 w/PCIe 4.0 Riser,,MicroATX Mini Tower,Micro ATX,Blue,,False,Mesh,14.9,2,False,SSUPD
SSUPD Meshroom S V2 w/PCIe 4.0 Riser,,MicroATX Mini Tower,Micro ATX,Green,,False,Mesh,14.9,2,False,SSUPD
SSUPD Meshroom S V2 w/PCIe 4.0 Riser,,MicroATX Mini Tower,Micro ATX,Gray,,False,Mesh,14.9,2,False,SSUPD
SSUPD Meshroom S V2 w/PCIe 4.0 Riser,,MicroATX Mini Tower,Micro ATX,Blue / Yellow,,False,Mesh,14.9,2,False,SSUPD
Aerocool GT Advance,,ATX Mid Tower,ATX,Black,,False,Mesh,34.4,3,False,Aerocool
Aerocool GT Advance,,ATX Mid Tower,ATX,White,,False,Mesh,34.4,3,False,Aerocool
GameMax F36,,MicroATX Mini Tower,Micro ATX,White,,False,Tempered Glass,35.1,2,False,GameMax
DIYPC DIY-S08,,ATX Mid Tower,ATX,Pink / Black,,False,Tempered Glass,33.2,2,False,DIYPC
GameMax F45,,ATX Mid Tower,ATX,White / Yellow,,False,Tempered Glass,40.6,2,False,GameMax
SHARKOON Skiller SGC1 RGB,,ATX Mid Tower,ATX,Black,,False,Tempered Glass,47.3,3,False,SHARKOON
APNX C1-R,,ATX Mid Tower,ATX,Blue,,False,Tempered Glass,53.6,3,False,APNX
PC Cooler IE200,,ATX Mid Tower,ATX,White,,False,Tempered Glass,48.1,2,False,PC Cooler
Jonsbo U4 Pro,,ATX Mid Tower,ATX,Black,,False,Tempered Glass,34.5,1,False,Jonsbo
Cooler Master Elite 302 Lite,,MicroATX Mini Tower,Micro ATX,White / Black,,False,Tempered Glass,34.1,1,False,Cooler Master
Cooler Master Elite 502 Lite,,ATX Mid Tower,ATX,Black,,False,Tempered Glass,52.4,2,False,Cooler Master
Cooler Master Elite 502 Lite,,ATX Mid Tower,ATX,White,,False,Tempered Glass,52.4,2,False,Cooler Master
Xigmatek ZEUS,,ATX Full Tower,ATX,Black,,False,Tempered Glass,98.8,2,False,Xigmatek
Cougar OmnyX,,ATX Mid Tower,ATX,White,,False,Tempered Glass,73.3,2,False,Cougar
In Win 216,,ATX Mid Tower,ATX,White,,False,Tempered Glass,47.1,2,False,In Win
Silverstone CS01,2974.4,Mini ITX Tower,Mini ITX,Silver,,False,Solid,,2,True,SilverStone
In Win MANA136 WHITE,,ATX Mid Tower,ATX,White / Black,300.0,True,Acrylic,40.5,0,False,In Win
RAIJINTEK STYX,,MicroATX Mini Tower,Micro ATX,Red,,False,Acrylic,,3,False,RAIJINTEK
Noua Demon T7,,ATX Mid Tower,ATX,White / Black,,False,Tempered Glass,33.7,2,False,Noua
LC-Power Gaming 900W - Lumaxx Light,,ATX Mid Tower,ATX,White,,False,Tempered Glass,57.0,2,False,LC-Power
Silverstone GD04B,,HTPC,Mini ITX,Black,,False,Solid,21.3,2,False,SilverStone
RAIJINTEK STYX,,MicroATX Mini Tower,Micro ATX,Blue,,False,Acrylic,,3,False,RAIJINTEK
RAIJINTEK Thetis,,ATX Mid Tower,ATX,Silver,,False,Solid,27.7,2,False,RAIJINTEK
RAIJINTEK Thetis,,ATX Mid Tower,ATX,Black,,False,Acrylic,27.7,2,False,RAIJINTEK
In Win 307,,ATX Mid Tower,ATX,White,,False,Tinted Tempered Glass,,2,False,In Win
Jonsbo TR03-A,,ATX Mid Tower,ATX,Silver,,False,Tempered Glass,95.3,3,False,Jonsbo
Cougar MX660-T RGB,4805.0,ATX Mid Tower,ATX,Black,,False,Tempered Glass,50.0,2,True,Cougar
RAIJINTEK OPHION ELITE WHITE,,Mini ITX Tower,Mini ITX,White,,False,Mesh,24.9,3,False,RAIJINTEK
Chieftec Chieftronic M1,,MicroATX Mini Tower,Micro ATX,Black,,False,Tempered Glass,37.3,0,False,Chieftec
In Win AIRFORCE,,ATX Full Tower,ATX,Black,,False,Tempered Glass,76.6,2,False,In Win
GameMax F36,,MicroATX Mini Tower,Micro ATX,Black,,False,Tempered Glass,35.1,2,False,GameMax
Antec NSK3480,,MicroATX Mid Tower,Micro ATX,Black / Silver,380.0,True,Solid,24.3,1,False,Antec
Antec NSK 6582B,,ATX Mid Tower,ATX,Black,430.0,True,Solid,45.8,5,False,Antec
Antec NSK4482,,ATX Mid Tower,ATX,Black / Silver,380.0,True,Solid,34.9,3,False,Antec
Antec Six Hundred,,ATX Mid Tower,ATX,Black,,False,Acrylic,50.6,6,False,Antec
Antec Sonata Elite,,ATX Mid Tower,ATX,Black,,False,Solid,43.2,4,False,Antec
Apevia X-Dreamer,,ATX Mid Tower,ATX,White / Blue,,False,Solid,36.0,5,False,Apevia
Cooler Master Centurion 5,,ATX Mid Tower,ATX,Black / Silver,,False,Acrylic,42.0,4,False,Cooler Master
Cooler Master Elite 310,,ATX Mid Tower,ATX,Black / Blue,420.0,True,Solid,39.1,6,False,Cooler Master
Cooler Master Elite 310,,ATX Mid Tower,ATX,Black / Orange,460.0,True,Acrylic,39.1,6,False,Cooler Master
Cooler Master Centurion 5 II,,ATX Mid Tower,ATX,Black / White,,False,Acrylic,43.2,5,False,Cooler Master
Cooler Master Centurion 541,,MicroATX Mini Tower,Micro ATX,Black / Silver,400.0,True,Solid,29.4,2,False,Cooler Master
Gigabyte GZ-AABC61-CNB,,ATX Mid Tower,ATX,Black,,False,Solid,47.4,4,False,Gigabyte
Gigabyte GZ-KF01B,,ATX Mid Tower,ATX,Black,,False,Solid,26.5,5,False,Gigabyte
Gigabyte GZ-X7BMDX-400,,ATX Mid Tower,ATX,Black,,False,Solid,36.4,6,False,Gigabyte
Gigabyte Luxo X142,,ATX Mid Tower,ATX,Black,,False,Solid,38.5,4,False,Gigabyte
Gigabyte GZ-PH2A3,,ATX Mid Tower,ATX,Black,,False,Solid,26.5,5,False,Gigabyte
Antec M FusionRemote,,HTPC,Mini ITX,Black / Silver,350.0,True,Solid,17.8,1,False,Antec
Thermaltake Element T,,ATX Mid Tower,ATX,Black,,False,Solid,52.9,6,False,Thermaltake
Thermaltake V5 Black Edition,,ATX Mid Tower,ATX,Black,,False,Acrylic,56.3,3,False,Thermaltake
Thermaltake V3 Black Edition,,ATX Mid Tower,ATX,Black,430.0,True,Acrylic,38.5,4,False,Thermaltake
Rosewill ARMOR,,ATX Mid Tower,ATX,Black,,False,Solid,41.1,5,False,Rosewill
Rosewill FB-01,,ATX Mid Tower,ATX,Black,,False,Solid,,7,False,Rosewill
Rosewill FB-02,,ATX Mid Tower,ATX,Black,,False,Solid,30.2,7,False,Rosewill
Rosewill R102-P,,MicroATX Mid Tower,Micro ATX,Black,,False,Solid,25.3,4,False,Rosewill
Rosewill R103A,,ATX Mid Tower,ATX,Black,350.0,True,Solid,35.8,4,False,Rosewill
Rosewill R218-P,,ATX Mid Tower,ATX,Black,,False,Solid,34.9,4,False,Rosewill
Rosewill R218-P,,ATX Mid Tower,ATX,Black,450.0,True,Solid,34.9,4,False,Rosewill
Rosewill R519,,ATX Mid Tower,ATX,Black,500.0,True,Solid,35.6,5,False,Rosewill
Rosewill Smart One,,ATX Mid Tower,ATX,Black,,False,Solid,44.1,5,False,Rosewill
Rosewill TU-155 II 500,,ATX Mid Tower,ATX,Black,500.0,True,Acrylic,42.4,3,False,Rosewill
Rosewill Wind Knight,,ATX Mid Tower,ATX,Black,,False,Solid,46.6,5,False,Rosewill
HEC Blitz,,ATX Mid Tower,ATX,Black,,False,Solid,38.4,3,False,HEC
HEC 6C11BBX585,,ATX Mid Tower,ATX,Black,585.0,True,Solid,38.4,3,False,HEC
HEC 6C28BB8S,,ATX Mid Tower,ATX,Black,,False,Solid,34.8,5,False,HEC
HEC 6C28BBOH48D,,ATX Mid Tower,ATX,Black,485.0,True,Solid,38.4,5,False,HEC
Lian Li PC-K58,,ATX Mid Tower,ATX,Black,,False,Solid,52.9,4,False,Lian Li
Lian Li PC-K58,,ATX Mid Tower,ATX,Black,,False,Acrylic,52.9,4,False,Lian Li
Lian Li PC-K62R1,,ATX Mid Tower,ATX,Black,,False,Acrylic,50.7,4,False,Lian Li
Antec Two Hundred S,,ATX Mid Tower,ATX,Black,,False,Solid,42.1,6,False,Antec
Lian Li K60B,,ATX Mid Tower,ATX,Black,,False,Solid,52.9,4,False,Lian Li
Lian Li PC-Q06,,Mini ITX Test Bench,Mini ITX,Silver,,False,Solid,10.7,1,False,Lian Li
Lian Li PC-Q07R,,Mini ITX Tower,Mini ITX,Red,,False,Solid,11.2,1,False,Lian Li
Lian Li PC-Q08,,Mini ITX Tower,Mini ITX,Silver,,False,Solid,21.2,6,False,Lian Li
Lian Li PC-Q08,,Mini ITX Tower,Mini ITX,Red,,False,Solid,21.2,6,False,Lian Li
Lian Li PC-Q09,,Mini ITX Desktop,Mini ITX,Silver,80.0,True,Solid,5.5,0,False,Lian Li
Lian Li PC-Q09F,,Mini ITX Desktop,Mini ITX,White,150.0,True,Solid,6.3,0,False,Lian Li
Lian Li PC-Q11,,Mini ITX Tower,Mini ITX,Silver,,False,Solid,16.8,2,False,Lian Li
Lian Li PC-Q11,,Mini ITX Tower,Mini ITX,Black,,False,Solid,16.8,2,False,Lian Li
Lian Li PC-8N,,ATX Mid Tower,ATX,Black,,False,Acrylic,80.0,3,False,Lian Li
Lian Li PC-8NWX,,ATX Mid Tower,ATX,Black,,False,Acrylic,48.0,3,False,Lian Li
Lian Li PC-K56,,ATX Mid Tower,ATX,Black,,False,Solid,47.1,4,False,Lian Li
Lian Li PC-K56W,,ATX Mid Tower,ATX,Black,,False,Acrylic,47.1,4,False,Lian Li
Lian Li PC-A04,,MicroATX Mini Tower,Micro ATX,Silver,,False,Solid,,7,False,Lian Li
Lian Li PC-A70F,,ATX Full Tower,ATX,Black,,False,Solid,75.5,10,False,Lian Li
Lian Li PC-X900,,ATX Mid Tower,ATX,Red,,False,Acrylic,53.3,7,False,Lian Li
Lian Li PC-X500FX,,ATX Mid Tower,ATX,Black,,False,Acrylic,58.9,6,False,Lian Li
Lian Li PC-B10,,ATX Mid Tower,ATX,Black,,False,Solid,47.5,4,False,Lian Li
Lian Li PC-P80,,ATX Full Tower,ATX,Black,,False,Solid,88.7,6,False,Lian Li
Lian Li PC-A71F,,ATX Full Tower,ATX,Black,,False,Solid,79.3,10,False,Lian Li
Lian Li PC-A77F,,ATX Full Tower,ATX,Black,,False,Solid,76.9,9,False,Lian Li
Lian Li PC-B25F,,ATX Mid Tower,ATX,Black,,False,Solid,50.5,6,False,Lian Li
Lian Li PC-B25FWB,,ATX Mid Tower,ATX,Black,,False,Acrylic,50.8,6,False,Lian Li
Lian Li PC-P50,,ATX Mid Tower,ATX,Black,,False,Solid,50.8,3,False,Lian Li
Lian Li PC-P50,,ATX Mid Tower,ATX,Black / White,,False,Acrylic,50.8,3,False,Lian Li
Lian Li PC-C50,,HTPC,Mini ITX,Silver,,False,Solid,24.2,3,False,Lian Li
Lian Li PC-C50,,HTPC,Mini ITX,Black,,False,Solid,24.2,3,False,Lian Li
Lian Li PC-P50WB,,ATX Mid Tower,ATX,Black,,False,Acrylic,50.6,3,False,Lian Li
Lian Li PC-C32B,,HTPC,Mini ITX,Black,,False,Solid,37.4,4,False,Lian Li
Lian Li PC-C33B,,HTPC,Mini ITX,Black,,False,Solid,32.5,4,False,Lian Li
Lian Li PC-T1,,Mini ITX Test Bench,Mini ITX,Red,,False,Solid,21.1,1,False,Lian Li
Lian Li PC-V1020,,ATX Mid Tower,ATX,Silver,,False,Solid,55.5,7,False,Lian Li
Lian Li PC-V1020,,ATX Mid Tower,ATX,Black,,False,Solid,55.5,7,False,Lian Li
Lian Li PC-V1020,,ATX Mid Tower,ATX,Red,,False,Solid,55.5,7,False,Lian Li
Lian Li PC-V351,,MicroATX Desktop,Micro ATX,Silver,,False,Solid,27.1,2,False,Lian Li
Lian Li PC-V352,,MicroATX Desktop,Micro ATX,Silver,,False,Solid,30.4,3,False,Lian Li
Lian Li PC-V352,,MicroATX Desktop,Micro ATX,Red,,False,Solid,30.4,3,False,Lian Li
Lian Li PC-V354,,MicroATX Mini Tower,Micro ATX,Red,,False,Solid,32.9,7,False,Lian Li
Aerocool Qx-2000,,MicroATX Mini Tower,Micro ATX,Black,,False,Solid,28.0,2,False,Aerocool
Apevia X-Infinity,,ATX Mid Tower,ATX,Black / Gray,420.0,True,Acrylic,42.7,5,False,Apevia
Apevia X-Dreamer2,,ATX Mid Tower,ATX,Black,420.0,True,Acrylic,40.0,5,False,Apevia
Apevia X-Gear,,ATX Mid Tower,ATX,Silver,420.0,True,Acrylic,40.1,4,False,Apevia
Apevia X-Gear,,ATX Mid Tower,ATX,Black / Blue,420.0,True,Acrylic,40.1,4,False,Apevia
Apevia X-Gear,,ATX Mid Tower,ATX,Blue,420.0,True,Acrylic,40.1,4,False,Apevia
Apevia X-Plorer,,ATX Mid Tower,ATX,Black / Blue,,False,Acrylic,40.3,4,False,Apevia
Apevia MX-Pider,,ATX Full Tower,ATX,Black,500.0,True,Solid,50.9,4,False,Apevia
Apevia MX-Pleasure,,ATX Full Tower,ATX,Black,500.0,True,Acrylic,52.7,7,False,Apevia
Apevia MX-Pleasure,,ATX Full Tower,ATX,Black,500.0,True,Solid,52.7,7,False,Apevia
Apevia X-Cruiser Silver,,ATX Mid Tower,ATX,Silver,,False,Acrylic,40.1,5,False,Apevia
Apevia X-Cruiser2,,ATX Mid Tower,ATX,Black / Silver,,False,Acrylic,40.1,5,False,Apevia
Apevia X-Cruiser2,,ATX Mid Tower,ATX,Green / Silver,,False,Acrylic,40.1,5,False,Apevia
Apevia X-Cruiser2,,ATX Mid Tower,ATX,Pink / Silver,,False,Acrylic,40.1,5,False,Apevia
Apevia X-Cruiser2,,ATX Mid Tower,ATX,Red / Silver,,False,Acrylic,40.1,5,False,Apevia
Apevia X-Dreamer3,,ATX Mid Tower,ATX,Black,450.0,True,Solid,37.1,6,False,Apevia
Apevia X-Dreamer3,,ATX Mid Tower,ATX,Silver,,False,Acrylic,37.1,6,False,Apevia
Apevia X-Dreamer3,,ATX Mid Tower,ATX,Black,,False,Acrylic,37.1,6,False,Apevia
Apevia X-Telstar,,ATX Full Tower,ATX,Silver,,False,Acrylic,52.7,5,False,Apevia
Apevia X-Jupiter G-Type,,ATX Full Tower,ATX,Black,,False,Acrylic,64.5,6,False,Apevia
Apevia X-Jupiter G-Type,,ATX Full Tower,ATX,Blue,,False,Acrylic,64.5,6,False,Apevia
Apevia X-Master,,HTPC,Mini ITX,Black / Green,500.0,True,Solid,22.0,1,False,Apevia
Apevia X-Plorer2,,ATX Mid Tower,ATX,Black,450.0,True,Solid,39.2,5,False,Apevia
Apevia X-Plorer2,,ATX Mid Tower,ATX,Black,,False,Acrylic,39.2,5,False,Apevia
Apevia X-Plorer2,,ATX Mid Tower,ATX,Black / Blue,,False,Acrylic,39.2,5,False,Apevia
Apevia X-Plorer2,,ATX Mid Tower,ATX,Black / Green,,False,Acrylic,39.2,5,False,Apevia
Apevia X-Plorer2,,ATX Mid Tower,ATX,Black / Red,,False,Acrylic,39.2,5,False,Apevia
Apevia X-QBOII,,MicroATX Mini Tower,Micro ATX,Black / Silver,500.0,True,Acrylic,28.4,2,False,Apevia
Apevia X-QBOII,,MicroATX Mini Tower,Micro ATX,Black / Blue,500.0,True,Acrylic,28.4,2,False,Apevia
Apevia X-QBOII,,MicroATX Mini Tower,Micro ATX,Black / Green,500.0,True,Acrylic,28.4,2,False,Apevia
Apevia X-QBOII,,MicroATX Mini Tower,Micro ATX,Black / Silver,500.0,True,Solid,28.4,2,False,Apevia
Apevia X-QBOII,,MicroATX Mini Tower,Micro ATX,Black,500.0,True,Solid,28.4,2,False,Apevia
Apevia X-QBOII,,MicroATX Mini Tower,Micro ATX,Black / Red,500.0,True,Acrylic,28.4,2,False,Apevia
Apevia X-QPack,,MicroATX Desktop,Micro ATX,Black,420.0,True,Acrylic,22.7,2,False,Apevia
Apevia X-QPack2,,MicroATX Desktop,Micro ATX,Black / Silver,500.0,True,Acrylic,24.2,2,False,Apevia
Apevia X-QPack2,,MicroATX Desktop,Micro ATX,Black,500.0,True,Acrylic,24.2,2,False,Apevia
Apevia X-QPack2,,MicroATX Desktop,Micro ATX,Black / Blue,500.0,True,Acrylic,24.2,2,False,Apevia
Apevia X-QPack2,,MicroATX Desktop,Micro ATX,Black / Orange,500.0,True,Acrylic,24.2,2,False,Apevia
Apevia X-QPack2,,MicroATX Desktop,Micro ATX,Black / Red,500.0,True,Acrylic,24.2,2,False,Apevia
Apevia X-Sniper G-Type,,ATX Mid Tower,ATX,Black,,False,Acrylic,44.4,3,False,Apevia
Apevia X-Sniper G-Type,,ATX Mid Tower,ATX,Black / Silver,,False,Acrylic,44.4,3,False,Apevia
Apevia X-Sniper G-Type,,ATX Mid Tower,ATX,Black / Blue,,False,Acrylic,44.4,3,False,Apevia
Apevia X-Telstar-Jr G-Type,,ATX Mid Tower,ATX,Black,,False,Acrylic,42.3,3,False,Apevia
Apevia X-Telstar-Jr G-Type,,ATX Mid Tower,ATX,Black / Blue,,False,Acrylic,42.3,3,False,Apevia
Apevia X-Telstar-Jr G-Type,,ATX Mid Tower,ATX,Black / Red,,False,Acrylic,42.3,3,False,Apevia
Apevia X-Telstar-Jr S-Type,,ATX Mid Tower,ATX,Black,,False,Solid,42.3,3,False,Apevia
Apevia X-Telstar-Jr S-Type,,ATX Mid Tower,ATX,Black / Blue,,False,Solid,42.3,3,False,Apevia
Apevia X-Telstar-Jr S-Type,,ATX Mid Tower,ATX,Black / Green,,False,Solid,42.3,3,False,Apevia
NZXT Whisper,,ATX Full Tower,ATX,Black,,False,Solid,61.8,9,False,NZXT
NZXT Hush,,ATX Mid Tower,ATX,Silver,,False,Solid,41.4,5,False,NZXT
HEC 6T10BB,,MicroATX Mini Tower,Micro ATX,Black,,False,Solid,24.0,1,False,HEC
HEC 6K28BB8F,,MicroATX Mini Tower,Micro ATX,Black,,False,Solid,29.1,2,False,HEC
Apex TX-381-C,,MicroATX Mid Tower,Micro ATX,Black,,False,Solid,30.0,4,False,Apex
Apex PC-373-C,,ATX Mid Tower,ATX,Black,,False,Solid,33.2,5,False,Apex
HEC 6C28BS,,ATX Mid Tower,ATX,Black / Silver,,False,Solid,38.4,4,False,HEC
HEC 6C60BS,,ATX Mid Tower,ATX,Black / Silver,,False,Solid,38.4,4,False,HEC
HEC 6K28BBX585,,MicroATX Mini Tower,Micro ATX,Black,585.0,True,Solid,29.1,2,False,HEC
HEC 6K28BS,,MicroATX Mini Tower,Micro ATX,Black / Silver,,False,Solid,29.1,2,False,HEC
HEC 6K60BS,,MicroATX Mini Tower,Micro ATX,Black / Silver,,False,Solid,29.1,1,False,HEC
HEC 6T18BB,,MicroATX Mini Tower,Micro ATX,Black,,False,Solid,21.6,1,False,HEC
HEC 6XR8,,ATX Mid Tower,ATX,Black,,False,Solid,41.4,4,False,HEC
HEC 7106WW,,ATX Desktop,ATX,White,,False,Solid,28.7,2,False,HEC
HEC 7K09BBA30FNRX,,HTPC,Mini ITX,Black,300.0,True,Solid,12.8,1,False,HEC
HEC 7KJ9BBA30FNRX,,HTPC,Mini ITX,Black,300.0,True,Solid,12.8,1,False,HEC
HEC ITX200B,,HTPC,Mini ITX,Black / Silver,200.0,True,Solid,5.8,1,False,HEC
HEC 7KJ9,,HTPC,Mini ITX,Black,270.0,True,Solid,12.8,1,False,HEC
HEC 6C28BB8SOH58,,ATX Mid Tower,ATX,Black,585.0,True,Solid,,5,False,HEC
HEC 6C28BBX585,,ATX Mid Tower,ATX,Black,585.0,True,Solid,,5,False,HEC
HEC 6C28BSX585,,ATX Mid Tower,ATX,Black / Silver,585.0,True,Solid,38.4,4,False,HEC
HEC 6K11BBOH48D,,MicroATX Mini Tower,Micro ATX,Black,485.0,True,Solid,29.1,1,False,HEC
HEC 6K11BBX585,,MicroATX Mini Tower,Micro ATX,Black,585.0,True,Solid,29.1,1,False,HEC
HEC 6K28BBOH48D,,MicroATX Mini Tower,Micro ATX,Black,485.0,True,Solid,29.1,2,False,HEC
HEC 6K28BSOH48D,,MicroATX Mini Tower,Micro ATX,Black / Silver,485.0,True,Solid,29.1,2,False,HEC
HEC 6K28BSX585,,MicroATX Mini Tower,Micro ATX,Black / Silver,585.0,True,Solid,29.1,2,False,HEC
HEC 6K60BSX585,,MicroATX Mini Tower,Micro ATX,Black / Silver,585.0,True,Solid,29.1,1,False,HEC
HEC 6T10BBHP485D,,MicroATX Mini Tower,Micro ATX,Black,485.0,True,Solid,24.0,1,False,HEC
HEC 6T10BBHP585D,,MicroATX Mini Tower,Micro ATX,Black,585.0,True,Solid,24.0,1,False,HEC
Broadway Com Corp 1243MA,,ATX Mini Tower,ATX,Black,500.0,True,Solid,20.8,2,False,Broadway Com
Broadway Com Corp 943PK,,MicroATX Mid Tower,Micro ATX,Black,500.0,True,Solid,25.5,4,False,Broadway Com
Broadway Com Corp FX,,ATX Mid Tower,ATX,Black / Red,,False,Acrylic,34.8,5,False,Broadway Com
Broadway Com Corp R-800,,ATX Full Tower,ATX,Black,,False,Solid,60.2,5,False,Broadway Com
Broadway Com Corp R-810,,ATX Full Tower,ATX,Black,,False,Solid,60.2,5,False,Broadway Com
Broadway Com Corp Runner,,ATX Mid Tower,ATX,Black,,False,Acrylic,38.1,6,False,Broadway Com
NZXT Apollo,,ATX Mid Tower,ATX,Blue / Black,,False,Acrylic,61.8,4,False,NZXT
NZXT Tempest EVO,,ATX Mid Tower,ATX,White / Black,,False,Acrylic,61.8,8,False,NZXT
Apex MI-100,,Mini ITX Tower,Mini ITX,Black / Silver,250.0,True,Solid,8.5,1,False,Apex
Apex MI-100,,Mini ITX Tower,Mini ITX,Black,250.0,True,Solid,8.5,1,False,Apex
Apex PC-302-C,,ATX Mid Tower,ATX,Black / Silver,,False,Solid,33.2,4,False,Apex
Apex PC-389-C,,ATX Mid Tower,ATX,Black,,False,Solid,33.2,4,False,Apex
Apex TM-524,,MicroATX Mid Tower,Micro ATX,Black,,False,Solid,25.0,3,False,Apex
Apex TX-518,,MicroATX Mid Tower,Micro ATX,Black,300.0,True,Solid,30.0,4,False,Apex
Raidmax ATX-802BP,,ATX Mid Tower,ATX,Black,450.0,True,Solid,42.1,4,False,Raidmax
Athena Power CA-601B60,,ATX Full Tower,ATX,Black,600.0,True,Solid,50.6,4,False,Athena Power
Athena Power CA-1015CR25,,MicroATX Slim,Micro ATX,Black / Red,250.0,True,Solid,18.1,1,False,Athena Power
Athena Power CA-1015CR30,,MicroATX Slim,Micro ATX,Black / Red,300.0,True,Solid,18.1,1,False,Athena Power
Athena Power CA-1015IS25,,MicroATX Slim,Micro ATX,Black / Silver,250.0,True,Solid,18.1,1,False,Athena Power
Athena Power CA-1015IS40,,MicroATX Slim,Micro ATX,Black / Silver,400.0,True,Solid,18.1,1,False,Athena Power
Athena Power CA-601Y60,,ATX Full Tower,ATX,Yellow,600.0,True,Solid,50.6,4,False,Athena Power
Athena Power CA-601Y80,,ATX Full Tower,ATX,Yellow,800.0,True,Solid,50.6,4,False,Athena Power
Athena Power CA-601Y95,,ATX Full Tower,ATX,Yellow,950.0,True,Solid,50.6,4,False,Athena Power
Athena Power CA-601YW60,,ATX Full Tower,ATX,Yellow,600.0,True,Acrylic,50.6,4,False,Athena Power
Athena Power CA-601YW95,,ATX Full Tower,ATX,Yellow,950.0,True,Acrylic,50.6,4,False,Athena Power
Athenatech A100BB.350,,MicroATX Desktop,Micro ATX,Black / Silver,350.0,True,Solid,18.4,2,False,Athenatech
Athenatech A1089BR.150,,Mini ITX Tower,Mini ITX,Black / Red,150.0,True,Solid,9.9,1,False,Athenatech
Athenatech A1089HG.150,,Mini ITX Tower,Mini ITX,Black,150.0,True,Solid,9.9,1,False,Athenatech
Athenatech A301BS.400,,MicroATX Mini Tower,Micro ATX,Black / Silver,400.0,True,Solid,27.8,1,False,Athenatech
Athenatech A301BS.450,,MicroATX Mini Tower,Micro ATX,Black / Silver,450.0,True,Solid,27.8,1,False,Athenatech
Athenatech A3603BB.400,,MicroATX Mini Tower,Micro ATX,Black,400.0,True,Solid,26.9,4,False,Athenatech
Athenatech A412WW.400,,ATX Mid Tower,ATX,White,400.0,True,Solid,35.0,5,False,Athenatech
Athenatech A4224BB.400,,ATX Mid Tower,ATX,Black,400.0,True,Solid,35.0,4,False,Athenatech
Athenatech A43K5BL.400,,ATX Mid Tower,ATX,Black / Blue,400.0,True,Solid,33.9,4,False,Athenatech
Athenatech A5730BB.450,,ATX Mid Tower,ATX,Black,450.0,True,Solid,41.0,5,False,Athenatech
Athenatech A601BS.450,,ATX Mid Tower,ATX,Black,430.0,True,Solid,26.2,3,False,Athenatech
Athenatech A602BS450,,ATX Mid Tower,ATX,Black / Silver,450.0,True,Solid,26.2,3,False,Athenatech
Athenatech A605BL.450,,ATX Mid Tower,ATX,Black / Blue,430.0,True,Solid,26.2,3,False,Athenatech
Athenatech A605BR.450,,ATX Mid Tower,ATX,Black / Red,430.0,True,Solid,35.2,3,False,Athenatech
Dynapower C05.N17.M158,,ATX Mini Tower,ATX,Silver / Black,430.0,True,Solid,23.1,1,False,Desconocida
Dynapower C05.N63.M158,,ATX Mini Tower,ATX,Black,430.0,True,Solid,23.1,1,False,Desconocida
Dynapower CS-HM41602.1266,,ATX Mid Tower,ATX,Black / Red,450.0,True,Solid,42.7,4,False,Desconocida
Dynapower CS-NH3A-C760,,ATX Mid Tower,ATX,White,430.0,True,Solid,,4,False,Desconocida
Dynapower Prestige,,ATX Mid Tower,ATX,Black / White,430.0,True,Solid,40.5,5,False,Desconocida
Enermax ECA3180,,ATX Mid Tower,ATX,Black,,False,Solid,42.2,5,False,Enermax
Enermax ECA3180,,ATX Mid Tower,ATX,Black / Red,,False,Solid,42.2,5,False,Enermax
Enermax ECA3192,,ATX Mid Tower,ATX,Black,,False,Solid,41.5,5,False,Enermax
Enermax ECA3220,,ATX Mid Tower,ATX,Black,,False,Solid,49.9,4,False,Enermax
Foxconn KS136-ISO450,,MicroATX Mini Tower,Micro ATX,Black,350.0,True,Solid,24.0,4,False,Foxconn
Foxconn KS188-ISO450,,MicroATX Mini Tower,Micro ATX,Black / Silver,350.0,True,Solid,24.0,4,False,Foxconn
Foxconn RS-233(H)+DSL-150-4SS,,Mini ITX Tower,Mini ITX,Black / Silver,150.0,True,Solid,8.4,1,False,Foxconn
Foxconn RS-233+FSP150-50GLT-4SS,,Mini ITX Tower,Mini ITX,Black / Silver,150.0,True,Solid,8.4,1,False,Foxconn
Foxconn TLA+566(H+A)+ISO-400-4SS,,ATX Mid Tower,ATX,Black / Silver,350.0,True,Solid,33.2,4,False,Foxconn
Foxconn TLM-720+ISO-400,,MicroATX Mini Tower,Micro ATX,Black,,False,Solid,25.7,4,False,Foxconn
Foxconn TLM-776(H+A)-ISO-400-4SS,,MicroATX Mini Tower,Micro ATX,Black / Silver,300.0,True,Solid,25.7,4,False,Foxconn
Foxconn TLM-C01+ISO-400,,MicroATX Mini Tower,Micro ATX,Black / Silver,,False,Solid,25.7,4,False,Foxconn
Foxconn TLM-C03+ISO-400,,MicroATX Mini Tower,Micro ATX,Black / Silver,,False,Solid,25.7,4,False,Foxconn
Foxconn TSAA725-ISO450,,ATX Mid Tower,ATX,Black / Silver,350.0,True,Solid,29.7,4,False,Foxconn
Foxconn TW-001(H+A)+ISO-400-4SS,,MicroATX Mini Tower,Micro ATX,Black / Silver,300.0,True,Solid,25.1,1,False,Foxconn
Gigabyte Sumo 4112,,ATX Full Tower,ATX,Black,,False,Solid,53.1,5,False,Gigabyte
Gigabyte GZ-AA2CB-SNS,,ATX Mid Tower,ATX,Black,,False,Solid,44.1,3,False,Gigabyte
Gigabyte GZ-AA2CB-SNS,,ATX Mid Tower,ATX,Gray / Black,,False,Solid,44.1,3,False,Gigabyte
Gigabyte Setto 1000,,ATX Mid Tower,ATX,Black,,False,Solid,36.1,6,False,Gigabyte
Gigabyte GZ-KF03B,,ATX Mid Tower,ATX,Black,,False,Solid,26.5,5,False,Gigabyte
Gigabyte GZ-X2BPD-500,,ATX Mid Tower,ATX,Black,,False,Solid,36.0,3,False,Gigabyte
Gigabyte GZ-X5BPD-500,,ATX Mid Tower,ATX,Black,,False,Solid,36.1,3,False,Gigabyte
Gigabyte Luxo M1000,,ATX Mid Tower,ATX,Black,,False,Solid,37.1,4,False,Gigabyte
Gigabyte GZ-PH1A3,,ATX Mid Tower,ATX,Black / Gray,,False,Solid,26.5,5,False,Gigabyte
In Win Android,,ATX Mid Tower,ATX,Black / Silver,,False,Solid,51.6,3,False,In Win
In Win B2,,ATX Mid Tower,ATX,Black,,False,Solid,53.8,5,False,In Win
In Win BK623.BN300BL,,MicroATX Desktop,Micro ATX,Black,300.0,True,Solid,12.3,1,False,In Win
In Win BL641.300TBL,,MicroATX Slim,Micro ATX,Black,300.0,True,Solid,11.6,2,False,In Win
In Win BM650.AD160TBL,,Mini ITX Tower,Mini ITX,Black,160.0,True,Solid,6.8,0,False,In Win
In Win C589T.CQ350TBL,,ATX Mid Tower,ATX,Black,350.0,True,Solid,35.0,3,False,In Win
In Win C638T.CQ350TBL,,ATX Mid Tower,ATX,Black,350.0,True,Solid,35.0,3,False,In Win
In Win EA013.T350SL,,ATX Mid Tower,ATX,Black / Silver,,False,Solid,34.9,2,False,In Win
In Win EM006.T350SL+,,MicroATX Mini Tower,Micro ATX,Black / Silver,350.0,True,Solid,48.0,2,False,In Win
In Win EM013.T350SL,,MicroATX Mini Tower,Micro ATX,Black / White,,False,Solid,25.3,2,False,In Win
In Win EM023.T350SL,,MicroATX Mini Tower,Micro ATX,Black,,False,Solid,25.3,2,False,In Win
In Win Griffin,,ATX Mid Tower,ATX,Black,,False,Solid,37.1,5,False,In Win
In Win IW-BP655.200BL,,Mini ITX Tower,Mini ITX,Black,200.0,True,Solid,8.1,0,False,In Win
In Win IW-BQ656,,Mini ITX Tower,Mini ITX,Black,80.0,True,Solid,3.3,0,False,In Win
In Win IW-C589T.CQ350TBL,,ATX Mid Tower,ATX,Black,350.0,True,Solid,35.0,3,False,In Win
In Win IW-F430.RL,,ATX Mid Tower,ATX,Red / White,,False,Solid,43.8,3,False,In Win
In Win IW-V605T2.CQ350TBL,,MicroATX Mini Tower,Micro ATX,Black,350.0,True,Solid,22.9,1,False,In Win
In Win IW-Z583T.CQ350TBL,,MicroATX Mini Tower,Micro ATX,Black / Gray,350.0,True,Solid,24.2,1,False,In Win
In Win Ironclad,,ATX Full Tower,ATX,Black / White,,False,Solid,70.5,6,False,In Win
In Win S605T2.CQ350TBL,,ATX Mid Tower,ATX,Black,350.0,True,Solid,35.8,2,False,In Win
In Win Track,,ATX Mid Tower,ATX,Black / Silver,,False,Solid,45.7,3,False,In Win
In Win V564T2.CQ350TBL,,MicroATX Mini Tower,Micro ATX,Black / Silver,350.0,True,Solid,22.9,1,False,In Win
In Win V605T2.CQ350TBL,,MicroATX Mini Tower,Micro ATX,Black,350.0,True,Solid,22.9,1,False,In Win
In Win V627T2.CQ350TBL,,MicroATX Mini Tower,Micro ATX,Black,350.0,True,Solid,22.9,1,False,In Win
In Win Z583T.CQ350TBL,,MicroATX Mini Tower,Micro ATX,Black / Silver,350.0,True,Solid,24.2,1,False,In Win
In Win Z638T.CQ350TBL,,MicroATX Mini Tower,Micro ATX,Black,350.0,True,Solid,24.2,1,False,In Win
Raidmax Iceberg,,ATX Mid Tower,ATX,Silver,,False,Acrylic,55.2,4,False,Raidmax
Raidmax Tornado,,ATX Mid Tower,ATX,Black / Green,,False,Acrylic,42.1,5,False,Raidmax
Raidmax Tornado,,ATX Mid Tower,ATX,Black / Blue,,False,Acrylic,42.1,5,False,Raidmax
Raidmax Tornado,,ATX Mid Tower,ATX,Black / Yellow,,False,Acrylic,42.1,5,False,Raidmax
Raidmax Hurricane,,ATX Mid Tower,ATX,Black,,False,Acrylic,36.2,5,False,Raidmax
Raidmax Atlas ATX-295WB,,ATX Mid Tower,ATX,Black,,False,Acrylic,42.9,4,False,Raidmax
Raidmax Atlas ATX-298WB,,ATX Mid Tower,ATX,Black,,False,Acrylic,42.9,4,False,Raidmax
Raidmax Typhoon,,ATX Mid Tower,ATX,Black,,False,Acrylic,36.2,5,False,Raidmax
Raidmax Smilodon ATX-612WB,,ATX Mid Tower,ATX,Black,500.0,True,Acrylic,47.5,4,False,Raidmax
Raidmax Blackstorm ATX-615WW,,ATX Mid Tower,ATX,White / Blue,,False,Solid,47.7,1,False,Raidmax
Raidmax Enzo ATX-617WR,,ATX Mid Tower,ATX,Black / Red,,False,Acrylic,47.7,4,False,Raidmax
Raidmax Aztec,,ATX Mid Tower,ATX,Black / Orange,,False,Acrylic,47.5,4,False,Raidmax
Raidmax Fusion ATX-806WB,,ATX Mid Tower,ATX,Gray / Black,,False,Acrylic,41.0,5,False,Raidmax
Raidmax Helios ATX-819WB,,ATX Mid Tower,ATX,Black,,False,Acrylic,51.0,4,False,Raidmax
Raidmax Aura ATX-927WB,,ATX Mid Tower,ATX,Black,,False,Acrylic,40.0,3,False,Raidmax
Raidmax Aura ATX-927WB,,ATX Mid Tower,ATX,Green,,False,Acrylic,40.0,3,False,Raidmax
Raidmax Aura ATX-927WB,,ATX Mid Tower,ATX,Blue,,False,Acrylic,40.0,3,False,Raidmax
Raidmax Skyline ATX-948WB,,ATX Mid Tower,ATX,Black,,False,Acrylic,47.1,4,False,Raidmax
Raidmax Eclipse ATX-989WBBL,,ATX Mid Tower,ATX,Black,,False,Acrylic,42.1,3,False,Raidmax
Rosewill RC-CIX-01,,Mini ITX Tower,Mini ITX,Black,150.0,True,Solid,8.6,1,False,Rosewill
Rosewill RC-CIX-01,,Mini ITX Tower,Mini ITX,Black / Red,150.0,True,Solid,8.6,1,False,Rosewill
Silverstone FT01-B,,ATX Mid Tower,ATX,Black,,False,Solid,51.7,7,False,SilverStone
Silverstone FT01-B,,ATX Mid Tower,ATX,Black,,False,Acrylic,51.7,7,False,SilverStone
Silverstone FT02B,,ATX Mid Tower,ATX,Black,,False,Solid,64.8,5,False,SilverStone
Silverstone GD01B-MXR,,HTPC,Mini ITX,Black,,False,Solid,31.3,6,False,SilverStone
Silverstone KL02-B,,ATX Mid Tower,ATX,Black,,False,Acrylic,41.7,4,False,SilverStone
Silverstone KL03-B,,ATX Full Tower,ATX,Black,,False,Solid,68.2,4,False,SilverStone
Silverstone PS05-B,,ATX Mid Tower,ATX,Black,,False,Solid,43.0,4,False,SilverStone
Silverstone RV01-BW,,ATX Full Tower,ATX,Black,,False,Acrylic,113.1,6,False,SilverStone
Silverstone RV02B-EW,,ATX Full Tower,ATX,Black,,False,Acrylic,68.3,5,False,SilverStone
Silverstone RV02B-EW,,ATX Full Tower,ATX,White,,False,Acrylic,68.3,5,False,SilverStone
Silverstone SG01-BF,,MicroATX Desktop,Micro ATX,Black,,False,Solid,21.8,2,False,SilverStone
Silverstone SG04B-F,,MicroATX Mini Tower,Micro ATX,Black,,False,Solid,24.7,2,False,SilverStone
Silverstone SG07-B,,Mini ITX Desktop,Mini ITX,Black / Gray,600.0,True,Acrylic,14.6,1,False,SilverStone
Silverstone TJ09-B,,ATX Full Tower,ATX,Black,,False,Solid,66.6,6,False,SilverStone
Silverstone TJ09-BW,,ATX Full Tower,ATX,Black,,False,Acrylic,66.7,6,False,SilverStone
Silverstone TJ10-B,,ATX Full Tower,ATX,Black,,False,Solid,69.8,6,False,SilverStone
Sunbeam AC9B-T,,ATX Mid Tower,ATX,Clear,,False,Solid,49.5,4,False,Sunbeam
Sunbeam ACMI-P-HUVB,,Mini ITX Tower,Mini ITX,Clear,150.0,True,Acrylic,10.3,1,False,Sunbeam
Sunbeam ACMI-P-T,,Mini ITX Tower,Mini ITX,Clear,150.0,True,Acrylic,,1,False,Sunbeam
Sunbeam ACUF-T,,ATX Mid Tower,ATX,Clear,,False,Solid,33.8,2,False,Sunbeam
Sunbeam IC-AUT,,ATX Mid Tower,ATX,Black,,False,Solid,,3,False,Sunbeam
Sunbeam IC-FS,,ATX Mid Tower,ATX,Black,,False,Acrylic,38.6,3,False,Sunbeam
Sunbeam IC-TR-US-BA-WOPSU,,ATX Full Tower,ATX,Black / Silver,,False,Acrylic,47.8,6,False,Sunbeam
Sunbeam IC-VM,,ATX Mid Tower,ATX,Black,,False,Solid,31.0,5,False,Sunbeam
XClio A380BK,,ATX Full Tower,ATX,Black,,False,Acrylic,60.2,7,False,XClio
XClio A380COLOR,,ATX Full Tower,ATX,Black,,False,Acrylic,60.2,6,False,XClio
XClio A380COLOR-PLUS,,ATX Full Tower,ATX,Black,,False,Acrylic,65.4,6,False,XClio
XClio A380PLUS,,ATX Full Tower,ATX,Black,,False,Acrylic,65.4,7,False,XClio
XClio Blackhawk,,ATX Full Tower,ATX,Black,,False,Solid,59.7,8,False,XClio
XClio Color I,,ATX Mid Tower,ATX,Black,,False,Solid,41.6,5,False,XClio
XClio Coolbox Advanced,,ATX Mid Tower,ATX,Black,,False,Solid,34.0,5,False,XClio
XClio Godspeed 737,,ATX Mid Tower,ATX,Black,,False,Solid,39.8,5,False,XClio
XClio Godspeed 747,,ATX Mid Tower,ATX,Black,,False,Solid,39.8,5,False,XClio
XClio Godspeed Two Advanced,,ATX Mid Tower,ATX,Black,,False,Acrylic,44.3,5,False,XClio
XClio Nighthawk,,ATX Mid Tower,ATX,Black,,False,Acrylic,37.6,4,False,XClio
XClio Nighthawk Color,,ATX Mid Tower,ATX,Black,,False,Acrylic,39.8,4,False,XClio
XClio WTBK,,ATX Full Tower,ATX,Black,,False,Solid,69.8,6,False,XClio
XClio XCLIO 2000,,ATX Full Tower,ATX,Black,,False,Solid,93.3,12,False,XClio
Xigmatek Utgard Window,,ATX Mid Tower,ATX,Black,,False,Acrylic,51.7,4,False,Xigmatek
Xigmatek Utgard Mesh,,ATX Mid Tower,ATX,Black,,False,Solid,51.7,4,False,Xigmatek
Xion AXP-ARM001-BL,,ATX Mid Tower,ATX,Black,,False,Acrylic,38.3,5,False,Xion
Xion AXP100-001BK,,ATX Mid Tower,ATX,Black,,False,Acrylic,37.2,5,False,Xion
Xion AXP120-001BK,,ATX Mid Tower,ATX,Black,,False,Acrylic,40.3,5,False,Xion
Xion AXP300-001BK,,ATX Mid Tower,ATX,Black,,False,Solid,43.7,5,False,Xion
Xion XON-CBX01,,ATX Mid Tower,ATX,Black,,False,Acrylic,38.3,5,False,Xion
Xion XON-EC001,,ATX Mid Tower,ATX,Black,,False,Solid,43.7,5,False,Xion
Xion XON-EC001,,ATX Mid Tower,ATX,Black / Red,,False,Solid,43.7,5,False,Xion
Zalman LQ1000,,ATX Mid Tower,ATX,Black,,False,Solid,47.4,4,False,Zalman
Athenatech A100BB.270,,HTPC,Mini ITX,Black / Silver,270.0,True,Solid,18.5,2,False,Athenatech
Athenatech A100SC.350,,HTPC,Mini ITX,Gray / Silver,350.0,True,Solid,18.5,2,False,Athenatech
Athenatech A3708BS.450,,HTPC,Mini ITX,Black,450.0,True,Solid,,3,False,Athenatech
Silverstone LC10B-E,,HTPC,Mini ITX,Black,,False,Solid,30.9,7,False,SilverStone
Silverstone LC17-B,,HTPC,Mini ITX,Black,,False,Solid,30.9,6,False,SilverStone
Silverstone ML02B-MXR,,HTPC,Mini ITX,Black / Silver,120.0,True,Solid,12.4,1,False,SilverStone
XClio XCLIO 777Color,,ATX Full Tower,ATX,Black,,False,Solid,93.2,8,False,XClio
Xion AXP970-001BK,,ATX Mid Tower,ATX,Black,,False,Acrylic,40.0,3,False,Xion
Zalman HD160XT-S,,HTPC,Mini ITX,Silver / Gray,,False,Solid,32.2,5,False,Zalman
Zalman HD503,,HTPC,Mini ITX,Black,,False,Solid,34.5,3,False,Zalman
In Win BQ669.AD80TBL,,Mini ITX Tower,Mini ITX,Black,80.0,True,Solid,3.3,0,False,In Win
Silverstone SG06BB-450,,Mini ITX Desktop,Mini ITX,Black,450.0,True,Solid,11.0,1,False,SilverStone
Xion XON-160PCB,,ATX Mid Tower,ATX,Black / Silver,500.0,True,Solid,,5,False,Xion
Apevia ATX998KL,,ATX Mid Tower,ATX,Gray,420.0,True,Solid,39.6,4,False,Apevia
Lian Li PC-K59,,ATX Mid Tower,ATX,Black,,False,Solid,60.1,6,False,Lian Li
In Win Fanqua,,ATX Mid Tower,ATX,Black,,False,Solid,49.1,3,False,In Win
HEC 6C11BB,,ATX Mid Tower,ATX,Black,,False,Solid,34.8,3,False,HEC
Broadway Com Corp 101PA,,ATX Mid Tower,ATX,Black,500.0,True,Solid,32.8,6,False,Broadway Com
Apex Vortex 3610,,ATX Mid Tower,ATX,Black,,False,Solid,36.7,5,False,Apex
Apevia ATX998KL,,ATX Mid Tower,ATX,Gray,250.0,True,Solid,39.6,4,False,Apevia
Apex SK-393-C,,ATX Mid Tower,ATX,Black,,False,Solid,31.0,5,False,Apex
Enermax Spinerex,,ATX Full Tower,ATX,Black,,False,Solid,68.5,8,False,Enermax
Gigabyte GZ-X8BPDX-400,,ATX Mid Tower,ATX,Black / Silver,,False,Solid,36.1,6,False,Gigabyte
Gigabyte GZ-KX9,,ATX Mid Tower,ATX,Black / Silver,,False,Solid,32.8,5,False,Gigabyte
HEC 63R3BB,,ATX Mid Tower,ATX,Black,,False,Solid,35.2,4,False,HEC
In Win BUC,,ATX Mid Tower,ATX,Black,,False,Solid,51.4,5,False,In Win
In Win C583T.D400TBL,,ATX Mid Tower,ATX,Black / Silver,400.0,True,Solid,35.0,3,False,In Win
In Win EA035.CQ350SL,,ATX Mid Tower,ATX,Black / Silver,350.0,True,Solid,34.9,2,False,In Win
In Win EM035.CQ350SL,,MicroATX Mini Tower,Micro ATX,Black,350.0,True,Solid,25.3,1,False,In Win
In Win Z583T.D400TBL,,MicroATX Mini Tower,Micro ATX,Black / Silver,400.0,True,Solid,24.2,1,False,In Win
Lian Li PC-K57W,,ATX Mid Tower,ATX,Black,,False,Acrylic,49.9,3,False,Lian Li
Raidmax Reiter,,ATX Mid Tower,ATX,Black,,False,Solid,49.5,4,False,Raidmax
Silverstone RV03B-W,,ATX Full Tower,ATX,Black / White,,False,Acrylic,69.4,4,False,SilverStone
Sunbeam IC-QB-SVBK,,ATX Mid Tower,ATX,Black / Silver,,False,Acrylic,38.6,3,False,Sunbeam
Xigmatek Pantheon,,ATX Mid Tower,ATX,Black,,False,Acrylic,,4,False,Xigmatek
Xigmatek Utgard,,ATX Mid Tower,ATX,Black,,False,Solid,51.7,4,False,Xigmatek
Apevia X-Trooper-Jr,,ATX Mid Tower,ATX,Black,,False,Solid,29.8,3,False,Apevia
Apevia X-Trooper-Jr,,ATX Mid Tower,ATX,Black,450.0,True,Solid,29.8,3,False,Apevia
NZXT Beta,,ATX Mid Tower,ATX,Black,,False,Solid,42.8,5,False,NZXT
Apevia X-Trooper,,ATX Mid Tower,ATX,Black,450.0,True,Solid,44.8,6,False,Apevia
Cooler Master Elite 310,,ATX Mid Tower,ATX,Black / Orange,,False,Acrylic,39.1,6,False,Cooler Master
Broadway Com Corp A3728,,ATX Mid Tower,ATX,Black,,False,Solid,34.7,4,False,Broadway Com
Broadway Com Corp A5938,,ATX Mid Tower,ATX,Black,,False,Solid,40.4,5,False,Broadway Com
HEC 6T10LOH400,,MicroATX Mini Tower,Micro ATX,Black,400.0,True,Solid,24.0,2,False,HEC
HEC 98R9BB,,ATX Full Tower,ATX,Black,,False,Solid,78.6,5,False,HEC
In Win BM639.AD160TBL,,Mini ITX Tower,Mini ITX,Black,160.0,True,Solid,6.8,1,False,In Win
In Win EM020.T350SL,,MicroATX Mini Tower,Micro ATX,Black / Silver,,False,Solid,25.3,2,False,In Win
Lian Li PC-A05FNA,,ATX Mid Tower,ATX,Silver,,False,Solid,40.4,3,False,Lian Li
Lian Li PC-A71F USB3.0,,ATX Mid Tower,ATX,Black,,False,Solid,79.5,10,False,Lian Li
Lian Li PC-C60,,HTPC,Mini ITX,Silver,,False,Solid,33.1,6,False,Lian Li
Lian Li PC-P80NB,,ATX Full Tower,ATX,Black,,False,Solid,84.4,10,False,Lian Li
Lian Li PC-V600F,,MicroATX Mini Tower,Micro ATX,Silver,,False,Solid,34.5,5,False,Lian Li
Lian Li PC-V600F,,MicroATX Mini Tower,Micro ATX,Black,,False,Solid,34.5,5,False,Lian Li
Lian Li PC-V600F,,MicroATX Mini Tower,Micro ATX,Red,,False,Solid,34.5,5,False,Lian Li
Lian Li PC-V600F,,MicroATX Mini Tower,Micro ATX,Black,,False,Acrylic,34.5,5,False,Lian Li
Lian Li PC-Z60B,,ATX Mid Tower,ATX,Black,,False,Solid,47.5,6,False,Lian Li
Lian Li PC-Z70B,,ATX Full Tower,ATX,Black,,False,Solid,77.7,9,False,Lian Li
Logisys CS1200BK,,ATX Mid Tower,ATX,Black,,False,Solid,47.9,5,False,Logisys
Logisys CS2006BK,,ATX Mid Tower,ATX,Black,480.0,True,Solid,38.5,5,False,Logisys
Logisys CS301BK,,ATX Mid Tower,ATX,Black,480.0,True,Solid,34.5,5,False,Logisys
Raidmax ATX-298WW,,ATX Mid Tower,ATX,Black / White,,False,Acrylic,42.9,4,False,Raidmax
Sunbeam IC-EVO,,ATX Mid Tower,ATX,Black,,False,Acrylic,38.5,5,False,Sunbeam
TUNIQ IC-TQ3-US,,ATX Mid Tower,ATX,Black,,False,Acrylic,,3,False,Desconocida
Thermaltake Soprano DX,,ATX Mid Tower,ATX,Black,,False,Solid,49.8,5,False,Thermaltake
XClio Blue I,,ATX Mid Tower,ATX,Black,,False,Solid,41.6,5,False,XClio
Xion XON-180,,ATX Mid Tower,ATX,Black,,False,Solid,29.5,4,False,Xion
Zalman GS1200,,ATX Full Tower,ATX,Black,,False,Solid,93.7,6,False,Zalman
nMEDIAPC HTPC 1000B,,HTPC,Mini ITX,Black,,False,Solid,24.4,4,False,nMEDIAPC
nMEDIAPC HTPC 3000B,,HTPC,Mini ITX,Black,,False,Solid,28.9,6,False,nMEDIAPC
nMEDIAPC HTPC 6000B,,HTPC,Mini ITX,Silver / Black,,False,Solid,29.9,5,False,nMEDIAPC
Raidmax ATX-615WUP,,ATX Mid Tower,ATX,White / Blue,500.0,True,Solid,47.7,4,False,Raidmax
Raidmax ATX-948WBP,,ATX Mid Tower,ATX,Black,450.0,True,Acrylic,47.1,4,False,Raidmax
Sentey PS2-3268,,ATX Mid Tower,ATX,Black / Silver,,False,Solid,38.8,4,False,Sentey
Raidmax ATX-948WSP,,ATX Mid Tower,ATX,Black / Silver,450.0,True,Acrylic,47.1,4,False,Raidmax
Sentey DS1-4234,,ATX Mid Tower,ATX,Black,,False,Solid,38.8,4,False,Sentey
Raidmax ATX-305WBP,,ATX Mid Tower,ATX,Black,450.0,True,Solid,49.5,4,False,Raidmax
Diablotek CPA-3570,,ATX Mid Tower,ATX,Black,,False,Solid,38.4,4,False,Diablotek
Sentey CS1-1396,,ATX Mid Tower,ATX,Black,,False,Solid,27.8,5,False,Sentey
Sentey BX2-4260 v2.3,,ATX Mid Tower,ATX,Black,,False,Acrylic,39.1,5,False,Sentey
nMEDIAPC HTPC 2000B,,HTPC,Mini ITX,Silver / Black,,False,Solid,29.9,6,False,nMEDIAPC
Sentey BX1-4246 v2.1,,ATX Mid Tower,ATX,Black,,False,Solid,40.2,4,False,Sentey
Linkworld 43706-228FU+P04,,MicroATX Mid Tower,Micro ATX,Black,430.0,True,Solid,23.2,2,False,Linkworld
Linkworld 431-06 C.2222,,ATX Mid Tower,ATX,Black,500.0,True,Solid,31.2,5,False,Linkworld
Linkworld 313-11(3131-11),,ATX Mid Tower,ATX,Black / Silver,500.0,True,Solid,63.2,6,False,Linkworld
Sentey GS-6400 - ARVINA,,ATX Full Tower,ATX,Black,,False,Solid,60.7,5,False,Sentey
Sentey BX1-4283 v2.3,,ATX Mid Tower,ATX,Black,,False,Acrylic,40.2,4,False,Sentey
Sentey BX1-4284 v2.3,,ATX Mid Tower,ATX,Black,,False,Acrylic,40.2,4,False,Sentey
Sigma PHANTOM-WB,,ATX Mid Tower,ATX,Black,,False,Acrylic,47.7,4,False,Sigma
Sigma BLITZ-WB,,ATX Mid Tower,ATX,Black,,False,Acrylic,46.6,4,False,Sigma
Sentey BX2-4291 v2.3,,ATX Mid Tower,ATX,Black,,False,Acrylic,39.1,5,False,Sentey
Sigma Pluto-WB,,ATX Mid Tower,ATX,Black,,False,Acrylic,41.5,5,False,Sigma
Sentey BX1-4237 v2.1,,ATX Mid Tower,ATX,Black,,False,Solid,40.2,4,False,Sentey
Sentey CS1-1399,,ATX Mid Tower,ATX,Black,250.0,True,Solid,27.8,2,False,Sentey
Sentey PS2-3270,,ATX Mid Tower,ATX,Black / Silver,250.0,True,Solid,38.8,4,False,Sentey
Sentey PS2-3271,,ATX Mid Tower,ATX,Black,250.0,True,Solid,38.8,4,False,Sentey
Linkworld Q319-C8888-P4,,ATX Mid Tower,ATX,Silver,500.0,True,Solid,42.4,6,False,Linkworld
Sentey PS2-3272,,ATX Mid Tower,ATX,Black,250.0,True,Solid,38.8,4,False,Sentey
Apevia X-Dreamer,,ATX Mid Tower,ATX,Black,420.0,True,Solid,36.0,5,False,Apevia
BitFenix Colossus,,ATX Full Tower,ATX,Black,,False,Solid,79.0,7,False,BitFenix
BitFenix Merc Beta,,ATX Mid Tower,ATX,Black,,False,Solid,40.5,6,False,BitFenix
BitFenix Survivor Core,,ATX Mid Tower,ATX,Black,,False,Solid,45.8,6,False,BitFenix
BitFenix Survivor,,ATX Mid Tower,ATX,Black,,False,Solid,45.8,6,False,BitFenix
Cooler Master Elite 330 Upgraded,,ATX Mid Tower,ATX,Black / Silver,,False,Solid,40.5,5,False,Cooler Master
nMEDIAPC HTPC 5000S,,HTPC,Mini ITX,Silver / Black,,False,Solid,24.4,4,False,nMEDIAPC
Silverstone PS06B-W,,ATX Mid Tower,ATX,Black / Blue,,False,Acrylic,57.2,4,False,SilverStone
In Win BM639.AD160TSL,,Mini ITX Tower,Mini ITX,Black / Silver,160.0,True,Solid,6.8,1,False,In Win
Lian Li PC-K9B,,ATX Mid Tower,ATX,Black,,False,Solid,49.9,6,False,Lian Li
Lian Li PC-8NW USB3.0,,ATX Mid Tower,ATX,Black,,False,Acrylic,46.2,3,False,Lian Li
Lian Li PC-K9WX,,ATX Mid Tower,ATX,Black,,False,Acrylic,49.9,6,False,Lian Li
Lian Li PC-60FN USB3.0,,ATX Mid Tower,ATX,Black,,False,Solid,48.0,4,False,Lian Li
Lian Li PC-V353,,HTPC,Mini ITX,Black,,False,Solid,32.7,2,False,Lian Li
Lian Li PC-V353,,HTPC,Mini ITX,Silver,,False,Solid,32.7,2,False,Lian Li
Lian Li PC-7FN USB 3.0,,ATX Mid Tower,ATX,Black,,False,Solid,,4,False,Lian Li
NZXT Tempest 410,,ATX Mid Tower,ATX,Black,,False,Solid,51.1,8,False,NZXT
Apevia X-Telstar-Jr G-Type,,ATX Mid Tower,ATX,Black / Green,,False,Acrylic,42.3,3,False,Apevia
Apevia X-Jupiter G-Type,,ATX Full Tower,ATX,Silver,,False,Acrylic,64.5,6,False,Apevia
Apevia X-Telstar,,ATX Full Tower,ATX,Black / Blue,,False,Acrylic,52.7,5,False,Apevia
Apevia X-Dreamer,,ATX Mid Tower,ATX,Black,420.0,True,Acrylic,36.0,5,False,Apevia
Apevia X-Dreamer2,,ATX Mid Tower,ATX,Blue,420.0,True,Acrylic,40.0,5,False,Apevia
Apevia X-Dreamer,,ATX Mid Tower,ATX,Silver,420.0,True,Acrylic,36.0,5,False,Apevia
Apevia X-Dreamer2,,ATX Mid Tower,ATX,Green,420.0,True,Acrylic,40.0,5,False,Apevia
Apevia X-Jupiter G-Type,,ATX Full Tower,ATX,Gray,,False,Acrylic,64.5,6,False,Apevia
Apevia X-Dreamer,,ATX Mid Tower,ATX,Silver,420.0,True,Solid,36.0,5,False,Apevia
Apevia X-Jupiter G-Type,,ATX Full Tower,ATX,Silver,,False,Solid,66.3,6,False,Apevia
Linkworld 431-06 C.2828,,ATX Mid Tower,ATX,Silver,500.0,True,Solid,31.2,5,False,Linkworld
Gigabyte GZ-F5HEB,,ATX Mid Tower,ATX,Black,,False,Solid,28.7,5,False,Gigabyte
HEC 6BRBBB,,ATX Mid Tower,ATX,Black,,False,Solid,38.3,4,False,HEC
Gigabyte GZ-X2SPD-500,,ATX Mid Tower,ATX,White,,False,Solid,36.5,3,False,Gigabyte
Linkworld 6280-01,,HTPC,Mini ITX,Black / Silver,400.0,True,Solid,21.1,1,False,Linkworld
Gigabyte GZ-F2HEB,,ATX Mid Tower,ATX,Black,,False,Solid,28.7,5,False,Gigabyte
Linkworld 3210-04-C2628,,ATX Mid Tower,ATX,Black / Silver,,False,Acrylic,36.8,5,False,Linkworld
HEC 6K11BB,,MicroATX Mini Tower,Micro ATX,Black,,False,Solid,26.4,1,False,HEC
Linkworld 43715-128FU+P04,,MicroATX Mini Tower,Micro ATX,Black,430.0,True,Solid,23.2,1,False,Linkworld
XClio Touch 320,,ATX Mid Tower,ATX,Black,,False,Solid,56.5,8,False,XClio
Xion XON-403,,ATX Mid Tower,ATX,Black / Silver,,False,Acrylic,33.4,5,False,Xion
nMEDIAPC HTPC 1000B,,HTPC,Mini ITX,Silver / Black,,False,Solid,24.4,4,False,nMEDIAPC
XClio Touch 767,,ATX Full Tower,ATX,Black,,False,Solid,56.5,6,False,XClio
XClio Touch 787,,ATX Full Tower,ATX,Black,,False,Solid,56.5,6,False,XClio
Silverstone Fortress Series FT02S,,ATX Full Tower,ATX,Silver,,False,Acrylic,64.8,5,False,SilverStone
Azza Triton 401,,ATX Mid Tower,ATX,Black,,False,Solid,47.6,4,False,Azza
Azza Hurrican 2000R,,ATX Full Tower,ATX,Black,,False,Acrylic,82.0,6,False,Azza
Enermax Fulmo Advance,,ATX Mid Tower,ATX,Black,,False,Solid,57.5,6,False,Enermax
Foxconn RM233+DSI250P,,Mini ITX Tower,Mini ITX,Black / Silver,250.0,True,Solid,9.1,1,False,Foxconn
Foxconn RM338+FSP150-50GL,,Mini ITX Tower,Mini ITX,Black / Silver,150.0,True,Solid,9.1,1,False,Foxconn
In Win IW-V508T2X.L+,,MicroATX Mini Tower,Micro ATX,White,,False,Solid,22.9,1,False,In Win
Apevia X-Telstar,,ATX Full Tower,ATX,Black / Red,,False,Acrylic,52.7,5,False,Apevia
Apevia X-Telstar,,ATX Full Tower,ATX,Black / Green,,False,Acrylic,52.7,5,False,Apevia
Lian Li PC-C37U,,HTPC,Mini ITX,Black,300.0,True,Solid,18.4,2,False,Lian Li
In Win Dragon Rider,,ATX Full Tower,ATX,White / Black,,False,Solid,76.6,6,False,In Win
Sentey GS-6000,,ATX Mid Tower,ATX,Black,,False,Solid,42.5,4,False,Sentey
Sentey BX2-4260 v2.1,,ATX Mid Tower,ATX,Black,,False,Solid,39.1,5,False,Sentey
Sentey GS-6070 Abaddom,,ATX Mid Tower,ATX,Black,,False,Solid,42.5,4,False,Sentey
Sentey CS1-1397,,ATX Mid Tower,ATX,Black,,False,Solid,27.8,2,False,Sentey
Sentey BX1-4285 v2.1,,ATX Mid Tower,ATX,Black,,False,Solid,40.2,4,False,Sentey
Rosewill RZLS142A-P YE,,ATX Mid Tower,ATX,Black / Yellow,,False,Solid,35.7,4,False,Rosewill
Sentey GS-6050 Halcon,,ATX Mid Tower,ATX,Black,,False,Solid,42.5,4,False,Sentey
Sigma ATLANTIS,,ATX Mid Tower,ATX,Blue,,False,Solid,74.1,4,False,Sigma
Sentey GS-6600 Wolf,,ATX Full Tower,ATX,Black,,False,Solid,60.7,5,False,Sentey
Sigma ZEN-WAR,,ATX Mid Tower,ATX,Black / Silver,,False,Acrylic,74.1,3,False,Sigma
Sigma ZEN-WAR,,ATX Mid Tower,ATX,Green,,False,Acrylic,74.1,3,False,Sigma
Logisys CS309Bk,,ATX Mid Tower,ATX,Black,480.0,True,Acrylic,31.8,1,False,Logisys
Sentey GS-6500B,,ATX Full Tower,ATX,Black / Blue,,False,Solid,61.0,5,False,Sentey
Sentey GS-6400W - ARVINA,,ATX Full Tower,ATX,White / Black,,False,Solid,60.7,5,False,Sentey
BitFenix Raider,,ATX Mid Tower,ATX,Black,,False,Solid,,6,False,BitFenix
Cooler Master Elite 370,,ATX Mid Tower,ATX,Black,400.0,True,Solid,38.7,5,False,Cooler Master
Lian Li PC-6,,ATX Mid Tower,ATX,Black,,False,Solid,,3,False,Lian Li
Lian Li PC-C32B USB3.0,,HTPC,Mini ITX,Black,,False,Solid,37.4,4,False,Lian Li
Lian Li PC-B10 USB3.0,,ATX Mid Tower,ATX,Black,,False,Solid,46.4,4,False,Lian Li
Lian Li PC-K65,,ATX Mid Tower,ATX,Black,,False,Solid,50.1,6,False,Lian Li
Lian Li PC-K56 N,,ATX Mid Tower,ATX,Black,,False,Solid,50.1,3,False,Lian Li
Raidmax Super Hurricane,,ATX Mid Tower,ATX,Black / Blue,,False,Acrylic,36.7,4,False,Raidmax
Raidmax Super Hurricane,,ATX Mid Tower,ATX,Black / Silver,,False,Acrylic,36.7,4,False,Raidmax
Cougar Solution RSB400,,ATX Mid Tower,ATX,Black,400.0,True,Solid,40.7,6,False,Cougar
Raidmax ATX-321WB,,ATX Mid Tower,ATX,Black / Orange,,False,Acrylic,42.6,4,False,Raidmax
In Win IW-BW138.CQ450TBL,,ATX Mid Tower,ATX,Black,,False,Solid,34.9,4,False,In Win
Raidmax Seiran,,ATX Mid Tower,ATX,White / Black,,False,Solid,45.3,6,False,Raidmax
Xion XON-990,,ATX Mid Tower,ATX,Black,,False,Solid,53.0,5,False,Xion
Raidmax Viper,,ATX Mid Tower,ATX,Red / Black,,False,Acrylic,42.6,4,False,Raidmax
Raidmax Seiran,,ATX Mid Tower,ATX,Red / Black,,False,Solid,45.3,6,False,Raidmax
HEC 6T10LOH585,,MicroATX Mini Tower,Micro ATX,Black,585.0,True,Solid,24.0,2,False,HEC
Antec One Illusion,,ATX Mid Tower,ATX,Black,,False,Solid,44.2,5,False,Antec
Lian Li PC-Q15,,HTPC,Mini ITX,Silver,300.0,True,Solid,14.6,1,False,Lian Li
Lian Li PC-Q09FN,,HTPC,Mini ITX,Silver,300.0,True,Solid,7.5,1,False,Lian Li
Lian Li PC-V700,,ATX Mid Tower,ATX,Black,,False,Acrylic,41.7,6,False,Lian Li
Lian Li PC-Q15,,HTPC,Mini ITX,Black,300.0,True,Solid,14.6,1,False,Lian Li
Lian Li PC-V700,,ATX Mid Tower,ATX,Black,,False,Solid,41.7,6,False,Lian Li
Lian Li PC-Q18,,HTPC,Mini ITX,Silver,,False,Solid,20.9,6,False,Lian Li
Lian Li PC-Q25A,,Mini ITX Tower,Mini ITX,Silver,,False,Solid,20.2,7,False,Lian Li
NZXT Phantom 410,,ATX Mid Tower,ATX,Black / White,,False,Acrylic,58.5,6,False,NZXT
BitFenix Colossus Window,,ATX Full Tower,ATX,White,,False,Acrylic,79.0,7,False,BitFenix
BitFenix Shinobi Window,,ATX Mid Tower,ATX,White,,False,Acrylic,46.2,7,False,BitFenix
BitFenix Colossus Venom Window,,ATX Full Tower,ATX,Black,,False,Acrylic,79.4,7,False,BitFenix
Fractal Design Define R4,,ATX Mid Tower,ATX,Black / Gray,,False,Solid,56.0,8,False,Fractal Design
XClio 320,,ATX Mid Tower,ATX,Black,,False,Solid,43.7,8,False,XClio
DIYPC SW-713,,ATX Mid Tower,ATX,Black,,False,Solid,41.2,2,False,DIYPC
DIYPC SW-9001,,ATX Mid Tower,ATX,Black,,False,Solid,41.2,2,False,DIYPC
Lian Li PC-Q02,,Mini ITX Tower,Mini ITX,Silver,300.0,True,Solid,6.8,1,False,Lian Li
BitFenix Colossus,,ATX Full Tower,ATX,White,,False,Solid,79.0,7,False,BitFenix
Thermaltake ARMOR REVO,,ATX Full Tower,ATX,Black,,False,Acrylic,82.0,6,False,Thermaltake
HEC 6T16BB,,ATX Mini Tower,ATX,Black,,False,Solid,24.0,2,False,HEC
Zalman GS1000 SE,,ATX Full Tower,ATX,Black,,False,Solid,94.7,6,False,Zalman
Rosewill RPS-01,,ATX Mid Tower,ATX,Black / Silver,500.0,True,Acrylic,45.7,6,False,Rosewill
Gigabyte GZ-ZIF138R,,ATX Mid Tower,ATX,Black,,False,Solid,33.3,4,False,Gigabyte
Cougar Evolution,,ATX Mid Tower,ATX,White,,False,Acrylic,59.8,4,False,Cougar
In Win K1 STANDARD,,Mini ITX Desktop,Mini ITX,Black,120.0,True,Solid,4.7,0,False,In Win
Gigabyte GZ-AXBS11-CNB,,ATX Mid Tower,ATX,Black,,False,Solid,42.9,6,False,Gigabyte
Silverstone LC10B-E-USB3.0,,HTPC,Mini ITX,Black,,False,Solid,31.1,7,False,SilverStone
Sentey GS-6070 II Abaddom,,ATX Mid Tower,ATX,Black,,False,Acrylic,42.5,4,False,Sentey
Sentey CS1-1420 TAC2.0,,ATX Mid Tower,ATX,Black,,False,Solid,30.3,5,False,Sentey
In Win Z670T.CQ350TBL,,MicroATX Mini Tower,Micro ATX,Black,350.0,True,Solid,24.2,2,False,In Win
Gigabyte GZ-ZIF338R,,ATX Mid Tower,ATX,Black,,False,Solid,33.3,4,False,Gigabyte
Topower TP-4107BB-400,,ATX Mid Tower,ATX,Black,400.0,True,Solid,30.6,5,False,Topower
Athena Power CA-GSB01DA,,ATX Mid Tower,ATX,Black,,False,Acrylic,41.1,4,False,Athena Power
Raidmax ATX-605BW,,ATX Mid Tower,ATX,Black / White,,False,Solid,75.6,6,False,Raidmax
Lian Li PC-Q16,,Mini ITX Tower,Mini ITX,Silver,300.0,True,Solid,9.2,1,False,Lian Li
Lian Li PC-A55,,ATX Mid Tower,ATX,Black,,False,Solid,31.8,2,False,Lian Li
Topower TP-1687BB-300,,MicroATX Desktop,Micro ATX,Black / White,300.0,True,Solid,15.4,1,False,Topower
Lian Li PC-Q03,,Mini ITX Tower,Mini ITX,Silver,,False,Solid,10.2,1,False,Lian Li
Lian Li PC-Q16,,Mini ITX Tower,Mini ITX,Black,300.0,True,Solid,9.2,1,False,Lian Li
Apex PCV-588,,ATX Mid Tower,ATX,Black,,False,Acrylic,39.9,6,False,Apex
In Win BL641S.300TBL,,MicroATX Slim,Micro ATX,Black,300.0,True,Solid,11.6,2,False,In Win
Silverstone RL01B-USB 3.0,,ATX Mid Tower,ATX,Black,,False,Solid,40.9,5,False,SilverStone
Sentey GS-6700 SPIDER,,ATX Full Tower,ATX,Black,,False,Solid,60.7,5,False,Sentey
Cougar Solution AF-2,,ATX Mid Tower,ATX,Black / Green,,False,Solid,40.7,6,False,Cougar
Sentey GS-6410 ARVINA PLUS,,ATX Full Tower,ATX,Black,,False,Acrylic,60.7,5,False,Sentey
Sentey GS-6510 BURTON PLUS,,ATX Full Tower,ATX,Black,,False,Acrylic,60.7,5,False,Sentey
Lian Li PC-K56N USB 3.0,,ATX Mid Tower,ATX,Black,,False,Solid,50.1,3,False,Lian Li
Lian Li PC-V750,,ATX Full Tower,ATX,Black,,False,Solid,99.4,9,False,Lian Li
Silverstone LC20B-M-USB3.0,,HTPC,Mini ITX,Black,,False,Solid,31.2,6,False,SilverStone
In Win GR One,,ATX Full Tower,ATX,Gray / Black,,False,Acrylic,81.0,8,False,In Win
Lian Li PC-B12,,ATX Mid Tower,ATX,Black,,False,Solid,49.3,3,False,Lian Li
Lian Li PC-X2000FNB,,ATX Full Tower,ATX,Black,,False,Solid,75.4,9,False,Lian Li
Topower TP-4106BB,,ATX Mid Tower,ATX,Black,,False,Solid,,5,False,Topower
Apevia X-Jupiter-Jr G-Type,,ATX Mid Tower,ATX,Silver,,False,Acrylic,42.3,3,False,Apevia
Silverstone SG01B-F-USB3.0,,MicroATX Desktop,Micro ATX,Black,,False,Solid,21.7,2,False,SilverStone
Enermax ECA3175,,ATX Mid Tower,ATX,Black,,False,Acrylic,33.9,6,False,Enermax
Cooler Master Storm Scout 2 Advanced,,ATX Mid Tower,ATX,Gray / Black,,False,Acrylic,61.6,7,False,Cooler Master
Lian Li PC-7H,,ATX Mid Tower,ATX,Black,,False,Solid,55.5,4,False,Lian Li
Gigabyte GZ-ZLM10BS,,ATX Mid Tower,ATX,Black,,False,Solid,36.2,8,False,Gigabyte
BitFenix Shinobi XL,,ATX Full Tower,ATX,White,,False,Solid,77.2,7,False,BitFenix
DIYPC SW-711,,ATX Mid Tower,ATX,Black,,False,Solid,41.2,2,False,DIYPC
Rosewill Line Glow,,ATX Mid Tower,ATX,Black,,False,Solid,35.5,8,False,Rosewill
Parvum Systems S1.0,,MicroATX Mid Tower,Micro ATX,Black,,False,Acrylic,,2,False,Parvum Systems
Parvum Systems S1.0,,MicroATX Mid Tower,Micro ATX,White,,False,Acrylic,,2,False,Parvum Systems
Antec P280,,ATX Mid Tower,ATX,White,,False,Solid,68.0,6,False,Antec
Silverstone TJ10B-USB3.0,,ATX Full Tower,ATX,Black,,False,Solid,69.2,6,False,SilverStone
Silverstone TJ10B-W,,ATX Full Tower,ATX,Black,,False,Acrylic,69.2,6,False,SilverStone
Silverstone TJ10B-W-USB3.0,,ATX Full Tower,ATX,Black,,False,Acrylic,69.2,6,False,SilverStone
Silverstone TJ10B-WNV,,ATX Full Tower,ATX,Black,,False,Acrylic,69.2,6,False,SilverStone
Silverstone TJ10S,,ATX Full Tower,ATX,Silver,,False,Solid,69.2,6,False,SilverStone
Silverstone TJ10S-W,,ATX Full Tower,ATX,Silver,,False,Acrylic,69.2,6,False,SilverStone
Silverstone TJ10B-WNV-USB3.0,,ATX Full Tower,ATX,Black,,False,Acrylic,69.2,6,False,SilverStone
Silverstone RL04B,,ATX Mid Tower,ATX,Black,,False,Solid,54.9,5,False,SilverStone
Silverstone RL03B-W-USB 3.0,,ATX Mid Tower,ATX,Black,,False,Acrylic,40.4,7,False,SilverStone
Silverstone PS05B-USB3.0,,ATX Mid Tower,ATX,Black,,False,Solid,42.6,4,False,SilverStone
CFI Prime 311,,ATX Mid Tower,ATX,Black,,False,Solid,42.7,4,False,CFI
CFI Prime 223,,ATX Mid Tower,ATX,Black,,False,Solid,32.4,4,False,CFI
CFI Pharaoh,,ATX Full Tower,ATX,Black,,False,Acrylic,89.6,8,False,CFI
CFI Diablo LT,,ATX Mid Tower,ATX,Black,,False,Acrylic,48.0,4,False,CFI
Lian Li PC-9N,,ATX Mid Tower,ATX,Silver,,False,Solid,46.5,3,False,Lian Li
Lian Li PC-9N,,ATX Mid Tower,ATX,Black,,False,Solid,46.5,3,False,Lian Li
Lian Li PC-Q07B USB3.0,,Mini ITX Tower,Mini ITX,Black,,False,Solid,11.6,1,False,Lian Li
Ultra XBlaster Pro,,ATX Mid Tower,ATX,Black,,False,Solid,36.0,7,False,Ultra
Ultra XBlaster V2,,ATX Mid Tower,ATX,Black,,False,Solid,36.0,6,False,Ultra
Ultra Gladiator,,ATX Mid Tower,ATX,Black,,False,Solid,39.5,5,False,Ultra
Thermaltake Overseer RX-I Snow Edition,,ATX Full Tower,ATX,White,,False,Acrylic,68.1,5,False,Thermaltake
Enermax Hoplite ST,,ATX Mid Tower,ATX,Black,,False,Acrylic,48.0,6,False,Enermax
Enermax Hoplite ST,,ATX Mid Tower,ATX,White,,False,Acrylic,48.0,6,False,Enermax
Rosewill R5601,,ATX Mid Tower,ATX,Black,,False,Solid,43.2,5,False,Rosewill
Thermaltake Urban S41,,ATX Mid Tower,ATX,Black,,False,Solid,58.9,5,False,Thermaltake
Thermaltake Urban S31 Window,,ATX Mid Tower,ATX,Black,,False,Acrylic,53.6,6,False,Thermaltake
Xigmatek CCC-AD38BV-U03,,ATX Mid Tower,ATX,Black / Orange,,False,Solid,43.6,8,False,Xigmatek
Xigmatek CCC-AD38BX-U03,,ATX Mid Tower,ATX,Black / Silver,,False,Solid,43.6,8,False,Xigmatek
Enermax ECA3253,,ATX Mid Tower,ATX,Black,,False,Acrylic,43.8,5,False,Enermax
Enermax ECA3253,,ATX Mid Tower,ATX,Black / White,,False,Acrylic,43.8,5,False,Enermax
Enermax ECA3280A,,ATX Mid Tower,ATX,Black / Blue,,False,Acrylic,58.2,8,False,Enermax
Enermax ECA3290A,,ATX Mid Tower,ATX,Gunmetal,,False,Acrylic,,7,False,Enermax
Lian Li PC-Q27,,Mini ITX Tower,Mini ITX,Silver,,False,Solid,14.3,3,False,Lian Li
Lian Li PC-Q27,,Mini ITX Tower,Mini ITX,Black,,False,Solid,14.3,3,False,Lian Li
Lian Li PC-Q28,,Mini ITX Tower,Mini ITX,Silver,,False,Solid,23.8,4,False,Lian Li
Lian Li PC-Q28,,Mini ITX Tower,Mini ITX,Black,,False,Solid,23.8,4,False,Lian Li
Lian Li PC-K7B USB3.0,,ATX Mid Tower,ATX,Black,,False,Solid,47.0,5,False,Lian Li
Lian Li PC-Q30,,Mini ITX Tower,Mini ITX,Silver,,False,Solid,23.4,0,False,Lian Li
Gigabyte GZ-G1SGS,,ATX Mid Tower,ATX,Black,,False,Solid,33.8,6,False,Gigabyte
Apevia X-DMR4,,ATX Mid Tower,ATX,Black,,False,Acrylic,43.1,4,False,Apevia
Cougar Challenger,,ATX Mid Tower,ATX,Black / White,,False,Acrylic,71.6,7,False,Cougar
In Win BP655.300TB3L,,Mini ITX Tower,Mini ITX,Black,200.0,True,Solid,8.1,0,False,In Win
In Win IW-Z611T.CQ350TSL,,MicroATX Mini Tower,Micro ATX,Black / Silver,350.0,True,Solid,24.2,1,False,In Win
In Win Z653T.CQ350TB3L,,MicroATX Mini Tower,Micro ATX,Black,,False,Solid,24.2,1,False,In Win
Silverstone GD01B-R-USB3.0,,HTPC,Mini ITX,Black,,False,Solid,,6,False,SilverStone
Silverstone PS08B,,MicroATX Mid Tower,Micro ATX,White,,False,Solid,23.7,4,False,SilverStone
Silverstone RL02B-W-USB 3.0,,ATX Mid Tower,ATX,Black,,False,Acrylic,40.4,7,False,SilverStone
Silverstone SG06BB-LITE,,Mini ITX Desktop,Mini ITX,Silver,,False,Acrylic,,1,False,SilverStone
Xion XON-710P,,MicroATX Slim,Micro ATX,Red / Black,300.0,True,Solid,9.5,1,False,Xion
Xion XON-710P,,MicroATX Slim,Micro ATX,White,300.0,True,Solid,9.5,1,False,Xion
Xion XON-791B,,ATX Mid Tower,ATX,Black,,False,Solid,,3,False,Xion
Zalman Z12,,ATX Mid Tower,ATX,Black,,False,Solid,47.7,5,False,Zalman
Apevia 837344000652,,ATX Mid Tower,ATX,Silver,350.0,True,Acrylic,39.5,4,False,Apevia
Apevia ATXB8KLW-SS,,ATX Mid Tower,ATX,Silver,,False,Acrylic,40.3,4,False,Apevia
Apevia MX-Pider,,ATX Full Tower,ATX,Silver,500.0,True,Acrylic,50.9,4,False,Apevia
Apevia X-DMR3,,ATX Mid Tower,ATX,Silver,450.0,True,Solid,37.1,6,False,Apevia
Apevia X-Dreamer4,,ATX Mid Tower,ATX,Black / Red,,False,Acrylic,43.1,4,False,Apevia
Apex DM-532-U3,,HTPC,Mini ITX,Black,275.0,True,Solid,13.8,1,False,Apex
Apex MI-110,,Mini ITX Tower,Mini ITX,Black / Silver,250.0,True,Acrylic,9.7,1,False,Apex
DIYPC FM08,,ATX Mid Tower,ATX,Black,,False,Solid,33.8,2,False,DIYPC
DIYPC MiniQ1,,MicroATX Mini Tower,Micro ATX,Black,,False,Solid,24.7,2,False,DIYPC
DIYPC MiniQ7,,ATX Mini Tower,ATX,Black,,False,Solid,24.8,2,False,DIYPC
Raidmax Super Hurricane,,ATX Mid Tower,ATX,Black,,False,Solid,36.7,4,False,Raidmax
Raidmax Super Hurricane,,ATX Mid Tower,ATX,Black,450.0,True,Solid,36.7,4,False,Raidmax
Raidmax Sting Ray ATX-249B,,ATX Mid Tower,ATX,White,,False,Solid,43.4,3,False,Raidmax
Raidmax Atlas,,ATX Mid Tower,ATX,White / Black,,False,Acrylic,44.7,4,False,Raidmax
Raidmax ATX-502WBG,,ATX Mid Tower,ATX,Red / Black,,False,Acrylic,59.5,3,False,Raidmax
Raidmax ATX-502WBG,,ATX Mid Tower,ATX,Blue / Black,,False,Acrylic,59.5,3,False,Raidmax
Rosewill FB-03,,ATX Mid Tower,ATX,Black,,False,Solid,26.5,4,False,Rosewill
Sentey CS1-1399 PLUS,,ATX Mid Tower,ATX,Black / Red,,False,Solid,30.3,5,False,Sentey
Sentey CS1-1410,,ATX Mid Tower,ATX,Black,400.0,True,Solid,30.3,5,False,Sentey
Sentey CS1-1410 PLUS,,ATX Mid Tower,ATX,Black,,False,Solid,30.3,5,False,Sentey
Sentey CS1-1420 PLUS,,ATX Mid Tower,ATX,Black,,False,Solid,30.3,5,False,Sentey
Sentey GS-6010,,ATX Mid Tower,ATX,Black,,False,Solid,36.9,5,False,Sentey
Sentey GS-6060 Plus,,ATX Mid Tower,ATX,Black / Blue,,False,Acrylic,40.2,4,False,Sentey
Topower TP-1687BB-400,,MicroATX Desktop,Micro ATX,Black,400.0,True,Solid,15.4,1,False,Topower
Topower TP-6208BB,,ATX Mid Tower,ATX,Black,,False,Acrylic,,5,False,Topower
Xion XON-160P,,ATX Mid Tower,ATX,Black / Silver,500.0,True,Solid,56.9,5,False,Xion
Xion XON-301,,ATX Mid Tower,ATX,Black / Silver,,False,Acrylic,,5,False,Xion
HEC Enterprise,,ATX Mid Tower,ATX,Black,,False,Solid,,2,False,HEC
HEC Vigilance,,MicroATX Mini Tower,Micro ATX,Black,400.0,True,Solid,27.5,2,False,HEC
BitFenix Prodigy,,Mini ITX Tower,Mini ITX,Green,,False,Acrylic,36.0,5,False,BitFenix
Lian Li PC-7H,,ATX Mid Tower,ATX,Black,,False,Acrylic,55.5,4,False,Lian Li
Lian Li PC-A76WX,,ATX Full Tower,ATX,Black,,False,Acrylic,,12,False,Lian Li
Cougar Pioneer,,ATX Mid Tower,ATX,Black,,False,Acrylic,,6,False,Cougar
Gigabyte GZ-PD Plus,,ATX Mid Tower,ATX,Black,,False,Solid,30.7,4,False,Gigabyte
Nanoxia DS1WIB,,ATX Mid Tower,ATX,Black,,False,Acrylic,60.0,8,False,Nanoxia
Nanoxia NXDS1W,,ATX Mid Tower,ATX,White,,False,Acrylic,60.0,8,False,Nanoxia
In Win IW-Z589T.CQ350TB3U2L,,ATX Mid Tower,ATX,Black,350.0,True,Solid,,1,False,In Win
CHENBRO ES34069-BK-180,,Mini ITX Tower,Mini ITX,Black,180.0,True,Solid,9.4,0,False,Desconocida
Aerocool Syclone2,,ATX Mid Tower,ATX,Black / Blue,,False,Solid,,6,False,Aerocool
BitFenix Phenom,,Mini ITX Tower,Mini ITX,Black,,False,Solid,30.6,6,False,BitFenix
BitFenix Phenom,,Mini ITX Tower,Mini ITX,White,,False,Solid,30.6,6,False,BitFenix
DIYPC FM08,,ATX Mid Tower,ATX,Black / Red,,False,Solid,33.8,2,False,DIYPC
Rosewill THRONE-G-Window,,ATX Full Tower,ATX,Black,,False,Acrylic,74.8,10,False,Rosewill
Thermaltake Urban 21 BOM,,ATX Mid Tower,ATX,Black,,False,Acrylic,40.1,5,False,Thermaltake
Gigabyte Sumo Omega,,ATX Mid Tower,ATX,Black,,False,Solid,61.6,8,False,Gigabyte
Gigabyte GZ-ZSUCWP,,ATX Mid Tower,ATX,Black,,False,Solid,61.6,8,False,Gigabyte
In Win H-Frame Mini,,Mini ITX Tower,Mini ITX,Blue / Silver,180.0,True,Solid,,0,False,In Win
Xigmatek CCM-38BBW-U01,,ATX Mid Tower,ATX,Black,,False,Acrylic,67.8,8,False,Xigmatek
Cubitek Mini Cube,,Mini ITX Tower,Mini ITX,Black,,False,Solid,,3,False,Cubitek
Cubitek Mini Cube,,Mini ITX Tower,Mini ITX,Silver,,False,Solid,,3,False,Cubitek
Cubitek Tattoo Beta 2,,ATX Mid Tower,ATX,Black,,False,Solid,,5,False,Cubitek
Cubitek Tattoo Beta 2,,ATX Mid Tower,ATX,Black / Red,,False,Acrylic,,5,False,Cubitek
Cubitek Tattoo Pro 2,,ATX Mid Tower,ATX,Black / Red,,False,Acrylic,,5,False,Cubitek
Cubitek Tattoo White,,ATX Mid Tower,ATX,Black / White,,False,Acrylic,,5,False,Cubitek
Aerocool DS Cube,,MicroATX Mini Tower,Micro ATX,Black,,False,Solid,41.5,2,False,Aerocool
Aerocool DS Cube,,MicroATX Mini Tower,Micro ATX,White,,False,Acrylic,41.5,2,False,Aerocool
Aerocool DS Cube,,MicroATX Mini Tower,Micro ATX,Black / Red,,False,Acrylic,41.5,2,False,Aerocool
Aerocool DS Cube,,MicroATX Mini Tower,Micro ATX,Black / Orange,,False,Solid,41.5,2,False,Aerocool
Aerocool DS Cube,,MicroATX Mini Tower,Micro ATX,Black / White,,False,Solid,41.5,2,False,Aerocool
Aerocool DS Cube,,MicroATX Mini Tower,Micro ATX,Black / Gold,,False,Solid,41.5,2,False,Aerocool
Aerocool DS Cube,,MicroATX Mini Tower,Micro ATX,Black / Gold,,False,Acrylic,41.5,2,False,Aerocool
Nanoxia NXDS4B,,MicroATX Mini Tower,Micro ATX,White,,False,Solid,,6,False,Nanoxia
Nanoxia NXDS5B,,ATX Full Tower,ATX,Black,,False,Solid,,11,False,Nanoxia
Thermaltake ARMOR A30i Speedy,,MicroATX Mini Tower,Micro ATX,Black / Red,,False,Acrylic,35.5,3,False,Thermaltake
Streacom ST-F1CB-EVO,,HTPC,Mini ITX,Black,,False,Solid,,0,False,Streacom
Diablotek CPA-7630,,ATX Mid Tower,ATX,Black / Blue,,False,Acrylic,31.6,5,False,Diablotek
Enermax ECA3310A,,ATX Mid Tower,ATX,White,,False,Acrylic,58.6,7,False,Enermax
Rosewill Legacy MX2-B,,ATX Mid Tower,ATX,Black,,False,Solid,37.2,3,False,Rosewill
Rosewill Legacy QT01-B,,ATX Mid Tower,ATX,Black,,False,Solid,43.4,4,False,Rosewill
Rosewill Legacy QT01-S,,ATX Mid Tower,ATX,Black / Silver,,False,Solid,43.4,4,False,Rosewill
Rosewill Legacy U2-B,,Mini ITX Tower,Mini ITX,Black,,False,Solid,15.4,2,False,Rosewill
Rosewill Legacy U2-B,,Mini ITX Tower,Mini ITX,Black,,False,Acrylic,15.4,2,False,Rosewill
Rosewill Legacy U2-S,,Mini ITX Tower,Mini ITX,Silver,,False,Solid,15.4,2,False,Rosewill
Rosewill Legacy V6-B,,Mini ITX Tower,Mini ITX,Black,,False,Solid,12.5,4,False,Rosewill
Silverstone PS07B,,MicroATX Mini Tower,Micro ATX,Black / Silver,,False,Acrylic,31.4,5,False,SilverStone
Xigmatek Assassin II,,ATX Mid Tower,ATX,Black / White,,False,Acrylic,55.1,5,False,Xigmatek
Antec NSK3180,,MicroATX Mid Tower,Micro ATX,Black,380.0,True,Solid,26.6,2,False,Antec
Azza XT-1,,ATX Full Tower,ATX,White / Blue,,False,Acrylic,59.8,6,False,Azza
BitFenix Colossus Mini,,Mini ITX Tower,Mini ITX,Black / White,,False,Solid,57.9,5,False,BitFenix
CFI Prime 211,,ATX Mid Tower,ATX,Black / Red,,False,Solid,32.4,2,False,CFI
Rosewill Legacy U3-B,,MicroATX Mini Tower,Micro ATX,Silver,,False,Acrylic,20.1,2,False,Rosewill
Rosewill Legacy V3 Plus-B,,Mini ITX Tower,Mini ITX,Silver,,False,Solid,10.0,1,False,Rosewill
Rosewill Legacy V4-B,,MicroATX Mini Tower,Micro ATX,Black,,False,Solid,18.3,3,False,Rosewill
Raygo R12-42403,,MicroATX Mid Tower,Micro ATX,Black / Silver,,False,Solid,,2,False,Desconocida
Silverstone SG08B-LITE,,Mini ITX Desktop,Mini ITX,Black,,False,Solid,,1,False,SilverStone
Thermaltake Urban T31 Window,,ATX Mid Tower,ATX,Black,,False,Acrylic,,6,False,Thermaltake
Raidmax ATX-402WB,,ATX Mid Tower,ATX,Black,,False,Acrylic,42.4,3,False,Raidmax
Apex EL-660,,ATX Mid Tower,ATX,Black,,False,Solid,55.4,6,False,Apex
Wesena HTPC-e4-v3-B,,HTPC,Mini ITX,Black,,False,Solid,,2,False,Desconocida
In Win BP671.FH200B,,Mini ITX Tower,Mini ITX,Black,200.0,True,Solid,9.1,2,False,In Win
Lian Li PC-10N,,ATX Mid Tower,ATX,Black,,False,Solid,,6,False,Lian Li
Nanoxia Deep Silence 2 White,,ATX Mid Tower,ATX,White,,False,Solid,57.0,7,False,Nanoxia
Rosewill QN100,,ATX Mid Tower,ATX,Black,,False,Solid,29.7,2,False,Rosewill
Thermaltake Urban R21,,ATX Mid Tower,ATX,Black,,False,Solid,39.8,5,False,Thermaltake
Cooler Master TC102,,ATX Mid Tower,ATX,Black,500.0,True,Solid,,2,False,Cooler Master
Parvum Systems S2.0,,MicroATX Mini Tower,Micro ATX,Black / Blue,,False,Acrylic,,2,False,Parvum Systems
Parvum Systems S2.0,,MicroATX Mini Tower,Micro ATX,Black / Green,,False,Acrylic,,2,False,Parvum Systems
Parvum Systems S2.0,,MicroATX Mini Tower,Micro ATX,Black / Orange,,False,Acrylic,,2,False,Parvum Systems
Parvum Systems S2.0,,MicroATX Mini Tower,Micro ATX,Black / Red,,False,Acrylic,,2,False,Parvum Systems
Parvum Systems S2.0,,MicroATX Mini Tower,Micro ATX,White / Black,,False,Acrylic,,2,False,Parvum Systems
Parvum Systems S2.0,,MicroATX Mini Tower,Micro ATX,White / Blue,,False,Acrylic,,2,False,Parvum Systems
Parvum Systems S2.0,,MicroATX Mini Tower,Micro ATX,Orange / White,,False,Acrylic,,2,False,Parvum Systems
Parvum Systems S2.0,,MicroATX Mini Tower,Micro ATX,White / Gold,,False,Acrylic,,2,False,Parvum Systems
BitFenix Outlaw USB3.0,,ATX Mid Tower,ATX,White / Red,,False,Solid,37.6,4,False,BitFenix
BitFenix Neos Window,,ATX Mid Tower,ATX,White / Purple,,False,Acrylic,37.0,3,False,BitFenix
BitFenix Neos,,ATX Mid Tower,ATX,White / Blue,,False,Solid,37.0,3,False,BitFenix
BitFenix Neos,,ATX Mid Tower,ATX,White / Silver,,False,Solid,37.0,3,False,BitFenix
BitFenix Phenom M Nvidia Edition,,MicroATX Mini Tower,Micro ATX,Green / White,,False,Solid,30.6,5,False,BitFenix
Azza Z,,Mini ITX Tower,Mini ITX,Black,,False,Acrylic,16.7,0,False,Azza
Cooler Master K550,,ATX Mid Tower,ATX,Black,,False,Acrylic,58.3,7,False,Cooler Master
DIYPC Gamemax08,,ATX Mid Tower,ATX,Black / Green,,False,Solid,33.8,2,False,DIYPC
Rosewill Legacy W1-B,,Mini ITX Tower,Mini ITX,Black,,False,Solid,31.1,4,False,Rosewill
Rosewill Legacy W1-B-Window,,Mini ITX Tower,Mini ITX,Black,,False,Acrylic,31.1,4,False,Rosewill
Rosewill Legacy W1-S,,Mini ITX Tower,Mini ITX,Silver,,False,Solid,31.1,4,False,Rosewill
Rosewill Legacy W1-S-Window,,Mini ITX Tower,Mini ITX,Silver,,False,Acrylic,31.1,4,False,Rosewill
Aerocool DS Cube,,MicroATX Mini Tower,Micro ATX,White,,False,Solid,41.5,2,False,Aerocool
Aerocool DS 200,,ATX Mid Tower,ATX,Black,,False,Solid,,5,False,Aerocool
Aerocool DS 200,,ATX Mid Tower,ATX,Black / White,,False,Solid,,5,False,Aerocool
Lian Li PC-Q36W,,Mini ITX Tower,Mini ITX,Silver,,False,Solid,25.4,2,False,Lian Li
Lian Li PC-Q36W,,Mini ITX Tower,Mini ITX,Gold,,False,Solid,25.4,2,False,Lian Li
Lian Li PC-Q36W,,Mini ITX Tower,Mini ITX,Black / Red,,False,Solid,25.4,2,False,Lian Li
Lian Li PC-V359W,,MicroATX Mid Tower,Micro ATX,Black / Red,,False,Solid,36.6,3,False,Lian Li
Deepcool STEAM CASTLE,,MicroATX Mid Tower,Micro ATX,White,,False,Acrylic,47.1,3,False,DeepCool
Zalman T1U3,,MicroATX Mini Tower,Micro ATX,Black,,False,Solid,24.7,2,False,Zalman
Lian Li PC-Q33,,Mini ITX Tower,Mini ITX,Silver,,False,Solid,18.1,2,False,Lian Li
In Win GR One,,ATX Full Tower,ATX,Gray,,False,Acrylic,81.0,8,False,In Win
Athenatech SS-PS08,,MicroATX Mid Tower,Micro ATX,Black,,False,Solid,23.7,4,False,Athenatech
BitFenix Pandora,,MicroATX Mid Tower,Micro ATX,Black,,False,Acrylic,31.2,2,False,BitFenix
BitFenix Pandora Core,,MicroATX Mid Tower,Micro ATX,Black,,False,Solid,31.2,2,False,BitFenix
BitFenix Pandora,,MicroATX Mid Tower,Micro ATX,Silver,,False,Solid,31.2,2,False,BitFenix
BitFenix Pandora Core,,MicroATX Mid Tower,Micro ATX,Silver,,False,Solid,31.2,2,False,BitFenix
Lian Li PC-A61,,ATX Mid Tower,ATX,Black,,False,Acrylic,57.4,6,False,Lian Li
Lian Li PC-Q01,,Mini ITX Tower,Mini ITX,Silver,,False,Solid,13.2,2,False,Lian Li
Lian Li PC-Q19,,Mini ITX Tower,Mini ITX,Silver,,False,Solid,22.4,1,False,Lian Li
Lian Li PC-Q19,,Mini ITX Tower,Mini ITX,Black,,False,Solid,22.4,1,False,Lian Li
Lian Li PC-V1000L,,ATX Full Tower,ATX,Silver,,False,Solid,73.6,0,False,Lian Li
Lian Li PC-V358,,MicroATX Mid Tower,Micro ATX,Silver,,False,Solid,36.6,6,False,Lian Li
DIYPC Mirage-D1,,ATX Mid Tower,ATX,Black / White,,False,Acrylic,37.2,4,False,DIYPC
Enermax Thorex,,ATX Mid Tower,ATX,Black,,False,Solid,,3,False,Enermax
In Win BL641.FH300TB3F,,HTPC,Mini ITX,Black,300.0,True,Solid,11.6,2,False,In Win
In Win BL672.FH300TB3F,,HTPC,Mini ITX,Black / Silver,,False,Solid,11.6,2,False,In Win
In Win D-FRAME MINI,,Mini ITX Tower,Mini ITX,Black / Red,,False,Tempered Glass,46.3,3,False,In Win
In Win EC046.CQ450TB3K,,ATX Mid Tower,ATX,Black,,False,Solid,43.6,4,False,In Win
In Win S-FRAME,,ATX Full Tower,ATX,Black,,False,Tempered Glass,131.3,4,False,In Win
Aerocool GT-A,,ATX Mid Tower,ATX,Black / Red,,False,Acrylic,,3,False,Aerocool
DIYPC Shadow-H01,,ATX Mid Tower,ATX,Black,,False,Acrylic,47.8,4,False,DIYPC
Silverstone FT05,,ATX Mid Tower,ATX,Black / Silver,,False,Acrylic,45.3,2,False,SilverStone
Thermaltake Level 10 Titanium,,ATX Full Tower,ATX,Black / Silver,,False,Solid,129.6,6,False,Thermaltake
Nanoxia Deep Silence 5,,ATX Full Tower,ATX,White,,False,Solid,,11,False,Nanoxia
BitFenix Prodigy M,,MicroATX Mini Tower,Micro ATX,Black / Blue,,False,Acrylic,35.9,4,False,BitFenix
BitFenix Prodigy M,,MicroATX Mini Tower,Micro ATX,Black / Blue,,False,Solid,35.9,4,False,BitFenix
BitFenix Prodigy M,,MicroATX Mini Tower,Micro ATX,Black / Green,,False,Solid,35.9,4,False,BitFenix
BitFenix Prodigy M,,MicroATX Mini Tower,Micro ATX,Black / Orange,,False,Solid,35.9,4,False,BitFenix
BitFenix Prodigy M,,MicroATX Mini Tower,Micro ATX,Black / Red,,False,Solid,35.9,4,False,BitFenix
Lian Li PC-Q26,,Mini ITX Tower,Mini ITX,Silver,,False,Solid,33.8,10,False,Lian Li
Aerocool Strike-X Advance,,ATX Mid Tower,ATX,Black,,False,Acrylic,,0,False,Aerocool
Cooltek W1,,Mini ITX Tower,Mini ITX,Black,,False,Solid,,4,False,Cooltek
Cooltek W1,,Mini ITX Tower,Mini ITX,Black,,False,Acrylic,,4,False,Cooltek
Cooltek W1,,Mini ITX Tower,Mini ITX,Silver,,False,Solid,,4,False,Cooltek
Cooltek W1,,Mini ITX Tower,Mini ITX,Silver,,False,Acrylic,,4,False,Cooltek
Cooler Master Force 500,,ATX Mid Tower,ATX,Black,500.0,True,Solid,39.8,7,False,Cooler Master
Cooler Master K280,,ATX Mid Tower,ATX,Black,500.0,True,Solid,,6,False,Cooler Master
DIYPC FM18,,ATX Mid Tower,ATX,Black / White,,False,Acrylic,33.8,2,False,DIYPC
DIYPC HTPC-Cube,,Mini ITX Tower,Mini ITX,Black,,False,Solid,,1,False,DIYPC
DIYPC Ranger-R4,,ATX Mid Tower,ATX,Black / Blue,,False,Acrylic,41.6,4,False,DIYPC
DIYPC Solar-M1,,ATX Mid Tower,ATX,Black / Orange,,False,Acrylic,38.0,5,False,DIYPC
Deepcool STEAM CASTLE,,MicroATX Mid Tower,Micro ATX,Camo,,False,Acrylic,47.1,3,False,DeepCool
Deepcool STEAM CASTLE,,MicroATX Mid Tower,Micro ATX,White,,False,Solid,47.1,3,False,DeepCool
Enermax Fulmo ST,,ATX Full Tower,ATX,Black / Red,,False,Acrylic,,8,False,Enermax
Gigabyte GZ-X7B-U3NP,,ATX Mid Tower,ATX,Black / Red,,False,Solid,,6,False,Gigabyte
Gigabyte GZ-ZGS4B5,,ATX Mid Tower,ATX,Black,,False,Solid,,5,False,Gigabyte
Gigabyte GZ-ZGS5B5,,ATX Mid Tower,ATX,Black,,False,Solid,,5,False,Gigabyte
Gigabyte GZ-ZHSGWJ,,ATX Mid Tower,ATX,Black / Blue,,False,Acrylic,,8,False,Gigabyte
Gigabyte GZ-ZHSHWW,,ATX Mid Tower,ATX,Black,,False,Solid,,8,False,Gigabyte
Gigabyte GZ-ZHSMW8,,MicroATX Mini Tower,Micro ATX,Black,,False,Solid,,3,False,Gigabyte
Lian Li PC-K69,,ATX Mid Tower,ATX,Black,,False,Acrylic,,3,False,Lian Li
Lian Li PC-Q33,,Mini ITX Tower,Mini ITX,Silver,,False,Acrylic,18.1,2,False,Lian Li
NZXT Phantom 240,,ATX Mid Tower,ATX,Black / Gray,,False,Acrylic,,6,False,NZXT
Raidmax Atomic,,Mini ITX Tower,Mini ITX,Black,,False,Acrylic,,1,False,Raidmax
Raidmax Scorpio V,,ATX Mid Tower,ATX,Pink,,False,Acrylic,54.6,8,False,Raidmax
RAIJINTEK Metis,,Mini ITX Tower,Mini ITX,Silver,,False,Acrylic,13.4,1,False,RAIJINTEK
RAIJINTEK Metis,,Mini ITX Tower,Mini ITX,Blue,,False,Acrylic,13.4,1,False,RAIJINTEK
RAIJINTEK Metis,,Mini ITX Tower,Mini ITX,Gold,,False,Acrylic,13.4,1,False,RAIJINTEK
RAIJINTEK Metis,,Mini ITX Tower,Mini ITX,Black,,False,Solid,13.4,1,False,RAIJINTEK
RAIJINTEK Metis,,Mini ITX Tower,Mini ITX,Blue,,False,Solid,13.4,1,False,RAIJINTEK
RAIJINTEK Metis,,Mini ITX Tower,Mini ITX,Silver,,False,Solid,13.4,1,False,RAIJINTEK
RAIJINTEK Metis,,Mini ITX Tower,Mini ITX,Gold,,False,Solid,13.4,1,False,RAIJINTEK
BitFenix Aegis,,MicroATX Mid Tower,Micro ATX,Blue,,False,Acrylic,46.2,4,False,BitFenix
BitFenix Aegis Core,,MicroATX Mid Tower,Micro ATX,Red,,False,Acrylic,46.2,4,False,BitFenix
BitFenix Aegis,,MicroATX Mid Tower,Micro ATX,Yellow,,False,Acrylic,46.2,4,False,BitFenix
BitFenix Aegis Core,,MicroATX Mid Tower,Micro ATX,Yellow,,False,Acrylic,46.2,4,False,BitFenix
Silverstone KL05B,,ATX Mid Tower,ATX,Black,,False,Solid,,6,False,SilverStone
Antec ISK600M,,MicroATX Mini Tower,Micro ATX,Black,,False,Solid,,3,False,Antec
NOX Coolbay VX,,ATX Mid Tower,ATX,Black / Blue,,False,Solid,34.3,7,False,NOX
Sentey Ss6-2441,,MicroATX Mini Tower,Micro ATX,White,,False,Solid,,2,False,Sentey
Sentey Ss6-2441,,MicroATX Mini Tower,Micro ATX,Black / White,,False,Solid,,2,False,Sentey
Azza Nova 8000,,ATX Full Tower,ATX,Gunmetal,,False,Acrylic,,6,False,Azza
Azza ZEN 8100,,ATX Full Tower,ATX,Black,,False,Acrylic,,6,False,Azza
DIYPC DIY-BJ05,,ATX Mid Tower,ATX,Black,,False,Solid,,3,False,DIYPC
Azza Draco 207,,ATX Mid Tower,ATX,Black / Blue,,False,Acrylic,,5,False,Azza
Azza Draco 207,,ATX Mid Tower,ATX,Black / Red,,False,Acrylic,,5,False,Azza
Silverstone PS11B,,ATX Mid Tower,ATX,Black,,False,Solid,,3,False,SilverStone
Raidmax Troy,,Mini ITX Desktop,Mini ITX,Black / Red,,False,Solid,,1,False,Raidmax
Silverstone KL06B,,MicroATX Mini Tower,Micro ATX,Black,,False,Solid,,1,False,SilverStone
Silverstone KL06B,,MicroATX Mini Tower,Micro ATX,Black,,False,Acrylic,,1,False,SilverStone
Sentey GS-6090,,ATX Mid Tower,ATX,Black,,False,Acrylic,,4,False,Sentey
RAIJINTEK Aeneas,,MicroATX Mini Tower,Micro ATX,Black,,False,Acrylic,,4,False,RAIJINTEK
RAIJINTEK Aeneas,,MicroATX Mini Tower,Micro ATX,White,,False,Acrylic,,4,False,RAIJINTEK
Lian Li PC-O5,,HTPC,Mini ITX,Black,,False,Tempered Glass,,2,False,Lian Li
Cooler Master CM690 II Advanced,,ATX Mid Tower,ATX,Black / White,,False,Solid,56.3,6,False,Cooler Master
Sentey SS1-2423,,HTPC,Mini ITX,Black / Silver,,False,Solid,,1,False,Sentey
BitFenix Neos,,ATX Mid Tower,ATX,Black / Blue,,False,Acrylic,37.0,3,False,BitFenix
BitFenix Aegis,,MicroATX Mid Tower,Micro ATX,Black / White,,False,Acrylic,46.2,4,False,BitFenix
Cooler Master HAF XM,,ATX Mid Tower,ATX,Black / Red,,False,Acrylic,76.0,6,False,Cooler Master
Sentey Ss1-2429,,MicroATX Mid Tower,Micro ATX,Black / Blue,,False,Solid,,0,False,Sentey
Sentey Ss1-2429,,MicroATX Mid Tower,Micro ATX,Black / Purple,,False,Solid,,0,False,Sentey
Cooltek W2,,ATX Mid Tower,ATX,Black,,False,Solid,,3,False,Cooltek
Cooltek W2,,ATX Mid Tower,ATX,Silver,,False,Solid,,3,False,Cooltek
DIYPC Adventurer-I8,,ATX Mid Tower,ATX,Black / Blue,,False,Acrylic,,2,False,DIYPC
DIYPC Adventurer-I8,,ATX Mid Tower,ATX,Black / Green,,False,Acrylic,,2,False,DIYPC
DIYPC Adventurer-I8,,ATX Mid Tower,ATX,Black / Red,,False,Acrylic,,2,False,DIYPC
Aerocool QS-102,,HTPC,Mini ITX,Black,,False,Solid,,0,False,Aerocool
Aerocool QS-102,,HTPC,Mini ITX,Black,400.0,True,Solid,,0,False,Aerocool
JMAX JX-FM500B,,MicroATX Mini Tower,Micro ATX,Black,,False,Solid,,0,False,Desconocida
DIYPC Cuboid,,MicroATX Mini Tower,Micro ATX,Black / Blue,,False,Acrylic,,3,False,DIYPC
Raidmax Element,,Mini ITX Desktop,Mini ITX,Black / Green,,False,Solid,,2,False,Raidmax
Raidmax Element,,Mini ITX Desktop,Mini ITX,Black / Pink,,False,Solid,,2,False,Raidmax
Raidmax Element,,Mini ITX Desktop,Mini ITX,Black / Gray,450.0,True,Solid,,2,False,Raidmax
Antec P50,,MicroATX Mini Tower,Micro ATX,Black,,False,Acrylic,,3,False,Antec
Aerocool Aero-500 - C,,ATX Mid Tower,ATX,White / Black,,False,Acrylic,45.1,4,False,Aerocool
Aerocool Aero-800,,ATX Mid Tower,ATX,Black / Blue,,False,Acrylic,,2,False,Aerocool
Aerocool Aero-800,,ATX Mid Tower,ATX,Black / Gray,,False,Acrylic,,2,False,Aerocool
Silverstone ML08,,HTPC,Mini ITX,Black,,False,Acrylic,,0,False,SilverStone
Logisys CS136BK,,ATX Mid Tower,ATX,Black / Silver,480.0,True,Solid,23.7,3,False,Logisys
Rosewill WolfStone,,ATX Mid Tower,ATX,Black,,False,Solid,,8,False,Rosewill
Raidmax EXO,,ATX Mid Tower,ATX,Black / Blue,,False,Solid,,2,False,Raidmax
DIYPC Futurus,,MicroATX Mid Tower,Micro ATX,Black / Blue,,False,Acrylic,,2,False,DIYPC
DIYPC Futurus,,MicroATX Mid Tower,Micro ATX,White,,False,Acrylic,,2,False,DIYPC
SHARKOON CA-I,,Mini ITX Desktop,Mini ITX,Black,,False,Solid,,1,False,SHARKOON
SHARKOON CA-I,,Mini ITX Desktop,Mini ITX,Silver,,False,Solid,,1,False,SHARKOON
SHARKOON CA-M,,MicroATX Mini Tower,Micro ATX,Silver,,False,Solid,,2,False,SHARKOON
In Win 909,,ATX Full Tower,ATX,Black,,False,Tempered Glass,,4,False,In Win
In Win 909,,ATX Full Tower,ATX,Silver,,False,Tempered Glass,,4,False,In Win
RAIJINTEK STYX,,MicroATX Mini Tower,Micro ATX,Black,,False,Acrylic,,3,False,RAIJINTEK
RAIJINTEK STYX,,MicroATX Mini Tower,Micro ATX,Gold,,False,Acrylic,,3,False,RAIJINTEK
RAIJINTEK STYX,,MicroATX Mini Tower,Micro ATX,Black,,False,Solid,,3,False,RAIJINTEK
SHARKOON BD28,,ATX Mid Tower,ATX,Black / Red,,False,Acrylic,,3,False,SHARKOON
Silverstone RVX01 Window,,ATX Mid Tower,ATX,Black / Blue,,False,Acrylic,,4,False,SilverStone
Silverstone RVX01,,ATX Mid Tower,ATX,Black,,False,Solid,,4,False,SilverStone
Silverstone RVX01 Window,,ATX Mid Tower,ATX,Black / Red,,False,Acrylic,,4,False,SilverStone
Silverstone RVX01 Window,,ATX Mid Tower,ATX,Black / Green,,False,Acrylic,,4,False,SilverStone
Lian Li PC-Q21,,Mini ITX Tower,Mini ITX,Silver,,False,Solid,,2,False,Lian Li
VIVO Athena,,ATX Mid Tower,ATX,Black,,False,Acrylic,,2,False,VIVO
RAIJINTEK AGOS,,ATX Mid Tower,ATX,Black,,False,Solid,,6,False,RAIJINTEK
RAIJINTEK AGOS,,ATX Mid Tower,ATX,White,,False,Solid,,6,False,RAIJINTEK
Apevia X-Pioneer,,ATX Mid Tower,ATX,Black / Blue,,False,Acrylic,,4,False,Apevia
Apevia X-Pioneer,,ATX Mid Tower,ATX,White / Blue,,False,Acrylic,,4,False,Apevia
NZXT Manta,,Mini ITX Desktop,Mini ITX,Black,,False,Solid,,2,False,NZXT
Lian Li PC-V33,,ATX Mid Tower,ATX,Black,,False,Solid,,4,False,Lian Li
Lian Li PC-V33,,ATX Mid Tower,ATX,Black,,False,Acrylic,,4,False,Lian Li
BitFenix Pandora ATX,,ATX Mid Tower,ATX,Black,,False,Acrylic,,4,False,BitFenix
Sentey BX1-4284 Plus,,ATX Mid Tower,ATX,Black / Blue,,False,Acrylic,,4,False,Sentey
DIYPC Zondda,,ATX Mid Tower,ATX,White,,False,Acrylic,,4,False,DIYPC
Diablotek CPA-8818,,ATX Mid Tower,ATX,Black,,False,Acrylic,,5,False,Diablotek
DIYPC D480,,ATX Mid Tower,ATX,Black,,False,Acrylic,,2,False,DIYPC
LEPA LPC501,,ATX Mid Tower,ATX,Black / Blue,,False,Acrylic,,6,False,Desconocida
Phanteks Eclipse P400S,,ATX Mid Tower,ATX,Gray,,False,Tinted Acrylic,45.9,2,False,Phanteks
Xigmatek Nebula,,Mini ITX Tower,Mini ITX,White,,False,Solid,22.3,2,False,Xigmatek
Lian Li PC-Q04,,Mini ITX Tower,Mini ITX,Silver,,False,Solid,,2,False,Lian Li
Lian Li PC-Q04,,Mini ITX Tower,Mini ITX,Black,,False,Solid,,2,False,Lian Li
Silverstone LC18,,HTPC,Mini ITX,Black,,False,Solid,30.6,5,False,SilverStone
DIYPC VT380,,ATX Mid Tower,ATX,White,,False,Acrylic,,3,False,DIYPC
Silverstone PS12B,,MicroATX Mid Tower,Micro ATX,Black,,False,Solid,,4,False,SilverStone
Apevia X-Qtis,,MicroATX Mid Tower,Micro ATX,Black / Blue,,False,Acrylic,,4,False,Apevia
Apevia X-Qtis,,MicroATX Mid Tower,Micro ATX,White / Blue,,False,Acrylic,,4,False,Apevia
Antec S10,,ATX Full Tower,ATX,Black,,False,Solid,,6,False,Antec
In Win H-Tower,,ATX Full Tower,ATX,Silver,,False,Solid,,1,False,In Win
DIYPC DIY-N8,,MicroATX Mini Tower,Micro ATX,White,,False,Acrylic,,2,False,DIYPC
Lian Li PC-TU300,,ATX Mid Tower,ATX,Silver,,False,Solid,,2,False,Lian Li
Antec GX1000,,ATX Mid Tower,ATX,Black,,False,Solid,,6,False,Antec
Antec GX900,,ATX Mid Tower,ATX,Black / Green,,False,Solid,,3,False,Antec
Antec Three Hundred U3,,ATX Mid Tower,ATX,Black,,False,Solid,,0,False,Antec
DIYPC D780,,ATX Full Tower,ATX,Black,,False,Acrylic,,8,False,DIYPC
DIYPC DIY-BJ03,,ATX Mid Tower,ATX,Black,,False,Solid,,3,False,DIYPC
DIYPC F1,,MicroATX Mini Tower,Micro ATX,White,,False,Acrylic,,2,False,DIYPC
DIYPC G580,,ATX Mid Tower,ATX,Black,,False,Acrylic,,3,False,DIYPC
DIYPC P28,,ATX Mid Tower,ATX,Black,,False,Solid,,3,False,DIYPC
DIYPC P48,,ATX Mid Tower,ATX,Black,,False,Solid,,3,False,DIYPC
DIYPC S280,,ATX Mid Tower,ATX,Black,,False,Acrylic,,4,False,DIYPC
DIYPC S280,,ATX Mid Tower,ATX,White,,False,Acrylic,,4,False,DIYPC
DIYPC Skyline-08,,ATX Full Tower,ATX,White,,False,Acrylic,,3,False,DIYPC
DIYPC Zetta,,ATX Mid Tower,ATX,Black,,False,Acrylic,,2,False,DIYPC
DIYPC Zetta,,ATX Mid Tower,ATX,White,,False,Acrylic,,2,False,DIYPC
DIYPC DIY-M6,,MicroATX Mid Tower,Micro ATX,Black / Red,,False,Acrylic,,2,False,DIYPC
Antec X1-T,,ATX Mid Tower,ATX,Black,,False,Acrylic,,8,False,Antec
Apevia X-EnerQ,,MicroATX Mid Tower,Micro ATX,Black / Blue,,False,Acrylic,,2,False,Apevia
Apevia X-EnerQ,,MicroATX Mid Tower,Micro ATX,Black / Pink,,False,Acrylic,,2,False,Apevia
Apevia X-EnerQ,,MicroATX Mid Tower,Micro ATX,White / Black,,False,Acrylic,,2,False,Apevia
Enermax ECA3291A,,ATX Mid Tower,ATX,Black,,False,Acrylic,,7,False,Enermax
Apevia X-Qber,,MicroATX Desktop,Micro ATX,Black / Blue,,False,Acrylic,,2,False,Apevia
Apevia X-Qber,,MicroATX Desktop,Micro ATX,Black,,False,Solid,,2,False,Apevia
Anidees AI7,,ATX Desktop,ATX,Black,,False,Solid,,4,False,Anidees
Anidees AI8,,ATX Full Tower,ATX,Black,,False,Solid,,4,False,Anidees
Powertek PT-eviltek-case100,,ATX Mid Tower,ATX,Black,,False,Acrylic,,6,False,Desconocida
VIVO CASE-V00,,ATX Mini Tower,ATX,Black,,False,Solid,,2,False,VIVO
Silverstone FT01-B,,ATX Mid Tower,ATX,Silver,,False,Solid,51.7,7,False,SilverStone
Silverstone FT01-B,,ATX Mid Tower,ATX,Silver,,False,Acrylic,51.7,7,False,SilverStone
Silverstone FT01B-USB3.0,,ATX Mid Tower,ATX,Silver,,False,Solid,,7,False,SilverStone
Silverstone FT01B-USB3.0,,ATX Mid Tower,ATX,Silver,,False,Acrylic,,7,False,SilverStone
Raidmax Narwhal,,ATX Full Tower,ATX,Black / Silver,,False,Acrylic,,6,False,Raidmax
DIYPC Gamestorm,,ATX Mid Tower,ATX,Black,,False,Acrylic,,5,False,DIYPC
DIYPC Gamestorm,,ATX Mid Tower,ATX,White,,False,Acrylic,,5,False,DIYPC
Azza Taurus 5000W,,ATX Full Tower,ATX,White,,False,Acrylic,,8,False,Azza
RIOTORO CR280,,Mini ITX Desktop,Mini ITX,Black / Red,,False,Acrylic,,1,False,RIOTORO
Antec P9,,ATX Full Tower,ATX,Black,,False,Acrylic,97.3,8,False,Antec
Jonsbo UMX4 Zone,,ATX Mid Tower,ATX,Black,,False,Solid,38.0,2,False,Jonsbo
Jonsbo UMX4 Zone,,ATX Mid Tower,ATX,Black,,False,Tempered Glass,38.0,2,False,Jonsbo
Jonsbo UMX4 Zone,,ATX Mid Tower,ATX,Silver,,False,Tempered Glass,38.0,2,False,Jonsbo
Aerocool VS-1,,ATX Mid Tower,ATX,Black,,False,Acrylic,30.7,2,False,Aerocool
Silverstone RV05B,,ATX Mid Tower,ATX,White / Black,,False,Solid,63.8,2,False,SilverStone
Silverstone RV05B,,ATX Mid Tower,ATX,White / Black,,False,Acrylic,63.8,2,False,SilverStone
SHARKOON T3-W,,ATX Mid Tower,ATX,Black / Red,,False,Acrylic,38.3,6,False,SHARKOON
BitFenix Aurora,,ATX Mid Tower,ATX,White,,False,Tempered Glass,54.8,4,False,BitFenix
DIYPC DIY-G3,,ATX Mid Tower,ATX,Black / Red,,False,Acrylic,43.8,2,False,DIYPC
Anidees AI6V2,,ATX Mid Tower,ATX,Black,,False,Solid,,7,False,Anidees
Aerocool XPredator II,,ATX Full Tower,ATX,Black / Red,,False,Acrylic,77.2,8,False,Aerocool
NOX Coolbay SX,,ATX Mid Tower,ATX,Black / Green,,False,Solid,37.9,4,False,NOX
NOX Coolbay ZX,,ATX Mid Tower,ATX,Black / Blue,,False,Acrylic,48.7,3,False,NOX
NOX Coolbay ZX,,ATX Mid Tower,ATX,Black / Red,,False,Acrylic,48.7,3,False,NOX
NOX Coolbay VX,,ATX Mid Tower,ATX,Black / Green,,False,Acrylic,34.3,7,False,NOX
NOX Coolbay VX,,ATX Mid Tower,ATX,White / Black,,False,Acrylic,34.3,7,False,NOX
Deepcool LANDKING,,ATX Mid Tower,ATX,Gray,,False,Acrylic,57.5,5,False,DeepCool
RAIJINTEK Metis,,Mini ITX Tower,Mini ITX,Green,,False,Acrylic,13.4,1,False,RAIJINTEK
RAIJINTEK Metis,,Mini ITX Tower,Mini ITX,White,,False,Solid,13.4,1,False,RAIJINTEK
RAIJINTEK Metis,,Mini ITX Tower,Mini ITX,White,,False,Acrylic,13.4,1,False,RAIJINTEK
Raidmax Viper GX II,,ATX Mid Tower,ATX,Black / Orange,,False,Acrylic,65.6,3,False,Raidmax
Lian Li PC-O9,,ATX Mid Tower,ATX,Black / Red,,False,Tempered Glass,79.3,6,False,Lian Li
Lian Li PC-O9,,ATX Mid Tower,ATX,Black,,False,Tempered Glass,79.3,6,False,Lian Li
Silverstone RL05,,ATX Mid Tower,ATX,Black,,False,Acrylic,43.9,2,False,SilverStone
Silverstone RL05,,ATX Mid Tower,ATX,Black / White,,False,Acrylic,43.9,2,False,SilverStone
RAIJINTEK Metis Plus,,Mini ITX Tower,Mini ITX,Green,,False,Acrylic,13.4,2,False,RAIJINTEK
RAIJINTEK Metis Plus,,Mini ITX Tower,Mini ITX,Gold,,False,Acrylic,13.4,2,False,RAIJINTEK
RAIJINTEK Metis Plus,,Mini ITX Tower,Mini ITX,Silver,,False,Acrylic,13.4,2,False,RAIJINTEK
Rosewill GRAM,,ATX Mid Tower,ATX,Black,,False,Acrylic,,2,False,Rosewill
BitFenix Portal,,Mini ITX Tower,Mini ITX,Black,,False,Solid,,2,False,BitFenix
BitFenix Portal,,Mini ITX Tower,Mini ITX,White,,False,Solid,,2,False,BitFenix
Azza Photios 250X,,ATX Mid Tower,ATX,Black,,False,Tempered Glass,,3,False,Azza
Thermaltake Core X31 TG,,ATX Mid Tower,ATX,Black,,False,Tempered Glass,,6,False,Thermaltake
Anidees Crystal,,ATX Mid Tower,ATX,Black / White,,False,Tempered Glass,,3,False,Anidees
VIVO CASE-V08,,ATX Mid Tower,ATX,Black / Blue,,False,Tempered Glass,,3,False,VIVO
Logisys CS368BB,,ATX Mid Tower,ATX,Black / Red,480.0,True,Solid,34.0,6,False,Logisys
mean:it 5PM,,ATX Mid Tower,ATX,Black,,False,Tempered Glass,51.5,3,False,mean:it
Aerocool Aero-500 - B,,ATX Mid Tower,ATX,Black,,False,Solid,45.1,4,False,Aerocool
Aerocool Aero-500 - BC,,ATX Mid Tower,ATX,Black,,False,Solid,45.1,4,False,Aerocool
Aerocool Aero-500 - C,,ATX Mid Tower,ATX,Black,,False,Solid,45.1,4,False,Aerocool
Aerocool Aero-500,,ATX Mid Tower,ATX,White / Black,,False,Solid,45.1,4,False,Aerocool
Aerocool Aero-500 - B,,ATX Mid Tower,ATX,White / Black,,False,Solid,45.1,4,False,Aerocool
Aerocool Aero-500 - BC,,ATX Mid Tower,ATX,White / Black,,False,Solid,45.1,4,False,Aerocool
Aerocool Aero-500 - C,,ATX Mid Tower,ATX,White / Black,,False,Solid,45.1,4,False,Aerocool
Aerocool Aero-500 - BC,,ATX Mid Tower,ATX,Black,,False,Acrylic,45.1,4,False,Aerocool
Aerocool Aero-500 - BC,,ATX Mid Tower,ATX,Blue / Black,,False,Acrylic,45.1,4,False,Aerocool
Aerocool Aero-500 - C,,ATX Mid Tower,ATX,Blue / Black,,False,Acrylic,45.1,4,False,Aerocool
Aerocool Aero-500 - BC,,ATX Mid Tower,ATX,Gray / Black,,False,Acrylic,45.1,4,False,Aerocool
Aerocool Aero-500 - C,,ATX Mid Tower,ATX,Gray / Black,,False,Acrylic,45.1,4,False,Aerocool
Aerocool Aero-500 - BC,,ATX Mid Tower,ATX,White / Black,,False,Acrylic,45.1,4,False,Aerocool
Nanoxia CoolForce 1,,ATX Mid Tower,ATX,Black,,False,Solid,,3,False,Nanoxia
NZXT SCM-01,,MicroATX Mini Tower,Micro ATX,Black / Red,,False,Solid,,3,False,NZXT
DIYPC Illusion I,,ATX Mid Tower,ATX,Black / Red,,False,Tempered Glass,,2,False,DIYPC
Lian Li PC-T60,,ATX Test Bench,ATX,Red,,False,Solid,45.6,3,False,Lian Li
Silverstone RL06,,ATX Mid Tower,ATX,Black / Red,,False,Tempered Glass,43.4,3,False,SilverStone
LEPA LPC306(2U3),,ATX Mid Tower,ATX,Black,,False,Acrylic,,3,False,Desconocida
BitFenix Pandora ATX Core,,ATX Mid Tower,ATX,Black,,False,Acrylic,,3,False,BitFenix
Apevia X-Harmony,,ATX Mid Tower,ATX,Black / Red,,False,Acrylic,39.3,2,False,Apevia
Apevia X-Harmony,,ATX Mid Tower,ATX,White,,False,Acrylic,39.3,2,False,Apevia
Lian Li PC-O5S,,HTPC,Mini ITX,White,,False,Tempered Glass,,5,False,Lian Li
In Win D-FRAME MINI,,Mini ITX Tower,Mini ITX,Red,,False,Tempered Glass,46.3,3,False,In Win
In Win S-FRAME,,ATX Full Tower,ATX,Black / Gold,,False,Acrylic,131.3,4,False,In Win
Raidmax ATX-404WU,,ATX Mid Tower,ATX,Black / Green,450.0,True,Acrylic,,3,False,Raidmax
Raidmax ATX-404WU,,ATX Mid Tower,ATX,Black / Blue,450.0,True,Acrylic,,3,False,Raidmax
Lian Li PC-V33,,ATX Mid Tower,ATX,Silver,,False,Acrylic,,4,False,Lian Li
In Win D-FRAME MINI,,Mini ITX Tower,Mini ITX,Black / Orange,,False,Acrylic,46.3,3,False,In Win
Lian Li PC-D600,,ATX Full Tower,ATX,Silver,,False,Acrylic,,6,False,Lian Li
Lian Li PC-X510,,ATX Mid Tower,ATX,Black,,False,Acrylic,,6,False,Lian Li
Lian Li PC-M25,,MicroATX Mini Tower,Micro ATX,Silver,,False,Solid,,8,False,Lian Li
Lian Li PC-7N,,ATX Mid Tower,ATX,Black,,False,Solid,,4,False,Lian Li
Silverstone SG03B-F,,MicroATX Mini Tower,Micro ATX,Black,,False,Acrylic,22.2,0,False,SilverStone
Enermax OSTROG Lite,,ATX Mid Tower,ATX,Gray,,False,Acrylic,,2,False,Enermax
SHARKOON AM5,,ATX Mid Tower,ATX,Blue / Black,,False,Solid,,3,False,SHARKOON
Cooltek UMX3,,MicroATX Mini Tower,Micro ATX,Silver,,False,Acrylic,24.6,1,False,Cooltek
Cooler Master MB600L ODD,,ATX Mid Tower,ATX,Black / Silver,,False,Acrylic,,2,False,Cooler Master
Cooler Master MB600L ODD,,ATX Mid Tower,ATX,Black / Blue,,False,Acrylic,,2,False,Cooler Master
In Win EN028.TH350B,,MicroATX Mini Tower,Micro ATX,,350.0,True,Solid,,2,False,In Win
VIVO CASE-V10G,,ATX Mid Tower,ATX,Black / Blue,,False,Acrylic,34.8,2,False,VIVO
Thermaltake Versa N25,,ATX Mid Tower,ATX,Black,,False,Acrylic,,3,False,Thermaltake
In Win 305,,ATX Mid Tower,ATX,White,,False,Tempered Glass,,2,False,In Win
Enermax GraceMESH,,ATX Mid Tower,ATX,Black,,False,Tempered Glass,,2,False,Enermax
Enermax GraceMESH,,ATX Mid Tower,ATX,Black / Red,,False,Tempered Glass,,2,False,Enermax
EVGA DG-76,,ATX Mid Tower,ATX,,,False,Tempered Glass,48.6,2,False,EVGA
LDLC MX-1,,ATX Mid Tower,ATX,Black,,False,Solid,,3,False,Desconocida
LDLC MX-1,,ATX Mid Tower,ATX,Silver,,False,Solid,,3,False,Desconocida
Nanoxia Rexgear 1,,MicroATX Desktop,Micro ATX,Black / Orange,,False,Acrylic,,3,False,Nanoxia
Nanoxia Rexgear 1,,MicroATX Desktop,Micro ATX,Green / Black,,False,Acrylic,,3,False,Nanoxia
In Win D-FRAME MINI,,Mini ITX Tower,Mini ITX,Blue,,False,Tempered Glass,46.3,3,False,In Win
In Win D-FRAME MINI,,Mini ITX Tower,Mini ITX,White,,False,Tempered Glass,46.3,3,False,In Win
Nanoxia NXDS5B,,ATX Full Tower,ATX,White / Black,,False,Solid,,11,False,Nanoxia
Chieftec FI-01B-U3,,Mini ITX Desktop,Mini ITX,Black / Silver,250.0,True,Solid,,1,False,Chieftec
Chieftec FI-01B-U3,,Mini ITX Desktop,Mini ITX,Black,250.0,True,Solid,,1,False,Chieftec
DIYPC Model X,,ATX Mid Tower,ATX,Black,,False,Tempered Glass,,2,False,DIYPC
Lian Li PC-Q50,,Mini ITX Desktop,Mini ITX,Black,,False,Solid,,2,False,Lian Li
RIOTORO CR1088,,ATX Mid Tower,ATX,Black / Red,,False,Acrylic,32.6,2,False,RIOTORO
Cougar Turret,,ATX Mid Tower,ATX,Black / Red,,False,Tempered Glass,,2,False,Cougar
RAIJINTEK ASTERION CLASSIC,,ATX Full Tower,ATX,Silver,,False,Tempered Glass,56.0,3,False,RAIJINTEK
RAIJINTEK ASTERION PLUS,,ATX Full Tower,ATX,,,False,Acrylic,59.3,3,False,RAIJINTEK
RAIJINTEK COEUS ELITE,,MicroATX Mini Tower,Micro ATX,Black,,False,Tempered Glass,50.5,3,False,RAIJINTEK
RAIJINTEK COEUS EVO TC,,ATX Full Tower,ATX,Black,,False,Tempered Glass,56.8,0,False,RAIJINTEK
RAIJINTEK R206-ITX,,MicroATX Mini Tower,Micro ATX,White,,False,Solid,39.1,1,False,RAIJINTEK
Silverstone FTZ01-E,,Mini ITX Desktop,Mini ITX,Silver,,False,Solid,,0,False,SilverStone
Cooler Master MasterBox E300L,,MicroATX Mini Tower,Micro ATX,Black / Red,,False,Solid,,2,False,Cooler Master
In Win 101 PRGB1,,ATX Mid Tower,ATX,Black / Red,,False,Tempered Glass,48.3,2,False,In Win
In Win 101C PRGB2,,ATX Mid Tower,ATX,Black / Red,,False,Tempered Glass,,2,False,In Win
In Win 101C PRGB2,,ATX Mid Tower,ATX,White / Blue,,False,Tempered Glass,,2,False,In Win
Cooler Master MasterBox E500L,,ATX Mid Tower,ATX,Black,,False,Acrylic,,2,False,Cooler Master
Cooler Master MasterBox E500L,,ATX Mid Tower,ATX,Black / Red,,False,Solid,,2,False,Cooler Master
Rosewill CULLINAN PX,,ATX Mid Tower,ATX,Black / Blue,,False,Tempered Glass,,2,False,Rosewill
Rosewill CULLINAN PX,,ATX Mid Tower,ATX,Black / Red,,False,Tempered Glass,,2,False,Rosewill
RIOTORO CR488,,ATX Mid Tower,ATX,Black / Red,,False,Acrylic,,2,False,RIOTORO
Cooler Master MasterBox MB510L,,ATX Mid Tower,ATX,Black / Blue,,False,Acrylic,,2,False,Cooler Master
Cooler Master MasterBox MB510L,,ATX Mid Tower,ATX,Black / White,,False,Acrylic,,2,False,Cooler Master
Xigmatek Frontliner,,ATX Mid Tower,ATX,White,,False,Acrylic,45.1,2,False,Xigmatek
Thermaltake Versa J22 RGB,,ATX Mid Tower,ATX,Black,,False,Tempered Glass,,2,False,Thermaltake
Thermaltake Versa J23,,ATX Mid Tower,ATX,Black,,False,Tempered Glass,,2,False,Thermaltake
MagniumGear NEO MICRO,,MicroATX Mid Tower,Micro ATX,Silver,,False,Acrylic,,2,False,MagniumGear
MagniumGear NEO MICRO,,MicroATX Mid Tower,Micro ATX,Black,,False,Tempered Glass,,2,False,MagniumGear
MagniumGear NEO MINI,,Mini ITX Tower,Mini ITX,Black,,False,Acrylic,,1,False,MagniumGear
Aerocool CruiseStar Advance,,ATX Mid Tower,ATX,Black,,False,Solid,,3,False,Aerocool
DIYPC Crystal-P3,,ATX Mid Tower,ATX,Black,,False,Tempered Glass,,2,False,DIYPC
In Win 915,,ATX Full Tower,ATX,Black,,False,Tempered Glass,,4,False,In Win
Spartex Osmi,,Mini ITX Tower,Mini ITX,Black,,False,Solid,,1,False,Desconocida
Spartex Osmi,,Mini ITX Tower,Mini ITX,White,,False,Solid,,1,False,Desconocida
Apevia X-Infinity,,ATX Mid Tower,ATX,Pink / Black,,False,Acrylic,42.7,5,False,Apevia
Antec P7 Window,,ATX Mid Tower,ATX,Black / Green,,False,Acrylic,,2,False,Antec
AvP Hyperion EV33,,MicroATX Mini Tower,Micro ATX,Black,,False,Solid,,1,False,Desconocida
AvP Hyperion EV33,,MicroATX Mini Tower,Micro ATX,White,,False,Solid,,1,False,Desconocida
DIYPC DIY-Line-RGB,,ATX Mid Tower,ATX,Black,,False,Tempered Glass,,2,False,DIYPC
DIYPC DIY-SD1-RGB,,ATX Mid Tower,ATX,Black,,False,Tempered Glass,,2,False,DIYPC
Cooltek MT-03,,MicroATX Mini Tower,Micro ATX,Black,,False,Solid,,2,False,Cooltek
Thermaltake Commander C32 TG ARGB,,ATX Mid Tower,ATX,Black,,False,Tempered Glass,,3,False,Thermaltake
Thermaltake Commander C35 TG ARGB,,ATX Mid Tower,ATX,Black,,False,Tempered Glass,,3,False,Thermaltake
Thermaltake Commander C33 TG ARGB,,ATX Mid Tower,ATX,Black,,False,Tempered Glass,,3,False,Thermaltake
Azza Cube 802,,ATX Mid Tower,ATX,Black,,False,Tempered Glass,,1,False,Azza
Azza APOLLO 430 (Hurricane II),,ATX Mid Tower,ATX,Black,,False,Tempered Glass,41.3,4,False,Azza
Azza APOLLO 430 (Hurricane II),,ATX Mid Tower,ATX,White,,False,Tempered Glass,41.3,4,False,Azza
HEC HX210,,MicroATX Mini Tower,Micro ATX,Black,,False,Acrylic,35.5,2,False,HEC
HEC HX310,,ATX Mid Tower,ATX,Black,,False,Acrylic,35.4,2,False,HEC
HEC HX320,,ATX Mid Tower,ATX,Black,,False,Acrylic,35.4,2,False,HEC
GameMax California,,ATX Mid Tower,ATX,Black,,False,Acrylic,52.5,3,False,GameMax
GameMax Gamboge,,ATX Mid Tower,ATX,Black / Orange,,False,Acrylic,46.4,2,False,GameMax
GameMax Graphite,,ATX Mid Tower,ATX,Black,,False,Acrylic,47.7,2,False,GameMax
GameMax Kage,,ATX Mid Tower,ATX,Black,,False,Tempered Glass,42.0,2,False,GameMax
GameMax Mini Kallis,,MicroATX Mini Tower,Micro ATX,Black,,False,Acrylic,29.9,2,False,GameMax
GameMax Osmium,,ATX Mid Tower,ATX,Black,,False,Tempered Glass,46.7,2,False,GameMax
GameMax Phantom,,ATX Mid Tower,ATX,Black,,False,Tempered Glass,39.7,1,False,GameMax
GameMax Proteus,,ATX Mid Tower,ATX,Black,,False,Solid,34.3,4,False,GameMax
GameMax Saber,,ATX Mid Tower,ATX,Black,,False,Tempered Glass,41.8,2,False,GameMax
GameMax Solar,,ATX Mid Tower,ATX,White,,False,Tempered Glass,40.1,1,False,GameMax
GameMax Vanguard VR2,,ATX Mid Tower,ATX,Black,,False,Tinted Acrylic,57.6,2,False,GameMax
Aerocool Shard-G,,ATX Mid Tower,ATX,,,False,Tempered Glass,36.5,2,False,Aerocool
BitFenix Nova Mesh TG 4ARGB,,ATX Mid Tower,ATX,Black,,False,Tempered Glass,41.4,2,False,BitFenix
DIYPC DIY-A1-BK,,ATX Mid Tower,ATX,Black,,False,Tempered Glass,,2,False,DIYPC
DIYPC Mirage-ARGB,,ATX Mid Tower,ATX,Black,,False,Tempered Glass,38.9,2,False,DIYPC
Fractal Design Vector RS,,ATX Mid Tower,ATX,Black,,False,Tempered Glass,64.1,6,False,Fractal Design
DIYPC VII-BK-ARGB,,ATX Mid Tower,ATX,Black,,False,Tempered Glass,38.9,2,False,DIYPC
Apevia X-Infinity,,ATX Mid Tower,ATX,White / Black,,False,Acrylic,42.7,5,False,Apevia
In Win A1 Plus Phantom Gaming Edition,,Mini ITX Tower,Mini ITX,Black / Red,650.0,True,Tempered Glass,21.8,0,False,In Win
RAIJINTEK 0R20B00158,,Mini ITX Tower,Mini ITX,Pink,,False,Acrylic,13.4,2,False,RAIJINTEK
RAIJINTEK METIS EVO TGS,,Mini ITX Desktop,Mini ITX,Silver,,False,Tempered Glass,22.3,2,False,RAIJINTEK
RAIJINTEK METIS EVO TGS,,Mini ITX Desktop,Mini ITX,Blue,,False,Tempered Glass,22.3,2,False,RAIJINTEK
RAIJINTEK METIS EVO TGS,,Mini ITX Desktop,Mini ITX,Pink,,False,Tempered Glass,22.3,2,False,RAIJINTEK
RAIJINTEK METIS EVO ALS,,Mini ITX Desktop,Mini ITX,Black,,False,Solid,22.3,2,False,RAIJINTEK
RAIJINTEK METIS EVO ALS,,Mini ITX Desktop,Mini ITX,White,,False,Solid,22.3,2,False,RAIJINTEK
RAIJINTEK METIS EVO ALS,,Mini ITX Desktop,Mini ITX,Red,,False,Solid,22.3,2,False,RAIJINTEK
RAIJINTEK METIS EVO ALS,,Mini ITX Desktop,Mini ITX,Pink,,False,Solid,22.3,2,False,RAIJINTEK
In Win 905-SILOLED,,ATX Mid Tower,ATX,Silver / Black,,False,Tinted Tempered Glass,,1,False,In Win
Silverstone SG13 V2,,Mini ITX Tower,Mini ITX,Black,,False,Solid,11.5,1,False,SilverStone
In Win Z-Tower,,ATX Full Tower,ATX,Silver,,False,Solid,,2,False,In Win
Raidmax Monster II SE,,ATX Mid Tower,ATX,White / Silver,,False,Tempered Glass,,2,False,Raidmax
EG EGX211,,ATX Mid Tower,ATX,Black,,False,Tempered Glass,,2,False,Desconocida
Azza Optima 803,,ATX Mid Tower,ATX,Black,,False,Tempered Glass,71.1,2,False,Azza
SilentiumPC Regnum RG4T RGB,,ATX Mid Tower,ATX,Black,,False,Tempered Glass,46.8,3,False,SilentiumPC
Cougar TROFEO,,ATX Mid Tower,ATX,Silver / Black,,False,Tempered Glass,,2,False,Cougar
Aerocool DS Cube,,MicroATX Mini Tower,Micro ATX,Black / Green,,False,Acrylic,41.5,2,False,Aerocool
Aerocool DS Cube,,MicroATX Mini Tower,Micro ATX,Black / Blue,,False,Acrylic,41.5,2,False,Aerocool
Nanoxia Rexgear 2 Limited Edition,,MicroATX Mini Tower,Micro ATX,Black,,False,Acrylic,,3,False,Nanoxia
Azza ARC 241,,ATX Mid Tower,ATX,Black,,False,Acrylic,,3,False,Azza
Chieftronic M1,,MicroATX Mid Tower,Micro ATX,Black,,False,Tempered Glass,,2,False,Desconocida
In Win Alice,,ATX Mid Tower,ATX,Gray / Orange,,False,Solid,,1,False,In Win
In Win 216,,ATX Mid Tower,ATX,Black,,False,Tempered Glass,47.1,2,False,In Win
darkFlash V22,,ATX Mid Tower,ATX,White / Black,,False,Tempered Glass,41.7,1,False,darkFlash
darkFlash V22,,ATX Mid Tower,ATX,Green,,False,Tempered Glass,41.7,1,False,darkFlash
BitFenix Nova Mesh SE,,ATX Mid Tower,ATX,Black / Red,,False,Tempered Glass,36.1,2,False,BitFenix
Jonsbo MOD-3,,ATX Mid Tower,ATX,Pink,,False,Tempered Glass,93.1,1,False,Jonsbo
DIYPC DIY-A9-BK,,ATX Mid Tower,ATX,Black,,False,Tempered Glass,33.2,2,False,DIYPC
SilentiumPC Armis AR5,,ATX Mid Tower,ATX,Black,,False,Solid,45.8,2,False,SilentiumPC
SilentiumPC Armis AR6,,ATX Mid Tower,ATX,Black,,False,Solid,46.0,2,False,SilentiumPC
SilentiumPC Armis AR7,,ATX Mid Tower,ATX,Black,,False,Solid,61.3,3,False,SilentiumPC
Azza Luminous 110RF1,,MicroATX Mini Tower,Micro ATX,Black,,False,Tempered Glass,36.1,2,False,Azza
Azza Luminous 110ADF,,MicroATX Mini Tower,Micro ATX,Black,,False,Tempered Glass,36.1,2,False,Azza
Raidmax EVOL H07,,ATX Mid Tower,ATX,Black,,False,Tempered Glass,,2,False,Raidmax
RAIJINTEK Silenos,,ATX Mid Tower,ATX,Black,,False,Tempered Glass,39.8,2,False,RAIJINTEK
Corsair iCUE 5000X RGB Shift,,ATX Mid Tower,ATX,Black / Blue,,False,Tempered Glass,66.2,2,False,Corsair
Corsair iCUE 5000X RGB Glitch,,ATX Mid Tower,ATX,Black / Blue,,False,Tempered Glass,66.2,2,False,Corsair
Tempest Ghost,,ATX Mid Tower,ATX,Black,,False,Tempered Glass,,3,False,Tempest
Tempest Spook RGB,,ATX Mid Tower,ATX,Black,,False,Acrylic,,2,False,Tempest
Aerocool Mecha v3,,ATX Mid Tower,ATX,Black,,False,Tempered Glass,33.5,2,False,Aerocool
Antec NX800,,ATX Mid Tower,ATX,Pink,,False,Tempered Glass,54.0,3,False,Antec
Aerocool Trinity Mini V1,,MicroATX Mini Tower,Micro ATX,White,,False,Tempered Glass,28.1,2,False,Aerocool
Aerocool Trinity Mini V2,,MicroATX Mini Tower,Micro ATX,White,,False,Tempered Glass,28.1,2,False,Aerocool
Aerocool Trinity Mini V1,,MicroATX Mini Tower,Micro ATX,Pink,,False,Tempered Glass,28.1,2,False,Aerocool
Aerocool Trinity Mini V2,,MicroATX Mini Tower,Micro ATX,Pink,,False,Tempered Glass,28.1,2,False,Aerocool
DIYPC DIY D2 RGB,,ATX Mid Tower,ATX,Black,,False,Tempered Glass,38.4,2,False,DIYPC
DIYPC DIY D2 RGB,,ATX Mid Tower,ATX,White / Black,,False,Tempered Glass,38.4,2,False,DIYPC
Golden Field N-1,,Mini ITX Desktop,Mini ITX,Black,,False,Solid,17.2,1,False,Desconocida
BitFenix BitFenix Neos Window BFC-NEO-100-WWWKS-RP White Steel / Plastic ATX Mid Tower Computer Case,,ATX Mid Tower,ATX,White / Silver,,False,Acrylic,37.0,3,False,BitFenix
Geometric Future Model 6,,ATX Mid Tower,ATX,Black,,False,Tinted Tempered Glass,43.5,4,False,Geometric Future
Geometric Future Model 6,,ATX Mid Tower,ATX,Black / White,,False,Tinted Tempered Glass,43.5,4,False,Geometric Future
Geometric Future Model 8,,ATX Mid Tower,ATX,White / Multicolor,,False,Tinted Tempered Glass,57.5,3,False,Geometric Future
Geometric Future Model 6,,ATX Mid Tower,ATX,White / Gray,,False,Tinted Tempered Glass,43.5,4,False,Geometric Future
Vetroo A03,,ATX Mid Tower,ATX,White / Black,,False,Tempered Glass,,2,False,Vetroo
Cougar MG140 RGB,,MicroATX Mini Tower,Micro ATX,Black,,False,Tempered Glass,35.3,2,False,Cougar
Cougar MG140 RGB,,MicroATX Mini Tower,Micro ATX,Black / Gray,,False,Tempered Glass,35.3,2,False,Cougar
Cougar MX430 Mesh RGB,,ATX Mid Tower,ATX,Black / Gray,,False,Tempered Glass,37.6,2,False,Cougar
Thermaltake AH T200,,MicroATX Mid Tower,Micro ATX,Green / Black,,False,Tempered Glass,69.1,2,False,Thermaltake
MSI MAG SHIELD 110A,,ATX Mid Tower,ATX,Black,,False,Tempered Glass,36.5,2,False,MSI
Azza Octane B,,ATX Mid Tower,ATX,Black,,False,Tempered Glass,44.8,2,False,Azza
Azza Raven 420F,,ATX Mid Tower,ATX,Black,,False,Tempered Glass,41.8,6,False,Azza
Azza Raven 420LF,,ATX Mid Tower,ATX,Black,,False,Tempered Glass,41.8,6,False,Azza
Azza Inferno 310DH,,ATX Mid Tower,ATX,Black,,False,Tempered Glass,46.7,2,False,Azza
Azza Golem 221,,ATX Mid Tower,ATX,Black,,False,Acrylic,40.4,3,False,Azza
Azza Zircon 7000W,,ATX Full Tower,ATX,White,,False,Tempered Glass,61.8,5,False,Azza
Azza Bastion 120,,MicroATX Mid Tower,Micro ATX,Black,,False,Tempered Glass,35.9,2,False,Azza
Lazer3D LZX-8 Storm,,Mini ITX Desktop,Mini ITX,Black / White,,False,Solid,8.6,0,False,Desconocida
Lian Li PC-8FI,,ATX Mid Tower,ATX,Black / Silver,,False,Solid,80.4,6,False,Lian Li
Lian Li PC-8FI,,ATX Mid Tower,ATX,Silver,,False,Solid,80.4,6,False,Lian Li
Lian Li PC-8FI,,ATX Mid Tower,ATX,Red / Silver,,False,Solid,80.4,6,False,Lian Li
Cougar Dust 2,,Mini ITX Tower,Mini ITX,Black / Silver,,False,Mesh,23.6,0,False,Cougar
Cougar MX440 Mesh RGB,,ATX Mid Tower,ATX,Black,,False,Tempered Glass,46.0,2,False,Cougar
Cougar MX660-T,,ATX Mid Tower,ATX,Black,,False,Tempered Glass,50.0,2,False,Cougar
Cougar MX660 Iron RGB,,ATX Mid Tower,ATX,Black,,False,Tempered Glass,50.0,2,False,Cougar
Cougar MX660 Iron RGB,,ATX Mid Tower,ATX,Black / Green,,False,Tempered Glass,50.0,2,False,Cougar
Cougar MX660-T RGB-L,,ATX Mid Tower,ATX,Black,,False,Tempered Glass,50.0,2,False,Cougar
Cougar MX660 Mesh RGB,,ATX Mid Tower,ATX,Black,,False,Tempered Glass,50.0,2,False,Cougar
Cougar MX660 Mesh RGB-L,,ATX Mid Tower,ATX,Black,,False,Tempered Glass,50.0,2,False,Cougar
LC-Power 987B Silent Slinger,,ATX Mid Tower,ATX,Black / White,,False,Acrylic,44.1,2,False,LC-Power
SSUPD Meshroom S w/PCIe 4.0 Riser,,ATX Mini Tower,ATX,Yellow,,False,Mesh,14.9,0,False,SSUPD
Jonsbo V10,,Mini ITX Desktop,Mini ITX,Silver / Black,,False,Solid,18.2,0,False,Jonsbo
Jonsbo V10,,Mini ITX Desktop,Mini ITX,Silver / Black,,False,Tempered Glass,18.2,0,False,Jonsbo
Anidees AI Atomic,,ATX Mid Tower,ATX,Black,,False,Mesh,19.5,1,False,Anidees
CiT Blaze ARGB,,ATX Mid Tower,ATX,Black,,False,Tempered Glass,31.4,2,False,CiT
Jonsbo UMX6,,ATX Full Tower,ATX,Black,,False,Tempered Glass,54.1,2,False,Jonsbo
Jonsbo UMX6,,ATX Full Tower,ATX,Silver,,False,Tempered Glass,54.1,2,False,Jonsbo
Jonsbo C5,,ATX Mid Tower,ATX,Silver,,False,Tempered Glass,34.5,4,False,Jonsbo
RAIJINTEK PAEAN PREMIUM,,ATX Mid Tower,ATX,Black,,False,Tempered Glass,90.6,2,False,RAIJINTEK
OCPC MINI2,,Mini ITX Test Bench,Mini ITX,Black,,False,Solid,7.2,0,False,OCPC
OCPC MINI2,,Mini ITX Test Bench,Mini ITX,White,,False,Solid,7.2,0,False,OCPC
OCPC MINI,,Mini ITX Test Bench,Mini ITX,Silver,,False,Solid,7.2,0,False,OCPC
OCPC MINI,,Mini ITX Test Bench,Mini ITX,White / Blue,,False,Solid,7.2,0,False,OCPC
Noua Demon T4,,ATX Mid Tower,ATX,Black,,False,Tempered Glass,32.4,2,False,Noua
Noua Demon T6,,ATX Mid Tower,ATX,Black,,False,Tempered Glass,38.4,3,False,Noua
Noua Diamond C11,,ATX Mid Tower,ATX,Black,,False,Tempered Glass,40.3,3,False,Noua
Noua Fobia L10,,MicroATX Mid Tower,Micro ATX,Pink,,False,Tempered Glass,32.3,2,False,Noua
Noua Ego Z5,,ATX Full Tower,ATX,White,,False,Tempered Glass,104.6,2,False,Noua
Noua Iron V9,,ATX Mid Tower,ATX,White,,False,Tempered Glass,47.8,3,False,Noua
Noua Iron V8,,ATX Mid Tower,ATX,Black,,False,Tempered Glass,47.8,2,False,Noua
Noua Iron V1,,ATX Mid Tower,ATX,Black,,False,Tempered Glass,63.0,3,False,Noua
Noua Meta S16,,ATX Mid Tower,ATX,Black,,False,Tempered Glass,36.9,2,False,Noua
Noua Utopia F4,,ATX Mid Tower,ATX,Black,,False,Tempered Glass,40.9,2,False,Noua
Noua Utopia F2,,ATX Mid Tower,ATX,Black,,False,Tempered Glass,40.4,3,False,Noua
Noua Thor S15,,ATX Mid Tower,ATX,Black,,False,Tempered Glass,33.1,3,False,Noua
Cooler Master MasterBox MB400L with ODD,,MicroATX Mini Tower,Micro ATX,Black,,False,Tempered Glass,36.7,2,False,Cooler Master
Jonsbo Jonsplus i400,,ATX Mid Tower,ATX,Black,,False,Solid,55.7,6,False,Jonsbo
Azza Opus 809 (PCIE 4.0),,ATX Mid Tower,ATX,Silver / Black,,False,Tinted Tempered Glass,,1,False,Azza
Jonsbo U5S,,ATX Mid Tower,ATX,Black,,False,Tempered Glass,40.3,2,False,Jonsbo
Jonsbo UMX4-PLUS,,ATX Full Tower,ATX,Silver,,False,Tempered Glass,54.1,2,False,Jonsbo
Jonsbo UMX4-PLUS,,ATX Full Tower,ATX,Black,,False,Tempered Glass,54.1,2,False,Jonsbo
In Win DUBILI DIY,,ATX Full Tower,ATX,Gray / Orange,,False,Tempered Glass,72.4,2,False,In Win
BGears ‎b-BlackWidow-RGB,,ATX Mid Tower,ATX,White,,False,Tinted Tempered Glass,41.2,2,False,BGears
FSP Group CUT593A,,ATX Full Tower,ATX,White,,False,Tempered Glass,62.6,3,False,FSP
FSP Group CUT593,,ATX Full Tower,ATX,White,,False,Tempered Glass,62.6,3,False,FSP
FSP Group CUT593,,ATX Full Tower,ATX,Black,,False,Tempered Glass,62.6,3,False,FSP
GAMDIAS ATHENA P1 LITE,,ATX Mid Tower,ATX,Black,,False,Tempered Glass,49.6,2,False,GAMDIAS
MagniumGear NEO Silent (2023),,ATX Mid Tower,ATX,Black,,False,Tempered Glass,41.4,2,False,MagniumGear
KOLINK Inspire K4,,ATX Mid Tower,ATX,Black,,False,Tempered Glass,33.4,2,False,KOLINK
KOLINK Inspire X1,,ATX Mid Tower,ATX,,,False,Tempered Glass,31.1,2,False,KOLINK
KOLINK Phalanx V2,,ATX Mid Tower,ATX,Black,,False,Tempered Glass,47.7,2,False,KOLINK
Aerocool Menace Saturn FRGB V2,,ATX Mid Tower,ATX,,,False,Tempered Glass,36.7,2,False,Aerocool
Antec P82 Silent,,ATX Mid Tower,ATX,Black,,False,Solid,46.9,2,False,Antec
DIYPC DIY-Mesh,,ATX Mid Tower,ATX,Black,,False,Tempered Glass,31.3,2,False,DIYPC
DIYPC DIY-Mesh,,ATX Mid Tower,ATX,White / Black,,False,Tempered Glass,31.3,2,False,DIYPC
DIYPC IDX2-ARGB,,ATX Mid Tower,ATX,Orange / Black,,False,Tempered Glass,46.9,4,False,DIYPC
DIYPC Rainbow-Flash-G1,,ATX Mid Tower,ATX,Black,,False,Tempered Glass,35.9,2,False,DIYPC
DIYPC S1-ARGB,,ATX Mid Tower,ATX,Black,,False,Tempered Glass,36.8,2,False,DIYPC
GameMax AutoBot,,ATX Mid Tower,ATX,Silver / Black,,False,Tempered Glass,76.8,3,False,GameMax
GameMax Brufen C3,,ATX Mid Tower,ATX,White / Blue,,False,Tempered Glass,42.2,2,False,GameMax
GameMax Brufen C3,,ATX Mid Tower,ATX,White / Pink,,False,Tempered Glass,42.2,2,False,GameMax
GameMax RockStar 2,,ATX Mid Tower,ATX,Black,,False,Tempered Glass,40.7,2,False,GameMax
BitFenix Hades,,ATX Mid Tower,ATX,Black,,False,Tempered Glass,42.3,2,False,BitFenix
Enermax ENERPAZO EP237 RGB,,ATX Mid Tower,ATX,Black,,False,Tempered Glass,40.0,2,False,Enermax
CherryTree Borg Cube w/Lights,,ATX Desktop,ATX,Black,,False,Solid,55.3,0,False,Desconocida
DARKROCK A8-M,,ATX Mid Tower,ATX,White,,False,Tempered Glass,,2,False,DARKROCK
DARKROCK A8-X,,ATX Mid Tower,ATX,White,,False,Tempered Glass,42.5,2,False,DARKROCK
SSUPD Meshroom S V2,,MicroATX Mini Tower,Micro ATX,Green,,False,Mesh,14.9,2,False,SSUPD
Aerocool GT,,ATX Mid Tower,ATX,White,,False,Mesh,34.4,3,False,Aerocool
GameMax F36,,MicroATX Mini Tower,Micro ATX,Black,,False,Solid,35.1,2,False,GameMax
RAIJINTEK Ponos Ultra TG4,,ATX Mid Tower,ATX,Black,,False,Solid,46.3,2,False,RAIJINTEK
RAIJINTEK Ponos Ultra MS4,,ATX Mid Tower,ATX,Black,,False,Solid,46.3,2,False,RAIJINTEK
GameMax F46,,ATX Mid Tower,ATX,Black,,False,Solid,40.6,2,False,GameMax
SHARKOON Skiller SGC1 Window,,ATX Mid Tower,ATX,Black,,False,Acrylic,47.5,2,False,SHARKOON
SHARKOON Skiller SGC1 Window,,ATX Mid Tower,ATX,Red,,False,Acrylic,47.5,2,False,SHARKOON
FSP Group CMT120A,,ATX Mid Tower,ATX,Black,,False,Acrylic,34.5,2,False,FSP
Axiom Nova C013,,ATX Mid Tower,ATX,White / Black,,False,Tempered Glass,38.5,1,False,Desconocida
Axiom Nova C013,,ATX Mid Tower,ATX,Pink,,False,Tempered Glass,38.5,1,False,Desconocida
PC Cooler IE200,,ATX Mid Tower,ATX,Black,,False,Tempered Glass,48.1,2,False,PC Cooler
GameMax Violin,,Mini ITX Desktop,Mini ITX,Black,180.0,True,Mesh,5.2,0,False,GameMax
GameMax Violin,,Mini ITX Desktop,Mini ITX,Silver,180.0,True,Mesh,5.2,0,False,GameMax
