name,price,rpm_min,rpm_max,noise_min_db,noise_max_db,color,radiator_size,cooler_type,price_available,brand
Thermalright Peerless Assassin 120 SE,698.0,1550.0,1550.0,25.6,25.6,Black / Silver,,Air,True,Thermalright
ARCTIC Liquid Freezer III Pro 360,1699.8,600.0,3000.0,,,Black,360.0,AIO,True,ARCTIC
Cooler Master Hyper 212 Black Edition,519.79,650.0,2000.0,6.5,26.0,Black,,Air,True,Cooler Master
Thermalright Phantom Spirit 120 SE ARGB,758.0,1500.0,1500.0,25.6,25.6,Black / Silver,,Air,True,Thermalright
Thermalright Aqua Elite V3,1098.0,1500.0,1500.0,25.6,25.6,Black,360.0,AIO,True,Thermalright
Noctua NH-D15 chromax.black,2798.8,300.0,1500.0,19.2,24.6,Black,,Air,True,Noctua
NZXT Kraken 360,3599.8,500.0,1800.0,17.9,30.6,Black,360.0,AIO,True,NZXT
Corsair NAUTILUS 360 RS ARGB,2599.8,2100.0,2100.0,34.0,34.0,Black,360.0,AIO,True,Corsair
ARCTIC Liquid Freezer III 360 A-RGB,3199.8,200.0,2000.0,,,Black,360.0,AIO,True,ARCTIC
Thermalright Assassin X 120 Refined SE,357.8,1550.0,1550.0,25.6,25.6,Black / Silver,,Air,True,Thermalright
Cooler Master MasterLiquid 360L Core ARGB,1499.6,350.0,1750.0,27.2,27.2,Black,360.0,AIO,True,Cooler Master
ARCTIC Liquid Freezer III Pro A-RGB 360,1879.8,600.0,3000.0,,,Black,360.0,AIO,True,ARCTIC
Thermalright Phantom Spirit 120 SE,718.0,1500.0,1500.0,25.6,25.6,Black / Silver,,Air,True,Thermalright
ID-COOLING SE-214-XT ARGB,359.6,500.0,1500.0,13.8,30.5,Black,,Air,True,ID-COOLING
NZXT Kraken 240,1999.8,500.0,1800.0,17.9,30.6,Black,240.0,AIO,True,NZXT
Thermalright Aqua Elite V3,898.0,1500.0,1500.0,25.6,25.6,Black,240.0,AIO,True,Thermalright
Thermalright Peerless Assassin 120 SE ARGB,738.0,1550.0,1550.0,25.6,25.6,Black,,Air,True,Thermalright
ARCTIC Liquid Freezer III 360 A-RGB,2999.8,200.0,2000.0,,,White,360.0,AIO,True,ARCTIC
AMD Wraith Prism,1247.0,2800.0,2800.0,42.0,42.0,,,Air,True,AMD
ARCTIC Freezer 36,883.8,200.0,1800.0,,,Black,,Air,True,ARCTIC
Corsair NAUTILUS 360 RS ARGB,2599.8,2100.0,2100.0,34.0,34.0,White,360.0,AIO,True,Corsair
ARCTIC Liquid Freezer III Pro A-RGB 360,2009.8,600.0,3000.0,,,White,360.0,AIO,True,ARCTIC
Thermalright Phantom Spirit EVO,1199.8,2150.0,2150.0,27.0,27.0,Black,,Air,True,Thermalright
Noctua NH-D15,2598.8,300.0,1500.0,19.2,24.6,,,Air,True,Noctua
be quiet! Dark Rock Pro 5,1998.0,1300.0,2000.0,8.9,23.3,Black,,Air,True,be quiet!
NZXT Kraken Elite 360 RGB,,500.0,1800.0,17.9,30.6,White,360.0,AIO,False,NZXT
NZXT Kraken 360 RGB,4399.8,500.0,1800.0,17.9,30.6,White,360.0,AIO,True,NZXT
Asus ROG STRIX LC 360 RGB GUNDAM,32420.0,800.0,2500.0,37.6,37.6,White,360.0,AIO,True,ASUS
Thermalright Frozen Notte ARGB,1107.8,2000.0,2000.0,27.7,27.7,Black,360.0,AIO,True,Thermalright
Thermalright Peerless Assassin 120 SE WHITE ARGB,738.0,1550.0,1550.0,25.6,25.6,White,,Air,True,Thermalright
ARCTIC Liquid Freezer III Pro,1419.6,600.0,3000.0,,,Black,240.0,AIO,True,ARCTIC
Corsair iCUE LINK TITAN 360 RX LCD,3899.8,300.0,2100.0,10.0,36.0,Black,360.0,AIO,True,Corsair
ID-COOLING FROZN A620 PRO SE,599.79,300.0,2000.0,27.2,27.2,Black,,Air,True,ID-COOLING
Noctua NH-L9x65 chromax.black,1599.0,600.0,2500.0,14.8,23.6,Black,,Air,True,Noctua
Thermalright Assassin King SE ARGB,381.8,1550.0,1550.0,25.6,25.6,White,,Air,True,Thermalright
Corsair iCUE H150i ELITE LCD XT,,550.0,2100.0,5.0,34.1,Black,360.0,AIO,False,Corsair
Lian Li Galahad II Trinity SL-INF,3379.8,2100.0,2100.0,29.0,29.0,Black,360.0,AIO,True,Lian Li
NZXT Kraken 360 RGB,3999.8,500.0,1800.0,17.9,30.6,Black,360.0,AIO,True,NZXT
Noctua NH-L9A-AM5,999.0,600.0,2500.0,14.8,23.6,Brown / Silver,,Air,True,Noctua
Thermalright Assassin X SE,337.8,2200.0,2200.0,23.85,23.85,Black / Silver,,Air,True,Thermalright
Asus ROG Ryujin III 360 ARGB Extreme,7499.8,1.0,2800.0,36.0,36.0,Black,360.0,AIO,True,ASUS
Thermalright Aqua Elite V3,1091.8,1500.0,1500.0,25.6,25.6,White,360.0,AIO,True,Thermalright
Cooler Master MasterLiquid 240L Core ARGB,1699.8,350.0,1750.0,27.2,27.2,Black,240.0,AIO,True,Cooler Master
Thermalright AQUA ELITE ARGB V4,1218.0,1550.0,1550.0,25.6,25.6,Black,360.0,AIO,True,Thermalright
Lian Li Hydroshift LCD 360S,3599.8,200.0,2500.0,29.8,29.8,White,360.0,AIO,True,Lian Li
ID-COOLING SE-903-XT,299.8,500.0,2200.0,25.8,25.8,Black,,Air,True,ID-COOLING
Cooler Master Hyper 212 (2023),519.79,690.0,2500.0,32.8,32.8,Black,,Air,True,Cooler Master
Lian Li Hydroshift LCD 360S,3489.8,200.0,2500.0,29.8,29.8,Black,360.0,AIO,True,Lian Li
Cooler Master Hyper 212 Spectrum V3,339.6,650.0,1750.0,27.2,27.2,Black / Silver,,Air,True,Cooler Master
Noctua NH-L9A-AM5 CHROMAX.BLACK,1199.0,600.0,2500.0,14.8,23.6,Black,,Air,True,Noctua
NZXT Kraken 240 RGB,2299.79,500.0,1800.0,17.9,30.6,White,240.0,AIO,True,NZXT
Corsair NAUTILUS 240 RS ARGB,1999.8,2100.0,2100.0,34.0,34.0,Black,240.0,AIO,True,Corsair
Deepcool AK620 ZERO DARK,,500.0,1850.0,28.0,28.0,Black,,Air,False,DeepCool
ARCTIC Liquid Freezer III 240,,200.0,1800.0,,,Black,240.0,AIO,False,ARCTIC
NZXT Kraken Elite 360 RGB (2024),5799.8,500.0,2400.0,30.0,30.0,White,360.0,AIO,True,NZXT
Thermalright AXP90-X47,447.8,2700.0,2700.0,22.4,22.4,Black,,Air,True,Thermalright
MSI MAG CORELIQUID A13,2199.79,,,,,Black,360.0,AIO,True,MSI
Corsair iCUE LINK TITAN 360 RX RGB,3999.0,300.0,2100.0,,,Black,360.0,AIO,True,Corsair
Thermalright Assassin Spirit 120 EVO,507.8,2000.0,2000.0,28.2,28.2,Black,,Air,True,Thermalright
Noctua NH-U12A chromax.black,2798.8,450.0,2000.0,18.8,22.6,Black,,Air,True,Noctua
TRYX PANORAMA SE ARGB,5599.8,500.0,1850.0,,,Black,360.0,AIO,True,TRYX
Thermalright Assassin Spirit 120 EVO DARK,518.0,1850.0,1850.0,27.0,27.0,Black,,Air,True,Thermalright
NZXT Kraken Elite 360 RGB,5999.8,500.0,1800.0,17.9,30.6,Black,360.0,AIO,True,NZXT
Thermalright Peerless Assassin 120 Black,973.8,1550.0,1550.0,25.6,25.6,Black,,Air,True,Thermalright
Corsair iCUE LINK TITAN 360 RX LCD,4399.8,300.0,2100.0,10.0,36.0,White,360.0,AIO,True,Corsair
Thermalright Assassin X Refined SE ARGB,,1550.0,1550.0,25.6,25.6,Black / Silver,,Air,False,Thermalright
Noctua NH-U12S chromax.black,1999.0,300.0,1500.0,18.6,22.4,Black,,Air,True,Noctua
Thermalright Assassin X 120 R Digital ARGB,498.0,2000.0,2000.0,29.8,29.8,Black,,Air,True,Thermalright
Thermalright Peerless Assassin 120 White,951.8,1550.0,1550.0,25.6,25.6,White,,Air,True,Thermalright
Lian Li Galahad II Trinity SL-INF,3599.8,2100.0,2100.0,29.0,29.0,White,360.0,AIO,True,Lian Li
TRYX PANORAMA SE ARGB,5599.8,500.0,1850.0,,,White,360.0,AIO,True,TRYX
Deepcool AK400,,500.0,1850.0,29.0,29.0,Black / Silver,,Air,False,DeepCool
Noctua NH-D15 G2,3599.0,1500.0,1500.0,24.8,24.8,Brown / Silver,,Air,True,Noctua
Corsair NAUTILUS 360 RS,2099.79,2100.0,2100.0,34.0,34.0,Black,360.0,AIO,True,Corsair
ID-COOLING FROZN A410 BLACK,539.79,500.0,2000.0,29.85,29.85,Black,,Air,True,ID-COOLING
be quiet! Dark Rock 5,1458.0,2100.0,2100.0,11.9,29.8,Black,,Air,True,be quiet!
NZXT Kraken Elite 360 (2024),5399.8,500.0,2000.0,30.0,30.0,Black,360.0,AIO,True,NZXT
be quiet! Pure Rock 3,698.0,2000.0,2000.0,12.4,31.2,Black,,Air,True,be quiet!
ARCTIC Liquid Freezer III 280,2599.8,200.0,1700.0,,,Black,280.0,AIO,True,ARCTIC
Intel E97379-001,399.6,1200.0,2800.0,22.0,22.0,Silver / Black,,Air,True,Intel
Noctua NH-D9L,1699.0,400.0,2000.0,16.3,22.8,,,Air,True,Noctua
ARCTIC Liquid Freezer III 240 A-RGB,2398.19,200.0,2000.0,,,Black,240.0,AIO,True,ARCTIC
Noctua NH-L12S,1499.0,450.0,1850.0,16.8,23.9,,,Air,True,Noctua
Thermalright Assassin X Refined SE RGB V2,345.79,1550.0,1550.0,25.6,25.6,Black / Silver,,Air,True,Thermalright
ID-COOLING SE-214-XT ARGB,359.6,500.0,1500.0,13.8,30.5,White,,Air,True,ID-COOLING
ARCTIC Liquid Freezer III 420 A-RGB,3199.8,200.0,1900.0,,,Black,420.0,AIO,True,ARCTIC
NZXT Kraken 240 RGB,2399.79,500.0,1800.0,17.9,30.6,Black,240.0,AIO,True,NZXT
Montech HyperFlow ARGB 360,1959.8,2200.0,2200.0,29.1,29.1,Black,360.0,AIO,True,Montech
Lian Li Galahad II LCD SL-INF,5199.8,,,29.0,29.0,Black,360.0,AIO,True,Lian Li
Noctua NH-D15S chromax.black,2598.8,300.0,1500.0,19.2,24.6,Black,,Air,True,Noctua
Thermalright AQUA ELITE ARGB V4,1043.8,1550.0,1550.0,25.6,25.6,White,360.0,AIO,True,Thermalright
Thermalright Peerless Assassin 120 SE V3,698.0,2000.0,2000.0,29.8,29.8,Black / Silver,,Air,True,Thermalright
NZXT Kraken Elite RGB (2025),6699.8,500.0,2000.0,34.5,34.5,Black,420.0,AIO,True,NZXT
Cooler Master Hyper 212 RGB Black Edition,557.6,650.0,2000.0,8.0,30.0,Black,,Air,True,Cooler Master
Thermalright Frozen Notte ARGB,978.0,2000.0,2000.0,27.7,27.7,White,240.0,AIO,True,Thermalright
Thermalright Assassin X 120 R Digital ARGB,498.0,2000.0,2000.0,29.8,29.8,White,,Air,True,Thermalright
ARCTIC Liquid Freezer III 360,4000.0,200.0,1800.0,,,Black,360.0,AIO,True,ARCTIC
Thermalright AXP90-X47,818.0,2700.0,2700.0,22.4,22.4,Orange / Brown,,Air,True,Thermalright
be quiet! Pure Rock Pro 3,1098.0,2000.0,2000.0,14.0,34.8,Black,,Air,True,be quiet!
TRYX PANORAMA ARGB (2025),7168.8,500.0,1850.0,28.87,28.87,Black,360.0,AIO,True,TRYX
be quiet! Silent Loop 3,3098.8,2500.0,2500.0,19.8,38.8,Black,360.0,AIO,True,be quiet!
Deepcool GAMMAXX AG400 ARGB,,500.0,2000.0,31.6,31.6,Black,,Air,False,DeepCool
Thermalright Assassin X Refined SE PLUS,395.79,1550.0,1550.0,25.6,25.6,Black / Silver,,Air,True,Thermalright
ARCTIC Alpine 23,237.8,100.0,2000.0,,,White / Black,,Air,True,ARCTIC
ID-COOLING FX360 PRO,1199.8,500.0,1800.0,35.2,35.2,Black,360.0,AIO,True,ID-COOLING
Thermalright Frozen Notte ARGB,945.8,2000.0,2000.0,27.7,27.7,Black,240.0,AIO,True,Thermalright
Thermalright Frozen Notte ARGB,,2000.0,2000.0,27.7,27.7,White,360.0,AIO,False,Thermalright
Thermalright Frozen Warframe ARGB,1621.8,2000.0,2000.0,22.1,22.1,Black,360.0,AIO,True,Thermalright
Cooler Master MASTERLIQUID ML240L RGB V2,1732.4,650.0,1800.0,6.0,27.0,Black,240.0,AIO,True,Cooler Master
Corsair iCUE LINK H100i RGB,2399.79,480.0,2400.0,,,Black,240.0,AIO,True,Corsair
Thermalright Frozen Infinity 360 ARGB,1051.8,2000.0,2000.0,28.2,28.2,White,360.0,AIO,True,Thermalright
Thermalright Peerless Assassin 120 SE,731.8,1550.0,1550.0,25.6,25.6,Black,,Air,True,Thermalright
NZXT Kraken Elite 360 RGB (2024),5799.8,500.0,2400.0,30.0,30.0,Black,360.0,AIO,True,NZXT
Thermalright Phantom Spirit,758.0,1500.0,1500.0,25.6,25.6,Black / Silver,,Air,True,Thermalright
Noctua NH-U12S redux,1099.0,450.0,1700.0,25.1,25.1,Gray / Silver,,Air,True,Noctua
Thermalright AXP90-X53 FULL,718.0,2700.0,2700.0,22.4,22.4,Copper / Orange,,Air,True,Thermalright
Corsair NAUTILUS 240 RS,1799.8,2100.0,2100.0,34.0,34.0,Black,240.0,AIO,True,Corsair
Thermalright Aqua Elite V3,898.0,1500.0,1500.0,25.6,25.6,White,240.0,AIO,True,Thermalright
be quiet! Pure Rock Slim 2,735.4,,,13.1,25.4,Black / Silver,,Air,True,be quiet!
Thermalright Peerless Assassin 120 Digital ARGB,918.0,1850.0,1850.0,25.6,25.6,Black,,Air,True,Thermalright
Vetroo V5,599.79,800.0,1700.0,30.8,30.8,Black,,Air,True,Vetroo
Noctua NH-D15 G2 LBC,3599.0,1500.0,1500.0,24.8,24.8,Brown / Silver,,Air,True,Noctua
Noctua NH-U9S chromax.black,1499.0,400.0,2000.0,16.3,22.8,Black,,Air,True,Noctua
Thermalright Assassin X Refined SE,357.8,1550.0,1550.0,25.6,25.6,White / Silver,,Air,True,Thermalright
ARCTIC Freezer 36 A-RGB,967.4,200.0,2000.0,,,Black,,Air,True,ARCTIC
TRYX PANORAMA ARGB (2025),7199.0,500.0,1850.0,28.87,28.87,White,360.0,AIO,True,TRYX
Asus ROG Ryujin III ARGB Extreme,7799.8,1.0,2800.0,36.0,36.0,White,360.0,AIO,True,ASUS
Lian Li Hydroshift II LCD-C TL,,200.0,2600.0,33.0,33.0,Black,360.0,AIO,False,Lian Li
ARCTIC Liquid Freezer III 420,3800.0,200.0,1700.0,,,Black,420.0,AIO,True,ARCTIC
be quiet! Dark Rock Pro 4,,1500.0,1500.0,12.8,24.3,Black,,Air,False,be quiet!
Thermalright AXP90-X47,438.0,2700.0,2700.0,22.4,22.4,White,,Air,True,Thermalright
Thermalright Peerless Assassin 140,865.8,1500.0,1500.0,25.6,25.6,White,,Air,True,Thermalright
Deepcool LE720,,500.0,2250.0,32.9,32.9,Black,360.0,AIO,False,DeepCool
Thermalright AQUA ELITE ARGB V4,879.8,1550.0,1550.0,25.6,25.6,White,240.0,AIO,True,Thermalright
ID-COOLING IS-55 Black,,500.0,2000.0,31.2,31.2,Black,,Air,False,ID-COOLING
Cooler Master Hyper 212 Halo,579.79,650.0,2050.0,27.0,27.0,Black,,Air,True,Cooler Master
Corsair iCUE H150i ELITE CAPELLIX XT,7360.0,550.0,2100.0,,,White,360.0,AIO,True,Corsair
Noctua NH-L9a-AM4,999.0,600.0,2500.0,14.8,23.6,Brown,,Air,True,Noctua
be quiet! Pure Rock 2 Black,998.0,1500.0,1500.0,19.1,26.8,Black,,Air,True,be quiet!
Lian Li Galahad II LCD SL-INF,4999.8,,,29.0,29.0,White,360.0,AIO,True,Lian Li
Deepcool AK400 DIGITAL,,500.0,1850.0,28.0,28.0,Black,,Air,False,DeepCool
Noctua NH-U12A,2598.0,450.0,2000.0,18.8,22.6,Brown,,Air,True,Noctua
Thermalright Peerless Assassin MINI,747.8,1500.0,1500.0,25.6,25.6,Black,,Air,True,Thermalright
Thermalright Frozen Prism ARGB,1047.8,1850.0,1850.0,27.0,27.0,White,360.0,AIO,True,Thermalright
MSI MAG CORELIQUID A13,1599.8,,,,,Black,240.0,AIO,True,MSI
Thermalright Frozen Infinity 360 ARGB,,2000.0,2000.0,28.2,28.2,Black,360.0,AIO,False,Thermalright
NZXT Kraken 280,2799.8,500.0,1500.0,19.4,32.1,Black,280.0,AIO,True,NZXT
Thermalright Frozen Prism,1137.8,1850.0,1850.0,27.0,27.0,Black,360.0,AIO,True,Thermalright
Thermalright Frozen Warframe ARGB,1621.8,2000.0,2000.0,22.1,22.1,White,360.0,AIO,True,Thermalright
Thermalright AXP120-X67,598.0,1800.0,1800.0,26.1,26.1,Gray,,Air,True,Thermalright
Deepcool AG400,,500.0,2000.0,31.6,31.6,Black / Silver,,Air,False,DeepCool
Deepcool AK620 DIGITAL,,500.0,1850.0,28.0,28.0,Black,,Air,False,DeepCool
Iceberg Thermal IceFLOE T95,199.8,1000.0,2200.0,32.3,32.3,Teal / Silver,,Air,True,Iceberg Thermal
Thermalright Aqua Elite V3,691.8,1500.0,1500.0,25.6,25.6,Black,120.0,AIO,True,Thermalright
ID-COOLING FX240 PRO,1099.8,500.0,1800.0,35.2,35.2,Black,240.0,AIO,True,ID-COOLING
Asus ProArt LC 420,6999.8,800.0,2000.0,31.5,31.5,Black,420.0,AIO,True,ASUS
ARCTIC Freezer 36,754.2,200.0,1800.0,,,Black / Silver,,Air,True,ARCTIC
Thermalright Phantom Spirit SE,758.0,1500.0,1500.0,25.6,25.6,Black,,Air,True,Thermalright
Thermalright Burst Assassin 120 SE ARGB,467.8,1550.0,1550.0,25.6,25.6,Black / Silver,,Air,True,Thermalright
Noctua NH-L9i chromax.black,1199.0,600.0,2500.0,14.8,23.6,Black,,Air,True,Noctua
ID-COOLING FX360 INF,1399.6,300.0,2000.0,27.2,27.2,Black,360.0,AIO,True,ID-COOLING
Vetroo V240,997.6,800.0,1800.0,30.8,30.8,Black,240.0,AIO,True,Vetroo
Corsair iCUE LINK TITAN 360 RX RGB,3599.8,300.0,2100.0,,,White,360.0,AIO,True,Corsair
Thermalright Peerless Assassin 90 SE,467.8,2200.0,2200.0,23.85,23.85,Black,,Air,True,Thermalright
Thermalright Frozen Edge,898.0,2150.0,2150.0,28.1,28.1,Black,240.0,AIO,True,Thermalright
be quiet! Pure Rock 2,859.8,1500.0,1500.0,19.1,26.8,Silver / Black,,Air,True,be quiet!
Noctua NH-L9i-17xx chromax.black,1199.0,600.0,2500.0,14.8,23.6,Black,,Air,True,Noctua
Cooler Master Hyper 212 Pro,557.6,690.0,2500.0,32.8,32.8,Black,,Air,True,Cooler Master
Asus ROG Ryujin III ARGB,17880.0,600.0,2200.0,36.45,36.45,Black,360.0,AIO,True,ASUS
ID-COOLING FROZN A620 BLACK,799.8,500.0,2000.0,29.85,29.85,Black,,Air,True,ID-COOLING
Corsair iCUE H100i ELITE CAPELLIX XT,,550.0,2100.0,5.0,34.1,White,240.0,AIO,False,Corsair
Thermalright AXP90-X53,427.8,2700.0,2700.0,22.4,22.4,Gray,,Air,True,Thermalright
Corsair iCUE H150i ELITE CAPELLIX XT,,550.0,2100.0,5.0,34.1,Black,360.0,AIO,False,Corsair
Cooler Master MasterLiquid 360L Core ARGB,1600.2,350.0,1750.0,27.2,27.2,White,360.0,AIO,True,Cooler Master
ARCTIC Freezer 36 A-RGB,983.8,200.0,2000.0,,,White,,Air,True,ARCTIC
MSI MEG CORELIQUID S360,6000.0,,,22.7,22.7,Black,360.0,AIO,True,MSI
Deepcool AK620,,500.0,1850.0,28.0,28.0,Black / Silver,,Air,False,DeepCool
ID-COOLING FROZN A410 SE,499.79,300.0,1800.0,24.8,24.8,Black,,Air,True,ID-COOLING
EK EK-Nucleus AIO CR360 Lux D-RGB,,550.0,2300.0,36.0,36.0,Black,360.0,AIO,False,EK
NZXT Kraken Z73 RGB,,500.0,1500.0,22.0,33.0,White / Black,360.0,AIO,False,NZXT
Thermalright AXP90-X36,438.0,2700.0,2700.0,22.4,22.4,Gray,,Air,True,Thermalright
Thermalright Peerless Assassin 140,907.8,1500.0,1500.0,25.6,25.6,Black,,Air,True,Thermalright
Lian Li Galahad II Lite RGB,1999.8,300.0,2500.0,34.8,34.8,Black,360.0,AIO,True,Lian Li
Deepcool MYSTIQUE 360,,500.0,2150.0,36.49,36.49,Black,360.0,AIO,False,DeepCool
Thermalright Assassin X 90 SE ARGB,377.8,2200.0,2200.0,23.85,23.85,Black / Silver,,Air,True,Thermalright
Phanteks Glacier One 360M25 G2,1999.8,350.0,2000.0,35.13,35.13,Black,360.0,AIO,True,Phanteks
Lian Li Hydroshift II LCD-C TL,,200.0,2600.0,33.0,33.0,White,360.0,AIO,False,Lian Li
be quiet! Silent Loop 3,3160.0,1900.0,1900.0,19.4,34.3,Black,420.0,AIO,True,be quiet!
MSI MAG CORELIQUID A13,2159.79,,,,,White,360.0,AIO,True,MSI
Thermalright Burst Assassin 120 SE,433.8,1550.0,1550.0,25.6,25.6,Black / Silver,,Air,True,Thermalright
NZXT Kraken 120,1781.8,500.0,2000.0,21.0,36.0,Black,120.0,AIO,True,NZXT
Gigabyte AORUS WATERFORCE II 360 ICE,2599.8,800.0,2300.0,12.8,36.9,White,360.0,AIO,True,Gigabyte
NZXT Kraken Elite RGB (2025),6699.8,500.0,2000.0,34.5,34.5,White,420.0,AIO,True,NZXT
Asus ROG Ryujin III,5999.8,450.0,2000.0,29.7,29.7,Black,360.0,AIO,True,ASUS
ARCTIC Liquid Freezer III 240 A-RGB,2379.79,200.0,2000.0,,,White,240.0,AIO,True,ARCTIC
Cooler Master Hyper 212 EVO,2414.4,600.0,2000.0,9.0,36.0,,,Air,True,Cooler Master
Thermalright Frozen Prism ARGB,1138.0,1850.0,1850.0,27.0,27.0,Black,360.0,AIO,True,Thermalright
ID-COOLING SE-214-XT PLUS,399.6,700.0,1800.0,35.2,35.2,Black / Silver,,Air,True,ID-COOLING
Thermalright AQUA ELITE ARGB V4,909.8,1550.0,1550.0,25.6,25.6,Black,240.0,AIO,True,Thermalright
Thermalright Assassin Spirit 120 EVO WHITE ARGB,458.0,1850.0,1850.0,27.0,27.0,White,,Air,True,Thermalright
Corsair iCUE H170i ELITE LCD XT,,500.0,1700.0,5.0,33.8,Black,420.0,AIO,False,Corsair
Thermaltake Gravity i2,255.6,1800.0,1800.0,21.3,21.3,,,Air,True,Thermaltake
Thermalright Frozen Edge,1191.8,2150.0,2150.0,28.1,28.1,Black,360.0,AIO,True,Thermalright
be quiet! Pure Loop 2 FX,2999.8,,,8.0,34.0,Black,360.0,AIO,True,be quiet!
ID-COOLING FROSTFLOW X,1079.8,800.0,1600.0,16.8,32.6,Black / Silver,280.0,AIO,True,ID-COOLING
Thermalright Mjolnir Vision 360 ARGB,2131.8,2150.0,2150.0,27.0,27.0,White,360.0,AIO,True,Thermalright
ARCTIC Liquid Freezer III 280 A-RGB,2779.8,200.0,1900.0,,,Black,280.0,AIO,True,ARCTIC
Noctua NH-L9i,999.0,600.0,2500.0,14.8,23.6,Brown,,Air,True,Noctua
ID-COOLING FROZN A720 BLACK,1399.6,500.0,2000.0,33.5,33.5,Black,,Air,True,ID-COOLING
NZXT T120 RGB,659.8,500.0,1800.0,17.2,27.5,Black,,Air,True,NZXT
Corsair iCUE H150i ELITE CAPELLIX,,2400.0,2400.0,10.0,37.0,Black,360.0,AIO,False,Corsair
Thermalright Royal Knight 120,698.0,2150.0,2150.0,29.4,29.4,Black,,Air,True,Thermalright
Noctua NH-D12L CHROMAX.BLACK,2199.0,450.0,2000.0,18.8,22.6,Black,,Air,True,Noctua
Deepcool ASSASSIN IV,,500.0,1700.0,22.6,29.3,Black,,Air,False,DeepCool
Noctua NH-U9S,1399.0,400.0,2000.0,16.3,22.8,,,Air,True,Noctua
Deepcool LE520,,500.0,2250.0,32.9,32.9,Black,240.0,AIO,False,DeepCool
Asus ROG RYUO III 360 ARGB,3790.0,2200.0,2200.0,36.45,36.45,Black,360.0,AIO,True,ASUS
Corsair NAUTILUS 240 RS ARGB,1999.8,2100.0,2100.0,34.0,34.0,White,240.0,AIO,True,Corsair
Thermalright Grand Vision ARGB,2553.8,2150.0,2150.0,29.4,29.4,Black,360.0,AIO,True,Thermalright
Thermalright Peerless Assassin 90 SE,465.79,2200.0,2200.0,23.85,23.85,White / Silver,,Air,True,Thermalright
NZXT Kraken X53,4599.8,500.0,2000.0,21.0,36.0,Black,240.0,AIO,True,NZXT
ARCTIC Liquid Freezer III Pro A-RGB,1569.6,600.0,3000.0,,,Black,240.0,AIO,True,ARCTIC
Noctua NH-U12S,1699.0,300.0,1500.0,18.6,22.4,,,Air,True,Noctua
Noctua NH-L9x65,1399.0,600.0,2500.0,14.8,23.6,,,Air,True,Noctua
NZXT Kraken Elite 240 (2024),3399.8,500.0,2000.0,30.0,30.0,Black,240.0,AIO,True,NZXT
Corsair iCUE H100i RGB ELITE,,400.0,1850.0,5.0,28.9,Black,240.0,AIO,False,Corsair
Thermalright Royal Pretor 130 BLACK,993.8,1750.0,1750.0,28.3,28.3,Black,,Air,True,Thermalright
be quiet! Light Loop,3301.2,1500.0,2900.0,17.2,36.8,Black,360.0,AIO,True,be quiet!
Montech HyperFlow ARGB 360,1998.0,2200.0,2200.0,29.1,29.1,White,360.0,AIO,True,Montech
Asus Prime LC 360 ARGB,2099.79,600.0,2200.0,,,Black,360.0,AIO,True,ASUS
Deepcool LT720,,500.0,2250.0,32.9,32.9,Black / Gray,360.0,AIO,False,DeepCool
Thermalright Assassin X Refined SE RGB,377.8,1550.0,1550.0,25.6,25.6,Black / Silver,,Air,True,Thermalright
Lian Li HydroShift LCD 360TL RGB,,200.0,2600.0,33.0,33.0,Black,360.0,AIO,False,Lian Li
Cooler Master MasterLiquid 240 Atmos,1960.8,690.0,2500.0,27.2,27.2,Black,240.0,AIO,True,Cooler Master
Noctua NH-L9a-AM4 chromax.black,1399.6,600.0,2500.0,14.8,23.6,Black,,Air,True,Noctua
Cooler Master MasterLiquid 120L Core,1199.8,650.0,1750.0,27.2,27.2,Black,120.0,AIO,True,Cooler Master
MSI MAG CORELIQUID 240R V2,2199.79,500.0,2000.0,14.3,34.3,Black,240.0,AIO,True,MSI
Vetroo V360,999.8,800.0,1800.0,30.8,30.8,White / Gray,360.0,AIO,True,Vetroo
ID-COOLING FROSTFLOW X,989.8,700.0,1800.0,18.0,35.2,,240.0,AIO,True,ID-COOLING
Corsair iCUE LINK H150i RGB,4799.8,480.0,2400.0,,,Black,360.0,AIO,True,Corsair
Thermalright AXP120-X67,571.79,1800.0,1800.0,26.1,26.1,Black,,Air,True,Thermalright
Thermaltake UX200 SE ARGB,599.79,800.0,1800.0,25.0,25.0,Black,,Air,True,Thermaltake
ARCTIC Freezer 34 eSports DUO,1800.0,200.0,2100.0,24.4,24.4,White / Black,,Air,True,ARCTIC
be quiet! Pure Rock LP,1198.0,2500.0,2500.0,,,Black,,Air,True,be quiet!
ARCTIC Liquid Freezer III Pro,1969.8,400.0,2500.0,,,Black,420.0,AIO,True,ARCTIC
Thermalright Mjolnir Vision 360 ARGB,2131.8,2150.0,2150.0,27.0,27.0,Black,360.0,AIO,True,Thermalright
Asus TUF Gaming LC II ARGB,3980.0,800.0,2000.0,29.0,29.0,Black,360.0,AIO,True,ASUS
Cooler Master Hyper 212 Halo,660.0,650.0,2050.0,27.0,27.0,White,,Air,True,Cooler Master
Thermalright Frozen Infinity 240 ARGB,958.0,2000.0,2000.0,28.2,28.2,Black,240.0,AIO,True,Thermalright
Deepcool LS720,,500.0,2250.0,32.9,32.9,Black,360.0,AIO,False,DeepCool
Deepcool AK620,,500.0,1850.0,28.0,28.0,White,,Air,False,DeepCool
Thermalright Frozen Warframe PRO,1498.0,2000.0,2000.0,29.8,29.8,Black,360.0,AIO,True,Thermalright
NZXT Kraken X63,2599.6,500.0,2000.0,21.0,38.0,Black,280.0,AIO,True,NZXT
MSI MAG CORELIQUID E360,2659.8,,,,,Black,360.0,AIO,True,MSI
ARCTIC Liquid Freezer III 420 A-RGB,3425.4,200.0,1900.0,,,White,420.0,AIO,True,ARCTIC
NZXT T120 RGB,699.8,500.0,1800.0,17.2,27.5,White,,Air,True,NZXT
MSI MPG CORELIQUID D360,18517.4,,,,,Black,360.0,AIO,True,MSI
be quiet! Dark Rock Elite,2198.0,1500.0,2000.0,11.0,25.8,Black,,Air,True,be quiet!
Corsair iCUE H100i ELITE CAPELLIX XT,3599.8,550.0,2100.0,5.0,34.1,Black,240.0,AIO,True,Corsair
Noctua NH-D12L,1999.0,450.0,2000.0,18.8,22.6,Beige / Brown,,Air,True,Noctua
Noctua NH-L12Sx77,1599.0,450.0,1850.0,16.8,23.9,Silver / Beige,,Air,True,Noctua
Noctua NH-L9i-17xx,999.0,600.0,2500.0,14.8,23.6,Brown / Beige,,Air,True,Noctua
Thermalright Frozen Edge,1098.0,2150.0,2150.0,28.1,28.1,White,360.0,AIO,True,Thermalright
Thermaltake TH360 V2 ARGB Sync,2599.8,500.0,2000.0,25.8,25.8,Black,360.0,AIO,True,Thermaltake
Cooler Master I30,259.8,2600.0,2600.0,28.0,28.0,Black / Silver,,Air,True,Cooler Master
ARCTIC Liquid Freezer II 360,,800.0,2000.0,,,Black,360.0,AIO,False,ARCTIC
Corsair iCUE LINK H115i RGB,2399.79,400.0,2000.0,,,Black,280.0,AIO,True,Corsair
NZXT Kraken Elite 240 RGB (2024),3999.8,500.0,2400.0,30.0,30.0,Black,240.0,AIO,True,NZXT
Deepcool AK400 ZERO DARK,,500.0,1850.0,29.0,29.0,Black,,Air,False,DeepCool
ARCTIC Liquid Freezer III 280 A-RGB,2598.8,200.0,1900.0,,,White,280.0,AIO,True,ARCTIC
Thermalright Frozen Warframe PRO ARGB,,2000.0,2000.0,29.8,29.8,Black,360.0,AIO,False,Thermalright
Thermalright AXP90-X47,438.0,2700.0,2700.0,22.4,22.4,Gray,,Air,True,Thermalright
be quiet! Pure Rock 2 FX,1954.19,,,7.9,24.4,Black,,Air,True,be quiet!
Montech HyperFlow Silent 360,1798.0,800.0,2200.0,24.8,24.8,Black,360.0,AIO,True,Montech
Thermalright Core Vision ARGB,1898.0,2000.0,2000.0,27.7,27.7,White,360.0,AIO,True,Thermalright
Scythe Fuma 3,1099.8,200.0,1500.0,4.0,28.6,Black / Silver,,Air,True,Scythe
Thermalright Peerless Assassin 120 Digital,851.8,1850.0,1850.0,25.6,25.6,Black,,Air,True,Thermalright
MSI MAG CORELIQUID A15,2199.79,500.0,2050.0,28.7,28.7,Black,360.0,AIO,True,MSI
Corsair iCUE LINK H150i LCD,6599.8,480.0,2400.0,,,White,360.0,AIO,True,Corsair
Lian Li GALAHAD AIO 360 RGB UNI FAN SL120 EDITION,,800.0,1900.0,32.0,32.0,Black / Silver,360.0,AIO,False,Lian Li
Corsair iCUE LINK TITAN 240 RX RGB,3199.8,300.0,2100.0,,,Black,240.0,AIO,True,Corsair
Thermalright Frozen Warframe ULTRA ARGB,1878.0,2000.0,2000.0,22.1,22.1,White,360.0,AIO,True,Thermalright
Lian Li HydroShift LCD 360R RGB,3998.0,300.0,2400.0,30.0,30.0,Black,360.0,AIO,True,Lian Li
Noctua NH-D15S,2399.0,300.0,1500.0,19.2,24.6,,,Air,True,Noctua
SAMA SM360 LCD,2199.79,800.0,1800.0,35.5,35.5,White,360.0,AIO,True,SAMA
Thermalright AXP120-X67,618.0,1800.0,1800.0,26.1,26.1,White,,Air,True,Thermalright
NZXT Kraken X73,5799.8,500.0,2000.0,21.0,36.0,Black,360.0,AIO,True,NZXT
ID-COOLING IS-67-XT,799.8,500.0,2200.0,35.2,35.2,Black,,Air,True,ID-COOLING
ARCTIC Alpine 17 CO,259.8,250.0,2700.0,,,Black,,Air,True,ARCTIC
ID-COOLING FROZN A620 PRO SE ARGB,799.8,300.0,2000.0,27.2,27.2,Black,,Air,True,ID-COOLING
Corsair iCUE LINK H100i RGB,2399.79,480.0,2400.0,,,White,240.0,AIO,True,Corsair
Thermalright Core Vision ARGB,1898.0,2000.0,2000.0,27.7,27.7,Black,360.0,AIO,True,Thermalright
Corsair H100i v2,,2435.0,2435.0,37.7,37.7,,240.0,AIO,False,Corsair
Thermalright Assassin Spirit V2,,1500.0,1500.0,25.6,25.6,Gray,,Air,False,Thermalright
Thermalright Peerless Assassin 120 White ARGB,907.8,1550.0,1550.0,25.6,25.6,White,,Air,True,Thermalright
Deepcool AG200,,500.0,3050.0,30.5,30.5,Black / Silver,,Air,False,DeepCool
Lian Li Galahad II Trinity,2999.8,2450.0,2450.0,35.4,35.4,White,360.0,AIO,True,Lian Li
Phanteks Glacier One 360M25 G2,1999.8,350.0,2000.0,35.13,35.13,White,360.0,AIO,True,Phanteks
NZXT Kraken Elite 240 RGB (2024),3799.8,500.0,2400.0,30.0,30.0,White,240.0,AIO,True,NZXT
Asus ROG STRIX LC III ARGB LCD,5999.8,800.0,2200.0,36.0,36.0,Black,360.0,AIO,True,ASUS
Deepcool LS720 SE,,500.0,2250.0,28.2,32.9,Black,360.0,AIO,False,DeepCool
ARCTIC Freezer 7 X,519.79,300.0,2000.0,22.5,22.5,Black / White,,Air,True,ARCTIC
Gigabyte AORUS WATERFORCE X II 360,4399.8,800.0,2400.0,12.0,37.5,Black,360.0,AIO,True,Gigabyte
Scythe Mugen 6 Dual Fan,1139.8,300.0,2000.0,3.0,26.88,Black,,Air,True,Scythe
Cooler Master Hyper 411 Nano,,650.0,2500.0,30.04,30.04,Black,,Air,False,Cooler Master
MSI MAG CORELIQUID I360,2999.0,,,,,Black,360.0,AIO,True,MSI
NZXT Kraken Z63,5069.0,500.0,1800.0,21.0,38.0,Black,280.0,AIO,True,NZXT
ID-COOLING FX360 INF,1599.6,2900.0,2900.0,25.0,25.0,Pink,360.0,AIO,True,ID-COOLING
be quiet! Pure Loop 2 FX,2369.79,,,8.0,32.3,Black,240.0,AIO,True,be quiet!
Thermalright Assassin X 120 PLUS V2,,1500.0,1500.0,25.6,25.6,Black / Silver,,Air,False,Thermalright
ID-COOLING IS-47-XT,599.79,800.0,2800.0,32.5,32.5,Black,,Air,True,ID-COOLING
ENDORFY Fera 5,550.0,250.0,1800.0,,,Black / Silver,,Air,True,ENDORFY
Thermalright Core Vision ARGB,1587.8,2000.0,2000.0,27.7,27.7,Black,360.0,AIO,True,Thermalright
be quiet! Light Loop,3585.6,1500.0,2900.0,17.2,36.8,White,360.0,AIO,True,be quiet!
Noctua NH-U14S,1799.0,300.0,1500.0,19.2,24.6,,,Air,True,Noctua
ARCTIC Liquid Freezer II 240,,200.0,1800.0,,,Black,240.0,AIO,False,ARCTIC
Cooler Master MasterLiquid 240L Core ARGB,1699.8,350.0,1750.0,27.2,27.2,White,240.0,AIO,True,Cooler Master
Noctua NH-P1,2399.0,,,0.0,0.0,Silver,,Air,True,Noctua
be quiet! Dark Rock 4,,1400.0,1400.0,,,Black,,Air,False,be quiet!
Thermaltake UX200 SE ARGB,639.79,800.0,1800.0,25.0,25.0,White,,Air,True,Thermaltake
Thermalright RK120 SE,605.79,1500.0,1500.0,25.6,25.6,Black / Silver,,Air,True,Thermalright
MSI MAG CORELIQUID 360R V2,2799.8,500.0,2000.0,14.3,34.3,Black,360.0,AIO,True,MSI
Lian Li Hydroshift II LCD-C CL,,200.0,2600.0,31.0,31.0,Black,360.0,AIO,False,Lian Li
Cooler Master MasterLiquid 360 Atmos,2399.79,690.0,2500.0,27.2,27.2,Black,360.0,AIO,True,Cooler Master
Lian Li Galahad II Lite Performance,2099.79,200.0,2500.0,29.8,29.8,Black,360.0,AIO,True,Lian Li
Lian Li HydroShift LCD 360TL RGB,,200.0,2600.0,33.0,33.0,White,360.0,AIO,False,Lian Li
Vetroo V240,997.6,800.0,1800.0,30.8,30.8,White / Gray,240.0,AIO,True,Vetroo
Noctua NH-D9L chromax.black,1699.0,400.0,2000.0,16.3,22.8,Black,,Air,True,Noctua
NZXT Kraken Z73,4400.0,500.0,1800.0,21.0,36.0,Black,360.0,AIO,True,NZXT
Thermalright Peerless Assassin 120 SE V2,738.0,1850.0,1850.0,29.5,29.5,Black / Silver,,Air,True,Thermalright
Corsair iCUE H150i ELITE LCD XT,,550.0,2100.0,5.0,31.1,White / Gray,360.0,AIO,False,Corsair
ID-COOLING FX360 INF,1441.8,300.0,2000.0,27.2,27.2,White,360.0,AIO,True,ID-COOLING
NZXT Kraken Plus,3599.8,500.0,2000.0,30.0,30.0,Black,360.0,AIO,True,NZXT
ARCTIC Liquid Freezer II 280 A-RGB,1999.8,200.0,1900.0,22.5,22.5,Black,280.0,AIO,True,ARCTIC
Thermalright Peerless Assassin,758.0,1550.0,1550.0,25.6,25.6,Gray,,Air,True,Thermalright
ARCTIC Alpine 17,239.8,100.0,2000.0,,,Black / White,,Air,True,ARCTIC
ARCTIC Freezer 36 CO,787.0,200.0,1800.0,,,Black / Silver,,Air,True,ARCTIC
Thermalright Assassin X Refined SE RGB,385.79,1550.0,1550.0,25.6,25.6,White / Silver,,Air,True,Thermalright
Deepcool AK400 ZERO DARK PLUS,,500.0,1650.0,28.0,28.0,Black,,Air,False,DeepCool
Cooler Master Hyper 212 EVO V2,1399.6,650.0,1800.0,8.0,27.0,Black / Silver,,Air,True,Cooler Master
Cooler Master Hyper 620S,1079.8,350.0,1750.0,27.2,27.2,Black / Silver,,Air,True,Cooler Master
Lian Li Galahad II Trinity Performance,,2300.0,3000.0,32.1,39.9,Black,360.0,AIO,False,Lian Li
Thermalright Burst Assassin 120 EVO DARK,587.79,1500.0,1500.0,25.6,25.6,Black,,Air,True,Thermalright
Thermalright Frozen Prism ARGB,958.0,1850.0,1850.0,27.0,27.0,Black,240.0,AIO,True,Thermalright
NZXT Kraken Elite 360,7682.6,500.0,1800.0,17.9,30.6,Black,360.0,AIO,True,NZXT
ENDORFY Spartan 5,330.0,250.0,1500.0,,,Black / Silver,,Air,True,ENDORFY
be quiet! Pure Rock Pro 3 LX,1198.0,2000.0,2000.0,14.0,34.8,Black,,Air,True,be quiet!
ARCTIC Liquid Freezer II 420 A-RGB,2380.0,200.0,1900.0,22.5,22.5,Black,420.0,AIO,True,ARCTIC
Corsair iCUE LINK H150i LCD,,480.0,2400.0,,,Black,360.0,AIO,False,Corsair
Scythe Mugen 5 Rev. B,,300.0,1200.0,4.0,24.9,Silver / Black,,Air,False,Scythe
Asus ROG STRIX LC II ARGB,3099.8,800.0,2500.0,37.6,37.6,White / Black,360.0,AIO,True,ASUS
Asus ROG RYUJIN II ARGB,9982.0,,,,,Black,360.0,AIO,True,ASUS
NZXT T120,699.8,500.0,1800.0,17.9,30.6,Black,,Air,True,NZXT
Corsair H100i RGB PLATINUM,,2400.0,2400.0,37.0,37.0,Black / Silver,240.0,AIO,False,Corsair
Corsair H60 (2018),,1700.0,1700.0,28.3,28.3,Black,120.0,AIO,False,Corsair
Lian Li Hydroshift II LCD-C CL,,200.0,2600.0,31.0,31.0,White,360.0,AIO,False,Lian Li
ID-COOLING FROZN A410 DK,629.79,500.0,2000.0,29.85,29.85,Black,,Air,True,ID-COOLING
Deepcool AK400,,500.0,1850.0,29.0,29.0,White,,Air,False,DeepCool
be quiet! Dark Rock Slim,1390.2,1500.0,1500.0,11.0,23.6,Black,,Air,True,be quiet!
TRYX PANORAMA ARGB (2024),,500.0,1850.0,27.86,27.86,White,360.0,AIO,False,TRYX
Deepcool LS720S ZERO DARK,,500.0,2250.0,28.2,32.9,Black,360.0,AIO,False,DeepCool
ARCTIC Alpine 23 CO,359.6,100.0,2000.0,,,Black,,Air,True,ARCTIC
Deepcool GAMMAXX AG400 ARGB,,500.0,2000.0,31.6,31.6,White,,Air,False,DeepCool
NZXT Kraken Elite 280,4579.8,500.0,1500.0,19.4,32.1,Black,280.0,AIO,True,NZXT
NZXT Kraken Elite 240 RGB,6930.8,500.0,1800.0,17.9,30.6,White,240.0,AIO,True,NZXT
Thermaltake TH240 V2 ARGB Sync,1599.6,500.0,2000.0,25.8,25.8,Black,240.0,AIO,True,Thermaltake
Thermalright Frozen Warframe ARGB,1371.8,2000.0,2000.0,22.1,22.1,Black,240.0,AIO,True,Thermalright
Thermalright Assassin King SE ARGB,371.8,1550.0,1550.0,25.6,25.6,Silver / Gray,,Air,True,Thermalright
be quiet! Silent Loop 3,2509.0,2500.0,2500.0,18.7,36.9,Black,240.0,AIO,True,be quiet!
Thermalright Aqua Elite ARGB V2,,2000.0,2000.0,28.2,28.2,,360.0,AIO,False,Thermalright
Montech HyperFlow Silent 360,1798.0,800.0,2200.0,24.8,24.8,White,360.0,AIO,True,Montech
Deepcool AK620 DIGITAL WH,,500.0,1850.0,28.0,28.0,White,,Air,False,DeepCool
Corsair iCUE LINK H100i LCD,3799.8,480.0,2400.0,,,Black,240.0,AIO,True,Corsair
Deepcool AK500 ZERO DARK,,500.0,1850.0,25.9,31.5,Black,,Air,False,DeepCool
Thermalright Peerless Assassin 90 SE,478.0,2200.0,2200.0,23.85,23.85,Black / Silver,,Air,True,Thermalright
NZXT Kraken 280 RGB,3999.8,500.0,1500.0,34.48,34.48,White,280.0,AIO,True,NZXT
Thermalright Silver Soul 110,598.0,2500.0,2500.0,23.0,23.0,Black,,Air,True,Thermalright
MSI MAG CORELIQUID I360,2998.8,,,,,White,360.0,AIO,True,MSI
Thermaltake Contact 9 SE,399.6,800.0,2000.0,24.5,24.5,Black / Silver,,Air,True,Thermaltake
Asus Prime LC 240 ARGB,1699.8,600.0,2200.0,,,Black,240.0,AIO,True,ASUS
Jonsbo CR-1400 EVO Color White,570.0,800.0,2200.0,22.3,33.8,White,,Air,True,Jonsbo
Deepcool LS520S ZERO DARK,,500.0,2250.0,28.2,32.9,Black,240.0,AIO,False,DeepCool
Deepcool LQ360,,500.0,2400.0,38.71,38.71,Black,360.0,AIO,False,DeepCool
Corsair iCUE H100i RGB PRO XT,,2400.0,2400.0,37.0,37.0,Black,240.0,AIO,False,Corsair
Asus ROG RYUO III 360 ARGB WHITE EDITION,3899.8,2200.0,2200.0,36.45,36.45,White,360.0,AIO,True,ASUS
Fractal Design Lumen S24 RGB V2,2199.79,500.0,2000.0,10.0,33.2,Black,240.0,AIO,True,Fractal Design
Cooler Master MasterLiquid 240 Core II,1366.8,600.0,1750.0,30.0,30.0,Black,240.0,AIO,True,Cooler Master
Corsair iCUE H100i ELITE CAPELLIX,,2400.0,2400.0,10.0,37.0,Black,240.0,AIO,False,Corsair
ARCTIC Liquid Freezer II 280,,200.0,1700.0,,,Black,280.0,AIO,False,ARCTIC
Thermalright Frozen Infinity 240 ARGB,938.0,2000.0,2000.0,28.2,28.2,White,240.0,AIO,True,Thermalright
MSI MAG CORELIQUID A13,1499.8,,,,,White,240.0,AIO,True,MSI
Evercool HPH-9525CU,240.0,1800.0,1800.0,20.0,20.0,,,Air,True,Evercool
Thermaltake TH360 V2 ARGB Sync,2419.79,500.0,2000.0,25.8,25.8,White,360.0,AIO,True,Thermaltake
Deepcool ASSASSIN IV,,500.0,1700.0,22.6,29.3,White,,Air,False,DeepCool
ID-COOLING SE-224-XTS BLACK,539.79,600.0,1500.0,28.9,28.9,Black,,Air,True,ID-COOLING
Razer Hanbo Chroma,1599.6,,,,,Black,360.0,AIO,True,Razer
HYTE THICC Q60,4980.0,,,10.0,47.3,White / Black,240.0,AIO,True,HYTE
Vetroo V5,599.79,800.0,1700.0,30.8,30.8,Pink,,Air,True,Vetroo
Deepcool AG400 DIGITAL BK ARGB,,500.0,2100.0,31.6,31.6,Black,,Air,False,DeepCool
MSI MAG CORELIQUID M360,2932.2,500.0,2000.0,14.3,34.3,Black,360.0,AIO,True,MSI
Thermalright Grand Vision ARGB,2638.0,2150.0,2150.0,29.4,29.4,White,360.0,AIO,True,Thermalright
Deepcool AK620 DIGITAL PRO,,500.0,1750.0,25.0,25.0,Black,,Air,False,DeepCool
Lian Li Galahad II Trinity,3780.0,2450.0,2450.0,35.4,35.4,Black,240.0,AIO,True,Lian Li
ARCTIC Alpine AM4,201.6,100.0,2000.0,,,Black / White,,Air,True,ARCTIC
Thermalright Frozen Warframe ULTRA ARGB,1878.0,2000.0,2000.0,22.1,22.1,Black,360.0,AIO,True,Thermalright
Thermalright Frozen Notte ARGB V2,,2000.0,2000.0,27.7,27.7,Black,360.0,AIO,False,Thermalright
NZXT T120,699.8,500.0,1800.0,17.9,30.6,White,,Air,True,NZXT
ID-COOLING FX240 INF,1279.8,2900.0,2900.0,25.0,25.0,Pink,240.0,AIO,True,ID-COOLING
Scythe SHURIKEN 3,799.8,300.0,2500.0,1.8,31.78,Black,,Air,True,Scythe
Lian Li Galahad II Trinity Performance,5493.2,2300.0,3000.0,32.1,39.9,White,360.0,AIO,True,Lian Li
Phanteks Glacier One D30 X2,3580.0,250.0,2000.0,35.13,35.13,Black,360.0,AIO,True,Phanteks
Vetroo V360,1159.0,800.0,1800.0,30.8,30.8,Black,360.0,AIO,True,Vetroo
Lian Li HydroShift LCD 360R RGB,,300.0,2400.0,30.0,30.0,White,360.0,AIO,False,Lian Li
Corsair iCUE H150i RGB PRO XT,2719.6,2400.0,2400.0,37.0,37.0,Black / White,360.0,AIO,True,Corsair
ARCTIC Freezer 8A,967.2,200.0,2300.0,,,Black / Silver,,Air,True,ARCTIC
Lian Li GALAHAD AIO 360 RGB,,800.0,1900.0,,,White / Silver,360.0,AIO,False,Lian Li
Thermalright Assassin Spirit V2 Plus,,1500.0,1500.0,25.6,25.6,Gray,,Air,False,Thermalright
Gigabyte AORUS WATERFORCE II 360,3924.8,800.0,2300.0,12.8,36.9,Black,360.0,AIO,True,Gigabyte
be quiet! Pure Rock Pro 3,998.0,2000.0,2000.0,14.0,34.8,Silver / Black,,Air,True,be quiet!
Cooler Master MasterLiquid 360 Core II,1999.8,600.0,1750.0,30.0,30.0,Black,360.0,AIO,True,Cooler Master
Cooler Master MasterLiquid 240 ATMOS Stealth,2199.79,1.0,2400.0,30.0,30.0,Black,240.0,AIO,True,Cooler Master
Deepcool LE720,,500.0,2250.0,32.9,32.9,White,360.0,AIO,False,DeepCool
ENDORFY Fera 5 Dual Fan,650.0,250.0,1800.0,,,Black / Silver,,Air,True,ENDORFY
Corsair iCUE H100x RGB ELITE,,1500.0,1500.0,7.0,28.0,Black,240.0,AIO,False,Corsair
iBuypower AW4,1599.8,700.0,2000.0,38.0,38.0,Black,240.0,AIO,True,Desconocida
NZXT Kraken Plus RGB,,500.0,2400.0,31.9,31.9,White,360.0,AIO,False,NZXT
SAMA SM360 LCD,2439.79,800.0,1800.0,35.5,35.5,Black,360.0,AIO,True,SAMA
EK Nucleus AIO CR240 Dark,,550.0,2300.0,36.0,36.0,Black,240.0,AIO,False,EK
ID-COOLING FROZN A400 BLACK,499.79,500.0,2200.0,25.8,25.8,Black,,Air,True,ID-COOLING
Vetroo V5,499.79,800.0,1700.0,30.8,30.8,White,,Air,True,Vetroo
NZXT Kraken 280 RGB,2999.8,500.0,1500.0,34.48,34.48,Black,280.0,AIO,True,NZXT
MSI MAG CORELIQUID M240,2679.0,500.0,2000.0,14.3,34.3,Black,240.0,AIO,True,MSI
Thermalright Assassin Spirit 120 Vision ARGB,618.0,1500.0,1500.0,25.6,25.6,Black,,Air,True,Thermalright
Cooler Master Hyper 612 APEX,1299.4,,,30.0,30.0,Black,,Air,True,Cooler Master
ENDORFY Navis F360 ARGB,3010.8,250.0,1800.0,,,Black,360.0,AIO,True,ENDORFY
Razer Hanbo Chroma,1199.8,,,,,Black,240.0,AIO,True,Razer
Deepcool ASSASSIN IV VC VISION,,500.0,1800.0,29.3,29.3,Black,,Air,False,DeepCool
Asus ProArt LC 360,4899.8,,,0.0,39.5,Black,360.0,AIO,True,ASUS
Cooler Master I70C,358.2,650.0,1800.0,28.0,28.0,Black / Silver,,Air,True,Cooler Master
Fractal Design Lumen S28 RGB V2,2399.79,500.0,1700.0,10.0,35.5,Black,280.0,AIO,True,Fractal Design
Lian Li Galahad II Trinity,3199.8,2450.0,2450.0,35.4,35.4,Black,360.0,AIO,True,Lian Li
NZXT Kraken Plus RGB,4399.8,500.0,2400.0,31.9,31.9,Black,360.0,AIO,True,NZXT
be quiet! Pure Rock 3 LX,798.0,2000.0,2000.0,14.0,34.8,Black,,Air,True,be quiet!
Deepcool LD360,,600.0,2400.0,38.71,38.71,Black,360.0,AIO,False,DeepCool
MSI MAG CORELIQUID E360 WHITE,2399.79,,,,,White,360.0,AIO,True,MSI
Deepcool AK400 DIGITAL WH,,500.0,1850.0,28.0,28.0,White,,Air,False,DeepCool
Scythe Mugen 6,939.8,300.0,2000.0,3.0,26.88,Black,,Air,True,Scythe
Asus ROG STRIX LC 360 RGB White Edition,8220.0,800.0,2500.0,37.6,37.6,White,360.0,AIO,True,ASUS
be quiet! Pure Loop 2,2598.0,,,17.2,36.8,Black,360.0,AIO,True,be quiet!
Corsair H100x,,1700.0,1700.0,37.0,37.0,Black,240.0,AIO,False,Corsair
Corsair iCUE LINK TITAN 240 RX LCD,3999.8,300.0,2100.0,10.0,36.0,Black,240.0,AIO,True,Corsair
Deepcool Assassin 4S,,500.0,1800.0,29.3,29.3,Black,,Air,False,DeepCool
GAMDIAS AURA GL360,1199.8,800.0,2000.0,11.0,29.0,Black,360.0,AIO,True,GAMDIAS
Asus TUF Gaming LC II ARGB,2399.79,800.0,2000.0,29.0,29.0,Black,240.0,AIO,True,ASUS
Deepcool LT720 WH,,500.0,2250.0,32.9,32.9,White,360.0,AIO,False,DeepCool
Cooler Master MasterLiquid 240L Core,4740.0,650.0,1750.0,27.2,27.2,Black,240.0,AIO,True,Cooler Master
Corsair A115,,400.0,1600.0,5.0,33.9,Black,,Air,False,Corsair
NZXT Kraken Elite 280 RGB,7895.0,500.0,1500.0,34.48,34.48,White,280.0,AIO,True,NZXT
Asus ROG STRIX LC II ARGB,1599.8,800.0,2500.0,37.6,37.6,White / Black,240.0,AIO,True,ASUS
Gelid Solutions Liquid 360,1879.8,750.0,1800.0,29.6,29.6,Black,360.0,AIO,True,Gelid
Deepcool AG400 PLUS,,500.0,2000.0,,,Black / Silver,,Air,False,DeepCool
Noctua NH-L9x65 SE-AM4,1199.0,600.0,2500.0,14.8,23.6,,,Air,True,Noctua
Lian Li Galahad II Lite Performance,1699.8,200.0,2500.0,29.8,29.8,Black,240.0,AIO,True,Lian Li
Cooler Master MasterLiquid ML360R RGB,1499.6,650.0,2000.0,6.0,34.0,Black,360.0,AIO,True,Cooler Master
ID-COOLING FX240 PRO,999.8,500.0,1800.0,35.2,35.2,White,240.0,AIO,True,ID-COOLING
Corsair iCUE LINK TITAN 280 RX RGB,3599.8,300.0,1700.0,,,Black,280.0,AIO,True,Corsair
Corsair H115i RGB PLATINUM,7531.2,2000.0,2000.0,37.0,37.0,Black / Silver,280.0,AIO,True,Corsair
APNX AP1-V,599.79,600.0,1800.0,16.1,32.8,Black,,Air,True,APNX
Thermalright Hyper Vision UB ARGB,2418.0,2150.0,2150.0,27.0,27.0,Black,360.0,AIO,True,Thermalright
Corsair H100i PRO RGB,,2400.0,2400.0,37.0,37.0,Black,240.0,AIO,False,Corsair
Deepcool AG620,,300.0,1850.0,29.4,29.4,Black / Silver,,Air,False,DeepCool
Corsair H100i RGB PLATINUM SE,,2200.0,2200.0,36.0,36.0,White,240.0,AIO,False,Corsair
NZXT Kraken Elite 240,7085.8,500.0,1800.0,17.9,30.6,Black,240.0,AIO,True,NZXT
Thermalright Peerless Assassin 120 Digital,,1850.0,1850.0,25.6,25.6,White,,Air,False,Thermalright
Thermalright Frozen Notte ARGB V2,,2000.0,2000.0,27.7,27.7,White,360.0,AIO,False,Thermalright
Corsair iCUE H150i RGB ELITE,,400.0,1850.0,19.0,35.8,Black,360.0,AIO,False,Corsair
Deepcool LS720 SE WH,,500.0,2250.0,28.2,32.9,White,360.0,AIO,False,DeepCool
ENDORFY Spartan 5 ARGB,360.0,250.0,1500.0,,,Black / Silver,,Air,True,ENDORFY
be quiet! Pure Loop 2,1998.0,,,15.4,34.9,Black,240.0,AIO,True,be quiet!
Xilence A250PWM,357.8,1000.0,2800.0,17.8,32.0,Red / Black,,Air,True,Xilence
Jonsbo CR-1000 EVO ARGB Black,590.0,600.0,1500.0,22.0,32.0,Black,,Air,True,Jonsbo
Deepcool AG300,,500.0,3050.0,30.5,30.5,Black / Silver,,Air,False,DeepCool
ID-COOLING FX360 PRO,,500.0,1800.0,35.2,35.2,White,360.0,AIO,False,ID-COOLING
Deepcool LT520,,500.0,2250.0,32.9,32.9,Black / Gray,240.0,AIO,False,DeepCool
Noctua NH-L12 Ghost S1,1499.0,300.0,1600.0,13.1,17.6,Silver / Beige,,Air,True,Noctua
ENDORFY Spartan 5 MAX ARGB,480.0,250.0,1500.0,,,Black / Silver,,Air,True,ENDORFY
ID-COOLING IS-55 ARGB,699.8,500.0,2000.0,31.2,31.2,Black,,Air,True,ID-COOLING
Corsair iCUE LINK H170i LCD,,400.0,2000.0,,,Black,420.0,AIO,False,Corsair
Thermaltake TH360 V2 Ultra ARGB Sync,2999.8,500.0,1800.0,25.8,25.8,Black,360.0,AIO,True,Thermaltake
Geometric Future Eskimo Pro 42,2198.0,2400.0,2400.0,34.2,34.2,Black,420.0,AIO,True,Geometric Future
Gigabyte AORUS WATERFORCE II 240,3059.4,800.0,2300.0,12.8,36.9,Black,240.0,AIO,True,Gigabyte
Thermalright Peerless Assassin MINI,,1500.0,1500.0,25.6,25.6,White,,Air,False,Thermalright
Thermalright Hyper Vision UB ARGB,2418.0,2150.0,2150.0,27.0,27.0,White,360.0,AIO,True,Thermalright
Cooler Master MASTERLIQUID ML120L RGB V2,,650.0,1800.0,6.0,27.0,Black,120.0,AIO,False,Cooler Master
Thermalright Frozen Edge,947.8,2150.0,2150.0,28.1,28.1,White,240.0,AIO,True,Thermalright
NZXT Kraken Plus,2599.8,500.0,2000.0,30.0,30.0,Black,240.0,AIO,True,NZXT
EK EK-Nucleus AIO CR240 Lux D-RGB,2559.79,550.0,2300.0,36.0,36.0,Black,240.0,AIO,True,EK
ID-COOLING FROZN A620 ARGB WHITE,1199.8,500.0,2000.0,29.9,29.9,White,,Air,True,ID-COOLING
MSI MAG CORELIQUID E240,2099.79,,,,,Black,240.0,AIO,True,MSI
Fractal Design Lumen S36 RGB V2,2599.8,500.0,2000.0,10.0,33.2,Black,360.0,AIO,True,Fractal Design
Asus ROG RYUO III 240 ARGB,2999.8,2200.0,2200.0,36.45,36.45,Black,240.0,AIO,True,ASUS
Thermalright Silver Soul 110,578.0,2500.0,2500.0,23.0,23.0,White,,Air,True,Thermalright
Thermalright Royal Pretor 130,915.8,1750.0,1750.0,28.3,28.3,Black / Silver,,Air,True,Thermalright
Deepcool THETA 20 PWM,329.6,900.0,2400.0,17.8,32.5,Black / Silver,,Air,True,DeepCool
ID-COOLING FROSTFLOW X,,700.0,1800.0,18.0,35.2,,240.0,AIO,False,ID-COOLING
NZXT Kraken M22,1799.8,500.0,2000.0,21.0,36.0,Black,120.0,AIO,True,NZXT
Thermalright SI-100,538.0,2000.0,2000.0,27.7,27.7,Black,,Air,True,Thermalright
Cooler Master MasterAir MA824 Stealth,,,,0.0,24.6,Black,,Air,False,Cooler Master
be quiet! Pure Loop 2,2198.0,,,15.4,33.8,Black,280.0,AIO,True,be quiet!
ARCTIC Liquid Freezer III Pro,1589.6,400.0,2500.0,,,Black,280.0,AIO,True,ARCTIC
Antec VORTEX 360,,600.0,2000.0,31.24,31.24,Black,360.0,AIO,False,Antec
ID-COOLING FX240 INF,1259.8,300.0,2000.0,27.2,27.2,Black,240.0,AIO,True,ID-COOLING
Thermalright Burst Assassin ARGB,458.0,1550.0,1550.0,25.6,25.6,Black / Silver,,Air,True,Thermalright
Asus ROG Ryujin III,3799.8,450.0,2000.0,29.7,29.7,Black,240.0,AIO,True,ASUS
Cooler Master MasterLiquid Lite 240,,650.0,2000.0,6.0,30.0,,240.0,AIO,False,Cooler Master
APNX AP1-V,599.79,600.0,1800.0,16.1,32.8,White,,Air,True,APNX
NZXT Kraken X73 RGB,13391.0,500.0,1500.0,22.0,33.0,White / Black,360.0,AIO,True,NZXT
Lian Li Galahad II LCD,4499.8,300.0,2450.0,30.0,30.0,Black,360.0,AIO,True,Lian Li
Deepcool Ice Edge Mini FS V2.0,,2200.0,2200.0,24.7,24.7,,,Air,False,DeepCool
Thermalright Frozen Warframe PRO ARGB,,2000.0,2000.0,29.8,29.8,White / Pink,360.0,AIO,False,Thermalright
EK Nucleus AIO CR360 Dark,,550.0,2300.0,36.0,36.0,Black,360.0,AIO,False,EK
Lian Li GALAHAD AIO 240 RGB UNI FAN SL120 EDITION,,800.0,1900.0,32.0,32.0,White / Silver,240.0,AIO,False,Lian Li
Corsair iCUE H170i ELITE CAPELLIX,,2000.0,2000.0,10.0,37.0,Black,420.0,AIO,False,Corsair
Gigabyte AORUS WATERFORCE X,4799.8,800.0,2500.0,7.9,37.6,Black,360.0,AIO,True,Gigabyte
Thermalright Assassin King SE,379.6,1550.0,1550.0,25.6,25.6,Silver / Gray,,Air,True,Thermalright
Montech HyperFlow Silent 240,1498.4,800.0,2200.0,24.8,24.8,Black,240.0,AIO,True,Montech
Gigabyte AORUS WATERFORCE X II 360 ICE,4399.8,800.0,2400.0,12.0,37.5,White,360.0,AIO,True,Gigabyte
Deepcool LS520 SE,,500.0,2250.0,28.2,32.9,Black,240.0,AIO,False,DeepCool
Thermalright Frozen Prism ARGB,958.0,1850.0,1850.0,27.0,27.0,White,240.0,AIO,True,Thermalright
Cooler Master Hyper H412R,,600.0,2000.0,29.4,29.4,Black,,Air,False,Cooler Master
Corsair iCUE H60x RGB ELITE,,1500.0,1500.0,7.0,28.0,Black,120.0,AIO,False,Corsair
HYTE THICC Q80 Trio,6999.8,1.0,3000.0,10.0,47.3,Black,360.0,AIO,True,HYTE
Corsair iCUE H100i ELITE LCD XT,,550.0,2100.0,5.0,34.1,Black,240.0,AIO,False,Corsair
Cooler Master Hyper 622 Halo,1299.6,650.0,2050.0,27.0,27.0,White,,Air,True,Cooler Master
TRYX PANORAMA ARGB (2024),,500.0,1850.0,27.86,27.86,Black,360.0,AIO,False,TRYX
Lian Li Galahad II Trinity SL-INF,3199.8,2100.0,2100.0,29.0,29.0,White,240.0,AIO,True,Lian Li
Cooler Master MasterLiquid 360 ATMOS Stealth,,1.0,2400.0,30.0,30.0,Black,360.0,AIO,False,Cooler Master
NZXT Kraken Z53,3759.6,500.0,2000.0,21.0,36.0,Black,240.0,AIO,True,NZXT
ARCTIC Freezer 7 X CO,459.4,300.0,2000.0,,,Black / Silver,,Air,True,ARCTIC
be quiet! Shadow Rock LP,894.59,1500.0,1500.0,14.8,25.5,,,Air,True,be quiet!
Corsair iCUE LINK TITAN 240 RX LCD,3999.8,300.0,2100.0,10.0,36.0,White,240.0,AIO,True,Corsair
Cooler Master Hyper 212 Black X Duo,2164.0,690.0,2500.0,32.8,32.8,Black,,Air,True,Cooler Master
Lian Li Galahad II LCD,5199.8,300.0,2450.0,30.0,30.0,White,360.0,AIO,True,Lian Li
Thermalright Frost Commander 140 BLACK,1138.0,1800.0,1800.0,30.2,30.2,Black,,Air,True,Thermalright
Cooler Master MasterLiquid 360 Core II,1699.8,600.0,1750.0,30.0,30.0,White,360.0,AIO,True,Cooler Master
Thermaltake TH280 V2 ARGB Sync,2199.79,500.0,1800.0,34.7,34.7,White,280.0,AIO,True,Thermaltake
ID-COOLING FROZN A410 ARGB,699.8,500.0,2000.0,29.9,29.9,Black,,Air,True,ID-COOLING
Jonsbo CR-1000,,700.0,1800.0,20.55,37.2,Black,,Air,False,Jonsbo
Corsair iCUE LINK H170i RGB,,400.0,2000.0,,,Black,420.0,AIO,False,Corsair
Noctua NH-D14,,900.0,1200.0,12.6,19.8,,,Air,False,Noctua
Deepcool AG400 ARGB,,500.0,2000.0,31.6,31.6,Black / Silver,,Air,False,DeepCool
Thermalright Frozen Prism,958.0,1850.0,1850.0,27.0,27.0,Black,240.0,AIO,True,Thermalright
Inter-Tech ALSEYE W90,779.8,3000.0,3000.0,36.7,36.7,White / Black,,Air,True,Inter-Tech
ENDORFY Navis F360,,250.0,1800.0,,,Black,360.0,AIO,False,ENDORFY
Noctua NH-U14S TR4-SP3,2199.0,300.0,1500.0,19.2,24.6,,,Air,True,Noctua
Asus ROG Ryujin III ARGB,3799.8,600.0,2200.0,36.45,36.45,Black,240.0,AIO,True,ASUS
Noctua NH-D15 G2 HBC,3599.0,1500.0,1500.0,24.8,24.8,Brown / Silver,,Air,True,Noctua
Cooler Master X Dream I117,,1800.0,1800.0,,,,,Air,False,Cooler Master
ARCTIC Liquid Freezer II 420,,200.0,1700.0,,,Black,420.0,AIO,False,ARCTIC
Cooler Master Hyper 212 Halo SF6 Ryu,660.0,650.0,2050.0,27.0,27.0,White / Orange,,Air,True,Cooler Master
Asus ROG Ryujin 240 RGB AIO,,450.0,2000.0,29.7,29.7,Black,240.0,AIO,False,ASUS
Corsair iCUE LINK H150i RGB,4999.8,480.0,2400.0,,,White,360.0,AIO,True,Corsair
Cooler Master MasterLiquid ML360 Illusion,4075.0,650.0,1800.0,6.0,30.0,Black / Silver,360.0,AIO,True,Cooler Master
Cooler Master Hyper 212 RGB Black Edition,1199.8,650.0,2000.0,8.0,30.0,,,Air,True,Cooler Master
Asus ROG Ryujin III,6599.8,600.0,2200.0,36.45,36.45,White,360.0,AIO,True,ASUS
Deepcool GAMMAXX 400 V2,,500.0,1650.0,,,Black / Blue,,Air,False,DeepCool
NZXT Kraken Elite 280 RGB,6481.2,500.0,1500.0,34.48,34.48,Black,280.0,AIO,True,NZXT
Scythe FUMA 2,,300.0,1200.0,2.7,24.9,Black / Silver,,Air,False,Scythe
HYTE THICC Q80 Trio,6999.8,1.0,3000.0,10.0,47.3,White,360.0,AIO,True,HYTE
Deepcool MYSTIQUE 240,,500.0,2150.0,36.49,36.49,Black,240.0,AIO,False,DeepCool
Fractal Design Celsius S36 Blackout,,500.0,2000.0,32.2,32.2,Black,360.0,AIO,False,Fractal Design
NZXT Kraken Z73 RGB,,500.0,1500.0,22.0,33.0,Black,360.0,AIO,False,NZXT
Thermalright Frozen Warframe PRO ARGB,2198.0,2000.0,2000.0,29.8,29.8,White / Blue,360.0,AIO,True,Thermalright
Thermalright AXP90-X53,,2700.0,2700.0,22.4,22.4,Black,,Air,False,Thermalright
TRYX PANORAMA,,500.0,2250.0,30.97,30.97,Black,360.0,AIO,False,TRYX
MSI MAG CORELIQUID E240 WHITE,1999.8,,,,,White,240.0,AIO,True,MSI
Gelid Solutions Slim Silence AM1,,1200.0,2600.0,15.0,27.2,,,Air,False,Gelid
Thermalright SI-100 WHITE ARGB,618.0,2000.0,2000.0,27.7,27.7,White,,Air,True,Thermalright
Corsair iCUE LINK TITAN 240 RX RGB,3199.8,300.0,2100.0,,,White,240.0,AIO,True,Corsair
Thermaltake TH120 V2 ARGB Sync,1399.6,500.0,2000.0,25.8,25.8,Black,120.0,AIO,True,Thermaltake
Corsair iCUE H115i ELITE CAPELLIX XT,,500.0,1700.0,5.0,33.8,Black,280.0,AIO,False,Corsair
Thermaltake TH360 V2 Ultra ARGB Sync,2999.8,500.0,1800.0,25.8,25.8,White,360.0,AIO,True,Thermaltake
Thermalright Frozen Notte ARGB V2,,2000.0,2000.0,27.7,27.7,Black,240.0,AIO,False,Thermalright
Gigabyte GAMING 360,1999.8,500.0,2200.0,13.8,35.8,Black,360.0,AIO,True,Gigabyte
Intel BXTS15A,,1000.0,3850.0,,,,,Air,False,Intel
NZXT Kraken X62,,500.0,1800.0,21.0,38.0,,280.0,AIO,False,NZXT
Corsair H150,,1500.0,1500.0,18.0,26.5,Black,360.0,AIO,False,Corsair
Lian Li Galahad II Trinity SL-INF,3539.8,2100.0,2100.0,29.0,29.0,Black,240.0,AIO,True,Lian Li
Jonsbo CR-1400 EVO Color Black,570.0,800.0,2200.0,22.3,33.8,Black,,Air,True,Jonsbo
NZXT Kraken Elite 280 RGB (2024),3999.8,500.0,2000.0,34.5,34.5,Black,280.0,AIO,True,NZXT
Asus ROG STRIX LC III ARGB LCD,6299.8,800.0,2200.0,36.0,36.0,White,360.0,AIO,True,ASUS
Corsair iCUE H150i RGB ELITE,,400.0,1850.0,5.0,28.9,White,360.0,AIO,False,Corsair
Noctua NH-C14S,2673.8,300.0,1500.0,19.2,24.6,,,Air,True,Noctua
ENDORFY Spartan 5 MAX,400.0,250.0,1500.0,,,Black / Silver,,Air,True,ENDORFY
Asus ROG STRIX LC II ARGB,2999.8,800.0,2500.0,37.6,37.6,Black,360.0,AIO,True,ASUS
Deepcool GAMMAXX AG620 ARGB,,300.0,1850.0,29.4,29.4,Black,,Air,False,DeepCool
Montech HyperFlow ARGB 240,1945.2,2200.0,2200.0,29.1,29.1,Black,240.0,AIO,True,Montech
ENDORFY Navis F240,2020.6,250.0,1800.0,,,Black,240.0,AIO,True,ENDORFY
Cooler Master MasterLiquid Lite 120,,650.0,2000.0,6.0,30.0,,120.0,AIO,False,Cooler Master
Deepcool AK500 DIGITAL,,500.0,1850.0,28.0,28.0,Black,,Air,False,DeepCool
Thermalright Frozen Warframe ARGB,,2000.0,2000.0,22.1,22.1,White,240.0,AIO,False,Thermalright
be quiet! Pure Loop 2 FX,2699.8,,,10.8,32.8,Black,280.0,AIO,True,be quiet!
ID-COOLING FROZN A620 GDL,999.8,500.0,2000.0,29.9,29.9,Black / Gold,,Air,True,ID-COOLING
Corsair iCUE LINK TITAN 420 RX RGB,4399.8,300.0,1700.0,,,Black,420.0,AIO,True,Corsair
Lian Li Galahad II LCD,4199.8,300.0,1550.0,26.7,26.7,White,280.0,AIO,True,Lian Li
Alpenföhn BLACK RIDGE,1392.2,800.0,2800.0,14.0,37.6,Black,,Air,True,Alpenföhn
Cooler Master MasterLiquid ML240L V2 RGB,2599.8,650.0,1800.0,8.0,27.0,White / Black,240.0,AIO,True,Cooler Master
ID-COOLING FX240 INF,1259.8,300.0,2000.0,27.2,27.2,White,240.0,AIO,True,ID-COOLING
Cooler Master Wraith Ripper,5400.0,,,0.0,38.0,Black,,Air,True,Cooler Master
Ocypus Iota A62,1139.8,500.0,2000.0,29.0,29.0,Black,,Air,True,Ocypus
Phanteks GLACIER ONE 420D30,3399.8,250.0,1800.0,29.5,29.5,White,420.0,AIO,True,Phanteks
MSI MPG CORELIQUID K360 V2,,,,39.9,39.9,Black,360.0,AIO,False,MSI
Cooler Master MasterLiquid 240 Core II,1338.4,600.0,1750.0,30.0,30.0,White,240.0,AIO,True,Cooler Master
EK EK-Nucleus AIO CR240 Lux D-RGB,2469.6,550.0,2300.0,36.0,36.0,White,240.0,AIO,True,EK
NZXT Kraken Elite 240 RGB,7469.0,500.0,1800.0,17.9,30.6,Black,240.0,AIO,True,NZXT
iBuypower AW4,1999.8,700.0,2000.0,38.0,38.0,Black,360.0,AIO,True,Desconocida
be quiet! Silent Loop 2 360,,2200.0,2200.0,17.7,39.8,Black,360.0,AIO,False,be quiet!
Corsair iCUE H115i RGB Pro XT,,2200.0,2200.0,36.0,36.0,Black,280.0,AIO,False,Corsair
Phanteks GLACIER ONE 360D30,,250.0,2000.0,30.2,30.2,White,360.0,AIO,False,Phanteks
Thermalright Burst Assassin 120 Vision,1058.0,1500.0,1500.0,25.6,25.6,Black,,Air,True,Thermalright
Thermalright Burst Assassin,431.8,1550.0,1550.0,25.6,25.6,Gray / Black,,Air,True,Thermalright
NZXT Kraken Plus RGB,3599.8,500.0,2400.0,31.9,31.9,White,240.0,AIO,True,NZXT
ID-COOLING SE-224-XTS,499.79,600.0,1500.0,28.9,28.9,White,,Air,True,ID-COOLING
Deepcool LE520,,500.0,2250.0,32.9,32.9,White,240.0,AIO,False,DeepCool
ID-COOLING FROZN A410 ARGB WHITE,799.8,500.0,2000.0,29.9,29.9,White,,Air,True,ID-COOLING
Thermalright Burst Assassin 120 Vision,1098.0,1500.0,1500.0,25.6,25.6,White,,Air,True,Thermalright
Noctua NH-U9 TR4-SP3,1999.0,400.0,2000.0,16.3,22.8,,,Air,True,Noctua
NZXT Kraken Elite 280 RGB (2024),3999.8,500.0,2000.0,34.5,34.5,White,280.0,AIO,True,NZXT
ID-COOLING DK-03,,1600.0,1600.0,26.4,26.4,,,Air,False,ID-COOLING
Asus ROG STRIX LC III ARGB,4975.0,800.0,2200.0,36.0,36.0,Black,360.0,AIO,True,ASUS
Deepcool LS720 WH,,500.0,2250.0,32.9,32.9,White,360.0,AIO,False,DeepCool
ID-COOLING SL360,2599.8,500.0,2000.0,29.9,29.9,White,360.0,AIO,True,ID-COOLING
Corsair iCUE H150i ELITE CAPELLIX,,2400.0,2400.0,10.0,37.0,White,360.0,AIO,False,Corsair
Thermaltake TH280 V2 ARGB Sync,2199.79,500.0,1800.0,25.8,25.8,Green,280.0,AIO,True,Thermaltake
EK EK-Nucleus AIO CR360 Lux D-RGB,3000.0,550.0,2300.0,36.0,36.0,White,360.0,AIO,True,EK
ARCTIC Liquid Freezer II 360 A-RGB,,200.0,1800.0,22.5,22.5,Black / Gray,360.0,AIO,False,ARCTIC
Cooler Master MasterLiquid ML240 Illusion,1399.8,650.0,1800.0,6.0,30.0,Black,240.0,AIO,True,Cooler Master
NZXT Kraken Z63 RGB,5499.8,500.0,1500.0,22.0,33.0,Black,280.0,AIO,True,NZXT
MSI MAG CORELIQUID P240,,500.0,2000.0,14.3,34.3,Black,240.0,AIO,False,MSI
ENDORFY Fortis 5,798.0,250.0,1400.0,,,Black / Silver,,Air,True,ENDORFY
ID-COOLING SL360,2599.8,500.0,2000.0,29.9,29.9,Black,360.0,AIO,True,ID-COOLING
Asus ROG STRIX LC II 280 ARGB,2399.79,700.0,2100.0,35.7,35.7,Black,280.0,AIO,True,ASUS
Noctua NH-U12S SE-AM4,1499.0,300.0,1500.0,18.6,22.4,,,Air,True,Noctua
Cooler Master MasterLiquid ML360L ARGB V2,3218.0,650.0,1800.0,8.0,27.0,White,360.0,AIO,True,Cooler Master
Lian Li Galahad II LCD,4199.8,300.0,1550.0,26.7,26.7,Black,280.0,AIO,True,Lian Li
Thermaltake Gravity i3,399.6,1200.0,3500.0,36.5,36.5,Silver / Black,,Air,True,Thermaltake
Ocypus Iota A40,699.8,500.0,2000.0,29.0,29.0,Black,,Air,True,Ocypus
Deepcool LD240,,600.0,2400.0,38.71,38.71,Black,240.0,AIO,False,DeepCool
Thermalright Aqua Elite ARGB V2,,2000.0,2000.0,28.2,28.2,,240.0,AIO,False,Thermalright
Lian Li GALAHAD AIO 360 RGB UNI FAN SL120 EDITION,,800.0,1900.0,32.0,32.0,White / Silver,360.0,AIO,False,Lian Li
NZXT Kraken X63 RGB,4999.8,500.0,1500.0,22.0,33.0,Black,280.0,AIO,True,NZXT
EK AIO 240 D-RGB,,450.0,2600.0,36.4,36.4,Black,240.0,AIO,False,EK
Asus ROG STRIX LC II,2199.79,800.0,2500.0,37.6,37.6,Black,240.0,AIO,True,ASUS
Cooler Master MasterLiquid ML280 Mirror,,650.0,1400.0,10.0,27.0,Black,280.0,AIO,False,Cooler Master
ID-COOLING FROZN A410 SE ARGB,539.79,300.0,2000.0,27.2,27.2,Black / Silver,,Air,True,ID-COOLING
Ocypus Iota L36,1999.8,500.0,2000.0,29.0,29.0,White,360.0,AIO,True,Ocypus
Xilence I200,261.2,2200.0,2200.0,25.0,25.0,Black / Silver,,Air,True,Xilence
Thermalright Hyper Vision ARGB,3399.8,2150.0,2150.0,27.0,27.0,White,360.0,AIO,True,Thermalright
Thermalright Assassin King 90,518.0,2500.0,2500.0,27.3,27.3,Black / Silver,,Air,True,Thermalright
Thermalright AXP90-X36,,2700.0,2700.0,22.4,22.4,Black,,Air,False,Thermalright
Thermaltake TH420 V2 Ultra ARGB Sync,4199.8,500.0,2000.0,34.7,34.7,Black,420.0,AIO,True,Thermaltake
Deepcool LS520,,500.0,2250.0,32.9,32.9,Black,240.0,AIO,False,DeepCool
Thermaltake TH280 V2 ARGB Sync,2199.79,500.0,1800.0,34.7,34.7,Black,280.0,AIO,True,Thermaltake
Corsair iCUE H170i ELITE CAPELLIX XT,,500.0,1700.0,5.0,33.8,Black,420.0,AIO,False,Corsair
Corsair iCUE H100i RGB ELITE,2199.79,400.0,1850.0,5.0,28.9,White,240.0,AIO,True,Corsair
Syba CL-CNL-EOLE802,254.0,2200.0,2200.0,25.0,25.0,,,Air,True,Desconocida
Thermalright Frozen Warframe 240 SE ARGB,1111.8,2000.0,2000.0,29.8,29.8,Black,240.0,AIO,True,Thermalright
Corsair iCUE H150i ELITE LCD,,450.0,2000.0,10.0,30.4,Black,360.0,AIO,False,Corsair
Cooler Master Hyper 212 Black Edition,1599.6,800.0,2000.0,6.5,26.0,,,Air,True,Cooler Master
be quiet! Dark Rock TF 2,3099.0,1400.0,1400.0,,,Black,,Air,True,be quiet!
Deepcool AK400,,500.0,1850.0,29.0,29.0,Pink / White,,Air,False,DeepCool
ARCTIC Freezer 34 eSports DUO,,200.0,2100.0,24.4,24.4,White / Gray,,Air,False,ARCTIC
Jonsbo CR-1400 EVO ARGB Black,,800.0,2200.0,22.3,33.8,Black,,Air,False,Jonsbo
Thermalright Hyper Vision ARGB,3399.8,2150.0,2150.0,27.0,27.0,Black,360.0,AIO,True,Thermalright
Thermalright Assassin Spirit 120 Vision ARGB,591.79,1500.0,1500.0,25.6,25.6,White,,Air,True,Thermalright
Antec Symphony ARGB,3502.8,800.0,1600.0,20.0,35.0,White,360.0,AIO,True,Antec
Thermalright Elite Vision 360 ARGB,,2150.0,2150.0,27.0,27.0,Black,360.0,AIO,False,Thermalright
Thermaltake ASTRIA 200 ARGB,729.8,500.0,1800.0,26.8,26.8,Black,,Air,True,Thermaltake
Lian Li Galahad II Lite RGB,1698.0,300.0,2500.0,34.8,34.8,Black,240.0,AIO,True,Lian Li
Thermaltake TH360 V2 Ultra ARGB Sync,3799.0,500.0,1800.0,25.8,25.8,Blue / White,360.0,AIO,True,Thermaltake
TRYX PANORAMA ARGB (2024),6199.8,500.0,1850.0,27.86,27.86,White,240.0,AIO,True,TRYX
Deepcool AK500,,500.0,1850.0,25.9,31.5,White,,Air,False,DeepCool
MSI MAG CORELIQUID C360,,500.0,2000.0,14.3,34.3,Black,360.0,AIO,False,MSI
PC Cooler RZ400 V2,519.79,500.0,2200.0,32.0,32.0,Black,,Air,True,PC Cooler
KOLINK Umbra EX180,,800.0,1800.0,28.6,28.6,Black,,Air,False,KOLINK
Corsair H150i PRO,,1600.0,1600.0,25.0,25.0,,360.0,AIO,False,Corsair
Fractal Design Lumen S36 V2,5483.8,500.0,2000.0,10.0,33.2,Black,360.0,AIO,True,Fractal Design
Cooler Master MasterLiquid PL360 FLUX,2599.8,,,32.0,32.0,Black,360.0,AIO,True,Cooler Master
Cooler Master MasterLiquid ML360L ARGB V2,3198.0,650.0,1800.0,8.0,27.0,Black,360.0,AIO,True,Cooler Master
Scythe Kotetsu Mark 3,599.79,300.0,1500.0,4.0,28.6,Black / Silver,,Air,True,Scythe
Thermaltake TH420 V2 Ultra ARGB Sync,4199.0,500.0,2000.0,34.7,34.7,White,420.0,AIO,True,Thermaltake
Corsair H60,,2000.0,2000.0,30.85,30.85,,120.0,AIO,False,Corsair
Enermax LIQMAXFLO SR 360,2611.6,500.0,1800.0,23.46,23.46,Black,360.0,AIO,True,Enermax
Phanteks Glacier One 240 T30 Gen2,,1200.0,3000.0,11.1,39.7,Black / Gray,240.0,AIO,False,Phanteks
Gigabyte AORUS WATERFORCE 240,3250.2,950.0,2150.0,16.9,31.0,Black,240.0,AIO,True,Gigabyte
MSI MAG CORELIQUID A15,1999.0,500.0,2050.0,28.7,28.7,Black,240.0,AIO,True,MSI
ENDORFY Fortis 5 Black ARGB,,,,,,Black,,Air,False,ENDORFY
Alphacool Eisbaer Pro Aurora,4299.0,,,31.5,31.5,Black,420.0,AIO,True,Alphacool
Cooler Master MasterLiquid ML240L ARGB V2,,650.0,1800.0,8.0,27.0,Black,240.0,AIO,False,Cooler Master
CRYORIG H7,,330.0,1600.0,25.0,25.0,,,Air,False,CRYORIG
Thermaltake TH240 V2 ARGB Sync,1879.8,500.0,2000.0,25.8,25.8,White,240.0,AIO,True,Thermaltake
Thermaltake TOUGHLIQUID Ultra,3799.8,500.0,2500.0,28.1,28.1,Black,360.0,AIO,True,Thermaltake
ARCTIC Freezer 34 eSports DUO,,200.0,2100.0,24.4,24.4,Red / Black,,Air,False,ARCTIC
Thermalright Peerless Assassin 120 Digital ARGB,,1850.0,1850.0,25.6,25.6,White,,Air,False,Thermalright
Deepcool Assassin 4S,,500.0,1800.0,29.3,29.3,White,,Air,False,DeepCool
Deepcool AG500 BK ARGB,,300.0,1850.0,29.4,29.4,Black,,Air,False,DeepCool
Ocypus Delta A40 ARGB,439.79,500.0,2000.0,29.0,29.0,Black,,Air,True,Ocypus
Deepcool AG620 WH ARGB,,300.0,1850.0,29.4,29.4,White,,Air,False,DeepCool
Corsair iCUE H115i ELITE CAPELLIX,,2000.0,2000.0,10.0,36.0,Black,280.0,AIO,False,Corsair
Cooler Master Hyper H410R RGB,2780.0,600.0,2000.0,6.0,29.0,,,Air,True,Cooler Master
Valkyrie Vind 125 SL,1099.8,800.0,2150.0,29.0,29.0,Black,,Air,True,Valkyrie
Corsair H100,,1500.0,1500.0,18.0,26.5,Black,240.0,AIO,False,Corsair
Deepcool Castle 240 RGB V2,,500.0,1800.0,30.0,30.0,Black,240.0,AIO,False,DeepCool
NZXT Kraken Plus RGB,3599.8,500.0,2400.0,31.9,31.9,Black,240.0,AIO,True,NZXT
Asus ROG Ryujin III,4099.8,600.0,2200.0,36.45,36.45,White,240.0,AIO,True,ASUS
MSI MAG CORELIQUID P360,,500.0,2000.0,14.3,34.3,Black,360.0,AIO,False,MSI
Lian Li GALAHAD AIO 240 RGB UNI FAN SL120 EDITION,5747.2,800.0,1900.0,32.0,32.0,Black / Silver,240.0,AIO,True,Lian Li
Phanteks Glacier One D30 X2,3399.8,250.0,2000.0,35.13,35.13,White,360.0,AIO,True,Phanteks
Asus ROG RYUJIN 360,,450.0,2000.0,29.7,29.7,Black,360.0,AIO,False,ASUS
Noctua NH-U9DXi4,1299.0,300.0,1600.0,13.1,17.6,,,Air,True,Noctua
Asus ROG STRIX LC III ARGB,5199.8,800.0,2200.0,36.0,36.0,White,360.0,AIO,True,ASUS
Cooler Master A71C,,650.0,1800.0,24.9,24.9,Black,,Air,False,Cooler Master
Corsair H100i,,2700.0,2700.0,37.68,37.68,,240.0,AIO,False,Corsair
ID-COOLING SE-225-XT,699.8,700.0,1800.0,15.2,35.2,Black,,Air,True,ID-COOLING
EK AIO Basic 360,,550.0,2200.0,33.5,33.5,Black,360.0,AIO,False,EK
TRYX PANORAMA ARGB (2024),6199.8,500.0,1850.0,27.86,27.86,Black,240.0,AIO,True,TRYX
NZXT Kraken Z63 RGB,9774.19,500.0,1500.0,22.0,33.0,White / Black,280.0,AIO,True,NZXT
ARCTIC Liquid Freezer III Pro A-RGB,2159.79,400.0,2500.0,,,Black,420.0,AIO,True,ARCTIC
ENDORFY Fera 5 ARGB,690.0,250.0,1800.0,,,Black / Silver,,Air,True,ENDORFY
Scythe Fuma 2 Rev.B,,300.0,1500.0,2.58,23.8,Black / Silver,,Air,False,Scythe
NZXT Kraken X52,,500.0,2000.0,21.0,36.0,,240.0,AIO,False,NZXT
ARCTIC Freezer 8A CO,951.8,200.0,2300.0,,,Black / Silver,,Air,True,ARCTIC
BitFenix Cube ARGB,1198.0,2000.0,2000.0,34.0,34.0,Black,240.0,AIO,True,BitFenix
NZXT Kraken X53 RGB,2719.6,500.0,1500.0,22.0,33.0,Black,240.0,AIO,True,NZXT
ID-COOLING BLITZ X4,399.6,500.0,1500.0,26.6,26.6,Black / Silver,,Air,True,ID-COOLING
Phanteks Glacier One 360 T30 Gen2,7768.4,1200.0,3000.0,11.1,39.7,Black / Gray,360.0,AIO,True,Phanteks
be quiet! Light Loop,2798.0,1500.0,2900.0,15.4,34.9,Black,240.0,AIO,True,be quiet!
Gelid Solutions BlackFrore,,900.0,2000.0,20.0,20.0,Black,,Air,False,Gelid
TRYX PANORAMA,,500.0,2250.0,30.97,30.97,White,360.0,AIO,False,TRYX
EK AIO Basic 240,,550.0,2200.0,33.5,33.5,Black,240.0,AIO,False,EK
ID-COOLING IS-40-XT,499.79,800.0,2800.0,14.0,35.2,Black,,Air,True,ID-COOLING
Montech HyperFlow Silent 240,1483.4,800.0,2200.0,24.8,24.8,White,240.0,AIO,True,Montech
Asus ROG RYUO III 240 ARGB WHITE EDITION,2799.8,2200.0,2200.0,36.45,36.45,White,240.0,AIO,True,ASUS
ENDORFY Fortis 5 Dual Fan,930.0,250.0,1400.0,,,Black / Silver,,Air,True,ENDORFY
Thermaltake MAGFloe 360 Ultra ARGB Sync,4799.8,500.0,2000.0,30.6,30.6,Black,360.0,AIO,True,Thermaltake
Lian Li ALC 360,3440.0,300.0,2450.0,30.0,30.0,,360.0,AIO,True,Lian Li
ID-COOLING ZOOMFLOW 240 XT SNOW,,500.0,1500.0,13.8,30.5,White,240.0,AIO,False,ID-COOLING
MSI MAG CORELIQUID I240,1899.8,,,,,Black,240.0,AIO,True,MSI
Corsair iCUE H170i ELITE LCD,,400.0,1600.0,10.0,31.8,Black,420.0,AIO,False,Corsair
GAMDIAS CHIONE M4-240,1384.6,800.0,2000.0,11.0,29.0,Black,240.0,AIO,True,GAMDIAS
Thermalright Assassin King 120 MINI V2,,1500.0,1500.0,25.6,25.6,Black / Silver,,Air,False,Thermalright
Cooler Master MasterLiquid 360 Ion,4999.8,,,30.0,30.0,Black,360.0,AIO,True,Cooler Master
ARCTIC Liquid Freezer 360,,500.0,1350.0,22.5,22.5,,360.0,AIO,False,ARCTIC
Thermaltake TH240 V2 Ultra ARGB Sync,2999.8,500.0,1800.0,25.8,25.8,White,240.0,AIO,True,Thermaltake
NZXT Kraken Z53 RGB,,500.0,1500.0,22.0,33.0,White / Black,240.0,AIO,False,NZXT
MSI MAG CORELIQUID C240,,500.0,2000.0,14.3,34.3,Black,240.0,AIO,False,MSI
Cooler Master Elite,1499.8,600.0,2100.0,39.5,39.5,Black,360.0,AIO,True,Cooler Master
Thermaltake ASTRIA 400 ARGB,899.8,500.0,1800.0,26.8,26.8,Black,,Air,True,Thermaltake
Thermaltake UX100,,1800.0,1800.0,26.92,26.92,Black,,Air,False,Thermaltake
Deepcool UD511 RGB,,500.0,1800.0,26.8,26.8,Black,,Air,False,DeepCool
Thermaltake TH420 V2 ARGB Sync,2199.79,500.0,1800.0,34.7,34.7,Black,420.0,AIO,True,Thermaltake
EVGA ACX mITX,725.2,800.0,2800.0,33.4,33.4,,,Air,True,EVGA
Antec Symphony ARGB,,800.0,1600.0,20.0,35.0,Black,360.0,AIO,False,Antec
ARCTIC Liquid Freezer II 240 A-RGB,,200.0,1800.0,22.5,22.5,Black / Gray,240.0,AIO,False,ARCTIC
Cooler Master Masterliquid 240 Atmos,2479.79,690.0,2500.0,27.2,27.2,White,240.0,AIO,True,Cooler Master
Fractal Design Lumen S24 V2,,500.0,2000.0,10.0,33.2,Black,240.0,AIO,False,Fractal Design
Thermaltake Gravity A2,433.4,1200.0,3500.0,33.5,33.5,Silver / Black,,Air,True,Thermaltake
Deepcool AK500,,500.0,1850.0,,,Black / Silver,,Air,False,DeepCool
Thermaltake ASTRIA 600 ARGB,1299.6,500.0,1800.0,26.8,26.8,Black,,Air,True,Thermaltake
Thermaltake TH120 ARGB Sync,1199.8,1500.0,1500.0,28.2,28.2,White,120.0,AIO,True,Thermaltake
be quiet! Shadow Rock 3,1038.0,1600.0,1600.0,11.5,24.4,Black,,Air,True,be quiet!
Cooler Master MasterLiquid 240,,650.0,2000.0,6.0,30.0,,240.0,AIO,False,Cooler Master
Deepcool CASTLE 240EX A-RGB,,500.0,1800.0,30.0,30.0,Black,240.0,AIO,False,DeepCool
ID-COOLING SE-207-XT SLIM,739.8,700.0,1800.0,15.2,35.2,,,Air,True,ID-COOLING
EVGA CLCx 360,3899.8,,,35.0,35.0,Black,360.0,AIO,True,EVGA
Cooler Master MasterLiquid ML240 Illusion,1399.8,650.0,1800.0,6.0,30.0,White,240.0,AIO,True,Cooler Master
BitFenix Cube ARGB,3554.8,2000.0,2000.0,34.0,34.0,Black,360.0,AIO,True,BitFenix
Cooler Master MasterLiquid ML240R RGB,4031.2,650.0,2000.0,6.0,30.0,,240.0,AIO,True,Cooler Master
Deepcool AG400 DIGITAL PLUS,,500.0,2100.0,31.6,31.6,Black,,Air,False,DeepCool
ID-COOLING PINKFLOW,,900.0,2000.0,16.3,33.5,White / Pink,240.0,AIO,False,ID-COOLING
Deepcool GAMMAXX GT A-RGB,,500.0,1650.0,27.8,27.8,Black / Silver,,Air,False,DeepCool
Deepcool LT520 WH,,500.0,2250.0,32.9,32.9,White,240.0,AIO,False,DeepCool
Phanteks GLACIER ONE 420D30,,250.0,1800.0,29.5,29.5,Black,420.0,AIO,False,Phanteks
EK AIO Elite 360 D-RGB,,550.0,2200.0,31.6,31.6,Black,360.0,AIO,False,EK
ID-COOLING FROSTFLOW X 240 LITE,,700.0,1800.0,15.2,35.2,Black,240.0,AIO,False,ID-COOLING
be quiet! Shadow Rock Slim 2,893.0,1400.0,1400.0,11.5,23.7,Black,,Air,True,be quiet!
ID-COOLING FROZN A620 ARGB,1299.6,500.0,2000.0,29.9,29.9,Black,,Air,True,ID-COOLING
Fractal Design Celsius S36,,500.0,2000.0,32.2,32.2,,360.0,AIO,False,Fractal Design
Cooler Master MasterLiquid PL240 FLUX,1979.8,,,32.0,32.0,Black,240.0,AIO,True,Cooler Master
Gigabyte GAMING 360,3181.6,500.0,2200.0,13.8,35.8,White,360.0,AIO,True,Gigabyte
MSI MAG CORELIQUID 240R V2,3562.2,500.0,2000.0,14.3,34.3,White,240.0,AIO,True,MSI
GAMDIAS AURA GL360 V2,,800.0,1800.0,33.8,33.8,White,360.0,AIO,False,GAMDIAS
Corsair iCUE H100i ELITE CAPELLIX,,2400.0,2400.0,10.0,37.0,White,240.0,AIO,False,Corsair
Antec A400i,715.8,800.0,1800.0,20.0,36.0,Black / Silver,,Air,True,Antec
Cooler Master i50,339.6,2000.0,2000.0,28.0,28.0,Black / Silver,,Air,True,Cooler Master
Thermalright Frozen Warframe 240 SE ARGB,1139.8,2000.0,2000.0,29.8,29.8,White,240.0,AIO,True,Thermalright
NZXT Kraken X72,,500.0,2000.0,21.0,36.0,Black,360.0,AIO,False,NZXT
Deepcool GAMMAXX GTE V2,,500.0,1650.0,27.8,27.8,Black / White,,Air,False,DeepCool
Geometric Future Eskimo Pro 42,1798.0,2400.0,2400.0,34.2,34.2,White,420.0,AIO,True,Geometric Future
be quiet! Light Loop,2898.0,1500.0,2900.0,15.4,34.9,White,240.0,AIO,True,be quiet!
Asus ROG STRIX LC III,4219.8,800.0,2200.0,36.0,36.0,Black,360.0,AIO,True,ASUS
GAMDIAS CHIONE M4-360,2104.6,800.0,2000.0,11.0,29.0,Black,360.0,AIO,True,GAMDIAS
be quiet! Pure Rock Slim,1480.0,2000.0,2000.0,13.1,25.4,,,Air,True,be quiet!
Fractal Design Celsius S24,,500.0,2000.0,32.2,32.2,,240.0,AIO,False,Fractal Design
IceGiant ProSiphon Elite,,300.0,2300.0,,,Black,,Air,False,Desconocida
Alphacool Core Ocean T38,1870.0,,,0.0,36.0,Black,420.0,AIO,True,Alphacool
be quiet! Pure Loop 120,1249.8,,,18.9,36.1,Black,120.0,AIO,True,be quiet!
Cougar Poseidon Elite ARGB 360,,500.0,2200.0,33.5,33.5,Black,360.0,AIO,False,Cougar
Deepcool LS520 SE WH,,500.0,2250.0,28.2,32.9,White,240.0,AIO,False,DeepCool
GameMax Sigma 550 Infinity,,800.0,1800.0,32.5,32.5,Black,,Air,False,GameMax
ENDORFY Fera 5 Black,670.0,250.0,1800.0,,,Black,,Air,True,ENDORFY
Cooler Master Hyper 622 Halo,,650.0,2050.0,27.0,27.0,Black,,Air,False,Cooler Master
ENDORFY Fera 5 Black ARGB,,250.0,1800.0,,,Black,,Air,False,ENDORFY
Yeston zeaginal Sakura,,900.0,1800.0,30.0,30.0,White,360.0,AIO,False,Desconocida
Vetroo V360,1299.6,800.0,1800.0,30.8,30.8,Pink,360.0,AIO,True,Vetroo
ARCTIC Liquid Freezer II 420 RGB,6946.2,200.0,1900.0,22.5,22.5,Black,420.0,AIO,True,ARCTIC
Deepcool LE500,,500.0,2250.0,,,Black,240.0,AIO,False,DeepCool
Corsair H110i,,2100.0,2100.0,43.0,43.0,,280.0,AIO,False,Corsair
Noctua NH-D15 SE-AM4,2598.8,1200.0,1500.0,19.2,24.6,,,Air,True,Noctua
Thermalright Elite Vision 360 ARGB,,2150.0,2150.0,27.0,27.0,White,360.0,AIO,False,Thermalright
be quiet! Silent Loop 2 240,,2200.0,2200.0,16.8,38.3,Black,240.0,AIO,False,be quiet!
Cooler Master Hyper 212 EVO V2,1569.4,650.0,1800.0,8.0,27.0,,,Air,True,Cooler Master
Cooler Master Hyper T20,,2000.0,2000.0,30.0,30.0,Black / Silver,,Air,False,Cooler Master
NZXT Kraken Plus,3199.8,500.0,1700.0,30.0,30.0,Black,280.0,AIO,True,NZXT
ARCTIC Freezer 34 eSports DUO,,200.0,2100.0,24.4,24.4,Black / Gray,,Air,False,ARCTIC
Noctua NH-U9B SE2,,1000.0,1600.0,7.9,17.6,,,Air,False,Noctua
Deepcool AK500S DIGITAL,,500.0,1850.0,28.0,28.0,Black,,Air,False,DeepCool
Thermalright Frozen Notte ARGB V2,,2000.0,2000.0,27.7,27.7,White,240.0,AIO,False,Thermalright
Cooler Master Hyper 212 LED Turbo ARGB,,650.0,1800.0,27.0,27.0,Black,,Air,False,Cooler Master
ENDORFY Navis F240 ARGB,2921.6,250.0,1800.0,,,Black,240.0,AIO,True,ENDORFY
PC Cooler DS360,2199.79,500.0,2200.0,32.0,32.0,Black,360.0,AIO,True,PC Cooler
Valkyrie SYN,2798.0,800.0,2150.0,29.0,29.0,White / Blue,360.0,AIO,True,Valkyrie
ID-COOLING SE-224-XTS ARGB,,600.0,1500.0,28.9,28.9,Black,,Air,False,ID-COOLING
Corsair H115i PRO,,1200.0,1200.0,20.4,20.4,,280.0,AIO,False,Corsair
GAMDIAS BOREAS E1,732.2,800.0,2000.0,10.0,31.0,Black / Silver,,Air,True,GAMDIAS
Thermalright Frost Commander 140,978.0,1800.0,1800.0,30.2,30.2,Gray,,Air,True,Thermalright
ID-COOLING FROZN A410 GDL,699.8,500.0,2000.0,29.9,29.9,Black / Gold,,Air,True,ID-COOLING
Corsair iCUE H115i RGB ELITE,,400.0,1600.0,19.0,35.8,Black,280.0,AIO,False,Corsair
MSI MEG CORELIQUID S280,6990.4,,,24.9,24.9,Black,280.0,AIO,True,MSI
Deepcool CASTLE 360EX A-RGB,,500.0,1800.0,30.0,30.0,Black,360.0,AIO,False,DeepCool
Fractal Design Lumen S28 V2,3792.2,500.0,1700.0,10.0,35.5,Black,280.0,AIO,True,Fractal Design
Alphacool Core Ocean T38,1580.0,,,0.0,34.3,Black,360.0,AIO,True,Alphacool
Alpenföhn Panorama 2,,500.0,3000.0,37.6,37.6,Black,,Air,False,Alpenföhn
Asus ROG STRIX LC II,2599.8,800.0,2500.0,37.6,37.6,Black,360.0,AIO,True,ASUS
Lian Li Galahad II Trinity,4007.4,2450.0,2450.0,35.4,35.4,White,240.0,AIO,True,Lian Li
Fractal Design Celsius+ S24 Prisma PWM ARGB,2598.19,500.0,2000.0,32.7,32.7,Black,240.0,AIO,True,Fractal Design
Phanteks GLACIER ONE 360D30,,250.0,2000.0,30.2,30.2,Black,360.0,AIO,False,Phanteks
be quiet! Pure Loop 2,2114.0,,,13.0,32.1,Black,120.0,AIO,True,be quiet!
Thermalright Grand Vision ARGB,1838.0,2150.0,2150.0,29.4,29.4,Black,240.0,AIO,True,Thermalright
Deepcool AG400 LED,,500.0,2000.0,31.6,31.6,Black / Silver,,Air,False,DeepCool
Valkyrie Vind 125 SL,989.8,800.0,2150.0,29.0,29.0,White,,Air,True,Valkyrie
be quiet! Silent Loop 2 280,5788.6,1600.0,1600.0,16.5,36.1,Black,280.0,AIO,True,be quiet!
Lian Li GALAHAD AIO 240 RGB,,800.0,1900.0,,,White / Silver,240.0,AIO,False,Lian Li
Cooler Master Masterliquid 360 Atmos,2999.8,690.0,2500.0,27.2,27.2,White,360.0,AIO,True,Cooler Master
ID-COOLING SL240,2199.79,500.0,2000.0,29.9,29.9,Black,240.0,AIO,True,ID-COOLING
NZXT Kraken X73 RGB,,500.0,1500.0,22.0,33.0,Black,360.0,AIO,False,NZXT
Asus TUF GAMING LC 240 ARGB,,800.0,2000.0,29.0,29.0,Black,240.0,AIO,False,ASUS
Enermax LIQMAXFLO 420,2295.8,500.0,1700.0,25.47,25.47,Black,420.0,AIO,True,Enermax
Thermaltake CL-P0503,259.0,2900.0,2900.0,29.58,29.58,,,Air,True,Thermaltake
Thermaltake Floe DX RGB 360 TT Premium Edition,1927.2,500.0,1500.0,19.0,23.9,Black / Gray,360.0,AIO,True,Thermaltake
Montech HyperFlow ARGB 240,1875.2,2200.0,2200.0,29.1,29.1,White,240.0,AIO,True,Montech
ID-COOLING SE-214-XT,,500.0,1500.0,16.0,26.6,,,Air,False,ID-COOLING
Alphacool Eisbaer Aurora 420,3799.0,600.0,1500.0,,,Black,420.0,AIO,True,Alphacool
Cooler Master MasterAir MA612 Stealth ARGB,,650.0,1800.0,8.0,27.0,,,Air,False,Cooler Master
Asus ROG RYUJIN II,,450.0,2000.0,29.7,29.7,Black,360.0,AIO,False,ASUS
Ocypus Iota L24,1679.8,500.0,2000.0,29.0,29.0,Black,240.0,AIO,True,Ocypus
ARCTIC Liquid Freezer II 120,,200.0,1800.0,,,Black,120.0,AIO,False,ARCTIC
Thermaltake TOUGHAIR 510,1159.8,500.0,2000.0,23.6,23.6,Black / Gray,,Air,True,Thermaltake
ID-COOLING DASHFLOW BASIC,,700.0,1800.0,15.2,35.2,Black,360.0,AIO,False,ID-COOLING
Asus ROG RYUJIN III 360 ARGB EVA-02 EDITION,,600.0,2200.0,36.45,36.45,Red / Black,360.0,AIO,False,ASUS
Thermaltake TOUGHAIR 310,699.8,500.0,2000.0,23.6,23.6,Black / Gray,,Air,True,Thermaltake
ARCTIC Liquid Freezer II 360 Rev. 2,,200.0,1800.0,,,Black,360.0,AIO,False,ARCTIC
Thermalright Assassin King 120 Mini WHITE ARGB V3,,1500.0,1500.0,25.6,25.6,White / Silver,,Air,False,Thermalright
Gigabyte AORUS WATERFORCE X II 240AORUS WATERFORCE X II 240,3580.0,800.0,2400.0,12.0,37.5,Black,240.0,AIO,True,Gigabyte
ID-COOLING SE-214-XT BASIC,,700.0,1800.0,35.2,35.2,Gray / Silver,,Air,False,ID-COOLING
Deepcool GAMMAXX AG620 ARGB,,300.0,1850.0,29.4,29.4,Black / Silver,,Air,False,DeepCool
Deepcool GAMMAXX L240 V2,,500.0,1800.0,30.0,30.0,Black / White,240.0,AIO,False,DeepCool
Cooler Master Elite,1399.8,600.0,2100.0,39.5,39.5,Black,240.0,AIO,True,Cooler Master
ID-COOLING SL PRO SE,2399.79,300.0,2000.0,27.2,27.2,Black,360.0,AIO,True,ID-COOLING
Asus ROG RYUJIN II,4945.2,450.0,2000.0,29.7,29.7,Black,240.0,AIO,True,ASUS
Thermalright Frozen Vision 360,,2150.0,2150.0,27.0,27.0,Black,360.0,AIO,False,Thermalright
Cooler Master MasterLiquid ML240L ARGB V2,,650.0,1800.0,8.0,27.0,White,240.0,AIO,False,Cooler Master
Corsair A500,2199.79,2400.0,2400.0,36.0,36.0,Black / Silver,,Air,True,Corsair
Silverstone IceMyst 360,2999.8,500.0,2200.0,12.1,33.1,Silver / Black,360.0,AIO,True,SilverStone
Montech METAL DT24 PREMIUM,2419.6,800.0,1950.0,26.0,26.0,Black / Silver,,Air,True,Montech
Thermalright Grand Vision ARGB,1583.8,2150.0,2150.0,29.4,29.4,White,240.0,AIO,True,Thermalright
EK AIO 360 D-RGB,,450.0,2600.0,36.4,36.4,Black,360.0,AIO,False,EK
Enermax LIQMAX III 240 ARGB,978.0,500.0,1600.0,14.0,27.0,White / Black,240.0,AIO,True,Enermax
Thermalright Frozen Warframe ARGB,,1750.0,1750.0,29.8,29.8,Black,420.0,AIO,False,Thermalright
Thermalright Frozen Warframe,,2000.0,2000.0,22.1,22.1,Black,240.0,AIO,False,Thermalright
Corsair H80i v2,,2435.0,2435.0,37.7,37.7,,120.0,AIO,False,Corsair
Ocypus Iota A62,,500.0,2000.0,29.0,29.0,White,,Air,False,Ocypus
Thermaltake TH420 V2 ARGB Sync,2799.8,500.0,1800.0,34.7,34.7,White,420.0,AIO,True,Thermaltake
Enermax LIQMAXFLO SR 240,2326.19,500.0,1800.0,23.46,23.46,Black,240.0,AIO,True,Enermax
Silverstone Hydrogon H90 ARGB,1319.8,500.0,2600.0,11.3,34.6,Black / Silver,,Air,True,SilverStone
Deepcool LS520 WH,,500.0,2250.0,32.9,32.9,White,240.0,AIO,False,DeepCool
Lian Li Galahad AIO240 (2022),,800.0,1900.0,32.0,32.0,Black / Silver,240.0,AIO,False,Lian Li
Thermaltake TOUGHAIR 710,1739.8,300.0,1400.0,18.5,23.9,Black,,Air,True,Thermaltake
Thermaltake TH420 V2 Ultra EX ARGB Sync,4899.59,500.0,2000.0,30.7,30.7,Black,420.0,AIO,True,Thermaltake
Jonsbo TG-360,,900.0,1800.0,,,Black,360.0,AIO,False,Jonsbo
Cooler Master MasterLiquid 120,,650.0,2000.0,6.0,30.0,,120.0,AIO,False,Cooler Master
Thermalright Assassin King 120,,1500.0,1500.0,25.6,25.6,Black / Silver,,Air,False,Thermalright
Alphacool Core Ocean T38,1350.0,,,0.0,34.3,Black,240.0,AIO,True,Alphacool
ENDORFY Navis F280,,250.0,1800.0,,,Black,280.0,AIO,False,ENDORFY
ARCTIC Freezer A35 A-RGB,939.2,200.0,1700.0,,,Black,,Air,True,ARCTIC
Cooler Master Hyper H411R,,600.0,2000.0,29.4,29.4,Black / Silver,,Air,False,Cooler Master
Thermalright Frozen Warframe ARGB,,1750.0,1750.0,29.8,29.8,White,420.0,AIO,False,Thermalright
EVGA CLCx 280,4538.39,,,35.0,35.0,Black,280.0,AIO,True,EVGA
Gelid Solutions Tranquillo Rev. 5,,900.0,2000.0,26.5,26.5,Black,,Air,False,Gelid
Deepcool LE500 Marrs,,500.0,2250.0,32.9,32.9,Black,240.0,AIO,False,DeepCool
Intel BXXTS100H,,800.0,1800.0,20.0,35.0,,,Air,False,Intel
ID-COOLING SE-226-XT,,500.0,1500.0,13.8,30.5,Black,,Air,False,ID-COOLING
Thermaltake TH280 V2 Ultra ARGB Sync,3179.8,500.0,2000.0,34.7,34.7,Black,280.0,AIO,True,Thermaltake
Cooler Master Hyper 212 LED,1399.6,600.0,1600.0,9.0,31.0,,,Air,True,Cooler Master
Deepcool GAMMAXX GTE V2,,500.0,1650.0,27.8,27.8,White,,Air,False,DeepCool
be quiet! Pure Rock,,1500.0,1500.0,19.1,26.8,,,Air,False,be quiet!
EK AIO 120 D-RGB,,450.0,2600.0,36.4,36.4,Black,120.0,AIO,False,EK
Corsair iCUE H60i RGB PRO XT,,2400.0,2400.0,10.0,37.0,Black,120.0,AIO,False,Corsair
MSI MPG CORELIQUID K240 V2,1999.8,,,39.9,39.9,Black,240.0,AIO,True,MSI
Thermaltake ASTRIA 600 ARGB,1299.8,500.0,1800.0,26.8,26.8,White,,Air,True,Thermaltake
ID-COOLING SE-224-XTS,499.79,600.0,1500.0,28.9,28.9,Black / Silver,,Air,True,ID-COOLING
KOLINK Umbra Void,2052.6,2200.0,2200.0,30.0,30.0,Black,120.0,AIO,True,KOLINK
EVGA CLC 240,,500.0,2400.0,16.0,39.9,,240.0,AIO,False,EVGA
Cooler Master MasterLiquid ML240L RGB,,650.0,2000.0,6.0,30.0,,240.0,AIO,False,Cooler Master
Enermax LIQMAX III 360 ARGB,3300.0,500.0,1600.0,14.0,27.0,White / Black,360.0,AIO,True,Enermax
Antec VORTEX 240,4539.8,600.0,2000.0,31.24,31.24,Black,240.0,AIO,True,Antec
Fractal Design Celsius+ S36 Prisma PWM ARGB,,500.0,2000.0,32.7,32.7,Black,360.0,AIO,False,Fractal Design
ARCTIC Freezer 8i,1010.6,200.0,2300.0,,,Black / Silver,,Air,True,ARCTIC
Cooler Master I70,,1800.0,1800.0,28.0,28.0,Black / Silver,,Air,False,Cooler Master
Corsair iCUE H100i ELITE LCD,,450.0,2000.0,10.0,30.4,Black,240.0,AIO,False,Corsair
be quiet! Dark Rock Pro 3,,1400.0,1700.0,13.2,26.1,,,Air,False,be quiet!
Silverstone SST-XE01-1700A,815.2,1000.0,5500.0,58.1,58.1,Black,,Air,True,SilverStone
ARCTIC Liquid Freezer III Pro A-RGB,1769.8,400.0,2500.0,,,Black,280.0,AIO,True,ARCTIC
Jonsbo HX6200D,1491.6,700.0,1800.0,18.6,29.7,White,,Air,True,Jonsbo
NZXT Kraken X63 RGB,,500.0,1500.0,22.0,33.0,White / Black,280.0,AIO,False,NZXT
Thermalright Royal Pretor 130,,1750.0,1750.0,28.3,28.3,White,,Air,False,Thermalright
ID-COOLING SL240,2199.79,500.0,2000.0,29.9,29.9,White,240.0,AIO,True,ID-COOLING
Gelid Solutions Liquid 120,,750.0,1800.0,29.6,29.6,Black,120.0,AIO,False,Gelid
EK AIO 280 D-RGB,,500.0,2000.0,36.4,36.4,Black / Translucent White,280.0,AIO,False,EK
Gigabyte AORUS LIQUID COOLER,,2500.0,2500.0,18.0,39.5,Black,360.0,AIO,False,Gigabyte
ID-COOLING DX360 MAX,1399.6,,,32.5,32.5,Black,360.0,AIO,True,ID-COOLING
TRYX PANORAMA,5999.8,500.0,2250.0,30.97,30.97,White,240.0,AIO,True,TRYX
Mars Gaming ML-ONE,,600.0,1800.0,9.0,26.0,White,360.0,AIO,False,Mars Gaming
Silverstone VIDA 240 SLIM,2917.4,300.0,1800.0,15.9,33.9,Black,240.0,AIO,True,SilverStone
MSI MAG CORELIQUID I240,1999.8,,,,,White,240.0,AIO,True,MSI
Corsair H55,,1700.0,1700.0,30.32,30.32,,120.0,AIO,False,Corsair
Thermalright Assassin King 120,,1500.0,1500.0,25.6,25.6,White / Silver,,Air,False,Thermalright
Asus Prime LC 360 ARGB LCD,2499.79,800.0,2500.0,36.5,36.5,White,360.0,AIO,True,ASUS
be quiet! Shadow Rock 3,,,,11.5,24.4,White / Black,,Air,False,be quiet!
Lian Li GALAHAD AIO 360 RGB,,800.0,1900.0,,,Black / Silver,360.0,AIO,False,Lian Li
Iceberg Thermal IceSLEET G6 Stealth,799.8,600.0,1400.0,26.0,26.0,Black / Blue,,Air,True,Iceberg Thermal
Thermaltake TH240 V2 Ultra ARGB Sync,3299.0,500.0,1800.0,25.8,25.8,Black,240.0,AIO,True,Thermaltake
MSI MPG CORELIQUID K240,2960.0,,,0.0,39.9,Black,240.0,AIO,True,MSI
ARCTIC Freezer 7 Pro Rev.2,,900.0,2500.0,,,,,Air,False,ARCTIC
Zalman CNPS4X,,800.0,2000.0,29.0,29.0,Black,,Air,False,Zalman
Noctua NH-U12DXi4,1899.0,300.0,1500.0,18.6,22.4,,,Air,True,Noctua
Silverstone Hydrogon D120 ARGB V2,1762.8,,,0.0,30.5,Black / Silver,,Air,True,SilverStone
Thermaltake Water 3.0 120 ARGB Sync,,500.0,1500.0,25.8,25.8,Black,120.0,AIO,False,Thermaltake
Aerocool Cylon 4,1271.59,800.0,1800.0,14.0,26.0,Black,,Air,True,Aerocool
Thermalright Frost Tower 120,,1850.0,1850.0,29.6,29.6,,,Air,False,Thermalright
Deepcool R-AN600-BKNNMN-G,,500.0,1850.0,20.0,24.4,Black / Silver,,Air,False,DeepCool
Thermaltake TOUGHAIR 110,699.8,500.0,2000.0,23.6,23.6,Black / Silver,,Air,True,Thermaltake
Deepcool LQ240,,500.0,2400.0,38.71,38.71,Black,240.0,AIO,False,DeepCool
ARCTIC Alpine 12,,100.0,2000.0,,,Black / White,,Air,False,ARCTIC
Cougar Poseidon Elite ARGB 240,,500.0,2200.0,33.5,33.5,Black,240.0,AIO,False,Cougar
Thermaltake Contac Silent 12,581.79,400.0,1500.0,22.1,28.8,,,Air,True,Thermaltake
be quiet! Pure Loop 360,,,,19.8,40.5,Black,360.0,AIO,False,be quiet!
ID-COOLING FROSTFLOW 240L-W,,800.0,2000.0,20.0,38.2,,240.0,AIO,False,ID-COOLING
be quiet! Pure Loop 240,,,,19.0,39.5,Black,240.0,AIO,False,be quiet!
Thermaltake MAGFloe 420 Ultra ARGB Sync,5199.8,500.0,2000.0,34.5,34.5,Black,420.0,AIO,True,Thermaltake
Scythe Ninja 5,,300.0,800.0,4.0,14.5,Black,,Air,False,Scythe
Thermaltake Water 3.0 240 ARGB Sync,,500.0,1500.0,25.8,25.8,Black,240.0,AIO,False,Thermaltake
Thermaltake TH120 V2 ARGB Sync,1599.6,500.0,2000.0,25.8,25.8,White,120.0,AIO,True,Thermaltake
NZXT Kraken X62 Rev 2,,500.0,1800.0,21.0,38.0,,280.0,AIO,False,NZXT
ENDORFY Fortis 5 ARGB,1010.0,250.0,1400.0,,,Black / Silver,,Air,True,ENDORFY
Cooler Master i70,399.6,1800.0,1800.0,28.0,28.0,Black / Silver,,Air,True,Cooler Master
BitFenix Cube ARGB,1198.0,2000.0,2000.0,34.0,34.0,White,240.0,AIO,True,BitFenix
Thermaltake TOUGHLIQUID Ultra RGB,5599.8,500.0,2000.0,30.7,30.7,Black,420.0,AIO,True,Thermaltake
ARCTIC Freezer 4U-M,2169.19,400.0,2300.0,40.0,40.0,Black / Silver,,Air,True,ARCTIC
Alpenföhn Brocken 4,2045.0,400.0,1600.0,22.8,22.8,Black,,Air,True,Alpenföhn
Deepcool AK500 DIGITAL WH,,500.0,1850.0,28.0,28.0,White,,Air,False,DeepCool
Gelid Solutions Liquid 240,,750.0,1800.0,29.6,29.6,Black,240.0,AIO,False,Gelid
Corsair H55,,1500.0,1500.0,18.0,26.5,Black,120.0,AIO,False,Corsair
EVGA CLCx 240,,,,35.0,35.0,Black,240.0,AIO,False,EVGA
TRYX PANORAMA,,500.0,2250.0,30.97,30.97,Black,240.0,AIO,False,TRYX
Antec A30,,1750.0,1750.0,20.0,20.0,,,Air,False,Antec
Thermalright SI-100,565.79,2000.0,2000.0,27.7,27.7,Gray / Silver,,Air,True,Thermalright
Mars Gaming ML-ONE,1423.6,600.0,1800.0,9.0,26.0,Black,240.0,AIO,True,Mars Gaming
Jonsbo CR-1000 EVO ARGB White,1014.59,600.0,1500.0,22.0,32.0,White,,Air,True,Jonsbo
Zalman CNPS16X,499.6,800.0,1500.0,27.0,27.0,Black,,Air,True,Zalman
be quiet! Dark Rock Pro TR4,,1200.0,1500.0,12.8,24.3,Black,,Air,False,be quiet!
Asus ROG RYUJIN II ARGB,,,,,,Black,240.0,AIO,False,ASUS
Deepcool Castle 360 RGB V2,,500.0,1800.0,30.0,30.0,Black,360.0,AIO,False,DeepCool
Lian Li Galahad AIO360 (2022),,800.0,1900.0,32.0,32.0,White / Silver,360.0,AIO,False,Lian Li
Antec Symphony ARGB,3525.4,800.0,1600.0,20.0,35.0,Black,240.0,AIO,True,Antec
ID-COOLING SPACE LCD,,500.0,1800.0,35.2,35.2,Black,360.0,AIO,False,ID-COOLING
Cooler Master Hyper 212X,,600.0,2000.0,9.0,36.0,,,Air,False,Cooler Master
KOLINK Umbra EX180 Black Edition,1058.19,800.0,1800.0,28.6,28.6,Black,,Air,True,KOLINK
ARCTIC Freezer 34,,200.0,1800.0,,,Black / Silver,,Air,False,ARCTIC
SilentiumPC Fera 5,,300.0,1800.0,,,Black / Silver,,Air,False,SilentiumPC
Lian Li Galahad AIO360 (2022),,800.0,1900.0,32.0,32.0,Black / Silver,360.0,AIO,False,Lian Li
PC Cooler RZ620,1591.8,500.0,2200.0,28.0,32.0,Black,,Air,True,PC Cooler
GameMax Sigma 550 Infinity,,800.0,1800.0,32.5,32.5,White,,Air,False,GameMax
Mars Gaming ML-ONE,,600.0,1800.0,9.0,26.0,White,240.0,AIO,False,Mars Gaming
ARCTIC Freezer i35 A-RGB,,200.0,1700.0,,,Black,,Air,False,ARCTIC
Vetroo V240,1199.8,800.0,1800.0,30.8,30.8,Pink,240.0,AIO,True,Vetroo
Thermalright Silver Soul 135,2100.0,1850.0,1850.0,29.6,29.6,Black,,Air,True,Thermalright
Thermaltake TH360 V2 Ultra EX ARGB Sync,4499.59,,,,,Black,360.0,AIO,True,Thermaltake
PC Cooler RZ400 V2,399.6,500.0,2200.0,32.0,32.0,White,,Air,True,PC Cooler
Fractal Design Celsius S24 Blackout,,500.0,2000.0,32.2,32.2,Black,240.0,AIO,False,Fractal Design
Zalman CNPS9X Performa,,700.0,1800.0,28.0,28.0,Black,,Air,False,Zalman
Thermaltake ASTRIA 400 ARGB,1059.8,500.0,1800.0,26.8,26.8,White,,Air,True,Thermaltake
Asus ROG STRIX LC II ARGB,,800.0,2500.0,37.6,37.6,Black,240.0,AIO,False,ASUS
Noctua NH-L12,,1200.0,1600.0,13.1,22.4,,,Air,False,Noctua
Thermalright Assassin Spirit 120,,1500.0,1500.0,25.6,25.6,Gray / Silver,,Air,False,Thermalright
Silverstone Krypton KR01,719.8,800.0,3000.0,33.0,33.0,Black / Silver,,Air,True,SilverStone
Phanteks Glacier One 360MPH,6600.0,500.0,2200.0,18.0,34.2,White,360.0,AIO,True,Phanteks
Alphacool Eisbaer Extreme,4332.0,1000.0,1000.0,18.8,18.8,Black,280.0,AIO,True,Alphacool
Deepcool AG500 WH ARGB,,300.0,1850.0,29.4,29.4,White,,Air,False,DeepCool
Thermalright Aqua Elite ARGB,,1550.0,1550.0,25.6,25.6,White,360.0,AIO,False,Thermalright
Montech AIR COOLER 210,,600.0,1500.0,27.0,27.0,Black,,Air,False,Montech
Enermax ETS-F40-FS,495.79,300.0,1200.0,10.0,23.0,White,,Air,True,Enermax
Evercool HPL-815EP,500.0,1000.0,4000.0,12.0,40.0,,,Air,True,Evercool
Thermaltake TH280 V2 Ultra ARGB Sync,3499.8,500.0,2000.0,34.7,34.7,White,280.0,AIO,True,Thermaltake
Thermaltake MAGFloe 420 Ultra ARGB Sync,5199.8,500.0,2000.0,34.5,34.5,White,420.0,AIO,True,Thermaltake
YEYIAN VATN ARGB 360,2199.79,800.0,2000.0,25.0,32.0,Black,360.0,AIO,True,Desconocida
ID-COOLING DASHFLOW BASIC,,700.0,1800.0,15.2,35.2,White,360.0,AIO,False,ID-COOLING
Deepcool LQ360,,600.0,2150.0,32.0,32.0,White,360.0,AIO,False,DeepCool
Deepcool GAMMAXX 300,,900.0,1600.0,17.8,21.0,,,Air,False,DeepCool
GAMDIAS AURA GL360 V2,,800.0,1800.0,33.8,33.8,Black,360.0,AIO,False,GAMDIAS
Cougar Poseidon Elite ARGB 360,3118.8,500.0,2200.0,33.5,33.5,White,360.0,AIO,True,Cougar
EVGA CLC 280,,600.0,2200.0,16.0,39.5,,280.0,AIO,False,EVGA
Gigabyte AORUS WATERFORCE X,,800.0,2500.0,7.9,37.6,Black,240.0,AIO,False,Gigabyte
Thermalright Frozen Vision 360,,2150.0,2150.0,27.0,27.0,White,360.0,AIO,False,Thermalright
Cougar Poseidon Elite ARGB 240,2886.2,500.0,2200.0,33.5,33.5,White,240.0,AIO,True,Cougar
iBuypower AW4,1599.6,700.0,2000.0,38.0,38.0,White,240.0,AIO,True,Desconocida
Alphacool Core Ocean T38,1120.0,,,0.0,34.3,Black,120.0,AIO,True,Alphacool
Jonsbo CR-1000 EVO Color White,499.79,600.0,1500.0,22.0,32.0,White,,Air,True,Jonsbo
Xilence A200,682.2,2200.0,2200.0,32.0,32.0,Black / Silver,,Air,True,Xilence
Cooler Master MasterLiquid ML120R RGB,,650.0,2000.0,6.0,30.0,,120.0,AIO,False,Cooler Master
Jonsbo CR-3000 ARGB,,600.0,1500.0,22.0,32.0,White,,Air,False,Jonsbo
Deepcool CASTLE 360EX A-RGB,,500.0,1800.0,30.0,30.0,White / Black,360.0,AIO,False,DeepCool
ID-COOLING DASHFLOW 240 BASIC,,700.0,1800.0,15.2,35.2,Black,240.0,AIO,False,ID-COOLING
Asus Prime LC 360 ARGB LCD,3199.8,800.0,2500.0,36.5,36.5,Black,360.0,AIO,True,ASUS
Xilence A402,,600.0,2200.0,14.0,23.8,Red / Black,,Air,False,Xilence
Xilence A404T,603.2,600.0,2200.0,14.0,21.8,Red / Black,,Air,True,Xilence
Fractal Design Celsius+ S28 Dynamic X2 PWM,,500.0,1700.0,32.7,32.7,Black,280.0,AIO,False,Fractal Design
MSI MPG CORELIQUID D240,3699.8,,,,,Black,240.0,AIO,True,MSI
Enermax ETS-T50 AXE ARGB,,500.0,1600.0,14.0,24.0,White,,Air,False,Enermax
Deepcool AK500S DIGITAL,,500.0,1850.0,28.0,28.0,White,,Air,False,DeepCool
NZXT Kraken X53 RGB,9041.0,500.0,1500.0,22.0,33.0,White / Black,240.0,AIO,True,NZXT
Cooler Master Hyper 212 LED Turbo (Red),1558.0,300.0,1600.0,9.0,31.0,,,Air,True,Cooler Master
Thermalright SI-100,,2000.0,2000.0,27.7,27.7,Gray,,Air,False,Thermalright
Jonsbo CR-1400 EVO ARGB White,,800.0,2200.0,22.3,33.8,White,,Air,False,Jonsbo
Mars Gaming ML-ONE,,600.0,1800.0,9.0,26.0,Black,120.0,AIO,False,Mars Gaming
Lian Li GALAHAD AIO 240 RGB,,800.0,1900.0,,,Black / Silver,240.0,AIO,False,Lian Li
Corsair H75 2018,,1900.0,1900.0,31.0,31.0,Black,120.0,AIO,False,Corsair
Jonsbo CR-1400,,900.0,2300.0,20.0,30.5,Black,,Air,False,Jonsbo
GAMDIAS BOREAS M2-51D,,800.0,1800.0,10.0,32.0,Black,,Air,False,GAMDIAS
Ocypus Iota L36,,500.0,2000.0,29.0,29.0,Black,360.0,AIO,False,Ocypus
Cooler Master Elite,1399.6,600.0,2100.0,39.5,39.5,White,240.0,AIO,True,Cooler Master
GAMDIAS BOREAS P1-720,899.8,800.0,2000.0,10.0,31.0,Black,,Air,True,GAMDIAS
iBuypower AW4,1999.8,700.0,2000.0,38.0,38.0,White,360.0,AIO,True,Desconocida
LC-Power LC-CC-120-RGB,,800.0,1800.0,,,Black,,Air,False,Desconocida
Scythe Big Shuriken 3,,300.0,1800.0,2.7,30.4,Black / Silver,,Air,False,Scythe
EVGA CLC 360,,500.0,2400.0,16.0,39.9,Black,360.0,AIO,False,EVGA
Cooler Master Hyper 212 LED Turbo White Edition,,600.0,1600.0,9.0,31.0,White,,Air,False,Cooler Master
GameMax Ice Force,,800.0,1600.0,,,Black,,Air,False,GameMax
PC Cooler RZ620,999.8,500.0,2200.0,28.0,32.0,White,,Air,True,PC Cooler
Mars Gaming ML-ONE,,600.0,1800.0,9.0,26.0,Black,360.0,AIO,False,Mars Gaming
ID-COOLING SPACE LCD,,500.0,1800.0,35.2,35.2,White,360.0,AIO,False,ID-COOLING
Noctua NH-L9a,,2500.0,2500.0,,,,,Air,False,Noctua
PC Cooler DS360,2199.79,500.0,2200.0,32.0,32.0,White,360.0,AIO,True,PC Cooler
Iceberg Thermal IceSLEET X9 Dual TR,859.8,500.0,1850.0,0.0,38.0,Teal / Silver,,Air,True,Iceberg Thermal
MSI MAG CORELIQUID R,,500.0,2000.0,14.3,34.3,Black,240.0,AIO,False,MSI
Gigabyte AORUS WATERFORCE 360,,950.0,2150.0,16.9,31.0,Black,360.0,AIO,False,Gigabyte
be quiet! Dark Rock 3,,400.0,1400.0,8.4,21.1,,,Air,False,be quiet!
ID-COOLING FROSTFLOW X,,700.0,1800.0,18.0,35.2,,360.0,AIO,False,ID-COOLING
ID-COOLING DX240 MAX,1199.8,,,32.5,32.5,Black,240.0,AIO,True,ID-COOLING
Silverstone AR12-TUF,816.8,300.0,2200.0,6.2,34.4,Black / Orange,,Air,True,SilverStone
Thermalright Frozen Warframe,,2000.0,2000.0,22.1,22.1,Black,360.0,AIO,False,Thermalright
Cooler Master MasterLiquid ML360 Mirror,5448.2,650.0,1800.0,8.0,27.0,Black,360.0,AIO,True,Cooler Master
Thermaltake TOUGHLIQUID 360 EX Pro ARGB Sync,,500.0,2000.0,22.6,22.6,Black,360.0,AIO,False,Thermaltake
Asus ROG STRIX LC III ARGB,3599.8,800.0,2200.0,36.0,36.0,Black,240.0,AIO,True,ASUS
Corsair H115i,,2000.0,2000.0,40.0,40.0,,280.0,AIO,False,Corsair
ARCTIC Alpine Passive,,,,0.0,0.0,Black,,Air,False,ARCTIC
Deepcool GAMMAXX C40,,500.0,2000.0,23.9,23.9,Black / Silver,,Air,False,DeepCool
ID-COOLING SE-224-XT,,700.0,1800.0,15.2,32.5,Black,,Air,False,ID-COOLING
ID-COOLING SE-214-XT PRO,,600.0,1500.0,28.9,28.9,Black / Silver,,Air,False,ID-COOLING
ID-COOLING SE-903-SD V3,,2000.0,2000.0,23.1,23.1,Black / Silver,,Air,False,ID-COOLING
Silverstone IceMyst 420,3751.2,400.0,1750.0,13.3,30.8,Silver / Black,420.0,AIO,True,SilverStone
FSP Group MP7,,800.0,1800.0,32.0,32.0,Black,,Air,False,FSP
Thermaltake ASTRIA 200 ARGB,899.59,500.0,1800.0,26.8,26.8,White,,Air,True,Thermaltake
be quiet! Pure Loop 280,,,,22.5,38.1,Black,280.0,AIO,False,be quiet!
Thermalright Frozen Vision 240,,2150.0,21500.0,27.0,27.0,Black,240.0,AIO,False,Thermalright
Zalman CNPS9X Performa ARGB,,700.0,1800.0,28.0,28.0,Black,,Air,False,Zalman
Gigabyte AORUS WATERFORCE 280,3796.39,950.0,2150.0,17.1,36.5,Black,280.0,AIO,True,Gigabyte
Asus ROG RYUJIN II 360 ARGB EVA Edition,,,,,,Silver / Black,360.0,AIO,False,ASUS
Cougar Helor 360,6428.8,600.0,1800.0,37.1,37.1,Black,360.0,AIO,True,Cougar
Thermaltake Water 3.0 360 ARGB Sync Edition,,500.0,1500.0,25.8,25.8,Black,360.0,AIO,False,Thermaltake
Cooler Master Hyper TX3 Evo,,800.0,2200.0,,,,,Air,False,Cooler Master
NZXT Kraken Z53 RGB,,500.0,1500.0,22.0,33.0,Black,240.0,AIO,False,NZXT
Deepcool GAMMAXX L240 A-RGB,,500.0,1800.0,30.0,30.0,Black,240.0,AIO,False,DeepCool
Thermalright Frozen Magic Scenic V2,,2150.0,2150.0,28.1,28.1,White,360.0,AIO,False,Thermalright
Ocypus Delta A40 ARGB,,500.0,2000.0,29.0,29.0,Black,,Air,False,Ocypus
Noctua NH-D9DX i4 3U,1414.19,400.0,2000.0,16.3,22.8,,,Air,True,Noctua
Thermalright Aqua Elite ARGB,,1550.0,1550.0,25.6,25.6,White,240.0,AIO,False,Thermalright
Cooler Master i71C RGB,,650.0,1800.0,,,Black,,Air,False,Cooler Master
ARCTIC Alpine 12 LP,,100.0,2000.0,,,Black / White,,Air,False,ARCTIC
Asus ROG RYUO 240 RGB,3939.8,800.0,2500.0,37.0,37.0,Black,240.0,AIO,True,ASUS
Deepcool AS500 Plus,,500.0,1200.0,31.5,31.5,Black,,Air,False,DeepCool
Antec FrigusAir 400 RGB,2781.8,800.0,1600.0,20.0,36.0,Black / Silver,,Air,True,Antec
Scythe Mugen 5 PCGH Edition,,300.0,800.0,4.0,14.5,Silver / Black,,Air,False,Scythe
upHere CCF150CF,,600.0,1800.0,16.1,27.7,Black,,Air,False,upHere
Jonsbo TG-360,,900.0,1800.0,,,White,360.0,AIO,False,Jonsbo
ARCTIC Freezer 50 TR (w/ARGB Controller),3638.8,200.0,1800.0,23.5,23.5,Black,,Air,True,ARCTIC
ID-COOLING DASHFLOW 240 BASIC,,700.0,1800.0,15.2,35.2,White,240.0,AIO,False,ID-COOLING
MSI MPG CORELIQUID K360,,,,39.9,39.9,Black,360.0,AIO,False,MSI
Xilence I250PWM,862.0,800.0,2500.0,17.6,26.4,Red / Black,,Air,True,Xilence
Deepcool GAMMAXX 400 Blue,,900.0,1500.0,17.8,30.0,Blue / Silver,,Air,False,DeepCool
MSI MAG CORELIQUID C280,,500.0,1800.0,14.8,33.28,Black,280.0,AIO,False,MSI
Corsair H50,,1700.0,1700.0,30.32,30.32,,120.0,AIO,False,Corsair
ARCTIC Freezer 34 eSports,,200.0,2100.0,,,White / Black,,Air,False,ARCTIC
Geometric Future Eskimo Pro 36,1598.0,2000.0,2000.0,34.2,34.2,Black,360.0,AIO,True,Geometric Future
Montech METAL DT24 BASE,,800.0,1950.0,26.0,26.0,Black / Silver,,Air,False,Montech
Asus ROG STRIX LC III ARGB,3059.8,800.0,2200.0,36.0,36.0,White,240.0,AIO,True,ASUS
NZXT Kraken X61,,800.0,2000.0,20.0,37.0,,280.0,AIO,False,NZXT
Phanteks Glacier One 240MP,,500.0,2200.0,18.0,34.2,Black / White,240.0,AIO,False,Phanteks
ID-COOLING IS-55 ARGB,,500.0,2000.0,31.2,31.2,White,,Air,False,ID-COOLING
Deepcool GAMMAXX 400 XT,,500.0,1500.0,27.0,27.0,Black,,Air,False,DeepCool
Silverstone Krypton KR02,673.0,800.0,2800.0,13.6,34.8,Black / Silver,,Air,True,SilverStone
Alphacool Core Ocean T38,1615.0,,,0.0,36.0,Black,280.0,AIO,True,Alphacool
Jonsbo CR-1000 V2 Color,1082.0,600.0,1500.0,22.0,32.0,Black / Silver,,Air,True,Jonsbo
ENDORFY Navis F280 ARGB,2694.4,250.0,1800.0,,,Black,280.0,AIO,True,ENDORFY
Jonsbo CR-1000 EVO Color Black,590.0,600.0,1500.0,22.0,32.0,Black,,Air,True,Jonsbo
Deepcool ASSASSIN III,,400.0,1400.0,34.2,34.2,Black / Silver,,Air,False,DeepCool
Xilence LQ240,1833.8,700.0,1600.0,18.0,32.5,Red / Black,240.0,AIO,True,Xilence
ID-COOLING IS-50X V3,,500.0,2000.0,31.2,31.2,Black / Gray,,Air,False,ID-COOLING
ADATA XPG LEVANTE II 360,,800.0,2000.0,19.78,29.33,Black,360.0,AIO,False,ADATA
Deepcool GAMMAXX 200T,,900.0,1600.0,17.8,26.1,,,Air,False,DeepCool
Deepcool GAMMAXX 400 EX,,500.0,1500.0,27.6,27.6,Black,,Air,False,DeepCool
Deepcool CASTLE 240EX A-RGB,,500.0,1800.0,30.0,30.0,White / Black,240.0,AIO,False,DeepCool
ID-COOLING IS-40X V3,,800.0,2800.0,35.2,35.2,Black,,Air,False,ID-COOLING
Mars Gaming ML-PRO360,,800.0,2000.0,9.0,27.0,Black,360.0,AIO,False,Mars Gaming
Thermalright Core Matrix,,2150.0,2150.0,27.0,27.0,White,360.0,AIO,False,Thermalright
ID-COOLING FROZN A400 ARGB,,600.0,2200.0,25.8,25.8,Black,,Air,False,ID-COOLING
Alpenföhn BEN NEVIS,932.2,400.0,1600.0,8.0,20.2,,,Air,True,Alpenföhn
KOLINK Umbra Void,3056.39,2200.0,2200.0,30.0,30.0,Black,360.0,AIO,True,KOLINK
ENDORFY Fortis 5 Black,,,,,,Black,,Air,False,ENDORFY
ARCTIC Freezer 13,,600.0,2000.0,,,,,Air,False,ARCTIC
Corsair H105,,800.0,2700.0,37.7,37.7,,240.0,AIO,False,Corsair
NZXT Kraken X42,,500.0,1800.0,21.0,38.0,,140.0,AIO,False,NZXT
Deepcool AN600,,500.0,1850.0,20.4,24.2,Black / Silver,,Air,False,DeepCool
Asus ROG STRIX LC 120 RGB,6220.0,800.0,2500.0,37.6,37.6,Black,120.0,AIO,True,ASUS
be quiet! Silent Loop 2 120,5683.4,2200.0,2200.0,16.6,36.4,Black,120.0,AIO,True,be quiet!
Mars Gaming MCPU-XT,1327.2,800.0,1600.0,9.0,26.0,Black,,Air,True,Mars Gaming
KOLINK Umbra Void,,2200.0,2200.0,30.0,30.0,Black,240.0,AIO,False,KOLINK
ID-COOLING SE-206-XT,,700.0,1800.0,35.2,35.2,Black / Silver,,Air,False,ID-COOLING
CRYORIG H7 Quad Lumi,,330.0,1600.0,10.0,25.0,,,Air,False,CRYORIG
ID-COOLING FROSTFLOW X 240 LITE SNOW,,700.0,1800.0,15.2,35.2,White,240.0,AIO,False,ID-COOLING
Jonsbo CR-3000 ARGB,,600.0,1500.0,22.0,32.0,Black / Silver,,Air,False,Jonsbo
Xilence LQ240PRO,2384.19,500.0,1500.0,22.0,24.0,Black,240.0,AIO,True,Xilence
Thermaltake MAGFloe 360 Ultra ARGB Sync,4799.8,500.0,2000.0,30.6,30.6,White,360.0,AIO,True,Thermaltake
Enermax Liqmax III 360 ARGB,,500.0,1600.0,14.0,27.0,Black,360.0,AIO,False,Enermax
Cooler Master Hyper T2,,2800.0,2800.0,17.0,35.0,,,Air,False,Cooler Master
Corsair H100i GTX,,2435.0,2435.0,37.7,37.7,,240.0,AIO,False,Corsair
ARCTIC Freezer 33 eSports ONE (Black/Red),,200.0,1800.0,24.4,24.4,Black / Red,,Air,False,ARCTIC
Gigabyte AORUS ATC800,,600.0,2000.0,18.0,31.0,Black,,Air,False,Gigabyte
darkFlash Darkair,,800.0,1600.0,,,Black,,Air,False,darkFlash
Deepcool GAMMAXX L360 A-RGB,,500.0,1800.0,30.0,30.0,Black,360.0,AIO,False,DeepCool
ID-COOLING PINKFLOW 360,,900.0,2000.0,16.3,33.5,Pink,360.0,AIO,False,ID-COOLING
ID-COOLING AURAFLOW X 240 EVO,,700.0,1800.0,18.0,35.2,Black,240.0,AIO,False,ID-COOLING
AQIRYS Hydra ARGB,,800.0,2000.0,25.0,34.0,Black,360.0,AIO,False,Desconocida
PC Cooler RZ820,,500.0,2200.0,32.0,32.0,Black,,Air,False,PC Cooler
Cooler Master MasterLiquid LC240E RGB,1440.0,650.0,1800.0,31.5,31.5,Black,240.0,AIO,True,Cooler Master
ARCTIC Freezer A35 RGB,793.0,200.0,1700.0,,,Black,,Air,True,ARCTIC
Asus TUF Gaming LC III ARGB LCD,,650.0,2600.0,37.4,37.4,Black,360.0,AIO,False,ASUS
Fractal Design Lumen S36 RGB,,500.0,2000.0,10.0,33.2,Black,360.0,AIO,False,Fractal Design
ID-COOLING ZOOMFLOW X,,700.0,1500.0,18.0,26.4,Black,240.0,AIO,False,ID-COOLING
Cooler Master MasterAir MA620M,3018.0,650.0,2000.0,8.0,30.0,Black,,Air,True,Cooler Master
Intel BXTS13X,2680.4,800.0,2200.0,21.0,35.0,,120.0,AIO,True,Intel
ID-COOLING IS-30A BLACK,,800.0,3600.0,17.0,35.8,Black,,Air,False,ID-COOLING
MSI MAG CORELIQUID 360R V2,,500.0,2000.0,14.3,34.3,White,360.0,AIO,False,MSI
ARCTIC Alpine AM4 CO,406.8,100.0,2700.0,,,Black,,Air,True,ARCTIC
Iceberg Thermal IceSLEET X7 Dual,759.8,500.0,1850.0,0.0,38.0,Teal / Silver,,Air,True,Iceberg Thermal
Titan DC-155A915Z/RPW,,1000.0,2600.0,24.8,33.4,,,Air,False,Titan
ID-COOLING FROSTFLOW+ 240 SNOW,,700.0,1500.0,18.0,26.4,White,240.0,AIO,False,ID-COOLING
ARCTIC Liquid Freezer III Pro A-RGB,,600.0,3000.0,,,White,240.0,AIO,False,ARCTIC
Ocypus Iota L24,1679.8,500.0,2000.0,29.0,29.0,White,240.0,AIO,True,Ocypus
GAMDIAS CHIONE E4,1899.8,800.0,1800.0,11.0,33.8,Black,360.0,AIO,True,GAMDIAS
Thermaltake Floe DX RGB 280 TT Premium Edition,1956.8,500.0,1400.0,19.8,26.2,Black / Gray,280.0,AIO,True,Thermaltake
Jonsbo HX4170D,,600.0,3300.0,28.4,28.4,Black,,Air,False,Jonsbo
Enermax LIQTECH TR4 II 360,,500.0,2300.0,14.0,28.0,Black,360.0,AIO,False,Enermax
Scythe Shuriken 2,,300.0,2500.0,1.8,23.2,Black / Silver,,Air,False,Scythe
GAMDIAS CHIONE E4,1899.8,800.0,1800.0,11.0,33.8,White,360.0,AIO,True,GAMDIAS
Cooler Master MasterAIR G200P,1699.8,800.0,2000.0,6.0,28.0,Black / Silver,,Air,True,Cooler Master
FSP Group MP7 ARGB,1099.8,800.0,1800.0,32.0,32.0,Black / Silver,,Air,True,FSP
Cooler Master MasterLiquid Atmos II,,690.0,2500.0,36.0,36.0,Black,240.0,AIO,False,Cooler Master
Asus ROG STRIX LC 240 RGB,3399.8,800.0,2500.0,37.6,37.6,Black,240.0,AIO,True,ASUS
Thermalright Frozen Vision 240,,2150.0,21500.0,27.0,27.0,White,240.0,AIO,False,Thermalright
Thermaltake TOUGHLIQUID 420 EX Pro ARGB Sync,,500.0,2000.0,31.6,31.6,Black,420.0,AIO,False,Thermaltake
StarTech FAN1156PWM,479.79,1000.0,3000.0,33.0,33.0,,,Air,True,Desconocida
CRYORIG H5 Ultimate,,700.0,1300.0,19.0,23.0,,,Air,False,CRYORIG
Enermax Liqmax III 240 ARGB,,500.0,1600.0,14.0,27.0,Black,240.0,AIO,False,Enermax
Cooler Master Hyper T4,,1800.0,1800.0,15.1,31.6,,,Air,False,Cooler Master
ID-COOLING FROSTFLOW+ 240,,700.0,1800.0,18.0,35.2,Black / White,240.0,AIO,False,ID-COOLING
Deepcool CASTLE 360EX WHITE,,500.0,1800.0,32.1,32.1,White / Black,360.0,AIO,False,DeepCool
ID-COOLING ZOOMFLOW X,,700.0,1500.0,18.0,26.4,White,240.0,AIO,False,ID-COOLING
Iceberg Thermal IceFLOE OASIS 360,,200.0,2200.0,28.9,28.9,Black,360.0,AIO,False,Iceberg Thermal
Geometric Future Eskimo Junior 36,1398.0,2000.0,2000.0,29.0,29.0,White,360.0,AIO,True,Geometric Future
Dynatron K129,899.0,,,0.0,0.0,Orange,,Air,True,Dynatron
Enermax LIQMAXFLO 360,3222.4,500.0,1800.0,23.46,23.46,Black,360.0,AIO,True,Enermax
Ocypus Delta A62 ARGB,999.8,500.0,2000.0,29.0,29.0,Black,,Air,True,Ocypus
CRYORIG M9a,,600.0,2200.0,26.4,26.4,,,Air,False,CRYORIG
Noctua NH-U12S TR4-SP3,1999.0,300.0,1500.0,18.6,22.4,,,Air,True,Noctua
Thermaltake TH420 ARGB Sync,4277.39,500.0,1800.0,34.7,34.7,Black,420.0,AIO,True,Thermaltake
Cooler Master Hyper 103,,800.0,2200.0,17.0,30.0,,,Air,False,Cooler Master
Scythe Mugen 5 Rev.C,,300.0,1500.0,4.0,28.6,Black / Silver,,Air,False,Scythe
ID-COOLING SE-207-XT SLIM SNOW,,700.0,1800.0,15.2,35.2,White,,Air,False,ID-COOLING
Alphacool Eisbaer LT360,2495.0,550.0,1700.0,29.0,29.0,Black,360.0,AIO,True,Alphacool
ID-COOLING FROZN A610,,500.0,2000.0,29.9,29.9,Black,,Air,False,ID-COOLING
Cougar Forza 50,,600.0,2000.0,34.5,34.5,Black,,Air,False,Cougar
BitFenix Cube ARGB,,2000.0,2000.0,34.0,34.0,White,360.0,AIO,False,BitFenix
Noctua NH-D14 SE2011,,900.0,1300.0,12.6,19.8,,,Air,False,Noctua
ARCTIC Alpine M1 - Passive,,,,0.0,0.0,,,Air,False,ARCTIC
ARCTIC Liquid Freezer 240,,500.0,1350.0,,,,240.0,AIO,False,ARCTIC
Deepcool CASTLE 360EX,,500.0,1800.0,32.1,32.1,Black,360.0,AIO,False,DeepCool
Scythe Big Shuriken 3 Rev.B,,300.0,1800.0,2.58,27.8,Black / Silver,,Air,False,Scythe
Thermalright Assassin X 120 V2,,1500.0,1500.0,25.6,25.6,Black / Silver,,Air,False,Thermalright
ID-COOLING IS-40X,499.79,600.0,2500.0,14.0,33.0,Black / White,,Air,True,ID-COOLING
Thermalright Core Matrix,,2150.0,2150.0,27.0,27.0,Black,360.0,AIO,False,Thermalright
PC Cooler RZ620,1591.8,500.0,2200.0,28.0,32.0,Black / Silver,,Air,True,PC Cooler
Asus ROG RYUO 120 RGB,4780.0,800.0,2500.0,37.0,37.0,Black,120.0,AIO,True,ASUS
MSI Core Frozr XL,2732.8,500.0,1800.0,17.2,33.6,Black / Red,,Air,True,MSI
Alpenföhn Glacier Water 360 High Speed,6117.6,500.0,2200.0,36.8,36.8,Black,360.0,AIO,True,Alpenföhn
Cooler Master MasterLiquid ML360 Sub-Zero EVO,13128.4,,,30.0,30.0,Black,360.0,AIO,True,Cooler Master
ARCTIC Freezer Xtreme Rev.2,,800.0,1500.0,24.4,24.4,,,Air,False,ARCTIC
ID-COOLING ZOOMFLOW 360 XT,,500.0,1500.0,13.8,30.5,Black,360.0,AIO,False,ID-COOLING
Iceberg Thermal IceSLEET X5,599.79,500.0,1850.0,0.0,36.0,Teal / Silver,,Air,True,Iceberg Thermal
Xilence LQ360,2835.8,700.0,1600.0,18.0,35.2,Red / Black,360.0,AIO,True,Xilence
Thermaltake TOUGHLIQUID Ultra,,500.0,2000.0,33.2,33.2,Black,420.0,AIO,False,Thermaltake
Asus ROG STRIX LC 360 RGB,,800.0,2500.0,37.6,37.6,Black,360.0,AIO,False,ASUS
MSI MAG CORELIQUID R,,500.0,1800.0,14.8,33.28,Black,280.0,AIO,False,MSI
Deepcool GAMERSTORM CAPTAIN 240X,,500.0,1800.0,32.1,32.1,Black,240.0,AIO,False,DeepCool
SilentiumPC Fortis 5,,300.0,1400.0,,,Black / Silver,,Air,False,SilentiumPC
ID-COOLING SE-802-SD V3,,2200.0,2200.0,23.3,23.3,Black / Silver,,Air,False,ID-COOLING
Geometric Future Eskimo Pro 36,1298.0,2000.0,2000.0,34.2,34.2,White,360.0,AIO,True,Geometric Future
Alphacool Eisbaer LT240,2270.0,550.0,1700.0,29.0,29.0,Black,240.0,AIO,True,Alphacool
SilenX EFZ-92HA2,375.2,2400.0,2400.0,8.0,24.0,,,Air,True,SilenX
Jonsbo HX6250,1916.6,400.0,1800.0,28.0,38.0,Black,,Air,True,Jonsbo
Fractal Design Celsius+ S24 Dynamic X2 PWM,,500.0,2000.0,32.2,32.2,Black,240.0,AIO,False,Fractal Design
Zalman CNPS9X Performa ARGB,659.8,700.0,1800.0,28.0,28.0,White,,Air,True,Zalman
Cooler Master MasterLiquid 360L Core SF6 Chun-Li,,650.0,1750.0,27.2,27.2,White / Yellow,360.0,AIO,False,Cooler Master
Alphacool Eisbaer Pro Aurora,5199.8,,,31.5,31.5,Black,360.0,AIO,True,Alphacool
EVGA ACX,,2800.0,2800.0,42.5,42.5,,,Air,False,EVGA
CRYORIG C7 Cu,2080.0,600.0,2500.0,30.0,30.0,White / Orange,,Air,True,CRYORIG
ARCTIC Freezer 50 (w/Controller),1959.8,200.0,1800.0,,,Black,,Air,True,ARCTIC
ID-COOLING IS-37-XT BLACK,,800.0,3600.0,17.0,35.8,Black,,Air,False,ID-COOLING
Fractal Design Celsius+ S36 Dynamic X2 PWM,,500.0,2000.0,32.2,32.2,Black,360.0,AIO,False,Fractal Design
Deepcool AK620 ZERO DARK ZORIA,,500.0,1850.0,28.0,28.0,Orange / Black,,Air,False,DeepCool
ID-COOLING FROSTFLOW+ 120,,700.0,1800.0,18.0,35.2,Black / White,120.0,AIO,False,ID-COOLING
Deepcool GAMMAXX GTE V2,,500.0,1650.0,27.8,27.8,Black,,Air,False,DeepCool
ID-COOLING AURAFLOW X 240 EVO SNOW,,700.0,1800.0,18.0,35.2,White,240.0,AIO,False,ID-COOLING
Deepcool AS500 PLUS WH,,500.0,1200.0,31.5,31.5,White / Silver,,Air,False,DeepCool
ID-COOLING FX360,,700.0,1800.0,35.2,35.2,White,360.0,AIO,False,ID-COOLING
ID-COOLING FROZN A410 DW,,500.0,2000.0,29.85,29.85,White,,Air,False,ID-COOLING
Akasa Vegas Chroma AM,664.2,500.0,1800.0,32.5,32.5,Black,,Air,True,Akasa
Thermalright Frost Spirit 140 V3 BLACK,,1500.0,1500.0,25.6,25.6,Black,,Air,False,Thermalright
ARCTIC Liquid Freezer II 420 RGB,5911.6,200.0,1900.0,22.5,22.5,Black,420.0,AIO,True,ARCTIC
Thermalright Frozen Magic ARGB,,1500.0,1500.0,25.6,25.6,White,360.0,AIO,False,Thermalright
Azza CUBE 240,1599.6,500.0,2000.0,34.0,34.0,Black,240.0,AIO,True,Azza
Cooler Master MasterAir MA624 Stealth,,650.0,1400.0,10.0,27.0,Black,,Air,False,Cooler Master
Deepcool GAMMAXX GT,,500.0,1500.0,17.8,29.5,,,Air,False,DeepCool
ID-COOLING PINKFLOW 240 DIAMOND PURPLE,,900.0,2000.0,16.3,33.5,Pink / Purple,240.0,AIO,False,ID-COOLING
ID-COOLING IS-40X V3,,800.0,2800.0,35.2,35.2,White,,Air,False,ID-COOLING
Alphacool Eisbaer 240,2390.0,550.0,1700.0,29.0,29.0,Black,240.0,AIO,True,Alphacool
iTek Hydro Cube,,2000.0,2000.0,31.6,31.6,Black,240.0,AIO,False,Desconocida
Thermaltake TH120 ARGB Sync,1987.0,1500.0,1500.0,28.2,28.2,Black,120.0,AIO,True,Thermaltake
Enermax ETS-F40-FS,,300.0,1200.0,10.0,23.0,Black,,Air,False,Enermax
Cooler Master MASTERLIQUID PL360 FLUX,,,,32.0,32.0,White,360.0,AIO,False,Cooler Master
ARCTIC Alpine 12 CO,,100.0,2700.0,,,Black / Gray,,Air,False,ARCTIC
ID-COOLING IS-67-XT,,500.0,2200.0,35.2,35.2,White,,Air,False,ID-COOLING
Deepcool AS500,,500.0,1200.0,29.2,29.2,Black / Silver,,Air,False,DeepCool
ARCTIC Liquid Freezer II 280 RGB,4510.4,200.0,1900.0,22.5,22.5,Black,280.0,AIO,True,ARCTIC
ID-COOLING SE-224-XT Basic,,700.0,1800.0,15.2,32.5,Black / Gray,,Air,False,ID-COOLING
Tempest Subzero RGB,,800.0,1650.0,,,Black / Silver,,Air,False,Desconocida
Cooler Master MasterAir MA612 Stealth,,650.0,1800.0,8.0,27.0,,,Air,False,Cooler Master
Alpenföhn Brocken 4 Max,2518.19,400.0,1800.0,22.8,24.7,Black,,Air,True,Alpenföhn
Silverstone NovaPeak 360,2367.0,600.0,2200.0,35.1,35.1,Black,360.0,AIO,True,SilverStone
Enermax LIQMAXFLO SR 120,1905.4,500.0,1800.0,23.46,23.46,Black,120.0,AIO,True,Enermax
Thermalright Macho Rev.B,,300.0,1300.0,15.0,21.0,,,Air,False,Thermalright
Thermaltake TH240 ARGB Sync,,1500.0,1500.0,28.2,28.2,White,240.0,AIO,False,Thermaltake
ID-COOLING FROZN A610 BLACK,,500.0,2000.0,29.85,29.85,Black,,Air,False,ID-COOLING
StarTech FAN775E,475.0,2600.0,2600.0,22.2,22.2,,,Air,True,Desconocida
Cooler Master MasterLiquid ML120L RGB,,650.0,2000.0,6.0,30.0,,120.0,AIO,False,Cooler Master
Asus TUF Gaming LC 120 ARGB,,800.0,2000.0,,,Black,120.0,AIO,False,ASUS
Cougar Forza 50 Essential,,600.0,2000.0,34.5,34.5,Black / Silver,,Air,False,Cougar
Thermalright Frozen Magic ARGB,,1500.0,1500.0,25.6,25.6,White,240.0,AIO,False,Thermalright
Corsair H80i GT,,2435.0,2435.0,37.7,37.7,,120.0,AIO,False,Corsair
Deepcool CAPTAIN 240EX WHITE,,500.0,1800.0,17.6,31.3,,240.0,AIO,False,DeepCool
GAMDIAS CHIONE E2,,1800.0,1800.0,,,Black,120.0,AIO,False,GAMDIAS
ID-COOLING SE-224-XTS ARGB,,600.0,1500.0,28.9,28.9,White,,Air,False,ID-COOLING
Silverstone VIDA 120 SLIM,2181.8,300.0,1800.0,15.9,33.9,Black,120.0,AIO,True,SilverStone
Iceberg Thermal IceSLEET X6,639.79,500.0,1850.0,0.0,36.0,Teal / Silver,,Air,True,Iceberg Thermal
Sapphire NITRO+ S240-A,,405.0,2400.0,17.9,36.2,Black / Silver,240.0,AIO,False,Desconocida
Cougar FORZA 85,1399.6,600.0,2000.0,34.5,34.5,Black,,Air,True,Cougar
Thermaltake CLP0556,399.6,1900.0,2300.0,22.0,22.0,,,Air,True,Thermaltake
Thermaltake TOUGHLIQUID Ultra,3999.8,500.0,2500.0,28.1,28.1,Black,240.0,AIO,True,Thermaltake
ID-COOLING SE-903-XT,,500.0,2200.0,14.0,25.8,,,Air,False,ID-COOLING
GameMax Ice Force,,800.0,1600.0,,,White,,Air,False,GameMax
Deepcool Gammaxx L360 V2,,500.0,1800.0,30.0,30.0,Black / White,360.0,AIO,False,DeepCool
Asus TUF Gaming LC RGB,,800.0,2000.0,29.0,29.0,Black,240.0,AIO,False,ASUS
GAMDIAS CHIONE M3,2043.4,800.0,2000.0,,,White,240.0,AIO,True,GAMDIAS
Deepcool AG500 ARGB,,300.0,1850.0,29.4,29.4,Black / Silver,,Air,False,DeepCool
Deepcool GAMMAXX L120,,500.0,1800.0,17.8,17.8,Black,120.0,AIO,False,DeepCool
Thermalright Frost Commander 140,,1800.0,1800.0,30.2,30.2,White,,Air,False,Thermalright
ID-COOLING SE-214-XT-D,,700.0,1800.0,32.5,32.5,Gray / Black,,Air,False,ID-COOLING
Thermaltake Floe DX RGB TT Premium Edition B,1927.2,500.0,1500.0,19.0,23.9,Black,360.0,AIO,True,Thermaltake
Silverstone NT07-115X,739.8,1500.0,3600.0,21.9,34.7,Silver / Black,,Air,True,SilverStone
Asus ROG STRIX LC 240 RGB White Edition,3699.8,800.0,2500.0,37.6,37.6,White,240.0,AIO,True,ASUS
Enermax LIQMAXFLO 240,1489.6,500.0,1800.0,23.46,23.46,Black,240.0,AIO,True,Enermax
Xilence M704,,700.0,1600.0,18.0,32.5,Red / Black,,Air,False,Xilence
Phanteks PH-TC12ST5_DBK01,,400.0,2000.0,35.7,35.7,,,Air,False,Phanteks
GameMax Twin 600,,800.0,2500.0,,,White,,Air,False,GameMax
MSI MAG CORELIQUID R,,500.0,2000.0,14.3,34.3,Black,360.0,AIO,False,MSI
Cooler Master MasterAir MA610P ARGB,2498.0,650.0,1800.0,8.0,27.0,,,Air,True,Cooler Master
Thermaltake TOUGHLIQUID 240 EX Pro ARGB Sync,,500.0,2000.0,22.6,22.6,Black,240.0,AIO,False,Thermaltake
Xilence M705D,1403.19,700.0,1600.0,18.0,32.5,Black,,Air,True,Xilence
Cooler Master V8 GTS,,1600.0,1600.0,36.0,36.0,,,Air,False,Cooler Master
Corsair H110i GTX,,2000.0,2000.0,40.0,40.0,,280.0,AIO,False,Corsair
CRYORIG C7,,600.0,2500.0,30.0,30.0,,,Air,False,CRYORIG
Cooler Master MasterLiquid Pro 280,,650.0,2200.0,6.0,30.0,,280.0,AIO,False,Cooler Master
Deepcool GAMMAXX GTE,,500.0,1500.0,27.0,27.0,Black / Silver,,Air,False,DeepCool
ID-COOLING FROSTFLOW X,,700.0,1800.0,18.0,35.2,,120.0,AIO,False,ID-COOLING
Phanteks Glacier One 240MPH,,500.0,2200.0,18.0,34.2,White / Black,240.0,AIO,False,Phanteks
ID-COOLING IS-27i,,800.0,2700.0,14.0,25.0,,,Air,False,ID-COOLING
GAMDIAS BOREAS M2-51D,,800.0,1800.0,10.0,32.0,White,,Air,False,GAMDIAS
GAMDIAS BOREAS E2-410,,800.0,1800.0,10.0,32.0,Black,,Air,False,GAMDIAS
Thermaltake TH360 ARGB Sync,,1500.0,1500.0,28.2,28.2,White,360.0,AIO,False,Thermaltake
Mars Gaming ML-ONE,,600.0,1800.0,9.0,26.0,Pink,120.0,AIO,False,Mars Gaming
Enermax Liqmax III 120 HF,,500.0,2000.0,14.0,32.0,Black,120.0,AIO,False,Enermax
Asus ROG STRIX LC II ARGB,,800.0,2500.0,37.6,37.6,Black,120.0,AIO,False,ASUS
Silverstone IceMyst 240,2159.79,500.0,2200.0,12.1,33.1,Silver / Black,240.0,AIO,True,SilverStone
Noctua NH-C14,,750.0,1200.0,10.1,19.6,,,Air,False,Noctua
Thermalright AXP-100 Full Copper,,900.0,2500.0,,,Orange,,Air,False,Thermalright
Deepcool CASTLE 120R,,500.0,1800.0,32.0,32.0,Black,120.0,AIO,False,DeepCool
ID-COOLING PINKFLOW 240 V2,,900.0,2000.0,16.3,33.5,Pink,240.0,AIO,False,ID-COOLING
Thermaltake TOUGHLIQUID Ultra,4099.59,500.0,2000.0,33.2,33.2,Black,280.0,AIO,True,Thermaltake
Mars Gaming ML-ONE,,600.0,1800.0,9.0,26.0,White,120.0,AIO,False,Mars Gaming
Cougar FORZA 135,1799.8,500.0,1500.0,38.5,38.5,Black / Silver,,Air,True,Cougar
Thermaltake TOUGHAIR 510,1146.0,500.0,1200.0,23.6,23.6,Green,,Air,True,Thermaltake
Deepcool LE300,,500.0,2250.0,,,Black,120.0,AIO,False,DeepCool
Noctua NH-U12P SE2,,900.0,1300.0,12.6,19.8,,,Air,False,Noctua
Corsair H60,,,,30.2,30.2,,120.0,AIO,False,Corsair
Cooler Master Seidon 120M,,600.0,2400.0,19.0,40.0,,120.0,AIO,False,Cooler Master
Aerocool P7-L240,,600.0,1800.0,10.5,31.8,Black,240.0,AIO,False,Aerocool
GAMDIAS CHIONE P3-360U,,800.0,2000.0,10.0,31.0,Black,360.0,AIO,False,GAMDIAS
Jonsbo CR-1000 EVO Standard,,600.0,1500.0,22.0,32.0,Black,,Air,False,Jonsbo
Cooler Master Elite,1599.8,600.0,2100.0,39.5,39.5,White,360.0,AIO,True,Cooler Master
Jonsbo CR-2000GT RGB,1461.2,700.0,1500.0,18.1,29.5,Black,,Air,True,Jonsbo
Silverstone NovaPeak 240 ARGB,1277.8,500.0,2200.0,12.1,33.1,Black,240.0,AIO,True,SilverStone
ARCTIC Freezer 8i CO,1036.2,200.0,2300.0,,,Black / Silver,,Air,True,ARCTIC
Asus ROG Strix LC 240,,800.0,2500.0,37.6,37.6,Black,240.0,AIO,False,ASUS
Xilence I350PWM,,800.0,2500.0,17.6,26.4,Red / Black,,Air,False,Xilence
Antec A40PRO,1235.8,800.0,2200.0,16.0,23.0,,,Air,True,Antec
ID-COOLING ZOOMFLOW XT V2,,500.0,1800.0,13.8,35.2,Black,360.0,AIO,False,ID-COOLING
Dynatron R24,859.0,1500.0,7000.0,16.0,47.5,,,Air,True,Dynatron
Zalman CNPS10X Performa,,700.0,1500.0,27.0,27.0,Black,,Air,False,Zalman
ARCTIC Freezer 34 eSports,,200.0,2100.0,28.0,28.0,Red / Black,,Air,False,ARCTIC
Corsair H80i,,2700.0,2700.0,37.68,37.68,,120.0,AIO,False,Corsair
Cooler Master Seidon 240M,,600.0,2400.0,19.0,40.0,,240.0,AIO,False,Cooler Master
NZXT Kraken X31,,800.0,2000.0,18.0,34.0,,120.0,AIO,False,NZXT
SilentiumPC Fortis 3 HE1425,,500.0,1400.0,8.0,22.0,,,Air,False,SilentiumPC
Reeven Steropes RC-1206b,,500.0,2000.0,9.32,33.67,,,Air,False,Reeven
EVGA CLC 120,,500.0,2400.0,16.0,39.9,,120.0,AIO,False,EVGA
MSI CORE FROZR L,,500.0,1800.0,17.2,33.6,,,Air,False,MSI
ID-COOLING IS-47K,,600.0,2500.0,14.0,33.0,Silver / Black,,Air,False,ID-COOLING
aigo Shadow Max,,800.0,2500.0,29.6,29.6,Black,,Air,False,Desconocida
Akasa SOHO 240 Dusk,,500.0,2000.0,14.5,31.8,Black,240.0,AIO,False,Akasa
Iceberg Thermal IceSLEET G3,359.79,600.0,1200.0,20.5,20.5,Black / Gray,,Air,True,Iceberg Thermal
Silverstone IceMyst 280,2282.0,400.0,1750.0,13.3,30.8,Silver / Black,280.0,AIO,True,SilverStone
Sunbeam CR-CCTF,384.4,1000.0,2000.0,16.0,20.0,,,Air,True,Desconocida
Cooler Master MASTERLIQUID PL240 FLUX,4960.6,,,32.0,32.0,White,240.0,AIO,True,Cooler Master
Cooler Master Nepton 140XL,,2000.0,2000.0,21.0,39.0,,140.0,AIO,False,Cooler Master
Thermalright Frost Vortex SE,,1650.0,1650.0,29.0,29.0,Black / Silver,,Air,False,Thermalright
Thermaltake TOUGHLIQUID ARGB,2499.6,500.0,2000.0,22.3,22.3,Teal,240.0,AIO,True,Thermaltake
Thermalright Frost Spirit 140,,1500.0,1500.0,25.6,25.6,Gray,,Air,False,Thermalright
Gigabyte AORUS WATERFORCE X,,2300.0,2300.0,8.06,44.4,Black,280.0,AIO,False,Gigabyte
ID-COOLING SE-226-XT,,500.0,1500.0,13.8,30.5,White,,Air,False,ID-COOLING
TRYX PANORAMA ARGB (2024),,500.0,1450.0,27.07,27.07,Black,280.0,AIO,False,TRYX
Jonsbo CR-1300 EVO,,800.0,2000.0,28.2,28.2,Black / Silver,,Air,False,Jonsbo
Cooler Master MasterAir MA410P,,650.0,2000.0,6.0,30.0,,,Air,False,Cooler Master
Gigabyte AORUS LIQUID COOLER,,2500.0,2500.0,18.0,39.5,Black,240.0,AIO,False,Gigabyte
Deepcool GAMMAXX 400 V2,,500.0,1650.0,,,Black / Red,,Air,False,DeepCool
Thermalright Frozen Magic Scenic V2,,2000.0,2000.0,31.4,31.4,White,280.0,AIO,False,Thermalright
Alphacool Eisbaer 360,2799.0,550.0,1700.0,29.0,29.0,Black,360.0,AIO,True,Alphacool
Cooler Master Hyper 212 Plus,2748.2,600.0,2000.0,13.0,32.0,,,Air,True,Cooler Master
ARCTIC Freezer i35 CO,870.2,200.0,1800.0,,,Black / Silver,,Air,True,ARCTIC
Phanteks PH-TC12ST4_DBK01,,400.0,2000.0,35.7,35.7,,,Air,False,Phanteks
Mars Gaming ML-ULTRA360,,600.0,1800.0,9.0,26.0,Black,360.0,AIO,False,Mars Gaming
ARCTIC Freezer A35,1680.4,200.0,1800.0,,,Black / White,,Air,True,ARCTIC
ADATA XPG LEVANTE 360,3215.8,600.0,2000.0,34.0,34.0,Black,360.0,AIO,True,ADATA
Phanteks GLACIER ONE 240D30,,250.0,2000.0,30.2,30.2,Black,240.0,AIO,False,Phanteks
RAIJINTEK LETO RGB,575.0,800.0,1800.0,25.0,25.0,Black / Silver,,Air,True,RAIJINTEK
Zalman ALPHA2 A36,,600.0,2000.0,29.7,29.7,Black,360.0,AIO,False,Zalman
Xilence I402,,600.0,2200.0,14.0,23.8,Red / Black,,Air,False,Xilence
ARCTIC Alpine M1,,750.0,750.0,20.5,20.5,,,Air,False,ARCTIC
Cooler Master Hyper 212X Dual Fan,,2000.0,2000.0,9.0,36.0,,,Air,False,Cooler Master
Enermax ETS-T50 AXE ARGB,,500.0,1600.0,14.0,24.0,Black,,Air,False,Enermax
Cooler Master MasterLiquid ML240 Mirror,,650.0,1800.0,8.0,27.0,Black,240.0,AIO,False,Cooler Master
Cooler Master Hyper TX3 EVO,,800.0,2800.0,17.0,35.0,,,Air,False,Cooler Master
Thermalright Core Matrix,,2150.0,2150.0,27.0,27.0,Black,240.0,AIO,False,Thermalright
Thermaltake TOUGHLIQUID Ultra RGB,4699.59,500.0,2000.0,30.7,30.7,Black,280.0,AIO,True,Thermaltake
Asus ROG Strix LC 360,4799.8,800.0,2500.0,37.6,37.6,Black,360.0,AIO,True,ASUS
Azza CUBE 360,,500.0,2000.0,34.0,34.0,Black,360.0,AIO,False,Azza
Dynatron A49,1059.8,800.0,1800.0,10.8,21.3,Silver,,Air,True,Dynatron
Silverstone AR12 RGB,768.4,700.0,2200.0,9.0,29.0,Silver / Black,,Air,True,SilverStone
Thermalright Frost Spirit 140 V3 ARGB,,1500.0,1500.0,25.6,25.6,White,,Air,False,Thermalright
Thermaltake TH420 ARGB Sync,2771.8,500.0,1800.0,34.7,34.7,White,420.0,AIO,True,Thermaltake
be quiet! Shadow Rock TF 2,2251.6,1400.0,1400.0,11.9,24.4,Silver / Black,,Air,True,be quiet!
Thermaltake UX 210 ARGB,923.8,600.0,2000.0,34.3,34.3,Black / Silver,,Air,True,Thermaltake
ID-COOLING FROZN A610 ARGB WHITE,,500.0,2000.0,29.9,29.9,White,,Air,False,ID-COOLING
Thermaltake Floe Riing RGB 360 TT Premium Edition,3196.2,500.0,1400.0,19.8,24.7,,360.0,AIO,True,Thermaltake
GAMDIAS CHIONE M2,1399.6,800.0,1800.0,,,Black,240.0,AIO,True,GAMDIAS
TEAMGROUP SIREN GD360E,,600.0,2200.0,14.3,35.6,White,360.0,AIO,False,Desconocida
Cooler Master Hyper TX3,,800.0,2800.0,17.0,35.0,,,Air,False,Cooler Master
NZXT Kraken X40,,800.0,2000.0,21.0,37.0,,140.0,AIO,False,NZXT
SilentiumPC Fera 3 HE1224,,500.0,1600.0,,,Black / Silver,,Air,False,SilentiumPC
EK AIO Elite 280 D-RGB,,550.0,2200.0,36.4,36.4,Black,280.0,AIO,False,EK
ID-COOLING ZOOMFLOW 240 XT,,500.0,1500.0,13.8,30.5,Black,240.0,AIO,False,ID-COOLING
Thermalright Assassin X 90 SE,,2400.0,2400.0,27.3,27.3,Black / Silver,,Air,False,Thermalright
Jonsbo HP400S,,900.0,2800.0,20.2,34.0,Blue / Silver,,Air,False,Jonsbo
PC Cooler RZ500,,500.0,2200.0,32.0,32.0,Black,,Air,False,PC Cooler
Fractal Design Celsius+ S28 Prisma PWM ARGB,,500.0,1700.0,34.1,34.1,Black,280.0,AIO,False,Fractal Design
Silverstone Hydrogon D120 ARGB,2049.4,,,0.0,30.5,Black / Silver,,Air,True,SilverStone
Thermaltake Floe Riing RGB 240 TT Premium Edition,2099.6,500.0,1400.0,19.8,24.7,,240.0,AIO,True,Thermaltake
ARCTIC Freezer A13 X,,300.0,2000.0,,,Black / White,,Air,False,ARCTIC
Cooler Master MasterAir MA410M,2040.0,650.0,1800.0,6.0,31.0,Black,,Air,True,Cooler Master
Silverstone PF240-ARGB,,600.0,2200.0,7.4,35.6,Black,240.0,AIO,False,SilverStone
Deepcool GAMMAXX 400 XT,,500.0,1500.0,27.0,27.0,White,,Air,False,DeepCool
be quiet! Dark Rock 2,,1300.0,1300.0,8.7,21.2,,,Air,False,be quiet!
Cooler Master Hyper 212 LED Turbo (Black),,600.0,1600.0,9.0,31.0,,,Air,False,Cooler Master
ARCTIC Freezer 12,,,,22.5,22.5,,,Air,False,ARCTIC
ID-COOLING FROSTFLOW+ 280,,800.0,1600.0,16.8,32.6,Black / White,280.0,AIO,False,ID-COOLING
Deepcool Gamerstorm Captain 240 PRO,,500.0,1800.0,30.0,30.0,Black,240.0,AIO,False,DeepCool
ARCTIC Freezer 34 eSports DUO,,200.0,2100.0,24.4,24.4,Green / Black,,Air,False,ARCTIC
Deepcool GAMMAXX L240,,500.0,1800.0,17.8,17.8,Black,240.0,AIO,False,DeepCool
Azza Blizzard SP 240,,700.0,2200.0,36.0,36.0,Black,240.0,AIO,False,Azza
Cooler Master Hyper T200,,800.0,2200.0,31.0,31.0,,,Air,False,Cooler Master
Deepcool AG620 Digital,,300.0,1950.0,29.4,29.4,Black / Silver,,Air,False,DeepCool
Thermaltake TOUGHAIR 710,1699.8,300.0,1400.0,18.5,23.9,Gray,,Air,True,Thermaltake
ARCTIC Liquid Freezer II 280 RGB,5338.8,200.0,1900.0,22.5,22.5,Black,280.0,AIO,True,ARCTIC
Enermax AQUAFUSION ADV 240,,500.0,2000.0,15.0,32.6,Black,240.0,AIO,False,Enermax
Alpenföhn Glacier Water High Speed 360,4126.6,500.0,2200.0,36.8,36.8,White,360.0,AIO,True,Alpenföhn
Enermax ETS-N31-02,,800.0,2000.0,24.5,24.5,Black / Silver,,Air,False,Enermax
Phanteks GLACIER ONE 240D30,,250.0,2000.0,30.2,30.2,White,240.0,AIO,False,Phanteks
Titan TTC-NK54TZ,,3500.0,3500.0,30.6,30.6,,,Air,False,Titan
ARCTIC Freezer 13 CO,,600.0,2000.0,24.4,24.4,,,Air,False,ARCTIC
Evercool LGAL1156A-B715,,1000.0,5500.0,56.0,56.0,,,Air,False,Evercool
Cooler Master Hyper 412S,,900.0,1300.0,16.1,22.5,,,Air,False,Cooler Master
Intel BXTS13A,,,,,,,,Air,False,Intel
PC Cooler GI-D66A,,1000.0,2000.0,8.0,29.1,Black,,Air,False,PC Cooler
Deepcool CASTLE 360EX RGB,,500.0,1800.0,35.0,35.0,Black,360.0,AIO,False,DeepCool
Thermaltake TH360 ARGB Sync,,1500.0,1500.0,28.2,28.2,Black,360.0,AIO,False,Thermaltake
ID-COOLING ZOOMFLOW 360 XT SNOW,,500.0,1500.0,13.8,30.5,White,360.0,AIO,False,ID-COOLING
Deepcool LE300 Marrs,,500.0,2250.0,32.9,32.9,Black,120.0,AIO,False,DeepCool
Thermaltake TOUGHLIQUID 360 EX Pro ARGB Sync,,500.0,2000.0,31.6,31.6,Black,280.0,AIO,False,Thermaltake
Thermaltake UX200 ARGB,579.79,300.0,1500.0,26.33,26.33,Black,,Air,True,Thermaltake
Alpenföhn Dolomit,,500.0,2200.0,23.8,23.8,Black,,Air,False,Alpenföhn
Thermaltake TH240 V2 Ultra EX ARGB Sync,3899.6,,,,,Black,240.0,AIO,True,Thermaltake
GAMDIAS CHIONE E4,1699.8,800.0,1800.0,11.0,33.8,Black,240.0,AIO,True,GAMDIAS
Zalman CNPS9500A-LED,699.8,1350.0,2600.0,18.0,27.5,,,Air,True,Zalman
ARCTIC Freezer i35 RGB,665.2,200.0,1700.0,,,Black,,Air,True,ARCTIC
RAIJINTEK PALLAS 120,,200.0,1400.0,28.43,28.43,Black,,Air,False,RAIJINTEK
Corsair H75,,2000.0,2000.0,31.4,31.4,,120.0,AIO,False,Corsair
Silverstone NovaPeak 360 ARGB,2510.2,500.0,2200.0,12.1,33.1,Black,360.0,AIO,True,SilverStone
Cooler Master Nepton 240M,,2400.0,2400.0,6.5,27.0,,240.0,AIO,False,Cooler Master
Cooler Master Seidon 120V VER.2,,800.0,2400.0,6.5,27.0,,120.0,AIO,False,Cooler Master
Thermalright Le Grand Macho RT,,300.0,1300.0,14.0,20.0,,,Air,False,Thermalright
Silverstone HE02-V2,,,,0.0,0.0,Silver,,Air,False,SilverStone
Cooler Master MasterLiquid ML240P Mirage,,2000.0,2000.0,27.0,27.0,Black,240.0,AIO,False,Cooler Master
Scythe Mugen 5 Black Edition,,300.0,1500.0,4.0,29.75,Black,,Air,False,Scythe
ARCTIC Liquid Freezer II 360 RGB,,200.0,1800.0,22.5,22.5,Black / Gray,360.0,AIO,False,ARCTIC
Deepcool GAMMAXX L360 A-RGB,,500.0,1800.0,30.0,30.0,White,360.0,AIO,False,DeepCool
Zalman CNPS20X,579.79,800.0,1500.0,29.0,29.0,Black / Silver,,Air,True,Zalman
Silverstone NovaPeak 240,1865.4,600.0,2200.0,35.1,35.1,Black,240.0,AIO,True,SilverStone
Iceberg Thermal IceSLEET G4 OC,499.79,600.0,1400.0,22.5,22.5,Black / Teal,,Air,True,Iceberg Thermal
Xilence M403PRO.ARGB,760.0,500.0,1800.0,14.2,25.6,Black / Silver,,Air,True,Xilence
Valkyrie SYN,,800.0,2150.0,29.0,29.0,Black / Red,360.0,AIO,False,Valkyrie
Thermalright Frost Spirit 140 V3 WHITE,,1500.0,1500.0,25.6,25.6,White,,Air,False,Thermalright
ID-COOLING SE-902-SD V3,,2000.0,2000.0,23.1,23.1,Black / Silver,,Air,False,ID-COOLING
NZXT Kraken X52 Rev 2,,500.0,2000.0,21.0,36.0,,240.0,AIO,False,NZXT
Scythe Mugen 5 Black Edition Rev.C,,300.0,1500.0,4.0,28.6,Black,,Air,False,Scythe
Antec C400,,800.0,1900.0,20.3,34.5,,,Air,False,Antec
Corsair H80,,1300.0,2500.0,22.0,39.0,,120.0,AIO,False,Corsair
Intel BXRTS2011LC,,2200.0,2200.0,,,,120.0,AIO,False,Intel
Thermalright AXP-100,,900.0,2500.0,22.0,30.0,,,Air,False,Thermalright
Corsair H110i GT,,2100.0,2100.0,43.0,43.0,,280.0,AIO,False,Corsair
be quiet! Dark Rock TF,,1400.0,1400.0,11.9,26.7,,,Air,False,be quiet!
Reeven Vanxie,,800.0,3300.0,8.2,32.5,,,Air,False,Reeven
Alpenföhn Brocken ECO,,500.0,1500.0,4.6,27.3,,,Air,False,Alpenföhn
Deepcool GAMMAXX 400 White,,900.0,1500.0,17.8,30.0,White,,Air,False,DeepCool
Cooler Master Hyper H410R,,600.0,2000.0,29.4,29.4,Black / Red,,Air,False,Cooler Master
GameMax Iceberg 240,,600.0,1800.0,25.0,32.0,Black,240.0,AIO,False,GameMax
Thermaltake Floe DX RGB 240 TT Premium Edition,3799.8,500.0,1500.0,19.0,23.9,Black / Gray,240.0,AIO,True,Thermaltake
Deepcool CASTLE 280EX,,400.0,1600.0,39.8,39.8,Black,280.0,AIO,False,DeepCool
ID-COOLING SE-914-XT,,600.0,2200.0,,,Black / Gray,,Air,False,ID-COOLING
Deepcool GAMMAXX L240 A-RGB,,500.0,1800.0,30.0,30.0,White,240.0,AIO,False,DeepCool
ID-COOLING DK-03 RAINBOW,,500.0,1800.0,14.2,25.6,,,Air,False,ID-COOLING
ID-COOLING FROSTFLOW 240 XT SNOW,,700.0,1800.0,15.2,35.2,White,240.0,AIO,False,ID-COOLING
Jonsbo HX7280,,700.0,1800.0,28.0,38.0,Black,,Air,False,Jonsbo
Mars Gaming MCPU-XTW,,800.0,1600.0,9.0,26.0,White,,Air,False,Mars Gaming
Yeston zeaginal Sakura,,900.0,1800.0,30.0,30.0,White,240.0,AIO,False,Desconocida
Silverstone NT09-115X,510.4,550.0,2500.0,18.5,32.0,,,Air,True,SilverStone
Alpenföhn Glacier Water High Speed 240,3759.8,500.0,2200.0,36.8,36.8,White,240.0,AIO,True,Alpenföhn
Xilence M704PRO.ARGB,1159.0,800.0,1800.0,18.0,32.2,,,Air,True,Xilence
Iceberg Thermal IceFLOE T65,,1000.0,3000.0,31.5,31.5,Silver / Teal,,Air,False,Iceberg Thermal
Corsair H90,,1500.0,1500.0,35.0,35.0,,140.0,AIO,False,Corsair
Cooler Master Nepton 280L,,2000.0,2000.0,21.0,39.0,,280.0,AIO,False,Cooler Master
NZXT Kraken X41,,800.0,2000.0,20.0,37.0,,140.0,AIO,False,NZXT
CRYORIG H5 Universal,,700.0,1300.0,20.0,24.0,,,Air,False,CRYORIG
Cooler Master MasterAir MA620P,,600.0,1800.0,31.0,31.0,Black / Silver,,Air,False,Cooler Master
SilentiumPC Spartan 3 LT HE1012,,800.0,2000.0,,,Black / Silver,,Air,False,SilentiumPC
Alphacool Eisbaer Aurora 360,4799.8,800.0,2000.0,,,Black,360.0,AIO,True,Alphacool
Thermaltake TH240 ARGB Sync,,1500.0,1500.0,28.2,28.2,Black,240.0,AIO,False,Thermaltake
Deepcool LS320,,500.0,2250.0,32.9,32.9,Black,120.0,AIO,False,DeepCool
SilentiumPC Fortis 5 Dual Fan,,300.0,1400.0,,,Black / Silver,,Air,False,SilentiumPC
TEAMGROUP SIREN GD360E,,600.0,2200.0,14.3,35.6,Black,360.0,AIO,False,Desconocida
Geometric Future Eskimo Junior 36,,2000.0,2000.0,29.0,29.0,Black,360.0,AIO,False,Geometric Future
ID-COOLING SPACE LCD,,500.0,1800.0,35.2,35.2,Black,240.0,AIO,False,ID-COOLING
MSI MAG CORELIQUID E360 MONSTER HUNTER EDITION,,,,,,Black,360.0,AIO,False,MSI
ARCTIC Freezer i13 X,599.79,300.0,2000.0,,,Black / White,,Air,True,ARCTIC
Cooler Master MasterAir G100M RGB,,600.0,2400.0,30.0,30.0,Black / Multicolor,,Air,False,Cooler Master
Thermalright Silver Soul 135,,1850.0,1850.0,29.6,29.6,White,,Air,False,Thermalright
GameMax Twin 600,,800.0,2500.0,,,Black,,Air,False,GameMax
Cooler Master Hyper 212X EU Version,,600.0,1700.0,13.0,28.6,,,Air,False,Cooler Master
Enermax AQUAFUSION ADV 360,,500.0,2000.0,15.0,32.6,Black,360.0,AIO,False,Enermax
TRYX PANORAMA ARGB (2024),,500.0,1450.0,27.07,27.07,White,280.0,AIO,False,TRYX
be quiet! Shadow Rock 2,,1600.0,1600.0,15.3,25.4,,,Air,False,be quiet!
Thermaltake Water 3.0 Ultimate,,1000.0,2000.0,20.0,20.0,,360.0,AIO,False,Thermaltake
CRYORIG M9i,,600.0,2200.0,26.4,26.4,,,Air,False,CRYORIG
ARCTIC Freezer 34 CO,,200.0,1800.0,,,Black / Silver,,Air,False,ARCTIC
GameMax Gamma 500 RGB,,1000.0,1800.0,26.3,26.3,Black / Silver,,Air,False,GameMax
Silverstone PF360-ARGB,,600.0,2200.0,7.4,35.6,Black,360.0,AIO,False,SilverStone
GAMDIAS BOREAS E1,,800.0,2000.0,10.0,31.0,Black / Silver,,Air,False,GAMDIAS
GAMDIAS BOREAS M1,,800.0,2600.0,10.0,32.0,Black / Silver,,Air,False,GAMDIAS
MSI MAG CORELIQUID P280,,500.0,1800.0,14.8,33.28,Black,280.0,AIO,False,MSI
ID-COOLING IS-50X V2,,500.0,2000.0,13.8,31.2,Black / Gray,,Air,False,ID-COOLING
Cooler Master i70C,,650.0,1800.0,28.0,28.0,Black / Silver,,Air,False,Cooler Master
Thermalright Frozen Magic 240,,1500.0,1500.0,25.6,25.6,Black,240.0,AIO,False,Thermalright
Silverstone Hydrogon D120 ARGB,,,,0.0,30.5,White / Silver,,Air,False,SilverStone
Scythe Ninja 5 Rev. B,,300.0,800.0,4.0,14.5,Black,,Air,False,Scythe
Deepcool AG620 Digital ARGB,,300.0,1950.0,29.4,29.4,Black,,Air,False,DeepCool
GAMDIAS BOREAS E2-410,,800.0,1800.0,10.0,32.0,White,,Air,False,GAMDIAS
SilentiumPC Spartan 4 MAX,,300.0,1600.0,,,Black / Silver,,Air,False,SilentiumPC
Mars Gaming MCPU-X5,,800.0,2000.0,9.0,28.0,White,,Air,False,Mars Gaming
Xigmatek Windpower Pro,,800.0,1800.0,25.3,25.3,Black,,Air,False,Xigmatek
Xilence LQ360.ARGB,2813.39,900.0,1850.0,18.0,28.0,Black,360.0,AIO,True,Xilence
Iceberg Thermal IceSLEET G4 Silent,399.79,600.0,1200.0,20.5,20.5,Black / Gray,,Air,True,Iceberg Thermal
Xilence M504D,2000.0,600.0,2200.0,14.0,21.8,Red / Black,,Air,True,Xilence
Thermalright Silver Arrow 130,3587.8,600.0,1500.0,19.0,23.0,Silver,,Air,True,Thermalright
Xilence M403PRO.W.ARGB,,500.0,1800.0,14.2,25.6,White,,Air,False,Xilence
Thermaltake Water 3.0 Riing RGB 280,2999.8,300.0,1500.0,18.5,26.4,Black / Red,280.0,AIO,True,Thermaltake
Cooler Master CHD-00008-01-GP,499.79,2200.0,2200.0,22.0,22.0,,,Air,True,Cooler Master
Asus ROG Strix LC 120,,800.0,2500.0,37.6,37.6,Black,120.0,AIO,False,ASUS
Xilence M906,1541.6,500.0,1500.0,18.0,30.8,Black,,Air,True,Xilence
Scythe Kotetsu Mark II,2422.6,300.0,1200.0,4.0,24.9,,,Air,True,Scythe
Thermaltake TH280 V2 Ultra EX ARGB Sync,,500.0,2000.0,30.7,30.7,Black,280.0,AIO,False,Thermaltake
Cooler Master V8,,800.0,1800.0,17.0,21.0,,,Air,False,Cooler Master
ARCTIC Alpine 11,,900.0,2000.0,14.0,14.0,,,Air,False,ARCTIC
Zalman CNPS5X Performa,,1400.0,2800.0,20.0,32.0,,,Air,False,Zalman
Deepcool GAMMAXX 300 R,,900.0,1600.0,17.8,21.0,,,Air,False,DeepCool
CRYORIG M9 Plus,,600.0,2200.0,26.4,26.4,Black / Silver,,Air,False,CRYORIG
Cooler Master MasterLiquid ML360 RGB TR4 Edition,,650.0,2000.0,6.0,30.0,Black,360.0,AIO,False,Cooler Master
SilentiumPC Grandis 2 XE1436,,500.0,1600.0,21.0,21.0,Black / Silver,,Air,False,SilentiumPC
darkFlash Shadow PWM,,800.0,2500.0,29.6,29.6,Black,,Air,False,darkFlash
Scythe Mugen 5 Black RGB Edition,,300.0,1200.0,4.0,24.9,Black / Silver,,Air,False,Scythe
Vetroo U6 Pro,,700.0,1500.0,18.1,30.5,Black,,Air,False,Vetroo
Silverstone IceGem 280,3545.8,600.0,1600.0,9.8,23.4,Black,280.0,AIO,True,SilverStone
ID-COOLING SE-207-XT ADVANCED,,700.0,1800.0,15.2,35.2,,,Air,False,ID-COOLING
Thermalright Frozen Magic 360,,1500.0,1500.0,25.6,25.6,Black,360.0,AIO,False,Thermalright
EK EK-Nucleus AIO CR360 Vision D-RGB,,500.0,2200.0,33.5,33.5,Black,360.0,AIO,False,EK
ID-COOLING DK-07A RAINBOW,,500.0,1800.0,14.2,25.6,Black,,Air,False,ID-COOLING
Zalman CNPS10X Performa,,700.0,1500.0,27.0,27.0,White,,Air,False,Zalman
TRYX PANORAMA,,500.0,1650.0,32.0,32.0,Black,280.0,AIO,False,TRYX
GAMDIAS CHIONE M4-420,,800.0,1600.0,11.0,29.0,Black,420.0,AIO,False,GAMDIAS
ADATA XPG LEVANTE II 360,,800.0,2000.0,19.78,29.33,White,360.0,AIO,False,ADATA
Mars Gaming MCPU-X5 ARGB,,800.0,2000.0,9.0,28.0,White,,Air,False,Mars Gaming
RAIJINTEK Orcus 140 RGW,2178.6,400.0,1800.0,28.0,28.0,Black,140.0,AIO,True,RAIJINTEK
Jonsbo CR-1400 DV2,,800.0,2300.0,22.3,33.8,Black,,Air,False,Jonsbo
Jonsbo CR-1400 DV2,,800.0,2300.0,22.3,33.8,White,,Air,False,Jonsbo
Thermaltake CLP0556-B,399.6,1900.0,2300.0,22.0,22.0,,,Air,True,Thermaltake
Jonsbo CR-1400 V2 ARGB,,800.0,2200.0,22.3,33.8,White,,Air,False,Jonsbo
GAMDIAS CHIONE E4,1699.8,800.0,1800.0,11.0,33.8,White,240.0,AIO,True,GAMDIAS
Xilence M403PRO,822.6,500.0,1800.0,14.2,25.6,Red / Black,,Air,True,Xilence
NZXT Kraken X60,,800.0,2000.0,21.0,37.0,,280.0,AIO,False,NZXT
be quiet! Shadow Rock Slim,,400.0,1400.0,11.5,23.7,,,Air,False,be quiet!
Thermaltake Water 3.0 Riing RGB 360,,800.0,1500.0,26.4,26.4,,360.0,AIO,False,Thermaltake
Reeven Brontes RC-1001b,,650.0,2200.0,10.5,31.67,,,Air,False,Reeven
Alpenföhn Brocken 3,,400.0,1050.0,22.0,22.0,Black,,Air,False,Alpenföhn
Alphacool Eisbaer 420,,1100.0,1100.0,29.4,29.4,Black / Blue,420.0,AIO,False,Alphacool
Deepcool GAMMAXX 400R,,900.0,1500.0,17.8,30.0,Red / Silver,,Air,False,DeepCool
Deepcool CASTLE 240EX,,500.0,1800.0,32.1,32.1,Black,240.0,AIO,False,DeepCool
Cooler Master MasterLiquid ML360P Silver Edition ARGB,,650.0,1800.0,8.0,30.0,Silver / Black,360.0,AIO,False,Cooler Master
Deepcool GAMMAXX 400S,,1300.0,1300.0,14.6,14.6,Black / Silver,,Air,False,DeepCool
Thermalright AXP-90R,,2700.0,2700.0,22.4,22.4,Orange / Red,,Air,False,Thermalright
ID-COOLING DK-03A RGB PWM,,500.0,1800.0,14.2,25.6,,,Air,False,ID-COOLING
ID-COOLING FROSTFLOW 240 XT,,700.0,1800.0,15.2,35.2,Black,240.0,AIO,False,ID-COOLING
SilentiumPC Fortis 5 ARGB,,300.0,1400.0,,,Black / Silver,,Air,False,SilentiumPC
Deepcool AG500,,300.0,1850.0,29.4,29.4,Black / Silver,,Air,False,DeepCool
Thermalright Frozen Magic ARGB,,1500.0,1500.0,25.6,25.6,Black,240.0,AIO,False,Thermalright
ID-COOLING FX240ARGB,,500.0,1800.0,35.2,35.2,Black,240.0,AIO,False,ID-COOLING
ID-COOLING SPACE LCD,,500.0,1800.0,35.2,35.2,White,240.0,AIO,False,ID-COOLING
ID-COOLING SE-207-XT ARGB,,500.0,1500.0,30.5,30.5,Black,,Air,False,ID-COOLING
Ocypus Delta L36 ARGB,,500.0,2000.0,29.0,29.0,Black,360.0,AIO,False,Ocypus
Cooler Master MasterLiquid Atmos II,,690.0,2500.0,36.0,36.0,White,240.0,AIO,False,Cooler Master
Asus TUF Gaming LC III ARGB LCD,,650.0,2600.0,37.4,37.4,White,360.0,AIO,False,ASUS
Silverstone NT07-AM2,365.0,1500.0,2500.0,15.0,25.0,,,Air,True,SilverStone
Alphacool Eisbaer Aurora 280,3089.0,600.0,1500.0,,,Black,280.0,AIO,True,Alphacool
Valkyrie DRAGONFANG,,800.0,2150.0,29.0,29.0,White,360.0,AIO,False,Valkyrie
ARCTIC Freezer 50 TR,,200.0,1800.0,23.5,23.5,Black,,Air,False,ARCTIC
Silverstone IceGem 360,5319.0,600.0,2200.0,7.3,36.6,Black,360.0,AIO,True,SilverStone
Valkyrie DRAGONFANG,,800.0,2150.0,29.0,29.0,White,240.0,AIO,False,Valkyrie
Xilence I404T,616.0,600.0,2200.0,14.0,21.8,Red / Black,,Air,True,Xilence
Fractal Design Lumen S28 RGB,,500.0,1700.0,10.0,35.5,Black,280.0,AIO,False,Fractal Design
YEYIAN Storm 1200,,1000.0,1800.0,26.3,26.3,Black / Silver,,Air,False,Desconocida
Mars Gaming ML-ULTRA360,,600.0,1800.0,9.0,26.0,White,360.0,AIO,False,Mars Gaming
Cooler Master MasterLiquid Atmos II,,690.0,2500.0,36.0,38.5,Black,360.0,AIO,False,Cooler Master
Antec C40,,800.0,2200.0,16.0,23.0,,,Air,False,Antec
Valkyrie SYN,,800.0,2150.0,29.0,29.0,White / Blue,240.0,AIO,False,Valkyrie
YEYIAN VATN 120 ARGB,,800.0,2000.0,25.0,32.0,Black,120.0,AIO,False,Desconocida
ARCTIC Alpine 64 PLUS,,600.0,2000.0,,,,,Air,False,ARCTIC
Corsair H110,,1500.0,1500.0,35.0,35.0,,280.0,AIO,False,Corsair
Scythe Mugen 5,,300.0,1200.0,4.0,24.9,,,Air,False,Scythe
Alpenföhn Silvretta,709.4,800.0,2800.0,,,,,Air,True,Alpenföhn
NZXT Kraken X42 Rev 2,,500.0,1800.0,21.0,38.0,,140.0,AIO,False,NZXT
ARCTIC Alpine 12 Passive,,,,0.0,0.0,Black,,Air,False,ARCTIC
EVGA CLC 120 CL11,,1800.0,1800.0,32.1,32.1,,120.0,AIO,False,EVGA
Deepcool Castle 360 RGB,,500.0,1800.0,30.0,30.0,Black,360.0,AIO,False,DeepCool
CRYORIG C7G,,600.0,2500.0,30.0,30.0,Black / Silver,,Air,False,CRYORIG
Zalman CNPS10X Optima II,,800.0,1500.0,27.0,27.0,White,,Air,False,Zalman
Deepcool GAMERSTORM CAPTAIN 360X WHITE,,500.0,1800.0,32.1,32.1,White / Black,360.0,AIO,False,DeepCool
ID-COOLING AURAFLOW X,,700.0,1800.0,18.0,35.2,Black,240.0,AIO,False,ID-COOLING
Akasa Nero 3,2603.8,500.0,1500.0,24.6,24.6,Black / Silver,,Air,True,Akasa
Phanteks Glacier One 280MP,,500.0,2000.0,18.0,39.1,Black / White,280.0,AIO,False,Phanteks
ARCTIC Liquid Freezer II 240 RGB,,200.0,1800.0,22.5,22.5,Black / Gray,240.0,AIO,False,ARCTIC
ARCTIC Liquid Freezer II 240 RGB,,200.0,1800.0,22.5,22.5,Black,240.0,AIO,False,ARCTIC
MSI MAG CORELIQUID R,,500.0,2000.0,14.3,34.3,Black,120.0,AIO,False,MSI
Asus TUF GAMING LC 240 RGB ZAKU II EDITION,,800.0,2000.0,29.0,29.0,Red / Black,240.0,AIO,False,ASUS
Phanteks Glacier One 360MPH,,500.0,2200.0,18.0,34.2,Black,360.0,AIO,False,Phanteks
Phanteks Glacier One 240MPH,,500.0,2200.0,18.0,34.2,Black,240.0,AIO,False,Phanteks
Phanteks Glacier One 240 T30,,1200.0,3000.0,11.1,39.7,Gray,240.0,AIO,False,Phanteks
ID-COOLING PINKFLOW 240 Diamond,,900.0,2000.0,16.3,33.5,Pink,240.0,AIO,False,ID-COOLING
ID-COOLING FROSTFLOW X 120 SNOW,,700.0,1800.0,18.0,35.2,White,120.0,AIO,False,ID-COOLING
MSI MAG CORELIQUID B,,500.0,2000.0,14.3,34.3,Black,120.0,AIO,False,MSI
Cooler Master Hyper 212 RGB,,650.0,1800.0,8.0,27.0,,,Air,False,Cooler Master
Jonsbo PISA A5,,800.0,1850.0,36.8,36.8,White,,Air,False,Jonsbo
Inter-Tech ALSEYE H120,,800.0,2000.0,13.5,35.2,Black,120.0,AIO,False,Inter-Tech
Thermalright Frozen Horizon ARGB,,2150.0,2150.0,28.1,28.1,Black,360.0,AIO,False,Thermalright
Amazon Basics,,600.0,2000.0,6.0,29.0,,,Air,False,Desconocida
ID-COOLING IS-30A,,800.0,3600.0,17.0,35.8,Black / Silver,,Air,False,ID-COOLING
ABKONCORE CT408,,800.0,1650.0,33.0,33.0,Black,,Air,False,Desconocida
SilenX EFZ-92HA3,642.2,2000.0,2000.0,8.0,24.0,,,Air,True,SilenX
Alphacool Eisbaer Aurora 240,2747.0,800.0,2000.0,,,Black,240.0,AIO,True,Alphacool
Alpenföhn Dolomit Premium,1803.4,500.0,1600.0,23.5,23.5,Black,,Air,True,Alpenföhn
Mars Gaming MCPU-X5,,800.0,2000.0,9.0,28.0,Black,,Air,False,Mars Gaming
Thermaltake Water 3.0 Extreme,,1000.0,2000.0,20.0,20.0,,240.0,AIO,False,Thermaltake
Silverstone AR06,1027.0,2500.0,2500.0,20.0,28.3,,,Air,True,SilverStone
ARCTIC Freezer i32,1340.0,,,,,,,Air,True,ARCTIC
Thermaltake Riing Silent 12 Red,999.59,300.0,1400.0,13.0,18.0,,,Air,True,Thermaltake
Cooler Master DK9-7G52A-0L-GP,,4500.0,4500.0,35.0,35.0,,,Air,False,Cooler Master
Dynatron T318,939.0,,,0.0,0.0,,,Air,True,Dynatron
ARCTIC Freezer i35,1682.2,200.0,1800.0,,,Black / White,,Air,True,ARCTIC
ID-COOLING SE-224-XTS MINI,,700.0,1600.0,31.5,31.5,Black,,Air,False,ID-COOLING
Zalman ALPHA2 A24,,600.0,2000.0,29.7,29.7,White,240.0,AIO,False,Zalman
Akasa SOHO 360 Dusk,5124.0,500.0,2000.0,14.5,31.8,Black,360.0,AIO,True,Akasa
Cooler Master DK9-7E52A-0L-GP,1199.8,3200.0,3200.0,25.17,25.17,,,Air,True,Cooler Master
Corsair H100,,1300.0,2500.0,22.0,39.0,,240.0,AIO,False,Corsair
Titan TTC-NC95TZ(RB),,150.0,1500.0,28.6,28.6,,,Air,False,Titan
Deepcool GAMMAXX 200,,900.0,2200.0,17.8,34.6,,,Air,False,DeepCool
ARCTIC Alpine 11 GT Rev 2,,2000.0,2000.0,22.5,22.5,,,Air,False,ARCTIC
be quiet! Silent Loop 360,,2000.0,2000.0,16.1,36.9,,360.0,AIO,False,be quiet!
Scythe FUMA Rev.B,,300.0,1400.0,13.0,28.0,,,Air,False,Scythe
RAIJINTEK JUNO-X,,1200.0,2500.0,26.0,26.0,Black,,Air,False,RAIJINTEK
ARCTIC Freezer 34 eSports,,200.0,2100.0,,,Yellow / Black,,Air,False,ARCTIC
Cougar Helor 240,5554.0,600.0,1800.0,37.1,37.1,Black,240.0,AIO,True,Cougar
Scythe Mugen 5 TUF Gaming Alliance,,300.0,1200.0,4.0,24.9,Brown / Black,,Air,False,Scythe
ID-COOLING ZOOMFLOW 240,,900.0,2000.0,16.3,33.5,Black,240.0,AIO,False,ID-COOLING
Thermaltake Riing Silent 12 RGB Sync Edition,989.59,300.0,1500.0,13.0,22.0,Black,,Air,True,Thermaltake
Antec Neptune 240 ARGB,,900.0,1600.0,20.0,36.0,Black,240.0,AIO,False,Antec
Deepcool CASTLE 240EX WHITE,,500.0,1800.0,32.1,32.1,White / Black,240.0,AIO,False,DeepCool
ID-COOLING SE-224-XT,,700.0,1800.0,15.2,32.5,White,,Air,False,ID-COOLING
SilentiumPC Fera 3 EVO ARGB,,250.0,1600.0,,,White / Silver,,Air,False,SilentiumPC
GameMax Ice Chill 240,,800.0,1900.0,28.8,28.8,Black,240.0,AIO,False,GameMax
GAMDIAS CHIONE E2,,800.0,1800.0,,,Black,120.0,AIO,False,GAMDIAS
Thermaltake Water 3.0 Riing Red 280,,300.0,1500.0,18.5,26.4,Black / Red,280.0,AIO,False,Thermaltake
ID-COOLING SE-224-XT ARGB V3,,500.0,1500.0,13.8,30.5,,,Air,False,ID-COOLING
ID-COOLING SE-225-XT BLACK V2,,700.0,1800.0,15.2,35.2,,,Air,False,ID-COOLING
MSI MAG CORELIQUID C240 EVA e-PROJECT,,500.0,2000.0,14.3,34.3,Black,240.0,AIO,False,MSI
Cooler Master Hyper 212 LED White Edition,,600.0,1600.0,9.0,31.0,,,Air,False,Cooler Master
Jonsbo CR-3000 Standard,,600.0,1500.0,22.0,32.0,Black / Silver,,Air,False,Jonsbo
Thermalright Frozen Magic Scenic V2,,2150.0,2150.0,28.1,28.1,White,240.0,AIO,False,Thermalright
Valkyrie DRAGONFANG,,800.0,2150.0,29.0,29.0,Black,360.0,AIO,False,Valkyrie
Vetroo Shadow,,800.0,2500.0,29.6,29.6,Black,,Air,False,Vetroo
ID-COOLING SE-903-XT,,500.0,2200.0,25.8,25.8,White,,Air,False,ID-COOLING
AQIRYS Hydra ARGB,,800.0,2000.0,25.0,34.0,Black,240.0,AIO,False,Desconocida
Xilence LQ240 ARGB,,500.0,1500.0,18.0,30.2,Black,240.0,AIO,False,Xilence
Jonsbo HX4170D,,600.0,3300.0,28.4,28.4,White,,Air,False,Jonsbo
ARCTIC Freezer 33 CO,980.0,,,22.5,22.5,,,Air,True,ARCTIC
ARCTIC Freezer A35 CO,1521.2,200.0,1800.0,,,Black / Silver,,Air,True,ARCTIC
Jonsbo CR-1400 V2 ARGB,,800.0,2200.0,22.3,33.8,Black,,Air,False,Jonsbo
Scythe Mugen 5,,300.0,1500.0,4.0,29.75,,,Air,False,Scythe
Phanteks Glacier One 360MP,,500.0,2200.0,18.0,34.2,Black / White,360.0,AIO,False,Phanteks
Cooler Master DP6-9EDSA-0L-GP,,2600.0,2600.0,24.5,24.5,,,Air,False,Cooler Master
Corsair A70,,1600.0,2000.0,26.0,31.5,,,Air,False,Corsair
Zalman CNPS9900MAX-B,,900.0,1700.0,18.0,30.0,,,Air,False,Zalman
Dynatron R25,899.0,1000.0,7000.0,21.5,59.14,,,Air,True,Dynatron
CRYORIG R1 Universal,,700.0,1300.0,20.0,25.0,,,Air,False,CRYORIG
Enermax ETS-T40F-TB,,900.0,1800.0,11.0,21.0,,,Air,False,Enermax
ARCTIC Alpine 11 - Passive,,,,0.0,0.0,,,Air,False,ARCTIC
Deepcool Castle 240 RGB,,500.0,1800.0,17.8,30.0,Black,240.0,AIO,False,DeepCool
Silverstone PF120-ARGB,,600.0,2200.0,7.4,35.6,Black,120.0,AIO,False,SilverStone
Gigabyte AORUS LIQUID COOLER,,2300.0,2300.0,22.3,44.5,Black,280.0,AIO,False,Gigabyte
upHere AC12RGB,,600.0,1700.0,16.1,27.7,Black,,Air,False,upHere
upHere C92,,800.0,1800.0,15.1,31.6,Black / Red,,Air,False,upHere
ADATA XPG LEVANTE 240,,600.0,2000.0,34.0,34.0,Black,240.0,AIO,False,ADATA
ID-COOLING SE-234-ARGB,,900.0,2000.0,16.2,31.5,Black,,Air,False,ID-COOLING
ID-COOLING SE-914-XT ARGB,,600.0,2200.0,14.0,25.8,Black / Gray,,Air,False,ID-COOLING
ID-COOLING IS-60 EVO ARGB,,500.0,2000.0,13.8,31.2,Black / Silver,,Air,False,ID-COOLING
Cougar AQUA,,600.0,1800.0,35.0,35.0,Black,240.0,AIO,False,Cougar
GAMDIAS CHIONE M2,,1800.0,1800.0,,,Black,240.0,AIO,False,GAMDIAS
Azza Blizzard SP 360,,700.0,2200.0,36.0,36.0,Black,360.0,AIO,False,Azza
ID-COOLING AURAFLOW X,,700.0,1800.0,18.0,35.2,White,360.0,AIO,False,ID-COOLING
ID-COOLING SE-903-SD,,2000.0,2000.0,23.1,23.1,,,Air,False,ID-COOLING
In Win Nebula NR36,2980.0,400.0,1800.0,25.0,25.0,Black / White,360.0,AIO,True,In Win
Enermax AQUAFUSION ADV 120,,500.0,2000.0,15.0,32.6,Black,120.0,AIO,False,Enermax
RAIJINTEK LETO PRO RGB,,800.0,1800.0,25.0,25.0,Black / Silver,,Air,False,RAIJINTEK
Enermax LIQMAX III ARGB,,500.0,1600.0,14.0,27.0,Black,120.0,AIO,False,Enermax
ID-COOLING FROSTFLOW X LITE,,700.0,1800.0,35.2,35.2,Black,120.0,AIO,False,ID-COOLING
ID-COOLING IS-47-XT,,800.0,2800.0,35.2,35.2,White,,Air,False,ID-COOLING
ID-COOLING SE-214-XT-RN,,600.0,2200.0,35.0,35.0,Black / Red,,Air,False,ID-COOLING
GAMDIAS BOREAS E2-41D,,800.0,1800.0,10.0,32.0,Black,,Air,False,GAMDIAS
Ocypus Iota A40,,500.0,2000.0,29.0,29.0,White,,Air,False,Ocypus
Thermaltake TOUGHLIQUID ARGB,3240.2,500.0,2000.0,33.2,33.2,Black,280.0,AIO,True,Thermaltake
Silverstone AR08-V2,,1500.0,2800.0,14.1,27.7,Blue / White,,Air,False,SilverStone
NoFan CR-80EH,,,,0.0,0.0,,,Air,False,Desconocida
Alpenföhn Glacier Water 240,,500.0,1600.0,23.5,23.5,Black,240.0,AIO,False,Alpenföhn
Iceberg Thermal IceSLEET G4 Midnight Limited Edition,599.79,600.0,1400.0,22.5,22.5,Black,,Air,True,Iceberg Thermal
Dynatron Q12,799.0,,,16.0,35.98,,,Air,True,Dynatron
Scythe Choten TUF Gaming Alliance,,300.0,1200.0,4.0,24.9,Black / Yellow,,Air,False,Scythe
Iceberg Thermal IceSLEET G4 OC,599.79,600.0,1400.0,22.5,22.5,Teal / Silver,,Air,True,Iceberg Thermal
Corsair A50,,1600.0,2000.0,26.0,31.5,,,Air,False,Corsair
Xigmatek GAIA SD1283,,800.0,1500.0,16.0,24.0,,,Air,False,Xigmatek
TUNIQ Tower 120 Extreme,,1000.0,2000.0,16.0,20.0,,,Air,False,Desconocida
Phanteks PH-TC14PE,,700.0,1200.0,13.4,19.0,,,Air,False,Phanteks
Deepcool ICE BLADE 200M,,2200.0,2200.0,17.8,30.1,,,Air,False,DeepCool
Deepcool CAPTAIN 360,,600.0,2200.0,17.6,39.29,,360.0,AIO,False,DeepCool
Deepcool GAMMAXX S40,,900.0,1600.0,17.8,26.1,,,Air,False,DeepCool
Cooler Master Hyper 612 Ver.2,,800.0,1300.0,11.0,20.0,,,Air,False,Cooler Master
Deepcool CAPTAIN 240 EX,,500.0,1800.0,17.6,31.3,,240.0,AIO,False,DeepCool
Deepcool LUCIFER V2,,300.0,1400.0,12.6,31.1,,,Air,False,DeepCool
ARCTIC Alpine AM4 LP,,100.0,2000.0,,,Black / White,,Air,False,ARCTIC
GameMax Iceberg 240 ARGB,,1100.0,1100.0,25.0,25.0,Black,240.0,AIO,False,GameMax
Deepcool GAMERSTORM CAPTAIN 240X WHITE,,500.0,1800.0,32.1,32.1,White / Black,240.0,AIO,False,DeepCool
ID-COOLING SE-224-XT RGB,,900.0,2000.0,16.2,31.5,Black / White,,Air,False,ID-COOLING
Alpenföhn Glacier Water 240 High Speed,4012.8,500.0,2200.0,36.8,36.8,Black,240.0,AIO,True,Alpenföhn
Fractal Design Lumen S24 RGB,,500.0,2000.0,10.0,33.2,Black,240.0,AIO,False,Fractal Design
Thermalright Assassin X,,1500.0,1500.0,25.6,25.6,Black / Silver,,Air,False,Thermalright
Thermaltake TOUGHLIQUID ARGB,,500.0,2000.0,22.3,22.3,Black,360.0,AIO,False,Thermaltake
Jonsbo HX6200D,,700.0,1800.0,18.6,29.7,Black,,Air,False,Jonsbo
Jonsbo CR-1000 GT,,700.0,1800.0,20.55,37.2,Black,,Air,False,Jonsbo
ID-COOLING SE-214-XT RING,,900.0,2000.0,33.5,33.5,White / Black,,Air,False,ID-COOLING
TRYX PANORAMA,,500.0,1650.0,32.0,32.0,White,280.0,AIO,False,TRYX
Ocypus Delta L24 ARGB,,500.0,2000.0,29.0,29.0,Black,240.0,AIO,False,Ocypus
SilentiumPC Spartan 4,,800.0,2000.0,,,Black / Silver,,Air,False,SilentiumPC
Vetroo R240,,,,,,Black,240.0,AIO,False,Vetroo
Alphacool Eisbaer Pro Aurora,3735.0,,,31.5,31.5,Black,280.0,AIO,True,Alphacool
Noua Alaska,,800.0,3000.0,30.5,30.5,Black,,Air,False,Noua
Geometric Future Eskimo Junior 24,1998.0,2000.0,2000.0,29.0,29.0,Black,240.0,AIO,True,Geometric Future
Cooler Master MA621P TR4,,600.0,1800.0,31.0,31.0,Black / Silver,,Air,False,Cooler Master
Akasa K25,,600.0,3000.0,28.71,28.71,,,Air,False,Akasa
Akasa Vegas Chroma LG,842.6,500.0,1800.0,32.5,32.5,Black,,Air,True,Akasa
Enermax AQUAFUSION ADV,,500.0,2000.0,17.0,32.6,White,240.0,AIO,False,Enermax
Inter-Tech ALSEYE X240,,1600.0,1600.0,35.6,35.6,Gray / Black,240.0,AIO,False,Inter-Tech
Cougar FORZA 85 ESSENTIAL,1199.8,600.0,2000.0,34.5,34.5,Black,,Air,True,Cougar
Noctua NH-C12P SE14,,750.0,1200.0,10.1,19.6,,,Air,False,Noctua
Noctua NH-U9DX 1366,,1000.0,1600.0,7.9,17.6,,,Air,False,Noctua
Antec KUHLER H2O 620,,1450.0,2000.0,,,,120.0,AIO,False,Antec
ARCTIC Alpine 11 Pro Rev. 2,,500.0,2000.0,,,,,Air,False,ARCTIC
Thermaltake CLP0587,1499.6,1200.0,1800.0,39.0,39.0,,,Air,True,Thermaltake
Phanteks PH-TC12DX_BK,,600.0,1800.0,21.9,27.6,,,Air,False,Phanteks
be quiet! Dark Rock Pro 2,,1500.0,1700.0,13.5,26.4,,,Air,False,be quiet!
Thermalright Macho Rev.A.,,900.0,1300.0,17.0,21.0,,,Air,False,Thermalright
Titan TTC-NC85TZ(RB),977.8,210.0,2100.0,28.8,28.8,,,Air,True,Titan
Cooler Master Nepton 120XL,,2400.0,2400.0,6.5,27.0,,120.0,AIO,False,Cooler Master
Cooler Master Blizzard T2,,2200.0,2200.0,30.0,30.0,,,Air,False,Cooler Master
Deepcool LUCIFER K2,,600.0,1800.0,18.2,32.4,,,Air,False,DeepCool
Thermaltake Water 3.0 Riing RGB 240,,800.0,1500.0,26.4,26.4,,240.0,AIO,False,Thermaltake
Enermax ETS-T50 AXE (Black),,800.0,1800.0,18.9,25.0,,,Air,False,Enermax
Silverstone Argon AR09-115XP,739.8,1200.0,5000.0,18.02,42.5,,,Air,True,SilverStone
ARCTIC Freezer 33,,,,,,,,Air,False,ARCTIC
ARCTIC Freezer 33 eSports ONE (Black/White),,200.0,1800.0,24.4,24.4,Black / White,,Air,False,ARCTIC
ID-COOLING AURAFLOW 240 SNOW,,700.0,1800.0,18.0,35.2,White,240.0,AIO,False,ID-COOLING
Gigabyte AORUS ATC700,,500.0,1700.0,12.0,31.0,Black / Orange,,Air,False,Gigabyte
Deepcool NEPTWIN WHITE,,900.0,1500.0,17.8,30.0,White,,Air,False,DeepCool
Cooler Master Hyper 212 RGB Phantom Gaming Edition,,650.0,2000.0,8.0,30.0,Black,,Air,False,Cooler Master
Scythe KOTETSU Mark II TUF,,300.0,1200.0,4.0,24.9,Black / Yellow,,Air,False,Scythe
Scythe Katana 5,,300.0,2300.0,7.3,28.83,Black / Silver,,Air,False,Scythe
ID-COOLING AURAFLOW X,,700.0,1800.0,18.0,35.2,Black,360.0,AIO,False,ID-COOLING
Gelid Solutions Phantom Black,,750.0,1600.0,12.0,26.7,Black / Silver,,Air,False,Gelid
RAIJINTEK Orcus 280 RGW,1399.8,400.0,1800.0,28.0,28.0,Black,280.0,AIO,True,RAIJINTEK
ID-COOLING ZOOMFLOW X,,700.0,1500.0,18.0,26.4,Black,360.0,AIO,False,ID-COOLING
Thermalright AXP-90i FULL Copper,,2700.0,2700.0,22.4,22.4,Orange / Brown,,Air,False,Thermalright
Thermalright Silver Soul 135,,1850.0,1850.0,29.6,29.6,Silver,,Air,False,Thermalright
ID-COOLING ICEFLOW ARGB,,900.0,2000.0,16.0,31.5,White,240.0,AIO,False,ID-COOLING
ID-COOLING ICEFLOW 240 ARGB SNOW,,900.0,2000.0,16.0,31.5,White,240.0,AIO,False,ID-COOLING
Cooler Master Hyper H410R White Edition,,600.0,2000.0,6.0,29.0,,,Air,False,Cooler Master
TEAMGROUP SIREN GD240E,,600.0,2200.0,14.3,35.6,White,240.0,AIO,False,Desconocida
GAMDIAS CHIONE P3-240U,,800.0,2000.0,10.0,31.0,Black,240.0,AIO,False,GAMDIAS
Jonsbo CR-1400 EVO Standard,,800.0,2200.0,22.3,33.8,Black,,Air,False,Jonsbo
Iceberg Thermal IceFLOE OASIS 240,,200.0,2200.0,28.9,28.9,Black,240.0,AIO,False,Iceberg Thermal
ID-COOLING FX360 ARGB,,500.0,1800.0,35.2,35.2,Black,360.0,AIO,False,ID-COOLING
ID-COOLING SE-903-XT-ARGB,,500.0,2200.0,25.8,25.8,White,,Air,False,ID-COOLING
PC Cooler DE360,,600.0,1850.0,16.0,33.8,Black,360.0,AIO,False,PC Cooler
Cooler Master MasterLiquid 120 Core II,,600.0,1750.0,30.0,30.0,Black,120.0,AIO,False,Cooler Master
Dynatron R15,979.0,,,,,,,Air,True,Dynatron
Thermaltake Frio Silent 14,714.8,700.0,1200.0,12.0,19.3,,,Air,True,Thermaltake
Xilence LQ120,1496.2,700.0,1600.0,18.0,32.5,Red / Black,120.0,AIO,True,Xilence
Dynatron R14,979.0,1500.0,7000.0,16.0,47.5,,,Air,True,Dynatron
Thermaltake Floe Riing RGB 280 TT Premium Edition,2639.2,500.0,1400.0,19.8,27.2,,280.0,AIO,True,Thermaltake
Jonsbo CR-1000,,700.0,1800.0,20.55,37.2,White,,Air,False,Jonsbo
Enermax AQUAFUSION ADV,,500.0,2000.0,15.0,32.6,White,360.0,AIO,False,Enermax
Phanteks Glacier One 280MPH,,500.0,2200.0,18.0,39.1,Black,280.0,AIO,False,Phanteks
Thermaltake TOUGHLIQUID ARGB,,500.0,2000.0,22.3,22.3,Green,240.0,AIO,False,Thermaltake
Thermalright Core Matrix,,2150.0,2150.0,27.0,27.0,White,240.0,AIO,False,Thermalright
Valkyrie DRAGONFANG,,800.0,2150.0,29.0,29.0,Black,240.0,AIO,False,Valkyrie
Thermaltake Floe DX RGB TT Premium Edition B,3799.8,500.0,1500.0,19.0,23.9,Black,240.0,AIO,True,Thermaltake
Mars Gaming MCPU-XU6,,800.0,2000.0,9.0,23.0,Black,,Air,False,Mars Gaming
ARCTIC Freezer 13 Pro,,300.0,1350.0,,,,,Air,False,ARCTIC
Thermaltake CL-P0326,,4200.0,4200.0,44.0,44.0,,,Air,False,Thermaltake
Corsair H40,,2000.0,2000.0,,,,120.0,AIO,False,Corsair
Prolimatech PRO-SAM17,,,,,,,,Air,False,Prolimatech
ARCTIC Alpine 64 GT,,500.0,2000.0,,,,,Air,False,ARCTIC
Dynatron K5,582.6,1000.0,2500.0,14.7,29.8,,,Air,True,Dynatron
be quiet! Dark Rock Advanced C1,,1500.0,1500.0,6.6,18.8,,,Air,False,be quiet!
Scythe Mugen 4,,400.0,1400.0,5.3,28.0,,,Air,False,Scythe
Thermalright TRUE Spirit 140 POWER,,900.0,1300.0,17.0,21.0,,,Air,False,Thermalright
Thermalright TRUE Spirit 120M(BW) Rev.A,,600.0,1300.0,25.4,25.4,,,Air,False,Thermalright
ARCTIC Liquid Freezer 120,,500.0,1350.0,,,,120.0,AIO,False,ARCTIC
Cooler Master MasterAir Maker 8,,600.0,1800.0,8.0,24.0,,,Air,False,Cooler Master
Raidmax Cobra 240,,500.0,1800.0,21.2,21.2,,240.0,AIO,False,Desconocida
Cooler Master MasterLiquid Pro 240,,500.0,2000.0,6.0,30.0,,240.0,AIO,False,Cooler Master
Deepcool CAPTAIN 120 EX,,500.0,1800.0,17.6,31.3,,120.0,AIO,False,DeepCool
Deepcool CAPTAIN 120EX WHITE,,500.0,1800.0,17.6,31.3,,120.0,AIO,False,DeepCool
Deepcool ICE BLADE PRO V2.0,,900.0,1500.0,17.8,30.0,,,Air,False,DeepCool
Thermaltake Engine 27,,1500.0,2500.0,13.0,25.0,,,Air,False,Thermaltake
Thermalright TRUE Spirit 140 Direct,,300.0,1300.0,15.0,21.0,,,Air,False,Thermalright
Alpenföhn Brocken 2,,1100.0,1100.0,19.0,19.0,,,Air,False,Alpenföhn
Alpenföhn Matterhorn Pure,,500.0,1500.0,8.0,24.8,,,Air,False,Alpenföhn
ID-COOLING Auraflow 240 RGB,,700.0,1800.0,18.0,35.2,,240.0,AIO,False,ID-COOLING
Cooler Master MasterLiquid ML240R RGB Phantom Gaming Edition,,650.0,2000.0,6.0,30.0,Black,240.0,AIO,False,Cooler Master
Alphacool Eisbaer 280,,1100.0,1100.0,29.4,29.4,Black / Blue,280.0,AIO,False,Alphacool
Thermalright SilverArrow TR4,,600.0,2500.0,21.0,45.0,Silver / Red,,Air,False,Thermalright
Rosewill PB240-RGB,,1500.0,1500.0,26.8,26.8,Black,240.0,AIO,False,Rosewill
ARCTIC Freezer i13 X CO,,300.0,2000.0,,,Black / White,,Air,False,ARCTIC
RAIJINTEK EOS 360 RBW,,800.0,1800.0,28.0,28.0,Black,360.0,AIO,False,RAIJINTEK
Thermalright Assassin King 120 Mini,,1500.0,1500.0,25.2,25.2,Black / Silver,,Air,False,Thermalright
ARESGAME RIVER 5,,600.0,1800.0,26.2,26.2,Black,,Air,False,Desconocida
Fractal Design Lumen S24,,500.0,2000.0,10.0,33.2,Black,240.0,AIO,False,Fractal Design
MSI MAG CORELIQUID RH,,500.0,2000.0,14.3,34.3,Black,240.0,AIO,False,MSI
MSI MAG CORELIQUID RH,,500.0,2000.0,14.3,34.3,Black,360.0,AIO,False,MSI
Asus TUF Gaming LC 120 RGB,,800.0,2000.0,,,Black,120.0,AIO,False,ASUS
ID-COOLING ICEFLOW ARGB,,900.0,2000.0,16.0,31.5,Black,240.0,AIO,False,ID-COOLING
ID-COOLING SE-224-XT ARGB DUET,,500.0,1500.0,13.8,30.5,,,Air,False,ID-COOLING
Thermalright TA120 EX,,1850.0,1850.0,29.6,29.6,Silver / Gray,,Air,False,Thermalright
EK EK-Nucleus AIO CR240 Vision D-RGB,,500.0,2200.0,33.5,33.5,Black,240.0,AIO,False,EK
Jonsbo CR-1100,,600.0,1500.0,18.0,31.0,Gray / Black,,Air,False,Jonsbo
TEAMGROUP SIREN GD240E,,600.0,2200.0,14.3,35.6,Black,240.0,AIO,False,Desconocida
Inter-Tech ALSEYE H240,,800.0,2000.0,13.5,35.2,Black,240.0,AIO,False,Inter-Tech
Inter-Tech ALSEYE H360,,800.0,2000.0,13.5,35.2,Black,360.0,AIO,False,Inter-Tech
Inter-Tech ALSEYE X360,,1600.0,1600.0,35.6,35.6,Gray / Black,360.0,AIO,False,Inter-Tech
Deepcool LE320,,500.0,2250.0,32.9,32.9,Black,120.0,AIO,False,DeepCool
Thermalright Frozen Magic EX,,1850.0,1850.0,29.6,29.6,Black,240.0,AIO,False,Thermalright
ID-COOLING FX120 ARGB,,500.0,1800.0,35.2,35.2,Black,120.0,AIO,False,ID-COOLING
ID-COOLING SE-214-XT-WL,,700.0,1800.0,35.2,35.2,White,,Air,False,ID-COOLING
ID-COOLING SE-902X-B,,600.0,2200.0,23.8,23.8,Black / Blue,,Air,False,ID-COOLING
Xilence LQ240 ARGB,,500.0,1500.0,18.0,30.2,White,240.0,AIO,False,Xilence
GAMDIAS BOREAS M2-510,,800.0,1800.0,10.0,32.0,White,,Air,False,GAMDIAS
GAMDIAS BOREAS E2-41D,,800.0,1800.0,10.0,32.0,White,,Air,False,GAMDIAS
Akasa SOHO 240 Dawn,,500.0,2000.0,14.5,31.8,White,240.0,AIO,False,Akasa
Vetroo R240,,,,,,White,240.0,AIO,False,Vetroo
Jonsbo CR-3000E ARGB,,600.0,1600.0,22.0,34.0,Black,,Air,False,Jonsbo
Mars Gaming MCPU-X5 ARGB,,800.0,2000.0,9.0,28.0,Black,,Air,False,Mars Gaming
SilenX EFZ-100HA2,489.6,2400.0,2400.0,8.0,24.0,,,Air,True,SilenX
Deepcool LS320 WH,,500.0,2250.0,32.9,32.9,White,120.0,AIO,False,DeepCool
Evercool HPFI-10025,360.0,1800.0,1800.0,23.0,23.0,,,Air,True,Evercool
Silverstone NT07-115X,674.8,1200.0,3400.0,18.0,26.0,,,Air,True,SilverStone
Cooler Master MasterLiquid ML360 Sub-Zero,,650.0,1900.0,8.0,26.0,Black,360.0,AIO,False,Cooler Master
Valkyrie SYN,,800.0,2150.0,29.0,29.0,Black / Red,240.0,AIO,False,Valkyrie
Evercool HPM-12025,,800.0,2500.0,15.0,35.0,,,Air,False,Evercool
Dynatron R8,859.0,,,,,,,Air,True,Dynatron
Silverstone Argon AR10-115XP,1224.2,500.0,4000.0,18.07,39.03,,,Air,True,SilverStone
Thermalright Frozen Guardian,,2150.0,2150.0,27.0,27.0,Black,360.0,AIO,False,Thermalright
Jonsbo CR-3000E,,600.0,1600.0,22.0,34.0,Black,,Air,False,Jonsbo
Evercool EC-NK804A-925EP,340.0,2750.0,2750.0,28.2,28.2,,,Air,True,Evercool
Dynatron R27,959.0,1000.0,3800.0,16.0,43.4,,,Air,True,Dynatron
Cooler Master Hyper D92,,800.0,2800.0,18.0,33.0,,,Air,False,Cooler Master
Scythe Kotetsu,,400.0,1400.0,5.3,28.0,,,Air,False,Scythe
Thermalright Macho Direct,1940.0,300.0,1300.0,15.0,21.0,,,Air,True,Thermalright
GameMax Gamma 500 ARGB,,1000.0,1800.0,26.3,26.3,Black / Silver,,Air,False,GameMax
Corsair H70,,1600.0,2000.0,26.0,31.5,,120.0,AIO,False,Corsair
Thermaltake Frio,,1200.0,2500.0,20.0,43.0,,,Air,False,Thermaltake
Zalman CNPS10X Performa,,900.0,2000.0,17.0,24.0,Silver / Black,,Air,False,Zalman
Xigmatek LOKI SD963,,1200.0,2800.0,20.0,28.0,,,Air,False,Xigmatek
Thermaltake Water 2.0 Extreme,,1200.0,2000.0,27.36,27.36,,240.0,AIO,False,Thermaltake
Cooler Master GeminII M4,,500.0,1600.0,8.0,30.0,,,Air,False,Cooler Master
ARCTIC Freezer 11 LP,,900.0,2000.0,,,,,Air,False,ARCTIC
Xigmatek ld964,,1000.0,2800.0,22.0,22.0,,,Air,False,Xigmatek
Thermaltake Water 3.0 Performer,,1000.0,2000.0,20.0,20.0,,120.0,AIO,False,Thermaltake
Thermaltake Water 3.0 Pro,,1000.0,2000.0,20.0,20.0,,120.0,AIO,False,Thermaltake
Dynatron R12,,,,0.0,0.0,,,Air,False,Dynatron
Cooler Master Seidon 120V,,2400.0,2400.0,19.0,40.0,,120.0,AIO,False,Cooler Master
CRYORIG R1 Ultimate,,700.0,1300.0,23.0,23.0,,,Air,False,CRYORIG
Deepcool NEPTWIN V2.0,,1300.0,1300.0,26.6,26.6,,,Air,False,DeepCool
Thermaltake Water 3.0 Extreme S,,1000.0,2000.0,20.0,20.0,,240.0,AIO,False,Thermaltake
LEPA AquaChanger 240,,500.0,2300.0,14.0,35.0,,240.0,AIO,False,Desconocida
NoFan CR-95C,,,,0.0,0.0,,,Air,False,Desconocida
ID-COOLING IS-60,,600.0,1600.0,13.8,30.2,,,Air,False,ID-COOLING
Cooler Master MasterLiquid Pro 120,,500.0,2000.0,6.0,30.0,,120.0,AIO,False,Cooler Master
Thermalright Le Grand Macho,,,,,,,,Air,False,Thermalright
Deepcool Maelstrom 120T,,600.0,1800.0,17.8,34.1,,120.0,AIO,False,DeepCool
Deepcool CAPTAIN 240EX RGB,,500.0,1800.0,17.6,31.3,,240.0,AIO,False,DeepCool
Gelid Solutions Rev. 4 Tranquillo,,750.0,1600.0,12.0,26.7,,,Air,False,Gelid
ARCTIC Freezer 33 eSports Edition (Black/Red),,200.0,1800.0,24.4,24.4,,,Air,False,ARCTIC
Cooler Master MasterAir MA610P,,1800.0,1800.0,35.0,35.0,Black,,Air,False,Cooler Master
SilentiumPC Fera 3 HE1224 v2,,500.0,1600.0,,,,,Air,False,SilentiumPC
Deepcool MAELSTROM 240 RGB,,500.0,1800.0,17.8,30.0,Black,240.0,AIO,False,DeepCool
Deepcool Fryzen,,500.0,1800.0,17.8,41.5,Silver / Black,,Air,False,DeepCool
ID-COOLING IS-30,,800.0,3600.0,17.0,35.8,,,Air,False,ID-COOLING
Deepcool GAMMAXX GT TGA,,500.0,1500.0,17.8,27.0,Black / Silver,,Air,False,DeepCool
Thermalright ARO-M14G,,300.0,1300.0,15.0,21.0,,,Air,False,Thermalright
Jonsbo TW3-240,,800.0,1500.0,25.0,25.0,Black,240.0,AIO,False,Jonsbo
Enermax LIQTECH II 360,,500.0,2300.0,14.0,28.0,White,360.0,AIO,False,Enermax
Deepcool GAMMAXX GT V2,,500.0,1650.0,27.8,27.8,Black / Silver,,Air,False,DeepCool
Enermax AQUAFUSION,,500.0,2000.0,17.0,32.6,White,120.0,AIO,False,Enermax
Silverstone IceGem 240P,4456.39,600.0,2200.0,7.3,36.6,Black,240.0,AIO,True,SilverStone
Cougar AQUA,,600.0,1800.0,35.0,35.0,Black,360.0,AIO,False,Cougar
MSI CORE FROZR S,,500.0,1800.0,17.2,33.6,Black / Red,,Air,False,MSI
Vetroo U6 Pro,,700.0,1500.0,18.1,30.5,White,,Air,False,Vetroo
MSI MAG CORELIQUID B,,500.0,2000.0,14.3,34.3,Black,240.0,AIO,False,MSI
Inter-Tech ALSEYE MAX 120,,600.0,1800.0,16.5,32.5,Black,120.0,AIO,False,Inter-Tech
Cooler Master MasterLiquid PL360 FLUX 30TH Anniversary Edition,,,,30.0,30.0,Black,360.0,AIO,False,Cooler Master
Thermalright Frozen Magic ARGB,,1500.0,1500.0,25.6,25.6,Black,360.0,AIO,False,Thermalright
ID-COOLING SE-214-XT-RX,,700.0,1800.0,35.2,35.2,Red / Black,,Air,False,ID-COOLING
Zalman ALPHA2 A24,,600.0,2000.0,29.7,29.7,Black,240.0,AIO,False,Zalman
Xilence LQ360 ​​ARGB,,500.0,1500.0,18.0,30.2,Black,360.0,AIO,False,Xilence
Vetroo R360,,,,,,Black,360.0,AIO,False,Vetroo
Dynatron R13,879.0,1100.0,6000.0,19.1,53.8,,,Air,True,Dynatron
Mars Gaming MCPU-XU6,,800.0,2000.0,9.0,23.0,White,,Air,False,Mars Gaming
Alpenföhn Glacier Water 280,4109.39,500.0,2000.0,36.4,36.4,Black,280.0,AIO,True,Alpenföhn
YEYIAN VATN ARGB 240,,800.0,2000.0,25.0,32.0,Black,240.0,AIO,False,Desconocida
Enermax Aquafusion 240,1899.4,500.0,2000.0,17.0,32.6,Black,240.0,AIO,True,Enermax
Thermaltake Engine 17,,1500.0,2500.0,11.0,23.0,Silver,,Air,False,Thermaltake
Noua Arcade,,700.0,1800.0,37.1,37.1,Black,,Air,False,Noua
Valkyrie VIND SL125,,800.0,2150.0,29.0,29.0,White / Blue,,Air,False,Valkyrie
Zalman ALPHA2 A36,,600.0,2000.0,29.7,29.7,White,360.0,AIO,False,Zalman
Antec KUHLER Box,,,,,,,,Air,False,Antec
ARCTIC Alpine 64 Pro Rev 2,,500.0,2000.0,,,,,Air,False,ARCTIC
StarTech FANK8AM2,,2600.0,2600.0,28.0,28.0,,,Air,False,Desconocida
Xigmatek Aegir SD128264,,1000.0,2200.0,20.0,20.0,,,Air,False,Xigmatek
Zalman CNPS9500 AT,,1300.0,2650.0,18.0,27.5,,,Air,False,Zalman
Enermax ETS-T40-TB,,800.0,1800.0,10.0,21.0,,,Air,False,Enermax
Phanteks PH-TC14PE_BL,,700.0,1200.0,13.4,19.0,,,Air,False,Phanteks
Thermaltake Water 2.0 Pro,,1200.0,2000.0,10.0,27.36,,120.0,AIO,False,Thermaltake
Zalman ZM-CNPS14X,,950.0,1350.0,17.0,21.0,,,Air,False,Zalman
Thermaltake NiC C5,,1000.0,2000.0,20.0,39.9,,,Air,False,Thermaltake
Zalman CNPS80F,,2500.0,2500.0,23.8,23.8,,,Air,False,Zalman
Thermaltake CLP0605,,800.0,1600.0,18.0,30.2,,,Air,False,Thermaltake
Antec KUHLER H2O 650,,600.0,2400.0,,,,120.0,AIO,False,Antec
ARCTIC Freezer i11,,500.0,2000.0,22.5,22.5,,,Air,False,ARCTIC
Thermalright HR-22,,,,,,,,Air,False,Thermalright
Fractal Design Kelvin S36,,800.0,1700.0,26.9,26.9,,360.0,AIO,False,Fractal Design
Dynatron T459,579.79,,,,,,,Air,True,Dynatron
ARCTIC Freezer i30,,400.0,1350.0,22.5,22.5,,,Air,False,ARCTIC
CRYORIG A40,,600.0,2200.0,13.0,37.0,,240.0,AIO,False,CRYORIG
ID-COOLING SE-902,,600.0,2200.0,14.0,23.8,,,Air,False,ID-COOLING
be quiet! Silent Loop 120,,2000.0,2000.0,16.1,36.9,,120.0,AIO,False,be quiet!
be quiet! Silent Loop 240,,2000.0,2000.0,16.1,36.9,,240.0,AIO,False,be quiet!
Deepcool ICE BLADE 100,,2200.0,2200.0,31.6,31.6,,,Air,False,DeepCool
Deepcool Maelstrom 120T RF,,600.0,1800.0,17.8,34.1,,120.0,AIO,False,DeepCool
RAIJINTEK TISIS CORE EDITION,,,,0.0,0.0,,,Air,False,RAIJINTEK
Enermax ETS-T50 AXE (White),,800.0,1800.0,18.9,25.0,,,Air,False,Enermax
Alpenföhn Brocken 2 PCGH,,700.0,700.0,18.5,18.5,,,Air,False,Alpenföhn
Alpenföhn Olymp,,300.0,1400.0,8.0,26.8,,,Air,False,Alpenföhn
ID-COOLING IS-40V3,,600.0,2500.0,14.0,33.0,,,Air,False,ID-COOLING
Enermax LiqTech TR4 360,,500.0,2300.0,14.0,28.0,,360.0,AIO,False,Enermax
ARCTIC Freezer 33 TR (Black/White),,200.0,1800.0,24.4,24.4,,,Air,False,ARCTIC
ARCTIC Freezer 33 Plus,,,,22.5,22.5,,,Air,False,ARCTIC
Deepcool CAPTAIN 240EX RGB WH,,500.0,1800.0,17.6,31.3,White / Black,240.0,AIO,False,DeepCool
ARCTIC Freezer 33 eSports ONE (Black/Yellow),,200.0,1800.0,24.4,24.4,Black / Yellow,,Air,False,ARCTIC
Alphacool EISBAER LT120,,550.0,1700.0,29.0,29.0,Black,120.0,AIO,False,Alphacool
ARCTIC Freezer 34 eSports,,200.0,2100.0,,,Green / Black,,Air,False,ARCTIC
ARCTIC Freezer 34 eSports DUO,,200.0,2100.0,24.4,24.4,Yellow / Black,,Air,False,ARCTIC
Rosewill ROCC-16002,,800.0,2000.0,23.6,23.6,Blue / Black,,Air,False,Rosewill
SilentiumPC Navis RGB 240,,800.0,2300.0,,,Black,240.0,AIO,False,SilentiumPC
GAMDIAS CHIONE M1A 240R,,1200.0,1500.0,,,Black,240.0,AIO,False,GAMDIAS
Enermax Liqtech II 240,,500.0,2300.0,14.0,28.0,Black,240.0,AIO,False,Enermax
Deepcool GAMERSTORM CAPTAIN 240PRO V2,,500.0,1800.0,30.0,30.0,Black,240.0,AIO,False,DeepCool
Cooler Master I71C RGB,,1800.0,1800.0,28.0,28.0,Silver / Black,,Air,False,Cooler Master
Jonsbo HP-400,,800.0,3000.0,14.0,33.0,Blue / White,,Air,False,Jonsbo
ID-COOLING AURAFLOW X,,700.0,1800.0,18.0,35.2,Black,120.0,AIO,False,ID-COOLING
upHere AC12BE,,600.0,1750.0,16.1,27.7,Black,,Air,False,upHere
ARCTIC Freezer A13 X CO,,300.0,2000.0,,,Black / White,,Air,False,ARCTIC
In Win SR24,2240.0,500.0,2500.0,23.0,23.0,Black,240.0,AIO,True,In Win
SilentiumPC Fera 3 RGB HE1224,,500.0,1600.0,,,Black / Silver,,Air,False,SilentiumPC
Akasa X4,,600.0,2500.0,17.0,29.5,Black / Silver,,Air,False,Akasa
Thermalright AXP-90R,,2700.0,2700.0,22.4,22.4,Silver / Gray,,Air,False,Thermalright
Enermax AQUAFUSION 360,,500.0,2000.0,17.0,32.6,Black,360.0,AIO,False,Enermax
Cougar AQUA,,600.0,1800.0,35.0,35.0,Black,120.0,AIO,False,Cougar
ARCTIC Liquid Freezer II 360 RGB,,200.0,1800.0,22.5,22.5,Black,360.0,AIO,False,ARCTIC
Vetroo darkstorm M2,,1600.0,1600.0,26.0,26.0,Black,,Air,False,Vetroo
Thermaltake TOUGHLIQUID ARGB,,500.0,2000.0,22.3,22.3,Black,240.0,AIO,False,Thermaltake
ID-COOLING DK-01T,,2200.0,2200.0,23.8,23.8,,,Air,False,ID-COOLING
ID-COOLING SE-914-XT BASIC V2,,600.0,2200.0,,,,,Air,False,ID-COOLING
ID-COOLING SE-207-XT BLACK,,700.0,1800.0,15.2,35.2,,,Air,False,ID-COOLING
ID-COOLING SE-213V2,,800.0,1600.0,16.0,20.2,,,Air,False,ID-COOLING
In Win Nebula NR24,,400.0,1800.0,25.0,25.0,Black / White,240.0,AIO,False,In Win
Alphacool Eisbaer Pro Aurora,3450.0,,,31.5,31.5,Black,240.0,AIO,True,Alphacool
Deepcool UL551 RGB,,500.0,1800.0,26.8,26.8,Black,,Air,False,DeepCool
Noua Numb,,800.0,1600.0,29.0,29.0,Black,,Air,False,Noua
Deepcool LE320,,500.0,2250.0,32.9,32.9,White,120.0,AIO,False,DeepCool
Enermax LIQMAX III RGB,,500.0,1600.0,14.0,27.0,Black,240.0,AIO,False,Enermax
ID-COOLING SE-206-XT,,700.0,1800.0,35.2,35.2,White,,Air,False,ID-COOLING
Deepcool AG620 Digital,,300.0,1950.0,29.4,29.4,White,,Air,False,DeepCool
Deepcool AG620 Digital ARGB,,300.0,1950.0,29.4,29.4,White,,Air,False,DeepCool
Deepcool LQ240,,600.0,2150.0,32.0,32.0,White,240.0,AIO,False,DeepCool
Antec KUHLER H2O 950,1182.6,,,,,,120.0,AIO,True,Antec
In Win SR24 PRO,,500.0,2500.0,23.0,23.0,Black,240.0,AIO,False,In Win
Zalman CNPS2X,,1500.0,2600.0,17.39,22.7,,,Air,False,Zalman
Fractal Design Kelvin T12,,800.0,1700.0,26.9,26.9,,120.0,AIO,False,Fractal Design
Silverstone Argon AR09-115XS,792.2,1200.0,5000.0,18.02,42.5,,,Air,True,SilverStone
RAIJINTEK JUNO-X,,1200.0,2500.0,26.0,26.0,Red / Black,,Air,False,RAIJINTEK
Silverstone AR11,936.59,1200.0,3000.0,19.3,44.5,Black / Silver,,Air,True,SilverStone
RAIJINTEK Orcus 360 RGW,,400.0,1800.0,28.0,28.0,Black,360.0,AIO,False,RAIJINTEK
Lian Li Galahad AIO240 (2022),,800.0,1900.0,32.0,32.0,White / Silver,240.0,AIO,False,Lian Li
Sapphire NITRO+ S360-A,,405.0,2400.0,17.9,36.2,Black / Silver,360.0,AIO,False,Desconocida
Gelid Solutions Glacier,,500.0,1600.0,35.0,35.0,White,,Air,False,Gelid
Thermaltake TOUGHLIQUID ARGB,,500.0,2500.0,28.1,28.1,Black,360.0,AIO,False,Thermaltake
GAMDIAS CHIONE E4,,450.0,1800.0,11.0,35.2,Black,420.0,AIO,False,GAMDIAS
Cooler Master Hyper N520,,,,19.0,19.0,,,Air,False,Cooler Master
Cooler Master V10 Hybrid TEC,,800.0,2400.0,17.0,17.0,,,Air,False,Cooler Master
Cooler Master V6 GT,,800.0,2200.0,15.0,38.0,,,Air,False,Cooler Master
Cooler Master Vortex Plus,,800.0,2800.0,17.0,35.0,,,Air,False,Cooler Master
Zalman CNPS9900MAX-R,,900.0,1700.0,18.0,30.0,,,Air,False,Zalman
Zalman CNPS9700 LED,,1250.0,2800.0,19.5,35.0,,,Air,False,Zalman
Rosewill RCX-ZAIO-92,799.0,600.0,2500.0,14.5,25.0,,,Air,True,Rosewill
StarTech FAN7751U,,4500.0,4500.0,39.0,39.0,,,Air,False,Desconocida
Prolimatech Megahalems Rev.B,,,,,,,,Air,False,Prolimatech
Zalman CNPS12X,,850.0,1200.0,22.0,24.0,,,Air,False,Zalman
Scythe BIG Shuriken 2 Rev. B,,500.0,2000.0,9.32,33.67,,,Air,False,Scythe
Gelid Solutions Slim Silence A-Plus,,1200.0,2600.0,15.0,27.2,,,Air,False,Gelid
Zalman CNPS8900 Quiet,,1000.0,1500.0,19.0,25.0,,,Air,False,Zalman
Phanteks PH-TC14PE_BK,,900.0,1200.0,13.4,19.0,,,Air,False,Phanteks
Zalman LQ-320,,900.0,2000.0,,,,120.0,AIO,False,Zalman
Prolimatech Megahalems (No Fans),,,,,,,,Air,False,Prolimatech
Rosewill ROCC-13001,,2000.0,2000.0,19.39,31.05,,,Air,False,Rosewill
Intel BXRTS2011AC,,1000.0,3000.0,,,,,Air,False,Intel
Gelid Solutions Siberian Pro,,900.0,2200.0,10.0,23.5,,,Air,False,Gelid
Enermax Liqtech 240,,2500.0,2500.0,30.0,30.0,,240.0,AIO,False,Enermax
Thermalright Silver Arrow IB-E Extreme,,600.0,2500.0,21.0,45.0,,,Air,False,Thermalright
Cooler Master Hyper 412 Slim,,500.0,1600.0,8.0,30.0,,,Air,False,Cooler Master
Thermalright MACHO 120 REV.A,,600.0,1300.0,25.4,25.4,,,Air,False,Thermalright
RAIJINTEK THEMIS,967.2,1000.0,1500.0,24.53,24.53,,,Air,True,RAIJINTEK
RAIJINTEK TISIS,,600.0,1000.0,23.0,23.0,,,Air,False,RAIJINTEK
Deepcool GABRIEL,,900.0,1800.0,18.2,32.4,,,Air,False,DeepCool
Deepcool CAPTAIN 240,,600.0,2200.0,17.6,39.29,,240.0,AIO,False,DeepCool
Phanteks PH-TC12LS_BK,,500.0,1800.0,25.0,25.0,,,Air,False,Phanteks
Evercool HPS-810CP,,1500.0,4000.0,16.2,37.5,,,Air,False,Evercool
X2 ECLIPSE IV,,800.0,2000.0,10.0,24.0,,,Air,False,Desconocida
Xigmatek Apache II,,1200.0,2500.0,28.0,28.0,,,Air,False,Xigmatek
Xigmatek Dark Knight SD1483 Night Hawk,,800.0,1200.0,18.0,18.0,,,Air,False,Xigmatek
Enermax Liqmax II 120,,500.0,2000.0,16.0,35.0,,120.0,AIO,False,Enermax
Enermax Liqmax II 240,,500.0,2000.0,16.0,35.0,,240.0,AIO,False,Enermax
Deepcool ASSASSIN II,,300.0,1400.0,17.8,27.3,,,Air,False,DeepCool
ID-COOLING SE-214X,,1800.0,1800.0,16.2,29.2,,,Air,False,ID-COOLING
Cooler Master MasterLiquid Pro 140,,650.0,2000.0,6.0,30.0,,140.0,AIO,False,Cooler Master
Deepcool CAPTAIN 120EX RGB,,500.0,1800.0,17.6,31.3,,120.0,AIO,False,DeepCool
Gelid Solutions Rev. 2 Tranquillo,899.2,750.0,1500.0,12.0,25.5,,,Air,True,Gelid
ARCTIC Freezer 33 eSports Edition (Black/White),,200.0,1800.0,24.4,24.4,,,Air,False,ARCTIC
ARCTIC Freezer 33 PENTA,,120.0,1350.0,22.5,22.5,,,Air,False,ARCTIC
ARCTIC Freezer 12 CO,,,,22.5,22.5,,,Air,False,ARCTIC
Scythe Kabuto 3,,300.0,1400.0,4.0,28.0,,,Air,False,Scythe
RAIJINTEK JUNO-X RGB,,1000.0,2000.0,28.0,28.0,,,Air,False,RAIJINTEK
Cooler Master MasterAir MA410M TUF Gaming Edition,,600.0,1800.0,6.0,31.0,Black / Yellow,,Air,False,Cooler Master
Cooler Master MasterAir MA620P TUF Gaming Edition,,600.0,1800.0,6.0,31.0,Black / Yellow,,Air,False,Cooler Master
Antec Mercury 360 RGB,,900.0,1800.0,36.0,36.0,Black / White,360.0,AIO,False,Antec
CRYORIG H7 Plus,,300.0,1600.0,25.0,25.0,Black / Silver,,Air,False,CRYORIG
Akasa Venom,,600.0,1900.0,6.9,28.9,Yellow / Black,,Air,False,Akasa
SilentiumPC Navis RGB 280,,800.0,1800.0,,,Black,280.0,AIO,False,SilentiumPC
Jonsbo CR-201 HIVES (Black),,800.0,1500.0,18.5,30.8,Black,,Air,False,Jonsbo
Thermalright AXP-100RH,,900.0,2500.0,,,Black / Red,,Air,False,Thermalright
Cooler Master MasterLiquid ML240 RGB (TR4 Edition),,650.0,2000.0,6.0,30.0,Black,240.0,AIO,False,Cooler Master
Rosewill PB120-RGB,,800.0,1800.0,27.8,27.8,Black,120.0,AIO,False,Rosewill
Deepcool Neptwin RGB,,500.0,1500.0,27.0,27.0,Black / Silver,,Air,False,DeepCool
Thermaltake Floe Riing RGB 360 TR4 Edition,,1000.0,2000.0,21.8,33.0,Black,360.0,AIO,False,Thermaltake
Gelid Solutions Phantom,,750.0,1600.0,12.0,26.7,Black / Silver,,Air,False,Gelid
upHere ACC92CF,,600.0,1700.0,16.1,27.7,Black,,Air,False,upHere
upHere ACC92RGB,,600.0,1700.0,16.1,27.7,Black,,Air,False,upHere
upHere CC2401-usa,,600.0,1700.0,16.1,27.7,Black,240.0,AIO,False,upHere
SilentiumPC Fortis 3 RGB HE1425,,500.0,1400.0,,,Black / Silver,,Air,False,SilentiumPC
In Win SR36,2600.0,500.0,2500.0,23.0,23.0,Black,360.0,AIO,True,In Win
ARCTIC Freezer 50,,200.0,1800.0,,,Black,,Air,False,ARCTIC
Alpenföhn Glacier Water 360,,500.0,1600.0,23.5,23.5,Black,360.0,AIO,False,Alpenföhn
Thermalright Assassin King 120 Plus,,1500.0,1500.0,25.6,25.6,Black / Silver,,Air,False,Thermalright
Fractal Design Lumen S28,,500.0,1700.0,10.0,35.5,Black,280.0,AIO,False,Fractal Design
Fractal Design Lumen S36,,500.0,2000.0,10.0,33.2,Black,360.0,AIO,False,Fractal Design
GAMDIAS CHIONE P2,,800.0,1800.0,,,Black,360.0,AIO,False,GAMDIAS
Scythe Mugen 5 S,,350.0,1800.0,4.0,22.9,Black / Silver,,Air,False,Scythe
Thermalright Ultra120EX REV.4,,2150.0,2150.0,28.1,28.1,Black,,Air,False,Thermalright
Thermaltake Water 3.0 Riing Red 140,,400.0,1500.0,18.5,26.4,Black / Red,140.0,AIO,False,Thermaltake
ID-COOLING DK-01S,,2200.0,2200.0,23.8,23.8,,,Air,False,ID-COOLING
ID-COOLING IS-47S,,800.0,3600.0,17.0,35.8,,,Air,False,ID-COOLING
ID-COOLING IS-40X V2,,800.0,2800.0,14.0,35.2,,,Air,False,ID-COOLING
ID-COOLING IS-20i,,800.0,2700.0,14.0,23.0,,,Air,False,ID-COOLING
ID-COOLING SE-224-XT BLACK V2,,700.0,1800.0,15.2,35.2,,,Air,False,ID-COOLING
ID-COOLING SE-234-ARGB V2,,500.0,1500.0,13.8,30.5,,,Air,False,ID-COOLING
ID-COOLING AURAFLOW X 240 TGA,,900.0,2000.0,16.0,31.5,Black,240.0,AIO,False,ID-COOLING
Inter-Tech ALSEYE X120,,1600.0,1600.0,35.6,35.6,Gray / Black,120.0,AIO,False,Inter-Tech
Thermalright Frozen Magic EX,,1850.0,1850.0,29.6,29.6,Black,120.0,AIO,False,Thermalright
Thermalright Frozen Magic EX,,1850.0,1850.0,29.6,29.6,Black,360.0,AIO,False,Thermalright
Thermalright Frozen Horizon ARGB,,2150.0,2150.0,28.1,28.1,White,360.0,AIO,False,Thermalright
GameMax Iceberg 240 Rainbow,,600.0,1800.0,25.0,32.0,Black,240.0,AIO,False,GameMax
Valkyrie VIND SL125,,800.0,2150.0,29.0,29.0,Black / Red,,Air,False,Valkyrie
Enermax LIQMAX III RGB,,500.0,1600.0,14.0,27.0,Black,120.0,AIO,False,Enermax
ID-COOLING DASHFLOW XT,,900.0,2000.0,32.5,32.5,Black,360.0,AIO,False,ID-COOLING
ID-COOLING IS-65-XT,,500.0,2200.0,32.3,32.3,Black,,Air,False,ID-COOLING
ID-COOLING ZOOMFLOW XT ELITE,,900.0,2000.0,16.2,31.5,White,240.0,AIO,False,ID-COOLING
ID-COOLING ZOOMFLOW XT V2,,500.0,1800.0,13.8,35.2,Black,240.0,AIO,False,ID-COOLING
Cooler Master MasterLiquid 360L Core SF6 Luke,,650.0,1750.0,27.2,27.2,White / Orange,360.0,AIO,False,Cooler Master
Xilence LQ360G.W.ARGB,,500.0,1500.0,18.0,30.2,White,360.0,AIO,False,Xilence
GAMDIAS BOREAS M2-510,,800.0,1800.0,10.0,32.0,Black,,Air,False,GAMDIAS
Ocypus Delta L36 ARGB,,500.0,2000.0,29.0,29.0,White,360.0,AIO,False,Ocypus
Thermalright Frost Vortex SE,,1650.0,1650.0,29.0,29.0,Black,,Air,False,Thermalright
Vetroo R360,,,,,,White,360.0,AIO,False,Vetroo
Cooler Master MasterLiquid Atmos II,,690.0,2500.0,38.5,38.5,White,360.0,AIO,False,Cooler Master
Dynatron R9,799.0,1000.0,4500.0,13.14,45.9,,,Air,True,Dynatron
Dynatron K199,780.0,1000.0,5000.0,20.71,51.7,,,Air,True,Dynatron
Silverstone NT06-PRO-V2,1606.8,1000.0,2200.0,,,Silver / Black,,Air,True,SilverStone
Akasa K32,,600.0,3000.0,17.2,30.54,,,Air,False,Akasa
ID-COOLING DX240 MAX,,,,32.5,32.5,White,240.0,AIO,False,ID-COOLING
Cooler Master RR-LEE-L911-GP,599.79,2200.0,2200.0,17.0,17.0,,,Air,True,Cooler Master
Gelid Solutions Slimhero,,750.0,1600.0,12.0,25.4,,,Air,False,Gelid
Dynatron K17,860.0,1000.0,2500.0,17.0,31.92,,,Air,True,Dynatron
Silverstone AR05,1013.8,2500.0,2500.0,20.0,28.3,,,Air,True,SilverStone
In Win BR36,2540.0,400.0,1800.0,35.5,35.5,Black / White,360.0,AIO,True,In Win
iTek Hydro Cube,,2000.0,2000.0,31.6,31.6,White,240.0,AIO,False,Desconocida
Mars Gaming MCPU-XU9,,800.0,2000.0,9.0,23.0,White,,Air,False,Mars Gaming
Zalman CNPS10X Extreme,,1000.0,2150.0,20.0,39.0,,,Air,False,Zalman
Zalman CNPS9900ALED,,800.0,2000.0,18.0,38.0,,,Air,False,Zalman
Xigmatek Thors Hammer,,,,0.0,0.0,,,Air,False,Xigmatek
Rosewill RCX-Z775-LP,,600.0,2600.0,16.0,24.5,,,Air,False,Rosewill
Rosewill RCX-Z90-CP,,600.0,3000.0,13.5,26.5,,,Air,False,Rosewill
Silverstone NT06-E,,,,0.0,0.0,,,Air,False,SilverStone
Silverstone NT07-1156,,1200.0,3000.0,15.0,38.0,,,Air,False,SilverStone
Scythe SCMN-2000,,500.0,1700.0,9.6,36.4,,,Air,False,Scythe
Thermaltake Frio OCK,,1200.0,2100.0,21.0,48.0,,,Air,False,Thermaltake
ARCTIC Freezer 13 Limited Edition,,600.0,2000.0,,,,,Air,False,ARCTIC
Zalman CNPS7X LED,,1250.0,1950.0,17.0,25.0,,,Air,False,Zalman
Antec KUHLER H2O 920,,700.0,2400.0,27.4,27.4,,120.0,AIO,False,Antec
Cooler Master Hyper 612 PWM,,600.0,2000.0,9.0,36.0,,,Air,False,Cooler Master
SilenX EFZ-100HA1,,1000.0,2000.0,8.0,24.0,,,Air,False,SilenX
Scythe SCBSK-2000,,,,9.32,33.67,,,Air,False,Scythe
Cooler Master TPC 812,,600.0,2400.0,19.0,40.0,,,Air,False,Cooler Master
NZXT HAVIK 120,,1200.0,1500.0,18.0,22.0,,,Air,False,NZXT
Zalman CNPS10X OPTIMA,,1000.0,1700.0,17.0,28.0,,,Air,False,Zalman
Thermaltake CLP0600,,1000.0,2400.0,19.3,30.0,,,Air,False,Thermaltake
Thermaltake A1964,,5500.0,5500.0,,,,,Air,False,Thermaltake
Dynatron R16,,1000.0,6000.0,21.5,55.8,,,Air,False,Dynatron
Phanteks PH-TC12DX_BL,,600.0,1800.0,21.9,27.6,,,Air,False,Phanteks
Evercool HPQ-12025,,800.0,2200.0,38.1,38.1,,,Air,False,Evercool
Cooler Master Eisberg 240L Prestige,,1600.0,1600.0,20.5,20.5,,240.0,AIO,False,Cooler Master
Cooler Master RR-T612-20PK-R1,,2000.0,2000.0,9.0,36.0,,,Air,False,Cooler Master
Cooler Master RR-T812-24PK-R2,,600.0,2400.0,19.0,40.0,,,Air,False,Cooler Master
Silverstone AR01,,1000.0,2200.0,16.39,33.5,,,Air,False,SilverStone
be quiet! Shadow Rock Topflow SR1,,1500.0,1500.0,9.6,24.4,,,Air,False,be quiet!
Dynatron R17,,1000.0,2500.0,17.0,31.92,,,Air,False,Dynatron
Scythe SCKC-3000,,500.0,1300.0,13.0,30.7,,,Air,False,Scythe
Thermalright HR-02 Rev.A(BW),,900.0,1300.0,17.0,21.0,,,Air,False,Thermalright
Enermax ELC-LM120S-HP,,2500.0,2500.0,30.0,30.0,,120.0,AIO,False,Enermax
Thermaltake CLP0604,,1200.0,2100.0,21.0,48.0,,,Air,False,Thermaltake
Thermalright TRUE Spirit 90M Rev.A,,800.0,2000.0,27.0,27.0,,,Air,False,Thermalright
Zalman FX70,,,,0.0,0.0,,,Air,False,Zalman
RAIJINTEK THEMIS Evo,1039.4,1000.0,1500.0,24.53,24.53,,,Air,True,RAIJINTEK
RAIJINTEK AIDOS,,1000.0,2200.0,28.87,28.87,,,Air,False,RAIJINTEK
LEPA LPALV12-BK,,2200.0,2200.0,23.0,23.0,,,Air,False,Desconocida
Prolimatech Basic 48,,1000.0,2000.0,,,,,Air,False,Prolimatech
Fractal Design Kelvin S24,,800.0,1700.0,26.9,26.9,,240.0,AIO,False,Fractal Design
Phanteks PH-TC14S_BK,,500.0,1600.0,25.3,25.3,,,Air,False,Phanteks
Thermalright Silver Arrow ITX,,300.0,1300.0,17.0,24.9,,,Air,False,Thermalright
Xigmatek Dark Knight SD1483 Frostbourne,,800.0,1200.0,18.0,18.0,,,Air,False,Xigmatek
CRYORIG A40 ULTIMATE,,600.0,2200.0,13.0,37.0,,240.0,AIO,False,CRYORIG
Gelid Solutions Antarctica,,450.0,4500.0,27.8,27.8,,,Air,False,Gelid
ID-COOLING SE-214,,1800.0,1800.0,16.2,29.2,,,Air,False,ID-COOLING
Antec Kühler H600 Pro,,600.0,2400.0,16.0,35.0,,120.0,AIO,False,Antec
ID-COOLING FROSTFLOW 240L-R,,800.0,2000.0,20.0,38.2,,240.0,AIO,False,ID-COOLING
Deepcool Maelstrom 240T,,600.0,1800.0,17.8,34.1,,240.0,AIO,False,DeepCool
Cooler Master MasterAir Pro 3,,650.0,3000.0,6.0,30.0,,,Air,False,Cooler Master
Cooler Master MasterAir Pro 4,,650.0,2000.0,6.0,30.0,,,Air,False,Cooler Master
Alpenföhn Sella,,850.0,2200.0,14.0,29.8,,,Air,False,Alpenföhn
Cooler Master Seidon 240P,,800.0,2400.0,12.0,35.0,,240.0,AIO,False,Cooler Master
Cooler Master Seidon 240V,,800.0,2400.0,12.0,35.0,,240.0,AIO,False,Cooler Master
FSP Group Windale 6,,600.0,1600.0,32.0,32.0,,,Air,False,FSP
ARCTIC Freezer 33 TR (Black/Red),,200.0,1800.0,24.4,24.4,,,Air,False,ARCTIC
ROCCAT ROCC-16003,,800.0,2200.0,25.0,25.0,Black / Silver,,Air,False,Desconocida
ARCTIC Freezer 33 eSports ONE (Black/Green),,200.0,1800.0,24.4,24.4,,,Air,False,ARCTIC
RAIJINTEK JUNO-X,,1200.0,2500.0,26.0,26.0,Green / Black,,Air,False,RAIJINTEK
Enermax Liqfusion 240,,500.0,2000.0,14.0,28.0,Black,240.0,AIO,False,Enermax
Deepcool Castle 280 RGB,,500.0,1800.0,19.8,35.4,Black,280.0,AIO,False,DeepCool
Antec Mercury 240 RGB,,900.0,1800.0,36.0,36.0,Black / White,240.0,AIO,False,Antec
Antec Mercury 120,,900.0,1800.0,30.0,30.0,Black / White,120.0,AIO,False,Antec
Enermax Liqtech TR4 II 280,,500.0,1500.0,14.0,25.0,Black,280.0,AIO,False,Enermax
FSP Group Windale 4,762.0,600.0,1600.0,32.0,32.0,Black / Silver,,Air,True,FSP
Enermax Liqtech II 360,,500.0,2300.0,14.0,28.0,Black,360.0,AIO,False,Enermax
RAIJINTEK JUNO PRO RBW,,400.0,1800.0,28.0,28.0,Black,,Air,False,RAIJINTEK
Thermalright MACHO Rev.C,,600.0,1500.0,19.0,23.0,Silver / Black,,Air,False,Thermalright
GameMax Iceberg 120,,600.0,1800.0,25.0,32.0,Black,120.0,AIO,False,GameMax
GameMax Iceberg 120 ARGB,,1100.0,1100.0,25.0,25.0,Black,120.0,AIO,False,GameMax
Enermax Aquafusion 120,,500.0,2000.0,17.0,32.6,Black,120.0,AIO,False,Enermax
Silverstone HE01-V2,,500.0,2000.0,18.0,41.0,Silver / Black,,Air,False,SilverStone
Phanteks PH-TC12LS_RGB,,,,25.0,25.0,Black / White,,Air,False,Phanteks
Gelid Solutions Sirocco,,750.0,2000.0,40.4,40.4,Black / Silver,,Air,False,Gelid
Zalman CNPS17X,400.0,800.0,1500.0,29.0,29.0,Black / Silver,,Air,True,Zalman
upHere CCF150RD,,600.0,1800.0,16.1,27.7,Black,,Air,False,upHere
upHere CCF150ARGB,,600.0,1800.0,16.1,27.7,Black,,Air,False,upHere
upHere CC120RGB,,600.0,1700.0,16.1,27.7,Black / White,120.0,AIO,False,upHere
Zalman CNPS16X,,800.0,1500.0,27.0,27.0,White,,Air,False,Zalman
CRYORIG R5,,700.0,1300.0,19.0,23.0,Black,,Air,False,CRYORIG
ID-COOLING ZOOMFLOW X,,700.0,1500.0,18.0,26.4,White,360.0,AIO,False,ID-COOLING
GameMax Ice Chill 120,,800.0,1900.0,28.8,28.8,Black,120.0,AIO,False,GameMax
GAMDIAS CHIONE E1,,1500.0,1500.0,,,Black,120.0,AIO,False,GAMDIAS
GAMDIAS CHIONE M1,,600.0,1200.0,,,Black,280.0,AIO,False,GAMDIAS
Thermalright AXP-90i,,2700.0,2700.0,22.4,22.4,Gray,,Air,False,Thermalright
Thermalright Ultra120EX REV.4,,2150.0,2150.0,28.1,28.1,White,,Air,False,Thermalright
ID-COOLING DK-09i,,2200.0,2200.0,26.8,26.8,,,Air,False,ID-COOLING
ID-COOLING SE-213 RAINBOW,,500.0,1600.0,16.0,20.2,,,Air,False,ID-COOLING
ID-COOLING SE-902-SD,,2000.0,2000.0,23.1,23.1,,,Air,False,ID-COOLING
Cooler Master GeminII M5 LED,,500.0,1600.0,31.0,31.0,,,Air,False,Cooler Master
Cooler Master Vortex 211Q,,1500.0,1500.0,,,,,Air,False,Cooler Master
Alphacool Eisbaer Pro HPE Aurora,,,,31.5,31.5,Black,360.0,AIO,False,Alphacool
Jonsbo HX6240,,700.0,1800.0,28.0,37.6,Black,,Air,False,Jonsbo
Jonsbo PISA A4,,800.0,1850.0,36.8,36.8,Gray,,Air,False,Jonsbo
Noua Siberus TR360,,800.0,1800.0,25.0,32.0,Black,360.0,AIO,False,Noua
Noua Siberus TR120,,800.0,1800.0,18.0,30.0,Black,120.0,AIO,False,Noua
Noua Siberus Pro 120,,800.0,1800.0,32.0,32.0,Black,120.0,AIO,False,Noua
Noua Siberus Pro 240,,800.0,1800.0,32.0,32.0,Black,240.0,AIO,False,Noua
Noua Sub-Zero AT240,,800.0,2000.0,31.0,31.0,Black,240.0,AIO,False,Noua
Noua Blizzard,,2200.0,2200.0,23.4,23.4,Silver / Black,,Air,False,Noua
Noua Ena,,800.0,1800.0,28.0,28.0,Black / Silver,,Air,False,Noua
Noua Vex,,1500.0,1500.0,,,Black / Silver,,Air,False,Noua
Jonsbo HX5230,,700.0,1800.0,25.2,37.6,Black,,Air,False,Jonsbo
GameMax Iceberg 120 Rainbow,,600.0,1800.0,25.0,32.0,Black,120.0,AIO,False,GameMax
Thermalright TA120 EX Black,,1850.0,1850.0,29.6,29.6,Black,,Air,False,Thermalright
ID-COOLING IS-30i BLACK,,800.0,3600.0,17.0,35.8,Black,,Air,False,ID-COOLING
ID-COOLING FX240,,700.0,1800.0,35.2,35.2,Black,240.0,AIO,False,ID-COOLING
ID-COOLING IS-50 MAX RGB V3,,900.0,2000.0,31.2,31.2,Black / Silver,,Air,False,ID-COOLING
Xilence LQ360PRO.ARGB,,500.0,1800.0,18.0,32.0,Black,360.0,AIO,False,Xilence
Ocypus Delta L24 ARGB,,500.0,2000.0,29.0,29.0,White,240.0,AIO,False,Ocypus
FSP Group NP5,,800.0,1600.0,28.0,28.0,Black,,Air,False,FSP
FSP Group NP5 ARGB,,800.0,1600.0,28.0,28.0,Black / Silver,,Air,False,FSP
Mars Gaming MCPU-XU9,,800.0,2000.0,9.0,23.0,Black,,Air,False,Mars Gaming
Thermaltake TOUGHAIR 510,1199.8,500.0,1200.0,23.6,23.6,Teal,,Air,True,Thermaltake
Gelid Solutions Glacier,,500.0,1600.0,35.0,35.0,Black,,Air,False,Gelid
Thermaltake CLP0552,599.6,800.0,1700.0,22.0,22.0,,,Air,True,Thermaltake
Akasa Nero 3,2373.6,500.0,1500.0,24.6,24.6,,,Air,True,Akasa
RAIJINTEK EREBOSS CORE EDITION,,,,0.0,0.0,,,Air,False,RAIJINTEK
Silverstone AR08,912.6,1500.0,2800.0,14.1,27.7,Blue / Silver,,Air,True,SilverStone
Cooler Master X Dream L115,,2200.0,2200.0,,,,,Air,False,Cooler Master
Alpenföhn Dolomit Advanced,,500.0,1600.0,23.5,23.5,Black,,Air,False,Alpenföhn
In Win SR36 PRO,2846.8,500.0,2500.0,23.0,23.0,Black,360.0,AIO,True,In Win
ID-COOLING DX360 MAX,,,,32.5,32.5,White,360.0,AIO,False,ID-COOLING
GAMDIAS CHIONE E4,,450.0,1800.0,11.0,35.2,White,420.0,AIO,False,GAMDIAS
Zalman Alpha2 DS A36,,600.0,2000.0,29.7,29.7,Black,360.0,AIO,False,Zalman
Zalman Alpha2 DS A36,,600.0,2000.0,29.7,29.7,White,360.0,AIO,False,Zalman
Antec KUHLER Flow,,,,,,,,Air,False,Antec
Antec KUHLER Shelf,,,,,,,,Air,False,Antec
Cooler Master DI5-8E5PA-0L-GP,,2800.0,2800.0,22.0,22.0,,,Air,False,Cooler Master
Cooler Master RR-V6SV-22PR-R1,,800.0,2200.0,15.0,38.0,,,Air,False,Cooler Master
Thermaltake CLP0534,,1200.0,2400.0,20.0,26.9,,,Air,False,Thermaltake
Zalman 9500A,,1350.0,2600.0,18.0,27.0,,,Air,False,Zalman
Xion XON-HP9310P,,1000.0,3000.0,16.0,25.3,,,Air,False,Desconocida
Zalman CNPS10X QUIET,,700.0,1400.0,26.0,26.0,,,Air,False,Zalman
Zalman CNPS7000C-AlCu,,1350.0,2400.0,17.0,24.0,,,Air,False,Zalman
Masscool 5W1081F1M3,,2400.0,2400.0,31.0,31.0,,,Air,False,Masscool
Rosewill RCX-Z1,,1700.0,3100.0,18.0,33.4,,,Air,False,Rosewill
Rosewill RCX-Z300,,,,,,,,Air,False,Rosewill
Scythe SCMG-2100,,,,26.5,26.5,,,Air,False,Scythe
Silverstone NT07-775,,1200.0,1800.0,15.0,23.0,,,Air,False,SilverStone
Zalman CNPS8000A,,1400.0,2600.0,20.0,30.0,,,Air,False,Zalman
Xigmatek Dark Knight S1283V,,1000.0,2200.0,30.1,30.1,,,Air,False,Xigmatek
Xigmatek HDT-D1284,,800.0,1500.0,27.2,27.2,,,Air,False,Xigmatek
Xigmatek HDT-S963,,1200.0,2800.0,23.0,35.0,,,Air,False,Xigmatek
Xigmatek HDT-SD964,,1200.0,2800.0,22.0,30.0,,,Air,False,Xigmatek
ZEROtherm ZT-570D,,900.0,2300.0,30.0,30.0,,,Air,False,ZEROtherm
Zalman CNPS11X Extreme,,1000.0,1950.0,17.0,33.0,,,Air,False,Zalman
Cooler Master DI5-9HDSC-A1-GP,,2200.0,2200.0,23.8,23.8,,,Air,False,Cooler Master
Evercool NI01-9525EP,,2600.0,2600.0,33.0,33.0,,,Air,False,Evercool
Thermaltake CLP0555,,300.0,2500.0,12.0,16.0,,,Air,False,Thermaltake
Scythe SCKZT-1000,,800.0,3300.0,8.2,32.5,,,Air,False,Scythe
Thermaltake CL-P0187,,4800.0,4800.0,36.0,36.0,,,Air,False,Thermaltake
Xigmatek Prime SD1484,,800.0,1200.0,18.0,18.0,,,Air,False,Xigmatek
Gelid Solutions Rev. 1 Tranquillo,,750.0,1500.0,12.0,25.5,,,Air,False,Gelid
Scythe SCMG-3000,,300.0,1600.0,26.5,26.5,,,Air,False,Scythe
Thermalright Silver Arrow,,500.0,1300.0,17.0,21.0,,,Air,False,Thermalright
Cooler Master GeminII S524,,800.0,1800.0,15.1,31.6,,,Air,False,Cooler Master
Enermax ETS-T40-TA,,800.0,1800.0,16.0,21.0,,,Air,False,Enermax
Enermax ETS-T40-VD,,800.0,1800.0,16.0,21.0,,,Air,False,Enermax
Titan TTC-NK35TZ/RPW/V2,,900.0,2800.0,12.0,31.0,,,Air,False,Titan
NZXT HAVIK 140,,1200.0,1200.0,25.0,25.0,,,Air,False,NZXT
Nexus FLC-3000 R2,,900.0,2500.0,15.0,24.0,,,Air,False,Desconocida
Logisys IC221PWM,,900.0,2400.0,17.8,26.4,,,Air,False,Logisys
Thermaltake Water 2.0 Performer,,1200.0,2000.0,10.0,27.36,,120.0,AIO,False,Thermaltake
Phanteks PH-TC14CS,,700.0,1200.0,13.4,19.0,,,Air,False,Phanteks
SilenX EFZ-80HA3,,2200.0,2200.0,8.0,24.0,,,Air,False,SilenX
Silverstone SST-HE01,,500.0,2000.0,18.0,41.0,,,Air,False,SilverStone
ARCTIC Alpine 11 Plus,,600.0,2000.0,14.0,14.0,,,Air,False,ARCTIC
Zalman CNPS8000B,,1400.0,2800.0,20.0,32.0,,,Air,False,Zalman
Zalman CNPS11X Performa,,1000.0,1600.0,17.0,26.0,,,Air,False,Zalman
Zalman CNPS8900 Extreme,,1250.0,2800.0,19.5,35.0,,,Air,False,Zalman
Evercool NI2011E-9525EP,,1000.0,3000.0,28.0,28.0,,,Air,False,Evercool
ARCTIC Freezer i30 Extreme,,400.0,1350.0,,,,,Air,False,ARCTIC
Dynatron R4,,,,,,,,Air,False,Dynatron
Scythe SCSMZ-2100,,300.0,2500.0,7.2,31.07,,,Air,False,Scythe
Thermaltake CLP0596,,800.0,2000.0,21.0,44.0,,,Air,False,Thermaltake
Silverstone HE02,,,,,,,,Air,False,SilverStone
Phanteks PH-TC90LS,,1000.0,2500.0,19.0,26.0,,,Air,False,Phanteks
NZXT Respire T20,,1300.0,1800.0,26.5,34.0,,,Air,False,NZXT
NZXT Respire T40,,1300.0,1800.0,26.5,34.0,,,Air,False,NZXT
Zalman LQ-310,,900.0,2000.0,,,,120.0,AIO,False,Zalman
Zalman CNPS9900 D/F,,900.0,1400.0,19.0,27.0,,,Air,False,Zalman
Titan TTC-NC55TZ/RB,,1800.0,2200.0,28.8,38.0,,,Air,False,Titan
Thermalright Silver Arrow Extreme,,600.0,2500.0,21.0,45.0,,,Air,False,Thermalright
Cooler Master Eisberg 120L Prestige,,1600.0,1600.0,20.5,20.5,,120.0,AIO,False,Cooler Master
Zalman CNPS90F,,2300.0,2300.0,29.0,29.0,,,Air,False,Zalman
Scythe Ashura,,500.0,1300.0,13.0,30.7,,,Air,False,Scythe
Thermaltake CLW0214,,1200.0,2500.0,20.0,43.0,,120.0,AIO,False,Thermaltake
Enermax ETS-T40-W,,2200.0,2200.0,31.2,31.2,,,Air,False,Enermax
Thermalright TS-120M(BW),,600.0,1300.0,24.5,24.5,,,Air,False,Thermalright
Thermalright TS-140,,900.0,1300.0,17.0,21.0,,,Air,False,Thermalright
Xigmatek Praeton LD963,,1200.0,2800.0,22.0,22.0,,,Air,False,Xigmatek
Zalman CNPS7000V(AL)-1-PWMB,,800.0,2600.0,20.0,32.0,,,Air,False,Zalman
Antec KUHLER H2O 1250,,600.0,2400.0,16.0,38.0,,240.0,AIO,False,Antec
Dynatron T450,,800.0,2500.0,16.0,27.3,,,Air,False,Dynatron
Silverstone NT06-PRO,,1000.0,2200.0,,,,,Air,False,SilverStone
Thermalright Macho-120,,900.0,1300.0,17.0,21.0,,,Air,False,Thermalright
Enermax Liqtech 120X,,600.0,2500.0,15.0,30.0,,120.0,AIO,False,Enermax
Thermaltake NiC L32,,500.0,1800.0,18.0,38.4,,,Air,False,Thermaltake
Xigmatek Janus LD1266,,1200.0,1200.0,19.2,22.4,,,Air,False,Xigmatek
Zalman CNPS7000-AlCu,,1350.0,2400.0,17.0,24.0,,,Air,False,Zalman
CRYORIG C1,,700.0,1300.0,24.0,24.0,,,Air,False,CRYORIG
Thermalright SILVER ARROW IB-E,,900.0,1300.0,21.0,25.0,,,Air,False,Thermalright
Thermalright Venomous X RT Rev.SB-E,,700.0,1500.0,17.0,28.5,,,Air,False,Thermalright
RAIJINTEK ZELOS,,800.0,1400.0,20.0,20.0,,,Air,False,RAIJINTEK
RAIJINTEK PALLAS Red,,650.0,1400.0,28.0,28.0,,,Air,False,RAIJINTEK
RAIJINTEK RHEA,,800.0,2200.0,27.9,27.9,,,Air,False,RAIJINTEK
RAIJINTEK AIDOS BLACK,,1000.0,2200.0,28.87,28.87,,,Air,False,RAIJINTEK
Zero Infinity Shiva,,2200.0,2200.0,,,,,Air,False,Desconocida
Scythe Ashura Shadow,,500.0,1300.0,13.0,30.7,,,Air,False,Scythe
Deepcool FROSTWIN V2.0,,1600.0,1600.0,17.8,21.0,,,Air,False,DeepCool
RAIJINTEK TRITON,,1000.0,2600.0,21.6,36.6,,240.0,AIO,False,RAIJINTEK
Thermaltake MeOrb II,,1500.0,2500.0,18.5,28.0,,,Air,False,Thermaltake
Thermaltake CL-P008-AL09WT-A,,1800.0,1800.0,21.0,21.0,,,Air,False,Thermaltake
Swiftech H240-X,,700.0,1800.0,8.3,28.8,,280.0,AIO,False,Desconocida
Rosewill AIOLOS,,1500.0,1500.0,24.6,24.6,,,Air,False,Rosewill
Prolimatech Basic 45,,1000.0,2000.0,,,,,Air,False,Prolimatech
Masscool 5T568S1H3,,4200.0,4200.0,31.8,31.8,,,Air,False,Masscool
LEPA AquaChanger 120,,500.0,2300.0,14.0,35.0,,120.0,AIO,False,Desconocida
Cooler Master Glacer 240L Ver. 2,,2400.0,2400.0,19.0,40.33,,240.0,AIO,False,Cooler Master
Evercool TRANSFORMER S,,2200.0,2200.0,20.0,20.0,,,Air,False,Evercool
Akasa Nero LX,,600.0,1900.0,11.5,31.5,,,Air,False,Akasa
Akasa Venom Voodoo,,600.0,1900.0,6.9,28.9,,,Air,False,Akasa
Thermaltake BigTyp Revo.,,800.0,1800.0,20.0,20.0,,,Air,False,Thermaltake
Cooler Master GeminII S524 Ver 2,,2000.0,2000.0,22.0,22.0,,,Air,False,Cooler Master
ID-COOLING IS-VC45,,600.0,2500.0,14.0,33.0,,,Air,False,ID-COOLING
SilentiumPC Grandis XE1236,,500.0,1500.0,21.0,21.0,,,Air,False,SilentiumPC
Thermaltake Water 3.0 Performer C + LNC,,1200.0,2000.0,27.36,27.36,,120.0,AIO,False,Thermaltake
SilentiumPC Spartan LT HE922,,800.0,2000.0,9.9,21.9,,,Air,False,SilentiumPC
Scythe SCNJ-4000,,300.0,1500.0,4.0,29.5,,,Air,False,Scythe
LEPA EXllusion 240,,500.0,1800.0,14.0,30.0,,240.0,AIO,False,Desconocida
Thermalright TRUE Spirit 140 (BW),,300.0,1300.0,15.0,21.0,,,Air,False,Thermalright
Enermax ETS-T40F-RF,,500.0,1200.0,10.0,19.0,,,Air,False,Enermax
Enermax ETS-T40F-W,,2200.0,2200.0,27.0,27.0,,,Air,False,Enermax
Silverstone NT01-PRO,,,,0.0,0.0,,,Air,False,SilverStone
Thermalright AXP-100 Muscle,,900.0,2500.0,22.0,30.0,,,Air,False,Thermalright
Thermalright AXP-100R,,900.0,2500.0,22.0,30.0,,,Air,False,Thermalright
Scythe FUMA,,300.0,1400.0,13.0,28.0,,,Air,False,Scythe
ID-COOLING IS-25,,800.0,2700.0,14.0,23.0,,,Air,False,ID-COOLING
ID-COOLING SE-204K,,800.0,1800.0,16.2,29.2,,,Air,False,ID-COOLING
Thermalright Macho X2 Limited Edition,,800.0,800.0,15.0,15.0,,,Air,False,Thermalright
Noctua NH-U9DO A3,,1000.0,1600.0,7.9,17.6,,,Air,False,Noctua
Thermalright Archon IB-E X2,,900.0,1300.0,17.0,21.0,,,Air,False,Thermalright
Deepcool CAPTAIN360EX,,500.0,1800.0,17.6,31.3,,360.0,AIO,False,DeepCool
Silverstone NT08-115X,,1200.0,3500.0,21.56,62.88,,,Air,False,SilverStone
Thermaltake Riing Silent 12 Blue,,300.0,1400.0,13.0,18.0,,,Air,False,Thermaltake
ARCTIC Alpine 20 PLUS CO,,600.0,2200.0,,,,,Air,False,ARCTIC
be quiet! Silent Loop 280,,1600.0,1600.0,16.1,37.3,,280.0,AIO,False,be quiet!
Alpenföhn Matterhorn Rev. C – White Edition,,500.0,1500.0,18.2,18.2,,,Air,False,Alpenföhn
Alpenföhn Matterhorn Rev. C – Black Edition,,500.0,1500.0,18.2,18.2,,,Air,False,Alpenföhn
Thermaltake Contac 39,,800.0,2000.0,15.0,33.2,,,Air,False,Thermaltake
RIOTORO BIFROST 240,,,,,,,240.0,AIO,False,Desconocida
Gelid Solutions Rev. 3 Tranquillo,,750.0,1500.0,12.0,26.5,,,Air,False,Gelid
Cooltek LP53,,1000.0,2100.0,16.0,27.1,,,Air,False,Desconocida
OcUK 240mm Extreme,,,,,,,240.0,AIO,False,Desconocida
Enermax LiqTech TR4 240,,500.0,2300.0,14.0,28.0,,240.0,AIO,False,Enermax
ARCTIC Freezer 33 eSports Edition (Black/Yellow),,200.0,1800.0,24.4,24.4,,,Air,False,ARCTIC
Enermax ETS-N30R-TAA,,800.0,2800.0,16.0,27.0,,,Air,False,Enermax
Enermax ETS-N30R-HE,,600.0,2800.0,12.0,28.0,,,Air,False,Enermax
Deepcool CAPTAIN 360EX WHITE RGB,,500.0,1800.0,17.6,31.3,,360.0,AIO,False,DeepCool
RAIJINTEK JUNO-X,,1200.0,2500.0,26.0,26.0,Blue / Black,,Air,False,RAIJINTEK
RAIJINTEK LETO B,,800.0,1800.0,29.0,29.0,Black / Blue,,Air,False,RAIJINTEK
ID-COOLING AURAFLOW 120,,700.0,1800.0,18.0,35.2,Black,120.0,AIO,False,ID-COOLING
ID-COOLING AURAFLOW 120 SNOW,,700.0,1800.0,18.0,35.2,White,120.0,AIO,False,ID-COOLING
Scythe SCBYK-1000,,300.0,2300.0,7.2,28.26,Silver / Black,,Air,False,Scythe
Scythe SCIOR-1000,,300.0,1800.0,4.5,26.7,Black / Silver,,Air,False,Scythe
Antec Mercury 120 RGB,,900.0,1800.0,36.0,36.0,Black / White,120.0,AIO,False,Antec
LEPA NEOllusion-RGB M/B Sync,,400.0,1800.0,14.0,33.0,Black,,Air,False,Desconocida
Enermax Liqtech TR4 II 240,,500.0,2300.0,14.0,28.0,Black,240.0,AIO,False,Enermax
Rosewill PB240,,600.0,1800.0,34.1,34.1,Black,240.0,AIO,False,Rosewill
ID-COOLING Chromaflow240,,900.0,2000.0,16.3,33.5,Black,240.0,AIO,False,ID-COOLING
RAIJINTEK MYA RBW,,200.0,1400.0,28.43,28.43,Black,,Air,False,RAIJINTEK
RAIJINTEK DELOS RBW,,650.0,2000.0,22.95,22.95,Black,,Air,False,RAIJINTEK
Thermalright ARO-M14O,,300.0,1300.0,15.0,21.0,Orange / Silver,,Air,False,Thermalright
CRYORIG C7 RGB,,600.0,2500.0,30.0,30.0,White,,Air,False,CRYORIG
CRYORIG H7 ULTRA,,300.0,1600.0,25.0,25.0,Black / Silver,,Air,False,CRYORIG
Thermalright AXP-200 Muscle,,700.0,1300.0,,,Black / White,,Air,False,Thermalright
RAIJINTEK PALLAS 120 RGB,,200.0,1400.0,28.43,28.43,Black,,Air,False,RAIJINTEK
Deepcool Captain 240 Pro,,500.0,1800.0,30.0,30.0,Black,240.0,AIO,False,DeepCool
Thermalright SilverArrow T8,,600.0,1800.0,19.0,25.0,Silver / Red,,Air,False,Thermalright
Thermalright Macho 120 SBM,,300.0,1300.0,21.0,33.0,Black / White,,Air,False,Thermalright
Rosewill PB120,,600.0,1800.0,34.1,34.1,Black,120.0,AIO,False,Rosewill
upHere ACC92RD,,600.0,1700.0,16.1,27.7,Black,,Air,False,upHere
upHere CC2402-usa,,600.0,1700.0,16.1,27.7,Black,240.0,AIO,False,upHere
Rosewill ROCC-17001,,1500.0,2500.0,13.0,25.0,Silver,,Air,False,Rosewill
Dynatron K987,,1200.0,2800.0,16.08,34.48,Black / Silver,,Air,False,Dynatron
SilentiumPC Navis RGB 360,,500.0,1600.0,,,Black / White,360.0,AIO,False,SilentiumPC
Deepcool CAPTAIN 240 RGB V2,,500.0,1800.0,30.0,30.0,Black,240.0,AIO,False,DeepCool
RAIJINTEK Orcus 120,,800.0,1800.0,23.0,23.0,Black,120.0,AIO,False,RAIJINTEK
RAIJINTEK Orcus 240,,800.0,1800.0,23.0,23.0,Black,240.0,AIO,False,RAIJINTEK
Deepcool CASTLE 240EX RGB,,500.0,1800.0,35.0,35.0,Black,240.0,AIO,False,DeepCool
ID-COOLING SE-224-XT ARGB V2,,900.0,2000.0,16.2,31.5,,,Air,False,ID-COOLING
Cougar AQUA,,600.0,1600.0,34.0,34.0,Black,280.0,AIO,False,Cougar
GAMDIAS CHIONE E2,,1200.0,2400.0,,,Black,120.0,AIO,False,GAMDIAS
Akasa Soho H4,,500.0,2000.0,14.2,31.8,Black,,Air,False,Akasa
Thermalright Macho Rev.C Plus,,300.0,1300.0,15.0,21.0,Silver / Black,,Air,False,Thermalright
ID-COOLING DK-15,,2200.0,2200.0,28.5,28.5,,,Air,False,ID-COOLING
ID-COOLING DK-03i PWM BLUE,,500.0,1800.0,16.0,20.2,,,Air,False,ID-COOLING
ID-COOLING SE-223 BASIC,,500.0,1600.0,16.0,20.2,,,Air,False,ID-COOLING
ID-COOLING SE-213V3-R,,500.0,1600.0,16.0,20.2,,,Air,False,ID-COOLING
ID-COOLING SE-224-XT-B,,700.0,1800.0,15.2,32.5,,,Air,False,ID-COOLING
ID-COOLING SE-902-SD V2,,2000.0,2000.0,23.1,23.1,,,Air,False,ID-COOLING
ID-COOLING ZOOMFLOW 360,,900.0,2000.0,16.3,33.5,Black,360.0,AIO,False,ID-COOLING
Cooler Master Vortex 211P,,2200.0,2200.0,,,,,Air,False,Cooler Master
Enermax AQUAFUSION ADV,,500.0,2000.0,17.0,32.6,White,120.0,AIO,False,Enermax
Thermalright Frozen Magic 120,,1500.0,1500.0,25.6,25.6,Black,120.0,AIO,False,Thermalright
Jonsbo HX6240,,700.0,1800.0,28.0,37.6,White,,Air,False,Jonsbo
Jonsbo PISA A4,,800.0,1850.0,36.8,36.8,White,,Air,False,Jonsbo
Jonsbo PISA A5,,800.0,1850.0,36.8,36.8,Gray,,Air,False,Jonsbo
Jonsbo CR-1400,,900.0,2300.0,20.0,30.5,White,,Air,False,Jonsbo
Noua Siberus TR240,,800.0,1800.0,25.0,32.0,Black,240.0,AIO,False,Noua
Noua Polaris LM240,,2200.0,2200.0,38.0,38.0,Black / White,240.0,AIO,False,Noua
Noua Siberus TR241,,800.0,1800.0,25.0,32.0,White,240.0,AIO,False,Noua
Noua Disturbia,,800.0,1600.0,37.8,37.8,Black / Silver,,Air,False,Noua
Cooler Master MasterAir MA824 Stealth 30th Anniversary Edition,,,,0.0,24.6,Black,,Air,False,Cooler Master
Thermalright Frozen Fusion,,2150.0,2150.0,28.1,28.1,Black,360.0,AIO,False,Thermalright
Thermalright Frozen Fusion ARGB,,2150.0,2150.0,28.1,28.1,Black,360.0,AIO,False,Thermalright
ID-COOLING DK-07i RAINBOW,,500.0,1800.0,14.2,25.6,Black,,Air,False,ID-COOLING
Cooler Master MasterLiquid Mirror,,650.0,1800.0,8.0,27.0,,360.0,AIO,False,Cooler Master
ID-COOLING DASHFLOW XT LITE,,500.0,2000.0,29.85,29.85,Black,360.0,AIO,False,ID-COOLING
ID-COOLING DASHFLOW XT LITE,,500.0,2000.0,29.85,29.85,White,360.0,AIO,False,ID-COOLING
ID-COOLING IS-28i BLACK,,800.0,3600.0,35.8,35.8,Black,,Air,False,ID-COOLING
ID-COOLING FX240,,700.0,1800.0,35.2,35.2,White,240.0,AIO,False,ID-COOLING
ID-COOLING FX360,,700.0,1800.0,35.2,35.2,Black,360.0,AIO,False,ID-COOLING
ID-COOLING ZOOMFLOW XT ELITE,,900.0,2000.0,16.2,31.5,Black,240.0,AIO,False,ID-COOLING
ID-COOLING SE-206-XT ARGB,,700.0,1800.0,35.2,35.2,Black,,Air,False,ID-COOLING
ID-COOLING SE-213X-B,,500.0,1800.0,28.0,28.0,Black / Blue,,Air,False,ID-COOLING
ID-COOLING SE-214-XT HAFF,,800.0,1500.0,30.5,30.5,Black,,Air,False,ID-COOLING
ID-COOLING SE-225-XT,,700.0,1800.0,15.2,35.2,Black / Silver,,Air,False,ID-COOLING
ID-COOLING SE-912i-PWM,,500.0,1800.0,22.8,22.8,Black / Silver,,Air,False,ID-COOLING
Thermalright Frozen Guardian,,2150.0,2150.0,27.0,27.0,White,360.0,AIO,False,Thermalright
PC Cooler DE360,,600.0,1850.0,16.0,33.8,White,360.0,AIO,False,PC Cooler
Geometric Future Prawn,1411.8,2000.0,2000.0,29.8,29.8,Black / Silver,,Air,True,Geometric Future
Jonsbo CR-3000E ARGB,,600.0,1600.0,22.0,34.0,White,,Air,False,Jonsbo
Zalman Alpha2 DS A24,,600.0,2000.0,29.7,29.7,Black,240.0,AIO,False,Zalman
Zalman Alpha2 DS A24,,600.0,2000.0,29.7,29.7,White,240.0,AIO,False,Zalman
Thermaltake CL-P0257,,1700.0,1700.0,17.0,17.0,,,Air,False,Thermaltake
Prolimatech PRO-ARMGD,,,,,,,,Air,False,Prolimatech
ARCTIC Freezer A32,,,,,,,,Air,False,ARCTIC
Cooler Master X Dream P115,,900.0,4000.0,19.0,36.0,,,Air,False,Cooler Master
Cooler Master GeminII S,,1000.0,2000.0,17.0,21.0,,,Air,False,Cooler Master
Cooler Master RR-H101-22FK-RA,,2200.0,2200.0,22.0,22.0,,,Air,False,Cooler Master
Cooler Master RR-H101-22FK-RI,,2200.0,2200.0,22.0,22.0,,,Air,False,Cooler Master
Cooler Master S2N-PLMHS-07-GP,,,,0.0,0.0,,,Air,False,Cooler Master
Dynatron T195,,1000.0,5000.0,20.5,49.8,,,Air,False,Dynatron
Dynatron T860,,2000.0,6000.0,20.23,44.88,,,Air,False,Dynatron
Evercool CI01-9525EP,,900.0,2600.0,12.0,31.0,,,Air,False,Evercool
Thermaltake A4012-02,,2500.0,2500.0,21.0,21.0,,,Air,False,Thermaltake
Thermaltake A4021,935.6,2200.0,2200.0,18.0,18.0,,,Air,True,Thermaltake
Thermaltake A4022,,1300.0,1300.0,,,,,Air,False,Thermaltake
Thermaltake CL-P0401,,1300.0,2000.0,16.0,24.0,,,Air,False,Thermaltake
Thermaltake CL-P0466,,1000.0,1600.0,19.0,28.0,,,Air,False,Thermaltake
Thermaltake CL-P0497,,2500.0,2500.0,27.0,27.0,,,Air,False,Thermaltake
Thermaltake CLP0527,,800.0,1700.0,16.0,16.0,,,Air,False,Thermaltake
Thermaltake CLP0554,,1000.0,1600.0,19.0,28.0,,,Air,False,Thermaltake
Thermaltake CLP0579,,800.0,2000.0,15.0,33.2,,,Air,False,Thermaltake
Zalman CNPS 7500 AlCu LED,,1150.0,2300.0,17.0,32.0,,,Air,False,Zalman
Zalman CNPS 7500 Cu LED,,1150.0,2300.0,17.0,32.0,,,Air,False,Zalman
Zalman CNPS 8700 NT,,1150.0,2100.0,17.5,30.0,,,Air,False,Zalman
Zalman CNPS 9700 NT,,1250.0,2800.0,19.5,35.0,,,Air,False,Zalman
Thermaltake CL-P0508,,1300.0,2000.0,16.0,24.0,,,Air,False,Thermaltake
Thermaltake CLP0574,,800.0,1300.0,16.0,16.0,,,Air,False,Thermaltake
Scythe SCBSK-1000,,650.0,2200.0,,,,,Air,False,Scythe
Zalman CNPS7000C-Cu,,1700.0,2400.0,13.5,24.0,,,Air,False,Zalman
Zalman CNPS9900NT,,1000.0,2000.0,19.5,38.0,,,Air,False,Zalman
Evercool HPJ-12025,,1000.0,1000.0,21.0,21.0,,,Air,False,Evercool
Evercool HPK-10025EA,,1800.0,1800.0,23.0,23.0,,,Air,False,Evercool
Silverstone NT01-E,,,,0.0,0.0,,,Air,False,SilverStone
Masscool 5U1082F1M4,,2000.0,3600.0,23.0,45.9,,,Air,False,Masscool
Masscool 8W501B1M3G,,2400.0,2400.0,26.2,26.2,,,Air,False,Masscool
Masscool 8W553B1M3,,2400.0,2400.0,26.2,26.2,,,Air,False,Masscool
Masscool 8WA743,,800.0,2800.0,20.0,34.0,,,Air,False,Masscool
Masscool 8WT15-38,,2400.0,2400.0,30.0,30.0,,,Air,False,Masscool
Rosewill RCX-Z2,,500.0,3400.0,17.0,34.2,,,Air,False,Rosewill
Rosewill RCX-Z80-AL,,2500.0,2500.0,22.41,22.41,,,Air,False,Rosewill
Rosewill RCX-Z90-AL,,600.0,3000.0,15.0,30.0,,,Air,False,Rosewill
Scythe SCNJ-3000,,470.0,1900.0,9.8,27.3,,,Air,False,Scythe
Scythe SCRT-1000,,470.0,1900.0,9.8,27.3,,,Air,False,Scythe
Scythe Shuriken Rev. B 3,,650.0,2200.0,10.5,31.67,,,Air,False,Scythe
Scythe SCSMZ-2000,,300.0,2500.0,7.2,31.07,,,Air,False,Scythe
Scythe SCYS-1000,,470.0,1900.0,7.05,27.3,,,Air,False,Scythe
Zalman CNPS5X SZ,,1400.0,2800.0,20.0,32.0,,,Air,False,Zalman
Xigmatek Balder SD1283,,1000.0,2200.0,28.0,28.0,,,Air,False,Xigmatek
Xigmatek D982,,1500.0,2500.0,22.0,22.0,,,Air,False,Xigmatek
Xigmatek EP-CD901,,1200.0,2500.0,28.0,28.0,,,Air,False,Xigmatek
Xigmatek EP-CD903,,1200.0,2500.0,28.0,28.0,,,Air,False,Xigmatek
Xigmatek HDT-S1283,,800.0,1500.0,20.0,32.0,,,Air,False,Xigmatek
Xigmatek Cobra - D984,,1000.0,2800.0,20.0,28.0,,,Air,False,Xigmatek
ZEROtherm CF800-MK III,,900.0,2600.0,30.0,30.0,,,Air,False,ZEROtherm
ZEROtherm CORE92,,900.0,2500.0,19.5,19.5,,,Air,False,ZEROtherm
ZEROtherm Nirvana NV120 PWM,,900.0,1800.0,30.0,30.0,,,Air,False,ZEROtherm
ZEROtherm ZT-10D,,,,0.0,0.0,,,Air,False,ZEROtherm
ZEROtherm ZT-10D Smart,,,,,,,,Air,False,ZEROtherm
ZEROtherm ZT-560D,,900.0,2300.0,30.0,30.0,,,Air,False,ZEROtherm
Xigmatek HDT-S1284F,,800.0,1500.0,16.0,24.0,,,Air,False,Xigmatek
Antec Performance Max,,,,,,,,Air,False,Antec
Thermaltake CLP0532,,2500.0,2500.0,34.0,34.0,,,Air,False,Thermaltake
Thermaltake CLP0550,,740.0,3700.0,21.0,40.0,,,Air,False,Thermaltake
Thermaltake CL-P0101,,600.0,3700.0,15.0,46.5,,,Air,False,Thermaltake
EVGA M020-00-000234,,750.0,2500.0,13.2,41.5,,,Air,False,EVGA
Enzotech Extreme-X Rev.A,,1000.0,2500.0,15.8,43.3,,,Air,False,Desconocida
Evercool HPI-12025,,1200.0,1800.0,23.0,30.0,,,Air,False,Evercool
Gelid Solutions Slim Silence 775,,1100.0,2300.0,15.0,24.5,,,Air,False,Gelid
Gelid Solutions Slim Silence AM2,,1200.0,2500.0,15.0,27.2,,,Air,False,Gelid
Logisys AC2200BT,,2200.0,2200.0,30.1,30.1,,,Air,False,Logisys
Logisys AC4400BT,,2200.0,2200.0,30.1,30.1,,,Air,False,Logisys
Logisys IC106,,2200.0,2200.0,25.0,25.0,,,Air,False,Logisys
Logisys IC207,,2500.0,2500.0,25.0,25.0,,,Air,False,Logisys
Logisys IC4100AST,,2200.0,2200.0,30.1,30.1,,,Air,False,Logisys
Logisys MC3001IE,,900.0,2200.0,17.8,34.6,,,Air,False,Logisys
TUNIQ T-120-LFB,,1000.0,2000.0,,,,,Air,False,Desconocida
TUNIQ Tower 120,,1000.0,2000.0,,,,,Air,False,Desconocida
Thermalright U120eXtrem1366RT R-C,,1600.0,1600.0,28.0,28.0,,,Air,False,Thermalright
Sunbeam Twister 120,,,,16.0,16.0,,,Air,False,Desconocida
Sunbeam CR-CCTF92-4,,1200.0,2200.0,27.0,27.0,,,Air,False,Desconocida
Thermalright Venomous X - RT,,1300.0,1300.0,24.1,24.1,,,Air,False,Thermalright
Corsair H70 Core,,,,,,,120.0,AIO,False,Corsair
ARCTIC Alpine 11 GT Rev. 2,,500.0,2000.0,,,,,Air,False,ARCTIC
Enermax ETD-T60-TB,,800.0,1800.0,10.0,21.0,,,Air,False,Enermax
Enermax ETD-T60-VD,,800.0,1800.0,16.0,21.0,,,Air,False,Enermax
Evercool HPKC-10025EA,,1800.0,1800.0,23.0,23.0,,,Air,False,Evercool
Gelid Solutions Siberian,,900.0,2200.0,10.0,22.5,,,Air,False,Gelid
Gelid Solutions Slim Silence I-Plus,,1200.0,2600.0,15.0,27.8,,,Air,False,Gelid
Gelid Solutions CC-GX7-01-A,,600.0,1800.0,10.0,26.8,,,Air,False,Gelid
Zalman CNPS7700ALCULED,,1000.0,2000.0,22.7,37.1,,,Air,False,Zalman
ZEROtherm BTF90,,750.0,2500.0,18.0,27.0,,,Air,False,ZEROtherm
ZEROtherm ZT-1000D 775,,2500.0,2500.0,,,,,Air,False,ZEROtherm
ZEROtherm ZT-1000D 1156,,3000.0,3000.0,,,,,Air,False,ZEROtherm
Scythe SCNJ-3100,,470.0,1900.0,7.05,37.0,,,Air,False,Scythe
SilenX EFZ-120HA4,,800.0,2000.0,8.0,28.0,,,Air,False,SilenX
Prolimatech PRO-GNSS,,800.0,1600.0,,,,,Air,False,Prolimatech
Prolimatech PRO-PNTH,,,,,,,,Air,False,Prolimatech
Thermaltake CLP0533,,1000.0,6000.0,21.0,48.0,,,Air,False,Thermaltake
Prolimatech PRO-MGH-C,,,,26.0,26.0,,,Air,False,Prolimatech
Logisys IC231PWM,,900.0,2400.0,17.8,32.5,,,Air,False,Logisys
Nexus LOW-7000 R2,,500.0,2000.0,15.0,24.0,,,Air,False,Desconocida
Logisys IC211HTPC,,2600.0,2600.0,28.0,28.0,,,Air,False,Logisys
Logisys MC4004IEXT,,900.0,2200.0,17.8,28.1,,,Air,False,Logisys
Logisys MC106,,1500.0,1500.0,19.0,19.0,,,Air,False,Logisys
Logisys MC6001IM,,700.0,1200.0,18.2,26.7,,,Air,False,Logisys
Logisys MC4005IB,,900.0,1500.0,21.4,32.1,,,Air,False,Logisys
Logisys MC4001IM,,500.0,1500.0,17.8,27.6,,,Air,False,Logisys
Logisys MC4002IW,,500.0,1500.0,17.8,27.6,,,Air,False,Logisys
Logisys MC6002GS,,500.0,1500.0,17.6,27.6,,,Air,False,Logisys
Logisys MC2001IE,,2200.0,2200.0,23.4,23.4,,,Air,False,Logisys
Logisys IC4300X4,,400.0,2800.0,17.8,40.7,,,Air,False,Logisys
SilenX EFZ-120HA3,,800.0,2000.0,,,,,Air,False,SilenX
Phanteks PH-TC14PE_OR,,700.0,1200.0,13.4,19.0,,,Air,False,Phanteks
Phanteks PH-TC14PE_RD,,700.0,1200.0,13.4,19.0,,,Air,False,Phanteks
Cooler Master Hyper 612,,600.0,2000.0,9.0,36.0,,,Air,False,Cooler Master
Zalman CNPS20LQ,,900.0,2000.0,17.0,36.0,,120.0,AIO,False,Zalman
Cooler Master X6 Elite,,600.0,1800.0,9.0,34.6,,,Air,False,Cooler Master
Cooler Master Gemin II S524,,800.0,1800.0,15.1,31.6,,,Air,False,Cooler Master
Xigmatek Dark Knight II SD1283,,1000.0,2200.0,30.1,30.1,,,Air,False,Xigmatek
Thermaltake Contac 16,,2400.0,2400.0,30.0,30.0,,,Air,False,Thermaltake
Masscool 7WA868,,800.0,2800.0,19.0,27.0,,,Air,False,Masscool
Phanteks PH-TC14CS_RD,,1300.0,1300.0,13.4,19.0,,,Air,False,Phanteks
Masscool 8W2002F1M4,,800.0,2800.0,20.0,34.0,,,Air,False,Masscool
SilenX EFZ-120HA5,,1600.0,1600.0,8.0,24.0,,,Air,False,SilenX
Scythe SCKC-2100,,500.0,1300.0,9.6,24.7,,,Air,False,Scythe
Prolimatech PRO-MGH-B,,,,,,,,Air,False,Prolimatech
Masscool 8W5020F1M,,800.0,2800.0,20.0,34.0,,,Air,False,Masscool
Evercool TTC-NK85TZ/V2(RB),,800.0,2150.0,17.2,39.0,,,Air,False,Evercool
Evercool TTC-NK35TZ/RPW/V3,,900.0,2800.0,12.0,31.0,,,Air,False,Evercool
Scythe SCKC-2000,,500.0,1300.0,9.6,24.7,,,Air,False,Scythe
ARCTIC Freezer A30,,400.0,1350.0,,,,,Air,False,ARCTIC
Scythe SCKTN-4000,,300.0,2500.0,7.2,31.07,,,Air,False,Scythe
Scythe SCMG-3100,,300.0,1600.0,9.6,32.15,,,Air,False,Scythe
Titan EC-TTC-NC05TZ,,800.0,1500.0,15.3,29.0,,,Air,False,Titan
Vantec VAF-1225,,1000.0,2200.0,20.0,32.0,,,Air,False,Desconocida
Dynatron R22,,,,,,,,Air,False,Dynatron
Dynatron R19,,,,,,,,Air,False,Dynatron
Phanteks PH-TC14CS_BL,,700.0,700.0,13.4,19.0,,,Air,False,Phanteks
Phanteks PH-TC14CS_BK,,700.0,700.0,13.4,19.0,,,Air,False,Phanteks
Xigmatek Dark Knight SD1283,,1000.0,2200.0,30.1,30.1,,,Air,False,Xigmatek
Enermax ELC120-TB,,800.0,2200.0,17.3,31.2,,120.0,AIO,False,Enermax
Enermax ELC120-TA,,800.0,2200.0,18.5,32.8,,120.0,AIO,False,Enermax
Phanteks PH-TC12DX,,600.0,1800.0,21.9,27.6,,,Air,False,Phanteks
Phanteks PH-TC12DX_RD,,600.0,1800.0,21.9,27.6,,,Air,False,Phanteks
ARCTIC Alpine 7 Pro,,500.0,2000.0,,,,,Air,False,ARCTIC
Zalman LQ-315,,900.0,2000.0,,,,120.0,AIO,False,Zalman
Zalman CNPS7000V(AL)-1-PWM,,800.0,2600.0,20.0,32.0,,,Air,False,Zalman
Titan TTC-NA43TZ/CU35,,900.0,2600.0,14.0,33.0,,,Air,False,Titan
Gelid Solutions Silent Spirit,,900.0,2400.0,10.0,25.8,,,Air,False,Gelid
ARCTIC Freezer i30 CO,,400.0,1350.0,,,,,Air,False,ARCTIC
Cooler Master Seidon 120XL,,600.0,2400.0,19.0,40.0,,120.0,AIO,False,Cooler Master
Evercool HPO-12025,,1400.0,2200.0,16.0,38.0,,,Air,False,Evercool
Swiftech H220,,1200.0,3000.0,16.0,33.0,,240.0,AIO,False,Desconocida
Gelid Solutions Black Edition,,750.0,1600.0,25.4,25.5,,,Air,False,Gelid
Silverstone AR02,,1200.0,2800.0,16.0,24.0,,,Air,False,SilverStone
Silverstone AR03,,1000.0,2200.0,16.39,33.5,,,Air,False,SilverStone
Zalman FX100,,,,0.0,0.0,,,Air,False,Zalman
Prolimatech PRO-GNSS-BK,,,,0.0,0.0,,,Air,False,Prolimatech
Silverstone TD02,,1500.0,2500.0,16.0,33.5,,240.0,AIO,False,SilverStone
Silverstone TD03,,1500.0,2500.0,16.0,33.5,,120.0,AIO,False,SilverStone
Thermaltake CLP0607,,1000.0,2000.0,20.0,39.9,,,Air,False,Thermaltake
be quiet! Shadow Rock Pro SR1,,1500.0,1500.0,7.8,21.4,,,Air,False,be quiet!
Thermaltake CLP0606,,800.0,1600.0,18.0,30.2,,,Air,False,Thermaltake
ARCTIC Alpine 7 GT,,2000.0,2000.0,25.0,25.0,,,Air,False,ARCTIC
Enermax ETS-T40-BK,,800.0,1800.0,16.0,26.0,,,Air,False,Enermax
Titan TTC-NK85TZ/CS2,,800.0,2200.0,15.0,35.0,,,Air,False,Titan
Swiftech H320,,800.0,1800.0,16.0,33.0,,360.0,AIO,False,Desconocida
Thermalright TS-120M,,700.0,1500.0,17.0,28.5,,,Air,False,Thermalright
Zalman Reserator 3 MAX,,1000.0,2200.0,18.89,36.7,,120.0,AIO,False,Zalman
Cooler Master Glacer 240L,,2400.0,2400.0,19.0,40.33,,240.0,AIO,False,Cooler Master
Masscool 8W2002B1M4,,800.0,2800.0,20.0,34.0,,,Air,False,Masscool
ARCTIC Freezer A11,1360.0,500.0,2000.0,22.5,22.5,,,Air,True,ARCTIC
Enermax ELC-LM120S-TAA,,2500.0,2500.0,30.0,30.0,,120.0,AIO,False,Enermax
Enermax ETS-N30-HE,,800.0,2800.0,16.0,28.0,,,Air,False,Enermax
Enermax ETS-N30-TAA,,800.0,2800.0,16.0,27.0,,,Air,False,Enermax
Thermaltake NiC L31,,500.0,1800.0,18.0,34.79,,,Air,False,Thermaltake
RAIJINTEK EreBoss,,600.0,1400.0,28.0,28.0,,,Air,False,RAIJINTEK
RAIJINTEK EREBOSS BLACK,,650.0,1400.0,28.0,28.0,,,Air,False,RAIJINTEK
Zalman Reserator 3 MAX Dual,,1000.0,2300.0,23.2,46.6,,240.0,AIO,False,Zalman
Swiftech H220-X,,800.0,1800.0,16.0,33.0,,240.0,AIO,False,Desconocida
Deepcool LUCIFER,,700.0,1400.0,17.8,31.1,,,Air,False,DeepCool
Deepcool CAPTAIN 120,,600.0,2200.0,17.6,39.29,,120.0,AIO,False,DeepCool
RAIJINTEK TRITON GREEN,,1000.0,2600.0,21.6,36.6,,240.0,AIO,False,RAIJINTEK
RAIJINTEK TRITON RED,,1000.0,2600.0,21.6,36.6,,240.0,AIO,False,RAIJINTEK
RAIJINTEK TRITON BLUE,,1000.0,2600.0,21.6,36.6,,240.0,AIO,False,RAIJINTEK
Thermaltake Gravity A1,,1800.0,1800.0,22.3,22.3,,,Air,False,Thermaltake
Akasa Venom Medusa,,500.0,1600.0,6.9,28.9,,,Air,False,Akasa
Gelid Solutions GX7,,750.0,1800.0,12.0,28.0,,,Air,False,Gelid
Gelid Solutions SnowStorm,,900.0,2200.0,10.0,24.1,,,Air,False,Gelid
Prolimatech Basic 65,,600.0,1600.0,,,,,Air,False,Prolimatech
Prolimatech Basic 68,,600.0,1600.0,,,,,Air,False,Prolimatech
Prolimatech Basic 81,,600.0,1600.0,,,,,Air,False,Prolimatech
Zalman CNPS9300 AT,,1500.0,2400.0,20.0,30.0,,,Air,False,Zalman
Xigmatek Loki II,,1200.0,2800.0,20.0,28.0,,,Air,False,Xigmatek
Xigmatek Gaia II,,800.0,1500.0,16.0,24.0,,,Air,False,Xigmatek
Cooler Master Blizzard T2 mini,,2200.0,2200.0,22.0,22.0,,,Air,False,Cooler Master
Silverstone TD02-E,,1500.0,2500.0,18.0,35.0,,240.0,AIO,False,SilverStone
Silverstone TD03-E,,1500.0,2500.0,18.0,35.0,,120.0,AIO,False,SilverStone
Thermaltake Frio Silent 12,,1400.0,1400.0,12.0,19.2,,,Air,False,Thermaltake
Scythe Mugen MAX,,500.0,1300.0,13.0,30.7,,,Air,False,Scythe
Cooler Master TPC 812XS,,500.0,1600.0,8.0,30.0,,,Air,False,Cooler Master
Thermalright Macho Zero,,,,0.0,0.0,,,Air,False,Thermalright
Silverstone AR04,,1500.0,3400.0,18.0,26.0,,,Air,False,SilverStone
Thermalright Macho Rev.A(BW),,300.0,1300.0,15.0,21.0,,,Air,False,Thermalright
Swiftech H140-X,,700.0,1800.0,8.3,28.8,,140.0,AIO,False,Desconocida
Silverstone TD02-LITE,,1500.0,2500.0,18.0,35.0,,240.0,AIO,False,SilverStone
Silverstone TD03-LITE,,1500.0,2500.0,18.0,35.0,,120.0,AIO,False,SilverStone
RAIJINTEK PALLAS Black,,650.0,1400.0,28.0,28.0,,,Air,False,RAIJINTEK
Deepcool Maelstrom 120K,,600.0,1800.0,18.2,32.4,,120.0,AIO,False,DeepCool
CRYORIG A80,,600.0,1850.0,13.0,38.0,,280.0,AIO,False,CRYORIG
Enermax ETS-T40F-BK,,800.0,1800.0,16.0,26.0,,,Air,False,Enermax
Gelid Solutions Polar,,1400.0,2000.0,16.0,28.9,,,Air,False,Gelid
Cooler Master X6,,600.0,1900.0,8.0,27.0,,,Air,False,Cooler Master
Silverstone TD03-SLIM,,800.0,2200.0,16.5,27.4,,120.0,AIO,False,SilverStone
ARCTIC Freezer i32 CO,,,,,,,,Air,False,ARCTIC
ID-COOLING IS-40,,300.0,2500.0,14.0,33.0,,,Air,False,ID-COOLING
ID-COOLING IS-40PRO,,300.0,2500.0,14.0,33.0,,,Air,False,ID-COOLING
ID-COOLING IS-50,,600.0,1600.0,13.8,30.2,,,Air,False,ID-COOLING
Deepcool CAPTAIN 240 WHITE,,600.0,2200.0,17.6,39.29,,240.0,AIO,False,DeepCool
ARCTIC Freezer i11 CO,,500.0,2000.0,,,,,Air,False,ARCTIC
ID-COOLING DK-01,,800.0,2500.0,12.0,28.8,,,Air,False,ID-COOLING
ID-COOLING FI-REEX,,800.0,1800.0,16.2,29.2,,,Air,False,ID-COOLING
ID-COOLING FI-VC,,1600.0,1600.0,21.0,21.0,,,Air,False,ID-COOLING
ID-COOLING FI-VC Twin,,800.0,1800.0,16.2,32.6,,,Air,False,ID-COOLING
ID-COOLING IS-25i,,800.0,2700.0,14.0,23.0,,,Air,False,ID-COOLING
ID-COOLING SE-203,,800.0,1800.0,16.2,29.2,,,Air,False,ID-COOLING
ID-COOLING SE-203K,,1800.0,1800.0,16.2,29.2,,,Air,False,ID-COOLING
ID-COOLING SE-204,,800.0,1800.0,16.2,29.2,,,Air,False,ID-COOLING
ID-COOLING SE-205,,1600.0,1800.0,16.2,29.2,,,Air,False,ID-COOLING
ID-COOLING SE-213,,800.0,1600.0,16.0,20.2,,,Air,False,ID-COOLING
ID-COOLING SE-213i,,800.0,1600.0,16.0,20.2,,,Air,False,ID-COOLING
ID-COOLING SE-214i,,800.0,1800.0,16.2,29.2,,,Air,False,ID-COOLING
ID-COOLING SE-802,,2200.0,2200.0,23.3,23.3,,,Air,False,ID-COOLING
Cooler Master V8 Ver.2,,1600.0,1600.0,36.0,36.0,,,Air,False,Cooler Master
Silverstone SST-AR07,,800.0,1500.0,16.5,30.8,,,Air,False,SilverStone
Deepcool CAPTAIN 120 WHITE,,600.0,2200.0,17.6,39.29,,120.0,AIO,False,DeepCool
Reeven Okeanos,,300.0,1800.0,4.0,23.6,,,Air,False,Reeven
Reeven Justice,,300.0,1500.0,4.0,29.8,,,Air,False,Reeven
Reeven Ouranos,,300.0,1700.0,5.8,36.4,,,Air,False,Reeven
Reeven Chrono Guard,,300.0,2500.0,7.2,31.1,,,Air,False,Reeven
Reeven Arcziel,,300.0,2500.0,7.2,31.1,,,Air,False,Reeven
Reeven Brontes,,650.0,2200.0,10.5,31.67,,,Air,False,Reeven
Reeven Hans RC-1205n,,300.0,1500.0,4.0,29.8,,,Air,False,Reeven
Reeven Hans,,300.0,1500.0,4.0,29.8,,,Air,False,Reeven
Reeven Steropes,,500.0,2000.0,9.32,33.67,,,Air,False,Reeven
Thermaltake Riing Silent 12 Pro Blue,,300.0,1400.0,12.0,19.0,,,Air,False,Thermaltake
Thermaltake Riing Silent 12 Pro Red,,300.0,1400.0,12.0,19.0,,,Air,False,Thermaltake
Scythe SCKDT-1000,,800.0,3300.0,8.2,32.5,,,Air,False,Scythe
Phononic HEX 2.0,,1000.0,2650.0,17.0,33.0,,,Air,False,Desconocida
Deepcool Maelstrom 240,,600.0,2200.0,17.6,39.3,,240.0,AIO,False,DeepCool
Deepcool Maelstrom 240T RF,,600.0,1800.0,17.8,34.1,,240.0,AIO,False,DeepCool
Deepcool NEPTWIN,,900.0,1500.0,17.8,30.0,,,Air,False,DeepCool
Alpenföhn ATLAS,,400.0,1800.0,8.0,24.3,,,Air,False,Alpenföhn
ID-COOLING ICEKIMO 120W,,2500.0,2500.0,18.0,26.4,,120.0,AIO,False,ID-COOLING
Alpenföhn Panorama rev.B,,900.0,2000.0,14.0,22.1,,,Air,False,Alpenföhn
Silverstone Tundra TD02-SLIM,,800.0,2200.0,16.5,27.4,,240.0,AIO,False,SilverStone
Silverstone Argon AR10-115XS,,500.0,4000.0,18.07,39.03,,,Air,False,SilverStone
RIOTORO BIFROST 120TI,,,,,,,120.0,AIO,False,Desconocida
ARCTIC Freezer 33 eSports Edition (Black/Green),,200.0,1800.0,24.4,24.4,,,Air,False,ARCTIC
Thermalright AXP-100H MUSCLE,,900.0,2500.0,22.0,30.0,,,Air,False,Thermalright
Zalman CNPS8X Optima,,1200.0,2100.0,18.2,30.0,,,Air,False,Zalman
ID-COOLING FROSTFLOW+ 120 SNOW,,700.0,1500.0,18.0,26.4,White,120.0,AIO,False,ID-COOLING
Enermax LIQTECH TR4 280,,500.0,1500.0,14.0,25.0,Black,280.0,AIO,False,Enermax
RAIJINTEK LETO W,,800.0,1800.0,29.0,29.0,Black / Blue,,Air,False,RAIJINTEK
RAIJINTEK LETO R,,800.0,1800.0,29.0,29.0,Black / Red,,Air,False,RAIJINTEK
Antec Mercury 240,,900.0,1800.0,30.0,30.0,Black / White,240.0,AIO,False,Antec
Antec Mercury 360,,900.0,1800.0,30.0,30.0,Black / White,360.0,AIO,False,Antec
GAMDIAS CHIONE E1A-120R,,1200.0,1500.0,,,Black,120.0,AIO,False,GAMDIAS
SilentiumPC Navis RGB 120,,800.0,2300.0,,,Black,120.0,AIO,False,SilentiumPC
Jonsbo CR-201 HIVES (White),,800.0,1600.0,18.0,26.1,White,,Air,False,Jonsbo
Cooler Master ML120L TUF Gaming Alliance Edition RGB,,650.0,2000.0,15.0,15.0,,120.0,AIO,False,Cooler Master
GAMDIAS CHIONE P1A-360R,,800.0,1500.0,16.0,22.0,Black,360.0,AIO,False,GAMDIAS
Enermax Liqtech II 280,,500.0,1500.0,14.0,25.0,Black,280.0,AIO,False,Enermax
Enermax Liqfusion 360,,500.0,2000.0,14.0,28.0,Black,360.0,AIO,False,Enermax
Silverstone Tundra TD02-SLIM-V2,,800.0,2200.0,16.5,27.4,Black / White,240.0,AIO,False,SilverStone
Silverstone Tundra SST-TD02-LITE-V2,,1500.0,2500.0,18.0,35.0,Black / White,240.0,AIO,False,SilverStone
Silverstone AR01-V2.1,,600.0,2200.0,15.0,38.0,Black / White,,Air,False,SilverStone
Cooler Master MA410P TUF Gaming Edition,,650.0,2000.0,,,Yellow / Black,,Air,False,Cooler Master
Cooler Master GeminII M5 LED,,500.0,1600.0,31.0,31.0,Black / Silver,,Air,False,Cooler Master
ID-COOLING IS-50X,,600.0,1600.0,13.8,30.2,Black,,Air,False,ID-COOLING
upHere CCF150BE,,600.0,1800.0,16.1,27.7,Black,,Air,False,upHere
upHere AC12,,600.0,1750.0,16.1,27.7,Black,,Air,False,upHere
upHere CC1201 Red,,600.0,1700.0,16.1,27.7,Black / White,120.0,AIO,False,upHere
RAIJINTEK THEMIS BLACK,,1000.0,1500.0,24.53,24.53,Black / Silver,,Air,False,RAIJINTEK
Alpenföhn Brocken 3,,400.0,1050.0,22.0,22.0,White,,Air,False,Alpenföhn
ID-COOLING SE-207,,700.0,1800.0,18.0,35.2,Black / White,,Air,False,ID-COOLING
Reeven Justice II,,300.0,1200.0,5.83,25.1,Black / Silver,,Air,False,Reeven
RAIJINTEK Orcus 360,,800.0,1800.0,23.0,23.0,Black,360.0,AIO,False,RAIJINTEK
RAIJINTEK Orcus 120 RGW,,400.0,1800.0,28.0,28.0,Black,120.0,AIO,False,RAIJINTEK
RAIJINTEK Orcus 240 RGW,,400.0,1800.0,28.0,28.0,Black,240.0,AIO,False,RAIJINTEK
RAIJINTEK EOS 240 RBW,,800.0,1800.0,28.0,28.0,Black,240.0,AIO,False,RAIJINTEK
Apacer ZADAK Spark 240,,500.0,1800.0,18.0,25.0,Black,240.0,AIO,False,Desconocida
Apacer ZADAK Spark Lite 240,,800.0,2200.0,,,Black,240.0,AIO,False,Desconocida
ID-COOLING DK,,500.0,1800.0,14.2,25.6,Black / Silver,,Air,False,ID-COOLING
Enermax AQUAFUSION,,500.0,2000.0,17.0,32.6,White,240.0,AIO,False,Enermax
Thermalright Frost Spirit 140 RGB,,1500.0,1500.0,25.6,25.6,Gray,,Air,False,Thermalright
GAMDIAS CHIONE M2,,1200.0,2400.0,,,Black,240.0,AIO,False,GAMDIAS
Thermalright TA140 EX,,1800.0,1800.0,30.2,30.2,Gray,,Air,False,Thermalright
Thermalright Assassin X Plus,,1500.0,1500.0,25.6,25.6,Black / Silver,,Air,False,Thermalright
ID-COOLING DK-19 PWM,,600.0,2200.0,14.2,25.8,,,Air,False,ID-COOLING
ID-COOLING DK-17 PWM,,600.0,2200.0,14.2,25.8,,,Air,False,ID-COOLING
ID-COOLING DK-15 PWM,,600.0,2000.0,14.2,26.5,,,Air,False,ID-COOLING
ID-COOLING DK-03i PWM RED,,500.0,1800.0,16.0,20.2,,,Air,False,ID-COOLING
ID-COOLING DK-03 RGB PWM,,800.0,1600.0,16.0,20.2,,,Air,False,ID-COOLING
ID-COOLING IS-50 MAX RGB,,900.0,2000.0,16.0,31.5,,,Air,False,ID-COOLING
ID-COOLING SE-914-XT ARGB V2,,600.0,2200.0,14.0,25.8,,,Air,False,ID-COOLING
ID-COOLING SE-913-R,,600.0,2200.0,23.8,23.8,,,Air,False,ID-COOLING
ID-COOLING SE-913-B,,600.0,2200.0,23.8,23.8,,,Air,False,ID-COOLING
ID-COOLING SE-904TWIN,,600.0,2200.0,14.0,23.8,,,Air,False,ID-COOLING
ID-COOLING SE-904-XT SLIM,,600.0,2200.0,14.0,25.8,,,Air,False,ID-COOLING
ID-COOLING SE-903-R V2,,2200.0,2200.0,23.1,23.1,,,Air,False,ID-COOLING
ID-COOLING SE-207-TRX BLACK,,700.0,1800.0,15.2,35.2,,,Air,False,ID-COOLING
ID-COOLING SE-214V3,,600.0,2200.0,14.0,35.0,,,Air,False,ID-COOLING
ID-COOLING SE-213V3-B,,500.0,1600.0,16.0,20.2,,,Air,False,ID-COOLING
ID-COOLING SE-213V2-B Lite,,1600.0,1600.0,26.4,26.4,,,Air,False,ID-COOLING
ID-COOLING SE-224-XT-R,,700.0,1800.0,15.2,32.5,,,Air,False,ID-COOLING
ID-COOLING SE-802-SD,,2200.0,2200.0,23.3,23.3,,,Air,False,ID-COOLING
ID-COOLING SE-903-B V2,,2000.0,2000.0,23.1,23.1,,,Air,False,ID-COOLING
ID-COOLING HUNTER VC-3D,,800.0,1600.0,16.8,32.6,,,Air,False,ID-COOLING
ID-COOLING HUNTER VC-TWIN,,800.0,1800.0,16.2,29.2,,,Air,False,ID-COOLING
ID-COOLING DASHFLOW 360,,900.0,2000.0,16.0,31.5,Black,360.0,AIO,False,ID-COOLING
ID-COOLING DASHFLOW 240,,900.0,2000.0,16.0,31.5,Black,240.0,AIO,False,ID-COOLING
In Win BR24,2124.6,400.0,1800.0,35.5,35.5,Black / White,240.0,AIO,True,In Win
Jonsbo HX6210,,800.0,2300.0,20.0,31.6,Black,,Air,False,Jonsbo
Jonsbo HX6210,,800.0,2300.0,20.0,31.6,White,,Air,False,Jonsbo
Noua Jotun,,1800.0,1800.0,23.0,23.0,Black / Silver,,Air,False,Noua
Noua Numb Pro,,800.0,1600.0,29.0,29.0,Black,,Air,False,Noua
Noua Numb,,800.0,1600.0,29.0,29.0,White,,Air,False,Noua
Geometric Future Eskimo Junior 24,,2000.0,2000.0,29.0,29.0,White,240.0,AIO,False,Geometric Future
Deepcool CASTLE R,,500.0,1800.0,32.0,32.0,Black,240.0,AIO,False,DeepCool
SilentiumPC Navis Pro 120,,800.0,2300.0,,,Black,120.0,AIO,False,SilentiumPC
ID-COOLING IS-30i,,800.0,3600.0,17.0,35.8,Black / Silver,,Air,False,ID-COOLING
ID-COOLING FX120,,500.0,1800.0,35.2,35.2,Black,120.0,AIO,False,ID-COOLING
ID-COOLING FX240 ARGB,,500.0,1800.0,35.2,35.2,White,240.0,AIO,False,ID-COOLING
ID-COOLING FX360 ARGB,,500.0,1800.0,35.2,35.2,White,360.0,AIO,False,ID-COOLING
ID-COOLING SE-206-XT,,700.0,1800.0,35.2,35.2,Black,,Air,False,ID-COOLING
ID-COOLING SE-207-TR-AM,,700.0,1800.0,15.2,35.2,Black,,Air,False,ID-COOLING
ID-COOLING SE-213X-R,,500.0,1800.0,28.0,28.0,Black / Red,,Air,False,ID-COOLING
ID-COOLING SE-223i,,500.0,1800.0,28.0,28.0,Black,,Air,False,ID-COOLING
SilentiumPC Spartan 4 EVO ARGB,,800.0,2000.0,,,White / Silver,,Air,False,SilentiumPC
SilentiumPC Spartan 4 MAX EVO ARGB,,300.0,1600.0,,,,,Air,False,SilentiumPC
